relative_path,bytes,sha256
COMPLETENESS_REPORT.json,1485,d00215f1076691378703e20f74e26dfebcc2959f5b6fbcc71ce7a522eb71dc98
DEPOSITION_INSTRUCTIONS.md,1294,d4b6e00163bf41c550041b24156ff73e92977416d3e9bc335eea569ce5db2a59
README_ARCHIVE.md,3283,0bb7e899d79bca54362c8b24a2be7798e55f2d7ebfaf8b7c578c1151ee20dbd6
audits/ground_truth_audit.json,3652,62834a7c5ca9249bdaa526aa61e9ea8ac53f19648276089abd6ca6f73dce83d7
baselines/all_baseline_seed_metrics.csv,8250,6ecfbc6a70b1138d8ea130ff3678cb84a290613e95349cab01d6c17d4acb19ab
baselines/all_baseline_summary.csv,6017,ce9b5042fe8856517768487f3adfec67ac21bb6d04d9a217ac5c1c71f8b3fb76
baselines/cadets/baseline_metadata.json,750,74dc1494d3a8e456ae4b09e33a85e4e211cb9d82455860d11126c1353410f30e
baselines/cadets/baseline_seed_metrics.csv,2135,77b44ecd65cd3eb1093dee9d401624e21df74dd3c4b43c90a174c5dd33d09188
baselines/cadets/baseline_summary.csv,1320,91ffb34840991310929f101691af08622bfb0f98c57ff74947f2f757c2ab55b2
baselines/cadets/comparisons/HistGradientBoosting/matched_seed_values.csv,915,df4f42c5e34029c50a119aad172ed16d4d43230b01c3947afdede1f69933f442
baselines/cadets/comparisons/HistGradientBoosting/paired_seed_comparisons.csv,923,88555f6de174c59b75585ac8f747a9589d101a4d1fba0db89d6774bac0341223
baselines/cadets/comparisons/LogisticRegression/matched_seed_values.csv,920,63980b4ff5cd41b196a88d257027db530d5ceeb7b1c60b846ddd9d446a5c9124
baselines/cadets/comparisons/LogisticRegression/paired_seed_comparisons.csv,918,44cd524e2fb18995bc751822539c9b6eefd90e8ce5ca28b77c1c3b427d059aed
baselines/cadets/comparisons/RandomForest/matched_seed_values.csv,912,310dfcb2bf02fc21676e62b517558686e7f096daebe9a2d36ddde7cfbb9b2940
baselines/cadets/comparisons/RandomForest/paired_seed_comparisons.csv,889,d1472edabf8628a801097278031e03523232ca5c75c957e8f3a6fbbfef37e451
baselines/cadets/dataset_manifest.json,485,56ff36a366e2873d81ff28baf26e8fb22528926e2bbb9900ed9b3a6770d31b7a
baselines/cadets/xthgnn_seed_metrics.csv,2067,8a6663153cc1163580b99c6c9e611faade103de3e8d3894be58df1c70fdccdf2
baselines/streamspot/baseline_metadata.json,750,74dc1494d3a8e456ae4b09e33a85e4e211cb9d82455860d11126c1353410f30e
baselines/streamspot/baseline_seed_metrics.csv,2297,72b149aea544a477a5a112b687089a9e96baa932df1aacafc3dc058e875b0f94
baselines/streamspot/baseline_summary.csv,1632,f8321a9be956be55e3d5a4359af89731c469fcbd723edef93f9264fd6ef1994f
baselines/streamspot/comparisons/HistGradientBoosting/matched_seed_values.csv,1051,fd7cf8f6ec5bccc9e3ecb6379f90f5f1472ec98940bcd465411b1146703af219
baselines/streamspot/comparisons/HistGradientBoosting/paired_seed_comparisons.csv,1020,d5d8ea0f9199de595f590878f55efaeb3151923af54efd261ed15a5254415922
baselines/streamspot/comparisons/LogisticRegression/matched_seed_values.csv,1056,a81ecfb725c486693d4fe8d4d0aeb8f621e279efb95ae0d83e0eaaca6f5fcf1f
baselines/streamspot/comparisons/LogisticRegression/paired_seed_comparisons.csv,1021,b7093d0b48b8d64696a24a6c78318190044b05b36422e6be09779baed9224f07
baselines/streamspot/comparisons/RandomForest/matched_seed_values.csv,1083,6b3dc0faa3cda71c0e66489d3087428430436fc3a25da17d1ca43500b1539b27
baselines/streamspot/comparisons/RandomForest/paired_seed_comparisons.csv,984,df31dc4346619d92e3f9dbe265c38208dad3ffb22249c41aa4ac1f6051f4a1a9
baselines/streamspot/dataset_manifest.json,490,c46d188dc257845bd4a25798442e0e70c01277de2feeedbc58ff9644a1587a93
baselines/streamspot/xthgnn_seed_metrics.csv,2199,99bb101531f02437733a8c760bb87c61223a7a67df88117f8e7013e7a96d7687
baselines/theia/baseline_metadata.json,750,74dc1494d3a8e456ae4b09e33a85e4e211cb9d82455860d11126c1353410f30e
baselines/theia/baseline_seed_metrics.csv,2170,6d9ddaf5eb14d4d745fd5ea8623f828df787ca29de3b106c179afbbe4c88338e
baselines/theia/baseline_summary.csv,1598,b592c6f267e421e40717e969c9df6050e222a5c0389e99c4e7f742259e43e4f9
baselines/theia/comparisons/HistGradientBoosting/matched_seed_values.csv,939,8c8a9551ca2b5e6de65d83eb0a5ed1e7fbaa8f6bd2b7fee64387481ec9e28c19
baselines/theia/comparisons/HistGradientBoosting/paired_seed_comparisons.csv,1018,25dd8fdbd95e34dd1afd61f3271219530d9945dc7e5d93afbad20877fd5bcbfa
baselines/theia/comparisons/LogisticRegression/matched_seed_values.csv,934,61cc79efb8d95ed6b8ee59b2bb4274e79ef20e8b4ac8ef109962dab1fd9bf544
baselines/theia/comparisons/LogisticRegression/paired_seed_comparisons.csv,1003,83fdb4afa49a3e6a33588e55bb0cf0f9255fc9165939ebbb33c0077468dd6c8c
baselines/theia/comparisons/RandomForest/matched_seed_values.csv,967,20a420983581d53e6a9f023dce3ee567e2ef84c20b9b1986d7e4a68db906bc80
baselines/theia/comparisons/RandomForest/paired_seed_comparisons.csv,974,13ea6c5c1b83f054faa9b496fbd5a004548cc7f0847a2e8a3d0561965523e185
baselines/theia/dataset_manifest.json,484,ea7e8cdfda53ce0a0f48b4aaf7bede18b54617c54a9a413bbb1024bc298f76a3
baselines/theia/xthgnn_seed_metrics.csv,2106,dd3a5521dbeffb7c9fa1e05c0f0be30a590804edbf52ab839abeec1b2e5fb793
baselines/trace/baseline_metadata.json,750,74dc1494d3a8e456ae4b09e33a85e4e211cb9d82455860d11126c1353410f30e
baselines/trace/baseline_seed_metrics.csv,1504,23a318fbc18ed99c239cd7db471c3f1de5ffbafaf8913fb71e37e41c9c96ed49
baselines/trace/baseline_summary.csv,1035,37894b4cbd7989581873bbaba35f78ac4356a0b2788ac62599a8a15ec0f8def8
baselines/trace/comparisons/HistGradientBoosting/matched_seed_values.csv,773,2320f91099a6d8366d85291bd11bc7ddc9cde4354eac5256ac62e8ee4e535b3c
baselines/trace/comparisons/HistGradientBoosting/paired_seed_comparisons.csv,902,e4b4c7eaf3e231f2a78b8bc0544c646a85468c593b9ca5ed783ca435d84b8104
baselines/trace/comparisons/LogisticRegression/matched_seed_values.csv,773,2c48c4edc5ec311593f2dc03e84517ae985a9dfde51d31b38ee53c2845455f1f
baselines/trace/comparisons/LogisticRegression/paired_seed_comparisons.csv,960,bd62cd546a49b3a12785632bd3eea30b90e8ae301d6d7b8093e64efdcd040f9c
baselines/trace/comparisons/RandomForest/matched_seed_values.csv,688,6fb9a4c3d413a0b33b373bb3dd60115a2c4c0a5fb2c191992bf2a93d992a938f
baselines/trace/comparisons/RandomForest/paired_seed_comparisons.csv,871,6fbf2f2de4473129cc601141f41799f11ae1a8bc2119d41d1fb5db1c6010992d
baselines/trace/dataset_manifest.json,482,1156647d824fcae044ce0a6d0ccb4dc6cee51759175e922bd471c88dfc198ef4
baselines/trace/xthgnn_seed_metrics.csv,2040,e77451676a3a85b0ac8ef587363f1001d710bb2558e7cd528c0c55d421ebed03
code/X_THGNN_Reproduction_v3.py,176653,69115b2d4224f438885736d3772a7bd3928e6c6ea8c8e0b26c937737921122ca
code/build_v2_package.py,3638,11a114cd42868f481c44370ecef30ebfbd85e8f511d120133a7e2de5154ac930
code/generate_paired_comparisons.py,1275,f89d595068504dffa57746128c6c8606906a09014adabd85794c080aefd2fe04
code/requirements-v2.txt,141,4dec9c91215f973945323e8b9f439189fbf7b58cb976904f061bc95950f31bfd
code/requirements-xthgnn.txt,178,492217724183d7b399d770f9cebf670ffca3e3f1e85ca077b72354d927207d97
code/run_graph_baselines_v2.py,10350,2f386416856503f0882209741ae362f6ceced4b8a41d019122aeb0c370d97c66
code/run_resource_bounded_baselines.py,2464,ddf66d0095bb3dd121750c10e524450db38e2955de26ca325eafb27e2a0ba0b3
code/run_v2_graph_baseline_matrix.py,2361,0b822fbcc66b7e892fd02f5e05d175aec27b4d11e383634080778530cde3998b
code/summarize_v2.py,9689,5d8f645fd893ba08da8393c79f790bbcf756f581e38dc0df17b514dc61c6ed2a
configuration/manuscript_config_v3.yaml,3036,d1d0b72e8e831c389f513089082d3c058effef24a1ae563c9c63ab258ec60d5b
configuration/manuscript_config_v4.yaml,3624,2767eee807b08b66e00b4fc1158692e74a865582f3c7d903b1c56bad26d2bc4d
documentation/README_REPRODUCTION.md,4302,599bbadd310e376983a9e1d839fd1cc9004376b782cb102e69a7d1919bf6891b
documentation/SUBMISSION_ARTIFACT_CHECKLIST.md,2643,6280860607aade9f51f8fd20e634c0a489d8f286b64477b4307c3f302576a70b
documentation/VERSION_2_PROTOCOL.md,1565,889bef2ddfaf87389d2d680107ea0164ba43feafacc13f9d2c9612458b1d132f
environment/pip_freeze.txt,492,a7b34b317d9704ff5e03f0c6c5e4876130c50f89637857a1aefdd5f839ae40f1
environment/runtime.json,208,13ed25c68e21b88b67dc1fc5f2f3b762efeda7e978d7d96d927a5e2c75348f59
figures/figure2_detection_variability.png,169659,a52b1cc544e38592586555521a1cc01827aa71a4a73ec952f0c679fa403ab64f
figures/figure3_latency_fidelity.png,197393,738c082b20041b69b223f91995691d1aea1b61008bc7e8c55ea95f9d607cdfe5
figures/figure_generation_metadata.json,374,c4df4efc6d60ea87fbc139e867c8b1e415d5f4907149169892553700d6ca22cb
licenses/MAGIC_LICENSE.txt,1066,d850317c0e61fb2901138098acaf5795d6f78451e1773ce840b95371ebbbe35d
licenses/STREAMSPOT_LICENSE.txt,11357,b40930bbcf80744c86c46a12bc9da056641d722716c378f5659b9e555ef833e1
licenses/THREATRACE_LICENSE.txt,1073,c9b1d1b954a6b171c44e75e424b91e801b5fa3e16da5fb9748284e6d63d85dbb
normalized/cadets_5000.csv,502226,b03cd41157fd4dcc550da4fce692ef6096d90744a8ee72d8ed389be389da71c5
normalized/cadets_5000.csv.extract.json,2861,2c8831590f43337fae46c60f48554244c91160f406865faa185c1a2f67e352a2
normalized/streamspot_5000.csv,496123,6a719414938da3df99ad7a573eb378db8eb4ef6e071c076667c73431a558c00f
normalized/streamspot_5000.csv.extract.json,808,e7d9bfb5374b2be88b0c68fffa8b599188b2a86a8528820c20981430ec63de4e
normalized/theia_5000.csv,503678,c3456345a985724380b1b073451133302d83b316d3a3c1841da8245ff8a79cba
normalized/theia_5000.csv.extract.json,2848,cb245e5bfca7b61bd6032c3d247e94e250d04ebf90dcb6e3b8ae6f41662143a2
normalized/trace_5000.csv,502989,12826648fe873d5b0f94a41484d3fac5999a527f26feca67ededefc8eda49dce
normalized/trace_5000.csv.extract.json,2848,95b36bb425b5b48c19dce514a470848940a8b47f17b00298e5d40ca0736c7413
reports/explanation_metric_diagnostic.json,586,6ecc8b08ccf32e4932966d9bfe028d57ffb22036b63afc6de87d507ce8e18921
reports/self_test_locked/baselines/baseline_metadata.json,332,5024f954959ad6d63d80e144e3e42006e29a5083200e821178f2679a7ddf5c9f
reports/self_test_locked/baselines/baseline_seed_metrics.csv,577,dbe5d6c07ceb1210f71e4e4bbb9eff9965ff58fc4464bb5ee4a3807c940ce3aa
reports/self_test_locked/baselines/baseline_summary.csv,1030,5db7f406ebb26f2c12fc84f5f97b1f213c7a417862777fd10b6cd79d882d42ce
reports/self_test_locked/baselines/dataset_manifest.json,502,48764db44fd10cdae2eeb5c7648cfebd4b774a1c7741179a200ea4a47de45723
reports/self_test_locked/manuscript_config.yaml,3036,d1d0b72e8e831c389f513089082d3c058effef24a1ae563c9c63ab258ec60d5b
reports/self_test_locked/pilot/pilot_analysis_metadata.json,358,090dfeee8a73c763eb45e7f308766a689b615c17efc148c5161f9c306c6b38f2
reports/self_test_locked/pilot/pilot_paired_summary.csv,852,1913fab53dd1bfdde45bcde60a5e7a1379d1e2c3219fae4c52501f660bacbf2f
reports/self_test_locked/pilot/pilot_participant_differences.csv,2085,7f1a193ba22f5b87b0f88036a6183f49131436109b0bba715a0f963e71a65788
reports/self_test_locked/self_test_report.json,397,9a45dbcbcc0080c5f458804b24a1b8017accb520dddf9feea3bf80e3fd3bce39
reports/self_test_locked/synthetic_events.csv,12352,a351ecff5bb5688e2e4ded38a59be9b5e3396349ae2e2c708ff92ac4c63f638f
reports/self_test_locked/synthetic_ground_truth.txt,111,4b92396a71dcbecacd4adefc08a73c9df33a7b82e43198c1100432ff16c467b0
reports/self_test_locked/synthetic_pilot.csv,2773,608fc2c6f0620140587a2b69f3fba0fc145a4cc1ac1072603ac37318b8cc8c67
reports/statistical_resolution.json,465,416286234b9537b90a3c4735750c5cc523eb5de03e6d7a022967fce1ee5cb393
reports/training_budget_diagnostic.json,4205,1020cb57c35e35ccdf47c859973f4be09ce8ec8a1d769be453042e285ff95021
runs/cadets/seed_11/campaign_index.csv,767,e77a2e618de93efde17302018a001c33e37e5319ce49389d9895f227eacc875f
runs/cadets/seed_11/checkpoint.pt,179246,31c290cc9a75f9ba9ec05c764e4f43c54f729c3bd3c787fed65ade5f15c3ad07
runs/cadets/seed_11/compactness_validation.json,1438,b093a4808c3e19c017858a38ef8b2c10ba51d06078a751e708338bbb39d188f2
runs/cadets/seed_11/config_resolved.json,5229,a3886187aaf47cc00c1c3c10f773f7b15b3d3a3488f902d340b3b63e47381248
runs/cadets/seed_11/dataset_manifest.json,485,56ff36a366e2873d81ff28baf26e8fb22528926e2bbb9900ed9b3a6770d31b7a
runs/cadets/seed_11/edge_predictions.csv,19799,d5da9ad023ca491ffd6860a7c7fcf388cfef60db9176a77e1e2abcc0704f2c1e
runs/cadets/seed_11/explanation_metrics.json,4172,50a77520f1875d8a5c97dbc918cb38170b47e62ddbe148da4300fb2b81f756d7
runs/cadets/seed_11/metrics.json,1050,5c68d2a31d25694da4abc730384e87d3d1f62c38583970d7e974d38359437c3e
runs/cadets/seed_11/node_index.csv,104849,30eea93ad224b9faeb824eff5a52b1360f3b7d1f1f3f54cc13248f728f752bac
runs/cadets/seed_11/node_predictions.csv,31861,5360fb7f1356728a4060d3e8450c8c48af8ff79c662aeb77e740e35ee69e77ef
runs/cadets/seed_11/robustness_metrics.json,897,97ceaa025254379248534075ccba849f950fa45cb2d23f4861acd10937ee46ba
runs/cadets/seed_11/subgraph_predictions.csv,210,8da24de49609b16f97a09c7350102bd37d66c12a52b511f563e9a82e78808e21
runs/cadets/seed_11/training_history.csv,1900,b0872d9f68875d0da2797e5dc4f876dd7e8b4148696efeed9339a3cba0ed0457
runs/cadets/seed_22/campaign_index.csv,767,e77a2e618de93efde17302018a001c33e37e5319ce49389d9895f227eacc875f
runs/cadets/seed_22/checkpoint.pt,179246,697755c9aec592abba58d9594dbf551683e614b094d70365cadb679df217cbae
runs/cadets/seed_22/compactness_validation.json,1428,c7a9c523239ecf169357604d281b73d5f76cf07d3bf187432f5b65d0e519e3d0
runs/cadets/seed_22/config_resolved.json,5228,acfc5b63c42b04803a35352433e0a8bf21cc50fc8b1f86f7ee1c22c85b1a831e
runs/cadets/seed_22/dataset_manifest.json,485,56ff36a366e2873d81ff28baf26e8fb22528926e2bbb9900ed9b3a6770d31b7a
runs/cadets/seed_22/edge_predictions.csv,19683,d9133264c5e773f247ec02278d484ebc6617892c1883f38953c217b5a84b54fc
runs/cadets/seed_22/explanation_metrics.json,48820,489bcd00712e006a18adb0a5b5c8660c31d0252f45cbd71aeec07dafba78c30a
runs/cadets/seed_22/metrics.json,1075,4d23288da94645990009a1de648ad8c80b691825f738bdda613d1d6ff82cc5e2
runs/cadets/seed_22/node_index.csv,104849,30eea93ad224b9faeb824eff5a52b1360f3b7d1f1f3f54cc13248f728f752bac
runs/cadets/seed_22/node_predictions.csv,31844,c95764201e51a255c4b0e63d291c7c7fb1a38ff6acb4e14be3ea3c8a6a49fab5
runs/cadets/seed_22/robustness_metrics.json,894,013684e67e5451b5404dcf35c5c7b6137376ef53cf53b79abe46a6bb8ae7912a
runs/cadets/seed_22/subgraph_predictions.csv,211,f490c8952dd648755f5fe0cfbdac6fbb6e3c2ce681d77606d68d8ae134bbd3bf
runs/cadets/seed_22/training_history.csv,1892,233309b254bac3f189b1872b49f70bcff7b04dbbe48f60ac1934d9080c705257
runs/cadets/seed_33/campaign_index.csv,767,e77a2e618de93efde17302018a001c33e37e5319ce49389d9895f227eacc875f
runs/cadets/seed_33/checkpoint.pt,179246,d79b6c7a487ac3ddf2e26af608f39247ce8bea0c7e286f19a00235691c50753e
runs/cadets/seed_33/compactness_validation.json,1513,e387a143ca0546973944e3e5e441bde8077c5f89ed3eb90a429c9c461faadd9e
runs/cadets/seed_33/config_resolved.json,5228,5eddab3d61105c1f5272418c601d2654f2e8ef33cc8f40701b3e77927b4d4af0
runs/cadets/seed_33/dataset_manifest.json,485,56ff36a366e2873d81ff28baf26e8fb22528926e2bbb9900ed9b3a6770d31b7a
runs/cadets/seed_33/edge_predictions.csv,19792,4bd5a508ffb81b2bccddc54e5573734e0a394bf36e56563b4b24d87dd6066599
runs/cadets/seed_33/explanation_metrics.json,35120,97bd4121065ba08292d6a1c2b0bb643c154f40fb303d328a148e2272e727141c
runs/cadets/seed_33/metrics.json,1064,5660df49edb8f8e4d37a6f873d32987f9d4ec172b863bfa9ee84b200246b7a23
runs/cadets/seed_33/node_index.csv,104849,30eea93ad224b9faeb824eff5a52b1360f3b7d1f1f3f54cc13248f728f752bac
runs/cadets/seed_33/node_predictions.csv,31851,62be449756f7b6553155181dff818b4b263c19768dea219ff5bb719e6dd0a174
runs/cadets/seed_33/robustness_metrics.json,894,d4c5316259da34518e6e56fe6b3504186913c18bc4d637ded24cc3a45f61c531
runs/cadets/seed_33/subgraph_predictions.csv,212,5beb59fdd2f57d52ff43b4b5c76e2d2b4e44264ef69397838dd4e52baeb76e66
runs/cadets/seed_33/training_history.csv,1897,fcfaab48798c57c47f9f5c307709d2453d5815929d3bb8ad2da458afab8fb1d7
runs/cadets/seed_44/campaign_index.csv,767,e77a2e618de93efde17302018a001c33e37e5319ce49389d9895f227eacc875f
runs/cadets/seed_44/checkpoint.pt,179246,963e89b7e5a78204f01185a6304536b9f9fa8c325aebbc409204744cf654d965
runs/cadets/seed_44/compactness_validation.json,1458,bc4f2c217c2475a27c106b6d36d92e1e1e84c0f8c80bafb907f5d6505dcf0244
runs/cadets/seed_44/config_resolved.json,5229,1b5e9e70378412bdee91bbdd4fc17989cea0da16c433ff420c550d24933c1d1e
runs/cadets/seed_44/dataset_manifest.json,485,56ff36a366e2873d81ff28baf26e8fb22528926e2bbb9900ed9b3a6770d31b7a
runs/cadets/seed_44/edge_predictions.csv,19632,6096ff82a7c9526f650b32e336b9f1a4cbe90069893cecc68fb409df7df9c5c0
runs/cadets/seed_44/explanation_metrics.json,131848,986dbbb5297525307840cb49a9c8edeba0da138cfced534846da4942a007383f
runs/cadets/seed_44/metrics.json,1057,4e85c757092cacbafb8195e4ca9bcfc5b4cf6def3a5424676232ffb869570133
runs/cadets/seed_44/node_index.csv,104849,30eea93ad224b9faeb824eff5a52b1360f3b7d1f1f3f54cc13248f728f752bac
runs/cadets/seed_44/node_predictions.csv,31517,1b26b98730b206287f3e0dafb4590a2b89921e8476c7d2b494169069ca607e3e
runs/cadets/seed_44/robustness_metrics.json,894,7c53030d45ca2982935f6e2c07849a0408c03111bb5790af45e366180c0ed932
runs/cadets/seed_44/subgraph_predictions.csv,209,a2591cbbf04cb91118bb71be503f4981b500f25dbac105776b2568b6c03fc9b9
runs/cadets/seed_44/training_history.csv,1904,3f55c3c736422538e2aa231a2b1e5531b6dcf90579e11ce601a0a6028744b0d0
runs/cadets/seed_55/campaign_index.csv,767,e77a2e618de93efde17302018a001c33e37e5319ce49389d9895f227eacc875f
runs/cadets/seed_55/checkpoint.pt,179246,04ebfbfc5e4cc9b83a12198ef136735f9c81b40d3c7241d00490487a0d629bc8
runs/cadets/seed_55/compactness_validation.json,1532,c1f773632041aa23f7e65e432e775abaeabe6066ba169cf43abe07f1f3e0429d
runs/cadets/seed_55/config_resolved.json,5229,816df2d7a561268b3aed51be28bab2ca3fc06e813aae6ba28185c1bba6ad2b83
runs/cadets/seed_55/dataset_manifest.json,485,56ff36a366e2873d81ff28baf26e8fb22528926e2bbb9900ed9b3a6770d31b7a
runs/cadets/seed_55/edge_predictions.csv,19922,d8919cf4868d6b703bf2628fcb0df9f888cf3c1fdbac2ef267c1683869897714
runs/cadets/seed_55/explanation_metrics.json,27340,13baa21b40f9e65358036b1a984560ac744ebef9b7a5ba53ee72522b41f71e87
runs/cadets/seed_55/metrics.json,1066,22277f99930797cd60537c59e2bccab44748bd5e7a78962e4e925ed6e43ec838
runs/cadets/seed_55/node_index.csv,104849,30eea93ad224b9faeb824eff5a52b1360f3b7d1f1f3f54cc13248f728f752bac
runs/cadets/seed_55/node_predictions.csv,32328,acede86cb60fea04eeda104f7519a5fcfd0a9d6f0bd8cd6f672fd6f09785f51a
runs/cadets/seed_55/robustness_metrics.json,960,2a77e45d6fbf0483d7a9e470866307f6f5a177a3f3371b839975033a7d779358
runs/cadets/seed_55/subgraph_predictions.csv,212,ea23f20a3af0c584631f5a52e17136fce4a2cb4c97b722c9b58e93e2343a8414
runs/cadets/seed_55/training_history.csv,1904,0de5b434fb055ac16c09837ee77a5c483180f969f3e3ff8afe5334848616e422
runs/streamspot/seed_11/campaign_index.csv,575,cc64c954fdbf0b3565d55fc2ac78a2a90b4d8d80101fd58e4223bed23a20c379
runs/streamspot/seed_11/checkpoint.pt,183790,7729a2303c149bef4270681c8c7c08ef9d138be36ef678cdbd641be241141044
runs/streamspot/seed_11/compactness_validation.json,1540,249b62c061174d1bcd6420276185d494bf7f32502b5910bbe090e69851c9ddde
runs/streamspot/seed_11/config_resolved.json,5031,aa03fe182e89921f8c78beca0d6fb45dde5ec1bf122648ffabafdc42f1934f2a
runs/streamspot/seed_11/dataset_manifest.json,490,c46d188dc257845bd4a25798442e0e70c01277de2feeedbc58ff9644a1587a93
runs/streamspot/seed_11/edge_predictions.csv,19802,97e05727157f816ca12885117d16f27baed9a13513560927c3307bed220bd9a1
runs/streamspot/seed_11/explanation_metrics.json,126588,d9ed3a1cbff18d19327c3629ff0feaccb25b8103f5b0631bb42eeae4dfe406df
runs/streamspot/seed_11/metrics.json,1101,680e184e3c1a2237ae409d6af746fe5471cd986f5ee5847eaabd6866dffcaa32
runs/streamspot/seed_11/node_index.csv,120538,cf26725abfffb1abf4306ff0cc3a6f164bd2f80823ba0d9d512cfc2f2f257bc3
runs/streamspot/seed_11/node_predictions.csv,30364,45e4ae7402ebcfc032e736f1cf5a1af619a56fd2282b399c4818dfcb89f04e9e
runs/streamspot/seed_11/robustness_metrics.json,932,e5376a6326effe7ebd59f998287a95486443664412a14b269bf680cbcd191bff
runs/streamspot/seed_11/subgraph_predictions.csv,323,caaf530ee77e3f05ee45712321832878eb8ea32a79b18cb951aa1aebdd3726e1
runs/streamspot/seed_11/training_history.csv,3278,c63e1aca444c94dd8d830460bfca6a5aaef82adb9f15e3a755398507c9e450f8
runs/streamspot/seed_22/campaign_index.csv,575,cc64c954fdbf0b3565d55fc2ac78a2a90b4d8d80101fd58e4223bed23a20c379
runs/streamspot/seed_22/checkpoint.pt,183790,b72f6718cbad84f95c1a7d7b8093eb8ecd8671a01ea4a3b0edc3301df8530812
runs/streamspot/seed_22/compactness_validation.json,1540,2e70b7fdaaae23e81a6d4b92192598463db4dc8d95b815c1aed7780acc2d1193
runs/streamspot/seed_22/config_resolved.json,5032,79c96903329db05f8654b63f493abced6a60a2832446083375ba6ba69fb55a5d
runs/streamspot/seed_22/dataset_manifest.json,490,c46d188dc257845bd4a25798442e0e70c01277de2feeedbc58ff9644a1587a93
runs/streamspot/seed_22/edge_predictions.csv,20031,fe68a220fccd8d01e36ee57b677bf3d50fa5d627431c58fcbae765709afdeb7b
runs/streamspot/seed_22/explanation_metrics.json,129567,d06e644b73d2ccc0b58be59f322aaf9bf0528deedc2c7801fa3a549b2fd17f00
runs/streamspot/seed_22/metrics.json,1096,f60e6a0ad78a2eefd0fc1a9d17707a43f5ee2c35c8a2f980731d3b606209819d
runs/streamspot/seed_22/node_index.csv,120538,cf26725abfffb1abf4306ff0cc3a6f164bd2f80823ba0d9d512cfc2f2f257bc3
runs/streamspot/seed_22/node_predictions.csv,30741,4c58e6b339b557c66b87d45052d67d7d42ed26b6c900901d30b335cc74ed4de2
runs/streamspot/seed_22/robustness_metrics.json,932,c33b9b0caa876da07e294d16b45015380886e11396a0275f1ae7c3a2a945df8e
runs/streamspot/seed_22/subgraph_predictions.csv,325,18df92e0864960eaafbf3e2f1511c84fbbbf8219152e1695435a8fe68e2d60f4
runs/streamspot/seed_22/training_history.csv,1846,2790d9df852e9ccfef6be75ad389dc1f76e1968a66fd3db2b8d2da167df62eb4
runs/streamspot/seed_33/campaign_index.csv,575,cc64c954fdbf0b3565d55fc2ac78a2a90b4d8d80101fd58e4223bed23a20c379
runs/streamspot/seed_33/checkpoint.pt,183790,3778893e3f8a6fac5de66ec3bb00725a8dc2459996d04c71c1f1be6c8309cdc1
runs/streamspot/seed_33/compactness_validation.json,1546,c4591b90677f445786f5a7f873ec149bc6f59cd88e29acfb3ad825076b34d511
runs/streamspot/seed_33/config_resolved.json,5032,50c6d8a506c514a1ae6b981ef0e76bd8f7bfa318100906b9564ff638ed675f2d
runs/streamspot/seed_33/dataset_manifest.json,490,c46d188dc257845bd4a25798442e0e70c01277de2feeedbc58ff9644a1587a93
runs/streamspot/seed_33/edge_predictions.csv,19742,8ea440eaf1aa1e0e80b70ca88b504c61bed72febbf992dad2d91fa6317eba3a7
runs/streamspot/seed_33/explanation_metrics.json,128794,cadc8ba54ded657a59fb09bdd9d1239baaa02c09f756e55ad96012350663905b
runs/streamspot/seed_33/metrics.json,1085,49bae90981a37102ba65561f279d92b922e816a13ad733d8013b8a5df311f893
runs/streamspot/seed_33/node_index.csv,120538,cf26725abfffb1abf4306ff0cc3a6f164bd2f80823ba0d9d512cfc2f2f257bc3
runs/streamspot/seed_33/node_predictions.csv,30759,9e2897ec27528891dce96960849117c99060c872ec57ab11cd07ac40cd5ddf1c
runs/streamspot/seed_33/robustness_metrics.json,931,dd829acc11e2b8de0be76af216bc553259807c3a4f2130b00720bbbf09c97007
runs/streamspot/seed_33/subgraph_predictions.csv,321,9f2f011d13dd7b869a388bb8ed00003b3d0e9b330338c300649025f44369cf8b
runs/streamspot/seed_33/training_history.csv,3255,8b5aad7c974762e31117ea06c7981b2851233f6c72879e1bdef7a877f80fae90
runs/streamspot/seed_44/campaign_index.csv,575,cc64c954fdbf0b3565d55fc2ac78a2a90b4d8d80101fd58e4223bed23a20c379
runs/streamspot/seed_44/checkpoint.pt,183790,933f2587cc5fbd3adf11ef13010ebc211547fa33530df093cf76ba5b63975e9a
runs/streamspot/seed_44/compactness_validation.json,1528,5a9fd6000ba0dce24e061ccb2271ad9225f0aaf0d057ecce5d55ab049277539a
runs/streamspot/seed_44/config_resolved.json,5032,0e78d76b48eb5724a67b715f540011e6bf2aaee0463bfffb8922da8573922cf4
runs/streamspot/seed_44/dataset_manifest.json,490,c46d188dc257845bd4a25798442e0e70c01277de2feeedbc58ff9644a1587a93
runs/streamspot/seed_44/edge_predictions.csv,19697,95c4cd265fdb4249577e1ff6017b164fb8ea6656113d6f808a77878b80dee854
runs/streamspot/seed_44/explanation_metrics.json,129069,7c34100c88cacc7bf0b715d9d027d5b20e90f97c7941377d4d45cc1a986c2ab8
runs/streamspot/seed_44/metrics.json,1125,c4185ff49c14b6487b461abe7799cba06c8a5b18d534e6eb1c7f99a54e54d635
runs/streamspot/seed_44/node_index.csv,120538,cf26725abfffb1abf4306ff0cc3a6f164bd2f80823ba0d9d512cfc2f2f257bc3
runs/streamspot/seed_44/node_predictions.csv,30481,e83344e0895f115140aaaf56caed3c6ccd0c9f134cbdfc38196c415f55662a25
runs/streamspot/seed_44/robustness_metrics.json,896,cccc18317aa8ab9ab6ec7d82a571bb416234cc60b7774c762cc571a1698bea9a
runs/streamspot/seed_44/subgraph_predictions.csv,323,b0d8c18fd8ac50a7cabc73204f5411bc2bd8836bf8f40926d5314ce5e50fa32c
runs/streamspot/seed_44/training_history.csv,3261,64fb2e861ac51e75b0f20e7b6f0518c48ed634745ee5a02dc2948efe6c1aa31e
runs/streamspot/seed_55/campaign_index.csv,575,cc64c954fdbf0b3565d55fc2ac78a2a90b4d8d80101fd58e4223bed23a20c379
runs/streamspot/seed_55/checkpoint.pt,183790,300695d768f46a985c47faf15855c08808abdef9fe881ef57bda131d3d2e6ffd
runs/streamspot/seed_55/compactness_validation.json,1540,87212994eb83890a78070671538f5765636cdbc31f832370801f9c12b95f14fb
runs/streamspot/seed_55/config_resolved.json,5030,1ef14b59f838f75711f8bfa47f2cec7e1d17f13a74e2b7d8ae859d1a49c50940
runs/streamspot/seed_55/dataset_manifest.json,490,c46d188dc257845bd4a25798442e0e70c01277de2feeedbc58ff9644a1587a93
runs/streamspot/seed_55/edge_predictions.csv,19877,130a7addf115c3522e1149cb60b27cef6f0bbef4ecec586f2640a91085d63777
runs/streamspot/seed_55/explanation_metrics.json,129378,809f4a9e4e2e78905f62e7615b563b406aa324e6d3d20623c086c212143d7d30
runs/streamspot/seed_55/metrics.json,1063,846048af00b03bb394eacfbbc60161425c040948c9f719ffecc181fe3fd5d130
runs/streamspot/seed_55/node_index.csv,120538,cf26725abfffb1abf4306ff0cc3a6f164bd2f80823ba0d9d512cfc2f2f257bc3
runs/streamspot/seed_55/node_predictions.csv,30617,524650bc8732583f8c95cc65ddb3b67a85a439c09da11b36bb587b253c725bdf
runs/streamspot/seed_55/robustness_metrics.json,931,bc25bfa0b5e92e937a716d6a1389260c8532ec48f84084efe3706ade53c1631f
runs/streamspot/seed_55/subgraph_predictions.csv,324,4486b02f7e7adf62ba6bbe7b9663c636408aa25c9dfe98c083c212c5e3de3728
runs/streamspot/seed_55/training_history.csv,3247,9aa52c6a0e0b7f62c4ddab73f5f3adfc1443c9c394a6e2b2de58d976dd439d68
runs/theia/seed_11/campaign_index.csv,767,e77a2e618de93efde17302018a001c33e37e5319ce49389d9895f227eacc875f
runs/theia/seed_11/checkpoint.pt,173806,6cd2431e768fa65c9a1a235ea5dcdf08c4b142851c765e3f7b9e5dda81eb8f38
runs/theia/seed_11/compactness_validation.json,1426,11ce48811a4657bf9c890443eeb7780bfb5d44b0e89e35e71ac8128b480a32dd
runs/theia/seed_11/config_resolved.json,5183,1ec9d08a9fac5b94c4e980e3edb489136ba77a64dd2631be00fe3d124fa5bf21
runs/theia/seed_11/dataset_manifest.json,484,ea7e8cdfda53ce0a0f48b4aaf7bede18b54617c54a9a413bbb1024bc298f76a3
runs/theia/seed_11/edge_predictions.csv,19869,f06b9e37fc933405d2875ad32bd30b584f59499ec28ee0fc8c9a708bb20dc4fe
runs/theia/seed_11/explanation_metrics.json,22038,4e71f22d1cde48fe4d7f37735654e6d5e2a1986e0ce108b3f16f758798d777a8
runs/theia/seed_11/metrics.json,1057,4a4ca77a066a66f6c579caa2935e9962c976272d92336fa670d923de339441e6
runs/theia/seed_11/node_index.csv,109593,e586e3db8da0718ace2deada0950e07d59920c2a6d596c5daae32aeba512f564
runs/theia/seed_11/node_predictions.csv,34118,e2f6b55248c5f3ede68911097c95cad528f0ea01764cf340853de79e8ff0950b
runs/theia/seed_11/robustness_metrics.json,960,7c901bbf7f5b630095f9d962a73bd588aa76dd9bfa5ff37f0cc9f564632cb015
runs/theia/seed_11/subgraph_predictions.csv,214,cd8590b791f00fecf8cfb24b9a398664d46ba48b6c3693dbfa44c225fd51f61c
runs/theia/seed_11/training_history.csv,3378,2786f6fa0cf2de1dc253db3599257a7af01ad89844da736130ff15d29656f9de
runs/theia/seed_22/campaign_index.csv,767,e77a2e618de93efde17302018a001c33e37e5319ce49389d9895f227eacc875f
runs/theia/seed_22/checkpoint.pt,173806,d2c59c855af67f043ca5ed69af6bb36768e0327bf30e7ea36a684830a09f2ced
runs/theia/seed_22/compactness_validation.json,1426,97f6a1b904b91efaff6e18d20287ec2dc0c345aaebe9fd1c82db2107146d2f3c
runs/theia/seed_22/config_resolved.json,5182,b933d9c69bad5356d36389bfc980b362bbd573262b798194cb998b33f5a6fcab
runs/theia/seed_22/dataset_manifest.json,484,ea7e8cdfda53ce0a0f48b4aaf7bede18b54617c54a9a413bbb1024bc298f76a3
runs/theia/seed_22/edge_predictions.csv,19824,ccb54544d64598f2a96486d780779a46bc554e4e443100ca062d572827753d35
runs/theia/seed_22/explanation_metrics.json,22033,a7a9bf8722e031cdc0dc9ee83db9b2397d79210a701bb32ea59ec9d0a39980ff
runs/theia/seed_22/metrics.json,1045,a23915c54a597c6c1fbde57355e2066acec1e8ced8e266cff76e01f55bba5588
runs/theia/seed_22/node_index.csv,109593,e586e3db8da0718ace2deada0950e07d59920c2a6d596c5daae32aeba512f564
runs/theia/seed_22/node_predictions.csv,33931,9dd67790d692f77045675fe524a72bb4bf2d912360da991f6e0bf34646a84951
runs/theia/seed_22/robustness_metrics.json,960,22534fdee3ba01046a3414d3e62168d5c82f7684e76de85ad184aebac5c0d94d
runs/theia/seed_22/subgraph_predictions.csv,213,eebfb62890341b60b17f348c3bf11963d5a275ea20b34ce81a48c1a4c6f0031f
runs/theia/seed_22/training_history.csv,3384,2d642da4fa4bcd561ac2402fafc13ec0750f5fbb45cbd7e1b998e74b5c76d215
runs/theia/seed_33/campaign_index.csv,767,e77a2e618de93efde17302018a001c33e37e5319ce49389d9895f227eacc875f
runs/theia/seed_33/checkpoint.pt,173806,d095b5f168e851641ecaed8e130ea55f153f221dc5d7c351568e3e0c7af254a6
runs/theia/seed_33/compactness_validation.json,1426,900893f481aee6ada895fe905b8b23ef654cd25757be77ac805afb4f11bf14ad
runs/theia/seed_33/config_resolved.json,5183,720cd109d6326793ad30bda2b9458ea223c3c4954be1612138f6e74cab34800d
runs/theia/seed_33/dataset_manifest.json,484,ea7e8cdfda53ce0a0f48b4aaf7bede18b54617c54a9a413bbb1024bc298f76a3
runs/theia/seed_33/edge_predictions.csv,19922,d58ed81f96bd5217edf73fe14a98917d38e0465dba23b21846b70f85bf884545
runs/theia/seed_33/explanation_metrics.json,22033,15e3c92f644e5fae1bb29be5070dab629359417530f564be4884b7c3186cc434
runs/theia/seed_33/metrics.json,1043,7557fd0a4a64628af40853ea21be0cba22f0b32144a3f9b52c032a0275b1f1a2
runs/theia/seed_33/node_index.csv,109593,e586e3db8da0718ace2deada0950e07d59920c2a6d596c5daae32aeba512f564
runs/theia/seed_33/node_predictions.csv,33944,a5f3e6b84e3b7f90b4dec6734567d1f0a36521df8c412096e7148084d908c681
runs/theia/seed_33/robustness_metrics.json,959,439e61783660f7c27833ba8211a1f6adc8b01c1c49ec50a98847ff9d2afd2cac
runs/theia/seed_33/subgraph_predictions.csv,208,8f5cc8344b49d1e093d9ff7b54880e96590bf72b68246d56a54f856a252831d2
runs/theia/seed_33/training_history.csv,3377,e90d97cc553656fe431d4c9edb3f1b22a90d573b1e19a38472a6cd472fbeb26c
runs/theia/seed_44/campaign_index.csv,767,e77a2e618de93efde17302018a001c33e37e5319ce49389d9895f227eacc875f
runs/theia/seed_44/checkpoint.pt,173806,20f371f89255d332aadfee01f822594e93036861e3ef0d4ff2b7eff162daed2f
runs/theia/seed_44/compactness_validation.json,1426,5c06639b041f60024eaa2627b5e0370b2f9a3ca6c17fc02403a756a353f80828
runs/theia/seed_44/config_resolved.json,5183,f41a5a9a22730c70e47489cebb758af6e9cdf97a35ee38393e549a74a12a1b43
runs/theia/seed_44/dataset_manifest.json,484,ea7e8cdfda53ce0a0f48b4aaf7bede18b54617c54a9a413bbb1024bc298f76a3
runs/theia/seed_44/edge_predictions.csv,19828,10021393a99d6116fa33c6d35b2664bc61dba185231946180b80230bf1cd46fd
runs/theia/seed_44/explanation_metrics.json,22025,49ce503eb9378acc3b7dda8fd31097fe353536046b314365f7caeffd5cccfa44
runs/theia/seed_44/metrics.json,1044,b756839209a0c48d67e875585f0c8c4fe5779d8e36fd97272192cc6b43cc5707
runs/theia/seed_44/node_index.csv,109593,e586e3db8da0718ace2deada0950e07d59920c2a6d596c5daae32aeba512f564
runs/theia/seed_44/node_predictions.csv,33972,e42b7b3ee14fcccb38d21e79a9601d3c4001c6f43e53249c4cc0b6a6523e4743
runs/theia/seed_44/robustness_metrics.json,960,eafea6f7bfe8c28301cae5396b253d76c7eeacff9c9fc0e871afbb06fe832656
runs/theia/seed_44/subgraph_predictions.csv,211,786e120cdfad9ed4d101eac9bfca6ecb065ab54b9d64201a30441905d31e6b5b
runs/theia/seed_44/training_history.csv,3386,d878b2677260fb5c2bc74c58d6a77d07ce4608b0f91a710a8a38a916d3100e10
runs/theia/seed_55/campaign_index.csv,767,e77a2e618de93efde17302018a001c33e37e5319ce49389d9895f227eacc875f
runs/theia/seed_55/checkpoint.pt,173806,7da272937cfdca47ccc847f67b4c314ab28748e692dc962f721ee42a8f108217
runs/theia/seed_55/compactness_validation.json,1426,1b3a84497c043b206c290ee48d383a8c1661f985dae30afa08455a93dba95625
runs/theia/seed_55/config_resolved.json,5181,0fb3d4ac4c49dda16eb4f93708a517665b37777a2d2488b50b3b8566db3815a2
runs/theia/seed_55/dataset_manifest.json,484,ea7e8cdfda53ce0a0f48b4aaf7bede18b54617c54a9a413bbb1024bc298f76a3
runs/theia/seed_55/edge_predictions.csv,19897,999bcb0e1bde302e911082690e821db73617483b74113713d7ca3347dd1e5ac3
runs/theia/seed_55/explanation_metrics.json,22039,2e795ac5db897aec5236121d5e595b17fbdf22bb83536a0692eb847c34c6711f
runs/theia/seed_55/metrics.json,1041,363e3bfc8dc9b6f5d1d7ef9ca7a532c580ffd9ee5cb21770860c0bb02a9d3918
runs/theia/seed_55/node_index.csv,109593,e586e3db8da0718ace2deada0950e07d59920c2a6d596c5daae32aeba512f564
runs/theia/seed_55/node_predictions.csv,33640,6d7f243e1f752c86e6095d5a7c8b822c71059f2250bfe9562c9508e72926bf73
runs/theia/seed_55/robustness_metrics.json,960,9ae88e88643f6995accffb11bf98037f74b1536eb8672ceb08bd831ee8a77605
runs/theia/seed_55/subgraph_predictions.csv,210,153c063b073ef410b788f920bac98ec2cf2fb9d3e3a1276678a1f2ed9d647fa6
runs/theia/seed_55/training_history.csv,3374,c47f6bab14ca4051f5dfc24cf61d805dfe63ab0493bdd9f4baf0000d101690c2
runs/trace/seed_11/campaign_index.csv,767,e77a2e618de93efde17302018a001c33e37e5319ce49389d9895f227eacc875f
runs/trace/seed_11/checkpoint.pt,189870,ff5d8d39c23add89ede22417d637228deccdf2e3acc96a6b9f0bc9c78fcaa438
runs/trace/seed_11/compactness_validation.json,1519,e2775a3acde90345123c7d8038925f30469989778ceb6c81b5ebeabd9d988c36
runs/trace/seed_11/config_resolved.json,5329,178ca530b05420af3ea27b55356884978cbf8167166e775782d035bbe559492c
runs/trace/seed_11/dataset_manifest.json,482,1156647d824fcae044ce0a6d0ccb4dc6cee51759175e922bd471c88dfc198ef4
runs/trace/seed_11/edge_predictions.csv,19872,ed3a4d3ed466f3c7dbbe4114479ac737c8d95c772679c3f351fb5cce68102045
runs/trace/seed_11/explanation_metrics.json,92680,9983d2403c18d1dac619a612580f865f608a3d310c309a70e94071afc544f3c9
runs/trace/seed_11/metrics.json,1053,2fca8773b20ed1e913b3a3740c8c519a0c9780431c8c09940d846924f094b700
runs/trace/seed_11/node_index.csv,100817,97c14e5580970fc64714d3029ae5346261131b09f3be3f75c352499f313aacd0
runs/trace/seed_11/node_predictions.csv,25977,5bdcca150481704edef93022fe3c55ddeb5205c4bb2769faf6c5d1401882c766
runs/trace/seed_11/robustness_metrics.json,894,05f2b8cab8d392fda996f3fbce03f1aed0989a59bb757778747e0eafc8c77ec3
runs/trace/seed_11/subgraph_predictions.csv,211,4b476a0046c92755166eaa0c23416a7c16538a4de0318dadc6b614bec3446d45
runs/trace/seed_11/training_history.csv,3387,99c1e3cf47dde68ac13b8e1aafb143e9fd8e4a4d2ad54b3c3902d3ee439a632d
runs/trace/seed_22/campaign_index.csv,767,e77a2e618de93efde17302018a001c33e37e5319ce49389d9895f227eacc875f
runs/trace/seed_22/checkpoint.pt,189870,ec5b97be0bbf2c7f23706c4f810719f1f6188b4b92516df18e0489c0eb061595
runs/trace/seed_22/compactness_validation.json,1528,fe2ac581f9f85167a65420b07e5697f783e72ab2566662c6158c4638f395398b
runs/trace/seed_22/config_resolved.json,5327,cba7a768899d3ad5bfd2420f07613c1748a618816e3e404721642f7b8cc0ffb9
runs/trace/seed_22/dataset_manifest.json,482,1156647d824fcae044ce0a6d0ccb4dc6cee51759175e922bd471c88dfc198ef4
runs/trace/seed_22/edge_predictions.csv,19829,544c3458bf14f91dedc6bad2f06d52f6d7ea71a7a45281399e3a6262b889acd4
runs/trace/seed_22/explanation_metrics.json,8315,d07385f78f2116f99078ea6239b65db3df7c08faca33776b43c39abacdcc78f8
runs/trace/seed_22/metrics.json,1073,9a17db756fa3fea3ffd47c5657127beb1507b9b11cb50293a4c77cccfd4eee81
runs/trace/seed_22/node_index.csv,100817,97c14e5580970fc64714d3029ae5346261131b09f3be3f75c352499f313aacd0
runs/trace/seed_22/node_predictions.csv,25684,234c214a6c77542eecc3aa172b3f1496e916fe4bdc0b133bc1092ec4a37b343f
runs/trace/seed_22/robustness_metrics.json,929,e3d94dc5cc84234b452deb2a403d4b561a23c09329b41bf77b8eaadcfe094dde
runs/trace/seed_22/subgraph_predictions.csv,211,e9b6b072d0e0d9478a5171c522327672ae5cf99fba77f828d61b1873b3af9558
runs/trace/seed_22/training_history.csv,3381,6245d5b5fa8a08a555c4417d7951dfed2b062524ddca2e922dd1f021b0f8cf04
runs/trace/seed_33/campaign_index.csv,767,e77a2e618de93efde17302018a001c33e37e5319ce49389d9895f227eacc875f
runs/trace/seed_33/checkpoint.pt,189870,b38850576afa42d1f6a5ac888194cd490bec914618bd55c675a47aea8cc365f5
runs/trace/seed_33/compactness_validation.json,1561,785de8e80267ccfa90c21d01afcfd07eaba60ce78f2656eb5363beb9bacda4f4
runs/trace/seed_33/config_resolved.json,5328,e120492ee85bb7b3b6f0f88931c6d90e1330208b95d86812209517c253682378
runs/trace/seed_33/dataset_manifest.json,482,1156647d824fcae044ce0a6d0ccb4dc6cee51759175e922bd471c88dfc198ef4
runs/trace/seed_33/edge_predictions.csv,19923,81996c772931773deacca4aa4a631a90833e3e0f1c76adf573d9bdfeccd7ca06
runs/trace/seed_33/explanation_metrics.json,17917,50cb2777f359599d719a28e861096a5824f1ab1e28355801056c09bfc5913ab3
runs/trace/seed_33/metrics.json,1014,1d7a9cc4897860c728492e805b509e14243b81a0afc80c66149836bce0c1bf23
runs/trace/seed_33/node_index.csv,100817,97c14e5580970fc64714d3029ae5346261131b09f3be3f75c352499f313aacd0
runs/trace/seed_33/node_predictions.csv,25868,1bb988325825a590962647bd458c66e7462dba3dd4fe13ab63c0bfe8cb30ec56
runs/trace/seed_33/robustness_metrics.json,932,46f0ad0b9e1bd6f6f996b3fd905f8a2c9297fc6414646804389e9e06efb6b5f7
runs/trace/seed_33/subgraph_predictions.csv,209,27515fd486efd8315361758490db97581cfe21831cf097c24c46201a842aee83
runs/trace/seed_33/training_history.csv,3376,bdd6211b81e78f030a5b62ff111d5e2355c145decd7e0fddfc7a8fa780733a11
runs/trace/seed_44/campaign_index.csv,767,e77a2e618de93efde17302018a001c33e37e5319ce49389d9895f227eacc875f
runs/trace/seed_44/checkpoint.pt,189870,d9f62a522417958e5cddd7da096f6cf08620b5b8dd89cb87dcf49f3f77743021
runs/trace/seed_44/compactness_validation.json,1525,6f78a55276556ac9014795874d6d35b857198ab2275763cb0372444d1eb8d233
runs/trace/seed_44/config_resolved.json,5329,55ceee9b7bf4c777919e911962ff5eea60997aa1530d512a9632a535ceef6b83
runs/trace/seed_44/dataset_manifest.json,482,1156647d824fcae044ce0a6d0ccb4dc6cee51759175e922bd471c88dfc198ef4
runs/trace/seed_44/edge_predictions.csv,19902,b83fd7a3486c6212f36e00eed64053a1e87b3821bbcf68633aedf66415a8c8c9
runs/trace/seed_44/explanation_metrics.json,7010,5419a46f86b18225eeaeb6775e9d592d41661149b6cdd807a38cb75105ceb657
runs/trace/seed_44/metrics.json,1028,34d4f7527341231d579084bbc22b746df27827e767369f7a93a2bbbe7b9c9ae1
runs/trace/seed_44/node_index.csv,100817,97c14e5580970fc64714d3029ae5346261131b09f3be3f75c352499f313aacd0
runs/trace/seed_44/node_predictions.csv,25745,9dcc260554614f88e3148cc51f940efc8eed381f8c59473b26ff903c79b513e7
runs/trace/seed_44/robustness_metrics.json,930,a2540ecde288c49ea98441af19d9911a17db93306dcc9592d558d2b77787bae1
runs/trace/seed_44/subgraph_predictions.csv,210,e521cfb9c2caca573afe3743b4e36fa586d4449f24601dc1d6d980d5792b16c2
runs/trace/seed_44/training_history.csv,3381,28e634a98a0640a4d8b2948cbcb0fdfd444f4e1dc0e881fc78e70d76e17f3333
runs/trace/seed_55/campaign_index.csv,767,e77a2e618de93efde17302018a001c33e37e5319ce49389d9895f227eacc875f
runs/trace/seed_55/checkpoint.pt,189870,f28b718fd7464b430f0ce76e4d690fd4c2ce85e3dcf3e0d12a082fdc452c8dc9
runs/trace/seed_55/compactness_validation.json,1508,1e07d1363d9c588995b1d8900207dc4c44e34665e4645b04b6305ada4dfb18f5
runs/trace/seed_55/config_resolved.json,5328,61eecc789da278b4901bc195334199d9307e97bc259dc23c643dce46575908a3
runs/trace/seed_55/dataset_manifest.json,482,1156647d824fcae044ce0a6d0ccb4dc6cee51759175e922bd471c88dfc198ef4
runs/trace/seed_55/edge_predictions.csv,19819,5f6dd7a08f7d52c749aa38a8bc27dc6b01c909c43be43cccf39a820ad5c3fe10
runs/trace/seed_55/explanation_metrics.json,1844,2a74cb30919a3d68b9b17f181c388896c19326860c2d8890c144262bb62b349a
runs/trace/seed_55/metrics.json,998,1537082b5d6518fa7eb0242945be2685fc7ab2dff40ae16995cb5ab677fcebf1
runs/trace/seed_55/node_index.csv,100817,97c14e5580970fc64714d3029ae5346261131b09f3be3f75c352499f313aacd0
runs/trace/seed_55/node_predictions.csv,25826,bc1e5ff8d118515c4f4ebf6eaa63740329757329d5edb9c7fd45d1c6a2431513
runs/trace/seed_55/robustness_metrics.json,915,faed3698438f2c75ed561327f243738f12e6bd2f7f5f903195c0c5f2c1a8c89b
runs/trace/seed_55/subgraph_predictions.csv,209,13372b56144e1653eb87718021b8480f6f739b3046a96ffd7d345263a6edc34a
runs/trace/seed_55/training_history.csv,3391,fae08a32e10b8c9d1a56d75c875969d65682fbf533da2f283c61a6f7bad3cf35
source_labels/CADETS_ground_truth.txt,475746,19b367eec60d96c3b3063117fabac7a41eeaf226159c3c0668fd400363716f60
source_labels/THEIA_ground_truth.txt,938431,2902255747499654355be31de46e2a698fb26ce9f5c4b32ee1924bada62c0630
source_labels/TRACE_ground_truth.txt,2525805,9ad76145905e154830b42d9cb0510cf7f268073d9949226be08e195964b75864
source_provenance.json,1273,a30b00fdb6a51ec0d3b89e8431711bbf8d81e8ef901b51f6c0e2caed21228a5b
summary/explanation_metric_diagnostic.csv,1566,c7a502893fecc8c7af427cff4c51ecca325dbb732d81147c1bf7c2417765cef6
summary/seed_metrics.csv,7586,10bae377fa1beaf426ced85f590f643bcb814122df6735a9b20a96d5e628da2f
summary/seed_summary.csv,6570,2f5c74aa910b69c322622661e7be0c39251bf40f7a5a4b53dc84887e3837bfe9
summary/training_budget_diagnostic.csv,870,d58bf908ee558096e4d8347ed4964e5c5b22fc76f0150e446b1a449d1cda8288
v2_ablations/cadets/ablation_seed_metrics.csv,9250,bbe311c7d4c65a64fbb7493e13575d223cf9446c8f1ee61b54a1be7608d64edd
v2_ablations/cadets/ablation_summary.csv,6120,6e1dcefa9f859dc8b1d98e1e0ce3fe6c1b87046d338508cd1deff5aacd04efbe
v2_ablations/cadets/full/seed_11/campaign_index.csv,767,e77a2e618de93efde17302018a001c33e37e5319ce49389d9895f227eacc875f
v2_ablations/cadets/full/seed_11/checkpoint.pt,181685,907b36545aa0f664151224c5fdb2ef0f86d92446aa36d664d7044988c26f247c
v2_ablations/cadets/full/seed_11/compactness_validation.json,1432,308c341a4909e2c249f6584bc43bf0cde9b3d6d2b3c6c949142356d76d516c0d
v2_ablations/cadets/full/seed_11/config_resolved.json,6372,8d5d038be6a59be0984324d5c92ed26eb610b9761533386ee671c275256310f6
v2_ablations/cadets/full/seed_11/dataset_manifest.json,499,57aa811a3de705e2482bd493e13f0f892335d48370bd1190af28e6cc211ddf36
v2_ablations/cadets/full/seed_11/edge_predictions.csv,19813,bfd35940c073867b90ad5e4043c37ad85309ff511798c1c59e355e5f53ebc4b0
v2_ablations/cadets/full/seed_11/explanation_metrics.json,36977,122ec31fd3ce035038747aafb12c2380e5fe37c30437104b49878c4bef101e61
v2_ablations/cadets/full/seed_11/metrics.json,1049,4a52e715e2a31b20b41827c7480360a18fe6161bed10e4bb8409bbba17984ebc
v2_ablations/cadets/full/seed_11/node_index.csv,104849,30eea93ad224b9faeb824eff5a52b1360f3b7d1f1f3f54cc13248f728f752bac
v2_ablations/cadets/full/seed_11/node_predictions.csv,32231,df2df21547307a3208ff3e7cd4037d1b8efead7c2750f83ec8d7cb7ec29f1a80
v2_ablations/cadets/full/seed_11/robustness_metrics.json,897,97ceaa025254379248534075ccba849f950fa45cb2d23f4861acd10937ee46ba
v2_ablations/cadets/full/seed_11/subgraph_predictions.csv,211,422088491eade02a49346d92a933fa6031bf956423983895865f6678b3d89d11
v2_ablations/cadets/full/seed_11/training_history.csv,4463,b9ad2cefb7855262be3b9ad90992d54e23b2daa302669c479995c1773eb2fe1d
v2_ablations/cadets/full/seed_110/campaign_index.csv,767,e77a2e618de93efde17302018a001c33e37e5319ce49389d9895f227eacc875f
v2_ablations/cadets/full/seed_110/checkpoint.pt,181685,282ade360032ed05efebb329bdb3e1893ce716de2351dbd8cf8bc311a8e688d7
v2_ablations/cadets/full/seed_110/compactness_validation.json,1529,7dedfa029a6aa68626b0d6acc621824ad9c1c108abdd0fede32fab4f5742d1f3
v2_ablations/cadets/full/seed_110/config_resolved.json,6373,c7fed8f13133e83d7f2bcfab28518bc98951a3f6bef65581460ec55be0556131
v2_ablations/cadets/full/seed_110/dataset_manifest.json,499,57aa811a3de705e2482bd493e13f0f892335d48370bd1190af28e6cc211ddf36
v2_ablations/cadets/full/seed_110/edge_predictions.csv,19602,46da0ffcf2284e9a8f3ddd4b93abdf9862b7eb55279477da995a67d6affab889
v2_ablations/cadets/full/seed_110/explanation_metrics.json,37355,149768b8eac268dd525709c49e4b6ebec2ad79023dc0c51b5b9476d82ccfd127
v2_ablations/cadets/full/seed_110/metrics.json,1076,bf958621467be83bd86a169b8de80b9b0d52154c82e68eb890a42c78434c7ee5
v2_ablations/cadets/full/seed_110/node_index.csv,104849,30eea93ad224b9faeb824eff5a52b1360f3b7d1f1f3f54cc13248f728f752bac
v2_ablations/cadets/full/seed_110/node_predictions.csv,31539,c16a7486eeefa7574b6fa0f23eaf46da16fd8c88e6b74d70626417bbe2c0cae7
v2_ablations/cadets/full/seed_110/robustness_metrics.json,931,53a946f217b1813d2eacf9f79edda637ebe20835f8839142d729b4444488e576
v2_ablations/cadets/full/seed_110/subgraph_predictions.csv,214,a41d8514285497df189de0085a402f12ec9a7aa3f2a33bbad889f601b340acec
v2_ablations/cadets/full/seed_110/training_history.csv,4474,de3b93334f7246e21a972fce131b6f740cecd20dbcab4e12bc1abdecb2f50920
v2_ablations/cadets/full/seed_22/campaign_index.csv,767,e77a2e618de93efde17302018a001c33e37e5319ce49389d9895f227eacc875f
v2_ablations/cadets/full/seed_22/checkpoint.pt,181685,b1fc3528197026aada2ad2fa89be244c5779a7f70e1236167b7c0fd2b56811e6
v2_ablations/cadets/full/seed_22/compactness_validation.json,1428,c7a9c523239ecf169357604d281b73d5f76cf07d3bf187432f5b65d0e519e3d0
v2_ablations/cadets/full/seed_22/config_resolved.json,6372,0378e1ea2fc7766da73a295ee540f1ed927944f62208f97655b7d1bac1d13f0b
v2_ablations/cadets/full/seed_22/dataset_manifest.json,499,57aa811a3de705e2482bd493e13f0f892335d48370bd1190af28e6cc211ddf36
v2_ablations/cadets/full/seed_22/edge_predictions.csv,19715,0a44e7e30af9bfa3c437fb823a2e1d03a262a59000804f63b601dbaa5937396f
v2_ablations/cadets/full/seed_22/explanation_metrics.json,507657,9a224837b495374f30b854a91f861d2ac6ea8917fdd8a70d5e319f098eef1f23
v2_ablations/cadets/full/seed_22/metrics.json,1066,dda1ed9770ef8641346edb5fa3965c7731e71ee6f94d53707c94bb636d5258e1
v2_ablations/cadets/full/seed_22/node_index.csv,104849,30eea93ad224b9faeb824eff5a52b1360f3b7d1f1f3f54cc13248f728f752bac
v2_ablations/cadets/full/seed_22/node_predictions.csv,31492,946c308d84d8b1d14623aa83a0817770c705f505ffc21534967e76e77d4c88ad
v2_ablations/cadets/full/seed_22/robustness_metrics.json,894,013684e67e5451b5404dcf35c5c7b6137376ef53cf53b79abe46a6bb8ae7912a
v2_ablations/cadets/full/seed_22/subgraph_predictions.csv,212,9d48d7c101f09f7009f2cecba9dd2f13edda52500d8c746b1b217f9255a738cb
v2_ablations/cadets/full/seed_22/training_history.csv,4478,1e1065e4676e4e36c46263b7721e135a7d2f3d6f0d5e5473ca9a5aae88459103
v2_ablations/cadets/full/seed_33/campaign_index.csv,767,e77a2e618de93efde17302018a001c33e37e5319ce49389d9895f227eacc875f
v2_ablations/cadets/full/seed_33/checkpoint.pt,181685,01c93230713c67aa964c3288e7a504e1c59a796beaf4a1510b50bd574dad4cf5
v2_ablations/cadets/full/seed_33/compactness_validation.json,1516,10aff34fc248195b0b2bd43f3e724f3019ba2ee3279c3d509521205489bb1464
v2_ablations/cadets/full/seed_33/config_resolved.json,6372,ae14777f3db50b8b50a47e0ea59e09e615d634e6a53d2e428c3ca2cf419185e3
v2_ablations/cadets/full/seed_33/dataset_manifest.json,499,57aa811a3de705e2482bd493e13f0f892335d48370bd1190af28e6cc211ddf36
v2_ablations/cadets/full/seed_33/edge_predictions.csv,19785,ecf32ba10cb975ca04e71e97810e36e01f8621e8ff87a1ca8b837a4bbb7031be
v2_ablations/cadets/full/seed_33/explanation_metrics.json,350340,4056222f367293d716888c1d37f8bf3b5967a72035c82efbe1b203595a7b5d04
v2_ablations/cadets/full/seed_33/metrics.json,1076,191cc15ce4af006134e9f7a75357cb209eb533566c8f2002921a2fdd7102ac4e
v2_ablations/cadets/full/seed_33/node_index.csv,104849,30eea93ad224b9faeb824eff5a52b1360f3b7d1f1f3f54cc13248f728f752bac
v2_ablations/cadets/full/seed_33/node_predictions.csv,32160,8f109f49b8afaf3b74ba473cce767fd743c61aaa778af8922a28556735bbd3d6
v2_ablations/cadets/full/seed_33/robustness_metrics.json,880,6eb9aa75709e80e454384f0dd46f84c5dea6ed4eb5fb76b9de96256e2a7feb84
v2_ablations/cadets/full/seed_33/subgraph_predictions.csv,213,399e5b780f9ff45e5eeded604c6bb0844fad721f57f2273ab5846ac77419d372
v2_ablations/cadets/full/seed_33/training_history.csv,4488,f6289a9408a75b52fdd516f157b92ac0dd17fa0f33f801732fd59038c15f39b1
v2_ablations/cadets/full/seed_44/campaign_index.csv,767,e77a2e618de93efde17302018a001c33e37e5319ce49389d9895f227eacc875f
v2_ablations/cadets/full/seed_44/checkpoint.pt,181685,3b08bcd73910c6adafc320d058ce4ffff7fe9ab979648e7c182763caf2f78efb
v2_ablations/cadets/full/seed_44/compactness_validation.json,1457,e5ccbfc6dbc794c66fa6564b873415e66ff2e05c6daed6a1555cba436b0b6f76
v2_ablations/cadets/full/seed_44/config_resolved.json,6372,fc0493493df6bfa0e6671c4600d2156e004f83d97d1910e2a96771bc9a6dece1
v2_ablations/cadets/full/seed_44/dataset_manifest.json,499,57aa811a3de705e2482bd493e13f0f892335d48370bd1190af28e6cc211ddf36
v2_ablations/cadets/full/seed_44/edge_predictions.csv,19649,9eb45da855190291ae11b918ff0c99fcbc447b2829e4423501f5ef24f19dc14f
v2_ablations/cadets/full/seed_44/explanation_metrics.json,1381045,48fe1c9cae5bdbf6e4b5490978b374b466204ddf5faddeeabe401a2b7373db4b
v2_ablations/cadets/full/seed_44/metrics.json,1056,523779c73f745c896874e62a648411ef772a0b8faa736f55a3225c5c89817f22
v2_ablations/cadets/full/seed_44/node_index.csv,104849,30eea93ad224b9faeb824eff5a52b1360f3b7d1f1f3f54cc13248f728f752bac
v2_ablations/cadets/full/seed_44/node_predictions.csv,32182,26584ccc11705de1745d80a91744b9dfe88dab442209f04e56fe797d4118bd48
v2_ablations/cadets/full/seed_44/robustness_metrics.json,894,7c53030d45ca2982935f6e2c07849a0408c03111bb5790af45e366180c0ed932
v2_ablations/cadets/full/seed_44/subgraph_predictions.csv,210,587aca6f0cd55fa73337bbcfb554e3677caf7e164690c4caeb0fc16b930caca1
v2_ablations/cadets/full/seed_44/training_history.csv,4455,350bdf862bb44ac4a60fd0aa50144c5995721bc92328677bfc8abd432dc338e9
v2_ablations/cadets/full/seed_55/campaign_index.csv,767,e77a2e618de93efde17302018a001c33e37e5319ce49389d9895f227eacc875f
v2_ablations/cadets/full/seed_55/checkpoint.pt,181685,993e28dc19c0a5aa6aee786bf5638b2e6246ba744885a1134c5bbdd001c5657d
v2_ablations/cadets/full/seed_55/compactness_validation.json,1531,ab6038fe8d2bb259df1d3b555ad9fcb71c4aff793938ead114b3146c30f1a010
v2_ablations/cadets/full/seed_55/config_resolved.json,6372,f884e06b154244ee23243a9c451869a29bf4eb7aa5362de7e99073bb545a1ba5
v2_ablations/cadets/full/seed_55/dataset_manifest.json,499,57aa811a3de705e2482bd493e13f0f892335d48370bd1190af28e6cc211ddf36
v2_ablations/cadets/full/seed_55/edge_predictions.csv,19918,87c4f3ca65c21e13144b9b992674b1f0dd336c773b256653502a958f0ce55f1f
v2_ablations/cadets/full/seed_55/explanation_metrics.json,282757,3d40ef75ee0440802bdd8a8e1eb8cdcdba7f31a82a183805708dacbd89bae48d
v2_ablations/cadets/full/seed_55/metrics.json,1066,428a52a58fe511e636bd88a6beae5fa4312308e0f5ae3f5c341d4dcc17d94103
v2_ablations/cadets/full/seed_55/node_index.csv,104849,30eea93ad224b9faeb824eff5a52b1360f3b7d1f1f3f54cc13248f728f752bac
v2_ablations/cadets/full/seed_55/node_predictions.csv,32320,fa12955393d2213f2e2fe08a1f3c4aa35dc4ca8c1fdd24a1687d66a1591b4c8c
v2_ablations/cadets/full/seed_55/robustness_metrics.json,958,a9b562e2542c83c95b3684ad18b0e39e63ab8c0fc1813407cab5959dc32e9299
v2_ablations/cadets/full/seed_55/subgraph_predictions.csv,208,69f20da8991a196700a7079b20c1c24fd6c5e5049a5fcb772d9f21efbe12dd45
v2_ablations/cadets/full/seed_55/training_history.csv,4472,2c3311eb3d13ea06ef8760b9ac737bb6e0cb73c9eb86f3fc28ddba1aff07400a
v2_ablations/cadets/full/seed_66/campaign_index.csv,767,e77a2e618de93efde17302018a001c33e37e5319ce49389d9895f227eacc875f
v2_ablations/cadets/full/seed_66/checkpoint.pt,181685,f93674b148a2bf99a23b97a79be37f32efd1f1028cbca6b6f55e22f7769486a2
v2_ablations/cadets/full/seed_66/compactness_validation.json,1534,2a76ecda2e7fd90feadf1d3dd87a5bc290a33f282c07de414ccb9438b3eb90ad
v2_ablations/cadets/full/seed_66/config_resolved.json,6373,0cc6be6bf87e868f88e7604c7f90380d0c08f121bd2ad048fc89f8b2da907918
v2_ablations/cadets/full/seed_66/dataset_manifest.json,499,57aa811a3de705e2482bd493e13f0f892335d48370bd1190af28e6cc211ddf36
v2_ablations/cadets/full/seed_66/edge_predictions.csv,19749,00e9723d7049bd42a5ac2eca7277185a2aa39869ae02490ee9cbf4798d3652de
v2_ablations/cadets/full/seed_66/explanation_metrics.json,134416,31a5838e302b1dea69a442b1eb713e77d81c7e698f68c1f179af94614efe515c
v2_ablations/cadets/full/seed_66/metrics.json,1035,04e3d8a5a5d09e0b0eb3fa0081526e77a9604d2a01d60471c86bec682f244d8f
v2_ablations/cadets/full/seed_66/node_index.csv,104849,30eea93ad224b9faeb824eff5a52b1360f3b7d1f1f3f54cc13248f728f752bac
v2_ablations/cadets/full/seed_66/node_predictions.csv,32117,08508a5c95bc19bb9147f7ae76389f53904f6cc598b7f70fe658896d110361d5
v2_ablations/cadets/full/seed_66/robustness_metrics.json,895,7d068a82c0442e87bf187295eea6b6eb38caf173000da7c86746a6e1c9fdb3e7
v2_ablations/cadets/full/seed_66/subgraph_predictions.csv,211,98f4db8565e1673a1b3d58c7109a29f8ed295005f7b422ba3413bfeee4d66de3
v2_ablations/cadets/full/seed_66/training_history.csv,4488,e595a60234b3d9599f1828c9da66205ae37e88c7394778fb38de7f5a5322138e
v2_ablations/cadets/full/seed_77/campaign_index.csv,767,e77a2e618de93efde17302018a001c33e37e5319ce49389d9895f227eacc875f
v2_ablations/cadets/full/seed_77/checkpoint.pt,181685,45fde8297f7d0a92dbdab9a3f103c6d5573cdbdd552b17312ee52e5eaa2838c4
v2_ablations/cadets/full/seed_77/compactness_validation.json,1550,75b1d1dcb38815bb695926526527637d07acc491c81964f4fd21791bfd7b6e4e
v2_ablations/cadets/full/seed_77/config_resolved.json,6372,4417782a3a72e5f2b935acae00a87c70e33636eaed3e54034409c92d43866ac2
v2_ablations/cadets/full/seed_77/dataset_manifest.json,499,57aa811a3de705e2482bd493e13f0f892335d48370bd1190af28e6cc211ddf36
v2_ablations/cadets/full/seed_77/edge_predictions.csv,19687,0bbf7ff5927004b5db7e92aac8b6a1d02f5f37e2559729c0bc069a46f6961bc5
v2_ablations/cadets/full/seed_77/explanation_metrics.json,11981,a995bd2a76ac986af8c7e416b0bad872ab5ebd6266d012d69740840828f36c75
v2_ablations/cadets/full/seed_77/metrics.json,1038,ecc6a85b21e2e0eaed632c7eb68cffbd28824f36330cf6af0b247d1624afd7c1
v2_ablations/cadets/full/seed_77/node_index.csv,104849,30eea93ad224b9faeb824eff5a52b1360f3b7d1f1f3f54cc13248f728f752bac
v2_ablations/cadets/full/seed_77/node_predictions.csv,32324,539c48e6c035a02df1c907e0f9ef0049383eded0fcbc04401a60c6b0de9b3ac4
v2_ablations/cadets/full/seed_77/robustness_metrics.json,933,94f2250ca0b2cc9b0d355073f9cf62afe7bd05ea38799c50885894fd3082f27f
v2_ablations/cadets/full/seed_77/subgraph_predictions.csv,213,b30467c99448b2133fe24f381413bbee7b2f941119de3a7ad748eec73a2f1db8
v2_ablations/cadets/full/seed_77/training_history.csv,4476,9613c75916c715399ee712883bf843768b81a2266eac1aaa532e2f1e3d2122df
v2_ablations/cadets/full/seed_88/campaign_index.csv,767,e77a2e618de93efde17302018a001c33e37e5319ce49389d9895f227eacc875f
v2_ablations/cadets/full/seed_88/checkpoint.pt,181685,8b97bde31ed6ecb08382c6aa44bee5c335a61e4ae80ab886e581f21bb522cab8
v2_ablations/cadets/full/seed_88/compactness_validation.json,1515,f3a9d483ada45fa7a236e5551352a861a9de384f4a8b3b9a513e4f8da71a0780
v2_ablations/cadets/full/seed_88/config_resolved.json,6373,9ee21e590b9e9da8775202aadc43f560affad7563230a8c90729b04785d43dfb
v2_ablations/cadets/full/seed_88/dataset_manifest.json,499,57aa811a3de705e2482bd493e13f0f892335d48370bd1190af28e6cc211ddf36
v2_ablations/cadets/full/seed_88/edge_predictions.csv,19670,56594ba257ebba6c21625ca2f9f8db212216b04b13ebcfc1c4d01826e981b402
v2_ablations/cadets/full/seed_88/explanation_metrics.json,125835,6735296dcd93c0491c1aa4cb6ac1393b400f0f63fee3d978a32b8e5e478c4f93
v2_ablations/cadets/full/seed_88/metrics.json,1063,744b69a8510c7c731298c5acaed6a8e0395edf59cf431e08de8c4a93b85cd62c
v2_ablations/cadets/full/seed_88/node_index.csv,104849,30eea93ad224b9faeb824eff5a52b1360f3b7d1f1f3f54cc13248f728f752bac
v2_ablations/cadets/full/seed_88/node_predictions.csv,31144,715263e084ab27afaf4699028a195f881f74de5364854f6e3869a38f10dbc98e
v2_ablations/cadets/full/seed_88/robustness_metrics.json,914,aed8927ffc41a8ab5d4800ff409af3c8f6c0749013931e7ee650fc25f92199c8
v2_ablations/cadets/full/seed_88/subgraph_predictions.csv,214,658b463aeebfb233b297b719db50e900c1e034f611df3a8ad985212cb26b2ccf
v2_ablations/cadets/full/seed_88/training_history.csv,4474,79a3e38f42727b87bde53ace7e84e8090ab3012e837daaaf5c4311f00b9fa2d8
v2_ablations/cadets/full/seed_99/campaign_index.csv,767,e77a2e618de93efde17302018a001c33e37e5319ce49389d9895f227eacc875f
v2_ablations/cadets/full/seed_99/checkpoint.pt,181685,8a0109e7337bcc437114c095de09ae43b802e1a375634d65c0a69f10604371b9
v2_ablations/cadets/full/seed_99/compactness_validation.json,1550,f294cdff5f35d5b4acfea5f224105cec91ee7de9716b528b72698cf81c076ed3
v2_ablations/cadets/full/seed_99/config_resolved.json,6372,1814bad2575939dfd2e91aadea695bea18ffb5edbaffe56b114b847ada8f8a52
v2_ablations/cadets/full/seed_99/dataset_manifest.json,499,57aa811a3de705e2482bd493e13f0f892335d48370bd1190af28e6cc211ddf36
v2_ablations/cadets/full/seed_99/edge_predictions.csv,19646,2c537ccd016afcf7b05f83976a4dfa279b5758d140253e149deb5f3b78dfba9f
v2_ablations/cadets/full/seed_99/explanation_metrics.json,330505,d1c194160f8b4ad6bea3e48b841cb1cf001cf6d0d2933d7903699613757941ab
v2_ablations/cadets/full/seed_99/metrics.json,1068,251878d91d71fb8329db46050e5782fda2fb2a4a3e9f62d9fac3526c7c3cd129
v2_ablations/cadets/full/seed_99/node_index.csv,104849,30eea93ad224b9faeb824eff5a52b1360f3b7d1f1f3f54cc13248f728f752bac
v2_ablations/cadets/full/seed_99/node_predictions.csv,32344,70eb5ea6f836e019a0ac120e9f2327f3d25672c7f7cca1d07a68bc267757e7ae
v2_ablations/cadets/full/seed_99/robustness_metrics.json,960,69f04fa94f9cdde18de6192bd189d460761188bba81087eed3877459780f0d97
v2_ablations/cadets/full/seed_99/subgraph_predictions.csv,210,2ab9feb135f7ed06935ace52a948bfc72fd31091a8a3f5cad39570842999a71e
v2_ablations/cadets/full/seed_99/training_history.csv,4456,b6426a76be8c1ab58c936379e1652a5b214d2accdefbd429fde18e86d4e0a5d4
v2_ablations/cadets/minus_consistency_regularization/seed_11/campaign_index.csv,767,e77a2e618de93efde17302018a001c33e37e5319ce49389d9895f227eacc875f
v2_ablations/cadets/minus_consistency_regularization/seed_11/checkpoint.pt,181685,770381294f9e62c6b77f91993f211d6a460c349dbd468c36621851511f6f3001
v2_ablations/cadets/minus_consistency_regularization/seed_11/compactness_validation.json,1432,dc9ff4db7e93c064848ec0424a468dd288637f3aedfb45e6572a9a76568f68ab
v2_ablations/cadets/minus_consistency_regularization/seed_11/config_resolved.json,6374,2d35e7f896bbac55134ee47e01c7ef2458bff0a0c5330f423ed2f0a0a2df9a2d
v2_ablations/cadets/minus_consistency_regularization/seed_11/dataset_manifest.json,499,57aa811a3de705e2482bd493e13f0f892335d48370bd1190af28e6cc211ddf36
v2_ablations/cadets/minus_consistency_regularization/seed_11/edge_predictions.csv,19640,a5e186282cb8f7ae7e9460e03cf652bb16c58b7bb90aa5cf00e2b001b63416e9
v2_ablations/cadets/minus_consistency_regularization/seed_11/explanation_metrics.json,1643,c9e12c110fb1ed80fc9302c27e42d8c24efca2b29a9ae092e6c15cdeab47a656
v2_ablations/cadets/minus_consistency_regularization/seed_11/metrics.json,1030,33e5bc402c54a4e795ce14b574d98d6cbe415fcc8cb56e59f15bb3e9eb01e639
v2_ablations/cadets/minus_consistency_regularization/seed_11/node_index.csv,104849,30eea93ad224b9faeb824eff5a52b1360f3b7d1f1f3f54cc13248f728f752bac
v2_ablations/cadets/minus_consistency_regularization/seed_11/node_predictions.csv,31870,2c35b40620be6ad5df506c5d552cded96f25f1ac86bdf582ea1820225dd6b49e
v2_ablations/cadets/minus_consistency_regularization/seed_11/robustness_metrics.json,980,c9dd2b73a0343cb342e0894e4fcb19d933a5e5612d0788218bf20aefc34bd73c
v2_ablations/cadets/minus_consistency_regularization/seed_11/subgraph_predictions.csv,212,aa5cccc45ec6a8f2e7de17b6da7c597d45c1b13d6ccd1eaf6f9379ec68fcd163
v2_ablations/cadets/minus_consistency_regularization/seed_11/training_history.csv,6332,1476e4fb15f7de377bcffda370854f0ca94904e93a46d8ede30f4637c0efd7d0
v2_ablations/cadets/minus_consistency_regularization/seed_110/campaign_index.csv,767,e77a2e618de93efde17302018a001c33e37e5319ce49389d9895f227eacc875f
v2_ablations/cadets/minus_consistency_regularization/seed_110/checkpoint.pt,181685,b70a07a1927208afeb6510f3d74f82ed70b0a2607a4ea07f1dd0aedf425a189c
v2_ablations/cadets/minus_consistency_regularization/seed_110/compactness_validation.json,1530,374819402b732367cd20a8b1ac942a5ccb097c78af8e5cd3a6fdec6d0e8676f5
v2_ablations/cadets/minus_consistency_regularization/seed_110/config_resolved.json,6374,9261847a4bbfd9bf3c90ea9180983662e791a836c7f90732d83ebda2f6f1f121
v2_ablations/cadets/minus_consistency_regularization/seed_110/dataset_manifest.json,499,57aa811a3de705e2482bd493e13f0f892335d48370bd1190af28e6cc211ddf36
v2_ablations/cadets/minus_consistency_regularization/seed_110/edge_predictions.csv,19587,3e347fe1e1a017df3744b9b13a156c3fc35efef1c6fd64341b20cfba083666b6
v2_ablations/cadets/minus_consistency_regularization/seed_110/explanation_metrics.json,37308,0805d1e8f137a0cec826a453f99d2150dd5a5edb063ec073ba24c09f229e21ff
v2_ablations/cadets/minus_consistency_regularization/seed_110/metrics.json,1087,598d91221696f317b6f768395890953ff328c801f461e3e160d98b88f393ee0f
v2_ablations/cadets/minus_consistency_regularization/seed_110/node_index.csv,104849,30eea93ad224b9faeb824eff5a52b1360f3b7d1f1f3f54cc13248f728f752bac
v2_ablations/cadets/minus_consistency_regularization/seed_110/node_predictions.csv,31914,ca37afd946beaec8a09e1614e8973824a0d6bba6f12179c4574538804dcf1176
v2_ablations/cadets/minus_consistency_regularization/seed_110/robustness_metrics.json,1014,adff3574e6e2b37a093dd7d985cba7f33eb117333475be72c941040753a6b5cc
v2_ablations/cadets/minus_consistency_regularization/seed_110/subgraph_predictions.csv,213,f1b170fdafbfa670edc0735f4541eeb65ea2b4f93020f63f075c1015f6ef7a7e
v2_ablations/cadets/minus_consistency_regularization/seed_110/training_history.csv,4470,bc34b17603e3e609cc5c4fd16aab6165a86e58f9ca42a07bfc3b2a83e85c298b
v2_ablations/cadets/minus_consistency_regularization/seed_22/campaign_index.csv,767,e77a2e618de93efde17302018a001c33e37e5319ce49389d9895f227eacc875f
v2_ablations/cadets/minus_consistency_regularization/seed_22/checkpoint.pt,181685,dd49ca4c9a4a191d48c1ed0ecf97ff69cd0f4045c3a852dd0f9c041561a8de2a
v2_ablations/cadets/minus_consistency_regularization/seed_22/compactness_validation.json,1428,c7a9c523239ecf169357604d281b73d5f76cf07d3bf187432f5b65d0e519e3d0
v2_ablations/cadets/minus_consistency_regularization/seed_22/config_resolved.json,6373,c1c5e4c1f4d4028e5edbd3d3316c23f4ea3754952a44ddf8c6a984114ca1bde1
v2_ablations/cadets/minus_consistency_regularization/seed_22/dataset_manifest.json,499,57aa811a3de705e2482bd493e13f0f892335d48370bd1190af28e6cc211ddf36
v2_ablations/cadets/minus_consistency_regularization/seed_22/edge_predictions.csv,19719,1ea39d96168d11c0a55bb7c225fdaa41ea5a048368f2d8522fac3384c02bc43a
v2_ablations/cadets/minus_consistency_regularization/seed_22/explanation_metrics.json,507596,52dbdb619523c16c24274ccf4e539c594f47aa58a31e664238dd731c20ada338
v2_ablations/cadets/minus_consistency_regularization/seed_22/metrics.json,1071,694f13f5d5631c30722a53698c2efa5e245d449641c5dc99a9b49acb9a10d5bf
v2_ablations/cadets/minus_consistency_regularization/seed_22/node_index.csv,104849,30eea93ad224b9faeb824eff5a52b1360f3b7d1f1f3f54cc13248f728f752bac
v2_ablations/cadets/minus_consistency_regularization/seed_22/node_predictions.csv,32176,bd4a4664a9da25cecfbfaab19246e068670ebabab2f22046e4a43e7176fdd5f2
v2_ablations/cadets/minus_consistency_regularization/seed_22/robustness_metrics.json,975,4a69d1f066d78a45ed0196010667e8455ac4907eba5950c7fcbb6ddc510854dc
v2_ablations/cadets/minus_consistency_regularization/seed_22/subgraph_predictions.csv,214,31fa1763520f09ca5af011e46fb9187c429fd7cbf54e0503aeb5bde46cd0dc73
v2_ablations/cadets/minus_consistency_regularization/seed_22/training_history.csv,4469,cbbc0886900f76d0e64e31ccd22472a41763d8a0b85cd9c3595484ad54fb55b4
v2_ablations/cadets/minus_consistency_regularization/seed_33/campaign_index.csv,767,e77a2e618de93efde17302018a001c33e37e5319ce49389d9895f227eacc875f
v2_ablations/cadets/minus_consistency_regularization/seed_33/checkpoint.pt,181685,7a3d3300db23d47370b2ad403418ef98fbc74153c788effaafd776af10a86d73
v2_ablations/cadets/minus_consistency_regularization/seed_33/compactness_validation.json,1500,c4fbdfa301c444f950ed1ad829bba085a0c96d9f0d600c9e100faab872cdcee4
v2_ablations/cadets/minus_consistency_regularization/seed_33/config_resolved.json,6373,570200b90cf4292a98ecad03b26512902d6c33c68cd787a02cbabe5cd99c68a2
v2_ablations/cadets/minus_consistency_regularization/seed_33/dataset_manifest.json,499,57aa811a3de705e2482bd493e13f0f892335d48370bd1190af28e6cc211ddf36
v2_ablations/cadets/minus_consistency_regularization/seed_33/edge_predictions.csv,19792,f55883145ba730fb48116c7ae6c9ec4288cdd8f549fecdb0642b8280c1a47bcd
v2_ablations/cadets/minus_consistency_regularization/seed_33/explanation_metrics.json,230703,94818df8c61145abeedbf4e45dcf5519a5e06632f14a1d828bdbc52b611aa5c0
v2_ablations/cadets/minus_consistency_regularization/seed_33/metrics.json,1084,066a7412888b1dba36f87c0e0597b859c8f6d1f47e123971fa35f5477b3b48c3
v2_ablations/cadets/minus_consistency_regularization/seed_33/node_index.csv,104849,30eea93ad224b9faeb824eff5a52b1360f3b7d1f1f3f54cc13248f728f752bac
v2_ablations/cadets/minus_consistency_regularization/seed_33/node_predictions.csv,32193,b820903337c173159182b8207e68ec900fc64fc3ff2e3cb8cd9925563c06f318
v2_ablations/cadets/minus_consistency_regularization/seed_33/robustness_metrics.json,974,5a9172c950bb111ae4330d6932e53f8fe1f338f37407397ff097d7c274ed3bac
v2_ablations/cadets/minus_consistency_regularization/seed_33/subgraph_predictions.csv,209,e868c2630472e040905f20d522fcbef0917fcb65f6d7fb59518e246ab6627961
v2_ablations/cadets/minus_consistency_regularization/seed_33/training_history.csv,4475,b31620933dbd2cf3af378d123208ca805c2eabc93f4a2b301a083441798a769a
v2_ablations/cadets/minus_consistency_regularization/seed_44/campaign_index.csv,767,e77a2e618de93efde17302018a001c33e37e5319ce49389d9895f227eacc875f
v2_ablations/cadets/minus_consistency_regularization/seed_44/checkpoint.pt,181685,d71a670e79d44bb4dcf0f154b6cc50670c1ddb72d815380ea8d92c996da1f1aa
v2_ablations/cadets/minus_consistency_regularization/seed_44/compactness_validation.json,1502,d19bf72381499417444106ec0719043747c94b08339560cf4cc97cb49abab150
v2_ablations/cadets/minus_consistency_regularization/seed_44/config_resolved.json,6373,a03cb6d79670700e0ed37005ace356eba7c55027298a8766464078966141a042
v2_ablations/cadets/minus_consistency_regularization/seed_44/dataset_manifest.json,499,57aa811a3de705e2482bd493e13f0f892335d48370bd1190af28e6cc211ddf36
v2_ablations/cadets/minus_consistency_regularization/seed_44/edge_predictions.csv,19632,96a4f612ee50352708366c725aa03f8c221cfa5fbd77866172590fc4b71a319e
v2_ablations/cadets/minus_consistency_regularization/seed_44/explanation_metrics.json,1380623,c93f1a4c896567ab21a4aa2e742ce7fbfc3bad663273534e717a93e6a2d97774
v2_ablations/cadets/minus_consistency_regularization/seed_44/metrics.json,1068,7d64078d366f315355fbf744e037dad77c59c670286dfd8d0c6e008d2aab9278
v2_ablations/cadets/minus_consistency_regularization/seed_44/node_index.csv,104849,30eea93ad224b9faeb824eff5a52b1360f3b7d1f1f3f54cc13248f728f752bac
v2_ablations/cadets/minus_consistency_regularization/seed_44/node_predictions.csv,32173,6e2bc71b2d69ecca58a1f39ca6cce2c759bc1764b38b90d8bacd6fd1ff2f7045
v2_ablations/cadets/minus_consistency_regularization/seed_44/robustness_metrics.json,975,7239b3da763af56f55271fbb203a2b55fdd0b49144cfb0224ab3eec6d2c590a7
v2_ablations/cadets/minus_consistency_regularization/seed_44/subgraph_predictions.csv,208,a70d2f73f35aebb3dfbf7794a8a511c6c4b083115eb3539c1ca5cdf9bbb64193
v2_ablations/cadets/minus_consistency_regularization/seed_44/training_history.csv,4463,d246d5c99a9a4c5e98fbc7a35de3f08c8760a82e7f83fd3179ae65abfaf8cfc0
v2_ablations/cadets/minus_consistency_regularization/seed_55/campaign_index.csv,767,e77a2e618de93efde17302018a001c33e37e5319ce49389d9895f227eacc875f
v2_ablations/cadets/minus_consistency_regularization/seed_55/checkpoint.pt,181685,4d97e54330318c8922d5231233afcf4a3fcfbb1226de6a4b48cb91b711d75cf5
v2_ablations/cadets/minus_consistency_regularization/seed_55/compactness_validation.json,1535,2432d0a174834f954c250e3b3cb8b4d82c04705cc7e6f20de703f7544ca546ce
v2_ablations/cadets/minus_consistency_regularization/seed_55/config_resolved.json,6374,9b79aa7c630368c566e1645487a36c0d0cbaed8c26fb37d9b3be27bcaf5320ab
v2_ablations/cadets/minus_consistency_regularization/seed_55/dataset_manifest.json,499,57aa811a3de705e2482bd493e13f0f892335d48370bd1190af28e6cc211ddf36
v2_ablations/cadets/minus_consistency_regularization/seed_55/edge_predictions.csv,19884,f8ace8b7226884bd05d34a530cd162041aa014824711979148de00ba66bb3592
v2_ablations/cadets/minus_consistency_regularization/seed_55/explanation_metrics.json,264482,8435724fb0f013a41e21beb27ae362d6d7f7d625e4beaa0c4335ed04dbf7e860
v2_ablations/cadets/minus_consistency_regularization/seed_55/metrics.json,1064,3ce79755aa67f2dbabf1fc340e28a68c4a74a45692080da12d25568d7dd4e5e4
v2_ablations/cadets/minus_consistency_regularization/seed_55/node_index.csv,104849,30eea93ad224b9faeb824eff5a52b1360f3b7d1f1f3f54cc13248f728f752bac
v2_ablations/cadets/minus_consistency_regularization/seed_55/node_predictions.csv,31942,0548d15667804bc566733a0dcd844d7fc8df0dfcf9aa0b70e9d2ed4792269683
v2_ablations/cadets/minus_consistency_regularization/seed_55/robustness_metrics.json,1040,aadef5404a82d692fb9c7a61f3fa5a1ffc4bdc663b2f6fc45a172a3b116f18be
v2_ablations/cadets/minus_consistency_regularization/seed_55/subgraph_predictions.csv,210,1a65b103f7b7b4003e44b2e573dbd3acea7be9eada2df9abd033cbd06f540a6a
v2_ablations/cadets/minus_consistency_regularization/seed_55/training_history.csv,4479,4938c962c98faa882ddeaa9ad5c4c07db9824000d45e11cbbabd4ce2ae25ee39
v2_ablations/cadets/minus_consistency_regularization/seed_66/campaign_index.csv,767,e77a2e618de93efde17302018a001c33e37e5319ce49389d9895f227eacc875f
v2_ablations/cadets/minus_consistency_regularization/seed_66/checkpoint.pt,181685,48f46d47c291a1f5bb8788371370bf3d88c607e7103f153eb33c69df4244fa24
v2_ablations/cadets/minus_consistency_regularization/seed_66/compactness_validation.json,1541,2d1fc49994e168342934adbb772e68c83450dc58126bba39cc124a9280b4772c
v2_ablations/cadets/minus_consistency_regularization/seed_66/config_resolved.json,6374,ccae9bb36dc0d5d990d4dcd4350728f33b379bcd2f69b30d737908c07f40ae33
v2_ablations/cadets/minus_consistency_regularization/seed_66/dataset_manifest.json,499,57aa811a3de705e2482bd493e13f0f892335d48370bd1190af28e6cc211ddf36
v2_ablations/cadets/minus_consistency_regularization/seed_66/edge_predictions.csv,19755,be8c6b9aa5d87acb7b42a64465bcd46cd343931c4123552b35577dcc8da461b7
v2_ablations/cadets/minus_consistency_regularization/seed_66/explanation_metrics.json,134504,32e3993c55a27304eb771be4545a485e96d218a866824a86a6c19772ca15cdbb
v2_ablations/cadets/minus_consistency_regularization/seed_66/metrics.json,1030,2859a81b418f275f5821360b5dd6b2e5eed38d8832f232279273152f4d1acbaa
v2_ablations/cadets/minus_consistency_regularization/seed_66/node_index.csv,104849,30eea93ad224b9faeb824eff5a52b1360f3b7d1f1f3f54cc13248f728f752bac
v2_ablations/cadets/minus_consistency_regularization/seed_66/node_predictions.csv,31805,a6b32dc5fddc783ea0c1ae5105ec350b8f63c625d6bf2c41040bf79ef2f6aa53
v2_ablations/cadets/minus_consistency_regularization/seed_66/robustness_metrics.json,1013,22e4e269d5b8df5990cd83775cb598041692945fb70abcdaa833b136cd33cf2d
v2_ablations/cadets/minus_consistency_regularization/seed_66/subgraph_predictions.csv,211,b43ceb79032d054b50193554afb0aac4a4bcd1b2f39393ad68ae2f0d870788ed
v2_ablations/cadets/minus_consistency_regularization/seed_66/training_history.csv,4500,a84e19df95183ceaee9896e4d3a08fa329bef8194b6a1edd07e6ace5bc4838a4
v2_ablations/cadets/minus_consistency_regularization/seed_77/campaign_index.csv,767,e77a2e618de93efde17302018a001c33e37e5319ce49389d9895f227eacc875f
v2_ablations/cadets/minus_consistency_regularization/seed_77/checkpoint.pt,181685,059642a6cc2c3bfa82d69a9b535325028fd3d93e4a456371607e8f5fe41d760e
v2_ablations/cadets/minus_consistency_regularization/seed_77/compactness_validation.json,1550,62080396adeb0891b47c3d0ee05d7167e1162e569676d5fbcf9b869859dff416
v2_ablations/cadets/minus_consistency_regularization/seed_77/config_resolved.json,6373,566b71728d1b036ea475af2c8992aeb6137f63b16ed23815faf9855132901a06
v2_ablations/cadets/minus_consistency_regularization/seed_77/dataset_manifest.json,499,57aa811a3de705e2482bd493e13f0f892335d48370bd1190af28e6cc211ddf36
v2_ablations/cadets/minus_consistency_regularization/seed_77/edge_predictions.csv,19699,fe3dc3b96e04bbea3ebbf6d18ff465991e99d6e1f3928ce840c90ed022ff3a25
v2_ablations/cadets/minus_consistency_regularization/seed_77/explanation_metrics.json,9578,fcd6536ab6e7847d04c106806529f4bbd1fca36be68da99d103f5efbf6c0f385
v2_ablations/cadets/minus_consistency_regularization/seed_77/metrics.json,1034,a84b6a875495ce575a4dadb6766d260dfe408113644d7b90a2ccb6ff70c9db7a
v2_ablations/cadets/minus_consistency_regularization/seed_77/node_index.csv,104849,30eea93ad224b9faeb824eff5a52b1360f3b7d1f1f3f54cc13248f728f752bac
v2_ablations/cadets/minus_consistency_regularization/seed_77/node_predictions.csv,32313,7bb0f157e10872ae19dc8b44df5fa35c457e484ba21770461e887bc888e20914
v2_ablations/cadets/minus_consistency_regularization/seed_77/robustness_metrics.json,1015,fcb02a4ff328d723fef90d7cb15fcbf3e0da22b99333ca3dbf74988367b3d5d1
v2_ablations/cadets/minus_consistency_regularization/seed_77/subgraph_predictions.csv,213,1efd6b5cf39f5e06495949f60cda3d3f4c22c81f0f8426e6cbaa27ecc4c78f86
v2_ablations/cadets/minus_consistency_regularization/seed_77/training_history.csv,4461,cbff4682c500017c9f41017257bece907daf84395e152f0ac3eae550f7e28fca
v2_ablations/cadets/minus_consistency_regularization/seed_88/campaign_index.csv,767,e77a2e618de93efde17302018a001c33e37e5319ce49389d9895f227eacc875f
v2_ablations/cadets/minus_consistency_regularization/seed_88/checkpoint.pt,181685,c0a446404fc9a80112c6b0e34558b408dde971936bc0bfafe8c0bfb60cb22f65
v2_ablations/cadets/minus_consistency_regularization/seed_88/compactness_validation.json,1536,9c484b07b759a9e77d586a37b849745da4d76835b50d291532117693d7623da8
v2_ablations/cadets/minus_consistency_regularization/seed_88/config_resolved.json,6374,be925288fb653a3b748c5874ff259dc4a50eb9354f0d7bd403598e26f1ddf613
v2_ablations/cadets/minus_consistency_regularization/seed_88/dataset_manifest.json,499,57aa811a3de705e2482bd493e13f0f892335d48370bd1190af28e6cc211ddf36
v2_ablations/cadets/minus_consistency_regularization/seed_88/edge_predictions.csv,19663,142014dacf173b11f9353bfe9d951942a2df16cb3e7ebe09ada06e4fd7f2fc05
v2_ablations/cadets/minus_consistency_regularization/seed_88/explanation_metrics.json,125798,35777cafb5db4702590ed1da409125099186b59b35c83c78ee169c9036dacf26
v2_ablations/cadets/minus_consistency_regularization/seed_88/metrics.json,1063,973f3e4f4406c1c7ffaee54278ff8e6378ad9aa117b07d4c4b09dbc8f34f863e
v2_ablations/cadets/minus_consistency_regularization/seed_88/node_index.csv,104849,30eea93ad224b9faeb824eff5a52b1360f3b7d1f1f3f54cc13248f728f752bac
v2_ablations/cadets/minus_consistency_regularization/seed_88/node_predictions.csv,31842,295ac0870a6992967d89178880c6712075f3556a3ee61512af8bb44934afc51f
v2_ablations/cadets/minus_consistency_regularization/seed_88/robustness_metrics.json,1012,a5dd3c8c71d5b34e2b54dbaa289e1293f9c0ebbef99cee85cacb31a24f12a827
v2_ablations/cadets/minus_consistency_regularization/seed_88/subgraph_predictions.csv,211,711eb9a1832831f901aa519360709714b2a005b7d7f3cef09fd5023853f12cbe
v2_ablations/cadets/minus_consistency_regularization/seed_88/training_history.csv,4479,f0d98dafc4652e31d49e0bacc1cb6b61fe0711f181ced5097a21997ea282aa4a
v2_ablations/cadets/minus_consistency_regularization/seed_99/campaign_index.csv,767,e77a2e618de93efde17302018a001c33e37e5319ce49389d9895f227eacc875f
v2_ablations/cadets/minus_consistency_regularization/seed_99/checkpoint.pt,181685,c445cd3e888315b5777818cd3db0270f2167878162e57c6b89a980a3be7e222b
v2_ablations/cadets/minus_consistency_regularization/seed_99/compactness_validation.json,1532,39f66f9359d844a71ff4aa3a08d97a669f5260b20aa49cc1527dca73d8540050
v2_ablations/cadets/minus_consistency_regularization/seed_99/config_resolved.json,6373,8861d357821bf61b468e27cbc37e5476eb059c3a5fbc412d763a7980161f05d8
v2_ablations/cadets/minus_consistency_regularization/seed_99/dataset_manifest.json,499,57aa811a3de705e2482bd493e13f0f892335d48370bd1190af28e6cc211ddf36
v2_ablations/cadets/minus_consistency_regularization/seed_99/edge_predictions.csv,19661,d3686526bf0ade6888d6dac79592b2a1fd14c517573a438c48849b4a3a902682
v2_ablations/cadets/minus_consistency_regularization/seed_99/explanation_metrics.json,344120,7c9449744ad83349f11a6bd4a999eb12ffbf1020aaebf6a0d5af38efc779a619
v2_ablations/cadets/minus_consistency_regularization/seed_99/metrics.json,1063,01ae054ca9e73490c0e6e7a074583140148e871078a4907250ec4015a9d3c160
v2_ablations/cadets/minus_consistency_regularization/seed_99/node_index.csv,104849,30eea93ad224b9faeb824eff5a52b1360f3b7d1f1f3f54cc13248f728f752bac
v2_ablations/cadets/minus_consistency_regularization/seed_99/node_predictions.csv,31942,239cea98f15130463210eee517f390a74f02c289af79b503ec6fe6c493a4eccf
v2_ablations/cadets/minus_consistency_regularization/seed_99/robustness_metrics.json,1041,649ede7e51ae0e82ae117dc0b015b68780312c6f17ea9b2a76a53ce52b08898e
v2_ablations/cadets/minus_consistency_regularization/seed_99/subgraph_predictions.csv,212,1771148c20fefba4bf951f7b70a444471ec500a3a4e39ebba4737273d4439ed8
v2_ablations/cadets/minus_consistency_regularization/seed_99/training_history.csv,4471,bd5adeb389acc15eca8c56571da2209b2d108849003d0abf0e15cbf8426beb3c
v2_ablations/cadets/minus_gating_mechanism/seed_11/campaign_index.csv,767,e77a2e618de93efde17302018a001c33e37e5319ce49389d9895f227eacc875f
v2_ablations/cadets/minus_gating_mechanism/seed_11/checkpoint.pt,181685,cc7fe23cf0b5003c9cb433669c19c27ffea6d755fe0893bdba46a84f0a9cd3f8
v2_ablations/cadets/minus_gating_mechanism/seed_11/compactness_validation.json,1426,3c3b77a6d2db7df98e8e0c0e22c7877223f0a0a9a792449c091a733e64e3bac2
v2_ablations/cadets/minus_gating_mechanism/seed_11/config_resolved.json,6372,becd47201ee9325d61b53cdd29e9f65f34bd7f2a10acadbe06270252cd9fbc81
v2_ablations/cadets/minus_gating_mechanism/seed_11/dataset_manifest.json,499,57aa811a3de705e2482bd493e13f0f892335d48370bd1190af28e6cc211ddf36
v2_ablations/cadets/minus_gating_mechanism/seed_11/edge_predictions.csv,19775,a382fcabbb9a72f32140c0e773e0e5549106716c8ce6547a24c42917c8c2a220
v2_ablations/cadets/minus_gating_mechanism/seed_11/explanation_metrics.json,86527,fa77266b258b20097227a8dc7d8184e42e2a401f382fd7f7ccf74fbf29a011bc
v2_ablations/cadets/minus_gating_mechanism/seed_11/metrics.json,1046,b4971ff0108fd4daf17eb9ea7c8d7f325f49970de35751287ea67a013fc52b55
v2_ablations/cadets/minus_gating_mechanism/seed_11/node_index.csv,104849,30eea93ad224b9faeb824eff5a52b1360f3b7d1f1f3f54cc13248f728f752bac
v2_ablations/cadets/minus_gating_mechanism/seed_11/node_predictions.csv,31891,a5c50d04a39b6a3dd537c45017cb15d148889536f4cfe6668c234b9834666722
v2_ablations/cadets/minus_gating_mechanism/seed_11/robustness_metrics.json,978,523dd4e7c57dd7b2bd5925e0acf1d30573cabae69131f226a8621e389be960e2
v2_ablations/cadets/minus_gating_mechanism/seed_11/subgraph_predictions.csv,212,8611eae9d1bef799053d121d0c912a79eae87659b851465758e6730172b28342
v2_ablations/cadets/minus_gating_mechanism/seed_11/training_history.csv,4451,4eeff04b7ae6c1cfbcfebd9999bd8f6157e1e54bc76f00b202a97c0c9f664cb4
v2_ablations/cadets/minus_gating_mechanism/seed_110/campaign_index.csv,767,e77a2e618de93efde17302018a001c33e37e5319ce49389d9895f227eacc875f
v2_ablations/cadets/minus_gating_mechanism/seed_110/checkpoint.pt,181685,bfd1a962c1d30a368b2910107cdf51b0f039677a49c54be98c9c40c3b36e9702
v2_ablations/cadets/minus_gating_mechanism/seed_110/compactness_validation.json,1422,e59bba3364131caee422990bb102321aa05d86d215357f5c16e6f1a38dfa3772
v2_ablations/cadets/minus_gating_mechanism/seed_110/config_resolved.json,6374,00d16e3bf880df65b740f435182ce857eaff60a85d6f21f0e95c09643e78e5db
v2_ablations/cadets/minus_gating_mechanism/seed_110/dataset_manifest.json,499,57aa811a3de705e2482bd493e13f0f892335d48370bd1190af28e6cc211ddf36
v2_ablations/cadets/minus_gating_mechanism/seed_110/edge_predictions.csv,19568,3c12c35d21ead6e4cd265ead73c729889661b6f80813ac7e048333f139a09bd7
v2_ablations/cadets/minus_gating_mechanism/seed_110/explanation_metrics.json,1293753,97647ceb2a3822519869d5ab9146c32561729a03d0fac8ad5d99337cc68d4772
v2_ablations/cadets/minus_gating_mechanism/seed_110/metrics.json,1069,759440539f34ada15f9ad692c0934d4577f7b572f2624f1252f432c410590acb
v2_ablations/cadets/minus_gating_mechanism/seed_110/node_index.csv,104849,30eea93ad224b9faeb824eff5a52b1360f3b7d1f1f3f54cc13248f728f752bac
v2_ablations/cadets/minus_gating_mechanism/seed_110/node_predictions.csv,31970,3cc38190db7cfc880fe9461c3cf7c733f0ffaf1c49c479ae8d9ad159dca25e24
v2_ablations/cadets/minus_gating_mechanism/seed_110/robustness_metrics.json,975,6b5e6fec3b39eea784208a4c09daca3bf3dc057719ff95fbf692735c5b324674
v2_ablations/cadets/minus_gating_mechanism/seed_110/subgraph_predictions.csv,213,b3c1f030427346fe4c899ffede9f629c451c8ee3530dac53307e90a1e5c8fe6a
v2_ablations/cadets/minus_gating_mechanism/seed_110/training_history.csv,4455,c567fd25c3c65d03c17c8964995fc9fa9601393a0008f692f8f7ddfe4c538341
v2_ablations/cadets/minus_gating_mechanism/seed_22/campaign_index.csv,767,e77a2e618de93efde17302018a001c33e37e5319ce49389d9895f227eacc875f
v2_ablations/cadets/minus_gating_mechanism/seed_22/checkpoint.pt,181685,3d4bda2835383ca0d785a05b8b5789d81e0ce6495708f2278c3453e1475ac007
v2_ablations/cadets/minus_gating_mechanism/seed_22/compactness_validation.json,1426,9a531aa3321b12ed9b191841223b26d3d241246c206d2b98302f3c5b235118dd
v2_ablations/cadets/minus_gating_mechanism/seed_22/config_resolved.json,6373,e705a338acc6656ec32418327ff131b88f03f3051810af4d566e6a6d2c79175e
v2_ablations/cadets/minus_gating_mechanism/seed_22/dataset_manifest.json,499,57aa811a3de705e2482bd493e13f0f892335d48370bd1190af28e6cc211ddf36
v2_ablations/cadets/minus_gating_mechanism/seed_22/edge_predictions.csv,19762,f5aed41daedbe5b4bfe0f6478f8e06fc5892c0e09a4868cab6d58d161882950c
v2_ablations/cadets/minus_gating_mechanism/seed_22/explanation_metrics.json,497676,ad61256c90e6bfcb5ab91e8b083c30e62c0b20011524faa55478645377d6887d
v2_ablations/cadets/minus_gating_mechanism/seed_22/metrics.json,1051,05b9178dbc15b8d3e4c768ada4e6e6ea81a42923391927b21ff23c38b62aa269
v2_ablations/cadets/minus_gating_mechanism/seed_22/node_index.csv,104849,30eea93ad224b9faeb824eff5a52b1360f3b7d1f1f3f54cc13248f728f752bac
v2_ablations/cadets/minus_gating_mechanism/seed_22/node_predictions.csv,31423,d200ef1bf87e705a3cee41ad19dad32ebe5e51e4069ec72b62aaf93d13479462
v2_ablations/cadets/minus_gating_mechanism/seed_22/robustness_metrics.json,975,a27719082dfb00dcea75aa7098cd784a5310565ee54802721678455f06f16ed4
v2_ablations/cadets/minus_gating_mechanism/seed_22/subgraph_predictions.csv,212,84f59f045e35a246b90d77f94ce14c0ae3ee58f01a80c9877bf71d95bb150f30
v2_ablations/cadets/minus_gating_mechanism/seed_22/training_history.csv,4471,c9842925b38fa359703b58fca764adf7c9e1344e78587b86dda54dd08557653a
v2_ablations/cadets/minus_gating_mechanism/seed_33/campaign_index.csv,767,e77a2e618de93efde17302018a001c33e37e5319ce49389d9895f227eacc875f
v2_ablations/cadets/minus_gating_mechanism/seed_33/checkpoint.pt,181685,76c34d703b9a4c03f6f427820a7d2c4c96cad8ba500a66dba009cbd7893d6a74
v2_ablations/cadets/minus_gating_mechanism/seed_33/compactness_validation.json,1426,a39e13bf873e6319654bd277c3bdf589c6456b20bc6aaa6d46e2b4dd97a7d3e6
v2_ablations/cadets/minus_gating_mechanism/seed_33/config_resolved.json,6373,b6ac50e3fc3fb3d90cde490ead1c47e3dd0631851c4ed4f9c82a8a72b39ccfa3
v2_ablations/cadets/minus_gating_mechanism/seed_33/dataset_manifest.json,499,57aa811a3de705e2482bd493e13f0f892335d48370bd1190af28e6cc211ddf36
v2_ablations/cadets/minus_gating_mechanism/seed_33/edge_predictions.csv,19664,81c92cd8bbcef1492c16c56e45657514fa8d2df59e8faeb5825ea67d6a5600a4
v2_ablations/cadets/minus_gating_mechanism/seed_33/explanation_metrics.json,1293401,335a3c184a1813fad54ef8edaa6a01f37f78ed1ce076f236f5f64c574a4e0bdf
v2_ablations/cadets/minus_gating_mechanism/seed_33/metrics.json,1065,c1450896cf886f3298b63f50191ebd7adf146814303f482444a5674772505f05
v2_ablations/cadets/minus_gating_mechanism/seed_33/node_index.csv,104849,30eea93ad224b9faeb824eff5a52b1360f3b7d1f1f3f54cc13248f728f752bac
v2_ablations/cadets/minus_gating_mechanism/seed_33/node_predictions.csv,32214,883c0e3688edee5de9b7bcfb05cc43820c32c89b75510570ee25c2c77b0b20f8
v2_ablations/cadets/minus_gating_mechanism/seed_33/robustness_metrics.json,975,5237ad2d60001577c50aa366198ce49c3026ddd163ba0e31a9f0eebbe35ffc5e
v2_ablations/cadets/minus_gating_mechanism/seed_33/subgraph_predictions.csv,212,b26b1f060231dd40623759b5065f11bb7dfb911419c552885e85c82de2bb33a6
v2_ablations/cadets/minus_gating_mechanism/seed_33/training_history.csv,4476,c7c426be97aa7e34fb00d8104f5e303b4b8fb7639aa294cfee0bbd519329908e
v2_ablations/cadets/minus_gating_mechanism/seed_44/campaign_index.csv,767,e77a2e618de93efde17302018a001c33e37e5319ce49389d9895f227eacc875f
v2_ablations/cadets/minus_gating_mechanism/seed_44/checkpoint.pt,181685,e706162cfad64309041d1f4f7f5f11616fd1b7d5ee0bce1392a819ef3a07030f
v2_ablations/cadets/minus_gating_mechanism/seed_44/compactness_validation.json,1443,36123e190bb1c5e3ae5af11c3b37831d082e98f7f8ccc9fa8529d05a913b4255
v2_ablations/cadets/minus_gating_mechanism/seed_44/config_resolved.json,6373,4e9c132beb8594c56310321a147960c6b998346d3b25206709e0355153c93f39
v2_ablations/cadets/minus_gating_mechanism/seed_44/dataset_manifest.json,499,57aa811a3de705e2482bd493e13f0f892335d48370bd1190af28e6cc211ddf36
v2_ablations/cadets/minus_gating_mechanism/seed_44/edge_predictions.csv,19670,84517f906358e1b701abf63777b37d11dcfc5f6f9a3d83b069d486c5861b0c25
v2_ablations/cadets/minus_gating_mechanism/seed_44/explanation_metrics.json,1381983,2ca18f21d7e516928a890c221ef2970cefb1093c4706160fc7aa9392ac7b1722
v2_ablations/cadets/minus_gating_mechanism/seed_44/metrics.json,1057,b4f4d9db51eaf14a6898526aa7c6817d5ecb1e6408d9bc46c2377f6fbbc3a3dc
v2_ablations/cadets/minus_gating_mechanism/seed_44/node_index.csv,104849,30eea93ad224b9faeb824eff5a52b1360f3b7d1f1f3f54cc13248f728f752bac
v2_ablations/cadets/minus_gating_mechanism/seed_44/node_predictions.csv,31920,53e6d1f22bf9cbb57ee74ddf8725017ba807e1d91956a07d2bba8e1e0aa2bcaa
v2_ablations/cadets/minus_gating_mechanism/seed_44/robustness_metrics.json,975,7239b3da763af56f55271fbb203a2b55fdd0b49144cfb0224ab3eec6d2c590a7
v2_ablations/cadets/minus_gating_mechanism/seed_44/subgraph_predictions.csv,211,c295104921700c52c6fe0e7da71aa13ac3055c8923eb013cb0dc71e9163ec9ad
v2_ablations/cadets/minus_gating_mechanism/seed_44/training_history.csv,4466,e85a537e37ff17193d7662d663629e3cafe599ccee0379872060a7f2c3784200
v2_ablations/cadets/minus_gating_mechanism/seed_55/campaign_index.csv,767,e77a2e618de93efde17302018a001c33e37e5319ce49389d9895f227eacc875f
v2_ablations/cadets/minus_gating_mechanism/seed_55/checkpoint.pt,181685,b7d6ed86e299f77b6bf5042760481cf9e7d8a8ad179fc516119fb97c869f03ab
v2_ablations/cadets/minus_gating_mechanism/seed_55/compactness_validation.json,1544,0ddd4e25dd3be1b03ce7075cb6453c9834f9019244dd3cc939efda2ebf0cf795
v2_ablations/cadets/minus_gating_mechanism/seed_55/config_resolved.json,6373,ecb5532e1cab64d5e380a76cabfc0a802f24b37be5ed807e1370426febbfdb73
v2_ablations/cadets/minus_gating_mechanism/seed_55/dataset_manifest.json,499,57aa811a3de705e2482bd493e13f0f892335d48370bd1190af28e6cc211ddf36
v2_ablations/cadets/minus_gating_mechanism/seed_55/edge_predictions.csv,19882,f23cad8e595c79278b2b3debdfc6123370a0b4bdf5e322abbf3a69b952b715a4
v2_ablations/cadets/minus_gating_mechanism/seed_55/explanation_metrics.json,325668,a715ce192960fe5a023baa935d141541766964fbae3eb0ecc2c98ec6d61a0cb0
v2_ablations/cadets/minus_gating_mechanism/seed_55/metrics.json,1062,1bd3985bc1a055e6362a4af99d5cf704ec46d0be14c397099db875caa32ded36
v2_ablations/cadets/minus_gating_mechanism/seed_55/node_index.csv,104849,30eea93ad224b9faeb824eff5a52b1360f3b7d1f1f3f54cc13248f728f752bac
v2_ablations/cadets/minus_gating_mechanism/seed_55/node_predictions.csv,31919,97df425e63608854286f99c73f0246d70653f78a8baac9133e87255df5ec94ad
v2_ablations/cadets/minus_gating_mechanism/seed_55/robustness_metrics.json,1010,1136a4ab5165d5ecd162f6f2a0922a5c96cfeede2f80ea118e1ea19bb9e9ed95
v2_ablations/cadets/minus_gating_mechanism/seed_55/subgraph_predictions.csv,210,ad88a411ad438ec1fd6fd782f56306c627e37a4a5963cc14caf85f013190f780
v2_ablations/cadets/minus_gating_mechanism/seed_55/training_history.csv,4481,0d77606dfe71c1785178856a0b74955f4ab118c03e6816f672099cc119fb44a8
v2_ablations/cadets/minus_gating_mechanism/seed_66/campaign_index.csv,767,e77a2e618de93efde17302018a001c33e37e5319ce49389d9895f227eacc875f
v2_ablations/cadets/minus_gating_mechanism/seed_66/checkpoint.pt,181685,5f07a8524cfe032538d12c7935e92f92d31890f95cc2e8322e9dcfd1d27bb7d4
v2_ablations/cadets/minus_gating_mechanism/seed_66/compactness_validation.json,1617,b697c5e0898a6ff276d5e45c1a675fe7987103613c7b66abf3e8a9c0fe05eefa
v2_ablations/cadets/minus_gating_mechanism/seed_66/config_resolved.json,6372,b008353a19ded4164ee28ffc13aeaaf9279dfb293b795a5bc2d499172d20327a
v2_ablations/cadets/minus_gating_mechanism/seed_66/dataset_manifest.json,499,57aa811a3de705e2482bd493e13f0f892335d48370bd1190af28e6cc211ddf36
v2_ablations/cadets/minus_gating_mechanism/seed_66/edge_predictions.csv,19757,b5a674db3bebbe81422f40e39c1986274b506c4c62a6257697ca1d8c12650dba
v2_ablations/cadets/minus_gating_mechanism/seed_66/explanation_metrics.json,109384,9be4fb29f11cd7f3989cf02e906cd5ce267657f0cba656559aab26280c7b408e
v2_ablations/cadets/minus_gating_mechanism/seed_66/metrics.json,1045,14af0632cbc24d7f563f26239a121614c970390185123dbe182436d8a1bd4564
v2_ablations/cadets/minus_gating_mechanism/seed_66/node_index.csv,104849,30eea93ad224b9faeb824eff5a52b1360f3b7d1f1f3f54cc13248f728f752bac
v2_ablations/cadets/minus_gating_mechanism/seed_66/node_predictions.csv,32177,ab3a3be8d6f2ea88cefb6df3877c267730c4b139af8272ae7af6802a52a40eb1
v2_ablations/cadets/minus_gating_mechanism/seed_66/robustness_metrics.json,976,b69a70139b07f4eab96da1136212de3eed0b84f60e205682ff6f3ec4510559ca
v2_ablations/cadets/minus_gating_mechanism/seed_66/subgraph_predictions.csv,209,fbc0000c6bbe8a9d22bab7160aca550d1ea19dc3e07b24a78cbffa2c13b24714
v2_ablations/cadets/minus_gating_mechanism/seed_66/training_history.csv,4450,18ad5e005be32b6c8b1772041713b03c5a37c9ad523e5337669b3539bb099923
v2_ablations/cadets/minus_gating_mechanism/seed_77/campaign_index.csv,767,e77a2e618de93efde17302018a001c33e37e5319ce49389d9895f227eacc875f
v2_ablations/cadets/minus_gating_mechanism/seed_77/checkpoint.pt,181685,81d0c13571371a9292fa3d0a23b5a382b362f4b179bcce19bbf3d13372b920ce
v2_ablations/cadets/minus_gating_mechanism/seed_77/compactness_validation.json,1549,2af5e09c4c3134c34c9819ab7b8ded73dc64a67bd13537eab214e08d301c3cb4
v2_ablations/cadets/minus_gating_mechanism/seed_77/config_resolved.json,6373,31911c87c5718a060bbc7bd3b6de948b7d9ad210178940f0167807a7aa311128
v2_ablations/cadets/minus_gating_mechanism/seed_77/dataset_manifest.json,499,57aa811a3de705e2482bd493e13f0f892335d48370bd1190af28e6cc211ddf36
v2_ablations/cadets/minus_gating_mechanism/seed_77/edge_predictions.csv,19681,75996a19cd9dc60790436760f923e3e84dce0c2fb3fc117db8716141455de0a2
v2_ablations/cadets/minus_gating_mechanism/seed_77/explanation_metrics.json,832277,0d2f1c4cf04f9191a66bf72d4627c300dd98e43ac551a25a4c5d2804bff63953
v2_ablations/cadets/minus_gating_mechanism/seed_77/metrics.json,1024,5b9e3f4999d8204b038dda6976e9ca6655d994264c0cfe52e4b7214a10d72af0
v2_ablations/cadets/minus_gating_mechanism/seed_77/node_index.csv,104849,30eea93ad224b9faeb824eff5a52b1360f3b7d1f1f3f54cc13248f728f752bac
v2_ablations/cadets/minus_gating_mechanism/seed_77/node_predictions.csv,32321,9e7bb2ab9f35b1479643cb699fbcc903b5f81d9ed30996a5a3a77587b5f30565
v2_ablations/cadets/minus_gating_mechanism/seed_77/robustness_metrics.json,1015,023419d8827a61e02e5234fb47571ae24bd81bee02febbe4036571472fece4af
v2_ablations/cadets/minus_gating_mechanism/seed_77/subgraph_predictions.csv,212,ed7347fb8140b233f7ac964819318b394994a4e5e806e9f33c62d1b084f93792
v2_ablations/cadets/minus_gating_mechanism/seed_77/training_history.csv,4465,01812dca8c90dd32f8ae66c5c4a3f650c8cc47202582eca7b049f14e0168dcd0
v2_ablations/cadets/minus_gating_mechanism/seed_88/campaign_index.csv,767,e77a2e618de93efde17302018a001c33e37e5319ce49389d9895f227eacc875f
v2_ablations/cadets/minus_gating_mechanism/seed_88/checkpoint.pt,181685,5284cca64c06594d2bb8ae05cc5caed69e3a44552f3db4c2f4fd41f157d3d3ac
v2_ablations/cadets/minus_gating_mechanism/seed_88/compactness_validation.json,1619,c1f5f193af3561820386eb61d9c6cf390cc1f79edbe3f569f7fa712b97d8b864
v2_ablations/cadets/minus_gating_mechanism/seed_88/config_resolved.json,6373,d6654d3a2ddc05a2a113599afb4a5627301d5e1313a86fb0488f08b31e3c3ce5
v2_ablations/cadets/minus_gating_mechanism/seed_88/dataset_manifest.json,499,57aa811a3de705e2482bd493e13f0f892335d48370bd1190af28e6cc211ddf36
v2_ablations/cadets/minus_gating_mechanism/seed_88/edge_predictions.csv,19673,1c2861b4ec2f183d2e9de5ea67db2cc0178f6820f4df5df51e1d715556bd2f62
v2_ablations/cadets/minus_gating_mechanism/seed_88/explanation_metrics.json,69058,6aa1e30a92af20d501fbebc66b86a1c38297773c518fb51336ace407d9ad1eeb
v2_ablations/cadets/minus_gating_mechanism/seed_88/metrics.json,1078,0d79f66e4a87ab4bd5ed21cecb97b06337eb9154ab7a3e5182192b92524a5970
v2_ablations/cadets/minus_gating_mechanism/seed_88/node_index.csv,104849,30eea93ad224b9faeb824eff5a52b1360f3b7d1f1f3f54cc13248f728f752bac
v2_ablations/cadets/minus_gating_mechanism/seed_88/node_predictions.csv,31818,7d9d793fc390294836a0d1bc8a7ce803e471ac226500381c3453425086a91130
v2_ablations/cadets/minus_gating_mechanism/seed_88/robustness_metrics.json,996,c441112caec8461a3a27247284b67df93c8278b4086bf566d933cfff41cdf6f2
v2_ablations/cadets/minus_gating_mechanism/seed_88/subgraph_predictions.csv,209,104fcad5c6a7d6d838b91f9137be24d2d90cb9b94ac74aa2961a0c90303910e2
v2_ablations/cadets/minus_gating_mechanism/seed_88/training_history.csv,4460,7f84e06241f9a88ca1c3a1c330376d5ef973f10377ba352154d976b4e7ce9ffb
v2_ablations/cadets/minus_gating_mechanism/seed_99/campaign_index.csv,767,e77a2e618de93efde17302018a001c33e37e5319ce49389d9895f227eacc875f
v2_ablations/cadets/minus_gating_mechanism/seed_99/checkpoint.pt,181685,297bba252691b765afd2685417ca8f691210c60d79845a0343c03769f62b6d50
v2_ablations/cadets/minus_gating_mechanism/seed_99/compactness_validation.json,1550,99446eeabf499da1e1ea2e9a1282d1213ea16c77690b98301f4ee0f7e8671fed
v2_ablations/cadets/minus_gating_mechanism/seed_99/config_resolved.json,6373,a6e6d57b91009ac6c9cf410388ce089cbf53dfacd8a4a3ad2d22b553c13ce20f
v2_ablations/cadets/minus_gating_mechanism/seed_99/dataset_manifest.json,499,57aa811a3de705e2482bd493e13f0f892335d48370bd1190af28e6cc211ddf36
v2_ablations/cadets/minus_gating_mechanism/seed_99/edge_predictions.csv,19683,1bf6d703d4fe2987f20088f89865718a0cfa50201c9a324cc91918c273b87ba5
v2_ablations/cadets/minus_gating_mechanism/seed_99/explanation_metrics.json,290703,7ff43622ae639f976766f7f8290778440d81cd3f8103401e17f78fcca24635e3
v2_ablations/cadets/minus_gating_mechanism/seed_99/metrics.json,1099,b465683625964206e09d3d9319a9dfd8889d9977ae3f1f8e93b60363d1eae731
v2_ablations/cadets/minus_gating_mechanism/seed_99/node_index.csv,104849,30eea93ad224b9faeb824eff5a52b1360f3b7d1f1f3f54cc13248f728f752bac
v2_ablations/cadets/minus_gating_mechanism/seed_99/node_predictions.csv,32334,d07f3a3edd9a0f029555a15459e90ac1643cf3bd221cef22397bd7e3e8f0d88e
v2_ablations/cadets/minus_gating_mechanism/seed_99/robustness_metrics.json,1010,2c325fbd0d113695ad89479749c3346f3cb0e8b06206ea89764bfc3475217eff
v2_ablations/cadets/minus_gating_mechanism/seed_99/subgraph_predictions.csv,212,fd3b7d144d6656a483e2816cdde82f0112b3e6d8995f2f9cc51cf8e23e437bfb
v2_ablations/cadets/minus_gating_mechanism/seed_99/training_history.csv,4468,be2d000fefd09005a8eb5c02e664e2edec22f8bf51c190f5d72639bc75f46682
v2_ablations/cadets/minus_heterogeneous_stream/seed_11/campaign_index.csv,767,e77a2e618de93efde17302018a001c33e37e5319ce49389d9895f227eacc875f
v2_ablations/cadets/minus_heterogeneous_stream/seed_11/checkpoint.pt,181685,a153ad3a5587323f21b712b9d75f2393f67e4461a64dc44412317d404ebd02e5
v2_ablations/cadets/minus_heterogeneous_stream/seed_11/compactness_validation.json,1246,4d1921b85fbb78e6a0ce5d5a4182a9e43ece06a00b6f7b310ace3bb6bf0023a5
v2_ablations/cadets/minus_heterogeneous_stream/seed_11/config_resolved.json,6374,45e1b6cc77c0eea9deea7789fedc98ae502de239d0f5446d439cb4bd420d62f5
v2_ablations/cadets/minus_heterogeneous_stream/seed_11/dataset_manifest.json,499,57aa811a3de705e2482bd493e13f0f892335d48370bd1190af28e6cc211ddf36
v2_ablations/cadets/minus_heterogeneous_stream/seed_11/edge_predictions.csv,19795,f785db8c5208d06b29be6cb84c6d338faf6f98cee4f046ce009023f913a1cdcb
v2_ablations/cadets/minus_heterogeneous_stream/seed_11/explanation_metrics.json,894457,4ba955e3361d70404214191120f5c49528917a5de34d5f6e0f4b876f4837f010
v2_ablations/cadets/minus_heterogeneous_stream/seed_11/metrics.json,1039,5ba4212341713951f91f4f9211e29f6ff74bfed41362e7fb864ff6715abe73a1
v2_ablations/cadets/minus_heterogeneous_stream/seed_11/node_index.csv,104849,30eea93ad224b9faeb824eff5a52b1360f3b7d1f1f3f54cc13248f728f752bac
v2_ablations/cadets/minus_heterogeneous_stream/seed_11/node_predictions.csv,31901,23044aae6194fb75eb9334a1f00efe544a1c1c7d068a79b0c3a9e344c112d5b4
v2_ablations/cadets/minus_heterogeneous_stream/seed_11/robustness_metrics.json,977,ef86819f39959d1f7c8df8c64a1a55c3a41b76d938d411056e2fb9aa953f5cc3
v2_ablations/cadets/minus_heterogeneous_stream/seed_11/subgraph_predictions.csv,212,c27db77221110e3dc9e96fffce213386473203a812087c9e5357043d8223b7e5
v2_ablations/cadets/minus_heterogeneous_stream/seed_11/training_history.csv,4470,6f45888666e3d3da67893ba5feef0471cd193c00fbb1a3fc262f0d1b0f13aa1b
v2_ablations/cadets/minus_heterogeneous_stream/seed_110/campaign_index.csv,767,e77a2e618de93efde17302018a001c33e37e5319ce49389d9895f227eacc875f
v2_ablations/cadets/minus_heterogeneous_stream/seed_110/checkpoint.pt,181685,fcdec9e8bc3449bc96e9405852fed2d8c1ec4ccd08d611ca36f360f1468326f7
v2_ablations/cadets/minus_heterogeneous_stream/seed_110/compactness_validation.json,1539,cd2070317091a86e72dfbd4c5f9bb291fde9b983bfac902409c4d78562c868c5
v2_ablations/cadets/minus_heterogeneous_stream/seed_110/config_resolved.json,6375,0d7d333302583f5e77b36a48bc59b5e10ffffb65b049f628316d3c324a8458c3
v2_ablations/cadets/minus_heterogeneous_stream/seed_110/dataset_manifest.json,499,57aa811a3de705e2482bd493e13f0f892335d48370bd1190af28e6cc211ddf36
v2_ablations/cadets/minus_heterogeneous_stream/seed_110/edge_predictions.csv,19605,9680857c7dbc1f1176b416f050b10110368eb6b07295269a980f74aa7da21256
v2_ablations/cadets/minus_heterogeneous_stream/seed_110/explanation_metrics.json,41814,2c23321f3d67f5d2f9302235afce71234ffb787dae434c16c64c40e985a41af0
v2_ablations/cadets/minus_heterogeneous_stream/seed_110/metrics.json,1065,887804725450d0fcb50a31acc8702547e9b564d074bfb59d944a3bcc213e2438
v2_ablations/cadets/minus_heterogeneous_stream/seed_110/node_index.csv,104849,30eea93ad224b9faeb824eff5a52b1360f3b7d1f1f3f54cc13248f728f752bac
v2_ablations/cadets/minus_heterogeneous_stream/seed_110/node_predictions.csv,32242,0d9d6e0df77cdbcdd57a65e0c98ff7559ba65870d54fdca509d271c17f8133db
v2_ablations/cadets/minus_heterogeneous_stream/seed_110/robustness_metrics.json,977,b763f53c303b40f6c3773cbd1bb0aff43109cba5e19436e5fee57056a6f30e67
v2_ablations/cadets/minus_heterogeneous_stream/seed_110/subgraph_predictions.csv,213,626eae1cbc3eb78fc5cac2a325f2e5b5574154d62639f6a8b5747fb6d41a8c45
v2_ablations/cadets/minus_heterogeneous_stream/seed_110/training_history.csv,4828,5e1c8cd7b2b462136e06e352d39fd2f4502cdeffbb3e714314b642e78025a1cf
v2_ablations/cadets/minus_heterogeneous_stream/seed_22/campaign_index.csv,767,e77a2e618de93efde17302018a001c33e37e5319ce49389d9895f227eacc875f
v2_ablations/cadets/minus_heterogeneous_stream/seed_22/checkpoint.pt,181685,f183edb1a5f2426682c5b11909e78a6f34e3119a39f617a2269ddf14c24f6d29
v2_ablations/cadets/minus_heterogeneous_stream/seed_22/compactness_validation.json,1429,c2e44799bbbebb44e5b22b6b8fe0f1c0f7842db0fd8f8ca311c4cc34d3bae79d
v2_ablations/cadets/minus_heterogeneous_stream/seed_22/config_resolved.json,6374,a51859e4c2babb027e2f4ddfd66b20b9afabd47da7c141783a391279370a66e1
v2_ablations/cadets/minus_heterogeneous_stream/seed_22/dataset_manifest.json,499,57aa811a3de705e2482bd493e13f0f892335d48370bd1190af28e6cc211ddf36
v2_ablations/cadets/minus_heterogeneous_stream/seed_22/edge_predictions.csv,19666,707aad2714a9df0e89f096495d780d2109c634391e0453c939317489422c06c5
v2_ablations/cadets/minus_heterogeneous_stream/seed_22/explanation_metrics.json,502757,43552e1e7dda98e96d7bd7442379b06117a2fae85de6422e6915c80253dd1a8a
v2_ablations/cadets/minus_heterogeneous_stream/seed_22/metrics.json,1072,c8fab79d64e70a87198052b0af7d7b2e36616ad4a9e53bbe58c82b2623254180
v2_ablations/cadets/minus_heterogeneous_stream/seed_22/node_index.csv,104849,30eea93ad224b9faeb824eff5a52b1360f3b7d1f1f3f54cc13248f728f752bac
v2_ablations/cadets/minus_heterogeneous_stream/seed_22/node_predictions.csv,31890,bc134503edee73b9e3efb87dc333fbb92a60d528208149aad36491aa0d0caa3e
v2_ablations/cadets/minus_heterogeneous_stream/seed_22/robustness_metrics.json,974,0ed4b6b3a7e665c6a15aed2fba8155d5b3b675598e9b6d7a948ff2ea32870077
v2_ablations/cadets/minus_heterogeneous_stream/seed_22/subgraph_predictions.csv,212,89f1bd50a789751685c370d287bcd04cf11c60297412ef91f250401dbbc7bc2a
v2_ablations/cadets/minus_heterogeneous_stream/seed_22/training_history.csv,4473,9d0aeae07bcc5cf0bc4df1f588bf78f8d5bc38d40a33840a10e5089b18c8b218
v2_ablations/cadets/minus_heterogeneous_stream/seed_33/campaign_index.csv,767,e77a2e618de93efde17302018a001c33e37e5319ce49389d9895f227eacc875f
v2_ablations/cadets/minus_heterogeneous_stream/seed_33/checkpoint.pt,181685,0d3705b8cc7fcbb23437aae75d5e940aecb06b6ba51954fb05bc5c14f2fbce4e
v2_ablations/cadets/minus_heterogeneous_stream/seed_33/compactness_validation.json,1437,157999b397dc2b2074b607f984bc001318d7a14ff9814dd01e9ff421c4479b2e
v2_ablations/cadets/minus_heterogeneous_stream/seed_33/config_resolved.json,6373,028f5e34ce5f6765cfa0aaeefca5edc7bcb7cebd02ec4ff4e4871b4900d0d1fe
v2_ablations/cadets/minus_heterogeneous_stream/seed_33/dataset_manifest.json,499,57aa811a3de705e2482bd493e13f0f892335d48370bd1190af28e6cc211ddf36
v2_ablations/cadets/minus_heterogeneous_stream/seed_33/edge_predictions.csv,19782,3da9444568073d56d26f81261f41116841c302206a74e166cb5095662a32cbbe
v2_ablations/cadets/minus_heterogeneous_stream/seed_33/explanation_metrics.json,237403,c790c746a74e7ebe36d28cca87cc83e19bf73fceeb7d37b8647335586c33435f
v2_ablations/cadets/minus_heterogeneous_stream/seed_33/metrics.json,1070,cc58c8bf0ab41e0c2eaf8e0475436bfd5ff22693c4a0fe8119e249c5e92e4bbf
v2_ablations/cadets/minus_heterogeneous_stream/seed_33/node_index.csv,104849,30eea93ad224b9faeb824eff5a52b1360f3b7d1f1f3f54cc13248f728f752bac
v2_ablations/cadets/minus_heterogeneous_stream/seed_33/node_predictions.csv,31859,bf51fe3e17534a6273038a9d9db5372ebced80a41932e7662480effa0d07514e
v2_ablations/cadets/minus_heterogeneous_stream/seed_33/robustness_metrics.json,976,bfabba8862d9ee4acb31c2ddfc01af1eb34ce1fc4aca90561f104d50c7737f4a
v2_ablations/cadets/minus_heterogeneous_stream/seed_33/subgraph_predictions.csv,210,9e9e547515ee6f0d8ebc942c6569752664d4c093e40b5d703412d876e00f1e7d
v2_ablations/cadets/minus_heterogeneous_stream/seed_33/training_history.csv,4468,a9d32d15d05ca7f183c5b2f0ddf3d11168d5d561cb6d58bd63b6e5833907e892
v2_ablations/cadets/minus_heterogeneous_stream/seed_44/campaign_index.csv,767,e77a2e618de93efde17302018a001c33e37e5319ce49389d9895f227eacc875f
v2_ablations/cadets/minus_heterogeneous_stream/seed_44/checkpoint.pt,181685,a840564bba169c930810d50e8389d0f6b7d0b184e0971d7af3c84673df619643
v2_ablations/cadets/minus_heterogeneous_stream/seed_44/compactness_validation.json,1539,8291082ea75719be8b2079996a1834f85ad1f58d11d679ffc28ab2a8936cd8df
v2_ablations/cadets/minus_heterogeneous_stream/seed_44/config_resolved.json,6373,86fa304d502d4c8e2113c20ab7c2fdf308b7e03c5744cc7751114a02812396e6
v2_ablations/cadets/minus_heterogeneous_stream/seed_44/dataset_manifest.json,499,57aa811a3de705e2482bd493e13f0f892335d48370bd1190af28e6cc211ddf36
v2_ablations/cadets/minus_heterogeneous_stream/seed_44/edge_predictions.csv,19638,057b63f120d80b8c3feae73fbeb6d540e402b47f616493a249d3596375f0b4a4
v2_ablations/cadets/minus_heterogeneous_stream/seed_44/explanation_metrics.json,1378345,7b694e657a52b61d4424f7723c8120687389ae2e3c22b73c496398adc53a0a96
v2_ablations/cadets/minus_heterogeneous_stream/seed_44/metrics.json,1058,daade270b7e35c28fe648d90433418926276f17c84a848ea619f4710ee6d55f0
v2_ablations/cadets/minus_heterogeneous_stream/seed_44/node_index.csv,104849,30eea93ad224b9faeb824eff5a52b1360f3b7d1f1f3f54cc13248f728f752bac
v2_ablations/cadets/minus_heterogeneous_stream/seed_44/node_predictions.csv,32222,53230de9c8d5f6c4a22359038b78e7eab6d29b55b320b2d04028555e96b3809c
v2_ablations/cadets/minus_heterogeneous_stream/seed_44/robustness_metrics.json,1012,202031e5f5db5b8e08bec18d433015db359c2f05c39c3d3c93c1927d205f2081
v2_ablations/cadets/minus_heterogeneous_stream/seed_44/subgraph_predictions.csv,212,c10358b0a1ed6468812c511f6c56e0733e49889f878d48ee0fa2f94ac3f89be8
v2_ablations/cadets/minus_heterogeneous_stream/seed_44/training_history.csv,4459,1d2e66c298c32cd2669b38eacbfff305cbc0f95ec0c32596378ca715c73587cd
v2_ablations/cadets/minus_heterogeneous_stream/seed_55/campaign_index.csv,767,e77a2e618de93efde17302018a001c33e37e5319ce49389d9895f227eacc875f
v2_ablations/cadets/minus_heterogeneous_stream/seed_55/checkpoint.pt,181685,c51d33761716ac9f8c7587cc9a184b0b874afc53b9d51254d49494d76cf4ab05
v2_ablations/cadets/minus_heterogeneous_stream/seed_55/compactness_validation.json,1536,a661fa73b8028394f60722e28808042231f80f80924cee30e50fd7ef5b482e42
v2_ablations/cadets/minus_heterogeneous_stream/seed_55/config_resolved.json,6373,10a05fda5c6ec33d4c573d0e4ae92e784491ca6612db5dd77ef116dd54b578b4
v2_ablations/cadets/minus_heterogeneous_stream/seed_55/dataset_manifest.json,499,57aa811a3de705e2482bd493e13f0f892335d48370bd1190af28e6cc211ddf36
v2_ablations/cadets/minus_heterogeneous_stream/seed_55/edge_predictions.csv,19923,17ca00e49cb9009dbac98a078c0ff630d79c4d03785bff4fd31a2bf4053b8ccf
v2_ablations/cadets/minus_heterogeneous_stream/seed_55/explanation_metrics.json,289621,5bda090b9a232952f7a2e042a0b0467587de295d1b539b219a60d3ba5509ac5a
v2_ablations/cadets/minus_heterogeneous_stream/seed_55/metrics.json,1064,ff51cded6ba313e4f0a02cd32675a0e449c29a72aa038dec4f2a255fa577a57e
v2_ablations/cadets/minus_heterogeneous_stream/seed_55/node_index.csv,104849,30eea93ad224b9faeb824eff5a52b1360f3b7d1f1f3f54cc13248f728f752bac
v2_ablations/cadets/minus_heterogeneous_stream/seed_55/node_predictions.csv,32282,94a64ad0080259efc49231b23c48d4c0b2ab78a4137d0fa4d752165833942be7
v2_ablations/cadets/minus_heterogeneous_stream/seed_55/robustness_metrics.json,1042,1f06fe4a6e22bf98d1b98e0ff16015b088d6c739ec55979b42f06bb293e8649a
v2_ablations/cadets/minus_heterogeneous_stream/seed_55/subgraph_predictions.csv,210,66715208fd19bb21a1d39c7bd8b1c70809ccc5d2e8432eb11b99bb3069f9ab80
v2_ablations/cadets/minus_heterogeneous_stream/seed_55/training_history.csv,4483,1d414453ce7b80fb673c3d65515e5d19e731f497ee26391f4a4986f9c0619166
v2_ablations/cadets/minus_heterogeneous_stream/seed_66/campaign_index.csv,767,e77a2e618de93efde17302018a001c33e37e5319ce49389d9895f227eacc875f
v2_ablations/cadets/minus_heterogeneous_stream/seed_66/checkpoint.pt,181685,b6de2177fb4187478fd138b2309711f80f706d09f558d275db82843b2204b267
v2_ablations/cadets/minus_heterogeneous_stream/seed_66/compactness_validation.json,1425,41ca7e412b12ec27a2dc09238ce8cf4948f1aba5ad1fba062a3a2ad54f7a5ec4
v2_ablations/cadets/minus_heterogeneous_stream/seed_66/config_resolved.json,6372,81804873ff55709f3ca5cb9be44d403415e24af885c9d5fc6437a798bcab2943
v2_ablations/cadets/minus_heterogeneous_stream/seed_66/dataset_manifest.json,499,57aa811a3de705e2482bd493e13f0f892335d48370bd1190af28e6cc211ddf36
v2_ablations/cadets/minus_heterogeneous_stream/seed_66/edge_predictions.csv,19791,de3024589d59f664fd0484dd3702f6bbc7165228c066114717c825b065140a59
v2_ablations/cadets/minus_heterogeneous_stream/seed_66/explanation_metrics.json,275092,a1bb7d0f0c0c9793e98a614c4feaf88480344acd02413331376add001cfc5652
v2_ablations/cadets/minus_heterogeneous_stream/seed_66/metrics.json,1030,8d67782dff1c24bccf08d56cccdbe70dea0c3e620eaae23ab6d3de1145be3259
v2_ablations/cadets/minus_heterogeneous_stream/seed_66/node_index.csv,104849,30eea93ad224b9faeb824eff5a52b1360f3b7d1f1f3f54cc13248f728f752bac
v2_ablations/cadets/minus_heterogeneous_stream/seed_66/node_predictions.csv,32212,b0bbf4f5bba910f842fffe414b0fcbfe17ebd63a7ccbfde0d970eebfe7d46993
v2_ablations/cadets/minus_heterogeneous_stream/seed_66/robustness_metrics.json,1014,dcae2e799386c75c444c71ed5738fb75e23262c5f7214d4cbf73b9101f9328bb
v2_ablations/cadets/minus_heterogeneous_stream/seed_66/subgraph_predictions.csv,208,213642debeef7459543c53fbbdea183ecc592b638cf8f029c0ff217755f69624
v2_ablations/cadets/minus_heterogeneous_stream/seed_66/training_history.csv,4467,a25265b6b5f9268aae1c580d7fe15dd86072c2bfab3082dddce67e07945dc641
v2_ablations/cadets/minus_heterogeneous_stream/seed_77/campaign_index.csv,767,e77a2e618de93efde17302018a001c33e37e5319ce49389d9895f227eacc875f
v2_ablations/cadets/minus_heterogeneous_stream/seed_77/checkpoint.pt,181685,d2eed0fb0a253c59cb2d754af41a1a5ecfc303f66da594c1b2bec8fde46b5a51
v2_ablations/cadets/minus_heterogeneous_stream/seed_77/compactness_validation.json,1432,628e9e189bb07452168382a7b0da7d739a3449e8e760ba34afd094fef16e5304
v2_ablations/cadets/minus_heterogeneous_stream/seed_77/config_resolved.json,6373,f05097d2de18b945b1392723a810abbbdd4e51d872cd8f7ec694687d5bc9ddbb
v2_ablations/cadets/minus_heterogeneous_stream/seed_77/dataset_manifest.json,499,57aa811a3de705e2482bd493e13f0f892335d48370bd1190af28e6cc211ddf36
v2_ablations/cadets/minus_heterogeneous_stream/seed_77/edge_predictions.csv,19708,a2f1ef62df99d049575ed3890de0d66a5fffa785092449764c1a851e913b9d0b
v2_ablations/cadets/minus_heterogeneous_stream/seed_77/explanation_metrics.json,1643,c9e12c110fb1ed80fc9302c27e42d8c24efca2b29a9ae092e6c15cdeab47a656
v2_ablations/cadets/minus_heterogeneous_stream/seed_77/metrics.json,1049,226fe94b5c098b5b5b93d5465837d53be444aa03e7e197a26b290847395985e5
v2_ablations/cadets/minus_heterogeneous_stream/seed_77/node_index.csv,104849,30eea93ad224b9faeb824eff5a52b1360f3b7d1f1f3f54cc13248f728f752bac
v2_ablations/cadets/minus_heterogeneous_stream/seed_77/node_predictions.csv,32279,a81f41a5f4d28f356173aca7de5bb57fb2edd532bfb5551ff677599df1a45853
v2_ablations/cadets/minus_heterogeneous_stream/seed_77/robustness_metrics.json,980,c9dd2b73a0343cb342e0894e4fcb19d933a5e5612d0788218bf20aefc34bd73c
v2_ablations/cadets/minus_heterogeneous_stream/seed_77/subgraph_predictions.csv,210,d832c5e33f46bf0a0b4ee525c52741766df4637d050bd77e3f99e9b0dbb824c9
v2_ablations/cadets/minus_heterogeneous_stream/seed_77/training_history.csv,4482,2bd8dd584d6207b5da961b0ca897352065c7e594ca8cb68ef58cfd143a32dc05
v2_ablations/cadets/minus_heterogeneous_stream/seed_88/campaign_index.csv,767,e77a2e618de93efde17302018a001c33e37e5319ce49389d9895f227eacc875f
v2_ablations/cadets/minus_heterogeneous_stream/seed_88/checkpoint.pt,181685,b1c98c1dce7b573edd23d25204ffb707220ce61244b335c37243b9c37694a1bf
v2_ablations/cadets/minus_heterogeneous_stream/seed_88/compactness_validation.json,1506,f6576af01d4affd6d6c9b5f703e6a3ab61126e25777dd980d1072a89bfead764
v2_ablations/cadets/minus_heterogeneous_stream/seed_88/config_resolved.json,6374,c721f3aab6a35ae97a5d87efc1c5bdb55d9b2e28595c688f36679710ed7329bd
v2_ablations/cadets/minus_heterogeneous_stream/seed_88/dataset_manifest.json,499,57aa811a3de705e2482bd493e13f0f892335d48370bd1190af28e6cc211ddf36
v2_ablations/cadets/minus_heterogeneous_stream/seed_88/edge_predictions.csv,19671,83d146468141c4fafd22002871dee3d04d76d67152a3ea461c6a54294f2c4621
v2_ablations/cadets/minus_heterogeneous_stream/seed_88/explanation_metrics.json,230370,d0cbc7ebf37191f1a9ec4eddc4b51d5872ce07e09a824ff7ec2c61c6fb51a67d
v2_ablations/cadets/minus_heterogeneous_stream/seed_88/metrics.json,1063,d0f8f4bf72d19dae94ec7a6399e833c3ebfb3310f3a4fa8642ce718ea9b246f7
v2_ablations/cadets/minus_heterogeneous_stream/seed_88/node_index.csv,104849,30eea93ad224b9faeb824eff5a52b1360f3b7d1f1f3f54cc13248f728f752bac
v2_ablations/cadets/minus_heterogeneous_stream/seed_88/node_predictions.csv,31802,3cfc5fcc8733af1216358230de22c525d1749f8f85b472657a44fdb123648615
v2_ablations/cadets/minus_heterogeneous_stream/seed_88/robustness_metrics.json,976,d7194856735c3f338f1983b15817d6bcbb68527226001b71a4daf32327a736d9
v2_ablations/cadets/minus_heterogeneous_stream/seed_88/subgraph_predictions.csv,213,b08be4da160743cf2e23a97515fb9edfa98b9dc6ee4bd175ea9b17d8c0820edb
v2_ablations/cadets/minus_heterogeneous_stream/seed_88/training_history.csv,4472,3a23d573fff43a08b76a565e8ca4f39b11159423cd07a6ee01cc83d2de69d7a8
v2_ablations/cadets/minus_heterogeneous_stream/seed_99/campaign_index.csv,767,e77a2e618de93efde17302018a001c33e37e5319ce49389d9895f227eacc875f
v2_ablations/cadets/minus_heterogeneous_stream/seed_99/checkpoint.pt,181685,d526f2a747336d149ec3a1141f7de085a6737196837e90fb16afa5b015ca4d31
v2_ablations/cadets/minus_heterogeneous_stream/seed_99/compactness_validation.json,1550,950f470106000b469fe60b26a3db30a1ce18de34987e1f301be8fd94fb015b9e
v2_ablations/cadets/minus_heterogeneous_stream/seed_99/config_resolved.json,6374,30ade29d3c22f4e8ca708579a2fba21925693863338714cbadd928c5a920b3ac
v2_ablations/cadets/minus_heterogeneous_stream/seed_99/dataset_manifest.json,499,57aa811a3de705e2482bd493e13f0f892335d48370bd1190af28e6cc211ddf36
v2_ablations/cadets/minus_heterogeneous_stream/seed_99/edge_predictions.csv,19672,1e6b2959ab85f1d005151dd058fbf1f716086b3601d422c12ed5031e3a7e088b
v2_ablations/cadets/minus_heterogeneous_stream/seed_99/explanation_metrics.json,359116,7b250ad88266cbb41c9681dc175736cbf7902076cbbeb1e6803f658df47ec3f2
v2_ablations/cadets/minus_heterogeneous_stream/seed_99/metrics.json,1066,030df402f579de3e2d8a51ec499c0e0e64195e61f10b4cbd39ca6cd80314a69c
v2_ablations/cadets/minus_heterogeneous_stream/seed_99/node_index.csv,104849,30eea93ad224b9faeb824eff5a52b1360f3b7d1f1f3f54cc13248f728f752bac
v2_ablations/cadets/minus_heterogeneous_stream/seed_99/node_predictions.csv,32303,fc6cf9586d343c91124093af84c8c41113f13a6f28972e4724a0e6dc153fe05f
v2_ablations/cadets/minus_heterogeneous_stream/seed_99/robustness_metrics.json,1041,eb2359222efd6588c34a66d8a995af5f08f7908575d836fc958c0e79ffb9c08e
v2_ablations/cadets/minus_heterogeneous_stream/seed_99/subgraph_predictions.csv,212,cd85b96cd2c1a9d6051cbd4cde85c8441f2c1c3aab499b3f0f6b730aab90df00
v2_ablations/cadets/minus_heterogeneous_stream/seed_99/training_history.csv,4474,1837539566ba2851d0dc7f0565eaf27a81d5a4123a90a79a8083d7a9168f4092
v2_ablations/cadets/minus_joint_optimization/seed_11/campaign_index.csv,767,e77a2e618de93efde17302018a001c33e37e5319ce49389d9895f227eacc875f
v2_ablations/cadets/minus_joint_optimization/seed_11/checkpoint.pt,181685,4482b283de7ba6805d55f361398cce3bf8bb7be19788d065fd780d15c31075bb
v2_ablations/cadets/minus_joint_optimization/seed_11/compactness_validation.json,1444,f2adfcd9cce4d36995068540b9b18197fa2131201eb3017d50ed1f03592bb60f
v2_ablations/cadets/minus_joint_optimization/seed_11/config_resolved.json,6374,4552780db3ff9ee976a3047ff8cd13a6f4b48a67e5fff175e929b6d13e045c58
v2_ablations/cadets/minus_joint_optimization/seed_11/dataset_manifest.json,499,57aa811a3de705e2482bd493e13f0f892335d48370bd1190af28e6cc211ddf36
v2_ablations/cadets/minus_joint_optimization/seed_11/edge_predictions.csv,19822,f4f73b6362e0e06529df3826b953306ed013020ecabd8b16311378e173243ccc
v2_ablations/cadets/minus_joint_optimization/seed_11/explanation_metrics.json,36935,803ff344d8f7f662edfffa3cdc74a1ba0d7e41495bfca81d21f853ffcf18f782
v2_ablations/cadets/minus_joint_optimization/seed_11/metrics.json,1049,282f05e0e40f67c4849628a58aa773a7da08a1cfe9197b123e58020aa8dcbf1d
v2_ablations/cadets/minus_joint_optimization/seed_11/node_index.csv,104849,30eea93ad224b9faeb824eff5a52b1360f3b7d1f1f3f54cc13248f728f752bac
v2_ablations/cadets/minus_joint_optimization/seed_11/node_predictions.csv,31859,045152a13693981ce93000d4cefbe78df0b6f2e3b53edfe78f8a37b8314c81cc
v2_ablations/cadets/minus_joint_optimization/seed_11/robustness_metrics.json,978,263e6e3028a3725b1a571dedefb2e6ef30d3fe5cb29301a7cec288b9ecd86e06
v2_ablations/cadets/minus_joint_optimization/seed_11/subgraph_predictions.csv,212,ccc1f1b2521c6289ed35a70bc5023ee05a786a6ce908851859f5de780f91db9b
v2_ablations/cadets/minus_joint_optimization/seed_11/training_history.csv,4481,770e0838cbbdc55d1bfe3b62dc0212a04f16a033a569fc648db123d8f1db890b
v2_ablations/cadets/minus_joint_optimization/seed_110/campaign_index.csv,767,e77a2e618de93efde17302018a001c33e37e5319ce49389d9895f227eacc875f
v2_ablations/cadets/minus_joint_optimization/seed_110/checkpoint.pt,181685,918eeb9378970ce280d25c79cd18b84cd910aea65587eb678f3c4db438c4c587
v2_ablations/cadets/minus_joint_optimization/seed_110/compactness_validation.json,1530,a28820c23db7dc673a8c268cc90172202e65ecd28cc61fdfb7b4f8b7b13889d1
v2_ablations/cadets/minus_joint_optimization/seed_110/config_resolved.json,6374,26488cffa42d7944dd734fdd1763f174725f52eeb1b4bb901fe2b7911895922f
v2_ablations/cadets/minus_joint_optimization/seed_110/dataset_manifest.json,499,57aa811a3de705e2482bd493e13f0f892335d48370bd1190af28e6cc211ddf36
v2_ablations/cadets/minus_joint_optimization/seed_110/edge_predictions.csv,19591,b8258f5171a2a8830957c0376bf5b0f1ab91c564e673846faec65e0c39834667
v2_ablations/cadets/minus_joint_optimization/seed_110/explanation_metrics.json,37416,5d4ee8163ccf0d8cef92c78bc31a89ae6c1574fbe8fbcda301964b55a16e8b25
v2_ablations/cadets/minus_joint_optimization/seed_110/metrics.json,1076,94d51698ccd5080a2a67ff5284a78a215be118a160c463b2cf8a6c6f3f4d80b3
v2_ablations/cadets/minus_joint_optimization/seed_110/node_index.csv,104849,30eea93ad224b9faeb824eff5a52b1360f3b7d1f1f3f54cc13248f728f752bac
v2_ablations/cadets/minus_joint_optimization/seed_110/node_predictions.csv,31198,303a0899178e6e38fcf1c247be9925d071dcd4151eb04c5e65e7df81b62dbeeb
v2_ablations/cadets/minus_joint_optimization/seed_110/robustness_metrics.json,1014,728dea23987be6d0ca24d3c8921c26b8c278e97c55e3f5e9d340843519f376e7
v2_ablations/cadets/minus_joint_optimization/seed_110/subgraph_predictions.csv,211,c572fd7d1ea15a682ace33f4778313ff0a58a5619b003fddcbbeee1315c4f4a6
v2_ablations/cadets/minus_joint_optimization/seed_110/training_history.csv,4468,526750e6d07a270ec587e8c068cf7d1259d37c4b7c87389590a55ac1bd679847
v2_ablations/cadets/minus_joint_optimization/seed_22/campaign_index.csv,767,e77a2e618de93efde17302018a001c33e37e5319ce49389d9895f227eacc875f
v2_ablations/cadets/minus_joint_optimization/seed_22/checkpoint.pt,181685,40339dfc6f9558ef52902fdd80a337808d987044f6589a97eb3f84873bb4ba2e
v2_ablations/cadets/minus_joint_optimization/seed_22/compactness_validation.json,1428,c7a9c523239ecf169357604d281b73d5f76cf07d3bf187432f5b65d0e519e3d0
v2_ablations/cadets/minus_joint_optimization/seed_22/config_resolved.json,6373,f43565a83efb0540495eb31eb834c9216b62141e13003b91c536754f8f1b8737
v2_ablations/cadets/minus_joint_optimization/seed_22/dataset_manifest.json,499,57aa811a3de705e2482bd493e13f0f892335d48370bd1190af28e6cc211ddf36
v2_ablations/cadets/minus_joint_optimization/seed_22/edge_predictions.csv,19775,2959bf8f2e91834b67d4d39c969daeeef528b9e0dfcf49ccbdfde5d0f73ed499
v2_ablations/cadets/minus_joint_optimization/seed_22/explanation_metrics.json,507570,788bc1792cc590f91c1e7f5dfc5af778a3a1dc53c4128f14b4c10f2992a60290
v2_ablations/cadets/minus_joint_optimization/seed_22/metrics.json,1076,3e1e4cf00bf35f5f1ff149e14403e22ca70db3fd5cda7df9a6a6f463e16f651f
v2_ablations/cadets/minus_joint_optimization/seed_22/node_index.csv,104849,30eea93ad224b9faeb824eff5a52b1360f3b7d1f1f3f54cc13248f728f752bac
v2_ablations/cadets/minus_joint_optimization/seed_22/node_predictions.csv,31913,4b0783eb1c8d37f7087190068140d64fbbcf012f80b092c11383f302c6dea974
v2_ablations/cadets/minus_joint_optimization/seed_22/robustness_metrics.json,975,4a69d1f066d78a45ed0196010667e8455ac4907eba5950c7fcbb6ddc510854dc
v2_ablations/cadets/minus_joint_optimization/seed_22/subgraph_predictions.csv,212,28b4709419e36777339f07afc2b3c2b88aa0f8e6d8720965ba022c506bc4eab6
v2_ablations/cadets/minus_joint_optimization/seed_22/training_history.csv,4470,625f7eaa6b30eaf44e73f0855310bf9dfe837aa2778e118cb7538d30e234d35f
v2_ablations/cadets/minus_joint_optimization/seed_33/campaign_index.csv,767,e77a2e618de93efde17302018a001c33e37e5319ce49389d9895f227eacc875f
v2_ablations/cadets/minus_joint_optimization/seed_33/checkpoint.pt,181685,290660eb0f4ac27991fbd258dbb783d60d8e547d8e79819a40438088bbeb4eb7
v2_ablations/cadets/minus_joint_optimization/seed_33/compactness_validation.json,1515,78ecf6c74d4e1db4f45b2d73e51c628598d52aa3d52b708556d4b761fc68c6c7
v2_ablations/cadets/minus_joint_optimization/seed_33/config_resolved.json,6374,3ed966851ab58768155b8a73f9c9b3a404c8be2456bda6e183c0300f1e3158eb
v2_ablations/cadets/minus_joint_optimization/seed_33/dataset_manifest.json,499,57aa811a3de705e2482bd493e13f0f892335d48370bd1190af28e6cc211ddf36
v2_ablations/cadets/minus_joint_optimization/seed_33/edge_predictions.csv,19862,78ae997bc78ac7bb1b247b7cab95768acf1c18edf560106c260fbe9670be294f
v2_ablations/cadets/minus_joint_optimization/seed_33/explanation_metrics.json,366325,0c61e27156abc8edabc9f970c9c12710820d3fedc079740970ca7638f4960bd2
v2_ablations/cadets/minus_joint_optimization/seed_33/metrics.json,1080,594b1b264d9cfc460e59905f869ed86e1d12e06265444df020d9ff87a5d6cfc1
v2_ablations/cadets/minus_joint_optimization/seed_33/node_index.csv,104849,30eea93ad224b9faeb824eff5a52b1360f3b7d1f1f3f54cc13248f728f752bac
v2_ablations/cadets/minus_joint_optimization/seed_33/node_predictions.csv,31812,cb31ff318694c9fcc45b4ec954fb7b07bbdb2c8997081b68703510184fb36add
v2_ablations/cadets/minus_joint_optimization/seed_33/robustness_metrics.json,975,6e309e77dacb3eff7490f1900cbbf66b6681a11e0c4f2adf3737c9800d0b5543
v2_ablations/cadets/minus_joint_optimization/seed_33/subgraph_predictions.csv,211,bede685f202905ebde73f9a2c1096a6eb29240b6365427cf1fefdaacd3721b98
v2_ablations/cadets/minus_joint_optimization/seed_33/training_history.csv,4474,967f0d25a701d22c48501b8868456d1903cbbbe4140fb534b248ba0c445326c3
v2_ablations/cadets/minus_joint_optimization/seed_44/campaign_index.csv,767,e77a2e618de93efde17302018a001c33e37e5319ce49389d9895f227eacc875f
v2_ablations/cadets/minus_joint_optimization/seed_44/checkpoint.pt,181685,5dd32426fee5da490a83ebf40a58b99000b874f3a69da0a6cf0699351551e39e
v2_ablations/cadets/minus_joint_optimization/seed_44/compactness_validation.json,1442,f8060c79822e70e09b39f1c0ba4af458670292ca738e34e3a0ba032875c7119b
v2_ablations/cadets/minus_joint_optimization/seed_44/config_resolved.json,6374,de3be63fa7da282d74e9733e0485d3b9c1886ec5aebf9c84ef2b058dcbb3b7c7
v2_ablations/cadets/minus_joint_optimization/seed_44/dataset_manifest.json,499,57aa811a3de705e2482bd493e13f0f892335d48370bd1190af28e6cc211ddf36
v2_ablations/cadets/minus_joint_optimization/seed_44/edge_predictions.csv,19647,65863ebf8c236f51a714443a5d045aee96a91e220671189000860c5707e8dddd
v2_ablations/cadets/minus_joint_optimization/seed_44/explanation_metrics.json,1381328,b1028a389fdea53c6445b68b4a688df7d2b48517120844a029a6a8fdb44dbd5e
v2_ablations/cadets/minus_joint_optimization/seed_44/metrics.json,1057,300a1e0306adef9787171b705d72be9f6d258babe8c30c7fb5090b7002a5687a
v2_ablations/cadets/minus_joint_optimization/seed_44/node_index.csv,104849,30eea93ad224b9faeb824eff5a52b1360f3b7d1f1f3f54cc13248f728f752bac
v2_ablations/cadets/minus_joint_optimization/seed_44/node_predictions.csv,31501,38c638c59675198c974039b3cd29929cb33fbb8eb6b5e41972eefec3b6e0a2e7
v2_ablations/cadets/minus_joint_optimization/seed_44/robustness_metrics.json,975,7239b3da763af56f55271fbb203a2b55fdd0b49144cfb0224ab3eec6d2c590a7
v2_ablations/cadets/minus_joint_optimization/seed_44/subgraph_predictions.csv,209,a07f89e304e4d3ffdc380a953321d04e55457e64a931180cdbd5795811b20f56
v2_ablations/cadets/minus_joint_optimization/seed_44/training_history.csv,4464,233ae4721a31f578b4ded7232a0ec8f786a6fdf9f96b9f43d99a2a269715a035
v2_ablations/cadets/minus_joint_optimization/seed_55/campaign_index.csv,767,e77a2e618de93efde17302018a001c33e37e5319ce49389d9895f227eacc875f
v2_ablations/cadets/minus_joint_optimization/seed_55/checkpoint.pt,181685,559eaf0e28419b2bf6c998c0358ecd2e3fe277215893b29eb6bcbe324474fa58
v2_ablations/cadets/minus_joint_optimization/seed_55/compactness_validation.json,1529,8eb7e733febebd3ca7818237a537466c1ba1178ac812a38d77b504c4b2a21dc3
v2_ablations/cadets/minus_joint_optimization/seed_55/config_resolved.json,6373,0febf74c21950525dd79cbac0aa50322e8a39b2c0c4a912d660780281e3be570
v2_ablations/cadets/minus_joint_optimization/seed_55/dataset_manifest.json,499,57aa811a3de705e2482bd493e13f0f892335d48370bd1190af28e6cc211ddf36
v2_ablations/cadets/minus_joint_optimization/seed_55/edge_predictions.csv,19916,ec2cf53e4932fb6335fcdf9caa3139ae48a5698f80d7231b26ce82140fe61772
v2_ablations/cadets/minus_joint_optimization/seed_55/explanation_metrics.json,296167,b4787ba0f5c733c38fdcaf71754b7d49fb5d79af4ba2d89c042d13d8c9c68929
v2_ablations/cadets/minus_joint_optimization/seed_55/metrics.json,1053,db4b1aba97d0dfbfdd2199f034d2203fa1ff543c5fc2a82406c2007f2494f9b4
v2_ablations/cadets/minus_joint_optimization/seed_55/node_index.csv,104849,30eea93ad224b9faeb824eff5a52b1360f3b7d1f1f3f54cc13248f728f752bac
v2_ablations/cadets/minus_joint_optimization/seed_55/node_predictions.csv,32247,c1be5122cbaa41794bbb09054be4549535d2753f3045431102c22abb84e0f700
v2_ablations/cadets/minus_joint_optimization/seed_55/robustness_metrics.json,1041,0f757ccb93dbd9d3b316609b5d9244b85d2ba132e32e1cfc77691128467d9234
v2_ablations/cadets/minus_joint_optimization/seed_55/subgraph_predictions.csv,212,276ce1ccd70c3570f91cdb51d301025e92adea000ae250e4a436688e3c0e4c5c
v2_ablations/cadets/minus_joint_optimization/seed_55/training_history.csv,4469,92c24715386655aab8325ad4d7f04df9263b7e3ccddae823fadd029c8eb13120
v2_ablations/cadets/minus_joint_optimization/seed_66/campaign_index.csv,767,e77a2e618de93efde17302018a001c33e37e5319ce49389d9895f227eacc875f
v2_ablations/cadets/minus_joint_optimization/seed_66/checkpoint.pt,181685,ac3812f591d868277849342a8d21d1b612fcfce2eab71a5a03bb3b7062f1498e
v2_ablations/cadets/minus_joint_optimization/seed_66/compactness_validation.json,1591,f4ed6aeb83728928d5b9a8eefad0bcccf8c7d040881413fc96a4b3adc3a0efca
v2_ablations/cadets/minus_joint_optimization/seed_66/config_resolved.json,6374,74164d6dba96424b35bfaed389b19a82ad881f0282ecaa23d58d56ae496a8eb3
v2_ablations/cadets/minus_joint_optimization/seed_66/dataset_manifest.json,499,57aa811a3de705e2482bd493e13f0f892335d48370bd1190af28e6cc211ddf36
v2_ablations/cadets/minus_joint_optimization/seed_66/edge_predictions.csv,19739,5fe3b73d917eb822faa54b15347a658317703971e8beaa068e2e23ff506800ed
v2_ablations/cadets/minus_joint_optimization/seed_66/explanation_metrics.json,134410,7888b2e20e6e34b24a1d924b0b7cb80a06dc9ff2ddc5bb77673b5f067e810960
v2_ablations/cadets/minus_joint_optimization/seed_66/metrics.json,1034,85cfa3ce2c470036aa4caa290988eb86ddcbb2e831651e70fbab0bd4bb302a9e
v2_ablations/cadets/minus_joint_optimization/seed_66/node_index.csv,104849,30eea93ad224b9faeb824eff5a52b1360f3b7d1f1f3f54cc13248f728f752bac
v2_ablations/cadets/minus_joint_optimization/seed_66/node_predictions.csv,31838,0681085b64b05eee909abd1f5c2fc8830bedb91f4ed1390d8e54f3150c58f593
v2_ablations/cadets/minus_joint_optimization/seed_66/robustness_metrics.json,976,f76b5a3e000bd933d7f6331bbc838a5e43b2d4f11982144d98b145cb871fe08a
v2_ablations/cadets/minus_joint_optimization/seed_66/subgraph_predictions.csv,210,5baa1aab83913b1b849b4e8f77bd51e7a1831b2e943e6bfba678df233bf46cba
v2_ablations/cadets/minus_joint_optimization/seed_66/training_history.csv,4486,a9aee09bd2c142d6d9a284e61dfff3198dfe57732bd1f9eaed759cfde058ac2e
v2_ablations/cadets/minus_joint_optimization/seed_77/campaign_index.csv,767,e77a2e618de93efde17302018a001c33e37e5319ce49389d9895f227eacc875f
v2_ablations/cadets/minus_joint_optimization/seed_77/checkpoint.pt,181685,f9d5c61f749cf9b05a57c7f86c8072e30c8630bf2be2c9291ffb6b989f491bc5
v2_ablations/cadets/minus_joint_optimization/seed_77/compactness_validation.json,1556,a9d500d96679b8bf6cfa62a98bbf857b6ea4452ff12589f0e6bdfc5fa89b8645
v2_ablations/cadets/minus_joint_optimization/seed_77/config_resolved.json,6372,474fdad68358c842029b3c69983ef690ad8a08c41efd66f8d45ee329b0bdaffe
v2_ablations/cadets/minus_joint_optimization/seed_77/dataset_manifest.json,499,57aa811a3de705e2482bd493e13f0f892335d48370bd1190af28e6cc211ddf36
v2_ablations/cadets/minus_joint_optimization/seed_77/edge_predictions.csv,19812,c4f422330796b4cc7dc0d824d4f3b7eb06966bb4398be3cb8f8119a4ada7c3f6
v2_ablations/cadets/minus_joint_optimization/seed_77/explanation_metrics.json,9590,00c3a0b454d95ce9cfbb0d305955ae85f5007a0eee1db17cf19be4e19d99ab27
v2_ablations/cadets/minus_joint_optimization/seed_77/metrics.json,1038,821f36197185c79797669f04c1ac2f4e640a7946155abea05a109dc5806d6084
v2_ablations/cadets/minus_joint_optimization/seed_77/node_index.csv,104849,30eea93ad224b9faeb824eff5a52b1360f3b7d1f1f3f54cc13248f728f752bac
v2_ablations/cadets/minus_joint_optimization/seed_77/node_predictions.csv,31960,3ed184ac7020058447811c5bc72835edfa91b355eed41a5f6c3fa2f32b18ea8f
v2_ablations/cadets/minus_joint_optimization/seed_77/robustness_metrics.json,1013,938b921f18c201438c87c910e38de988da3641fa85e9d4650660f76d8d210b89
v2_ablations/cadets/minus_joint_optimization/seed_77/subgraph_predictions.csv,214,d6ee68a1a38a0d778ab99533e286552277298352838802815d376f62a747c9dc
v2_ablations/cadets/minus_joint_optimization/seed_77/training_history.csv,4456,fdde461f3f931bc6c139c69e99574d9a049fe7fbfe19e1884260e49def378caa
v2_ablations/cadets/minus_joint_optimization/seed_88/campaign_index.csv,767,e77a2e618de93efde17302018a001c33e37e5319ce49389d9895f227eacc875f
v2_ablations/cadets/minus_joint_optimization/seed_88/checkpoint.pt,181685,0323c33d59c04795ca35682c6bc1564ec0ac8080586aa6845cd62eb27c6f5ab1
v2_ablations/cadets/minus_joint_optimization/seed_88/compactness_validation.json,1426,d9bf322dc8094e4cf715d5e06a3ca02c86c08aa26db33410d0ca4b8850357a4a
v2_ablations/cadets/minus_joint_optimization/seed_88/config_resolved.json,6374,5228d598471d6191c377122c9c23e3062aa3820c1719269f4ccf88e11eb651da
v2_ablations/cadets/minus_joint_optimization/seed_88/dataset_manifest.json,499,57aa811a3de705e2482bd493e13f0f892335d48370bd1190af28e6cc211ddf36
v2_ablations/cadets/minus_joint_optimization/seed_88/edge_predictions.csv,19690,af584c9e136571a3ca85f3b416a15a64e1815b6f01a6293d641ef5ac24d38545
v2_ablations/cadets/minus_joint_optimization/seed_88/explanation_metrics.json,125857,9529947308d41dc852dc3e5666918d54f3ef456e4c08e1964d33ae1e8e001429
v2_ablations/cadets/minus_joint_optimization/seed_88/metrics.json,1060,f9739a75ba6f274a726eccb07e0fe10c5c6eb7a959bc619811ed3a81168412c4
v2_ablations/cadets/minus_joint_optimization/seed_88/node_index.csv,104849,30eea93ad224b9faeb824eff5a52b1360f3b7d1f1f3f54cc13248f728f752bac
v2_ablations/cadets/minus_joint_optimization/seed_88/node_predictions.csv,32205,ace06d1fed0615e35d7bb308f4663c04a7f24f683b17b87da329f1488414ea06
v2_ablations/cadets/minus_joint_optimization/seed_88/robustness_metrics.json,1012,c1c0c7786fc7937901f8dc22e9194dbbd4b23b436bd171ffdc87166a66fcea67
v2_ablations/cadets/minus_joint_optimization/seed_88/subgraph_predictions.csv,213,870bb667acf673cd19922bde9daff858af2078cf64743ae656c6532d9051ea54
v2_ablations/cadets/minus_joint_optimization/seed_88/training_history.csv,4462,e9a05a6541daa3a7755601e9734f045719ddff41c22143e92cbb083ebcdc14df
v2_ablations/cadets/minus_joint_optimization/seed_99/campaign_index.csv,767,e77a2e618de93efde17302018a001c33e37e5319ce49389d9895f227eacc875f
v2_ablations/cadets/minus_joint_optimization/seed_99/checkpoint.pt,181685,2f01a93dcc9036803d1a1154291ab8e11aad243813a87be59a178b84c6a2f26b
v2_ablations/cadets/minus_joint_optimization/seed_99/compactness_validation.json,1549,1a1f39e0554ac05981c7e45cad27509d085a35bc8d01f937f38e98d2beb9a0f2
v2_ablations/cadets/minus_joint_optimization/seed_99/config_resolved.json,6374,c3879a18c5246fd7b982df97bebafbc8b0ab0c47108f9f17938ba5db3683f532
v2_ablations/cadets/minus_joint_optimization/seed_99/dataset_manifest.json,499,57aa811a3de705e2482bd493e13f0f892335d48370bd1190af28e6cc211ddf36
v2_ablations/cadets/minus_joint_optimization/seed_99/edge_predictions.csv,19704,81d01f4b21ac72b3206bd68b8d65d4a97bbd6fb7cf3cac0153dc24be08cd6a98
v2_ablations/cadets/minus_joint_optimization/seed_99/explanation_metrics.json,330713,0c07201cdb3ff7a8187633dc0611b2362f48ff4414a0193b1ab63877ca0732c9
v2_ablations/cadets/minus_joint_optimization/seed_99/metrics.json,1079,1ca2ce2c00ed06b1d95d2cff255f237f68b3de46e9c60c9ee11dd8e21188d371
v2_ablations/cadets/minus_joint_optimization/seed_99/node_index.csv,104849,30eea93ad224b9faeb824eff5a52b1360f3b7d1f1f3f54cc13248f728f752bac
v2_ablations/cadets/minus_joint_optimization/seed_99/node_predictions.csv,31556,15356005f07108180682a5c94d4692ae3f00d350ba428c0a4ba78fc883e1f2d2
v2_ablations/cadets/minus_joint_optimization/seed_99/robustness_metrics.json,1041,72173829920e0e6f800154b282505914ae09c134c1ba6a7f5c70cc0d7916252d
v2_ablations/cadets/minus_joint_optimization/seed_99/subgraph_predictions.csv,209,6091f5ba2d9108ccea02389252ca4b0e8153c764e223886e12b7049d9a692a1e
v2_ablations/cadets/minus_joint_optimization/seed_99/training_history.csv,4467,d87e0ba3e5a06282f89bf6ec8920324eb47382a6db03640efc73675920bfd7e9
v2_ablations/cadets/minus_prototype_learning/seed_11/campaign_index.csv,767,e77a2e618de93efde17302018a001c33e37e5319ce49389d9895f227eacc875f
v2_ablations/cadets/minus_prototype_learning/seed_11/checkpoint.pt,181685,c37e0daf4ea67b968a5325d01e7d8684858c9f4c474259094918648ac426c7d9
v2_ablations/cadets/minus_prototype_learning/seed_11/compactness_validation.json,1438,3ded1912bc65e0156c0ee6d618f8a92ce3a8a9e81e6bdf9c02aeb141233bed28
v2_ablations/cadets/minus_prototype_learning/seed_11/config_resolved.json,6373,3f98054b4d29c22ce2e95533ccd481184004a08d4f3438c132b1dbe8751de82c
v2_ablations/cadets/minus_prototype_learning/seed_11/dataset_manifest.json,499,57aa811a3de705e2482bd493e13f0f892335d48370bd1190af28e6cc211ddf36
v2_ablations/cadets/minus_prototype_learning/seed_11/edge_predictions.csv,19820,725f878a0499ef6d00d25e4f03b7645efd74104e5aa6f0031b97ad2b06d8e118
v2_ablations/cadets/minus_prototype_learning/seed_11/explanation_metrics.json,37146,b9d30d7ce7192d4b915f53e9af500aa3d459502f5985fb0e600651cfefc12e04
v2_ablations/cadets/minus_prototype_learning/seed_11/metrics.json,1040,5344c7e314573fd8a54564c5ec74c237bdb68496103d0dfddada13097fb61d92
v2_ablations/cadets/minus_prototype_learning/seed_11/node_index.csv,104849,30eea93ad224b9faeb824eff5a52b1360f3b7d1f1f3f54cc13248f728f752bac
v2_ablations/cadets/minus_prototype_learning/seed_11/node_predictions.csv,32233,2a69de88629043b0096be9e6fcbffae5d27d2e9341e35da04f43f02a89b8c03a
v2_ablations/cadets/minus_prototype_learning/seed_11/robustness_metrics.json,978,263e6e3028a3725b1a571dedefb2e6ef30d3fe5cb29301a7cec288b9ecd86e06
v2_ablations/cadets/minus_prototype_learning/seed_11/subgraph_predictions.csv,210,4de1fc79961bb1a81c68cee700a10fb2ace27d2ce29da9d393a8e6334e37bd55
v2_ablations/cadets/minus_prototype_learning/seed_11/training_history.csv,4487,6d882499206ebd08cb42dd169bc2f6832a6b79c562859f7b5100e6e639890c6f
v2_ablations/cadets/minus_prototype_learning/seed_110/campaign_index.csv,767,e77a2e618de93efde17302018a001c33e37e5319ce49389d9895f227eacc875f
v2_ablations/cadets/minus_prototype_learning/seed_110/checkpoint.pt,181685,4918fbd78c351f02447f84e20fa350a39a3d361ad4beb4e93d126f9a452ec0fe
v2_ablations/cadets/minus_prototype_learning/seed_110/compactness_validation.json,1524,07116be07c3f995f07084ed775221f61b903704b64cd4cd1bb989eecfdfb0eb1
v2_ablations/cadets/minus_prototype_learning/seed_110/config_resolved.json,6375,1c1c7fd2098b1b6bb9c2a8acdc3b2c955338de2f419dd6bc0221b21af5cb7ddc
v2_ablations/cadets/minus_prototype_learning/seed_110/dataset_manifest.json,499,57aa811a3de705e2482bd493e13f0f892335d48370bd1190af28e6cc211ddf36
v2_ablations/cadets/minus_prototype_learning/seed_110/edge_predictions.csv,19579,3a24443f48a38a74dcf5860fc8c0eca87ed86a7575f136ccfa7cd01666a1475d
v2_ablations/cadets/minus_prototype_learning/seed_110/explanation_metrics.json,37409,4ded52277d250a02ea26fb763661c0889d82b047a4bf701189b496881d874213
v2_ablations/cadets/minus_prototype_learning/seed_110/metrics.json,1085,6c3359566b531054bf8750e483b28c258d6a8b37fc4d086ddf4e126673988b02
v2_ablations/cadets/minus_prototype_learning/seed_110/node_index.csv,104849,30eea93ad224b9faeb824eff5a52b1360f3b7d1f1f3f54cc13248f728f752bac
v2_ablations/cadets/minus_prototype_learning/seed_110/node_predictions.csv,31914,76e531ac497c4b2c6dbaa5717298c489fd1e4e26e6f501042bb22497e7c6c311
v2_ablations/cadets/minus_prototype_learning/seed_110/robustness_metrics.json,1012,cfe3f224723b163d2bcce65df51be1a2de754ecef3cacce71d778fbac0cfe069
v2_ablations/cadets/minus_prototype_learning/seed_110/subgraph_predictions.csv,214,b01dcb8f1472ca6e51a011f50dde799c181dac1ad3a7059b6462449d98509dac
v2_ablations/cadets/minus_prototype_learning/seed_110/training_history.csv,4466,85ced1cfa3f16312b60339285517bf9ead007c5ec6f20191e20a58fc66a80ad1
v2_ablations/cadets/minus_prototype_learning/seed_22/campaign_index.csv,767,e77a2e618de93efde17302018a001c33e37e5319ce49389d9895f227eacc875f
v2_ablations/cadets/minus_prototype_learning/seed_22/checkpoint.pt,181685,08d8b079cbe784a6cb711205f1f32f89cbc02994ee140ddb635d2cad0f4fe6b3
v2_ablations/cadets/minus_prototype_learning/seed_22/compactness_validation.json,1428,c7a9c523239ecf169357604d281b73d5f76cf07d3bf187432f5b65d0e519e3d0
v2_ablations/cadets/minus_prototype_learning/seed_22/config_resolved.json,6373,a66060cc00c111879de2a3ebe34d48976bcd6fde2cefee769cc88e6dd2ace2b9
v2_ablations/cadets/minus_prototype_learning/seed_22/dataset_manifest.json,499,57aa811a3de705e2482bd493e13f0f892335d48370bd1190af28e6cc211ddf36
v2_ablations/cadets/minus_prototype_learning/seed_22/edge_predictions.csv,19699,0df41857e7f5c61ba414f513b73ba6c11426c69cb765dca36bf933c68c0e6a06
v2_ablations/cadets/minus_prototype_learning/seed_22/explanation_metrics.json,507550,7259ce5a31a2f3d69cad7f792c584ca776c3418a82c25bf819e028397a50993d
v2_ablations/cadets/minus_prototype_learning/seed_22/metrics.json,1076,e6239beac02548457775f6a1097ccbcd71e14c3c9521f3a4dc351393daa82b23
v2_ablations/cadets/minus_prototype_learning/seed_22/node_index.csv,104849,30eea93ad224b9faeb824eff5a52b1360f3b7d1f1f3f54cc13248f728f752bac
v2_ablations/cadets/minus_prototype_learning/seed_22/node_predictions.csv,31497,81bd5e0e80176fe35d519abd363091c649e7ea3c60b6e9df751238b89e70595e
v2_ablations/cadets/minus_prototype_learning/seed_22/robustness_metrics.json,975,4a69d1f066d78a45ed0196010667e8455ac4907eba5950c7fcbb6ddc510854dc
v2_ablations/cadets/minus_prototype_learning/seed_22/subgraph_predictions.csv,213,50c7c969ece2af211064fd62f6afde68266c0bb00103f2d65503228e6b8b2a49
v2_ablations/cadets/minus_prototype_learning/seed_22/training_history.csv,4478,e95bb8e52d8d508cebb52e122053e7c4b0ca30fef008c16b6435fe7a9af8657d
v2_ablations/cadets/minus_prototype_learning/seed_33/campaign_index.csv,767,e77a2e618de93efde17302018a001c33e37e5319ce49389d9895f227eacc875f
v2_ablations/cadets/minus_prototype_learning/seed_33/checkpoint.pt,181685,aa21efe0f108bb717776bcf66c44cf00ff2a0eb0ded17e47db383f406a02abff
v2_ablations/cadets/minus_prototype_learning/seed_33/compactness_validation.json,1516,fb3743ce3ba11e33ff4c49bc686b85473cd21ea679cc92513e87cebcb10fbacb
v2_ablations/cadets/minus_prototype_learning/seed_33/config_resolved.json,6374,e37bb4768f9f583614a57721d8ec0c4e9a355cd43b68885df8c4696ecd83907a
v2_ablations/cadets/minus_prototype_learning/seed_33/dataset_manifest.json,499,57aa811a3de705e2482bd493e13f0f892335d48370bd1190af28e6cc211ddf36
v2_ablations/cadets/minus_prototype_learning/seed_33/edge_predictions.csv,19766,7dba7fd8dafbea9f99aa9c2fb67943d315b40fa1f2f1908671eb68732b538313
v2_ablations/cadets/minus_prototype_learning/seed_33/explanation_metrics.json,366272,60e3f536b5c3265ee67e66b53c1804bed65ca40ba36419d87ecc84b2e25fc7d6
v2_ablations/cadets/minus_prototype_learning/seed_33/metrics.json,1084,e3b8d105719605160afcc33e712acee0c8417343a9114b46c674f0689d8e7954
v2_ablations/cadets/minus_prototype_learning/seed_33/node_index.csv,104849,30eea93ad224b9faeb824eff5a52b1360f3b7d1f1f3f54cc13248f728f752bac
v2_ablations/cadets/minus_prototype_learning/seed_33/node_predictions.csv,32144,6191cb7dcb673a3c2486163ef0f9494d708ec20a13c0060fbcaff750f5361efb
v2_ablations/cadets/minus_prototype_learning/seed_33/robustness_metrics.json,975,6e309e77dacb3eff7490f1900cbbf66b6681a11e0c4f2adf3737c9800d0b5543
v2_ablations/cadets/minus_prototype_learning/seed_33/subgraph_predictions.csv,212,d96d801f3a7a314dff10315d3743f20962846bacc97825f2127ee1f05f015034
v2_ablations/cadets/minus_prototype_learning/seed_33/training_history.csv,4475,0c7a402aa2451678848b83bcf9a1ae2ae32e5c74ad79fc0e6df15cca41b6c759
v2_ablations/cadets/minus_prototype_learning/seed_44/campaign_index.csv,767,e77a2e618de93efde17302018a001c33e37e5319ce49389d9895f227eacc875f
v2_ablations/cadets/minus_prototype_learning/seed_44/checkpoint.pt,181685,615df6fd36709c4d3746bdecca35f05fb39622a23ff9b32d39174de598e6b1c3
v2_ablations/cadets/minus_prototype_learning/seed_44/compactness_validation.json,1458,bc4f2c217c2475a27c106b6d36d92e1e1e84c0f8c80bafb907f5d6505dcf0244
v2_ablations/cadets/minus_prototype_learning/seed_44/config_resolved.json,6374,34fc5ff19acc6f235c26724d084658a07203c1ce09045785d3900c3205e68d9b
v2_ablations/cadets/minus_prototype_learning/seed_44/dataset_manifest.json,499,57aa811a3de705e2482bd493e13f0f892335d48370bd1190af28e6cc211ddf36
v2_ablations/cadets/minus_prototype_learning/seed_44/edge_predictions.csv,19651,dae769756cd1c3c9bdc5560848698082b5bc861c213c729b7091c24e666b4490
v2_ablations/cadets/minus_prototype_learning/seed_44/explanation_metrics.json,1381342,95bebe958646f2160bfac9d144119cf28c731cc8714849f94de542614ca74ee2
v2_ablations/cadets/minus_prototype_learning/seed_44/metrics.json,1059,64e66ebdb1e59cb350eb77612043baa13d3375d104eebbfcc82829c59dcaedae
v2_ablations/cadets/minus_prototype_learning/seed_44/node_index.csv,104849,30eea93ad224b9faeb824eff5a52b1360f3b7d1f1f3f54cc13248f728f752bac
v2_ablations/cadets/minus_prototype_learning/seed_44/node_predictions.csv,31803,a2adb20a8696d4680cdc0855a5a0879fdb213352d9961e415066f1f2c4610937
v2_ablations/cadets/minus_prototype_learning/seed_44/robustness_metrics.json,975,7239b3da763af56f55271fbb203a2b55fdd0b49144cfb0224ab3eec6d2c590a7
v2_ablations/cadets/minus_prototype_learning/seed_44/subgraph_predictions.csv,210,799190113e5eca67a1c7fc5a2a08945d27b7f6f9a565ac32252c8fccbdcf63e2
v2_ablations/cadets/minus_prototype_learning/seed_44/training_history.csv,4445,c275182c0ff265a6e179748cced094032c9a67894f22429c7f6e47cf2c3cd30e
v2_ablations/cadets/minus_prototype_learning/seed_55/campaign_index.csv,767,e77a2e618de93efde17302018a001c33e37e5319ce49389d9895f227eacc875f
v2_ablations/cadets/minus_prototype_learning/seed_55/checkpoint.pt,181685,653546591d739687759139cbcc1e06dce9935ee81f9115b5e7c234a31c5c89f4
v2_ablations/cadets/minus_prototype_learning/seed_55/compactness_validation.json,1529,2baf1eb9110f8a722cb6e63c248a1015edb509d3948c3fe1e3b4ceecacf7bafb
v2_ablations/cadets/minus_prototype_learning/seed_55/config_resolved.json,6374,36aa87ccff339b1fb78601231977e4c37851060b5a2698d092def1457fc0d2fc
v2_ablations/cadets/minus_prototype_learning/seed_55/dataset_manifest.json,499,57aa811a3de705e2482bd493e13f0f892335d48370bd1190af28e6cc211ddf36
v2_ablations/cadets/minus_prototype_learning/seed_55/edge_predictions.csv,19911,422dcb2ba626968a601c7686b208c949b3391c9acb8b1f6737eda7dda3938989
v2_ablations/cadets/minus_prototype_learning/seed_55/explanation_metrics.json,296469,dcbbc70a49dc3b9ea4cce14988464d99396c5efa42f484f099075b3bae93bc30
v2_ablations/cadets/minus_prototype_learning/seed_55/metrics.json,1055,266523f38a21d387fa9c83cb71ecb4c07b8d09aca46e065ecfa9f3cb3a11939a
v2_ablations/cadets/minus_prototype_learning/seed_55/node_index.csv,104849,30eea93ad224b9faeb824eff5a52b1360f3b7d1f1f3f54cc13248f728f752bac
v2_ablations/cadets/minus_prototype_learning/seed_55/node_predictions.csv,32229,af44cf051721e29ed9b6246691cf3de02d9fb097740cb137e72ecf27fefe3581
v2_ablations/cadets/minus_prototype_learning/seed_55/robustness_metrics.json,1041,32617ee3509e9264c5389e19b7fa707ecb2ccd4770342c3d8df2a01e089a89ff
v2_ablations/cadets/minus_prototype_learning/seed_55/subgraph_predictions.csv,210,870de1691e8b38fc07fc55e9d97b1ce8301eaf3358dfed8b48f4150815c3363c
v2_ablations/cadets/minus_prototype_learning/seed_55/training_history.csv,4478,c65b5e6b2eccdf16a8447bb3acf7dcbb571ab1bb761bd400f0e48fa74e0e0096
v2_ablations/cadets/minus_prototype_learning/seed_66/campaign_index.csv,767,e77a2e618de93efde17302018a001c33e37e5319ce49389d9895f227eacc875f
v2_ablations/cadets/minus_prototype_learning/seed_66/checkpoint.pt,181685,79518545360c640b582545d62c6aa1c980361c3083210bfca59989dd2f746967
v2_ablations/cadets/minus_prototype_learning/seed_66/compactness_validation.json,1534,174a728d730a103538e713b24807665bc8872b75965788f50d0ab5fc6d9ad376
v2_ablations/cadets/minus_prototype_learning/seed_66/config_resolved.json,6374,8787151d2afac6bf0b7903fbf0cd477bc908d57de95d21f8711ea4b1f4958235
v2_ablations/cadets/minus_prototype_learning/seed_66/dataset_manifest.json,499,57aa811a3de705e2482bd493e13f0f892335d48370bd1190af28e6cc211ddf36
v2_ablations/cadets/minus_prototype_learning/seed_66/edge_predictions.csv,19764,45be7c730733f0273b330e6367e39118ae4b0ab35dfbfb3ecebef5c0e9a31d56
v2_ablations/cadets/minus_prototype_learning/seed_66/explanation_metrics.json,134458,2b2c11cc6d2a8f518648c3a0447885fdd79b8d3f82f40eeac739409473cf8745
v2_ablations/cadets/minus_prototype_learning/seed_66/metrics.json,1034,fb4c0388f52a80f59af6faf9d9747832ba6125ee79473389b28956e0290d5814
v2_ablations/cadets/minus_prototype_learning/seed_66/node_index.csv,104849,30eea93ad224b9faeb824eff5a52b1360f3b7d1f1f3f54cc13248f728f752bac
v2_ablations/cadets/minus_prototype_learning/seed_66/node_predictions.csv,31825,f131c3891ad62b1a94bc2e3f7dc8d36fab0a023aba9ec84aacf82bd3564cc52d
v2_ablations/cadets/minus_prototype_learning/seed_66/robustness_metrics.json,976,f76b5a3e000bd933d7f6331bbc838a5e43b2d4f11982144d98b145cb871fe08a
v2_ablations/cadets/minus_prototype_learning/seed_66/subgraph_predictions.csv,211,a8540d5aea86fb17490556a6125a448b97ece89aee1b9a9cb0e4585e95bc7cb6
v2_ablations/cadets/minus_prototype_learning/seed_66/training_history.csv,4497,ae2c5d1d439c15b0e8d4943ba88c80ad1bd073a1abf0b8d894a0a9c285b2f863
v2_ablations/cadets/minus_prototype_learning/seed_77/campaign_index.csv,767,e77a2e618de93efde17302018a001c33e37e5319ce49389d9895f227eacc875f
v2_ablations/cadets/minus_prototype_learning/seed_77/checkpoint.pt,181685,81a225de8501bcb53b236dbd0c184fc7096df1757cadb963d04573965a7971a2
v2_ablations/cadets/minus_prototype_learning/seed_77/compactness_validation.json,1549,e3bcc71e3138dc83d4305280ae52e6d63600d1468ec54a83ebd58d8bc1fc8607
v2_ablations/cadets/minus_prototype_learning/seed_77/config_resolved.json,6373,912d03220d292ff707588fede3926b089c715e232ff5eeb1588ff1326c67d471
v2_ablations/cadets/minus_prototype_learning/seed_77/dataset_manifest.json,499,57aa811a3de705e2482bd493e13f0f892335d48370bd1190af28e6cc211ddf36
v2_ablations/cadets/minus_prototype_learning/seed_77/edge_predictions.csv,19689,99d5aff0a3dd84bbb6d8f45037edcb9f01ccc394a7ae229a395ff3a26717a767
v2_ablations/cadets/minus_prototype_learning/seed_77/explanation_metrics.json,9590,711e07903b5e8868b6c94703cc4a9b331af39404dc06ee0506beb60d07fe5b50
v2_ablations/cadets/minus_prototype_learning/seed_77/metrics.json,1033,ea43165a6b640fa401dc7f4008a8410b3c8cff9e7c6af750b1b321e897d3131f
v2_ablations/cadets/minus_prototype_learning/seed_77/node_index.csv,104849,30eea93ad224b9faeb824eff5a52b1360f3b7d1f1f3f54cc13248f728f752bac
v2_ablations/cadets/minus_prototype_learning/seed_77/node_predictions.csv,32342,5753f3df2e44df94aee050278aadb80ba01747be5c86c61e8f547b5a3329958f
v2_ablations/cadets/minus_prototype_learning/seed_77/robustness_metrics.json,1013,4ea2113119aa8bad837564df1a332695ad79ffd55f12841b7898dbb3c676dce7
v2_ablations/cadets/minus_prototype_learning/seed_77/subgraph_predictions.csv,212,35c93a505804cb4514496693f4810158a3a7d26af0b45f0b4d43db5db86e1a07
v2_ablations/cadets/minus_prototype_learning/seed_77/training_history.csv,4479,c1ac8d0707cef30b4c4a14f93e6513dadbff85a334688f44b6bd27c89860ed45
v2_ablations/cadets/minus_prototype_learning/seed_88/campaign_index.csv,767,e77a2e618de93efde17302018a001c33e37e5319ce49389d9895f227eacc875f
v2_ablations/cadets/minus_prototype_learning/seed_88/checkpoint.pt,181685,d758a649f6b7dfa21a90660a46cde2f72607b448c94ea4532a6d844e487096f8
v2_ablations/cadets/minus_prototype_learning/seed_88/compactness_validation.json,1510,6cdabbce9fb447dcbc96bb4f446c8cb7caf6f9ce0bb5f3a752af580d77775193
v2_ablations/cadets/minus_prototype_learning/seed_88/config_resolved.json,6374,72931b35aa3929ae8709b6d02f1521c32c45471aae3f12b0cba9e5890852b3e3
v2_ablations/cadets/minus_prototype_learning/seed_88/dataset_manifest.json,499,57aa811a3de705e2482bd493e13f0f892335d48370bd1190af28e6cc211ddf36
v2_ablations/cadets/minus_prototype_learning/seed_88/edge_predictions.csv,19634,f3d1e3967f3fc4313afc47614cac8baaf6620069789740efea30c44b7bea8611
v2_ablations/cadets/minus_prototype_learning/seed_88/explanation_metrics.json,125846,f07299a9bb6079b8262fbc06abf4a3334df0a6f4c5f5fccfa21a31fc88e74b70
v2_ablations/cadets/minus_prototype_learning/seed_88/metrics.json,1062,767743ae3e7a5845996bd233a23ef38376825c63bbebf0b4c57d8b75a68bf04e
v2_ablations/cadets/minus_prototype_learning/seed_88/node_index.csv,104849,30eea93ad224b9faeb824eff5a52b1360f3b7d1f1f3f54cc13248f728f752bac
v2_ablations/cadets/minus_prototype_learning/seed_88/node_predictions.csv,31869,fbbfa397aafd6445e6229eae242aca587fa6120b4b39b037270a62f4866df187
v2_ablations/cadets/minus_prototype_learning/seed_88/robustness_metrics.json,1014,411dd13157b14c4dbf34e8d393d56624ebc565e2a0669df9db51ac0d7411a14f
v2_ablations/cadets/minus_prototype_learning/seed_88/subgraph_predictions.csv,213,451d3c0a8e6593db29b710227a48cd517fe7bce4dc881c7e59b191644eb85507
v2_ablations/cadets/minus_prototype_learning/seed_88/training_history.csv,4478,15d92f916fe2132b08c50dce88da2750e3140a0727709f2b6b25b72c474eb570
v2_ablations/cadets/minus_prototype_learning/seed_99/campaign_index.csv,767,e77a2e618de93efde17302018a001c33e37e5319ce49389d9895f227eacc875f
v2_ablations/cadets/minus_prototype_learning/seed_99/checkpoint.pt,181685,8ae70368c91c3609d44715bf070b92438c67f33fb24e95a85648454ae855b302
v2_ablations/cadets/minus_prototype_learning/seed_99/compactness_validation.json,1550,e7b7b0207f98f020f6ffb18abb0e575a9f844efaa020c58150327e1767aeea15
v2_ablations/cadets/minus_prototype_learning/seed_99/config_resolved.json,6374,2212a28e212103b43087a4df217cfd3866b1a008e46a42848f11792dbed39b1e
v2_ablations/cadets/minus_prototype_learning/seed_99/dataset_manifest.json,499,57aa811a3de705e2482bd493e13f0f892335d48370bd1190af28e6cc211ddf36
v2_ablations/cadets/minus_prototype_learning/seed_99/edge_predictions.csv,19683,9ae006a1ef4901714870b0702694314cc54dc793db99148981939bddd13dc59e
v2_ablations/cadets/minus_prototype_learning/seed_99/explanation_metrics.json,330292,594eff20868c7582d2ece0539c2e45bc5fcd3774cc8493289a6a8ae3961ff0a8
v2_ablations/cadets/minus_prototype_learning/seed_99/metrics.json,1063,029bfbeee69a0d166dddf76c8fd280c1aa7558fed0ce2f5f594f90117a5fde57
v2_ablations/cadets/minus_prototype_learning/seed_99/node_index.csv,104849,30eea93ad224b9faeb824eff5a52b1360f3b7d1f1f3f54cc13248f728f752bac
v2_ablations/cadets/minus_prototype_learning/seed_99/node_predictions.csv,31906,657cdf64bc5814b17cb12f3f74061f602b86dd51e1c4de61937312803c14d8ed
v2_ablations/cadets/minus_prototype_learning/seed_99/robustness_metrics.json,1040,f6c20c7360ec09ae2e6ba084fc87a46236b5be5abf78c4bc5836d3d6fbb079f7
v2_ablations/cadets/minus_prototype_learning/seed_99/subgraph_predictions.csv,210,0c92eda80369169523d030079dc4f1bdec43bd64a420e1ff9ed605db6ca61b84
v2_ablations/cadets/minus_prototype_learning/seed_99/training_history.csv,4481,d435e6edd69e83ab3c54c5e99ca7445c04df63bb27453fc23bf0af614a0bcb4f
v2_ablations/cadets/minus_temporal_attention/seed_11/campaign_index.csv,767,e77a2e618de93efde17302018a001c33e37e5319ce49389d9895f227eacc875f
v2_ablations/cadets/minus_temporal_attention/seed_11/checkpoint.pt,181685,af92522b9935fdc204c6d7014ec0ed4a93f8a6d8d4ed96d6945530906df67bc4
v2_ablations/cadets/minus_temporal_attention/seed_11/compactness_validation.json,1438,a8f7d11e05aa5a627b79da83b86b901c2a380a8290576dbdfb96bba2b5fec2dc
v2_ablations/cadets/minus_temporal_attention/seed_11/config_resolved.json,6374,8fc15e3720f1fcf859d310bf0e9bab84335bb5ddbc0ef5e30184d4530b806e36
v2_ablations/cadets/minus_temporal_attention/seed_11/dataset_manifest.json,499,57aa811a3de705e2482bd493e13f0f892335d48370bd1190af28e6cc211ddf36
v2_ablations/cadets/minus_temporal_attention/seed_11/edge_predictions.csv,19792,fdcbfce531ea9b973c15218d62f59f43d1c34a54e722b9fd7dc374f5b91ff1f6
v2_ablations/cadets/minus_temporal_attention/seed_11/explanation_metrics.json,36768,a237ec18ab4da088d65142cee82ef3a7f9f4753bccb67c0e4f446cefbba53a67
v2_ablations/cadets/minus_temporal_attention/seed_11/metrics.json,1039,a76030f4b7c9c72a679986f00e447509208e41c4619500eb678c8d73d725bc33
v2_ablations/cadets/minus_temporal_attention/seed_11/node_index.csv,104849,30eea93ad224b9faeb824eff5a52b1360f3b7d1f1f3f54cc13248f728f752bac
v2_ablations/cadets/minus_temporal_attention/seed_11/node_predictions.csv,32274,946d41f91043d2500f0fd340e2bb6033b0fc552d4546cec197766e9b987b11f4
v2_ablations/cadets/minus_temporal_attention/seed_11/robustness_metrics.json,978,263e6e3028a3725b1a571dedefb2e6ef30d3fe5cb29301a7cec288b9ecd86e06
v2_ablations/cadets/minus_temporal_attention/seed_11/subgraph_predictions.csv,211,0ed54184cc530077b9128caaa87568dc0678103c2afd7588df6bd86fbe7317d7
v2_ablations/cadets/minus_temporal_attention/seed_11/training_history.csv,4073,806e5101957c959a42728cb2fe3c96ae718dcd7c6f8f1649486382b5a9fd0d8b
v2_ablations/cadets/minus_temporal_attention/seed_110/campaign_index.csv,767,e77a2e618de93efde17302018a001c33e37e5319ce49389d9895f227eacc875f
v2_ablations/cadets/minus_temporal_attention/seed_110/checkpoint.pt,181685,18131e1dce451e39517211db144c5d9cd447a06f18780c6040ac7f54faa1600c
v2_ablations/cadets/minus_temporal_attention/seed_110/compactness_validation.json,1527,8e5d7a6ca64e80ea4ae88efeb223025427aa3c09772dd7857af7935c7c0dfd12
v2_ablations/cadets/minus_temporal_attention/seed_110/config_resolved.json,6374,b2f712923bbb596f7f5d10b76a37611029f9453c867a7450d2905fb2855706c4
v2_ablations/cadets/minus_temporal_attention/seed_110/dataset_manifest.json,499,57aa811a3de705e2482bd493e13f0f892335d48370bd1190af28e6cc211ddf36
v2_ablations/cadets/minus_temporal_attention/seed_110/edge_predictions.csv,19609,5b32bb06a2c382d954a04fc7d5398a033bb58002854217544717aaa2b170746b
v2_ablations/cadets/minus_temporal_attention/seed_110/explanation_metrics.json,37044,3af9b55294c0130bade77eca52b4d9326b5049bb84963d4bd74d7d1498fe7ffd
v2_ablations/cadets/minus_temporal_attention/seed_110/metrics.json,1077,1e25640330f25c365e0d8459442884b77ca00965ac4f09853164f0879a1ad689
v2_ablations/cadets/minus_temporal_attention/seed_110/node_index.csv,104849,30eea93ad224b9faeb824eff5a52b1360f3b7d1f1f3f54cc13248f728f752bac
v2_ablations/cadets/minus_temporal_attention/seed_110/node_predictions.csv,31557,310a7f06ed2f8b4e92a688cb130788e8a14fb24a1d6655f75c71898a3313329f
v2_ablations/cadets/minus_temporal_attention/seed_110/robustness_metrics.json,1012,0d49cc5675b924174aeee31000e0a244283824ca4d23f7dd5f89f3a086b19041
v2_ablations/cadets/minus_temporal_attention/seed_110/subgraph_predictions.csv,210,7d89ded4a44bb094b975cc7e2ab7e39d14af44c44776fd31bf72d76363f7a8de
v2_ablations/cadets/minus_temporal_attention/seed_110/training_history.csv,4069,d3a6c2f6974a5188cbcc1c8af63e6ad1a90955dc75a7b5792e047b6509f55602
v2_ablations/cadets/minus_temporal_attention/seed_22/campaign_index.csv,767,e77a2e618de93efde17302018a001c33e37e5319ce49389d9895f227eacc875f
v2_ablations/cadets/minus_temporal_attention/seed_22/checkpoint.pt,181685,290bee886902c17ddd5e1f2aa8d58617952854053a37edf24985e81e26259160
v2_ablations/cadets/minus_temporal_attention/seed_22/compactness_validation.json,1428,c7a9c523239ecf169357604d281b73d5f76cf07d3bf187432f5b65d0e519e3d0
v2_ablations/cadets/minus_temporal_attention/seed_22/config_resolved.json,6373,3e53b6ade04f5532223ee79f2294f16a670c684ab8c9cc3336f35360f42657e1
v2_ablations/cadets/minus_temporal_attention/seed_22/dataset_manifest.json,499,57aa811a3de705e2482bd493e13f0f892335d48370bd1190af28e6cc211ddf36
v2_ablations/cadets/minus_temporal_attention/seed_22/edge_predictions.csv,19674,429a9d46cec726522b0cfc06d26561a8b04dd269ad36c17141265a519ae57ab2
v2_ablations/cadets/minus_temporal_attention/seed_22/explanation_metrics.json,507430,2fac96ff64ed9e0a65b326ee86a472e719c51d2843e2b54e5b2cd3de1e243f46
v2_ablations/cadets/minus_temporal_attention/seed_22/metrics.json,1065,33c3e7f967c1204114e59137b28839a2bd73e2d5bfab5af1f57e506b9e4cf9c0
v2_ablations/cadets/minus_temporal_attention/seed_22/node_index.csv,104849,30eea93ad224b9faeb824eff5a52b1360f3b7d1f1f3f54cc13248f728f752bac
v2_ablations/cadets/minus_temporal_attention/seed_22/node_predictions.csv,32171,72dc8ae83969409879fa36bf3620cd15cdfffc73a231fc008058d4ac5b74a2cc
v2_ablations/cadets/minus_temporal_attention/seed_22/robustness_metrics.json,975,4a69d1f066d78a45ed0196010667e8455ac4907eba5950c7fcbb6ddc510854dc
v2_ablations/cadets/minus_temporal_attention/seed_22/subgraph_predictions.csv,213,7d0770db61234c006cd8fa45b7420436580860c47df062352f127fc63295fead
v2_ablations/cadets/minus_temporal_attention/seed_22/training_history.csv,4070,8aac925cb86bb985f9280124130ca05323cc8d95b4a1f9d1dfc75e912426311e
v2_ablations/cadets/minus_temporal_attention/seed_33/campaign_index.csv,767,e77a2e618de93efde17302018a001c33e37e5319ce49389d9895f227eacc875f
v2_ablations/cadets/minus_temporal_attention/seed_33/checkpoint.pt,181685,290b1e70e9c9798c3a0e6156d2555b2148385cca323ea8fbff89748703fd37b4
v2_ablations/cadets/minus_temporal_attention/seed_33/compactness_validation.json,1517,16189a9441fe89c2f69de9cdb3b7142e1055246ee805b079894a9dd495d9e465
v2_ablations/cadets/minus_temporal_attention/seed_33/config_resolved.json,6373,6722d68d2161fd99473c3c4e2c15f0e1636bc4f72764c855dd97c8fd4aec3eef
v2_ablations/cadets/minus_temporal_attention/seed_33/dataset_manifest.json,499,57aa811a3de705e2482bd493e13f0f892335d48370bd1190af28e6cc211ddf36
v2_ablations/cadets/minus_temporal_attention/seed_33/edge_predictions.csv,19784,d2a349940226d9823d79bd8ca0789f3f8c1a04ff2d78c24ea804e01b7b006782
v2_ablations/cadets/minus_temporal_attention/seed_33/explanation_metrics.json,350408,48a3296ae4e4d5b16df9ca1c3f0c41dc2be77493f4653ac71743509ff089ec65
v2_ablations/cadets/minus_temporal_attention/seed_33/metrics.json,1080,d4c1594102d26fd1d9279fbcb6c28d9450a2cda218c03feb76392574479a9778
v2_ablations/cadets/minus_temporal_attention/seed_33/node_index.csv,104849,30eea93ad224b9faeb824eff5a52b1360f3b7d1f1f3f54cc13248f728f752bac
v2_ablations/cadets/minus_temporal_attention/seed_33/node_predictions.csv,31494,05568893f85138edc4a946ab0001fe4dd06f9b0e346db3f5d72520c30208958e
v2_ablations/cadets/minus_temporal_attention/seed_33/robustness_metrics.json,961,dbeb735c1f69b9d06476ef2478601ace9b4dc520a2d6ed1c2be451d073988c81
v2_ablations/cadets/minus_temporal_attention/seed_33/subgraph_predictions.csv,209,8c2860b5169425121344f3508195c232b9ec34f76d8b826319974019ca5c7797
v2_ablations/cadets/minus_temporal_attention/seed_33/training_history.csv,4084,7399808fff17f2e64c08c3e63a666ba358c3988ebe801eb92ed09f311aec0724
v2_ablations/cadets/minus_temporal_attention/seed_44/campaign_index.csv,767,e77a2e618de93efde17302018a001c33e37e5319ce49389d9895f227eacc875f
v2_ablations/cadets/minus_temporal_attention/seed_44/checkpoint.pt,181685,a04a5a34a33cceb35da5a2eeae80af780932b7db79364e597cb1a832afaff87a
v2_ablations/cadets/minus_temporal_attention/seed_44/compactness_validation.json,1458,95dc653a8871a7b379cd659bab810801f5dd2bfc60b3b576d0e92e82f4e0f78e
v2_ablations/cadets/minus_temporal_attention/seed_44/config_resolved.json,6374,dde4d29550621cb23eb33bf4ad0b21dff5a230dd1a93020a8628171c95902546
v2_ablations/cadets/minus_temporal_attention/seed_44/dataset_manifest.json,499,57aa811a3de705e2482bd493e13f0f892335d48370bd1190af28e6cc211ddf36
v2_ablations/cadets/minus_temporal_attention/seed_44/edge_predictions.csv,19634,97830d8ac86b8a6bc02a96bc7ea17c2fdccffd41ee145860efebea7a89168c2e
v2_ablations/cadets/minus_temporal_attention/seed_44/explanation_metrics.json,1380775,1c6170f79c4729dc02a79d02aac13ca1fa03df9316e151ec4a07c018998b9a1a
v2_ablations/cadets/minus_temporal_attention/seed_44/metrics.json,1056,55aaf978bebc050dc273ceb676dc122c74e9b45129bce0a7d60368211c9a3d00
v2_ablations/cadets/minus_temporal_attention/seed_44/node_index.csv,104849,30eea93ad224b9faeb824eff5a52b1360f3b7d1f1f3f54cc13248f728f752bac
v2_ablations/cadets/minus_temporal_attention/seed_44/node_predictions.csv,31533,ca18a30983f079cfc4f3cbd0dad9a29191d51e242847586881d269d376c5332a
v2_ablations/cadets/minus_temporal_attention/seed_44/robustness_metrics.json,975,7239b3da763af56f55271fbb203a2b55fdd0b49144cfb0224ab3eec6d2c590a7
v2_ablations/cadets/minus_temporal_attention/seed_44/subgraph_predictions.csv,209,05881a4a2cc7fed5106de67adf96cd010c4ab38342dc653bb17307e1a68a924d
v2_ablations/cadets/minus_temporal_attention/seed_44/training_history.csv,4056,632cdbffadb765516674d5911d40c22470ef810e62831fa9b41cfe60e93c0f9b
v2_ablations/cadets/minus_temporal_attention/seed_55/campaign_index.csv,767,e77a2e618de93efde17302018a001c33e37e5319ce49389d9895f227eacc875f
v2_ablations/cadets/minus_temporal_attention/seed_55/checkpoint.pt,181685,819f56860a9c1e37ff20235ccebea2e2024ca7be8764f1f4e07f0bdf05f9e468
v2_ablations/cadets/minus_temporal_attention/seed_55/compactness_validation.json,1535,b1ade6fc23a1caa6ffef8aca839106d72523a5e62ca970e06c58abf7b50152f7
v2_ablations/cadets/minus_temporal_attention/seed_55/config_resolved.json,6373,e93bb9476de8befa3c9addd4adc18f701de59b85f5f2e8ebb0e8cb3e76346761
v2_ablations/cadets/minus_temporal_attention/seed_55/dataset_manifest.json,499,57aa811a3de705e2482bd493e13f0f892335d48370bd1190af28e6cc211ddf36
v2_ablations/cadets/minus_temporal_attention/seed_55/edge_predictions.csv,19913,5df9a4b03a5a3ef00b50d6a7724880e150576bbbf7cee27fbc7209220b91a26a
v2_ablations/cadets/minus_temporal_attention/seed_55/explanation_metrics.json,282493,b102b1e000fa80c3da687a73d84d73564d80646a78cf876fd0e8cf5851569907
v2_ablations/cadets/minus_temporal_attention/seed_55/metrics.json,1068,9a1972a8a6aa427594278c1f393db8b3219e886ed0330f53191491a8b291ac2b
v2_ablations/cadets/minus_temporal_attention/seed_55/node_index.csv,104849,30eea93ad224b9faeb824eff5a52b1360f3b7d1f1f3f54cc13248f728f752bac
v2_ablations/cadets/minus_temporal_attention/seed_55/node_predictions.csv,31648,ee4c60d0bfa7e6a260ac98a703a9e09cc8bf13a43dac5e21b58bb72f506fe662
v2_ablations/cadets/minus_temporal_attention/seed_55/robustness_metrics.json,1040,fc538589f2fb351350fbe7ae17352cc3faaa7751530b0fe6edf6e39e434eb5ef
v2_ablations/cadets/minus_temporal_attention/seed_55/subgraph_predictions.csv,209,4ce8a484a2de796c4fa471a6762558c31bfbb780c9cc75d475b79d7a23cdd2a4
v2_ablations/cadets/minus_temporal_attention/seed_55/training_history.csv,4082,442e07ad3cd774408fd2b2dae4952423ae80a7a375862b25555a0870282b6f83
v2_ablations/cadets/minus_temporal_attention/seed_66/campaign_index.csv,767,e77a2e618de93efde17302018a001c33e37e5319ce49389d9895f227eacc875f
v2_ablations/cadets/minus_temporal_attention/seed_66/checkpoint.pt,181685,2661bc0b837707f7f99dd207dc2b0403eceab8e75077b27eb30580520d3cf7e3
v2_ablations/cadets/minus_temporal_attention/seed_66/compactness_validation.json,1535,11f65a304643a7e2876c1bf3b1cf8ac1c69af96d3b16c5e2962f8a27a4e1cce6
v2_ablations/cadets/minus_temporal_attention/seed_66/config_resolved.json,6374,fb8ea5166227ce50fa72fdb8baf508dc5f9ec15b34fb4bc14e41489d9ce6aedf
v2_ablations/cadets/minus_temporal_attention/seed_66/dataset_manifest.json,499,57aa811a3de705e2482bd493e13f0f892335d48370bd1190af28e6cc211ddf36
v2_ablations/cadets/minus_temporal_attention/seed_66/edge_predictions.csv,19741,3b59e86dbe2023a9b7475314cf520f66e64cc4b6d084c1a53f13635e4f6f720b
v2_ablations/cadets/minus_temporal_attention/seed_66/explanation_metrics.json,134246,8489813a23a4e4a729ee86725e3ce5a4c64715c8f7c1d39a92ec53276c65aa56
v2_ablations/cadets/minus_temporal_attention/seed_66/metrics.json,1038,76d1aec6f2a9807e008600eb34c7b26b44440c68c059ad2e86653eb44c677a30
v2_ablations/cadets/minus_temporal_attention/seed_66/node_index.csv,104849,30eea93ad224b9faeb824eff5a52b1360f3b7d1f1f3f54cc13248f728f752bac
v2_ablations/cadets/minus_temporal_attention/seed_66/node_predictions.csv,31811,f268a1f73ad708ab4d48acf255fbaeaa6c03e3e1beb5a25bad5feb25c510d0ce
v2_ablations/cadets/minus_temporal_attention/seed_66/robustness_metrics.json,976,f76b5a3e000bd933d7f6331bbc838a5e43b2d4f11982144d98b145cb871fe08a
v2_ablations/cadets/minus_temporal_attention/seed_66/subgraph_predictions.csv,212,e7b2ff59e22b6cacebbba659fcd0532248598e94825ef48267c59021dbbfb8a1
v2_ablations/cadets/minus_temporal_attention/seed_66/training_history.csv,4069,68a27305eeb5de5a6d85edbe0bb925b295908b1a0a4c139a4bb787169b66bcbf
v2_ablations/cadets/minus_temporal_attention/seed_77/campaign_index.csv,767,e77a2e618de93efde17302018a001c33e37e5319ce49389d9895f227eacc875f
v2_ablations/cadets/minus_temporal_attention/seed_77/checkpoint.pt,181685,08822cca6f40f263ac60fcb956f5526f052716df4aa037c7029bdd87903ebcea
v2_ablations/cadets/minus_temporal_attention/seed_77/compactness_validation.json,1560,5577f783aebdc15c8a0375797db625e7818464e2bb2b9aba782ee17a7a91328c
v2_ablations/cadets/minus_temporal_attention/seed_77/config_resolved.json,6374,f74c7f24839923376c81ca831deddbe288d02b8e5cde44f722d555ce445a0c35
v2_ablations/cadets/minus_temporal_attention/seed_77/dataset_manifest.json,499,57aa811a3de705e2482bd493e13f0f892335d48370bd1190af28e6cc211ddf36
v2_ablations/cadets/minus_temporal_attention/seed_77/edge_predictions.csv,19710,a91529dc6f19b275a44ee03d0ecea29c4df75366e31d13a33a11d06850965d1d
v2_ablations/cadets/minus_temporal_attention/seed_77/explanation_metrics.json,11972,1f3614b7f7d94d47aeed51f17edd9eb33acb8947d89e63444a5c6cb486252683
v2_ablations/cadets/minus_temporal_attention/seed_77/metrics.json,1039,4541b5713655b1858ec988b916c732f74aed987045f753232a60ed0435fefeec
v2_ablations/cadets/minus_temporal_attention/seed_77/node_index.csv,104849,30eea93ad224b9faeb824eff5a52b1360f3b7d1f1f3f54cc13248f728f752bac
v2_ablations/cadets/minus_temporal_attention/seed_77/node_predictions.csv,32310,65de6ca15a716dc487e9887776fe9c3d47e61b4d251d206beefb1baf7dace080
v2_ablations/cadets/minus_temporal_attention/seed_77/robustness_metrics.json,1012,2310c092b88bcdc483c967886b56b69b523802a3b164dfe062cf802a1d2b26bb
v2_ablations/cadets/minus_temporal_attention/seed_77/subgraph_predictions.csv,210,c5a746faac686c4c9e10fc09a71438f22c78c3cf5dabd1d564a730f91d3afd92
v2_ablations/cadets/minus_temporal_attention/seed_77/training_history.csv,4076,c0c8f801ca948e3e368761a04ab094b958bdfd76b7d3034b998b46f9d647bb4e
v2_ablations/cadets/minus_temporal_attention/seed_88/campaign_index.csv,767,e77a2e618de93efde17302018a001c33e37e5319ce49389d9895f227eacc875f
v2_ablations/cadets/minus_temporal_attention/seed_88/checkpoint.pt,181685,c36e71e3a349429084da2c14807c0d3a32f20285f37c92325c8139e401d83cb7
v2_ablations/cadets/minus_temporal_attention/seed_88/compactness_validation.json,1487,95892ee41aee7bf1bf94eb474952ac54357941cd1f9a9cf47ddb9c160835196d
v2_ablations/cadets/minus_temporal_attention/seed_88/config_resolved.json,6374,732a2505ba5d5637db5b3ef845f1d444bb9c66f20a229a1984ab2685469f214f
v2_ablations/cadets/minus_temporal_attention/seed_88/dataset_manifest.json,499,57aa811a3de705e2482bd493e13f0f892335d48370bd1190af28e6cc211ddf36
v2_ablations/cadets/minus_temporal_attention/seed_88/edge_predictions.csv,19654,ecdcc3b1c053bea847fbbd46c45aec5b757f701bc3631492513122b84fa6b67c
v2_ablations/cadets/minus_temporal_attention/seed_88/explanation_metrics.json,125750,6fb8b911934bd7f0d0ed5e6cd481f9d82f21358541f16d938586a06b366a2065
v2_ablations/cadets/minus_temporal_attention/seed_88/metrics.json,1050,6c830e9fce073ceb669bfa0d785e30cc38398ab915a0751acf2202973c1ce5ab
v2_ablations/cadets/minus_temporal_attention/seed_88/node_index.csv,104849,30eea93ad224b9faeb824eff5a52b1360f3b7d1f1f3f54cc13248f728f752bac
v2_ablations/cadets/minus_temporal_attention/seed_88/node_predictions.csv,31791,ad47342f6109ae99e76b5cd09bfbff7420743d7cc70f9f6019d8c199e7644d05
v2_ablations/cadets/minus_temporal_attention/seed_88/robustness_metrics.json,1014,333bdfa25d639511a2c5fc795b740fa11d64498b1aa10c4a7f4b29d5fbd498d1
v2_ablations/cadets/minus_temporal_attention/seed_88/subgraph_predictions.csv,213,675658328229078342ad878250e7450b71558a8d6c02f73a6d16ac5e47ad02b0
v2_ablations/cadets/minus_temporal_attention/seed_88/training_history.csv,4069,95f560c4a2e618719c180422017cea871abcd85a57441d287fa9409be14cc6aa
v2_ablations/cadets/minus_temporal_attention/seed_99/campaign_index.csv,767,e77a2e618de93efde17302018a001c33e37e5319ce49389d9895f227eacc875f
v2_ablations/cadets/minus_temporal_attention/seed_99/checkpoint.pt,181685,1a497d76b6e903713831fe86ebd7197eb19e35fa1e43868967dbcf92471e9cf6
v2_ablations/cadets/minus_temporal_attention/seed_99/compactness_validation.json,1547,5e088da02c151a9514d236cf0a7e8baab637261136a6f1e3b406013f1a789cfa
v2_ablations/cadets/minus_temporal_attention/seed_99/config_resolved.json,6373,84f5677ef5a99994d8f52c9488cd0202193c96f6d4fb976714a5034574db72bf
v2_ablations/cadets/minus_temporal_attention/seed_99/dataset_manifest.json,499,57aa811a3de705e2482bd493e13f0f892335d48370bd1190af28e6cc211ddf36
v2_ablations/cadets/minus_temporal_attention/seed_99/edge_predictions.csv,19712,cd5b7f5095bb65742b3365c475b8d1471d35d41820e92fc1fa31ff70f33c7b49
v2_ablations/cadets/minus_temporal_attention/seed_99/explanation_metrics.json,327741,4a2f8167ecefb1487d6fecfa62888003eda022a528efc66cda5661110791a8ad
v2_ablations/cadets/minus_temporal_attention/seed_99/metrics.json,1077,dae3a35f9f7ed9e58b333d77df44b59fbd912c3241f5a8bbed4272f8f18e115f
v2_ablations/cadets/minus_temporal_attention/seed_99/node_index.csv,104849,30eea93ad224b9faeb824eff5a52b1360f3b7d1f1f3f54cc13248f728f752bac
v2_ablations/cadets/minus_temporal_attention/seed_99/node_predictions.csv,32311,21ddb80b8e91fe840cd9b2f3dc0c510187587864dbed4b7de8ce73e0ebf4c575
v2_ablations/cadets/minus_temporal_attention/seed_99/robustness_metrics.json,1042,b5a94a974075acf95125fd6077ae9cb5d5b251ba03dfab3fc7795443874d91fa
v2_ablations/cadets/minus_temporal_attention/seed_99/subgraph_predictions.csv,210,255a2fd847d9b9ad3359e633ed5a1349eabf0e48b29f35776713b5900726c552
v2_ablations/cadets/minus_temporal_attention/seed_99/training_history.csv,4058,0fdbb4ef98b0ec1948c69a47741b2502e2da51ab032409c10f9019c2e1ea26f9
v2_ablations/cadets/minus_temporal_stream/seed_11/campaign_index.csv,767,e77a2e618de93efde17302018a001c33e37e5319ce49389d9895f227eacc875f
v2_ablations/cadets/minus_temporal_stream/seed_11/checkpoint.pt,181685,dcfe8f40921af4893334e06f4b6c5ec2df8ab41c69555a09e072f6b68d218121
v2_ablations/cadets/minus_temporal_stream/seed_11/compactness_validation.json,1438,5d19cb3ec685ceeda4d7ac27780a44550a12ec39f3b91712a9d190c1521eebb4
v2_ablations/cadets/minus_temporal_stream/seed_11/config_resolved.json,6373,aafbe811360d4cd2d172f31a7caa8c4a9c14d16cdb3282cbe0682b51ed665abc
v2_ablations/cadets/minus_temporal_stream/seed_11/dataset_manifest.json,499,57aa811a3de705e2482bd493e13f0f892335d48370bd1190af28e6cc211ddf36
v2_ablations/cadets/minus_temporal_stream/seed_11/edge_predictions.csv,19800,6496b73001e8526818654cdf09ff6a3b3033c97edb570e290a12a31ed2c4e046
v2_ablations/cadets/minus_temporal_stream/seed_11/explanation_metrics.json,36950,442b9908b87fcb62ee0b9d54a498165253ff0c83621d9e2090ef40f906085857
v2_ablations/cadets/minus_temporal_stream/seed_11/metrics.json,1030,660feabc71106b5f6353ec10a31cddb85eba57aaa3e1bb23c4c9b6f5cc84a25c
v2_ablations/cadets/minus_temporal_stream/seed_11/node_index.csv,104849,30eea93ad224b9faeb824eff5a52b1360f3b7d1f1f3f54cc13248f728f752bac
v2_ablations/cadets/minus_temporal_stream/seed_11/node_predictions.csv,32250,ba900e9741e6af991aa04a5d4c86c1af568dc96396b7fe5f523a041c164420b4
v2_ablations/cadets/minus_temporal_stream/seed_11/robustness_metrics.json,979,8dd8c4c71005e71d3921f9f76c1f52e3f34fc3c9b6009bf15c265356250baa16
v2_ablations/cadets/minus_temporal_stream/seed_11/subgraph_predictions.csv,213,af26920e99618391a5d4a5f37e3dcfd20ddd4379913ca5120fc2bb4cb07b1968
v2_ablations/cadets/minus_temporal_stream/seed_11/training_history.csv,5220,74e207faf8283dd9ce5e9e744850bfd0e6408aea223ab643b6a044c9fae30a59
v2_ablations/cadets/minus_temporal_stream/seed_110/campaign_index.csv,767,e77a2e618de93efde17302018a001c33e37e5319ce49389d9895f227eacc875f
v2_ablations/cadets/minus_temporal_stream/seed_110/checkpoint.pt,181685,3f0985d2944de9934318b3c8386610317a47cebaa15c4b0641ec82afa18f6208
v2_ablations/cadets/minus_temporal_stream/seed_110/compactness_validation.json,1575,b219162f5a73f74f981cb35ba7e72ad91b315491d07bca83e7834f2bd58e7154
v2_ablations/cadets/minus_temporal_stream/seed_110/config_resolved.json,6375,fd10cba63e3f998578e7eeeee183174f5e9a73619e47cf06d970be5fced552f7
v2_ablations/cadets/minus_temporal_stream/seed_110/dataset_manifest.json,499,57aa811a3de705e2482bd493e13f0f892335d48370bd1190af28e6cc211ddf36
v2_ablations/cadets/minus_temporal_stream/seed_110/edge_predictions.csv,19576,791d1c433770b93d9098f9d73f0a1b47662054f235da8228740e07ea13b867f3
v2_ablations/cadets/minus_temporal_stream/seed_110/explanation_metrics.json,34653,c30ba3bfc951fd83367479fc80b9e86547ee5922defbffa1ce147bb71c1e73b9
v2_ablations/cadets/minus_temporal_stream/seed_110/metrics.json,1061,c882e3fd37f4e3d2504136df930d201dda1918a73378ca556f025a6e25b14a04
v2_ablations/cadets/minus_temporal_stream/seed_110/node_index.csv,104849,30eea93ad224b9faeb824eff5a52b1360f3b7d1f1f3f54cc13248f728f752bac
v2_ablations/cadets/minus_temporal_stream/seed_110/node_predictions.csv,32278,5770da4acfe442324e1d0f4f742626741574bc094b81be5e73c6274954738f0e
v2_ablations/cadets/minus_temporal_stream/seed_110/robustness_metrics.json,977,0a0f6c8d1ff95cc29044c63a5935322d30e9b6eb060ed4bfe3605cb45c531f72
v2_ablations/cadets/minus_temporal_stream/seed_110/subgraph_predictions.csv,211,cecab502b1897161a87101ed9583e3b22e8e2ce411f7c708e0aa8b0197ea62ce
v2_ablations/cadets/minus_temporal_stream/seed_110/training_history.csv,4489,29f58dd31ba1f95fc87f1d844ab52e0ace3018cf5b1401545aa7f9affe5c21b0
v2_ablations/cadets/minus_temporal_stream/seed_22/campaign_index.csv,767,e77a2e618de93efde17302018a001c33e37e5319ce49389d9895f227eacc875f
v2_ablations/cadets/minus_temporal_stream/seed_22/checkpoint.pt,181685,e795254671172c32263e9e7084c8d3d3dccf0c8384d7634fc649bf68db209002
v2_ablations/cadets/minus_temporal_stream/seed_22/compactness_validation.json,1458,23959dbf0bd494159a5394c87f5b4106dec99bb0082741a56bb8662269a35372
v2_ablations/cadets/minus_temporal_stream/seed_22/config_resolved.json,6374,47ec18b3a7e7558c1dc91b2216bac043b8972fbd4901965306edf4bc5554ac68
v2_ablations/cadets/minus_temporal_stream/seed_22/dataset_manifest.json,499,57aa811a3de705e2482bd493e13f0f892335d48370bd1190af28e6cc211ddf36
v2_ablations/cadets/minus_temporal_stream/seed_22/edge_predictions.csv,19703,2356222c19ade8838803ccb7fc89f0e584ec8f1686ccdf9901770d91f902eee9
v2_ablations/cadets/minus_temporal_stream/seed_22/explanation_metrics.json,497586,56f9dfed2fade41f94e40f10390f37c2f8c9c2ae0c8500358a7ea5a841f074bf
v2_ablations/cadets/minus_temporal_stream/seed_22/metrics.json,1048,f5d4e0fcc6ecaa16a52dd2f9b6eb7a75589e51cc39588f25642f2963ff29947e
v2_ablations/cadets/minus_temporal_stream/seed_22/node_index.csv,104849,30eea93ad224b9faeb824eff5a52b1360f3b7d1f1f3f54cc13248f728f752bac
v2_ablations/cadets/minus_temporal_stream/seed_22/node_predictions.csv,32199,724df85438f0b5331a6de5ebeb2a9a6a235fab67b4ef98d9559cfc86309e4476
v2_ablations/cadets/minus_temporal_stream/seed_22/robustness_metrics.json,1013,76164c5203173a14ce817c16f439efa3d38233728d4fcc55b793c911048800d4
v2_ablations/cadets/minus_temporal_stream/seed_22/subgraph_predictions.csv,212,19073fdaef4ce1d8712fb37f1a16756822832d7a38ad6abef5d56159c9bf0475
v2_ablations/cadets/minus_temporal_stream/seed_22/training_history.csv,4462,f7ff9a220ef20635b159adb4ac163e78b8df6fa4b36f4ff150f605ed76e1c27c
v2_ablations/cadets/minus_temporal_stream/seed_33/campaign_index.csv,767,e77a2e618de93efde17302018a001c33e37e5319ce49389d9895f227eacc875f
v2_ablations/cadets/minus_temporal_stream/seed_33/checkpoint.pt,181685,a9b005ed45d6838382234ea6f4d471c21aecac74069eb60659fe5eacf8033bd5
v2_ablations/cadets/minus_temporal_stream/seed_33/compactness_validation.json,1442,3e3875a472773de8ae3d638bc3b93fdb2870d07e1fb1835036cbe5317e8f9dc6
v2_ablations/cadets/minus_temporal_stream/seed_33/config_resolved.json,6374,1cca5c0ee6d77f865ff847d05afac3e9d32a0383ebbb247b53f2183e2cc4f735
v2_ablations/cadets/minus_temporal_stream/seed_33/dataset_manifest.json,499,57aa811a3de705e2482bd493e13f0f892335d48370bd1190af28e6cc211ddf36
v2_ablations/cadets/minus_temporal_stream/seed_33/edge_predictions.csv,19733,e01e9a2491d066eb5226e5baa40cd5d3daf600278a9382e24fc1e9b5b6094526
v2_ablations/cadets/minus_temporal_stream/seed_33/explanation_metrics.json,1234272,081ee6c29e984729590c106c49f18427faaf8bbf1b9c69db5cfb646539fa6a06
v2_ablations/cadets/minus_temporal_stream/seed_33/metrics.json,1052,c6cc47144d7b38468d78071ebe56d4bfae42aac70b33a431751c053f417aa821
v2_ablations/cadets/minus_temporal_stream/seed_33/node_index.csv,104849,30eea93ad224b9faeb824eff5a52b1360f3b7d1f1f3f54cc13248f728f752bac
v2_ablations/cadets/minus_temporal_stream/seed_33/node_predictions.csv,31462,7e367f2ff1e1972fda83fd2f4f7066a8e14bc8b752dbf9ecd17fbd34e625edbe
v2_ablations/cadets/minus_temporal_stream/seed_33/robustness_metrics.json,976,376a76a325a8ce497c445453108d4cfa336f4078c302c0600fa11f6be3263fcb
v2_ablations/cadets/minus_temporal_stream/seed_33/subgraph_predictions.csv,211,677ab433fcaf86157eb2bce195a2b06986aa3fab928b025cec2eb03512640d7b
v2_ablations/cadets/minus_temporal_stream/seed_33/training_history.csv,5598,a6cb8b380de67c629d01d2b589824154a1d02ceebf64df1b672832337565c144
v2_ablations/cadets/minus_temporal_stream/seed_44/campaign_index.csv,767,e77a2e618de93efde17302018a001c33e37e5319ce49389d9895f227eacc875f
v2_ablations/cadets/minus_temporal_stream/seed_44/checkpoint.pt,181685,44334563d77973c8116da43403880a8073281698ddb5dba490d0afef67bca470
v2_ablations/cadets/minus_temporal_stream/seed_44/compactness_validation.json,1486,c2fdae91e10d02c2a7ec635423a198aada983770689b547f8d345710c315fd73
v2_ablations/cadets/minus_temporal_stream/seed_44/config_resolved.json,6374,e955f1f53cfc8b47a80f3717e7bbc19aa4d333789d8023c25116cfeebc0315f2
v2_ablations/cadets/minus_temporal_stream/seed_44/dataset_manifest.json,499,57aa811a3de705e2482bd493e13f0f892335d48370bd1190af28e6cc211ddf36
v2_ablations/cadets/minus_temporal_stream/seed_44/edge_predictions.csv,19679,f525d771aa5a7cba75d1667d3e53a9fe5e884e923568d59e451fdcd140c3d25a
v2_ablations/cadets/minus_temporal_stream/seed_44/explanation_metrics.json,1380448,209aceb90e1581dc22c79e1fa95e818a4448f6693e6ad2e622d34f847eb43256
v2_ablations/cadets/minus_temporal_stream/seed_44/metrics.json,1056,8b81b55226a70cf32ec234695ea5822c3ed3208c64002b4f8cc8c63d741ec041
v2_ablations/cadets/minus_temporal_stream/seed_44/node_index.csv,104849,30eea93ad224b9faeb824eff5a52b1360f3b7d1f1f3f54cc13248f728f752bac
v2_ablations/cadets/minus_temporal_stream/seed_44/node_predictions.csv,32182,8aac133d57684a41d29678dee3798f0ac44d87dd8cfbb7276cfeaaa35df0713e
v2_ablations/cadets/minus_temporal_stream/seed_44/robustness_metrics.json,976,876293e8bf9533eccc4db2e13a624a76f16a474a5b3890dbe2f1e028cc6cb479
v2_ablations/cadets/minus_temporal_stream/seed_44/subgraph_predictions.csv,211,6b78ed72754e6b1bcc2ce14e4df08a5bbe5adaa6c85d52a9bcae8dbafaae7283
v2_ablations/cadets/minus_temporal_stream/seed_44/training_history.csv,4481,515f9f10aeae37f25b32c72966573baa7150c78e852665d2d7c92591d5d61864
v2_ablations/cadets/minus_temporal_stream/seed_55/campaign_index.csv,767,e77a2e618de93efde17302018a001c33e37e5319ce49389d9895f227eacc875f
v2_ablations/cadets/minus_temporal_stream/seed_55/checkpoint.pt,181685,ccc15cad19acdb52f87f7ddf161a10c22443ad08e1962f767f0966a8b7c92a8b
v2_ablations/cadets/minus_temporal_stream/seed_55/compactness_validation.json,1516,abb8c72ddf27a1689d03ddc807a8a9d0df081c93fe3665a7389209c94a4b0819
v2_ablations/cadets/minus_temporal_stream/seed_55/config_resolved.json,6373,aa87c49dc671f1d0b3e43ad2ca21e5532a1f32baab7c06c80074210b464743aa
v2_ablations/cadets/minus_temporal_stream/seed_55/dataset_manifest.json,499,57aa811a3de705e2482bd493e13f0f892335d48370bd1190af28e6cc211ddf36
v2_ablations/cadets/minus_temporal_stream/seed_55/edge_predictions.csv,19916,8d10e24b4ff173f1cbf7873ba2c3317c6b2a91bd6ebb4a102804179895c053fd
v2_ablations/cadets/minus_temporal_stream/seed_55/explanation_metrics.json,323534,4454f25773c3872c4aaa04c006defa699866c9d2ce9398b2c3cb2d040b0a98ce
v2_ablations/cadets/minus_temporal_stream/seed_55/metrics.json,1050,a557fc5b7258a80879d8327a5a7d1ceeb76677879e0233799af28a5831ce3a51
v2_ablations/cadets/minus_temporal_stream/seed_55/node_index.csv,104849,30eea93ad224b9faeb824eff5a52b1360f3b7d1f1f3f54cc13248f728f752bac
v2_ablations/cadets/minus_temporal_stream/seed_55/node_predictions.csv,31897,3937d7213944547f7c30f4358f2cc110a99ac8f35d649b1ab8cdd51e8a2aecbd
v2_ablations/cadets/minus_temporal_stream/seed_55/robustness_metrics.json,1013,230337bfb0e9adbcec664cff04244ca51530aae183a83bd16b759c73ac4cc8cd
v2_ablations/cadets/minus_temporal_stream/seed_55/subgraph_predictions.csv,212,2b95b95871784a5dd68cdec793f55431de0a4845c854812c6f59d7fb970527df
v2_ablations/cadets/minus_temporal_stream/seed_55/training_history.csv,4851,432dec334769f930907b14566e17c5e7449e41a57e243a4f367fa9f16941ebce
v2_ablations/cadets/minus_temporal_stream/seed_66/campaign_index.csv,767,e77a2e618de93efde17302018a001c33e37e5319ce49389d9895f227eacc875f
v2_ablations/cadets/minus_temporal_stream/seed_66/checkpoint.pt,181685,aabf0e7a281c7aaa171af6428f21e204ece35242556ea6bcdfec2172ab34987d
v2_ablations/cadets/minus_temporal_stream/seed_66/compactness_validation.json,1540,b90653e958aa7bba6ab17ebdf44ac716f8ae18266bfb01ac7b9740403f1ea107
v2_ablations/cadets/minus_temporal_stream/seed_66/config_resolved.json,6373,5e538ca916927db6328b9cdddf5bf4daadc3406cb8d169aa5700f7e6b1824a8b
v2_ablations/cadets/minus_temporal_stream/seed_66/dataset_manifest.json,499,57aa811a3de705e2482bd493e13f0f892335d48370bd1190af28e6cc211ddf36
v2_ablations/cadets/minus_temporal_stream/seed_66/edge_predictions.csv,19750,bfb7bc2d99849a0f847bce0cc872781741861d9681d6cfd5bba95841b75035e9
v2_ablations/cadets/minus_temporal_stream/seed_66/explanation_metrics.json,125202,8c4b0a7794f546e1539c5403ddf8c28bca5905aaf7714148d95dcfe5602fa917
v2_ablations/cadets/minus_temporal_stream/seed_66/metrics.json,1031,19f3fd789126d681860cfab077748d97343598236d2b08c06947bc6a8ee94348
v2_ablations/cadets/minus_temporal_stream/seed_66/node_index.csv,104849,30eea93ad224b9faeb824eff5a52b1360f3b7d1f1f3f54cc13248f728f752bac
v2_ablations/cadets/minus_temporal_stream/seed_66/node_predictions.csv,31458,9e2f16d8c00a7db34b00b8420e617985d136e0a553fd3d3b6bc717ddfa3414cb
v2_ablations/cadets/minus_temporal_stream/seed_66/robustness_metrics.json,1015,f197ade65e883f8f63c110e88b1eba2391b292d9382dd3399c895f787c3a6d3a
v2_ablations/cadets/minus_temporal_stream/seed_66/subgraph_predictions.csv,211,35c829dd7f8fb1da50bef3b18a393442a86134a6607fe1fdf43eaba820f70eaa
v2_ablations/cadets/minus_temporal_stream/seed_66/training_history.csv,4480,8a3a5311e6a1530aacd634bcf77b1f6b8bc2abdfab2e8d5baefeaf3dd08c17f2
v2_ablations/cadets/minus_temporal_stream/seed_77/campaign_index.csv,767,e77a2e618de93efde17302018a001c33e37e5319ce49389d9895f227eacc875f
v2_ablations/cadets/minus_temporal_stream/seed_77/checkpoint.pt,181685,89dd55efa0080e333e895e7ef5b06faa822a4fe9c3003aec97d77a6f7607939c
v2_ablations/cadets/minus_temporal_stream/seed_77/compactness_validation.json,1519,9db7a38226ea270c0240f57453b7f486118a0f9bab850664b03f0345b3dd4267
v2_ablations/cadets/minus_temporal_stream/seed_77/config_resolved.json,6374,4a1500b970692d0618137a34198a28d3f597cb889d5205cc2b6c9cd180acf1b5
v2_ablations/cadets/minus_temporal_stream/seed_77/dataset_manifest.json,499,57aa811a3de705e2482bd493e13f0f892335d48370bd1190af28e6cc211ddf36
v2_ablations/cadets/minus_temporal_stream/seed_77/edge_predictions.csv,19706,8602561fa4e3f707bc11f4995b2f1719d8d8f1d92812855e8f960fe38177938d
v2_ablations/cadets/minus_temporal_stream/seed_77/explanation_metrics.json,1123071,ce1ac8fae65a65c738d80cae3e4e0ac5246db21de43f69471aeac850ce26a818
v2_ablations/cadets/minus_temporal_stream/seed_77/metrics.json,1089,17dcbfaf6185a2e52c7a985488d6a9dea9df70a3fb4c87b9afb0c7225f741a90
v2_ablations/cadets/minus_temporal_stream/seed_77/node_index.csv,104849,30eea93ad224b9faeb824eff5a52b1360f3b7d1f1f3f54cc13248f728f752bac
v2_ablations/cadets/minus_temporal_stream/seed_77/node_predictions.csv,31543,18c5854b0c2c359fe18b7c74a34675990eea5fe6fd08a37b5b38676c8ebb2af3
v2_ablations/cadets/minus_temporal_stream/seed_77/robustness_metrics.json,976,c4f53b4e0bf809597eb9ec60817f74f54321aed40c2453099e5bbb57e07f0f3a
v2_ablations/cadets/minus_temporal_stream/seed_77/subgraph_predictions.csv,210,98d333da12e7b3476e6f8dda7dd8b07572f4bc7fa07fc915baf96d69d554c001
v2_ablations/cadets/minus_temporal_stream/seed_77/training_history.csv,4850,6c38133deab47c575e94b247f0ce9c8e7b22ffd9860727c79e1c3f262684d6b9
v2_ablations/cadets/minus_temporal_stream/seed_88/campaign_index.csv,767,e77a2e618de93efde17302018a001c33e37e5319ce49389d9895f227eacc875f
v2_ablations/cadets/minus_temporal_stream/seed_88/checkpoint.pt,181685,eb140b9388817083f368391adb51b3aae70452a11418adcfc7c1d26d4282fb51
v2_ablations/cadets/minus_temporal_stream/seed_88/compactness_validation.json,1621,cf34701376941240a020518b4ed917f368be2b3e268662b25ffa21254749208e
v2_ablations/cadets/minus_temporal_stream/seed_88/config_resolved.json,6374,a1f643570ecba80926885a8bc632c651f454cf710ce21dc1d2f9125726e2c7d6
v2_ablations/cadets/minus_temporal_stream/seed_88/dataset_manifest.json,499,57aa811a3de705e2482bd493e13f0f892335d48370bd1190af28e6cc211ddf36
v2_ablations/cadets/minus_temporal_stream/seed_88/edge_predictions.csv,19686,a4806c11479679402049726454485494f83a8c0ecee42707b8e05c4b969a1425
v2_ablations/cadets/minus_temporal_stream/seed_88/explanation_metrics.json,91548,0df56498824ce7a959f1e7c510fe06b4477379dabb1054b393ffa2509dd7ac9a
v2_ablations/cadets/minus_temporal_stream/seed_88/metrics.json,1087,124baa7a3a5a4de7ad955ac63815db6560aa5bd2b57349285fd2a38e88559880
v2_ablations/cadets/minus_temporal_stream/seed_88/node_index.csv,104849,30eea93ad224b9faeb824eff5a52b1360f3b7d1f1f3f54cc13248f728f752bac
v2_ablations/cadets/minus_temporal_stream/seed_88/node_predictions.csv,31823,ea2979378f36eec8eb2f5e21c6019000105a104be900d6630bccf6f54e57f7b9
v2_ablations/cadets/minus_temporal_stream/seed_88/robustness_metrics.json,997,7bea214b5af66545b67bfa37e80ab1c622a646a2bb1dd0be04c0ffab4126de2d
v2_ablations/cadets/minus_temporal_stream/seed_88/subgraph_predictions.csv,212,057e71eda9c7cc51247a0028e6a98fe2ee8b0d6aee36da4e15a37d68e81d80ad
v2_ablations/cadets/minus_temporal_stream/seed_88/training_history.csv,4846,fc90438ed70c44eceb2b1be0e398b4db847b42937dc27e26b0b8d004a70e6263
v2_ablations/cadets/minus_temporal_stream/seed_99/campaign_index.csv,767,e77a2e618de93efde17302018a001c33e37e5319ce49389d9895f227eacc875f
v2_ablations/cadets/minus_temporal_stream/seed_99/checkpoint.pt,181685,417d62bcf2f730b5e8ca33eaf785f803160041b5299b866e6c5a86d5e3b80d82
v2_ablations/cadets/minus_temporal_stream/seed_99/compactness_validation.json,1533,5689cd5c17e9ef7f81b569be2694db8542b61bd0881d6aca8a8db0e01dbc7976
v2_ablations/cadets/minus_temporal_stream/seed_99/config_resolved.json,6374,22c1051f2707bc3be4b6883341181d661a1bd6118e18ef578981e253be0efb39
v2_ablations/cadets/minus_temporal_stream/seed_99/dataset_manifest.json,499,57aa811a3de705e2482bd493e13f0f892335d48370bd1190af28e6cc211ddf36
v2_ablations/cadets/minus_temporal_stream/seed_99/edge_predictions.csv,19683,6fedfc3e1f1a538b0918bacd1239f3cef7ed400ce54ce546c2331385f30fa317
v2_ablations/cadets/minus_temporal_stream/seed_99/explanation_metrics.json,237340,89a264192807ccbace4647e2db0fe5d67e325d064caa1e04f77718570b4b7aea
v2_ablations/cadets/minus_temporal_stream/seed_99/metrics.json,1083,c1235050b225e4d873e0a321aa28d0a1709dd59b022a3eebb85c8c110ee78b44
v2_ablations/cadets/minus_temporal_stream/seed_99/node_index.csv,104849,30eea93ad224b9faeb824eff5a52b1360f3b7d1f1f3f54cc13248f728f752bac
v2_ablations/cadets/minus_temporal_stream/seed_99/node_predictions.csv,31964,64ea0da773fd972b9da6b8f904b98292b7dc5822c98e95a1e5861f0cd34f7127
v2_ablations/cadets/minus_temporal_stream/seed_99/robustness_metrics.json,1043,6e9c23a398ccce66aa091eb9ceab69cc97d84e6101663b981afc10afa39d21a0
v2_ablations/cadets/minus_temporal_stream/seed_99/subgraph_predictions.csv,208,d0500157658e2732ac3e443aa24f0154000fa58369588381973a1d84fc4233c2
v2_ablations/cadets/minus_temporal_stream/seed_99/training_history.csv,4482,13dda4d16d3a136da7bce025dbc27e57084407928f537f104cc90680d653ff3a
v2_ablations/streamspot/ablation_seed_metrics.csv,10305,58d995a7cb13eba2116917ea89ed550ff9c16277e926847d38e77f4fde586a2d
v2_ablations/streamspot/ablation_summary.csv,6186,7931a1e8688738acfba5567de19c5d87a6d6cc5ec7893e9476a39105c73d9c31
v2_ablations/streamspot/full/seed_11/campaign_index.csv,575,cc64c954fdbf0b3565d55fc2ac78a2a90b4d8d80101fd58e4223bed23a20c379
v2_ablations/streamspot/full/seed_11/checkpoint.pt,186229,86d5a66dc72ae1d2a7327bb458efebc22fe412ef225ddc2f4a0cbd9406c7314b
v2_ablations/streamspot/full/seed_11/compactness_validation.json,1540,1b300240c3489fcd513f4f6b40206cce328372a5034c3899010d1eb02a8d0cf9
v2_ablations/streamspot/full/seed_11/config_resolved.json,6173,c79a2d882a67c62793edcbf387b43acdc9b9fb9ef6e8364f27a6501b597c04a8
v2_ablations/streamspot/full/seed_11/dataset_manifest.json,504,08d6dd101f759675542323e4ec860ac49d00f0628719811815d1e416ab2cacf7
v2_ablations/streamspot/full/seed_11/edge_predictions.csv,19829,1c388c7aed9086652b229a3057ad3f59ce54bfb8d6d697ae48149def2c0d139e
v2_ablations/streamspot/full/seed_11/explanation_metrics.json,1302946,433e95a3911c75da1a5c14c3f047e8fc89644b907d3111852c9c2ef00b2882c9
v2_ablations/streamspot/full/seed_11/metrics.json,1074,de572f6cc1f8ba97b9afd1d9873e308c4e9a22def7f46c38b30c2f8f0db827ad
v2_ablations/streamspot/full/seed_11/node_index.csv,120538,cf26725abfffb1abf4306ff0cc3a6f164bd2f80823ba0d9d512cfc2f2f257bc3
v2_ablations/streamspot/full/seed_11/node_predictions.csv,30417,27f0b49cd12cabe032cf1e235a50c2c720132ed713d5e052edf738dc965ac6e1
v2_ablations/streamspot/full/seed_11/robustness_metrics.json,931,e6a5c09463fa7316791a797de77d86e30ab0eae6f91b2645dfdf670c77e90ae4
v2_ablations/streamspot/full/seed_11/subgraph_predictions.csv,322,0ea0ddd6c331c762994f0a1ad365974e11ac066df2851577e6c5da4af80bee8e
v2_ablations/streamspot/full/seed_11/training_history.csv,6105,62b14fe615a051723f2b9deda43f136d3f2d9950f2718a5f056d05f80f71f386
v2_ablations/streamspot/full/seed_110/campaign_index.csv,575,cc64c954fdbf0b3565d55fc2ac78a2a90b4d8d80101fd58e4223bed23a20c379
v2_ablations/streamspot/full/seed_110/checkpoint.pt,186229,785b487cdac8e3dd7eeb1caa9014cfedcacec2a10745f04934e3cd40bf820b7f
v2_ablations/streamspot/full/seed_110/compactness_validation.json,1540,a67bfdb42dc20f18ea3d56d6675f59e09f942d6cedfb02c37ab5185c249c03e7
v2_ablations/streamspot/full/seed_110/config_resolved.json,6176,5926de4671e4f66f00f9f1f07999dccc3fc7d93a48c567f03cf8b29388c95dd8
v2_ablations/streamspot/full/seed_110/dataset_manifest.json,504,08d6dd101f759675542323e4ec860ac49d00f0628719811815d1e416ab2cacf7
v2_ablations/streamspot/full/seed_110/edge_predictions.csv,19749,d6a2646ef1469a70ae3b724dea9a5ff2b038943ca9a23932fbcd85391b926558
v2_ablations/streamspot/full/seed_110/explanation_metrics.json,1304054,4c13cd3046842ab011ff7785ad5ec3feba9150992662e5c22a742782c1be6efc
v2_ablations/streamspot/full/seed_110/metrics.json,1103,3b8d37e46c390212d364054e3b062b4390881c4f7d02ff1dbb2e37d3a9e414cb
v2_ablations/streamspot/full/seed_110/node_index.csv,120538,cf26725abfffb1abf4306ff0cc3a6f164bd2f80823ba0d9d512cfc2f2f257bc3
v2_ablations/streamspot/full/seed_110/node_predictions.csv,30667,4a17778c6932adb059f31e821998eccaa68192c043a6ef727dfe1dd186f6eb55
v2_ablations/streamspot/full/seed_110/robustness_metrics.json,930,60d4ec67876780da4909c582748261e4d9f1ddd0c183ace2b9096214ba46746a
v2_ablations/streamspot/full/seed_110/subgraph_predictions.csv,321,f910fea10c249213a7e9f2944b920ded03d9e5860d04502995f30324badd6e43
v2_ablations/streamspot/full/seed_110/training_history.csv,10394,ec6dfa914941e67a935e96d62d6c9c77daffd88b92e4063711907dd893c0f56b
v2_ablations/streamspot/full/seed_22/campaign_index.csv,575,cc64c954fdbf0b3565d55fc2ac78a2a90b4d8d80101fd58e4223bed23a20c379
v2_ablations/streamspot/full/seed_22/checkpoint.pt,186229,08cdb67a52562c31d7801ca459496bb1f6e8bb414371a6c4b5bd3910e076b8d0
v2_ablations/streamspot/full/seed_22/compactness_validation.json,1636,caf0b7abbcbfdc0fdb786f1d3df617222608c863b56000789fc23960d1e8ef38
v2_ablations/streamspot/full/seed_22/config_resolved.json,6175,692f16d721ca31af0c2e65d86070bdf68bc09e3d68d357605638b2aba5932d24
v2_ablations/streamspot/full/seed_22/dataset_manifest.json,504,08d6dd101f759675542323e4ec860ac49d00f0628719811815d1e416ab2cacf7
v2_ablations/streamspot/full/seed_22/edge_predictions.csv,19828,140d1391b46e5e951a8302f7fc8b6ed89549a2f00e489c6ad4ac23ac92bf6348
v2_ablations/streamspot/full/seed_22/explanation_metrics.json,1314687,12c613405f5d796ce7b861ee1a763fdd6a21a7e5c8fdc16219b56bab1dd6bb92
v2_ablations/streamspot/full/seed_22/metrics.json,1102,ead281a99c904bf0eee11d933b2fdf81eb5558fb3c67cfd0273beea78981de02
v2_ablations/streamspot/full/seed_22/node_index.csv,120538,cf26725abfffb1abf4306ff0cc3a6f164bd2f80823ba0d9d512cfc2f2f257bc3
v2_ablations/streamspot/full/seed_22/node_predictions.csv,31106,bd5b5dd7561e3c5b7a6401b2a2b0ec7b3429ce8c4c511b7b9d6f6616b86da4da
v2_ablations/streamspot/full/seed_22/robustness_metrics.json,930,a2db2cb04490c3d3728c6d41f878e1479bbcfd51c37cb1f2657216023222f52b
v2_ablations/streamspot/full/seed_22/subgraph_predictions.csv,323,05d8be864f5a1ddfc4ccccc1eec439747ccd1127fd3a30d7d31b4d2ee7284571
v2_ablations/streamspot/full/seed_22/training_history.csv,11811,8ed0b4789b7270f83292aeb1d7a32d598a96dc8c2340482d6e2857868841dae8
v2_ablations/streamspot/full/seed_33/campaign_index.csv,575,cc64c954fdbf0b3565d55fc2ac78a2a90b4d8d80101fd58e4223bed23a20c379
v2_ablations/streamspot/full/seed_33/checkpoint.pt,186229,bd229f7036925e8f9d0d258ac06ed913e8146dda2c04193154db8a5bd40b83db
v2_ablations/streamspot/full/seed_33/compactness_validation.json,1426,3e3d85e00a748f17fb77a04680388c8c6765a42ac98b9880863ce2fe20092095
v2_ablations/streamspot/full/seed_33/config_resolved.json,6175,a3a65dae4b60b960a743d81163beb331d48f1a814345015ec9a005123a8d693a
v2_ablations/streamspot/full/seed_33/dataset_manifest.json,504,08d6dd101f759675542323e4ec860ac49d00f0628719811815d1e416ab2cacf7
v2_ablations/streamspot/full/seed_33/edge_predictions.csv,19718,060c5c308365f87b6b887b05480c2147d345514be56fdee282b7a84e28658934
v2_ablations/streamspot/full/seed_33/explanation_metrics.json,1328170,3e4c597a811cb2633625b14cc8f105888a0469227ca659b39932c0345869381f
v2_ablations/streamspot/full/seed_33/metrics.json,1125,0ddf2f80d85a45caa0de1c92346ae4c7e7bd9a5fd9750e8ab4f7557fe181cfc9
v2_ablations/streamspot/full/seed_33/node_index.csv,120538,cf26725abfffb1abf4306ff0cc3a6f164bd2f80823ba0d9d512cfc2f2f257bc3
v2_ablations/streamspot/full/seed_33/node_predictions.csv,30623,ea899f512fce97a308e7e49b05936e7c0ae88251bdd206661c945b5e803bb9b8
v2_ablations/streamspot/full/seed_33/robustness_metrics.json,896,7ba7644c1dafbea3ead5e214f84f27932a0d012af822561b662f7cb5b0deb1de
v2_ablations/streamspot/full/seed_33/subgraph_predictions.csv,313,4879b6c7ebaf16ea2643949f99266863a189d1b318f093b8b6c1524bca504d9a
v2_ablations/streamspot/full/seed_33/training_history.csv,13939,15f8f6ad1dd869eb138dee103da1b057bb53f4668a171dd147b2d00972a9246f
v2_ablations/streamspot/full/seed_44/campaign_index.csv,575,cc64c954fdbf0b3565d55fc2ac78a2a90b4d8d80101fd58e4223bed23a20c379
v2_ablations/streamspot/full/seed_44/checkpoint.pt,186229,711300bbcd1d8f941fca280ee8c0da19d0f00b93abb353bdbf9ef26ac2c94130
v2_ablations/streamspot/full/seed_44/compactness_validation.json,1630,e2ce2b9ffc232c3fd2e4b414b19a2d941a810741e71abad35fdf25a46ebee4dc
v2_ablations/streamspot/full/seed_44/config_resolved.json,6174,e859bf6a21a3adc3ae8dded0ecfa718256a3d2dd1cf4499b8b4c202408efb625
v2_ablations/streamspot/full/seed_44/dataset_manifest.json,504,08d6dd101f759675542323e4ec860ac49d00f0628719811815d1e416ab2cacf7
v2_ablations/streamspot/full/seed_44/edge_predictions.csv,19726,d843ec350c188b450f63269c835fe590228cde7f5ea3eb7ffe0a782218f68715
v2_ablations/streamspot/full/seed_44/explanation_metrics.json,1087311,c8d19c2e8cc743552327ae22025dc82eb81e56832abaa48639036bfd6bf28eba
v2_ablations/streamspot/full/seed_44/metrics.json,1135,837c58b8d4801d3ea3d5362aadc3b554129dc2abc504f45aa227d9ae9eb1ced9
v2_ablations/streamspot/full/seed_44/node_index.csv,120538,cf26725abfffb1abf4306ff0cc3a6f164bd2f80823ba0d9d512cfc2f2f257bc3
v2_ablations/streamspot/full/seed_44/node_predictions.csv,30405,9f76ca8a8bc6fcc4521436cbedbdbc5006e6eee16f044379b09e33e6c9668b62
v2_ablations/streamspot/full/seed_44/robustness_metrics.json,929,869ac7b54c71c42d2f18be17cbfe8324dad6d96d3efda14ddcdddaab49f57eec
v2_ablations/streamspot/full/seed_44/subgraph_predictions.csv,322,23342ce0bd6b18fbff594b90957e87b56cb4c4c0fb1db056c3788d99832b6bcc
v2_ablations/streamspot/full/seed_44/training_history.csv,11070,4e7dace32d9d69be674d0e6392dd1f2728d503ab0ef89dd8672825286ccedef7
v2_ablations/streamspot/full/seed_55/campaign_index.csv,575,cc64c954fdbf0b3565d55fc2ac78a2a90b4d8d80101fd58e4223bed23a20c379
v2_ablations/streamspot/full/seed_55/checkpoint.pt,186229,2a2784c14cbeacd7d37c3e82b7e1fb226d0347791e1b5a955833fc536002ddf2
v2_ablations/streamspot/full/seed_55/compactness_validation.json,1522,e98859840ae328159b5a80f9f34f3f92ef045452ad9d5fe6ed457197d93e4b40
v2_ablations/streamspot/full/seed_55/config_resolved.json,6174,cdd72a2b46389df17d47e8086f060ae391cd72b1fc7c2cc4841f60e8906a7402
v2_ablations/streamspot/full/seed_55/dataset_manifest.json,504,08d6dd101f759675542323e4ec860ac49d00f0628719811815d1e416ab2cacf7
v2_ablations/streamspot/full/seed_55/edge_predictions.csv,19879,2ed40d29495ec194fc698f0c22ed3094903e63a61cc6132f67600152b1c9921b
v2_ablations/streamspot/full/seed_55/explanation_metrics.json,1328288,5dfb5a8457413a9523765c19e2fcb286b9002a9dfc47d3139c66ca4d8c8415c8
v2_ablations/streamspot/full/seed_55/metrics.json,1078,679daa75a7cfd837bd039d46e9d9941835d8ec3ed36b4dda93c7ffa863e0706b
v2_ablations/streamspot/full/seed_55/node_index.csv,120538,cf26725abfffb1abf4306ff0cc3a6f164bd2f80823ba0d9d512cfc2f2f257bc3
v2_ablations/streamspot/full/seed_55/node_predictions.csv,30528,88b1d63ac945d87345f96c3c5fc3b1b50616bf4762bf83a7d50ed49b51b9c894
v2_ablations/streamspot/full/seed_55/robustness_metrics.json,929,730af96b94c0891f7dc32b2fbc47a321dbc53b78bab5cc2ff01717c32cf57b3c
v2_ablations/streamspot/full/seed_55/subgraph_predictions.csv,324,c9e8db04be64692ec450d9efb483b5f4f3264dc89e263489060839f14889409f
v2_ablations/streamspot/full/seed_55/training_history.csv,8934,370a24d3f0dbabe151a1a5c7bf555d52a6c5f0cf4f67f4093cd9f81d3912edd8
v2_ablations/streamspot/full/seed_66/campaign_index.csv,575,cc64c954fdbf0b3565d55fc2ac78a2a90b4d8d80101fd58e4223bed23a20c379
v2_ablations/streamspot/full/seed_66/checkpoint.pt,186229,609fe530406db0ca3d1f12304fc7ff7288c6571f23b111e74e3d93f598fab89f
v2_ablations/streamspot/full/seed_66/compactness_validation.json,1432,a7fc0c1309fe0539430099f25eb9bc3061f28418020dac7510a043952f626e90
v2_ablations/streamspot/full/seed_66/config_resolved.json,6175,964e87814db214164a2d1c4aba03184768a4400f2c9f13c01ba6d7e674d7212e
v2_ablations/streamspot/full/seed_66/dataset_manifest.json,504,08d6dd101f759675542323e4ec860ac49d00f0628719811815d1e416ab2cacf7
v2_ablations/streamspot/full/seed_66/edge_predictions.csv,19929,7aeb264c1f8beb3d447ce635e294eb84a34c26d2a55cdde496963faa391df9be
v2_ablations/streamspot/full/seed_66/explanation_metrics.json,1334290,639fff701abc072ec203629b5b29ac92f9cd6b0c3f338d88325e469bea8d1074
v2_ablations/streamspot/full/seed_66/metrics.json,1121,8cb5c4d64ac3d25c7a6f987480e011945a56f34ad045099d61a2c2051ad06d33
v2_ablations/streamspot/full/seed_66/node_index.csv,120538,cf26725abfffb1abf4306ff0cc3a6f164bd2f80823ba0d9d512cfc2f2f257bc3
v2_ablations/streamspot/full/seed_66/node_predictions.csv,30618,939c3ba3609cf8e596c71f8a1e63536b450eeb44ba7b7df23f3f3a5429b7da7c
v2_ablations/streamspot/full/seed_66/robustness_metrics.json,896,67449e6a8826763afc7f6d8bbe112ad64aa31420ddebc761f79ae39be6ae6530
v2_ablations/streamspot/full/seed_66/subgraph_predictions.csv,326,44327395494075c08767000dfca2c5dd99d598e01fa11a3e566b2abd24498cf3
v2_ablations/streamspot/full/seed_66/training_history.csv,10724,9df5179a7402f7ce14fb98b2385a95a6032734e0926bf3158f1c791094c0c717
v2_ablations/streamspot/full/seed_77/campaign_index.csv,575,cc64c954fdbf0b3565d55fc2ac78a2a90b4d8d80101fd58e4223bed23a20c379
v2_ablations/streamspot/full/seed_77/checkpoint.pt,186229,e692dac0a52129bc3ca75054cf0f227f1af53e2973cb9fa1d9f03afb9a694f86
v2_ablations/streamspot/full/seed_77/compactness_validation.json,1534,656225d95964bd31d910ed567d7fa555616a84ec20f54dc5658cb4e0feee3de2
v2_ablations/streamspot/full/seed_77/config_resolved.json,6175,aebe9048f8605da380f3560c91db6badbc6cbabc1c1b3f04dddfeb661d9f71a7
v2_ablations/streamspot/full/seed_77/dataset_manifest.json,504,08d6dd101f759675542323e4ec860ac49d00f0628719811815d1e416ab2cacf7
v2_ablations/streamspot/full/seed_77/edge_predictions.csv,19741,1c8742b60211de83426ece1457b3507361b520ebc050bd413809b79a615bd65d
v2_ablations/streamspot/full/seed_77/explanation_metrics.json,1330621,7b381c54fa12702a6b97deaee5f536bf9cbfab42daeb38ea27e6bde29d93070c
v2_ablations/streamspot/full/seed_77/metrics.json,1102,294102dc932bd8386af9ab8639c323a302955e28c87e5ab13823c6045a63b0a9
v2_ablations/streamspot/full/seed_77/node_index.csv,120538,cf26725abfffb1abf4306ff0cc3a6f164bd2f80823ba0d9d512cfc2f2f257bc3
v2_ablations/streamspot/full/seed_77/node_predictions.csv,30920,cf49476886a5e03a8047a3d31aeaf121cbf5f8403bbf2dd122736ef0ed1716be
v2_ablations/streamspot/full/seed_77/robustness_metrics.json,930,4ef3db9cd7e8dd885de3761b5cbad2d07fe18c600805c1ab4140095ef1726c11
v2_ablations/streamspot/full/seed_77/subgraph_predictions.csv,323,94effdb7e1c73e3eef01abea3c9f69477dde54210d0f1c9ba76dd67f98b7c810
v2_ablations/streamspot/full/seed_77/training_history.csv,9658,fefd5b032aa958c717a7d100acd86b05d264c7dcf408c680c0fd1f740121467a
v2_ablations/streamspot/full/seed_88/campaign_index.csv,575,cc64c954fdbf0b3565d55fc2ac78a2a90b4d8d80101fd58e4223bed23a20c379
v2_ablations/streamspot/full/seed_88/checkpoint.pt,186229,dfda0766ae0515225d3d2a34c56dea07ad843987f4c0c6419f3c6b8951288d62
v2_ablations/streamspot/full/seed_88/compactness_validation.json,1606,0e4d639a2ca67b872ae1c17de9292ce6fd3dbb53d35a3c270abb6e84cf10d4f7
v2_ablations/streamspot/full/seed_88/config_resolved.json,6174,3963b406158d1d9da685dcd316f370a482af72dad5cf6714fc9d961fe3a9865b
v2_ablations/streamspot/full/seed_88/dataset_manifest.json,504,08d6dd101f759675542323e4ec860ac49d00f0628719811815d1e416ab2cacf7
v2_ablations/streamspot/full/seed_88/edge_predictions.csv,19713,e9bfd95b297b8ca32edf13fc3e37ddaeeaa1bdf8429490442192a2a276031918
v2_ablations/streamspot/full/seed_88/explanation_metrics.json,1330960,63dde392192f931e5ba86437027afad7d6a15a5f6719e68d8893e3f0c792a3c1
v2_ablations/streamspot/full/seed_88/metrics.json,1105,2cf169158f88e1e18387624899a3c1293d417fc97e4f706f791748c2089da656
v2_ablations/streamspot/full/seed_88/node_index.csv,120538,cf26725abfffb1abf4306ff0cc3a6f164bd2f80823ba0d9d512cfc2f2f257bc3
v2_ablations/streamspot/full/seed_88/node_predictions.csv,30645,c0d7563dcd3a82ed8244ebb499a8c8ef27f2a6d27aca349b6e3d0245c95d9869
v2_ablations/streamspot/full/seed_88/robustness_metrics.json,931,c41a47928cb454c97cd2a3168efe9cf64326dc9d80ed126d9d2be702c5bcf53f
v2_ablations/streamspot/full/seed_88/subgraph_predictions.csv,322,2cc8574df5d171c0effa9fe72f7f143c48a408c465110a9465c1bd3842511cbe
v2_ablations/streamspot/full/seed_88/training_history.csv,15351,f676ae5f99ec6c5d5007d54bbd6753e16bc1a829ca2859d64ed8bdb3dfbd593d
v2_ablations/streamspot/full/seed_99/campaign_index.csv,575,cc64c954fdbf0b3565d55fc2ac78a2a90b4d8d80101fd58e4223bed23a20c379
v2_ablations/streamspot/full/seed_99/checkpoint.pt,186229,148992ad89339520d4de52e8a26971a29b478eb3d45e21119b338012d08c669d
v2_ablations/streamspot/full/seed_99/compactness_validation.json,1540,24e7afeea17bf537bcd628c844816d9ca6a155112b2eb2016b005ad0f7336491
v2_ablations/streamspot/full/seed_99/config_resolved.json,6174,61001f1ed8d78b9da8a294c5cbccb8a6d91e89cf3594a756cf6cd546cffd0182
v2_ablations/streamspot/full/seed_99/dataset_manifest.json,504,08d6dd101f759675542323e4ec860ac49d00f0628719811815d1e416ab2cacf7
v2_ablations/streamspot/full/seed_99/edge_predictions.csv,19785,c6f3bd80e1923154f2214b6450fad4395ee2b3f4215934f9c32018927740a947
v2_ablations/streamspot/full/seed_99/explanation_metrics.json,1327822,d1eb4385e93647d84e8d80c8a220fe167d8164f3510cd63fa3865a5a1a021839
v2_ablations/streamspot/full/seed_99/metrics.json,1073,f36545b654cc7b0625d80ac86908251c57ea1232eb32f8e4547c476c3d7e2d00
v2_ablations/streamspot/full/seed_99/node_index.csv,120538,cf26725abfffb1abf4306ff0cc3a6f164bd2f80823ba0d9d512cfc2f2f257bc3
v2_ablations/streamspot/full/seed_99/node_predictions.csv,30432,95e08a75af3ba96d14109b423b4368443477ecc22498298a3f6c2d24ea096642
v2_ablations/streamspot/full/seed_99/robustness_metrics.json,931,c533237d594d53ee6e8354e648c71ec989960da0b9facfabeb628993e0a9f33b
v2_ablations/streamspot/full/seed_99/subgraph_predictions.csv,322,be6d4e84517f8a569bbde081822681e7793e39ae5bc722fef292cc4309485b6b
v2_ablations/streamspot/full/seed_99/training_history.csv,9305,c273d1d4c382c25d6ba7f3f844e6a613469009930da1d92bd439254759267121
v2_ablations/streamspot/minus_consistency_regularization/seed_11/campaign_index.csv,575,cc64c954fdbf0b3565d55fc2ac78a2a90b4d8d80101fd58e4223bed23a20c379
v2_ablations/streamspot/minus_consistency_regularization/seed_11/checkpoint.pt,186229,0df031f0e85f60a1386fbbd3c5113f20b067d7873fc5a7b3783ec18fa3caaeff
v2_ablations/streamspot/minus_consistency_regularization/seed_11/compactness_validation.json,1546,fbe54a8e18d48950b7073433e542701d6575b4415bd332760a39916442d31490
v2_ablations/streamspot/minus_consistency_regularization/seed_11/config_resolved.json,6176,67c31b566362465a9aa34298229b732476725deedc8aaa4de8d1e59cdb8c4480
v2_ablations/streamspot/minus_consistency_regularization/seed_11/dataset_manifest.json,504,08d6dd101f759675542323e4ec860ac49d00f0628719811815d1e416ab2cacf7
v2_ablations/streamspot/minus_consistency_regularization/seed_11/edge_predictions.csv,19816,2f0afa005e4a16e9cf873f119f10a9cf11bbbdfc7d4c359601c117109d2fa1bf
v2_ablations/streamspot/minus_consistency_regularization/seed_11/explanation_metrics.json,1303034,2d663ea1b6978cb79f45ca7fb7af8d35841c678fe2eeb4245d764aa7945b2368
v2_ablations/streamspot/minus_consistency_regularization/seed_11/metrics.json,1090,b21d660f056013edeee9f8a2e12559ee4e368cf3220957fdb5fdff5e7556fee7
v2_ablations/streamspot/minus_consistency_regularization/seed_11/node_index.csv,120538,cf26725abfffb1abf4306ff0cc3a6f164bd2f80823ba0d9d512cfc2f2f257bc3
v2_ablations/streamspot/minus_consistency_regularization/seed_11/node_predictions.csv,30395,3e078f8eb0df364fcb6a9dd1c916952e5c93a8b2cb27eb1758ccd5afa93e4fa5
v2_ablations/streamspot/minus_consistency_regularization/seed_11/robustness_metrics.json,1013,f70b12144f912f2eb2255a6094bf321544cc0a3a014f26b65faea7ea9a031769
v2_ablations/streamspot/minus_consistency_regularization/seed_11/subgraph_predictions.csv,323,fef28aad66ceeb4b074b0b4347cf548b181b46cc3d5212120380a843e5a88553
v2_ablations/streamspot/minus_consistency_regularization/seed_11/training_history.csv,6129,b63004f9cfa1cf103fddbcc0617d613a2389c0894ba9eeb02c56bd44aead33b1
v2_ablations/streamspot/minus_consistency_regularization/seed_110/campaign_index.csv,575,cc64c954fdbf0b3565d55fc2ac78a2a90b4d8d80101fd58e4223bed23a20c379
v2_ablations/streamspot/minus_consistency_regularization/seed_110/checkpoint.pt,186229,a887d7c1c4e5e25fb6c83585eac0d2473caefcc5800d98daf60feba452aa79ae
v2_ablations/streamspot/minus_consistency_regularization/seed_110/compactness_validation.json,1534,4f6581395ea2407c4f390421e408e1e9244cc824bab6a80d9be38f441c97407c
v2_ablations/streamspot/minus_consistency_regularization/seed_110/config_resolved.json,6177,148d4ab8b11be78714c92ed87f68307b09a1ee634302757454e3639b21aba100
v2_ablations/streamspot/minus_consistency_regularization/seed_110/dataset_manifest.json,504,08d6dd101f759675542323e4ec860ac49d00f0628719811815d1e416ab2cacf7
v2_ablations/streamspot/minus_consistency_regularization/seed_110/edge_predictions.csv,19738,b8bed9379511db3a7ae849008fb67971a8d5a8ba09fc165fc87a93320bd6ef9f
v2_ablations/streamspot/minus_consistency_regularization/seed_110/explanation_metrics.json,1304443,dda539207a75d097be26755c87249fbd8243298b95a9f4309e1e1fdbdbc65d6b
v2_ablations/streamspot/minus_consistency_regularization/seed_110/metrics.json,1132,e65aad8f42403e442a6e6bdb6ac676d4b794160b2a9c3efcc533f25e4cc85603
v2_ablations/streamspot/minus_consistency_regularization/seed_110/node_index.csv,120538,cf26725abfffb1abf4306ff0cc3a6f164bd2f80823ba0d9d512cfc2f2f257bc3
v2_ablations/streamspot/minus_consistency_regularization/seed_110/node_predictions.csv,30632,54b98b80a3fe08fa03c960b12dfeda6362bb78d675f39ebf02597e6171c93c2c
v2_ablations/streamspot/minus_consistency_regularization/seed_110/robustness_metrics.json,1011,1916335d53b7758f833f710743a8cb6948a2b7e5fa93033b1e2d198dde61581b
v2_ablations/streamspot/minus_consistency_regularization/seed_110/subgraph_predictions.csv,324,477a36ebbd2c840ac5827874508397141030afd527d5c93fcfdd33615fa8bcfd
v2_ablations/streamspot/minus_consistency_regularization/seed_110/training_history.csv,11451,0f5bcea0821ca2c7a8e98bc1dbe349b909f66d3a3c3338b7187e3c31714d1eca
v2_ablations/streamspot/minus_consistency_regularization/seed_22/campaign_index.csv,575,cc64c954fdbf0b3565d55fc2ac78a2a90b4d8d80101fd58e4223bed23a20c379
v2_ablations/streamspot/minus_consistency_regularization/seed_22/checkpoint.pt,186229,9cae7bc7300d9b1c7687e3e7f515b390f05e7f8f0a98b6d5fc8cee6bde2350a2
v2_ablations/streamspot/minus_consistency_regularization/seed_22/compactness_validation.json,1630,14832467e93b2e1bb25478f16782e4c19292cb8270cc5685555823d6a6aef4ab
v2_ablations/streamspot/minus_consistency_regularization/seed_22/config_resolved.json,6176,f70cc11e4ad693135211783df8878d4c7b6dd04d5542bd27f8bcc60732ab1c68
v2_ablations/streamspot/minus_consistency_regularization/seed_22/dataset_manifest.json,504,08d6dd101f759675542323e4ec860ac49d00f0628719811815d1e416ab2cacf7
v2_ablations/streamspot/minus_consistency_regularization/seed_22/edge_predictions.csv,19830,d589a22330405d12cfd88c8d208f94ed328f27843ba46b0468efef891bc24b44
v2_ablations/streamspot/minus_consistency_regularization/seed_22/explanation_metrics.json,1314877,a4282f7386bfe62d015685b79436cd89fe07e4bf2b0ff8a56fc9355349d99816
v2_ablations/streamspot/minus_consistency_regularization/seed_22/metrics.json,1092,90e900c3861921f24779ae177fdf15b01c0b1c4fc069407c4d910f44d7ef03bf
v2_ablations/streamspot/minus_consistency_regularization/seed_22/node_index.csv,120538,cf26725abfffb1abf4306ff0cc3a6f164bd2f80823ba0d9d512cfc2f2f257bc3
v2_ablations/streamspot/minus_consistency_regularization/seed_22/node_predictions.csv,31202,8744030ad0ffd2ab8f92a1388c13e86eff24fb64e09d377f43f9b8d60fa41f41
v2_ablations/streamspot/minus_consistency_regularization/seed_22/robustness_metrics.json,1029,6e8cfa73e454c24cf74047f5d2cd8c070c8d82b8e14836bd56b4b89915ce0ff8
v2_ablations/streamspot/minus_consistency_regularization/seed_22/subgraph_predictions.csv,321,2647b1539c4f203e0183d36efd6b230fded6c411676e435eefe9b433cad6d55d
v2_ablations/streamspot/minus_consistency_regularization/seed_22/training_history.csv,11796,4b63adc49975370469610d1c2e64cf95138251af305656b86ee849da34033d5c
v2_ablations/streamspot/minus_consistency_regularization/seed_33/campaign_index.csv,575,cc64c954fdbf0b3565d55fc2ac78a2a90b4d8d80101fd58e4223bed23a20c379
v2_ablations/streamspot/minus_consistency_regularization/seed_33/checkpoint.pt,186229,4a7b96764e5fd2f666005802085cfb02bcbeb9892b4749d55c3a8eb81a149c93
v2_ablations/streamspot/minus_consistency_regularization/seed_33/compactness_validation.json,1426,3e3d85e00a748f17fb77a04680388c8c6765a42ac98b9880863ce2fe20092095
v2_ablations/streamspot/minus_consistency_regularization/seed_33/config_resolved.json,6176,fa7cf55b991b0c02a7568d877caf6e3800cb00ecb11779191b9d8565c699c41a
v2_ablations/streamspot/minus_consistency_regularization/seed_33/dataset_manifest.json,504,08d6dd101f759675542323e4ec860ac49d00f0628719811815d1e416ab2cacf7
v2_ablations/streamspot/minus_consistency_regularization/seed_33/edge_predictions.csv,19724,4e6159d1037c8bb1d664c6895a1fe0ca36c03b4e6e5a131b694bebc8d07e5e0b
v2_ablations/streamspot/minus_consistency_regularization/seed_33/explanation_metrics.json,1327919,da536e02f8add197e8d40733a57bc38ac7d8179e0f62b5d6ef3a2ce83f50182b
v2_ablations/streamspot/minus_consistency_regularization/seed_33/metrics.json,1124,2869b6da7106818845d7e3cf7eae839d7a457f9437353acce6757fc359ade101
v2_ablations/streamspot/minus_consistency_regularization/seed_33/node_index.csv,120538,cf26725abfffb1abf4306ff0cc3a6f164bd2f80823ba0d9d512cfc2f2f257bc3
v2_ablations/streamspot/minus_consistency_regularization/seed_33/node_predictions.csv,30582,d378e1c9ec2056c736f413cae57d6c690d57d985d2be5839537af618ed33a1e4
v2_ablations/streamspot/minus_consistency_regularization/seed_33/robustness_metrics.json,977,eb3deab44935ed507731c8fe119bb2e89bb7f0bcabf254d66d6c2606d75cda83
v2_ablations/streamspot/minus_consistency_regularization/seed_33/subgraph_predictions.csv,321,789efe2b989f8e21e13c546b4fbd36609f4ffa58145b3926ffd76afc752e1701
v2_ablations/streamspot/minus_consistency_regularization/seed_33/training_history.csv,13927,d8589e50a684b5ae9737dc168281018dbac9226b944c8d1bb9938d98f26e18f5
v2_ablations/streamspot/minus_consistency_regularization/seed_44/campaign_index.csv,575,cc64c954fdbf0b3565d55fc2ac78a2a90b4d8d80101fd58e4223bed23a20c379
v2_ablations/streamspot/minus_consistency_regularization/seed_44/checkpoint.pt,186229,e9daa78271a828589c96d4e85ce8fd5483e4fa8601a0fe4b3fd423a86444e94c
v2_ablations/streamspot/minus_consistency_regularization/seed_44/compactness_validation.json,1630,8b646812226928747e19a9f148888930754591c7d6d019c2a7e16101e3adf95e
v2_ablations/streamspot/minus_consistency_regularization/seed_44/config_resolved.json,6176,a9c935931d1ea3d8f08189e893368460179c8cd66f21e6fb01e5cb5420dc6a72
v2_ablations/streamspot/minus_consistency_regularization/seed_44/dataset_manifest.json,504,08d6dd101f759675542323e4ec860ac49d00f0628719811815d1e416ab2cacf7
v2_ablations/streamspot/minus_consistency_regularization/seed_44/edge_predictions.csv,19734,676e889e1455d442067632e8bdb555c93f11e842219ac605f1d197e168f3b0a8
v2_ablations/streamspot/minus_consistency_regularization/seed_44/explanation_metrics.json,1085195,da204fd00237fb19f808ea6aeed98453e1e6a714eab77424410ef4c6324abf10
v2_ablations/streamspot/minus_consistency_regularization/seed_44/metrics.json,1138,5bf91bb87e9e7394d56f6ee2207e82ba82099a7b17fb8f11e2ae404d7c4d82f0
v2_ablations/streamspot/minus_consistency_regularization/seed_44/node_index.csv,120538,cf26725abfffb1abf4306ff0cc3a6f164bd2f80823ba0d9d512cfc2f2f257bc3
v2_ablations/streamspot/minus_consistency_regularization/seed_44/node_predictions.csv,30472,676014d182bd693f64e3035a9814c144041f28fde6ffb4024df6f6c27efec3da
v2_ablations/streamspot/minus_consistency_regularization/seed_44/robustness_metrics.json,1010,4e06cc79ab8b850cd8f2d6eb9fdf8ccab01bd2e69c7dbba56f845bed0ad0b10d
v2_ablations/streamspot/minus_consistency_regularization/seed_44/subgraph_predictions.csv,321,e2d3be5c390099013f00e4e72cb8f2cfe2a3a3e7d5a5bdac135accaf81d97353
v2_ablations/streamspot/minus_consistency_regularization/seed_44/training_history.csv,11128,83acafe220dc3b259a717bd36088f98a158cc27f65a3e7e40e707cc6f8de2034
v2_ablations/streamspot/minus_consistency_regularization/seed_55/campaign_index.csv,575,cc64c954fdbf0b3565d55fc2ac78a2a90b4d8d80101fd58e4223bed23a20c379
v2_ablations/streamspot/minus_consistency_regularization/seed_55/checkpoint.pt,186229,d13ca1762ec411720574becd2448f4f8eaa350b0eefa3704b4b49c4e69fe33d5
v2_ablations/streamspot/minus_consistency_regularization/seed_55/compactness_validation.json,1534,0f0bf726ee092bb0247daa481210668ae91df1fc189ccd6d2807c63e5b560fa8
v2_ablations/streamspot/minus_consistency_regularization/seed_55/config_resolved.json,6176,283da1a95bbfc5f372fbd8c1bcd46f2184812fee395f7df8ef2126fbfd3b950c
v2_ablations/streamspot/minus_consistency_regularization/seed_55/dataset_manifest.json,504,08d6dd101f759675542323e4ec860ac49d00f0628719811815d1e416ab2cacf7
v2_ablations/streamspot/minus_consistency_regularization/seed_55/edge_predictions.csv,19858,aa235015390728127ed6dc0ff1cd79c7d59e24f5f08c6b26c7ae4ade9c96ed48
v2_ablations/streamspot/minus_consistency_regularization/seed_55/explanation_metrics.json,1327500,247858537b0268dc54402929a1a6158dd7b5b183590fe331f0101b147ececd38
v2_ablations/streamspot/minus_consistency_regularization/seed_55/metrics.json,1074,4b556add645999dca65dbe7bfd0b4fedf189ce6e01d56bb471f79906f5e8c148
v2_ablations/streamspot/minus_consistency_regularization/seed_55/node_index.csv,120538,cf26725abfffb1abf4306ff0cc3a6f164bd2f80823ba0d9d512cfc2f2f257bc3
v2_ablations/streamspot/minus_consistency_regularization/seed_55/node_predictions.csv,30497,6d3ce941eb0f30bd6d4296e541872223d6f2a6c754da5dc6365ccddf62ae4917
v2_ablations/streamspot/minus_consistency_regularization/seed_55/robustness_metrics.json,1011,c339f38a8cae8aa0ddb5befc6deaad56f8507bf02c62908e92536e7e981d1e4a
v2_ablations/streamspot/minus_consistency_regularization/seed_55/subgraph_predictions.csv,325,20ea0fb7b0daf0298e1f3f2d27559413f52b111b1e2e162cd5582d5514f1eb03
v2_ablations/streamspot/minus_consistency_regularization/seed_55/training_history.csv,8929,8b16ea638f994cb55e18bce132189f0a40249d8136cdd19ce7421766e406467e
v2_ablations/streamspot/minus_consistency_regularization/seed_66/campaign_index.csv,575,cc64c954fdbf0b3565d55fc2ac78a2a90b4d8d80101fd58e4223bed23a20c379
v2_ablations/streamspot/minus_consistency_regularization/seed_66/checkpoint.pt,186229,99b30c81cb3a0919620d9727b65006f67aaad4c4ed5e0bc9708ff6b9bdc536e9
v2_ablations/streamspot/minus_consistency_regularization/seed_66/compactness_validation.json,1432,a7fc0c1309fe0539430099f25eb9bc3061f28418020dac7510a043952f626e90
v2_ablations/streamspot/minus_consistency_regularization/seed_66/config_resolved.json,6175,d6280e528771595b71f6054991f75c969494ea68df637c1cc5faf66cac7b659a
v2_ablations/streamspot/minus_consistency_regularization/seed_66/dataset_manifest.json,504,08d6dd101f759675542323e4ec860ac49d00f0628719811815d1e416ab2cacf7
v2_ablations/streamspot/minus_consistency_regularization/seed_66/edge_predictions.csv,19918,68d1469d73d11db5b739a1a67041427a7519187ff2af198ea87965708ae5c1da
v2_ablations/streamspot/minus_consistency_regularization/seed_66/explanation_metrics.json,1333750,8e32c74124bee32241c126c8b2b27cfa0444125fd82bff77752b98327ea9829d
v2_ablations/streamspot/minus_consistency_regularization/seed_66/metrics.json,1109,8ccfc8867fc73bf7820b614dfde4eca9c2c7ea533fe560d4667ee9102a38410a
v2_ablations/streamspot/minus_consistency_regularization/seed_66/node_index.csv,120538,cf26725abfffb1abf4306ff0cc3a6f164bd2f80823ba0d9d512cfc2f2f257bc3
v2_ablations/streamspot/minus_consistency_regularization/seed_66/node_predictions.csv,30614,56074217c2d63391fc8fefded73b67d9143d02334cc283bdfeb1d77d44078e88
v2_ablations/streamspot/minus_consistency_regularization/seed_66/robustness_metrics.json,977,5daa19c17439fe549b10305df0823d9d979119a8ff606d609856ff82e5bb7417
v2_ablations/streamspot/minus_consistency_regularization/seed_66/subgraph_predictions.csv,324,e3d5aa310f64decb61ed452d928ba7e6d621dd6f8fcb2cb76e982072f17cb5a5
v2_ablations/streamspot/minus_consistency_regularization/seed_66/training_history.csv,10708,c14b3a8248e48ea7434fa5fde73f53fa79258d216c4896f1e18160273ece2454
v2_ablations/streamspot/minus_consistency_regularization/seed_77/campaign_index.csv,575,cc64c954fdbf0b3565d55fc2ac78a2a90b4d8d80101fd58e4223bed23a20c379
v2_ablations/streamspot/minus_consistency_regularization/seed_77/checkpoint.pt,186229,9458c877d617125f4f9ea0c4d6b368d3eb5fcaab071b7e9b7cf1c9114d9edd71
v2_ablations/streamspot/minus_consistency_regularization/seed_77/compactness_validation.json,1528,87adc0f9a1200cd1f19d6e61fb719e11c0e97e33e285471c6a11e0a369cbacc2
v2_ablations/streamspot/minus_consistency_regularization/seed_77/config_resolved.json,6176,df605da0821007bd0f34ac1d62e4c4fd82039e2f1ed11bac1411a8646ae31edd
v2_ablations/streamspot/minus_consistency_regularization/seed_77/dataset_manifest.json,504,08d6dd101f759675542323e4ec860ac49d00f0628719811815d1e416ab2cacf7
v2_ablations/streamspot/minus_consistency_regularization/seed_77/edge_predictions.csv,19714,920e4fecee17008aa7296efdc2228f323d345e9a285a2d97c3fe172dda7ddd76
v2_ablations/streamspot/minus_consistency_regularization/seed_77/explanation_metrics.json,1330647,fe6bc62c5cadb7b7275e2d8c61b71aeb6d947f50d24c3948b10c96a20e7b0b15
v2_ablations/streamspot/minus_consistency_regularization/seed_77/metrics.json,1076,85db6f7d67f70aeaeb2d7877db556fb0c3f68d708d10dacb74b2f8f046afe8d5
v2_ablations/streamspot/minus_consistency_regularization/seed_77/node_index.csv,120538,cf26725abfffb1abf4306ff0cc3a6f164bd2f80823ba0d9d512cfc2f2f257bc3
v2_ablations/streamspot/minus_consistency_regularization/seed_77/node_predictions.csv,30951,dee33cc51acc2ce7f154a7ce1e48241c858463d2a1b9e3c264a6f515c8405b60
v2_ablations/streamspot/minus_consistency_regularization/seed_77/robustness_metrics.json,1010,6ea7ac8a416388d872a8b45640491977a845c13feeb6dd9c586f3f6b651aff9f
v2_ablations/streamspot/minus_consistency_regularization/seed_77/subgraph_predictions.csv,321,bd8bf22820f85f1b710958dcdf297855f4a859fed7081a71029525c0042dd311
v2_ablations/streamspot/minus_consistency_regularization/seed_77/training_history.csv,9673,ebd4746f31ee2cbc5e73f54066ea9260c7d775e36af45c4e762f646ab874141f
v2_ablations/streamspot/minus_consistency_regularization/seed_88/campaign_index.csv,575,cc64c954fdbf0b3565d55fc2ac78a2a90b4d8d80101fd58e4223bed23a20c379
v2_ablations/streamspot/minus_consistency_regularization/seed_88/checkpoint.pt,186229,65a64147fd5e2b637b815849a4aa99448db10e1a9308e558826740b898d77b5e
v2_ablations/streamspot/minus_consistency_regularization/seed_88/compactness_validation.json,1630,d16068806e5c41b8599d8ac678a6f41ec05e4095dff7ff8c4bbcb99e4deeff71
v2_ablations/streamspot/minus_consistency_regularization/seed_88/config_resolved.json,6176,b5affbc4a7f189eaf2c5735f6376e5566521bc618a1983924bda4a6b73b80694
v2_ablations/streamspot/minus_consistency_regularization/seed_88/dataset_manifest.json,504,08d6dd101f759675542323e4ec860ac49d00f0628719811815d1e416ab2cacf7
v2_ablations/streamspot/minus_consistency_regularization/seed_88/edge_predictions.csv,19753,3d315f602a2bb5a0db4be204d80d47a397d3f75196244eb3eee3075710946f2a
v2_ablations/streamspot/minus_consistency_regularization/seed_88/explanation_metrics.json,1322035,0ebc2d2969c29ed9921064db24072ebddd4cbdf42fad21d8f526e707d7041175
v2_ablations/streamspot/minus_consistency_regularization/seed_88/metrics.json,1105,f363aa006d94d1f9a17354c52738c405d41d9d8c11ad79bdb6ab5ec8fff36ae5
v2_ablations/streamspot/minus_consistency_regularization/seed_88/node_index.csv,120538,cf26725abfffb1abf4306ff0cc3a6f164bd2f80823ba0d9d512cfc2f2f257bc3
v2_ablations/streamspot/minus_consistency_regularization/seed_88/node_predictions.csv,30646,562d0be6e4c6a300e4bd6fd1ad7ea8167625199d21050db8a5e1e94af7fe5393
v2_ablations/streamspot/minus_consistency_regularization/seed_88/robustness_metrics.json,1013,280153cce187f866fd5df0ff0d6008ab64d012e01546742a63c15260e3c2b682
v2_ablations/streamspot/minus_consistency_regularization/seed_88/subgraph_predictions.csv,321,830d2eb6fc1572d0a61f923491f51522d5c4a402f445bc30290ff16efea76c99
v2_ablations/streamspot/minus_consistency_regularization/seed_88/training_history.csv,15347,23a8994eae176af7a6f67363510168bd418f712a9564b0494f78b31de341acdd
v2_ablations/streamspot/minus_consistency_regularization/seed_99/campaign_index.csv,575,cc64c954fdbf0b3565d55fc2ac78a2a90b4d8d80101fd58e4223bed23a20c379
v2_ablations/streamspot/minus_consistency_regularization/seed_99/checkpoint.pt,186229,a6f736bafed46a4f84e51b8bd6da02677371c10d8728101fb7cc95587f826843
v2_ablations/streamspot/minus_consistency_regularization/seed_99/compactness_validation.json,1630,e406f920c29e4ecb1469a19d8b5a478b12bb961482b475bbcfb24d0db609d32d
v2_ablations/streamspot/minus_consistency_regularization/seed_99/config_resolved.json,6175,0d209d0a20bca75c91786c39ab400cc370f9739d343dcd22b8a8f34a1f3e2105
v2_ablations/streamspot/minus_consistency_regularization/seed_99/dataset_manifest.json,504,08d6dd101f759675542323e4ec860ac49d00f0628719811815d1e416ab2cacf7
v2_ablations/streamspot/minus_consistency_regularization/seed_99/edge_predictions.csv,19772,ff79e5d557b561a6758cc3c08c32b4e00de920fd2a1be68c6b54ced5ba9414ed
v2_ablations/streamspot/minus_consistency_regularization/seed_99/explanation_metrics.json,1327394,a51353159818d98c0bcf80ea7e0306e602394d214d4a981aca47495dc65f4b0d
v2_ablations/streamspot/minus_consistency_regularization/seed_99/metrics.json,1074,fe4fd65551fe596fe0340258d21a2baeec2383760b0bdebade08bc5ba768a93e
v2_ablations/streamspot/minus_consistency_regularization/seed_99/node_index.csv,120538,cf26725abfffb1abf4306ff0cc3a6f164bd2f80823ba0d9d512cfc2f2f257bc3
v2_ablations/streamspot/minus_consistency_regularization/seed_99/node_predictions.csv,30506,3ea35a536705b6386d30eb50cae66333d465eb4892651e7bc290f5e3c6445c74
v2_ablations/streamspot/minus_consistency_regularization/seed_99/robustness_metrics.json,1013,4e01e980e3ace26826dce25da6ea660361d4123c0aa4a7001c5ae1eb14d11629
v2_ablations/streamspot/minus_consistency_regularization/seed_99/subgraph_predictions.csv,322,03754426d938c7279e9bf1259844c34caa59b7f5d43ed95f19537206c3d7b1df
v2_ablations/streamspot/minus_consistency_regularization/seed_99/training_history.csv,9660,e38137f6ea9645a5540fb802decd377c9b85aee05e72ee075b520feafe915899
v2_ablations/streamspot/minus_gating_mechanism/seed_11/campaign_index.csv,575,cc64c954fdbf0b3565d55fc2ac78a2a90b4d8d80101fd58e4223bed23a20c379
v2_ablations/streamspot/minus_gating_mechanism/seed_11/checkpoint.pt,186229,b082b2cdc9a8519e6b81411227a6d25efb47c8135b562b26922bd2098f662a11
v2_ablations/streamspot/minus_gating_mechanism/seed_11/compactness_validation.json,1540,c8aa9b3ddd0c7bcc1cf7679d8feb40f48183594d4009a97173b4068cbf3a2dbd
v2_ablations/streamspot/minus_gating_mechanism/seed_11/config_resolved.json,6174,645be63fcf71f3cc4d914c3e42c927b11b72c111dedf9c16cca8c45a825423f4
v2_ablations/streamspot/minus_gating_mechanism/seed_11/dataset_manifest.json,504,08d6dd101f759675542323e4ec860ac49d00f0628719811815d1e416ab2cacf7
v2_ablations/streamspot/minus_gating_mechanism/seed_11/edge_predictions.csv,19797,b326e096486f4d067100921d1e862a1165f165b94b0ec5e71bb2fb5fab31d505
v2_ablations/streamspot/minus_gating_mechanism/seed_11/explanation_metrics.json,1227079,8787b361a96f9bf9433932c8e76abdaf7cac8cedc5419588c1cefc47ceff5f28
v2_ablations/streamspot/minus_gating_mechanism/seed_11/metrics.json,1131,67cb850afe6758ca8eae63de40e617cebdda12b2bdf6bad830c752b392c2f1c9
v2_ablations/streamspot/minus_gating_mechanism/seed_11/node_index.csv,120538,cf26725abfffb1abf4306ff0cc3a6f164bd2f80823ba0d9d512cfc2f2f257bc3
v2_ablations/streamspot/minus_gating_mechanism/seed_11/node_predictions.csv,30207,b2c878bce099163c059e8a153eba5b0aa7c9c5614006d8faa798ed883301b015
v2_ablations/streamspot/minus_gating_mechanism/seed_11/robustness_metrics.json,1013,ed30af1de16380a69c418545778127f507b90c24341a5d1471dd26c2f8285356
v2_ablations/streamspot/minus_gating_mechanism/seed_11/subgraph_predictions.csv,326,7af2a56d8fb2f26d2615d8a19666e9007f7aad629baf63ad3a63a5d1e0908732
v2_ablations/streamspot/minus_gating_mechanism/seed_11/training_history.csv,11417,dc57037d03076e15d59313d8602aea64e64c9202a6dd37c130058b9a74bd3d5b
v2_ablations/streamspot/minus_gating_mechanism/seed_110/campaign_index.csv,575,cc64c954fdbf0b3565d55fc2ac78a2a90b4d8d80101fd58e4223bed23a20c379
v2_ablations/streamspot/minus_gating_mechanism/seed_110/checkpoint.pt,186229,5be4ebfb0fcc162015e7775ed33cf3737f4aa2c3fa3a9da2c1aaf8eb44f25860
v2_ablations/streamspot/minus_gating_mechanism/seed_110/compactness_validation.json,1528,a7b16e01a06cc654631782921726fe9fd99ea68d76e63ab5f7ebd73088879912
v2_ablations/streamspot/minus_gating_mechanism/seed_110/config_resolved.json,6177,8702c5b91884fed2229c9c9a506f9c89faa7c256ba3c8caf2fab89a1d40dac8f
v2_ablations/streamspot/minus_gating_mechanism/seed_110/dataset_manifest.json,504,08d6dd101f759675542323e4ec860ac49d00f0628719811815d1e416ab2cacf7
v2_ablations/streamspot/minus_gating_mechanism/seed_110/edge_predictions.csv,19753,78c6140f78090bc45d5c858eeb8a208aa56e53ea418c4cd72afc6f676d8e6fe5
v2_ablations/streamspot/minus_gating_mechanism/seed_110/explanation_metrics.json,1303800,2eec2e4ad73487a8fd6a72050d9756443fc5b92e12d1b5b1e93a718bc9b7f060
v2_ablations/streamspot/minus_gating_mechanism/seed_110/metrics.json,1097,81bfffe9a8dc8d06278ae2731f13db37ff95dfb566593290c47a5ffe6d72e128
v2_ablations/streamspot/minus_gating_mechanism/seed_110/node_index.csv,120538,cf26725abfffb1abf4306ff0cc3a6f164bd2f80823ba0d9d512cfc2f2f257bc3
v2_ablations/streamspot/minus_gating_mechanism/seed_110/node_predictions.csv,30759,29c2a8a7dd9b5059f739daf54f320a1208c8e7dc83f19a4c34ede74003ec48bf
v2_ablations/streamspot/minus_gating_mechanism/seed_110/robustness_metrics.json,1010,609bc2c4c5e4f605569b6453755eced2ed266894f7518b43bb8e192ca0b6a229
v2_ablations/streamspot/minus_gating_mechanism/seed_110/subgraph_predictions.csv,325,783398d020d0653d234f591ba532cc53fe4d61cebef9f4a593816475363ffcf2
v2_ablations/streamspot/minus_gating_mechanism/seed_110/training_history.csv,10341,502718bda6d7212e5163117d2a8e752b42c516be4983c6ef0ff8b62300874a98
v2_ablations/streamspot/minus_gating_mechanism/seed_22/campaign_index.csv,575,cc64c954fdbf0b3565d55fc2ac78a2a90b4d8d80101fd58e4223bed23a20c379
v2_ablations/streamspot/minus_gating_mechanism/seed_22/checkpoint.pt,186229,d1e1694d98dfadeba4f2363f33f07d6aa51b0ea0d2c8464422c7d33153b2a39b
v2_ablations/streamspot/minus_gating_mechanism/seed_22/compactness_validation.json,1528,2bd9f8620cda9da96510755bc39101603d1425ed1dfa4d540c86f3400d579618
v2_ablations/streamspot/minus_gating_mechanism/seed_22/config_resolved.json,6176,8d267a808b1a6d1b37bc07cf66a72724c91522aaf07322afb5930a070ca56eae
v2_ablations/streamspot/minus_gating_mechanism/seed_22/dataset_manifest.json,504,08d6dd101f759675542323e4ec860ac49d00f0628719811815d1e416ab2cacf7
v2_ablations/streamspot/minus_gating_mechanism/seed_22/edge_predictions.csv,19963,8a3384e9d16adae9d2eb5088f47d27ffa020ab47a56568e8d1d7f814533a3c95
v2_ablations/streamspot/minus_gating_mechanism/seed_22/explanation_metrics.json,1227920,cc487b17d5489fe24f891a9ce37f2cc0a5330049f1871c56cd246cbf70a3648d
v2_ablations/streamspot/minus_gating_mechanism/seed_22/metrics.json,1104,d11ef4ec7f7e7d4bd1cc64d357697bd843b45bed63ea5666845c269ccb19d446
v2_ablations/streamspot/minus_gating_mechanism/seed_22/node_index.csv,120538,cf26725abfffb1abf4306ff0cc3a6f164bd2f80823ba0d9d512cfc2f2f257bc3
v2_ablations/streamspot/minus_gating_mechanism/seed_22/node_predictions.csv,30802,4ea2bce32abd92e6c0e6d683ed66a432cc3d5ce0252e830179f90c3d13d3e06e
v2_ablations/streamspot/minus_gating_mechanism/seed_22/robustness_metrics.json,977,a5fbed2f7f0e9ac890c856eb0369b186e9e28f7dfb5db335867b1ad3dedf7623
v2_ablations/streamspot/minus_gating_mechanism/seed_22/subgraph_predictions.csv,321,3f011297e625e4ec4963fb2b861ae7cce80c1f0a90cb661d05854115f67c78dc
v2_ablations/streamspot/minus_gating_mechanism/seed_22/training_history.csv,7152,2c2cf4a437404b17a01cd4a6d1b9c09a8239a4a43ef3e5dee3efd0af019f7bc7
v2_ablations/streamspot/minus_gating_mechanism/seed_33/campaign_index.csv,575,cc64c954fdbf0b3565d55fc2ac78a2a90b4d8d80101fd58e4223bed23a20c379
v2_ablations/streamspot/minus_gating_mechanism/seed_33/checkpoint.pt,186229,cedf78a5b629c51e1e48db511059a5fde2e768a8698173e33c5c0d4db0a245f5
v2_ablations/streamspot/minus_gating_mechanism/seed_33/compactness_validation.json,1630,b8bb363fac78b2cace26228a6ba80608df9ab62ff4226b2dd66e765893dd2f28
v2_ablations/streamspot/minus_gating_mechanism/seed_33/config_resolved.json,6176,ed18b4f133b8a72ce4dc4693846dd8fcdfd55c20a843916411c9268dc0bf036d
v2_ablations/streamspot/minus_gating_mechanism/seed_33/dataset_manifest.json,504,08d6dd101f759675542323e4ec860ac49d00f0628719811815d1e416ab2cacf7
v2_ablations/streamspot/minus_gating_mechanism/seed_33/edge_predictions.csv,19748,ff30691081e5fffe6d6712a921455ede7e5a1282e622e93ae0138d0a27e3d50a
v2_ablations/streamspot/minus_gating_mechanism/seed_33/explanation_metrics.json,1072240,3a8b2f28a5bfed83688aefaa15a618eee64d563f31933cbd25cb359602c5ae0e
v2_ablations/streamspot/minus_gating_mechanism/seed_33/metrics.json,1134,23363bc359620e750daad9e18dd62c8d7da58f2c58d268b2e8e64dcf6ff4d6d5
v2_ablations/streamspot/minus_gating_mechanism/seed_33/node_index.csv,120538,cf26725abfffb1abf4306ff0cc3a6f164bd2f80823ba0d9d512cfc2f2f257bc3
v2_ablations/streamspot/minus_gating_mechanism/seed_33/node_predictions.csv,30677,6058717d494c8a3d90a8aaf2149b3ab44422aeaa3ae012f6ca2d0a68225d02eb
v2_ablations/streamspot/minus_gating_mechanism/seed_33/robustness_metrics.json,1028,6c7a284d872863eeadb728d5e3d3ea65110dc48ac3bc9871eab0a642454996a6
v2_ablations/streamspot/minus_gating_mechanism/seed_33/subgraph_predictions.csv,321,957f586b1b18e8aba8c99496a2ce40d4d005a9499cb4c1bda7f96d7f4b94f7b1
v2_ablations/streamspot/minus_gating_mechanism/seed_33/training_history.csv,11071,a7c8a268b9f3ab5e9b3090ba0a20d667aad8681b01938c941213e4f63f4b5503
v2_ablations/streamspot/minus_gating_mechanism/seed_44/campaign_index.csv,575,cc64c954fdbf0b3565d55fc2ac78a2a90b4d8d80101fd58e4223bed23a20c379
v2_ablations/streamspot/minus_gating_mechanism/seed_44/checkpoint.pt,186229,11b41dff7b2c3e18a29146d1482cfb7b4bc9da069161adf6413963b9a79aa632
v2_ablations/streamspot/minus_gating_mechanism/seed_44/compactness_validation.json,1522,0a3c7b3dba6b9c555b3a7e69fd5ad9ca27ea5d9774b3fe965e2dc4a7e313ac7a
v2_ablations/streamspot/minus_gating_mechanism/seed_44/config_resolved.json,6176,9fe2103a40117c4b889adcdd0657b8e5f78a87da2f5c6e7bce91e27953d22097
v2_ablations/streamspot/minus_gating_mechanism/seed_44/dataset_manifest.json,504,08d6dd101f759675542323e4ec860ac49d00f0628719811815d1e416ab2cacf7
v2_ablations/streamspot/minus_gating_mechanism/seed_44/edge_predictions.csv,19724,ad4f42a04b9a91c19e5d7a9004ad14509897a58c238748980f498f65d2a3b80b
v2_ablations/streamspot/minus_gating_mechanism/seed_44/explanation_metrics.json,940962,2063760ce0b026393600ee1ea29edbac338c84d0a6b52022d0a3b8afac6d8791
v2_ablations/streamspot/minus_gating_mechanism/seed_44/metrics.json,1094,5be522878bf87c8a8146898cdfe100d1129e96361a3da607f81bfaf8f36fc256
v2_ablations/streamspot/minus_gating_mechanism/seed_44/node_index.csv,120538,cf26725abfffb1abf4306ff0cc3a6f164bd2f80823ba0d9d512cfc2f2f257bc3
v2_ablations/streamspot/minus_gating_mechanism/seed_44/node_predictions.csv,30430,519b2a5e1277b1f74e1a5292914c5d7b9e8cd9ec17d59424d71f1f40027b8523
v2_ablations/streamspot/minus_gating_mechanism/seed_44/robustness_metrics.json,977,1f562f681f9420edc88cd804eb1b1c33006f9a78ac3feaaa9ce49b6cc7c1dc21
v2_ablations/streamspot/minus_gating_mechanism/seed_44/subgraph_predictions.csv,325,3af88b362c7f935d205f16be7bb2cf558d3695e71748b820a3f6753bf5f7138f
v2_ablations/streamspot/minus_gating_mechanism/seed_44/training_history.csv,7510,667214105b997696e89ee9300b7d58bebd2202f80f1cdc5a3897a64edc847361
v2_ablations/streamspot/minus_gating_mechanism/seed_55/campaign_index.csv,575,cc64c954fdbf0b3565d55fc2ac78a2a90b4d8d80101fd58e4223bed23a20c379
v2_ablations/streamspot/minus_gating_mechanism/seed_55/checkpoint.pt,186229,d38f5e3457707494b8f37a1112fdba756c3f08aa4cb81f0426cfb5c256e3b4a7
v2_ablations/streamspot/minus_gating_mechanism/seed_55/compactness_validation.json,1546,0837836de8dae6e488aa285f342d96759cf22d4ec6fd59b9f4cc42c9548bf79a
v2_ablations/streamspot/minus_gating_mechanism/seed_55/config_resolved.json,6175,c5e0b897922e07a71fe700f04be292b7a104b7edfbc4872170ab82b08476c3b9
v2_ablations/streamspot/minus_gating_mechanism/seed_55/dataset_manifest.json,504,08d6dd101f759675542323e4ec860ac49d00f0628719811815d1e416ab2cacf7
v2_ablations/streamspot/minus_gating_mechanism/seed_55/edge_predictions.csv,19902,88607f1f9505db3b31f19d69f7b3353dcdd640cee95a0af78c566d6f16e20b90
v2_ablations/streamspot/minus_gating_mechanism/seed_55/explanation_metrics.json,1312700,b7b83b67dbca136f895d10b4f0ec6ffee02105944f4c03534030028c1ac9a904
v2_ablations/streamspot/minus_gating_mechanism/seed_55/metrics.json,1093,b9de3aa1ad83981d95d7a5ab8e95416645368fa0c8561f3e9a08cee27a206ed7
v2_ablations/streamspot/minus_gating_mechanism/seed_55/node_index.csv,120538,cf26725abfffb1abf4306ff0cc3a6f164bd2f80823ba0d9d512cfc2f2f257bc3
v2_ablations/streamspot/minus_gating_mechanism/seed_55/node_predictions.csv,30551,d242f52a4b017c58dd4c8f1e29ea39e805c05c3927a6d46972ddff3eb76c2a40
v2_ablations/streamspot/minus_gating_mechanism/seed_55/robustness_metrics.json,1011,d1bc6f0ae8b6cb5d99c015b0efd17cd37b48f9fedf01565d6c5478368823a12d
v2_ablations/streamspot/minus_gating_mechanism/seed_55/subgraph_predictions.csv,322,1dcd54d5b3be1e22b035d8b85e3a0f9f82e063fc5370b44050f62849fd5e7a82
v2_ablations/streamspot/minus_gating_mechanism/seed_55/training_history.csv,7498,9636ff5dea03189133db195dc6fbcd6f87c9e999b67180bfab639d45564b98ae
v2_ablations/streamspot/minus_gating_mechanism/seed_66/campaign_index.csv,575,cc64c954fdbf0b3565d55fc2ac78a2a90b4d8d80101fd58e4223bed23a20c379
v2_ablations/streamspot/minus_gating_mechanism/seed_66/checkpoint.pt,186229,00ed8e3aee426bce00a111fc38fb327e8cfc8d919b1ea36f53eac0a1bae65f0e
v2_ablations/streamspot/minus_gating_mechanism/seed_66/compactness_validation.json,1630,46dfaeba687e90bba720a1a724cf04f684592813ee98bd9eb71b723d08a29bbe
v2_ablations/streamspot/minus_gating_mechanism/seed_66/config_resolved.json,6176,c13fb6854dfb845b8b06c707e40b558de6e7c103a11df94c95e45d8c236d07db
v2_ablations/streamspot/minus_gating_mechanism/seed_66/dataset_manifest.json,504,08d6dd101f759675542323e4ec860ac49d00f0628719811815d1e416ab2cacf7
v2_ablations/streamspot/minus_gating_mechanism/seed_66/edge_predictions.csv,20007,57bba22f2f4b76f6a2f6c6d9bf26074ea4022d7f6a76324e34f4313131448402
v2_ablations/streamspot/minus_gating_mechanism/seed_66/explanation_metrics.json,1051345,e042314d05f99d0dfe49ba1d84d2e20c4f88bc8c0755d5d0c71b8494b6b369c2
v2_ablations/streamspot/minus_gating_mechanism/seed_66/metrics.json,1107,ada8ecb0478997df2460f6e4854865fe1e3df1430cc4185e1f994cf0243fa3e6
v2_ablations/streamspot/minus_gating_mechanism/seed_66/node_index.csv,120538,cf26725abfffb1abf4306ff0cc3a6f164bd2f80823ba0d9d512cfc2f2f257bc3
v2_ablations/streamspot/minus_gating_mechanism/seed_66/node_predictions.csv,30651,6e120aa122a843e0b4eda852e87c0e226b09896c891768feac2cda695b4dfc48
v2_ablations/streamspot/minus_gating_mechanism/seed_66/robustness_metrics.json,1042,6c21ebb96edbfc7ce25e0ecdbe7ef5e30bdd98abc75f049b050723a342144c01
v2_ablations/streamspot/minus_gating_mechanism/seed_66/subgraph_predictions.csv,323,c46c6a31602aa441b21186d77a2a63abb9007b7c2f7b35c2f7b5df7568a3531a
v2_ablations/streamspot/minus_gating_mechanism/seed_66/training_history.csv,10708,cbd03ae4832dd5f40617e800b6cd4051fa1980417e8fb5cba02e08472492a211
v2_ablations/streamspot/minus_gating_mechanism/seed_77/campaign_index.csv,575,cc64c954fdbf0b3565d55fc2ac78a2a90b4d8d80101fd58e4223bed23a20c379
v2_ablations/streamspot/minus_gating_mechanism/seed_77/checkpoint.pt,186229,74383aae7dc3f3487c08de6f2549420fdd2c3f3880af3cd07e16c5a7723fd89a
v2_ablations/streamspot/minus_gating_mechanism/seed_77/compactness_validation.json,1534,0089c9287c8c50471cf0f45f52df82c3b813ee1343aba1fb548e6bc6a2200f0f
v2_ablations/streamspot/minus_gating_mechanism/seed_77/config_resolved.json,6174,96eb7c4b122e492fb64d6689856be7fb30ec589ac6f7755b6c92e40a68018ae7
v2_ablations/streamspot/minus_gating_mechanism/seed_77/dataset_manifest.json,504,08d6dd101f759675542323e4ec860ac49d00f0628719811815d1e416ab2cacf7
v2_ablations/streamspot/minus_gating_mechanism/seed_77/edge_predictions.csv,19722,8737e30c580d98098bccd0b16411f1af11f23a6e26bac784ce2dccf7d5fc413b
v2_ablations/streamspot/minus_gating_mechanism/seed_77/explanation_metrics.json,1328028,cd7409ac6d9c48789e5fff0bf893d661caaaa976decbe2bb80f103cdeea31ed8
v2_ablations/streamspot/minus_gating_mechanism/seed_77/metrics.json,1101,17fbeab5755b1d67c99cba36e32950b39f5c7b09c1550cb44c283511f6df66fc
v2_ablations/streamspot/minus_gating_mechanism/seed_77/node_index.csv,120538,cf26725abfffb1abf4306ff0cc3a6f164bd2f80823ba0d9d512cfc2f2f257bc3
v2_ablations/streamspot/minus_gating_mechanism/seed_77/node_predictions.csv,30917,314c59a5a596be4089cde18a9880628db2e04061598361a948f34443fa30b48a
v2_ablations/streamspot/minus_gating_mechanism/seed_77/robustness_metrics.json,1009,cd1b372873e99fa0ef36d9decd610c629c2ecb5aa59d4f1d283e798d971d9636
v2_ablations/streamspot/minus_gating_mechanism/seed_77/subgraph_predictions.csv,320,84bce3880f2b59b0299ada49b8347ab9402edae0a1f7600bba3a645fd5da7ab0
v2_ablations/streamspot/minus_gating_mechanism/seed_77/training_history.csv,9654,bc3f98a8bf3728c08ebc0465a1f0b977cf16a3905b64f9c4d430d42529623130
v2_ablations/streamspot/minus_gating_mechanism/seed_88/campaign_index.csv,575,cc64c954fdbf0b3565d55fc2ac78a2a90b4d8d80101fd58e4223bed23a20c379
v2_ablations/streamspot/minus_gating_mechanism/seed_88/checkpoint.pt,186229,d1c625608d0e2975ae11d4e255249abd7a92b535ce93211e39c77133db10e965
v2_ablations/streamspot/minus_gating_mechanism/seed_88/compactness_validation.json,1528,e5d656fc44984ecde1a0cf5d41afc935829fc174e6b54cfe2718ae7e4407f990
v2_ablations/streamspot/minus_gating_mechanism/seed_88/config_resolved.json,6175,acc5fcbe4168402505265e20690607776345b4347d00412f2a09008d3b297a04
v2_ablations/streamspot/minus_gating_mechanism/seed_88/dataset_manifest.json,504,08d6dd101f759675542323e4ec860ac49d00f0628719811815d1e416ab2cacf7
v2_ablations/streamspot/minus_gating_mechanism/seed_88/edge_predictions.csv,19907,f4dd2e1542ef1576a8ff235c3dcf19b152ce72a552a7725bc82a1b605428ba4f
v2_ablations/streamspot/minus_gating_mechanism/seed_88/explanation_metrics.json,1192200,d0e2d905cf779b3fd6171be5c56997a6b004624d2e76af708bedbfbf61115140
v2_ablations/streamspot/minus_gating_mechanism/seed_88/metrics.json,1108,849f83c7818ad319dddef37d0b809760eefb53f606990d8e93d030bf19a050b2
v2_ablations/streamspot/minus_gating_mechanism/seed_88/node_index.csv,120538,cf26725abfffb1abf4306ff0cc3a6f164bd2f80823ba0d9d512cfc2f2f257bc3
v2_ablations/streamspot/minus_gating_mechanism/seed_88/node_predictions.csv,30735,9b87ae70cef88e337dd3a7a3ec10c3e6595ed0ea6e6077f519fced32c754a34e
v2_ablations/streamspot/minus_gating_mechanism/seed_88/robustness_metrics.json,978,a9d835419a68d63631aa17a7842380573aed533cd2128d73e508740b4a0c8f29
v2_ablations/streamspot/minus_gating_mechanism/seed_88/subgraph_predictions.csv,323,9595dfd36c7f0e2d5def1bdab023c1399437b9af88380075cde6833d6b81eb10
v2_ablations/streamspot/minus_gating_mechanism/seed_88/training_history.csv,7506,32c20f67ac78a178062e098ac4b8ad54838e89dc46bcf6224e36b3ef440bed6d
v2_ablations/streamspot/minus_gating_mechanism/seed_99/campaign_index.csv,575,cc64c954fdbf0b3565d55fc2ac78a2a90b4d8d80101fd58e4223bed23a20c379
v2_ablations/streamspot/minus_gating_mechanism/seed_99/checkpoint.pt,186229,b110813ba00b439321262c4c173b1c4b879f7b56ffe950cf1f204568d341cb22
v2_ablations/streamspot/minus_gating_mechanism/seed_99/compactness_validation.json,1528,a9913904b3640337bffabbc1300833d17f2dc7206a1b9a623ac9217595a8acb8
v2_ablations/streamspot/minus_gating_mechanism/seed_99/config_resolved.json,6176,3ce3f6d3d169f09ff5ef5fe49907d3ffc53cd92167ad7158a62f600db8b86751
v2_ablations/streamspot/minus_gating_mechanism/seed_99/dataset_manifest.json,504,08d6dd101f759675542323e4ec860ac49d00f0628719811815d1e416ab2cacf7
v2_ablations/streamspot/minus_gating_mechanism/seed_99/edge_predictions.csv,19763,1b90e8230db98b2e9176a22382ee9ce2581a78107193ae7ddf5b0da8ea6c8d28
v2_ablations/streamspot/minus_gating_mechanism/seed_99/explanation_metrics.json,1326929,e8c8ed8b22b1d19db555ef5c31016b51d37de9b06f6afd7c66446f89966eaab5
v2_ablations/streamspot/minus_gating_mechanism/seed_99/metrics.json,1093,1ed3f4d1f5fa99f8613442cd487f65fec3abf7a1dc0c19a622bfb89066c9ab9d
v2_ablations/streamspot/minus_gating_mechanism/seed_99/node_index.csv,120538,cf26725abfffb1abf4306ff0cc3a6f164bd2f80823ba0d9d512cfc2f2f257bc3
v2_ablations/streamspot/minus_gating_mechanism/seed_99/node_predictions.csv,30556,349b32fac22ed99ce659c6904cd1dc2fcfacead9c17ccb6f73a19773f6207b5c
v2_ablations/streamspot/minus_gating_mechanism/seed_99/robustness_metrics.json,1010,875da17135f00d11548ca38cc3d61901e3a43a0e691981ed5ac2da4a98a952a4
v2_ablations/streamspot/minus_gating_mechanism/seed_99/subgraph_predictions.csv,324,23a26d2ea4815e2aa2f234aa4c2ad08ffe7c2a1f654b0db702d04ded7ac60b8a
v2_ablations/streamspot/minus_gating_mechanism/seed_99/training_history.csv,14636,742b30f86c563f07fc774888648a0e0d258145dc5c29f9d4ed07f4787224f726
v2_ablations/streamspot/minus_heterogeneous_stream/seed_11/campaign_index.csv,575,cc64c954fdbf0b3565d55fc2ac78a2a90b4d8d80101fd58e4223bed23a20c379
v2_ablations/streamspot/minus_heterogeneous_stream/seed_11/checkpoint.pt,186229,89ab087a58fd00826e1b0bf7e737c0ca1511548931a4f6fa87690ea56cc52ae8
v2_ablations/streamspot/minus_heterogeneous_stream/seed_11/compactness_validation.json,1534,91c6b521d95b154f824e8dcb0c868b08c74002e27fe08c58f2e58cb75f15cae2
v2_ablations/streamspot/minus_heterogeneous_stream/seed_11/config_resolved.json,6175,c814203698fc5504d874e9db8561a702de65ce9fc3e5bca252683e89ee8d8821
v2_ablations/streamspot/minus_heterogeneous_stream/seed_11/dataset_manifest.json,504,08d6dd101f759675542323e4ec860ac49d00f0628719811815d1e416ab2cacf7
v2_ablations/streamspot/minus_heterogeneous_stream/seed_11/edge_predictions.csv,19800,be4aebace7bdf524907c35aee8a5f21b58554eff0b120c6bf85d3f5e7ec8d647
v2_ablations/streamspot/minus_heterogeneous_stream/seed_11/explanation_metrics.json,1299653,eff464c1816094cf47095284dd55506cb28b3f8b708930fc98cab157bf27f9b2
v2_ablations/streamspot/minus_heterogeneous_stream/seed_11/metrics.json,1090,09dfbe6f1cc3ea0855ee8fc536d25cfd4e4205c266b3d3c6cdcb978506c6d44b
v2_ablations/streamspot/minus_heterogeneous_stream/seed_11/node_index.csv,120538,cf26725abfffb1abf4306ff0cc3a6f164bd2f80823ba0d9d512cfc2f2f257bc3
v2_ablations/streamspot/minus_heterogeneous_stream/seed_11/node_predictions.csv,30201,c4204e41f9f7f5d53ec1f3ad976437fa354389b3ca9f955c16873c3f38b608ed
v2_ablations/streamspot/minus_heterogeneous_stream/seed_11/robustness_metrics.json,1011,4ef74a15d1047e8e2c0c9c2c8ab500ca6fccb76240cb210f8fadb5748e0b57b2
v2_ablations/streamspot/minus_heterogeneous_stream/seed_11/subgraph_predictions.csv,324,ee0d7ed89165a32db1a52c42bdb794f4cfb7074438dda2873e0235ca83ca1c55
v2_ablations/streamspot/minus_heterogeneous_stream/seed_11/training_history.csv,11479,642da1bd6c994ae0d35cc8ede452269979a0f8dc10d2212c95fdde34e1512874
v2_ablations/streamspot/minus_heterogeneous_stream/seed_110/campaign_index.csv,575,cc64c954fdbf0b3565d55fc2ac78a2a90b4d8d80101fd58e4223bed23a20c379
v2_ablations/streamspot/minus_heterogeneous_stream/seed_110/checkpoint.pt,186229,627bbcf2aa8b787dc829bc6cfed0bbbc8cc197df23836f384e35ebf06bb330e2
v2_ablations/streamspot/minus_heterogeneous_stream/seed_110/compactness_validation.json,1540,fc9b0d653e1b9fc887ab7d0465949015473f3fb4a05fc6b7491c1d5eed5a8425
v2_ablations/streamspot/minus_heterogeneous_stream/seed_110/config_resolved.json,6177,f5e9c2373778d321fa34b938a86ad8906176d7989bdf75fa578c44f3062ecf51
v2_ablations/streamspot/minus_heterogeneous_stream/seed_110/dataset_manifest.json,504,08d6dd101f759675542323e4ec860ac49d00f0628719811815d1e416ab2cacf7
v2_ablations/streamspot/minus_heterogeneous_stream/seed_110/edge_predictions.csv,19695,e30e845384bac4303b578157bb22e4f1ffba7e7df2f34f48ae1bbab3c2e6aaed
v2_ablations/streamspot/minus_heterogeneous_stream/seed_110/explanation_metrics.json,1304595,f112539f543e4718b0e7e0864b0fc2e9d1fdb3eb40a17c045ee1df2cc6af98b5
v2_ablations/streamspot/minus_heterogeneous_stream/seed_110/metrics.json,1093,d3646703be508c5a2a44a64b82a9b6c2f0b13addfa4d3bae2fed447cca50838e
v2_ablations/streamspot/minus_heterogeneous_stream/seed_110/node_index.csv,120538,cf26725abfffb1abf4306ff0cc3a6f164bd2f80823ba0d9d512cfc2f2f257bc3
v2_ablations/streamspot/minus_heterogeneous_stream/seed_110/node_predictions.csv,30686,d2c0b4b51681a626eb7e35690610c60c5edd9e82907f35eb97236ddd0424a648
v2_ablations/streamspot/minus_heterogeneous_stream/seed_110/robustness_metrics.json,1011,debd4e5724f40cb1449dad0b26f1513b9d87b80a3bc395d3c44b328c7a6dbe05
v2_ablations/streamspot/minus_heterogeneous_stream/seed_110/subgraph_predictions.csv,325,29ff15257e24d1ed438cd05ff203874a6be0bf647172204e7e22971ca568b7ba
v2_ablations/streamspot/minus_heterogeneous_stream/seed_110/training_history.csv,10395,71d85bcc4482e37f9552411e02204ead2486f53a1fefd1e98b33ff3dd69ef5da
v2_ablations/streamspot/minus_heterogeneous_stream/seed_22/campaign_index.csv,575,cc64c954fdbf0b3565d55fc2ac78a2a90b4d8d80101fd58e4223bed23a20c379
v2_ablations/streamspot/minus_heterogeneous_stream/seed_22/checkpoint.pt,186229,a32299158d96d4aadda9d73af3c3627670b2ea4246f3d5c489c86a5ba2246c37
v2_ablations/streamspot/minus_heterogeneous_stream/seed_22/compactness_validation.json,1636,7b4cbcc25597d31fc75a098932b5e98d59738e86755121ab3415e08172804dc3
v2_ablations/streamspot/minus_heterogeneous_stream/seed_22/config_resolved.json,6176,bc57cd0cbb2e34031923d2067b087f9f09acf5ba29fb9e395dbc683da5a7e549
v2_ablations/streamspot/minus_heterogeneous_stream/seed_22/dataset_manifest.json,504,08d6dd101f759675542323e4ec860ac49d00f0628719811815d1e416ab2cacf7
v2_ablations/streamspot/minus_heterogeneous_stream/seed_22/edge_predictions.csv,19872,a019652f0c9975b0a56b7499c954e6ac01932bc3675ae9ef496b085be5e30692
v2_ablations/streamspot/minus_heterogeneous_stream/seed_22/explanation_metrics.json,1141902,b0aedb2d9edcc0ab53d42d2118c145814019a1a051262993ce7f065e4302d55b
v2_ablations/streamspot/minus_heterogeneous_stream/seed_22/metrics.json,1116,9aa173f27451b6d5b9273590553cd14c1ae2bdb1c87005b5551a499bb6b28fa5
v2_ablations/streamspot/minus_heterogeneous_stream/seed_22/node_index.csv,120538,cf26725abfffb1abf4306ff0cc3a6f164bd2f80823ba0d9d512cfc2f2f257bc3
v2_ablations/streamspot/minus_heterogeneous_stream/seed_22/node_predictions.csv,31261,f39c1d322bd7f1559d796a5f9bdb307c7f6ff2bcdf949f108951dc172afb9240
v2_ablations/streamspot/minus_heterogeneous_stream/seed_22/robustness_metrics.json,1046,19beec383f96f8b01ed832fc1d740f19b906eb254063ba457cdabb15daa08a78
v2_ablations/streamspot/minus_heterogeneous_stream/seed_22/subgraph_predictions.csv,324,18fb2e898c1b54a2600811d95e9192dd133e3eb8340c0ae8376f0a50f4844f7b
v2_ablations/streamspot/minus_heterogeneous_stream/seed_22/training_history.csv,10395,25c262b51dbf5abc2fcc008a9f4793e122c84bfa709e544ca1f7f1d0f763ba9d
v2_ablations/streamspot/minus_heterogeneous_stream/seed_33/campaign_index.csv,575,cc64c954fdbf0b3565d55fc2ac78a2a90b4d8d80101fd58e4223bed23a20c379
v2_ablations/streamspot/minus_heterogeneous_stream/seed_33/checkpoint.pt,186229,5b2922a06ffdc4ffbb017dd783c2270feabc7641dd4e2c782e8c684d606fbb3b
v2_ablations/streamspot/minus_heterogeneous_stream/seed_33/compactness_validation.json,1546,5d20b1e640f30f30ae8f503b96e1434b2568f683c610a347c9aff63eb55e89fc
v2_ablations/streamspot/minus_heterogeneous_stream/seed_33/config_resolved.json,6175,05d8fa4e7064683aab8d8fd9b8f9616154511d947e6998f640cd259572a9514d
v2_ablations/streamspot/minus_heterogeneous_stream/seed_33/dataset_manifest.json,504,08d6dd101f759675542323e4ec860ac49d00f0628719811815d1e416ab2cacf7
v2_ablations/streamspot/minus_heterogeneous_stream/seed_33/edge_predictions.csv,19753,1e74c38a1246e09053a2e9605a172d47760858fb9e75bd3c2c7f2406acff942f
v2_ablations/streamspot/minus_heterogeneous_stream/seed_33/explanation_metrics.json,1332233,d7060930f6974dd0d9e17f07318f4b6222decb5b384dd5ff3df34c4cd226792a
v2_ablations/streamspot/minus_heterogeneous_stream/seed_33/metrics.json,1079,12af78f5cda42e6f2226ddf78c11cb70c49fb78da6ca21d25f2fb88e2a9b1d10
v2_ablations/streamspot/minus_heterogeneous_stream/seed_33/node_index.csv,120538,cf26725abfffb1abf4306ff0cc3a6f164bd2f80823ba0d9d512cfc2f2f257bc3
v2_ablations/streamspot/minus_heterogeneous_stream/seed_33/node_predictions.csv,30678,a5ca128b5130e0e8d0efe1cf7a932525c1ccd99c2af01f124c51ef69d6a2a327
v2_ablations/streamspot/minus_heterogeneous_stream/seed_33/robustness_metrics.json,1011,21686b0fe6358d7ae72d26a5c5f9c1c132c384b0790d3c20beaacf31602739c1
v2_ablations/streamspot/minus_heterogeneous_stream/seed_33/subgraph_predictions.csv,322,4314140d72b8a8348fd2ad0c4aa2d51c52ba8736e387edd63eae49e38bd67c4a
v2_ablations/streamspot/minus_heterogeneous_stream/seed_33/training_history.csv,9663,d32edc7c3d243695b4d6476070ef2dcddedf277e568d658d60ee7239f5a8a9da
v2_ablations/streamspot/minus_heterogeneous_stream/seed_44/campaign_index.csv,575,cc64c954fdbf0b3565d55fc2ac78a2a90b4d8d80101fd58e4223bed23a20c379
v2_ablations/streamspot/minus_heterogeneous_stream/seed_44/checkpoint.pt,186229,5f30255c7593c923baad075b3021717cd9dcfa50163d4b249e543fe943f5e351
v2_ablations/streamspot/minus_heterogeneous_stream/seed_44/compactness_validation.json,1528,9943346151af0d89eac847f2c14204ef72694bd137f0e33b2c9e0a4f6e60d929
v2_ablations/streamspot/minus_heterogeneous_stream/seed_44/config_resolved.json,6175,a923938f1bcc5fae12e36ac56b5917f0137f1f1e78b91bfcbe46c177010cc07b
v2_ablations/streamspot/minus_heterogeneous_stream/seed_44/dataset_manifest.json,504,08d6dd101f759675542323e4ec860ac49d00f0628719811815d1e416ab2cacf7
v2_ablations/streamspot/minus_heterogeneous_stream/seed_44/edge_predictions.csv,19734,010d4fa818377267ebb272074a770449447e472a0e4d8eec254c942b2e7e6b5c
v2_ablations/streamspot/minus_heterogeneous_stream/seed_44/explanation_metrics.json,905552,cd41cd50653b592bb8d308fe6664e35cf7616a1d0de08b5c9d56409631defd6b
v2_ablations/streamspot/minus_heterogeneous_stream/seed_44/metrics.json,1105,ae222a238991d29c7c965d119b70e1ccb721353365f728bccf55afbe9e4a7fef
v2_ablations/streamspot/minus_heterogeneous_stream/seed_44/node_index.csv,120538,cf26725abfffb1abf4306ff0cc3a6f164bd2f80823ba0d9d512cfc2f2f257bc3
v2_ablations/streamspot/minus_heterogeneous_stream/seed_44/node_predictions.csv,30460,45feefdc956d48e053bda776b9753bf6f2844cf1ea2fc46dff94df2d0429e311
v2_ablations/streamspot/minus_heterogeneous_stream/seed_44/robustness_metrics.json,978,98eb211e3fea5cf9729abcc118c724ba43a46a0bef19b1a79d7be014fa9998cb
v2_ablations/streamspot/minus_heterogeneous_stream/seed_44/subgraph_predictions.csv,322,aa56d70f910dde4db4e5285233824c6aa9d1ac9beea2fe9b215567a463240aed
v2_ablations/streamspot/minus_heterogeneous_stream/seed_44/training_history.csv,11110,f4ffe32a94f89faa443a1fbc473672cc63f638c920146e7bc88292bcb5b65153
v2_ablations/streamspot/minus_heterogeneous_stream/seed_55/campaign_index.csv,575,cc64c954fdbf0b3565d55fc2ac78a2a90b4d8d80101fd58e4223bed23a20c379
v2_ablations/streamspot/minus_heterogeneous_stream/seed_55/checkpoint.pt,186229,45265b1905ad4d786597bc5da6244e28789604fc6de6eed4034e8c104bbf0fdc
v2_ablations/streamspot/minus_heterogeneous_stream/seed_55/compactness_validation.json,1522,abf50df112795fcd71b470270cdf6b60e0527d300687efacfd4fbf2057493c9a
v2_ablations/streamspot/minus_heterogeneous_stream/seed_55/config_resolved.json,6176,40c2c4e61adc0f71335f3d68fd397471647761ffa095313623e8dff4e3c7469b
v2_ablations/streamspot/minus_heterogeneous_stream/seed_55/dataset_manifest.json,504,08d6dd101f759675542323e4ec860ac49d00f0628719811815d1e416ab2cacf7
v2_ablations/streamspot/minus_heterogeneous_stream/seed_55/edge_predictions.csv,19769,1842bd54c732a07d34b56745cca95b1daaefc912c69d5f6f72e60717cf82c47f
v2_ablations/streamspot/minus_heterogeneous_stream/seed_55/explanation_metrics.json,1288960,e4f79de200c940bf6557fbd3c52547746e0025e116a846c70edf4e16a4c36ca5
v2_ablations/streamspot/minus_heterogeneous_stream/seed_55/metrics.json,1123,3f0627991338b2272f9c98f8a3bdf586388aef6d217600b1c3130cdd5a43df39
v2_ablations/streamspot/minus_heterogeneous_stream/seed_55/node_index.csv,120538,cf26725abfffb1abf4306ff0cc3a6f164bd2f80823ba0d9d512cfc2f2f257bc3
v2_ablations/streamspot/minus_heterogeneous_stream/seed_55/node_predictions.csv,30525,5c8b67ef5cb7e92f5a08b2c6fda9036698371604eba434edb2ed64a9755d1952
v2_ablations/streamspot/minus_heterogeneous_stream/seed_55/robustness_metrics.json,1041,b70ecb00ed7265763343e2c3fc3c3a3260a7f98dd727f1def06235a9fcf551e4
v2_ablations/streamspot/minus_heterogeneous_stream/seed_55/subgraph_predictions.csv,325,7cc74a49925074361183d836f6bd0107054a0839075f8d4747cc28dd2a6c359e
v2_ablations/streamspot/minus_heterogeneous_stream/seed_55/training_history.csv,10743,48d512d93906886d1df1db52b5b5f300bfc492a567396c9c225ebec404b11ed1
v2_ablations/streamspot/minus_heterogeneous_stream/seed_66/campaign_index.csv,575,cc64c954fdbf0b3565d55fc2ac78a2a90b4d8d80101fd58e4223bed23a20c379
v2_ablations/streamspot/minus_heterogeneous_stream/seed_66/checkpoint.pt,186229,0052c6ec1b5dedfc43eb5549d33ba69d51d01eba8c2ca509159c34932966d6aa
v2_ablations/streamspot/minus_heterogeneous_stream/seed_66/compactness_validation.json,1444,e4a3c0e1ea1a866635a33b65faaa69e7a67bc7335b89095889eefd4d8e563f54
v2_ablations/streamspot/minus_heterogeneous_stream/seed_66/config_resolved.json,6176,01035905a62980e18ae2927b54b314fd767266af8db35cf9fbdad52a95708ed1
v2_ablations/streamspot/minus_heterogeneous_stream/seed_66/dataset_manifest.json,504,08d6dd101f759675542323e4ec860ac49d00f0628719811815d1e416ab2cacf7
v2_ablations/streamspot/minus_heterogeneous_stream/seed_66/edge_predictions.csv,19883,70b59eaad7d4a834732783e05c67497e7c6e9c9bdc30d66f93e85786cb0a402f
v2_ablations/streamspot/minus_heterogeneous_stream/seed_66/explanation_metrics.json,1336372,2226629b879d49fdba59ae0151c15c6733db1d193d57f8b13d9d610ee77cc568
v2_ablations/streamspot/minus_heterogeneous_stream/seed_66/metrics.json,1090,0d96630566d62bd5f3c97ff4e445fda3999bbf83eba91fbbacb1711600ce856a
v2_ablations/streamspot/minus_heterogeneous_stream/seed_66/node_index.csv,120538,cf26725abfffb1abf4306ff0cc3a6f164bd2f80823ba0d9d512cfc2f2f257bc3
v2_ablations/streamspot/minus_heterogeneous_stream/seed_66/node_predictions.csv,30653,190fcf5cfa8539cba00c388c7199884861359613b784337dbaa61b34e97797f6
v2_ablations/streamspot/minus_heterogeneous_stream/seed_66/robustness_metrics.json,977,1d196151d6ec7d7cbd22d62106c1b35cc2a73b98dcde3e1fe812e16e5e9cde72
v2_ablations/streamspot/minus_heterogeneous_stream/seed_66/subgraph_predictions.csv,323,932ad483c2ea68d8f6f2d98af4c1d19fcc45c580ad4a9a8fb4db251cf9b5fe58
v2_ablations/streamspot/minus_heterogeneous_stream/seed_66/training_history.csv,10746,028e0c04ddc0450ed4a2480353c06cc8618fa4e3fe053a35ea04c3bd2f7c4151
v2_ablations/streamspot/minus_heterogeneous_stream/seed_77/campaign_index.csv,575,cc64c954fdbf0b3565d55fc2ac78a2a90b4d8d80101fd58e4223bed23a20c379
v2_ablations/streamspot/minus_heterogeneous_stream/seed_77/checkpoint.pt,186229,910bbf97592abe2cdc7e364c19445c0443089f9b872c65b8818aec25ea4ac1ee
v2_ablations/streamspot/minus_heterogeneous_stream/seed_77/compactness_validation.json,1534,22777ed8397fab29cb40351663df1f1f47eff319916f7e61292fdf0133dec39d
v2_ablations/streamspot/minus_heterogeneous_stream/seed_77/config_resolved.json,6175,63acbfff4772989aecd2a9f4723d68395b19247d792d84a5598ec9d6f4bb4e21
v2_ablations/streamspot/minus_heterogeneous_stream/seed_77/dataset_manifest.json,504,08d6dd101f759675542323e4ec860ac49d00f0628719811815d1e416ab2cacf7
v2_ablations/streamspot/minus_heterogeneous_stream/seed_77/edge_predictions.csv,19752,6ceabee1bce77ba3575f1862405f867a1bd8e31eedf82322632f39e0bd9f8ab6
v2_ablations/streamspot/minus_heterogeneous_stream/seed_77/explanation_metrics.json,1331264,7367d4d0622b1cec14ade3d539b1a678a14f1fcd99047d98ebdf85f34bde2dd8
v2_ablations/streamspot/minus_heterogeneous_stream/seed_77/metrics.json,1094,964b07b2ea57e6d1e563e74c997c8997c3041d7e0fb3ca2b1fa0b3e64cb5af40
v2_ablations/streamspot/minus_heterogeneous_stream/seed_77/node_index.csv,120538,cf26725abfffb1abf4306ff0cc3a6f164bd2f80823ba0d9d512cfc2f2f257bc3
v2_ablations/streamspot/minus_heterogeneous_stream/seed_77/node_predictions.csv,31254,da3d826648eaaa820fa7fb821ccf113aff22d5d4f2088aaee1adc1057626f49e
v2_ablations/streamspot/minus_heterogeneous_stream/seed_77/robustness_metrics.json,1012,897f88d5c3edc774aa5c874a4cc9a4285ba940277df0a59a337c74e4a466b40a
v2_ablations/streamspot/minus_heterogeneous_stream/seed_77/subgraph_predictions.csv,319,a61e0895d4710eb55f5bf0e7acd97c9b273affbc13041d6ac152c1e7203e75dd
v2_ablations/streamspot/minus_heterogeneous_stream/seed_77/training_history.csv,8956,d182719df06811a4b02b54fc8f74c80071f55166c44c81d6e1ee45523b6e9af2
v2_ablations/streamspot/minus_heterogeneous_stream/seed_88/campaign_index.csv,575,cc64c954fdbf0b3565d55fc2ac78a2a90b4d8d80101fd58e4223bed23a20c379
v2_ablations/streamspot/minus_heterogeneous_stream/seed_88/checkpoint.pt,186229,56406e846f9b8a497f936c7176c346a0541973e35dc457177e9853e57963f5c4
v2_ablations/streamspot/minus_heterogeneous_stream/seed_88/compactness_validation.json,1528,9d21ae3c1956f4e833cb3f25552e7f819cce931608b05700a91d9c9aca934b65
v2_ablations/streamspot/minus_heterogeneous_stream/seed_88/config_resolved.json,6175,63dda7410210993300013b4c4aaf0b72e54c668557dd13f198d97e214864b3ca
v2_ablations/streamspot/minus_heterogeneous_stream/seed_88/dataset_manifest.json,504,08d6dd101f759675542323e4ec860ac49d00f0628719811815d1e416ab2cacf7
v2_ablations/streamspot/minus_heterogeneous_stream/seed_88/edge_predictions.csv,19824,71d58dbf9245580e556122c26413b31778e454cc2d03154896df24cdb2451cfb
v2_ablations/streamspot/minus_heterogeneous_stream/seed_88/explanation_metrics.json,1305068,a41db2928d61cbeb5bd8f24e7c2f5fe6cbafb7987be0e9677e250d5b2c5abb62
v2_ablations/streamspot/minus_heterogeneous_stream/seed_88/metrics.json,1092,30dffe6679db4d44e1c7411f0ef4f1820fac7968e276b9d96443371d81ae6934
v2_ablations/streamspot/minus_heterogeneous_stream/seed_88/node_index.csv,120538,cf26725abfffb1abf4306ff0cc3a6f164bd2f80823ba0d9d512cfc2f2f257bc3
v2_ablations/streamspot/minus_heterogeneous_stream/seed_88/node_predictions.csv,30691,c4d10db6f3d4a3b92a4254400a0cdcdea4121b168d300e00ea6c5fab2f53c7a0
v2_ablations/streamspot/minus_heterogeneous_stream/seed_88/robustness_metrics.json,1012,c4ec96edaf5fea1804c5544d43573dae9ce5053f3ef12c7e87437ab771b79119
v2_ablations/streamspot/minus_heterogeneous_stream/seed_88/subgraph_predictions.csv,319,4c77b1fdcf16ca313192b298f54fdd8ef16e84f4b0a9d58d2adc424e88c30094
v2_ablations/streamspot/minus_heterogeneous_stream/seed_88/training_history.csv,12162,95f49061a5655936e82b469edf4f37268484a50c7ab25694266f080bfcfee4db
v2_ablations/streamspot/minus_heterogeneous_stream/seed_99/campaign_index.csv,575,cc64c954fdbf0b3565d55fc2ac78a2a90b4d8d80101fd58e4223bed23a20c379
v2_ablations/streamspot/minus_heterogeneous_stream/seed_99/checkpoint.pt,186229,7e1f92d94635eaec400c54c183e0b062d22498a3fd1bca8926dcfcbf86356284
v2_ablations/streamspot/minus_heterogeneous_stream/seed_99/compactness_validation.json,1534,4b5f0a4ef175f4e4c4a465bd84a338d65b31831914a45a4b8149155f2bfb7754
v2_ablations/streamspot/minus_heterogeneous_stream/seed_99/config_resolved.json,6175,b7445fc36a1bcd5c144fa5275ee20f1de4006d43c53c8889842fabf036e9d597
v2_ablations/streamspot/minus_heterogeneous_stream/seed_99/dataset_manifest.json,504,08d6dd101f759675542323e4ec860ac49d00f0628719811815d1e416ab2cacf7
v2_ablations/streamspot/minus_heterogeneous_stream/seed_99/edge_predictions.csv,19828,92ed9e6ff634bb3bfd82d06311225ce8b668b48ae552f9d020e826a7adfa8335
v2_ablations/streamspot/minus_heterogeneous_stream/seed_99/explanation_metrics.json,1326840,639c5ce197192b484db2445415ffe73e394fa5ffd55a60a305c4728547176123
v2_ablations/streamspot/minus_heterogeneous_stream/seed_99/metrics.json,1061,a2eed5ab784354c0e80e640d5734cce9550e8f5ebec2f07d44320d81c4be5eda
v2_ablations/streamspot/minus_heterogeneous_stream/seed_99/node_index.csv,120538,cf26725abfffb1abf4306ff0cc3a6f164bd2f80823ba0d9d512cfc2f2f257bc3
v2_ablations/streamspot/minus_heterogeneous_stream/seed_99/node_predictions.csv,30498,619b39a0ec031fbe9c532f1313e4272c22610502a8890d016285c7083dbade11
v2_ablations/streamspot/minus_heterogeneous_stream/seed_99/robustness_metrics.json,1011,3a6fc7923228db6cb036e5069b497970d0abb510afcda1cd6f23e11765e57c27
v2_ablations/streamspot/minus_heterogeneous_stream/seed_99/subgraph_predictions.csv,320,2a14bef65c1dbeba68e57f8fc1459e7b543093549dbecc7e3073b7c042e863bd
v2_ablations/streamspot/minus_heterogeneous_stream/seed_99/training_history.csv,9691,fb0db4b114004e41738292e395d83b588bc898985beead7725d57f83e6c0bd09
v2_ablations/streamspot/minus_joint_optimization/seed_11/campaign_index.csv,575,cc64c954fdbf0b3565d55fc2ac78a2a90b4d8d80101fd58e4223bed23a20c379
v2_ablations/streamspot/minus_joint_optimization/seed_11/checkpoint.pt,186229,a01b1f674b2f68f3a003e34875916321513bcbc9f9f4fa0cdda2f56698aac2d4
v2_ablations/streamspot/minus_joint_optimization/seed_11/compactness_validation.json,1630,0b0b48d67997285026de349bae6b806a3509c71ce6c9a65c05399c1e2de08a28
v2_ablations/streamspot/minus_joint_optimization/seed_11/config_resolved.json,6176,5e0837fbaece097040113f6dd68a86df60ba8f01dc89b7c5dcc01287576eb687
v2_ablations/streamspot/minus_joint_optimization/seed_11/dataset_manifest.json,504,08d6dd101f759675542323e4ec860ac49d00f0628719811815d1e416ab2cacf7
v2_ablations/streamspot/minus_joint_optimization/seed_11/edge_predictions.csv,19902,f2814775f6eef83cb7275e805e144a4a482e5506f47b5a3bfdcd11f95b19de7d
v2_ablations/streamspot/minus_joint_optimization/seed_11/explanation_metrics.json,1300409,74f800dfd5c25eda840271dc5dc80245282296342ddf1be924443147e40dee4e
v2_ablations/streamspot/minus_joint_optimization/seed_11/metrics.json,1124,e012d3a87b710da835a91e4a04f2c2492b4b6b6ef5feca181ac8a0428be642eb
v2_ablations/streamspot/minus_joint_optimization/seed_11/node_index.csv,120538,cf26725abfffb1abf4306ff0cc3a6f164bd2f80823ba0d9d512cfc2f2f257bc3
v2_ablations/streamspot/minus_joint_optimization/seed_11/node_predictions.csv,30416,4eb78c9ee7fa552984d3afe6f496c6453f30d9d3c410b4a8f44ec53cd3b8fb57
v2_ablations/streamspot/minus_joint_optimization/seed_11/robustness_metrics.json,1011,d0b3e9df80ed007ac300257a4390658b2b9ad4614170410933606312d3e92334
v2_ablations/streamspot/minus_joint_optimization/seed_11/subgraph_predictions.csv,323,689f76fe7c8dac3546295d905da56d09749fd066f48e7925a5daf1094b1a7f12
v2_ablations/streamspot/minus_joint_optimization/seed_11/training_history.csv,13234,b462aa1ffa05911b80e0311aa49348c7770d7be0a857bc45f341a3eac2a5dfeb
v2_ablations/streamspot/minus_joint_optimization/seed_110/campaign_index.csv,575,cc64c954fdbf0b3565d55fc2ac78a2a90b4d8d80101fd58e4223bed23a20c379
v2_ablations/streamspot/minus_joint_optimization/seed_110/checkpoint.pt,186229,8d6301baf19df196db26680cc9d21ffd09a27a6affe5ea917f724b7cbe3f714d
v2_ablations/streamspot/minus_joint_optimization/seed_110/compactness_validation.json,1630,6aee79487f5296a4c39721b8d8c5c2d2d7076d540f303b2240f3fc971280fe1d
v2_ablations/streamspot/minus_joint_optimization/seed_110/config_resolved.json,6177,68f2919df8924991bd8291215c130cf0a2811400210e848de07feee930a3325a
v2_ablations/streamspot/minus_joint_optimization/seed_110/dataset_manifest.json,504,08d6dd101f759675542323e4ec860ac49d00f0628719811815d1e416ab2cacf7
v2_ablations/streamspot/minus_joint_optimization/seed_110/edge_predictions.csv,19828,455e0e2ed525675439559d3e4f75de5ac0f2f0787919a139193aa79a46c06487
v2_ablations/streamspot/minus_joint_optimization/seed_110/explanation_metrics.json,1303491,0689f75a816e0fff7bb129fbf4bc3bdd50bb0d3948e060b3e48ff2cac9e61e61
v2_ablations/streamspot/minus_joint_optimization/seed_110/metrics.json,1104,09b267c4b850df5da432d6964c074397d41f4e3010fb16734cb1cf57dc0806e3
v2_ablations/streamspot/minus_joint_optimization/seed_110/node_index.csv,120538,cf26725abfffb1abf4306ff0cc3a6f164bd2f80823ba0d9d512cfc2f2f257bc3
v2_ablations/streamspot/minus_joint_optimization/seed_110/node_predictions.csv,30618,ed8daf83f484cd4da0ee1567a49ef1b5d23b909c4d190fbc4fbd21a293e0064a
v2_ablations/streamspot/minus_joint_optimization/seed_110/robustness_metrics.json,1011,477f7abb675e9dc1395d26e47620fa5874f35853a161f853940bc8a66ab05c41
v2_ablations/streamspot/minus_joint_optimization/seed_110/subgraph_predictions.csv,325,107b3cb658dea4187bef432a5c473a4b54431191612702d71a3e2e9e25be9092
v2_ablations/streamspot/minus_joint_optimization/seed_110/training_history.csv,10362,7b811e9427ff5336385238bbc80645c8c4ea98ac0c7316d2e6a30723873b0c3b
v2_ablations/streamspot/minus_joint_optimization/seed_22/campaign_index.csv,575,cc64c954fdbf0b3565d55fc2ac78a2a90b4d8d80101fd58e4223bed23a20c379
v2_ablations/streamspot/minus_joint_optimization/seed_22/checkpoint.pt,186229,32779a60d4941cb9e3ea7a065adea1d6a6f2005b258c85385474e6061ae491b1
v2_ablations/streamspot/minus_joint_optimization/seed_22/compactness_validation.json,1534,d6c034a51b24e96274f91832f2db0437d0ea747e712b43f78859748d9feedc29
v2_ablations/streamspot/minus_joint_optimization/seed_22/config_resolved.json,6175,9ee478fda5975eef639e9370a636e56df7cddf36a823220e0e5482785605c2c5
v2_ablations/streamspot/minus_joint_optimization/seed_22/dataset_manifest.json,504,08d6dd101f759675542323e4ec860ac49d00f0628719811815d1e416ab2cacf7
v2_ablations/streamspot/minus_joint_optimization/seed_22/edge_predictions.csv,20000,6c2b6bab038950c30a4fae9804180100e7f2c539e096db9c2508ed643e473dd9
v2_ablations/streamspot/minus_joint_optimization/seed_22/explanation_metrics.json,1301753,42c49c08ba3e679387086c993829e65acee2ca5a2d769f204f51c0bd4607b20a
v2_ablations/streamspot/minus_joint_optimization/seed_22/metrics.json,1105,4d5187a6e74e6985b9510e7feeb36dbd83edd84dc98ebedbbd549eef85326cab
v2_ablations/streamspot/minus_joint_optimization/seed_22/node_index.csv,120538,cf26725abfffb1abf4306ff0cc3a6f164bd2f80823ba0d9d512cfc2f2f257bc3
v2_ablations/streamspot/minus_joint_optimization/seed_22/node_predictions.csv,30735,cb980e59971b36e10ce7dfa7614d1aaecc039246833fd17c41973d7e913db5e1
v2_ablations/streamspot/minus_joint_optimization/seed_22/robustness_metrics.json,1028,2dd1f2cf1014b210bfb8c569340fbadd49be1c53c38b0bf72bc28ca26eb4472d
v2_ablations/streamspot/minus_joint_optimization/seed_22/subgraph_predictions.csv,326,8befd69bdb407881d9c40010d92dfa318ed2a8d3d75a796c309a47a1ec81d177
v2_ablations/streamspot/minus_joint_optimization/seed_22/training_history.csv,11785,895e3e123089e46acedb1aa212a15252dfd82316d426e0e3c17d292b82a6389b
v2_ablations/streamspot/minus_joint_optimization/seed_33/campaign_index.csv,575,cc64c954fdbf0b3565d55fc2ac78a2a90b4d8d80101fd58e4223bed23a20c379
v2_ablations/streamspot/minus_joint_optimization/seed_33/checkpoint.pt,186229,2d8471ffa053c8c897bc9738c15c3ae1c039b76898866b817d734bf5fbaa550a
v2_ablations/streamspot/minus_joint_optimization/seed_33/compactness_validation.json,1438,e9ee45f57ae2cd17cdcfdeb056af78b170c2ead899edf71123d8c74af89df09d
v2_ablations/streamspot/minus_joint_optimization/seed_33/config_resolved.json,6176,70666161a4ffc8d4acb2c76dc1984938504709ab6a34262d055cc4a078fd04e6
v2_ablations/streamspot/minus_joint_optimization/seed_33/dataset_manifest.json,504,08d6dd101f759675542323e4ec860ac49d00f0628719811815d1e416ab2cacf7
v2_ablations/streamspot/minus_joint_optimization/seed_33/edge_predictions.csv,19847,602437ac8a76eb524f3d6dc022528e01bc489e6ec6f1f5bb7364395f4404870e
v2_ablations/streamspot/minus_joint_optimization/seed_33/explanation_metrics.json,1274036,56931c5cd4e305c2a8136d8189b8083ea97d06838cb98c816e43c0f787efc770
v2_ablations/streamspot/minus_joint_optimization/seed_33/metrics.json,1106,e1795cf917d3518428c38b08c4e30953c730d7f94176940abedabdfa230c5255
v2_ablations/streamspot/minus_joint_optimization/seed_33/node_index.csv,120538,cf26725abfffb1abf4306ff0cc3a6f164bd2f80823ba0d9d512cfc2f2f257bc3
v2_ablations/streamspot/minus_joint_optimization/seed_33/node_predictions.csv,30573,daf56a8739c6826dc6884a6d77a6fd504269868a8f57419327d74a43a1b52516
v2_ablations/streamspot/minus_joint_optimization/seed_33/robustness_metrics.json,977,474707029e1c89058a3ef7d4a518930aec67aaa32e6950ff787fef39023a64da
v2_ablations/streamspot/minus_joint_optimization/seed_33/subgraph_predictions.csv,321,1300ab7cb761a29cb1e4b2f3df2068903720590dca8887eabbc605d9ff18c031
v2_ablations/streamspot/minus_joint_optimization/seed_33/training_history.csv,13935,e366f83105baa82abb03a85484903eed62b54cd33fae7c7b1ab241f72ddd80db
v2_ablations/streamspot/minus_joint_optimization/seed_44/campaign_index.csv,575,cc64c954fdbf0b3565d55fc2ac78a2a90b4d8d80101fd58e4223bed23a20c379
v2_ablations/streamspot/minus_joint_optimization/seed_44/checkpoint.pt,186229,2063d908f6e3440c117f32397fe8a05846c916020d993099cfc01f811b7df969
v2_ablations/streamspot/minus_joint_optimization/seed_44/compactness_validation.json,1636,adc29b0603a11d0a3e483a7a4eab7a9458528499cb688361c99a0a55bb3b577e
v2_ablations/streamspot/minus_joint_optimization/seed_44/config_resolved.json,6175,605e3756b767ae6162392fb8b669dc296c3954d07f54eee0fbbea3204b88a3f4
v2_ablations/streamspot/minus_joint_optimization/seed_44/dataset_manifest.json,504,08d6dd101f759675542323e4ec860ac49d00f0628719811815d1e416ab2cacf7
v2_ablations/streamspot/minus_joint_optimization/seed_44/edge_predictions.csv,19747,f7c5e9f1ee4e9ca418ea81f074caa64e8e620c891b0fac708043f56a525d5970
v2_ablations/streamspot/minus_joint_optimization/seed_44/explanation_metrics.json,959967,c62817b9400b36fad6123772cfdf795f1219afc598eb3f2e0b1ceced59151ab7
v2_ablations/streamspot/minus_joint_optimization/seed_44/metrics.json,1146,1483556c9ca1606d31de6a07bd081eca6c05a8288484b6811bdaf9cd4da9da7a
v2_ablations/streamspot/minus_joint_optimization/seed_44/node_index.csv,120538,cf26725abfffb1abf4306ff0cc3a6f164bd2f80823ba0d9d512cfc2f2f257bc3
v2_ablations/streamspot/minus_joint_optimization/seed_44/node_predictions.csv,30516,9cbfcac327f10499f79880543f98f6061124b06fac2bc0af5a5dcc3deddbd13d
v2_ablations/streamspot/minus_joint_optimization/seed_44/robustness_metrics.json,1009,c7caf066266347f7c668bc7e823e49c791da5e7b1bd28a3113a4d81d3fb1f59c
v2_ablations/streamspot/minus_joint_optimization/seed_44/subgraph_predictions.csv,326,bf440b4579087cff4768acdc0f4afd22fc717ae9bb6a5629c5a273a6ce0cadfc
v2_ablations/streamspot/minus_joint_optimization/seed_44/training_history.csv,11814,f085ae8a3a7a91406330ccaa487c7e8e9f35366db762449268f9f4f0dd713981
v2_ablations/streamspot/minus_joint_optimization/seed_55/campaign_index.csv,575,cc64c954fdbf0b3565d55fc2ac78a2a90b4d8d80101fd58e4223bed23a20c379
v2_ablations/streamspot/minus_joint_optimization/seed_55/checkpoint.pt,186229,a167a4a5269cf7424814178c36a713dcd6b401c6f10d916d383f3ef9de9571f7
v2_ablations/streamspot/minus_joint_optimization/seed_55/compactness_validation.json,1612,afe43a45e2c9eeafe56a2e1417c647c670495cf7731c06bd491c96f8f7a9183b
v2_ablations/streamspot/minus_joint_optimization/seed_55/config_resolved.json,6176,a7e08bfa3c83c85177dff318fce6085882592d669a2138b2c710839493e492fc
v2_ablations/streamspot/minus_joint_optimization/seed_55/dataset_manifest.json,504,08d6dd101f759675542323e4ec860ac49d00f0628719811815d1e416ab2cacf7
v2_ablations/streamspot/minus_joint_optimization/seed_55/edge_predictions.csv,19905,1ca708077941d4416da9600e437b20ee3fcc5f83458772a4d3ecf4c2ed3206ec
v2_ablations/streamspot/minus_joint_optimization/seed_55/explanation_metrics.json,1322486,ec66707791e90b74386dcde00b28e5e9f1226cc90a8d1302971d3841637f08d3
v2_ablations/streamspot/minus_joint_optimization/seed_55/metrics.json,1048,04a04a6720c2728c526ae3c9554d1231f6fba77eccad1ab5c9e3696ab9d253fe
v2_ablations/streamspot/minus_joint_optimization/seed_55/node_index.csv,120538,cf26725abfffb1abf4306ff0cc3a6f164bd2f80823ba0d9d512cfc2f2f257bc3
v2_ablations/streamspot/minus_joint_optimization/seed_55/node_predictions.csv,30457,102a5c36f01d3561c56749b2e65a5af44b539a9573264f79572ad673a7ee2bbc
v2_ablations/streamspot/minus_joint_optimization/seed_55/robustness_metrics.json,1010,6b79a3df859a4de090dcb784c6690729d1500e8111ea86a51394bde3130d9759
v2_ablations/streamspot/minus_joint_optimization/seed_55/subgraph_predictions.csv,326,ef91ab4d7d413bcf7279830dc8cab674240f45292eecf6cb1ded2559c8ec8709
v2_ablations/streamspot/minus_joint_optimization/seed_55/training_history.csv,12482,748dbe8282520fb48c4a4d140ff4be1316f9831db4044e0161ec8727ad6e8c8d
v2_ablations/streamspot/minus_joint_optimization/seed_66/campaign_index.csv,575,cc64c954fdbf0b3565d55fc2ac78a2a90b4d8d80101fd58e4223bed23a20c379
v2_ablations/streamspot/minus_joint_optimization/seed_66/checkpoint.pt,186229,070dec4075f62d26fc4ea61f4acc3d1e393263da9cf342d0c0a352326252db6f
v2_ablations/streamspot/minus_joint_optimization/seed_66/compactness_validation.json,1546,5a40a4921c6d3be2ca24af9af9ed15024c9a83a411c4d130892ec57b2c1c71cd
v2_ablations/streamspot/minus_joint_optimization/seed_66/config_resolved.json,6175,ef649991ed678ffbea4a132a923cf809bc5f251321db7bba5be185b3e10b9ce8
v2_ablations/streamspot/minus_joint_optimization/seed_66/dataset_manifest.json,504,08d6dd101f759675542323e4ec860ac49d00f0628719811815d1e416ab2cacf7
v2_ablations/streamspot/minus_joint_optimization/seed_66/edge_predictions.csv,20006,b38b7460474b1c91b238ea56253e184f4990644e2a3f711f490ee216b3cd2745
v2_ablations/streamspot/minus_joint_optimization/seed_66/explanation_metrics.json,1201216,702e93befadf6f681a425c8a47d0db5823e2e87c871ac0d18b4da1a5ebbf1cc4
v2_ablations/streamspot/minus_joint_optimization/seed_66/metrics.json,1122,b3e54dc650f9c248af4f9d5eae07c3728f0d7b6ffc25e0b510719af7b6827d7f
v2_ablations/streamspot/minus_joint_optimization/seed_66/node_index.csv,120538,cf26725abfffb1abf4306ff0cc3a6f164bd2f80823ba0d9d512cfc2f2f257bc3
v2_ablations/streamspot/minus_joint_optimization/seed_66/node_predictions.csv,30626,997ae9d938b355291685ec59fb4b7634cbcb3db28206e357df24828d3667610e
v2_ablations/streamspot/minus_joint_optimization/seed_66/robustness_metrics.json,977,f7aa1089de5c16033f4b50b018a8cb0875801cbbecd57ccac949801c275b8e33
v2_ablations/streamspot/minus_joint_optimization/seed_66/subgraph_predictions.csv,326,289bc7fe37ce06b253adf1564e03057744ede372bbd8c30aeb841a7fabb4733b
v2_ablations/streamspot/minus_joint_optimization/seed_66/training_history.csv,10745,9e4f2c4f7d7d02aa80a102149326c8e67e8af102dba8e4ebab3147aaafcc4436
v2_ablations/streamspot/minus_joint_optimization/seed_77/campaign_index.csv,575,cc64c954fdbf0b3565d55fc2ac78a2a90b4d8d80101fd58e4223bed23a20c379
v2_ablations/streamspot/minus_joint_optimization/seed_77/checkpoint.pt,186229,6ed8e312f44b199db35cf9bf33dc702dab83cf7194fa2ffb4441aee96073e10b
v2_ablations/streamspot/minus_joint_optimization/seed_77/compactness_validation.json,1624,066b6a52558f55ed43c28e57170ec6e9dcb43e78c84f761282db1806fe18299c
v2_ablations/streamspot/minus_joint_optimization/seed_77/config_resolved.json,6175,f86682008815bfb15133a37ad783fb2e5a1bd2aceabda8fab7b5d54766027209
v2_ablations/streamspot/minus_joint_optimization/seed_77/dataset_manifest.json,504,08d6dd101f759675542323e4ec860ac49d00f0628719811815d1e416ab2cacf7
v2_ablations/streamspot/minus_joint_optimization/seed_77/edge_predictions.csv,19723,d6d696531975f261383f293ecda081729fc1a8f6623240c6eebe39ce0a07a238
v2_ablations/streamspot/minus_joint_optimization/seed_77/explanation_metrics.json,1330069,3764b481f6a381af97d31fe0a8a9934156291454313844854e40e28de8867d97
v2_ablations/streamspot/minus_joint_optimization/seed_77/metrics.json,1094,462facfc5fecbc32af2def207d6539226b4b43d3277eb2bfd1d50abcce164d25
v2_ablations/streamspot/minus_joint_optimization/seed_77/node_index.csv,120538,cf26725abfffb1abf4306ff0cc3a6f164bd2f80823ba0d9d512cfc2f2f257bc3
v2_ablations/streamspot/minus_joint_optimization/seed_77/node_predictions.csv,30789,6a59149fe47789e3c7f69cd5b83db62d27edfcfdf47d0923c3d8417b28a692a1
v2_ablations/streamspot/minus_joint_optimization/seed_77/robustness_metrics.json,1011,4ab6ceaaa24aa1f87c22f4d4abc555d96884a33914c4c0ade374c0900c9195dc
v2_ablations/streamspot/minus_joint_optimization/seed_77/subgraph_predictions.csv,321,78becea737faf0ca2abed5b3938516b88c4af143e6832d9178c30218c741c536
v2_ablations/streamspot/minus_joint_optimization/seed_77/training_history.csv,10732,96edfba9bf9613d2a227119604c4b8b70c3ef81b6b310ec43aec4d0d5b839151
v2_ablations/streamspot/minus_joint_optimization/seed_88/campaign_index.csv,575,cc64c954fdbf0b3565d55fc2ac78a2a90b4d8d80101fd58e4223bed23a20c379
v2_ablations/streamspot/minus_joint_optimization/seed_88/checkpoint.pt,186229,bff96c786d6c815c5915bb41974d7c4a0c5761651e944a88eb3fc2a4bc6760e0
v2_ablations/streamspot/minus_joint_optimization/seed_88/compactness_validation.json,1540,ecf302e695b0febeb0de7234f912c8e6bef3efa6a863a462ed00c5c0802a8751
v2_ablations/streamspot/minus_joint_optimization/seed_88/config_resolved.json,6175,c073ae5b129bec3a044fbee2a4969a0ad84439ef86127c9d9997167fb9264c90
v2_ablations/streamspot/minus_joint_optimization/seed_88/dataset_manifest.json,504,08d6dd101f759675542323e4ec860ac49d00f0628719811815d1e416ab2cacf7
v2_ablations/streamspot/minus_joint_optimization/seed_88/edge_predictions.csv,19862,9839b6052d6d098183d057091766fbf33f6b8fc7adb44b044350d5b81556074e
v2_ablations/streamspot/minus_joint_optimization/seed_88/explanation_metrics.json,1323249,00bac950022cb087d131278e03dfc529ba7fdb3a16c939f74b8470a035ffbc03
v2_ablations/streamspot/minus_joint_optimization/seed_88/metrics.json,1092,000a523d015fe95632c9ed8d229abd93bc7764d711b6e03381caf97717f29ddc
v2_ablations/streamspot/minus_joint_optimization/seed_88/node_index.csv,120538,cf26725abfffb1abf4306ff0cc3a6f164bd2f80823ba0d9d512cfc2f2f257bc3
v2_ablations/streamspot/minus_joint_optimization/seed_88/node_predictions.csv,30663,62ac090549aaf254611653d1d375689b1fd702ed465b1e6629e11b00dc02f752
v2_ablations/streamspot/minus_joint_optimization/seed_88/robustness_metrics.json,977,ad2cc758dc8c3f99119f0ab7ca340cbf70c55e8b4995204919f003efc8191da9
v2_ablations/streamspot/minus_joint_optimization/seed_88/subgraph_predictions.csv,322,01721c442e361a136272f20051d423a1cde1cc489c89759536fc057c06490420
v2_ablations/streamspot/minus_joint_optimization/seed_88/training_history.csv,15334,4f4294ffa74abc04164d34a147788f5183cb87f87c59d6fddf8e3e4514d3ef8e
v2_ablations/streamspot/minus_joint_optimization/seed_99/campaign_index.csv,575,cc64c954fdbf0b3565d55fc2ac78a2a90b4d8d80101fd58e4223bed23a20c379
v2_ablations/streamspot/minus_joint_optimization/seed_99/checkpoint.pt,186229,276753e30ce87006751747dcc132aa4282eedb296b6015e2d5a2d9b1ed16af38
v2_ablations/streamspot/minus_joint_optimization/seed_99/compactness_validation.json,1630,8543c5ba0e006fd26a6c70c62bb1664d72bb286385fc84f070513ab8b07bb265
v2_ablations/streamspot/minus_joint_optimization/seed_99/config_resolved.json,6175,fba6e16d58a7d8ff1c41798db0c15df100ec4333e75c14ee2d5f0b1a7ed528c7
v2_ablations/streamspot/minus_joint_optimization/seed_99/dataset_manifest.json,504,08d6dd101f759675542323e4ec860ac49d00f0628719811815d1e416ab2cacf7
v2_ablations/streamspot/minus_joint_optimization/seed_99/edge_predictions.csv,19834,0af5611f22b31ec5893b47a2cd9ae1a62a3295b52235e3ce18465a3a1076ef1d
v2_ablations/streamspot/minus_joint_optimization/seed_99/explanation_metrics.json,1327754,4fcba168c0a8fcdb0f2916a0340f74fd94a4d512fafda64206c6fed3b4cefacc
v2_ablations/streamspot/minus_joint_optimization/seed_99/metrics.json,1077,2ebaa5a907955378644df71d2cca8f65a08561d55aacdd2f1e4e5c804e74aa7b
v2_ablations/streamspot/minus_joint_optimization/seed_99/node_index.csv,120538,cf26725abfffb1abf4306ff0cc3a6f164bd2f80823ba0d9d512cfc2f2f257bc3
v2_ablations/streamspot/minus_joint_optimization/seed_99/node_predictions.csv,30397,9fd0c5042f2d6799b5e2b0c78ee9fb893895b3f4a54b5425a9fdcd23329ef366
v2_ablations/streamspot/minus_joint_optimization/seed_99/robustness_metrics.json,1011,2c96be60b8bada547a69f069a183092eb04c05bda71f27e171b9e85ca413a48a
v2_ablations/streamspot/minus_joint_optimization/seed_99/subgraph_predictions.csv,318,0a9aed5afda88766b22226db073540df0e3db72711a50356d010f2606b6192ea
v2_ablations/streamspot/minus_joint_optimization/seed_99/training_history.csv,8254,2f80287851bbca681f655fcd3a44841920fa3a8877ee74c77c9843130b95441e
v2_ablations/streamspot/minus_prototype_learning/seed_11/campaign_index.csv,575,cc64c954fdbf0b3565d55fc2ac78a2a90b4d8d80101fd58e4223bed23a20c379
v2_ablations/streamspot/minus_prototype_learning/seed_11/checkpoint.pt,186229,f8ed18df784df44c20765540a6a48e3d00384418225f5471d3b9191f15fb2ede
v2_ablations/streamspot/minus_prototype_learning/seed_11/compactness_validation.json,1534,0009ef9616194fdb32ce8eb01a83c48ee47e3c8d640def4650a01c020b1d88ed
v2_ablations/streamspot/minus_prototype_learning/seed_11/config_resolved.json,6176,8f4f6e85294704846f4f0583620625c79d8d0d1c9d9f8761621fbb188e58e4b5
v2_ablations/streamspot/minus_prototype_learning/seed_11/dataset_manifest.json,504,08d6dd101f759675542323e4ec860ac49d00f0628719811815d1e416ab2cacf7
v2_ablations/streamspot/minus_prototype_learning/seed_11/edge_predictions.csv,19738,feb29cc8f11b9056f3c289d1ee060c162791dfb56c5b1bd4e82896cba74637d2
v2_ablations/streamspot/minus_prototype_learning/seed_11/explanation_metrics.json,1300217,d2c938ffcb3f32547d0d56c8767c3c62acf09ad56225734b649c05dc78d191c4
v2_ablations/streamspot/minus_prototype_learning/seed_11/metrics.json,1123,59b5c8ee8b75a491faf2ed69cd754cb3dc2455a295ede00955c26646ca5f2fd8
v2_ablations/streamspot/minus_prototype_learning/seed_11/node_index.csv,120538,cf26725abfffb1abf4306ff0cc3a6f164bd2f80823ba0d9d512cfc2f2f257bc3
v2_ablations/streamspot/minus_prototype_learning/seed_11/node_predictions.csv,30424,3726f28d5b522d7ff8100b8d44f45bfcd402a77d5d30ea02562e198815bde7cf
v2_ablations/streamspot/minus_prototype_learning/seed_11/robustness_metrics.json,1010,14deb8b32d9022c220ecc1d81dfcd5abdc044e3f5e41356f54bb7a56f5eba87b
v2_ablations/streamspot/minus_prototype_learning/seed_11/subgraph_predictions.csv,322,c794c149b54d05ca276993fdc6b6cfdb8611f281decdabd8ac9a6dbf25c567c8
v2_ablations/streamspot/minus_prototype_learning/seed_11/training_history.csv,13279,f08a8b0326bd34b87d8b4d09f4d406202539e05581b584c28b907b1aea1b34c6
v2_ablations/streamspot/minus_prototype_learning/seed_110/campaign_index.csv,575,cc64c954fdbf0b3565d55fc2ac78a2a90b4d8d80101fd58e4223bed23a20c379
v2_ablations/streamspot/minus_prototype_learning/seed_110/checkpoint.pt,186229,48892d2379134f58a03f4c59000316ac9b9d3779f670c5c2fb4a3d174a366b0a
v2_ablations/streamspot/minus_prototype_learning/seed_110/compactness_validation.json,1528,f909ac40df0621939174d64e52474cda129e83b5b9e8d8a7af92c6b93e22703a
v2_ablations/streamspot/minus_prototype_learning/seed_110/config_resolved.json,6176,69516725021953dd7c4f085f9e0b11e75732ffa15e047cea64dbdb53c63bb4e3
v2_ablations/streamspot/minus_prototype_learning/seed_110/dataset_manifest.json,504,08d6dd101f759675542323e4ec860ac49d00f0628719811815d1e416ab2cacf7
v2_ablations/streamspot/minus_prototype_learning/seed_110/edge_predictions.csv,19716,a34523b09ff8b2f5aa8c65c2ba76afa6a7b4ee67981f24b40353957204cc1a91
v2_ablations/streamspot/minus_prototype_learning/seed_110/explanation_metrics.json,1303785,8af3dde33f727ea233b5a500423da7dcf7f7ea5441fa2dcbfd55fb359f536ec5
v2_ablations/streamspot/minus_prototype_learning/seed_110/metrics.json,1093,6583fda78c0a03876bf9e69303d587f53f6f2c2815a09ce999c904eb85bc904a
v2_ablations/streamspot/minus_prototype_learning/seed_110/node_index.csv,120538,cf26725abfffb1abf4306ff0cc3a6f164bd2f80823ba0d9d512cfc2f2f257bc3
v2_ablations/streamspot/minus_prototype_learning/seed_110/node_predictions.csv,30568,39d227af8aab816de9e208d8732a8542956be05ec3f6b1c8a4e1f644231d7d27
v2_ablations/streamspot/minus_prototype_learning/seed_110/robustness_metrics.json,1009,8469d2e86f59879b4e3a94759eae4d96395f44ce9b24b9fb197c6e17606a688e
v2_ablations/streamspot/minus_prototype_learning/seed_110/subgraph_predictions.csv,322,809109d2d71d1c20baca71ea6e0c1bc9a41d4c4d8e10bd080804e152163a7fff
v2_ablations/streamspot/minus_prototype_learning/seed_110/training_history.csv,10401,53a7cc34e1f1402a16b39b1077c4df0f30f36156fe2e2360ab0509c54368bc4e
v2_ablations/streamspot/minus_prototype_learning/seed_22/campaign_index.csv,575,cc64c954fdbf0b3565d55fc2ac78a2a90b4d8d80101fd58e4223bed23a20c379
v2_ablations/streamspot/minus_prototype_learning/seed_22/checkpoint.pt,186229,6d52b3cc4692368b54ea307389f5d6970c21f6c9aa9ec564036d62817ea67ac4
v2_ablations/streamspot/minus_prototype_learning/seed_22/compactness_validation.json,1618,4600462ac42316611df760c99fc42c2dfca2a33b4f4f1fb67236448684ec0710
v2_ablations/streamspot/minus_prototype_learning/seed_22/config_resolved.json,6175,d05bc98818196711427810872bda0bd00ba4ed4beb878bcf4161bdd80fa79e87
v2_ablations/streamspot/minus_prototype_learning/seed_22/dataset_manifest.json,504,08d6dd101f759675542323e4ec860ac49d00f0628719811815d1e416ab2cacf7
v2_ablations/streamspot/minus_prototype_learning/seed_22/edge_predictions.csv,19832,024283ec61622e83d0f58d906431c9aced17cc9f520cf70e33b4f2633d441f92
v2_ablations/streamspot/minus_prototype_learning/seed_22/explanation_metrics.json,1306635,a477e15136076fe30a6125f96ac8821d04a7d988d2d116d4402f9544b7ee1c58
v2_ablations/streamspot/minus_prototype_learning/seed_22/metrics.json,1107,40163c6102c3944ea5b5c1905f3b4a4fecae48a34814f0d02edf63662dbdde35
v2_ablations/streamspot/minus_prototype_learning/seed_22/node_index.csv,120538,cf26725abfffb1abf4306ff0cc3a6f164bd2f80823ba0d9d512cfc2f2f257bc3
v2_ablations/streamspot/minus_prototype_learning/seed_22/node_predictions.csv,30778,deea159debbb0ecfb7e69f80567f9a3f98ba78bc039a94059e6bf8fc1555435f
v2_ablations/streamspot/minus_prototype_learning/seed_22/robustness_metrics.json,1026,8bf595b2f9480ee6755f2634f23ac7ac16f97091b2c555503d042b26bed6019f
v2_ablations/streamspot/minus_prototype_learning/seed_22/subgraph_predictions.csv,319,ddb640ebae43e9e4800bb9e45e51536059e6cbfb7698ebe510b026a38293271c
v2_ablations/streamspot/minus_prototype_learning/seed_22/training_history.csv,11817,19d805cc7154b98fdc328ba49db13b93af3c44f9ec030609831b05b6936fbecd
v2_ablations/streamspot/minus_prototype_learning/seed_33/campaign_index.csv,575,cc64c954fdbf0b3565d55fc2ac78a2a90b4d8d80101fd58e4223bed23a20c379
v2_ablations/streamspot/minus_prototype_learning/seed_33/checkpoint.pt,186229,3d748d519a882383b7b909c478b21a38ac283d76371d7435c3194a1b9ec75c71
v2_ablations/streamspot/minus_prototype_learning/seed_33/compactness_validation.json,1438,ef7ad8ec9c67f02af902557d446fd7db2867a2fdfeff958d9f9a35ab2d6cdd12
v2_ablations/streamspot/minus_prototype_learning/seed_33/config_resolved.json,6175,fe6dcaf6d7f7888f725bb4561573727886c6170234a75a844070201d837bb6b2
v2_ablations/streamspot/minus_prototype_learning/seed_33/dataset_manifest.json,504,08d6dd101f759675542323e4ec860ac49d00f0628719811815d1e416ab2cacf7
v2_ablations/streamspot/minus_prototype_learning/seed_33/edge_predictions.csv,19741,693cf75e59019573639f9475c83d71d74a916ce787c06673cfcbe08fb9dbbca0
v2_ablations/streamspot/minus_prototype_learning/seed_33/explanation_metrics.json,1269975,1e0d9e163933472982810f81c3c240256fe83bc58aa2b9f76e89c829dc59e9a5
v2_ablations/streamspot/minus_prototype_learning/seed_33/metrics.json,1119,a4c8b46808ca329d6dff6ae8e3e5764f2ae6747f72977a21e957b027722f51d1
v2_ablations/streamspot/minus_prototype_learning/seed_33/node_index.csv,120538,cf26725abfffb1abf4306ff0cc3a6f164bd2f80823ba0d9d512cfc2f2f257bc3
v2_ablations/streamspot/minus_prototype_learning/seed_33/node_predictions.csv,30624,114ed55ceb3d0de2230e3a5f65fa96174c7a60fbf0e12561e3daf2387aa1017b
v2_ablations/streamspot/minus_prototype_learning/seed_33/robustness_metrics.json,978,c993f3177d13349fc8586c95bacbc8486f05dd7e3ced33fc4929baa9901067bc
v2_ablations/streamspot/minus_prototype_learning/seed_33/subgraph_predictions.csv,317,37ae6e9dc8bf48c2ccbd6b8ad8d09af38313beae3eb2eb93e8151379316ea7e1
v2_ablations/streamspot/minus_prototype_learning/seed_33/training_history.csv,13967,45d2a86b7f8d064ca8fea5b7fed30e7d3469d6649c57bc53e1d4be8d8c92dcb9
v2_ablations/streamspot/minus_prototype_learning/seed_44/campaign_index.csv,575,cc64c954fdbf0b3565d55fc2ac78a2a90b4d8d80101fd58e4223bed23a20c379
v2_ablations/streamspot/minus_prototype_learning/seed_44/checkpoint.pt,186229,95744826118fc8ddfef10fc5c26ccabfd5df219e2298146b2e83dd0fe29e8f52
v2_ablations/streamspot/minus_prototype_learning/seed_44/compactness_validation.json,1636,62c4af5f6f796b3eb8cbacf1b6d9d2c64ebb18956aa138c28f6ba5f59bd876ce
v2_ablations/streamspot/minus_prototype_learning/seed_44/config_resolved.json,6176,51a7ae241b3ebfe66060fec4030f0a79978f8c42f343b9183f1e975a7d2cddba
v2_ablations/streamspot/minus_prototype_learning/seed_44/dataset_manifest.json,504,08d6dd101f759675542323e4ec860ac49d00f0628719811815d1e416ab2cacf7
v2_ablations/streamspot/minus_prototype_learning/seed_44/edge_predictions.csv,19732,b19222209540c2c3532de59c3fe6acaec2fc45fc79e70e51cd67c8b4b6e87d78
v2_ablations/streamspot/minus_prototype_learning/seed_44/explanation_metrics.json,1135944,e7b97342369cd8e57e743e3313c7ffb6eb4904d5eb390ae39c18cd2674aec2e5
v2_ablations/streamspot/minus_prototype_learning/seed_44/metrics.json,1108,0af98a3739c4efd75078070b8b1e2838c9a66a7b60ec8ff4965d0a4b6e4eadb5
v2_ablations/streamspot/minus_prototype_learning/seed_44/node_index.csv,120538,cf26725abfffb1abf4306ff0cc3a6f164bd2f80823ba0d9d512cfc2f2f257bc3
v2_ablations/streamspot/minus_prototype_learning/seed_44/node_predictions.csv,30520,91ab9e5cf00896015fba0c87599b0a16269a6e8a2c29175e7872886280ea88df
v2_ablations/streamspot/minus_prototype_learning/seed_44/robustness_metrics.json,1008,766c15f6e3d897825181c681d48073560d044bf47e84647d748245dba905fac5
v2_ablations/streamspot/minus_prototype_learning/seed_44/subgraph_predictions.csv,324,e8ae20afc9b8e495f90181b4dd2e7841537ba89758a6f25cfcc6fae4f03c1db8
v2_ablations/streamspot/minus_prototype_learning/seed_44/training_history.csv,11835,db3b057990d57dff85a94961a45a1d980f3ffc4688a9a63c1658303d63713d4c
v2_ablations/streamspot/minus_prototype_learning/seed_55/campaign_index.csv,575,cc64c954fdbf0b3565d55fc2ac78a2a90b4d8d80101fd58e4223bed23a20c379
v2_ablations/streamspot/minus_prototype_learning/seed_55/checkpoint.pt,186229,b999b7374420cbf322513718a549f3c9961ac62850d9caba4c1f57efbfad7add
v2_ablations/streamspot/minus_prototype_learning/seed_55/compactness_validation.json,1624,0820565d886b0e3e0c4947fed3c1b7d2967afee7d74b0572baf2242dc7d8a2f6
v2_ablations/streamspot/minus_prototype_learning/seed_55/config_resolved.json,6176,128f2365dff50a60a8de047f5cbfc66e5758c8b6669c40aaeba37469833fcee5
v2_ablations/streamspot/minus_prototype_learning/seed_55/dataset_manifest.json,504,08d6dd101f759675542323e4ec860ac49d00f0628719811815d1e416ab2cacf7
v2_ablations/streamspot/minus_prototype_learning/seed_55/edge_predictions.csv,19779,ed8db046fcaec58ac673d3e566da022949a79a0eb4c636c0a1b24ce433a0bd2c
v2_ablations/streamspot/minus_prototype_learning/seed_55/explanation_metrics.json,1322444,035fb20b2ea88504558c9ce4ed19efe7db3baa963bbdb7f885bd389bfa1936e7
v2_ablations/streamspot/minus_prototype_learning/seed_55/metrics.json,1050,c74154cf06fd9a38f86e08d4b406507fb1bab05d3821c9ed1c3181a264d2a419
v2_ablations/streamspot/minus_prototype_learning/seed_55/node_index.csv,120538,cf26725abfffb1abf4306ff0cc3a6f164bd2f80823ba0d9d512cfc2f2f257bc3
v2_ablations/streamspot/minus_prototype_learning/seed_55/node_predictions.csv,30524,4ab92d2501941ed78f4c5f982586f85f19b862d663e3d9754f409151d88b5792
v2_ablations/streamspot/minus_prototype_learning/seed_55/robustness_metrics.json,1011,587ae021561bb54607dee926a9c3b13938ec1d83fd453bba883e1fdb8fe3178a
v2_ablations/streamspot/minus_prototype_learning/seed_55/subgraph_predictions.csv,323,ab65119c68a0b2d8876c720e96a14b560129dc40e4e8620a1acb40366acf2692
v2_ablations/streamspot/minus_prototype_learning/seed_55/training_history.csv,12527,aa748134f919f3df8643f67bc0617edfc19662a91e50cd0387d493dfe8f9a63a
v2_ablations/streamspot/minus_prototype_learning/seed_66/campaign_index.csv,575,cc64c954fdbf0b3565d55fc2ac78a2a90b4d8d80101fd58e4223bed23a20c379
v2_ablations/streamspot/minus_prototype_learning/seed_66/checkpoint.pt,186229,29791d8884ac896a7416b5110627e7439db74191a709b935fc968778b2e49a93
v2_ablations/streamspot/minus_prototype_learning/seed_66/compactness_validation.json,1552,b4c77d9d773ca1f1060295779292e44f9b4d3cc5ee762017cedcb5185ad3dece
v2_ablations/streamspot/minus_prototype_learning/seed_66/config_resolved.json,6176,7abb8d2d7667912fac493df25a7def1b8f0aaae100bbf6be1ed19bfe9ee2a6a8
v2_ablations/streamspot/minus_prototype_learning/seed_66/dataset_manifest.json,504,08d6dd101f759675542323e4ec860ac49d00f0628719811815d1e416ab2cacf7
v2_ablations/streamspot/minus_prototype_learning/seed_66/edge_predictions.csv,19898,cbb1324a3b76082db93c56d8e0eb061d5457937a3df3ea775fc3109d843afe7d
v2_ablations/streamspot/minus_prototype_learning/seed_66/explanation_metrics.json,1240255,967421c96fb5a9825d397a697f3014bbef4acd4657b3bac631298ce746b6295c
v2_ablations/streamspot/minus_prototype_learning/seed_66/metrics.json,1147,e995d01c95286be44f47eeed694424b66f30fae6fa8010d692742be58061dd20
v2_ablations/streamspot/minus_prototype_learning/seed_66/node_index.csv,120538,cf26725abfffb1abf4306ff0cc3a6f164bd2f80823ba0d9d512cfc2f2f257bc3
v2_ablations/streamspot/minus_prototype_learning/seed_66/node_predictions.csv,30592,72b1a4b318e5d7a8fcb206efea8e4e995dcd0e2b1af886eae94f52d66bfaaca2
v2_ablations/streamspot/minus_prototype_learning/seed_66/robustness_metrics.json,978,b68365c84b2a38bc75adca0311a02fe6f662bcca9b3898130deac2e3a8b3b8ad
v2_ablations/streamspot/minus_prototype_learning/seed_66/subgraph_predictions.csv,325,6b93458b0da726e35e7030b96716c22dc3908dcb12f69f4149320a9540bd67d2
v2_ablations/streamspot/minus_prototype_learning/seed_66/training_history.csv,10752,54264d61b41a7bfdb2f8bf2fa1d2ece2e766f2e1904aa3fdd299ce882f5ee99d
v2_ablations/streamspot/minus_prototype_learning/seed_77/campaign_index.csv,575,cc64c954fdbf0b3565d55fc2ac78a2a90b4d8d80101fd58e4223bed23a20c379
v2_ablations/streamspot/minus_prototype_learning/seed_77/checkpoint.pt,186229,09296b741e54eca9a1dafcca59875acee74f418b8fab8742d149e7d0a2f12fef
v2_ablations/streamspot/minus_prototype_learning/seed_77/compactness_validation.json,1540,88084499f721cbe84436909ee5c8c02d58fb87361ea512a6a5715c690bf3b654
v2_ablations/streamspot/minus_prototype_learning/seed_77/config_resolved.json,6176,dd5750efe042345b891c242b460ea49d795e5ba3081170a2f72d3ee7e903c28c
v2_ablations/streamspot/minus_prototype_learning/seed_77/dataset_manifest.json,504,08d6dd101f759675542323e4ec860ac49d00f0628719811815d1e416ab2cacf7
v2_ablations/streamspot/minus_prototype_learning/seed_77/edge_predictions.csv,19736,2baf24baad11ede7dfb61db8d0c9cdf73d673cae8cd58178b6ab2fe9300710eb
v2_ablations/streamspot/minus_prototype_learning/seed_77/explanation_metrics.json,1329359,306efcf67cd81da022bed4a92d299012d298a12b496be7135c2027bf974d199d
v2_ablations/streamspot/minus_prototype_learning/seed_77/metrics.json,1079,ac7cee1eb5ef922ae3f56294b23d0fcd424574712c2c1960d439ce5e61fa350a
v2_ablations/streamspot/minus_prototype_learning/seed_77/node_index.csv,120538,cf26725abfffb1abf4306ff0cc3a6f164bd2f80823ba0d9d512cfc2f2f257bc3
v2_ablations/streamspot/minus_prototype_learning/seed_77/node_predictions.csv,30763,779e22ae7613ba242483a2190abf18cc63814874a4c0f6331f855a93de25539d
v2_ablations/streamspot/minus_prototype_learning/seed_77/robustness_metrics.json,1011,ff124d6cf3b77519bd31c782a3484828741e335c76c25837236ad2edb3de1e63
v2_ablations/streamspot/minus_prototype_learning/seed_77/subgraph_predictions.csv,321,667baba52409deeb22ea4ace52ef8672119bd5c038bc23d8d223eb69e40ced4d
v2_ablations/streamspot/minus_prototype_learning/seed_77/training_history.csv,10728,4527bdab1dc2b3c56779f36c885b67a717eb4bf8ab72455e3bf35cfb4628a594
v2_ablations/streamspot/minus_prototype_learning/seed_88/campaign_index.csv,575,cc64c954fdbf0b3565d55fc2ac78a2a90b4d8d80101fd58e4223bed23a20c379
v2_ablations/streamspot/minus_prototype_learning/seed_88/checkpoint.pt,186229,d6a5e0d8a7dd9ab4763e97024c96f4d753275cd92a1a1371be937afd3a2da175
v2_ablations/streamspot/minus_prototype_learning/seed_88/compactness_validation.json,1630,1fce25738f82af797644c44b6c099b0fca2a46797f646284574278e3a9e4df83
v2_ablations/streamspot/minus_prototype_learning/seed_88/config_resolved.json,6176,6185ad795db23cdc4e55475530591f7bd5996634896b37e50e6656888c60f091
v2_ablations/streamspot/minus_prototype_learning/seed_88/dataset_manifest.json,504,08d6dd101f759675542323e4ec860ac49d00f0628719811815d1e416ab2cacf7
v2_ablations/streamspot/minus_prototype_learning/seed_88/edge_predictions.csv,19751,e874fbbb771b4368a30f087b03581dd6571a7c0f5dc970d41149578fb3dd2acd
v2_ablations/streamspot/minus_prototype_learning/seed_88/explanation_metrics.json,1323206,07ff970872f366d9318d9b99ca01fa31467ce5f8419ab35b5a9c1f7267a18939
v2_ablations/streamspot/minus_prototype_learning/seed_88/metrics.json,1099,53c2f91dee950bcafa79b30f3c1d31047823b915151a3861c54d7531bad54c1d
v2_ablations/streamspot/minus_prototype_learning/seed_88/node_index.csv,120538,cf26725abfffb1abf4306ff0cc3a6f164bd2f80823ba0d9d512cfc2f2f257bc3
v2_ablations/streamspot/minus_prototype_learning/seed_88/node_predictions.csv,30658,d94a5434da84f73e76a5b92930808bcddbc4947324dd4a58c24c168ebafe8c31
v2_ablations/streamspot/minus_prototype_learning/seed_88/robustness_metrics.json,977,ad2cc758dc8c3f99119f0ab7ca340cbf70c55e8b4995204919f003efc8191da9
v2_ablations/streamspot/minus_prototype_learning/seed_88/subgraph_predictions.csv,317,2f2b188a870fc4ee9e7f76082917cba7b4425818afb66f0b8456c7cea257927e
v2_ablations/streamspot/minus_prototype_learning/seed_88/training_history.csv,15370,c0d364cb26591167eff0355709599c7fbd35d52125f8df4cb0767d98af864ac0
v2_ablations/streamspot/minus_prototype_learning/seed_99/campaign_index.csv,575,cc64c954fdbf0b3565d55fc2ac78a2a90b4d8d80101fd58e4223bed23a20c379
v2_ablations/streamspot/minus_prototype_learning/seed_99/checkpoint.pt,186229,0cd80742ed7fcbbfbd1a10e05350edfe7900df9d5ae5c688ac820ef50b2b36bc
v2_ablations/streamspot/minus_prototype_learning/seed_99/compactness_validation.json,1540,d7d74b45f06ad3af8249228134154d40f7993dbe660a2b467bdce63a26e9a467
v2_ablations/streamspot/minus_prototype_learning/seed_99/config_resolved.json,6176,431af725772c8d0daa1d2be3968a809318256d15bd04955893ae966018b7538b
v2_ablations/streamspot/minus_prototype_learning/seed_99/dataset_manifest.json,504,08d6dd101f759675542323e4ec860ac49d00f0628719811815d1e416ab2cacf7
v2_ablations/streamspot/minus_prototype_learning/seed_99/edge_predictions.csv,19749,cae05f68a83264dacf07004a767c6e7f55589c23a1b12036b2102d2eda2c4791
v2_ablations/streamspot/minus_prototype_learning/seed_99/explanation_metrics.json,1327056,192c4337912d4f8508e03369bf829956cbdbaf8ad7c66ebbaf3b0c6d814ec2ef
v2_ablations/streamspot/minus_prototype_learning/seed_99/metrics.json,1061,13c6e0ee3699d74e858d10da0152f40509ca0d7a510ab23f27857aeb7b87c662
v2_ablations/streamspot/minus_prototype_learning/seed_99/node_index.csv,120538,cf26725abfffb1abf4306ff0cc3a6f164bd2f80823ba0d9d512cfc2f2f257bc3
v2_ablations/streamspot/minus_prototype_learning/seed_99/node_predictions.csv,30496,06691c8bed5afba805ceeb7bde83f5be6e55edf7789fde274d0f58f8236ef5f9
v2_ablations/streamspot/minus_prototype_learning/seed_99/robustness_metrics.json,1011,9bd63242de9ff6a7a0cfd510d00e581667143e71084a689ff3a84cda7f943437
v2_ablations/streamspot/minus_prototype_learning/seed_99/subgraph_predictions.csv,319,13d0553f145334e71d36926d3da9f8e07b946a641701119753b0f32719926822
v2_ablations/streamspot/minus_prototype_learning/seed_99/training_history.csv,9667,435bc9d20b3ed715be73d35255e04b42605c597a7865bfc6370115838e4c6acd
v2_ablations/streamspot/minus_temporal_attention/seed_11/campaign_index.csv,575,cc64c954fdbf0b3565d55fc2ac78a2a90b4d8d80101fd58e4223bed23a20c379
v2_ablations/streamspot/minus_temporal_attention/seed_11/checkpoint.pt,186229,4c20d69bef2a6cb131f145cde69b080f0d87e8985b4a76fc7c12f738d34fc5c5
v2_ablations/streamspot/minus_temporal_attention/seed_11/compactness_validation.json,1540,5d96056d3a8a7d3ce89dd7f630bbf8d5af88653fa9892ecfcd661eae880c8231
v2_ablations/streamspot/minus_temporal_attention/seed_11/config_resolved.json,6176,b399aad5d083ff544b7749e079a2f671bbd59c6276d94c7a47cda8205008c7e8
v2_ablations/streamspot/minus_temporal_attention/seed_11/dataset_manifest.json,504,08d6dd101f759675542323e4ec860ac49d00f0628719811815d1e416ab2cacf7
v2_ablations/streamspot/minus_temporal_attention/seed_11/edge_predictions.csv,19816,e47bcbc44dd9caaa6c412ccfed9b631f07349c444df6ac42abc5a01af3511825
v2_ablations/streamspot/minus_temporal_attention/seed_11/explanation_metrics.json,1302723,5c507fa57cd73fbccbcb5dcafe9a896cb30f3504421cdc5f7c59e7ece4ae8ea4
v2_ablations/streamspot/minus_temporal_attention/seed_11/metrics.json,1077,943f10e56763cd5dbe1bab91948530d746758612451401281f1f15905acbc05c
v2_ablations/streamspot/minus_temporal_attention/seed_11/node_index.csv,120538,cf26725abfffb1abf4306ff0cc3a6f164bd2f80823ba0d9d512cfc2f2f257bc3
v2_ablations/streamspot/minus_temporal_attention/seed_11/node_predictions.csv,30448,c787010b2b5283987d579893230229cd5e376a0ad39812b77351f783748bc8cf
v2_ablations/streamspot/minus_temporal_attention/seed_11/robustness_metrics.json,1012,81fb6f1700d934020616f797f3728b165f8dd3eecbca0d49f2742265f763f938
v2_ablations/streamspot/minus_temporal_attention/seed_11/subgraph_predictions.csv,322,156614e747c1e8104bc715ef3aad8dcb60298fc9b0f288516cb0fbea2c68599b
v2_ablations/streamspot/minus_temporal_attention/seed_11/training_history.csv,5847,8cc24a9eca0496062f7938f5922ff7697de79005b57d48bb5d8fff142ea38c94
v2_ablations/streamspot/minus_temporal_attention/seed_110/campaign_index.csv,575,cc64c954fdbf0b3565d55fc2ac78a2a90b4d8d80101fd58e4223bed23a20c379
v2_ablations/streamspot/minus_temporal_attention/seed_110/checkpoint.pt,186229,cc60d392e7a338c99c6c1ad443ba2190f92cb027a863460ce30b6d9041d3e8b8
v2_ablations/streamspot/minus_temporal_attention/seed_110/compactness_validation.json,1534,883872f708f134ba9ff3120f9d3665004161c1ebf1ab2e724114d77f6da2eb57
v2_ablations/streamspot/minus_temporal_attention/seed_110/config_resolved.json,6176,6af4c70ed8375a36d4e4519c5bb34249bc409c32334e418c539db721ed72bc24
v2_ablations/streamspot/minus_temporal_attention/seed_110/dataset_manifest.json,504,08d6dd101f759675542323e4ec860ac49d00f0628719811815d1e416ab2cacf7
v2_ablations/streamspot/minus_temporal_attention/seed_110/edge_predictions.csv,19729,e8afb0bc630e6ca3a35dc0c13892ad33e7a59530bf91bd626c07740af52f467c
v2_ablations/streamspot/minus_temporal_attention/seed_110/explanation_metrics.json,1304335,04a39ea3ade1081210ad66d6bf7a73cc9d13ac93965cb08bf3a630feb6e9b6fd
v2_ablations/streamspot/minus_temporal_attention/seed_110/metrics.json,1107,5a54bd4487d167533096d05334d80cc9de7140e23721a5027b2d299cd908a6af
v2_ablations/streamspot/minus_temporal_attention/seed_110/node_index.csv,120538,cf26725abfffb1abf4306ff0cc3a6f164bd2f80823ba0d9d512cfc2f2f257bc3
v2_ablations/streamspot/minus_temporal_attention/seed_110/node_predictions.csv,30615,9d36cf469f6c3f3acf97bfcb839cdf5070bd58f48eada0c3cfbbe377bfada092
v2_ablations/streamspot/minus_temporal_attention/seed_110/robustness_metrics.json,1011,dc0d191d749db3d1191895ffa22abcceacc315fedd0748a219f379b5b1419fc2
v2_ablations/streamspot/minus_temporal_attention/seed_110/subgraph_predictions.csv,324,8531f3087b90b151f7eddc3d1bfc6df1110f9e9f973c2d9e48e07b02f77b571f
v2_ablations/streamspot/minus_temporal_attention/seed_110/training_history.csv,9364,0bfd3457f2e94aad7f355d4569943ddf134ea6f1c3ddd00fa02dd9413645ec94
v2_ablations/streamspot/minus_temporal_attention/seed_22/campaign_index.csv,575,cc64c954fdbf0b3565d55fc2ac78a2a90b4d8d80101fd58e4223bed23a20c379
v2_ablations/streamspot/minus_temporal_attention/seed_22/checkpoint.pt,186229,c52e11a5b3ab211f0b909dec5c91407783131973c2e6c84acc50613d36b4c4a1
v2_ablations/streamspot/minus_temporal_attention/seed_22/compactness_validation.json,1630,1cd83a93cd47bf795e9df82f5f42e34f2521a21454990a5da5dbaac16f8b04a4
v2_ablations/streamspot/minus_temporal_attention/seed_22/config_resolved.json,6175,146c9d1834b4ddf7daf085738040b32c11189ab57a1a34550693e8054b4a5927
v2_ablations/streamspot/minus_temporal_attention/seed_22/dataset_manifest.json,504,08d6dd101f759675542323e4ec860ac49d00f0628719811815d1e416ab2cacf7
v2_ablations/streamspot/minus_temporal_attention/seed_22/edge_predictions.csv,19861,08dcb85a106b02fd877d32ddadf6be1c5ee5d9fbe5d214ccb66323d91b41d005
v2_ablations/streamspot/minus_temporal_attention/seed_22/explanation_metrics.json,1315299,42c0b68c7e87ea5b065a64979a8654ddf4ac4052056e9f9675f2a5d6341adebb
v2_ablations/streamspot/minus_temporal_attention/seed_22/metrics.json,1104,5583623d133f840ce0ada7827b1828562578d584b40ac4147ea08122a3f5883c
v2_ablations/streamspot/minus_temporal_attention/seed_22/node_index.csv,120538,cf26725abfffb1abf4306ff0cc3a6f164bd2f80823ba0d9d512cfc2f2f257bc3
v2_ablations/streamspot/minus_temporal_attention/seed_22/node_predictions.csv,31088,544bf056647c915be5252c87a3b3098710d51c7fa8cbceb107398e7b2a432479
v2_ablations/streamspot/minus_temporal_attention/seed_22/robustness_metrics.json,1012,7acbae2a8462326f15c2cf96d3f29d575f1bad8b1832812acc104fdbb92f05e6
v2_ablations/streamspot/minus_temporal_attention/seed_22/subgraph_predictions.csv,327,6001cbf61322ca0e5e8ce01101e04208ba827057161ea5c8a6322c93045018b2
v2_ablations/streamspot/minus_temporal_attention/seed_22/training_history.csv,10635,2ee470c51d1333ae461bc3fa9585d817bf1998fbfd3e478c1ac7095ef6bd0773
v2_ablations/streamspot/minus_temporal_attention/seed_33/campaign_index.csv,575,cc64c954fdbf0b3565d55fc2ac78a2a90b4d8d80101fd58e4223bed23a20c379
v2_ablations/streamspot/minus_temporal_attention/seed_33/checkpoint.pt,186229,05662b31df0b95da6a555609f16f286baf16df1b3871618e58b135599bc0fb58
v2_ablations/streamspot/minus_temporal_attention/seed_33/compactness_validation.json,1528,b42de947fca912961f0f14897f75f7da9fe0a13a005fd1f2ab5e284624435b0d
v2_ablations/streamspot/minus_temporal_attention/seed_33/config_resolved.json,6176,0edef01b261c7b025a69e30bce823fff9e1f6ab08dde7a7fbbc6badb87f7fa73
v2_ablations/streamspot/minus_temporal_attention/seed_33/dataset_manifest.json,504,08d6dd101f759675542323e4ec860ac49d00f0628719811815d1e416ab2cacf7
v2_ablations/streamspot/minus_temporal_attention/seed_33/edge_predictions.csv,19719,7bcba883f8d751cf3b645d2dce93de8b1a746f6229fcf26204182d7ad2b06353
v2_ablations/streamspot/minus_temporal_attention/seed_33/explanation_metrics.json,1314005,ae4d69a4deb4d1c0a9393fba7ef323aa24b3a6308edc1fdaf9e728441407cc17
v2_ablations/streamspot/minus_temporal_attention/seed_33/metrics.json,1135,7629c866f74f031520db776f9322b93e597812a65e2d5d8c70c1ffd804b71baf
v2_ablations/streamspot/minus_temporal_attention/seed_33/node_index.csv,120538,cf26725abfffb1abf4306ff0cc3a6f164bd2f80823ba0d9d512cfc2f2f257bc3
v2_ablations/streamspot/minus_temporal_attention/seed_33/node_predictions.csv,30564,b2c107c2b0c84bbcc0726d20abe8f0a1f5ab6cf2aa1aca27b34f8f6a9e0cebc9
v2_ablations/streamspot/minus_temporal_attention/seed_33/robustness_metrics.json,977,6bf064a6a238cccf89067bade8af850f7d67b20aad2718e962a7725c6b972f20
v2_ablations/streamspot/minus_temporal_attention/seed_33/subgraph_predictions.csv,321,464680b353347ce5a0134f4506e810133d3396bf09185ed3ab1dfe62b8af8844
v2_ablations/streamspot/minus_temporal_attention/seed_33/training_history.csv,12581,d0c35ad25eff21fbad1f36ec61b8520b9afa56f64a88459e1b175ee6fbf26b5a
v2_ablations/streamspot/minus_temporal_attention/seed_44/campaign_index.csv,575,cc64c954fdbf0b3565d55fc2ac78a2a90b4d8d80101fd58e4223bed23a20c379
v2_ablations/streamspot/minus_temporal_attention/seed_44/checkpoint.pt,186229,9df90210381601ab42fb301b86193ffb9e0354816fbf4598759cf0fbe6208495
v2_ablations/streamspot/minus_temporal_attention/seed_44/compactness_validation.json,1618,ee2d72241a2647e1deeb507878b6f387e56b532098a9aac8f51e9811e442e900
v2_ablations/streamspot/minus_temporal_attention/seed_44/config_resolved.json,6176,0af4ebb62e166c1cd52f23c345acd58d74c7e64af0027444784c58157fe1c327
v2_ablations/streamspot/minus_temporal_attention/seed_44/dataset_manifest.json,504,08d6dd101f759675542323e4ec860ac49d00f0628719811815d1e416ab2cacf7
v2_ablations/streamspot/minus_temporal_attention/seed_44/edge_predictions.csv,19710,33c7983026cbc99f6eca1dc3ffc40396d2a3775a4622763cd6a8a39b4c0c5ffa
v2_ablations/streamspot/minus_temporal_attention/seed_44/explanation_metrics.json,919717,7375a61c2a3705d29490905bcdaa5fb12e17eda4bda8780b5a578ff99cf00ce8
v2_ablations/streamspot/minus_temporal_attention/seed_44/metrics.json,1108,b0ebdc5af4bcfed6f815f7ab17be4d31f68c0adf9354103189f149d04cdbabde
v2_ablations/streamspot/minus_temporal_attention/seed_44/node_index.csv,120538,cf26725abfffb1abf4306ff0cc3a6f164bd2f80823ba0d9d512cfc2f2f257bc3
v2_ablations/streamspot/minus_temporal_attention/seed_44/node_predictions.csv,30465,c54aadfae525cf68adf58c04fffb0e7ee26aea14bdb15b7c6eefb451ac843dd8
v2_ablations/streamspot/minus_temporal_attention/seed_44/robustness_metrics.json,1010,6cb0923f07f3e55b93f544c8e29d6c05c68549203cd051d824b424de2a79f4f9
v2_ablations/streamspot/minus_temporal_attention/seed_44/subgraph_predictions.csv,324,fbefb8123847479abbb5a6cb5117b97b2d8670826754e3aa62ec26d8936611a2
v2_ablations/streamspot/minus_temporal_attention/seed_44/training_history.csv,10004,5cd398acea913b923a3fccbaa84553ea504316e3073881a8052f1f582d02c0f0
v2_ablations/streamspot/minus_temporal_attention/seed_55/campaign_index.csv,575,cc64c954fdbf0b3565d55fc2ac78a2a90b4d8d80101fd58e4223bed23a20c379
v2_ablations/streamspot/minus_temporal_attention/seed_55/checkpoint.pt,186229,7d6d487763959c4af13c8b71ae933a5389ff17fc75da4e4585fa892e7cf157e4
v2_ablations/streamspot/minus_temporal_attention/seed_55/compactness_validation.json,1540,110320354cd638e55926628164cfbff34bfad95d17fc4796ecce1781b43b25c7
v2_ablations/streamspot/minus_temporal_attention/seed_55/config_resolved.json,6175,1b1eb491451a8436a3c553fe06e5e74d6cacd1d39ccdc5eb5ea93ad24731efe8
v2_ablations/streamspot/minus_temporal_attention/seed_55/dataset_manifest.json,504,08d6dd101f759675542323e4ec860ac49d00f0628719811815d1e416ab2cacf7
v2_ablations/streamspot/minus_temporal_attention/seed_55/edge_predictions.csv,19900,2d88e8853b64f3eaeb1105697b09a3a7fb55d065a641fb5f47e943f978f043cd
v2_ablations/streamspot/minus_temporal_attention/seed_55/explanation_metrics.json,1327320,145f0bccaba208915cc29ef20d9dee6e21da7c40a08cefaf93a8435dcea26d80
v2_ablations/streamspot/minus_temporal_attention/seed_55/metrics.json,1057,f30b0c66f41b3c53ab1e230b000090578662a53645a0f9b1646458b277408f49
v2_ablations/streamspot/minus_temporal_attention/seed_55/node_index.csv,120538,cf26725abfffb1abf4306ff0cc3a6f164bd2f80823ba0d9d512cfc2f2f257bc3
v2_ablations/streamspot/minus_temporal_attention/seed_55/node_predictions.csv,30483,3972659ae063aeb147804909067bbddac94bc619c0280ae6bc3a11c14f778f06
v2_ablations/streamspot/minus_temporal_attention/seed_55/robustness_metrics.json,1011,b3f1b66f0e9ba264d8b5d3ff34d4dc224deab10a6f1b83742812f44eae59a5e1
v2_ablations/streamspot/minus_temporal_attention/seed_55/subgraph_predictions.csv,325,6dcb55d0044653dfd79af3c9ccef3b7ed15f2a7a45d5879b1453f0e35798f5a0
v2_ablations/streamspot/minus_temporal_attention/seed_55/training_history.csv,7763,d70ba55f725240280818a1f2aa4d618de4262ff2aa15453a5e94623f6a92f3a9
v2_ablations/streamspot/minus_temporal_attention/seed_66/campaign_index.csv,575,cc64c954fdbf0b3565d55fc2ac78a2a90b4d8d80101fd58e4223bed23a20c379
v2_ablations/streamspot/minus_temporal_attention/seed_66/checkpoint.pt,186229,8b31d06bb49822ef9f6a54eec760bbb55a21f90eb143824ff2031673f4a4cf2d
v2_ablations/streamspot/minus_temporal_attention/seed_66/compactness_validation.json,1432,a7fc0c1309fe0539430099f25eb9bc3061f28418020dac7510a043952f626e90
v2_ablations/streamspot/minus_temporal_attention/seed_66/config_resolved.json,6175,6dea690d512eb02e90563f5df995f16fd6394b722bd1c27fa268d299df9b7254
v2_ablations/streamspot/minus_temporal_attention/seed_66/dataset_manifest.json,504,08d6dd101f759675542323e4ec860ac49d00f0628719811815d1e416ab2cacf7
v2_ablations/streamspot/minus_temporal_attention/seed_66/edge_predictions.csv,19885,a1594eaa1947c00a070d32211833637ef2dc781e0b4e8afb7ae33430f36ab415
v2_ablations/streamspot/minus_temporal_attention/seed_66/explanation_metrics.json,1335927,27eee28bdfd5289763e3bf6d37af30ce9ac3865c164ccf9e9fc70f82dfb57f13
v2_ablations/streamspot/minus_temporal_attention/seed_66/metrics.json,1115,f5004eabb04d0a9158eacea3e7f88b938a95c859dd6e23c099539be1597b3af7
v2_ablations/streamspot/minus_temporal_attention/seed_66/node_index.csv,120538,cf26725abfffb1abf4306ff0cc3a6f164bd2f80823ba0d9d512cfc2f2f257bc3
v2_ablations/streamspot/minus_temporal_attention/seed_66/node_predictions.csv,30587,24299066dd5dbfaa840faec258609b2d20c4081f32a1ad3fe1dad95c53458561
v2_ablations/streamspot/minus_temporal_attention/seed_66/robustness_metrics.json,977,1d196151d6ec7d7cbd22d62106c1b35cc2a73b98dcde3e1fe812e16e5e9cde72
v2_ablations/streamspot/minus_temporal_attention/seed_66/subgraph_predictions.csv,323,6f58cfb3ace5d656a5099b90e0fea8ef33acd472d5b834d0bf66aed51f8fa47d
v2_ablations/streamspot/minus_temporal_attention/seed_66/training_history.csv,9673,185fcc4c88282706bf9d9984a20ff3c6e7857ce69af615aadbebdc6a7bf1e7f1
v2_ablations/streamspot/minus_temporal_attention/seed_77/campaign_index.csv,575,cc64c954fdbf0b3565d55fc2ac78a2a90b4d8d80101fd58e4223bed23a20c379
v2_ablations/streamspot/minus_temporal_attention/seed_77/checkpoint.pt,186229,f9c71b9685a744e4158cea0a44f83c4a827eb15e08a785c0ae5df6813839e667
v2_ablations/streamspot/minus_temporal_attention/seed_77/compactness_validation.json,1528,10361db1b34d5bfd18b9821cfbcdeb68678221b963a37240c7b508955d9183d9
v2_ablations/streamspot/minus_temporal_attention/seed_77/config_resolved.json,6176,64b691acf362670c71f06d9d63deba8a3026f6eecc4156faec908e187cd15c79
v2_ablations/streamspot/minus_temporal_attention/seed_77/dataset_manifest.json,504,08d6dd101f759675542323e4ec860ac49d00f0628719811815d1e416ab2cacf7
v2_ablations/streamspot/minus_temporal_attention/seed_77/edge_predictions.csv,19737,5a023c7cc536fcc04dd3110bdb93ee892f641f1c0e00cac2d96a74929402f551
v2_ablations/streamspot/minus_temporal_attention/seed_77/explanation_metrics.json,1330515,2b8337fdd11ac6aa80036a353a0a0e6f712b28e9c185013c99437471c339bb1e
v2_ablations/streamspot/minus_temporal_attention/seed_77/metrics.json,1079,3407d8fe3d5ccd22c566362c44e59884b6ba9550d67b70dd0cd0417b9c914299
v2_ablations/streamspot/minus_temporal_attention/seed_77/node_index.csv,120538,cf26725abfffb1abf4306ff0cc3a6f164bd2f80823ba0d9d512cfc2f2f257bc3
v2_ablations/streamspot/minus_temporal_attention/seed_77/node_predictions.csv,30964,9dd059364cfbc01051af28d10b7cad18817491e3abf1a6e793e8815af0a5a51d
v2_ablations/streamspot/minus_temporal_attention/seed_77/robustness_metrics.json,1011,b41cf4777607991924c20e78bc5cf4f2d3490c661db72c056b93049a4fc06a94
v2_ablations/streamspot/minus_temporal_attention/seed_77/subgraph_predictions.csv,321,e2e67f6acb068f636097b381cb099a37cca1c3d60271c54a909ccada5e913408
v2_ablations/streamspot/minus_temporal_attention/seed_77/training_history.csv,8065,c51bf73a16b6dec3b081a7951e69a9cd2fbb0d91269e4bfdd75f5a1f2becfc29
v2_ablations/streamspot/minus_temporal_attention/seed_88/campaign_index.csv,575,cc64c954fdbf0b3565d55fc2ac78a2a90b4d8d80101fd58e4223bed23a20c379
v2_ablations/streamspot/minus_temporal_attention/seed_88/checkpoint.pt,186229,bead6f8b5553d02188cd5df15c55f076af0a71fcffbc09cf996c8680011206b8
v2_ablations/streamspot/minus_temporal_attention/seed_88/compactness_validation.json,1534,002c16545dc56a839eb5f9a0056a3d1303333d7d5eda472dd69eaf501c0a3d19
v2_ablations/streamspot/minus_temporal_attention/seed_88/config_resolved.json,6176,c3fe660e74ae5b6794d46c17ddc1776e8ba3967c7a480f7b30b23e74d635c85d
v2_ablations/streamspot/minus_temporal_attention/seed_88/dataset_manifest.json,504,08d6dd101f759675542323e4ec860ac49d00f0628719811815d1e416ab2cacf7
v2_ablations/streamspot/minus_temporal_attention/seed_88/edge_predictions.csv,19748,9d50354adcefc2693b77b3de4534e284c6558d09f60a6fd8b9d0d619cb598990
v2_ablations/streamspot/minus_temporal_attention/seed_88/explanation_metrics.json,1319123,537b9b63011dd1989d00592b8b04d1f5844988c18f15e9b3bec06a3d3c84d9ad
v2_ablations/streamspot/minus_temporal_attention/seed_88/metrics.json,1111,dd6a0953514f84e9eef8dbe0e6bd84639e9ae4e4b2fd5be6432579c74876f3c4
v2_ablations/streamspot/minus_temporal_attention/seed_88/node_index.csv,120538,cf26725abfffb1abf4306ff0cc3a6f164bd2f80823ba0d9d512cfc2f2f257bc3
v2_ablations/streamspot/minus_temporal_attention/seed_88/node_predictions.csv,30622,11e984f7fde0dbd297b85e9adeeca5e2e110c3dd2d92412f131076f69a5a64a3
v2_ablations/streamspot/minus_temporal_attention/seed_88/robustness_metrics.json,1012,a893579ee288661a11c1ae99fb3f7ffcaa27b557788d25b5db02121fd2163e9a
v2_ablations/streamspot/minus_temporal_attention/seed_88/subgraph_predictions.csv,323,1b4482a39dc8d84649cc2d9dc823ccaa7e5c8a2740ae675bef701ac0bb972076
v2_ablations/streamspot/minus_temporal_attention/seed_88/training_history.csv,13839,2ca728d51d0fc33dc413e4ac1bf685382c6d8073cfe03add0bcfc7dae36500ce
v2_ablations/streamspot/minus_temporal_attention/seed_99/campaign_index.csv,575,cc64c954fdbf0b3565d55fc2ac78a2a90b4d8d80101fd58e4223bed23a20c379
v2_ablations/streamspot/minus_temporal_attention/seed_99/checkpoint.pt,186229,efd3f434cb3ec0b0e818e0a0892a9279aaccb5a29093d0e80988eb06785fea1d
v2_ablations/streamspot/minus_temporal_attention/seed_99/compactness_validation.json,1546,e63250f8702d83247b010797b7bc693a485567fe90ba83d4eafb4fa5676264de
v2_ablations/streamspot/minus_temporal_attention/seed_99/config_resolved.json,6176,8b869988913345bce7abd37d6e590366c898aef05b16d825afb8bf05d2a2554d
v2_ablations/streamspot/minus_temporal_attention/seed_99/dataset_manifest.json,504,08d6dd101f759675542323e4ec860ac49d00f0628719811815d1e416ab2cacf7
v2_ablations/streamspot/minus_temporal_attention/seed_99/edge_predictions.csv,19771,f4be3465ca6dc518bd9fd287580504726b39902ef1dd0eead689e5744198adae
v2_ablations/streamspot/minus_temporal_attention/seed_99/explanation_metrics.json,1327857,c840b4127d238e68e1c6adfb9d62fe144fab40e60c34453465e92b546303d8fa
v2_ablations/streamspot/minus_temporal_attention/seed_99/metrics.json,1073,2c9682ca810e9b2845c69ebed943a3777baf00960d3d139790c608359b47dd76
v2_ablations/streamspot/minus_temporal_attention/seed_99/node_index.csv,120538,cf26725abfffb1abf4306ff0cc3a6f164bd2f80823ba0d9d512cfc2f2f257bc3
v2_ablations/streamspot/minus_temporal_attention/seed_99/node_predictions.csv,30460,700a3204868656894927900ab6b1f864558401a561b5d738b093eda7a720db11
v2_ablations/streamspot/minus_temporal_attention/seed_99/robustness_metrics.json,1012,88e6c49c36f4b450c35d2a0ff8fc736fe280e66c86ded8e30b6fbcdea23a42f5
v2_ablations/streamspot/minus_temporal_attention/seed_99/subgraph_predictions.csv,316,5a1c3d72aa96cfe382f0b07a3e3f3003fd0fa0d71bed797c63c7e533266da05e
v2_ablations/streamspot/minus_temporal_attention/seed_99/training_history.csv,8069,a2a9ac7b9521e4a543cf2614f2a38313642fa21966f84a000e4f9b1b78eae6a5
v2_ablations/streamspot/minus_temporal_stream/seed_11/campaign_index.csv,575,cc64c954fdbf0b3565d55fc2ac78a2a90b4d8d80101fd58e4223bed23a20c379
v2_ablations/streamspot/minus_temporal_stream/seed_11/checkpoint.pt,186229,e368bfa8dbcbb301e9b672f1ccc8d86cbcbed391ab8d1e730c06391851c17352
v2_ablations/streamspot/minus_temporal_stream/seed_11/compactness_validation.json,1630,8365df19b0da96ef8d450cb3fe35b5b252d9d541606c62b2b17171a3b9756f7d
v2_ablations/streamspot/minus_temporal_stream/seed_11/config_resolved.json,6175,2eaf6f873ffdcadba36000e7b9f804906f5b288347bb6fb850dd316272fdc3fb
v2_ablations/streamspot/minus_temporal_stream/seed_11/dataset_manifest.json,504,08d6dd101f759675542323e4ec860ac49d00f0628719811815d1e416ab2cacf7
v2_ablations/streamspot/minus_temporal_stream/seed_11/edge_predictions.csv,19773,be3f4fc825f83d9ccc5a6f61db0f8776adce9998a96a655a69a8bca2ef7c92fc
v2_ablations/streamspot/minus_temporal_stream/seed_11/explanation_metrics.json,1246649,a7834b49618ef51f0f99395dfb7543f2063b8df8e65805f6886af4e0d2bf504d
v2_ablations/streamspot/minus_temporal_stream/seed_11/metrics.json,1069,679811047e4cb0036908aade6cb7f5c9d435c40cd9a31413a72145ea1bcf8e71
v2_ablations/streamspot/minus_temporal_stream/seed_11/node_index.csv,120538,cf26725abfffb1abf4306ff0cc3a6f164bd2f80823ba0d9d512cfc2f2f257bc3
v2_ablations/streamspot/minus_temporal_stream/seed_11/node_predictions.csv,30448,2644795a9249e4563884778823a99661c3b7565510efdcb64789e1da5f11266c
v2_ablations/streamspot/minus_temporal_stream/seed_11/robustness_metrics.json,1017,cb4526c00ac9d055fb7294f4d61bd4b77a83c11afe07eb9fb9b70621ff296995
v2_ablations/streamspot/minus_temporal_stream/seed_11/subgraph_predictions.csv,327,337e5ec484340b12edffdf44052fee393fcff458d8a2961cb2084ec2168fe6c2
v2_ablations/streamspot/minus_temporal_stream/seed_11/training_history.csv,6105,415f5b51eaf64df368a3d748f297e4769b8942a49c63ce3593a5afe6bd395733
v2_ablations/streamspot/minus_temporal_stream/seed_110/campaign_index.csv,575,cc64c954fdbf0b3565d55fc2ac78a2a90b4d8d80101fd58e4223bed23a20c379
v2_ablations/streamspot/minus_temporal_stream/seed_110/checkpoint.pt,186229,9b0562c618101597fb72014e9097c5852c317a1920fa7d244daa18ea86ccbb81
v2_ablations/streamspot/minus_temporal_stream/seed_110/compactness_validation.json,1624,c2779d4b65317089228fa58f835c7f046f52b5233867bfee6ddc8826e0d9bfe8
v2_ablations/streamspot/minus_temporal_stream/seed_110/config_resolved.json,6177,9b7ad4f1f6791c80605afaaffa07fe78b99c6ba285d3eb96d0a6569a076e9aaa
v2_ablations/streamspot/minus_temporal_stream/seed_110/dataset_manifest.json,504,08d6dd101f759675542323e4ec860ac49d00f0628719811815d1e416ab2cacf7
v2_ablations/streamspot/minus_temporal_stream/seed_110/edge_predictions.csv,19730,8698125cc15a7b1e4bea0c06f9aaf05b6475c70abbc742c83c3c4f3f170700d2
v2_ablations/streamspot/minus_temporal_stream/seed_110/explanation_metrics.json,1306363,42689d989a4b1123b9d9fc153f56ba88657e0bac4cbc903f29e156de21105ef5
v2_ablations/streamspot/minus_temporal_stream/seed_110/metrics.json,1125,7ca3d94d88db0a2d7c087d2d1ec10384bc548f301c88710df5a29f6ceeec50ed
v2_ablations/streamspot/minus_temporal_stream/seed_110/node_index.csv,120538,cf26725abfffb1abf4306ff0cc3a6f164bd2f80823ba0d9d512cfc2f2f257bc3
v2_ablations/streamspot/minus_temporal_stream/seed_110/node_predictions.csv,30626,a789ad1257ba9742bce57cb1a0a0426e76325791b4a9ca14c0246a9f95d7c891
v2_ablations/streamspot/minus_temporal_stream/seed_110/robustness_metrics.json,1014,3cddfd7df3afdd5a10f593bb480a457ab5b6982215590cd47f8ee77fe739e0b0
v2_ablations/streamspot/minus_temporal_stream/seed_110/subgraph_predictions.csv,324,3e58d8947505b1f765927a8fc0635d0135fe2e31bc419a5b0ca5723a114e8b65
v2_ablations/streamspot/minus_temporal_stream/seed_110/training_history.csv,7543,00ccdd2d2b81c20030ffa93ac349d9b6d12f3eb631889be6e45f251ed60f88cf
v2_ablations/streamspot/minus_temporal_stream/seed_22/campaign_index.csv,575,cc64c954fdbf0b3565d55fc2ac78a2a90b4d8d80101fd58e4223bed23a20c379
v2_ablations/streamspot/minus_temporal_stream/seed_22/checkpoint.pt,186229,0426ecd2ff8b5fe58f02b743fb9376571a5cef6a6c915a3370d2c768d6d231c3
v2_ablations/streamspot/minus_temporal_stream/seed_22/compactness_validation.json,1444,2895828ffb8dcb167da481556d720e34b8e16abf96911fd4b36eab1aad84554e
v2_ablations/streamspot/minus_temporal_stream/seed_22/config_resolved.json,6175,590cd2b0e7a2570ff2d278cb627b4beb6ad924e7e5f083cdf17a32fb7f76699b
v2_ablations/streamspot/minus_temporal_stream/seed_22/dataset_manifest.json,504,08d6dd101f759675542323e4ec860ac49d00f0628719811815d1e416ab2cacf7
v2_ablations/streamspot/minus_temporal_stream/seed_22/edge_predictions.csv,19865,d4e0bcd005186fb775308a715f3decc395dc008b781f5b5c07bf9afce40f1f5b
v2_ablations/streamspot/minus_temporal_stream/seed_22/explanation_metrics.json,1238084,2a30357d77d16b6df4898790819cbb31b1402bafba1ea795d51db40eaa1be8e6
v2_ablations/streamspot/minus_temporal_stream/seed_22/metrics.json,1087,86cb5ce1a3729f3205628cc6d4c9b3a607cb68c724e416c7efaafd670813d9e2
v2_ablations/streamspot/minus_temporal_stream/seed_22/node_index.csv,120538,cf26725abfffb1abf4306ff0cc3a6f164bd2f80823ba0d9d512cfc2f2f257bc3
v2_ablations/streamspot/minus_temporal_stream/seed_22/node_predictions.csv,30702,df6a783a167ce10c67049269dacfeb537ea17348dab74b3cd8342ecab34cfd2d
v2_ablations/streamspot/minus_temporal_stream/seed_22/robustness_metrics.json,1013,6ed0d5ed15f40ac0901ee9b960d501c49ad08ee3fc993c93ec9141ebf143cddc
v2_ablations/streamspot/minus_temporal_stream/seed_22/subgraph_predictions.csv,321,52717459f6d7dd17d6edb1da5a9d20c7a6dd17fd6262bb7bc4a91084ec66b4ef
v2_ablations/streamspot/minus_temporal_stream/seed_22/training_history.csv,9337,9a7e48bbfebe62394804a0ced21d906444663ba8a6134961e100f54ea757b863
v2_ablations/streamspot/minus_temporal_stream/seed_33/campaign_index.csv,575,cc64c954fdbf0b3565d55fc2ac78a2a90b4d8d80101fd58e4223bed23a20c379
v2_ablations/streamspot/minus_temporal_stream/seed_33/checkpoint.pt,186229,737a8b9d20f0cefc21f92d62a964ece3d98b7772b9df003374c6e5a6b039a039
v2_ablations/streamspot/minus_temporal_stream/seed_33/compactness_validation.json,1624,16859ba74f5f363e8e9b9d293e16091717753e9777420d30a021657e0435a0e4
v2_ablations/streamspot/minus_temporal_stream/seed_33/config_resolved.json,6176,711387645b555ff4e0c9bbf2be2483ff5629603b44848293cd5e57ca8e61dab0
v2_ablations/streamspot/minus_temporal_stream/seed_33/dataset_manifest.json,504,08d6dd101f759675542323e4ec860ac49d00f0628719811815d1e416ab2cacf7
v2_ablations/streamspot/minus_temporal_stream/seed_33/edge_predictions.csv,19712,5713943b2f9e61a1fff5013597592a2974969c090268a252c213ce39fb95ee7f
v2_ablations/streamspot/minus_temporal_stream/seed_33/explanation_metrics.json,1327645,457da3a3e89a87e4bac08047024586c2adfb845abf75a39c464100d636c97bbc
v2_ablations/streamspot/minus_temporal_stream/seed_33/metrics.json,1065,db9a749359fe4e509de0f6644e8578b00775a5b6d8a2c60873daac22c9e13cfb
v2_ablations/streamspot/minus_temporal_stream/seed_33/node_index.csv,120538,cf26725abfffb1abf4306ff0cc3a6f164bd2f80823ba0d9d512cfc2f2f257bc3
v2_ablations/streamspot/minus_temporal_stream/seed_33/node_predictions.csv,30603,027d0c2ad530d95e6581bef1ce26ec200c1fa4533d23f9260ec43e92760fb873
v2_ablations/streamspot/minus_temporal_stream/seed_33/robustness_metrics.json,1014,a59328fcdf751c6aa7f1a14946628addb0b988f314ef4366b91e852b3c6547f3
v2_ablations/streamspot/minus_temporal_stream/seed_33/subgraph_predictions.csv,323,48a02ea6b032bdf08d56372e48af7559573e2592c5f217b9b1f6d022c5dc6c7f
v2_ablations/streamspot/minus_temporal_stream/seed_33/training_history.csv,10746,3b864f19e6b799b4fe1b3a0df2416230af92320710a24fe9bdf753ef8bbeca37
v2_ablations/streamspot/minus_temporal_stream/seed_44/campaign_index.csv,575,cc64c954fdbf0b3565d55fc2ac78a2a90b4d8d80101fd58e4223bed23a20c379
v2_ablations/streamspot/minus_temporal_stream/seed_44/checkpoint.pt,186229,d0ad5e1747a1fea8c376154b113944e9c92085137f3fbc74fb20f11bb297b2ad
v2_ablations/streamspot/minus_temporal_stream/seed_44/compactness_validation.json,1630,6b66c830a838adcca2d46c275cdccd1c67b0d209c087d9fac15dae53edf2ca76
v2_ablations/streamspot/minus_temporal_stream/seed_44/config_resolved.json,6175,cb8d2b086d452e3642cb77b30d6052094030c9330859f5ff7234dda3e72f1a68
v2_ablations/streamspot/minus_temporal_stream/seed_44/dataset_manifest.json,504,08d6dd101f759675542323e4ec860ac49d00f0628719811815d1e416ab2cacf7
v2_ablations/streamspot/minus_temporal_stream/seed_44/edge_predictions.csv,19751,32eedd7e339cab615d0e4865d8142fd1a32a2df3c366c73854723a3b6fedb749
v2_ablations/streamspot/minus_temporal_stream/seed_44/explanation_metrics.json,1144196,52f0d18ac0fe4d9e0d1ab0a7ebe9797961aa1100872b742fec5817524de786b1
v2_ablations/streamspot/minus_temporal_stream/seed_44/metrics.json,1116,59a7fef05788c8aaf9c2f489a59424ac52b03fe3ce03267d7c7b3df5d9745fca
v2_ablations/streamspot/minus_temporal_stream/seed_44/node_index.csv,120538,cf26725abfffb1abf4306ff0cc3a6f164bd2f80823ba0d9d512cfc2f2f257bc3
v2_ablations/streamspot/minus_temporal_stream/seed_44/node_predictions.csv,30433,c2b550b09164c571c0f7e11ddda9881538b571a59eada4ce95e0abfc7b058bbe
v2_ablations/streamspot/minus_temporal_stream/seed_44/robustness_metrics.json,1045,0568b76076135b89e243516e61666b6520a582c9a61c9bac4f8e1049b1d5d25c
v2_ablations/streamspot/minus_temporal_stream/seed_44/subgraph_predictions.csv,323,4f7098f0c3a4ff120e7f5487555b8759f60a2341b3ee64401a1137a827c58453
v2_ablations/streamspot/minus_temporal_stream/seed_44/training_history.csv,8592,cca4adb4cd831228b95f5e1d6a8d8f1f2da75eab2abc0b4a7dc380ba852f3944
v2_ablations/streamspot/minus_temporal_stream/seed_55/campaign_index.csv,575,cc64c954fdbf0b3565d55fc2ac78a2a90b4d8d80101fd58e4223bed23a20c379
v2_ablations/streamspot/minus_temporal_stream/seed_55/checkpoint.pt,186229,ddf8d6b65654baf5a4d748076544cf67f799ac3e3f982eb9bbca3ae332029b73
v2_ablations/streamspot/minus_temporal_stream/seed_55/compactness_validation.json,1546,048bbac30c940c132bf5892314472aa4d73b3f7e15e987cf2a83a3c377e7c645
v2_ablations/streamspot/minus_temporal_stream/seed_55/config_resolved.json,6175,4739c1ca9ce54ca7cae321ed063c69495a345f472ed8633433576c2cd0945a61
v2_ablations/streamspot/minus_temporal_stream/seed_55/dataset_manifest.json,504,08d6dd101f759675542323e4ec860ac49d00f0628719811815d1e416ab2cacf7
v2_ablations/streamspot/minus_temporal_stream/seed_55/edge_predictions.csv,19908,1e674644cf2e50599eab36bf6e0fb3253856bef751bf801ca306672b161963ee
v2_ablations/streamspot/minus_temporal_stream/seed_55/explanation_metrics.json,1309873,f7b92ac78c55c40fe20376d368f3df63064a43cbc8d1ca07faa9228f361ae376
v2_ablations/streamspot/minus_temporal_stream/seed_55/metrics.json,1073,6c0d79f5f271034bfa338e130d83ca7aba8ab400c590dd6e36711a3e40ec02b9
v2_ablations/streamspot/minus_temporal_stream/seed_55/node_index.csv,120538,cf26725abfffb1abf4306ff0cc3a6f164bd2f80823ba0d9d512cfc2f2f257bc3
v2_ablations/streamspot/minus_temporal_stream/seed_55/node_predictions.csv,30678,016bf3a259a2e3ae2d1bf453d346b80072d772c2becff7bc0ea4015d5bd0e0d6
v2_ablations/streamspot/minus_temporal_stream/seed_55/robustness_metrics.json,1013,e957478ec3d87b70e97f6dbd0ceb1bc179fdb5e1191bc2484246820a174a87d1
v2_ablations/streamspot/minus_temporal_stream/seed_55/subgraph_predictions.csv,326,ee41d186f0ef2024432c2b90bd42d2644d3d6d77f254341e202a985991f9f9f6
v2_ablations/streamspot/minus_temporal_stream/seed_55/training_history.csv,6433,8936083795c90a400e7b5b6734c6f841469d0192ab93f8f28bec0f6fd41af638
v2_ablations/streamspot/minus_temporal_stream/seed_66/campaign_index.csv,575,cc64c954fdbf0b3565d55fc2ac78a2a90b4d8d80101fd58e4223bed23a20c379
v2_ablations/streamspot/minus_temporal_stream/seed_66/checkpoint.pt,186229,c8c313738155e8236be7b74cdf51fd852012d48242a790e580c6543930c062b8
v2_ablations/streamspot/minus_temporal_stream/seed_66/compactness_validation.json,1552,81b9b9e2380d928a9994772ca4522c719c8594458c9aca1136b8c41e77e532f9
v2_ablations/streamspot/minus_temporal_stream/seed_66/config_resolved.json,6175,753cd2f16527125aed75d57d71a33f828a6909a7645fd19b7fdf23cd982b2c6e
v2_ablations/streamspot/minus_temporal_stream/seed_66/dataset_manifest.json,504,08d6dd101f759675542323e4ec860ac49d00f0628719811815d1e416ab2cacf7
v2_ablations/streamspot/minus_temporal_stream/seed_66/edge_predictions.csv,19896,8b2b31ac669359649312c6816c0492fbc820751eaf0616f8c16782d6d074fa19
v2_ablations/streamspot/minus_temporal_stream/seed_66/explanation_metrics.json,1192498,0949fe8b6410f8d22daad5a88300fafe909afc2c6898774d27f8d98f82231815
v2_ablations/streamspot/minus_temporal_stream/seed_66/metrics.json,1093,e5fc9d44c2d23805117b9a98e6d963bc734b0413c31ca18cdad6d36572ed5813
v2_ablations/streamspot/minus_temporal_stream/seed_66/node_index.csv,120538,cf26725abfffb1abf4306ff0cc3a6f164bd2f80823ba0d9d512cfc2f2f257bc3
v2_ablations/streamspot/minus_temporal_stream/seed_66/node_predictions.csv,30709,14d18f0b3fd2bee397294df6556db31af1a2a236278d67e27def08b26152c567
v2_ablations/streamspot/minus_temporal_stream/seed_66/robustness_metrics.json,997,3d4431ebe9b94704d565a294381e762bd114f5e8ccc20a0d491b7ef15be2c977
v2_ablations/streamspot/minus_temporal_stream/seed_66/subgraph_predictions.csv,323,5724cdbbb2bc1de849f61e17837207460798e198ca1b209d40ce770d39c98513
v2_ablations/streamspot/minus_temporal_stream/seed_66/training_history.csv,7169,7d619ca8420b5f0d2bdc8166a6562fcd2aa3824ea6886fff8451f52adb7c3f01
v2_ablations/streamspot/minus_temporal_stream/seed_77/campaign_index.csv,575,cc64c954fdbf0b3565d55fc2ac78a2a90b4d8d80101fd58e4223bed23a20c379
v2_ablations/streamspot/minus_temporal_stream/seed_77/checkpoint.pt,186229,8f417e94e41ec72587022bb67ef0117bb83a30d71af4c1820aa3876b72cf247a
v2_ablations/streamspot/minus_temporal_stream/seed_77/compactness_validation.json,1528,1753294cff8dd1ce50715645a5c83a6fd5ad0ae843140226e75db5f1758372e8
v2_ablations/streamspot/minus_temporal_stream/seed_77/config_resolved.json,6176,e00a6594db6cdf2fa4c232b8b862b3e5693b1cd7456be50b7989a3296ededb9f
v2_ablations/streamspot/minus_temporal_stream/seed_77/dataset_manifest.json,504,08d6dd101f759675542323e4ec860ac49d00f0628719811815d1e416ab2cacf7
v2_ablations/streamspot/minus_temporal_stream/seed_77/edge_predictions.csv,19754,ec44b97f2de1ce650b26aee05bfe6900198c684dcd6ff0aeff906ae1b83880c8
v2_ablations/streamspot/minus_temporal_stream/seed_77/explanation_metrics.json,1318984,e70f9d42875911005941eb46a9bc3a5e87c63c9ef781558d7fc8f44a900bbdba
v2_ablations/streamspot/minus_temporal_stream/seed_77/metrics.json,1092,04898c5adaa8264bea1f13929e1a90862255c9c724e96d8b1b156a0ac02a2e58
v2_ablations/streamspot/minus_temporal_stream/seed_77/node_index.csv,120538,cf26725abfffb1abf4306ff0cc3a6f164bd2f80823ba0d9d512cfc2f2f257bc3
v2_ablations/streamspot/minus_temporal_stream/seed_77/node_predictions.csv,30868,2d515087045eacf10d49ac2606bf944ae509b2e685c330f46a21681361e646af
v2_ablations/streamspot/minus_temporal_stream/seed_77/robustness_metrics.json,978,279eb7a656de8acf51a78b0725373e5bbd07dec98cb53372922eec03fc0beac0
v2_ablations/streamspot/minus_temporal_stream/seed_77/subgraph_predictions.csv,322,1cf4076c710f37cd60d4f5783130b02c3b5c87f9bf72b0d8ece63b47596bb25c
v2_ablations/streamspot/minus_temporal_stream/seed_77/training_history.csv,7188,8a5420af0e722240bc348a6538ee420dc953c4d3835abe1bb490bf95e3799b8a
v2_ablations/streamspot/minus_temporal_stream/seed_88/campaign_index.csv,575,cc64c954fdbf0b3565d55fc2ac78a2a90b4d8d80101fd58e4223bed23a20c379
v2_ablations/streamspot/minus_temporal_stream/seed_88/checkpoint.pt,186229,83ad123d792c6743c10597f92ce6acd8c6e9c6feb875e7a964ab656eaecd5e69
v2_ablations/streamspot/minus_temporal_stream/seed_88/compactness_validation.json,1624,4bfb8efb5eb7d9894b0a09f22e558e5817f847ff8c507245bcce6b01039f9542
v2_ablations/streamspot/minus_temporal_stream/seed_88/config_resolved.json,6175,d1f82ffba8407bd7a32e46edc3b7d0d08fc4e6b2cd147bb7de78327ff5c81530
v2_ablations/streamspot/minus_temporal_stream/seed_88/dataset_manifest.json,504,08d6dd101f759675542323e4ec860ac49d00f0628719811815d1e416ab2cacf7
v2_ablations/streamspot/minus_temporal_stream/seed_88/edge_predictions.csv,19849,815402379f20f7293109c4e6f4f2f4020f43c05f67013744465eaafce0fe7bc1
v2_ablations/streamspot/minus_temporal_stream/seed_88/explanation_metrics.json,1314651,3a162a65810db84c2e006d58467de9d5b94786bfe7a7499072fb7767d3dc7185
v2_ablations/streamspot/minus_temporal_stream/seed_88/metrics.json,1090,b81bec528abf8c5bc4c2492a9dd849e7114964d235f079bb466b097a6700cf90
v2_ablations/streamspot/minus_temporal_stream/seed_88/node_index.csv,120538,cf26725abfffb1abf4306ff0cc3a6f164bd2f80823ba0d9d512cfc2f2f257bc3
v2_ablations/streamspot/minus_temporal_stream/seed_88/node_predictions.csv,30713,5be9f6dd495a2438fcc8eff9f7e905eea9a159fc277df8227ecc10db015bfc8a
v2_ablations/streamspot/minus_temporal_stream/seed_88/robustness_metrics.json,1014,0ddae1fbfd30c16456ef4f6375b45c3443f1ee210e3cd4057c60f75d7855ae4d
v2_ablations/streamspot/minus_temporal_stream/seed_88/subgraph_predictions.csv,323,25dc2ff8e3588f0920842f5c30f9a4c23f1b70ad573e25a5517644f1f8d9da91
v2_ablations/streamspot/minus_temporal_stream/seed_88/training_history.csv,11110,2adb0373317460e3e99993cfb5844357d9cf897914a11fb5ce60a1f980f8ae0e
v2_ablations/streamspot/minus_temporal_stream/seed_99/campaign_index.csv,575,cc64c954fdbf0b3565d55fc2ac78a2a90b4d8d80101fd58e4223bed23a20c379
v2_ablations/streamspot/minus_temporal_stream/seed_99/checkpoint.pt,186229,03ccdbaad9caaa131eab9541f7624b797537082865558eb1b70d5efd8b1443ce
v2_ablations/streamspot/minus_temporal_stream/seed_99/compactness_validation.json,1546,11d971f86e57a9398b75414ff4a07653f3af83e7b789398a216261d84f4e4c36
v2_ablations/streamspot/minus_temporal_stream/seed_99/config_resolved.json,6176,490955a4350761cda14887098b8f34a544fb7a91b09600c7e808bed589eb6ce6
v2_ablations/streamspot/minus_temporal_stream/seed_99/dataset_manifest.json,504,08d6dd101f759675542323e4ec860ac49d00f0628719811815d1e416ab2cacf7
v2_ablations/streamspot/minus_temporal_stream/seed_99/edge_predictions.csv,19813,a4bd78b6796ca3343f93dfbf91600a85d642eb33fd322bec21f9a30fddc51c73
v2_ablations/streamspot/minus_temporal_stream/seed_99/explanation_metrics.json,1332621,0b57a0bdd03ee07f0c388200f43d41e1886b0efddbe9d0072ba2562c38fff66b
v2_ablations/streamspot/minus_temporal_stream/seed_99/metrics.json,1049,34151381d12fcc7204d759db36da1806ca8998c7c22c155aab2a384fd7be1309
v2_ablations/streamspot/minus_temporal_stream/seed_99/node_index.csv,120538,cf26725abfffb1abf4306ff0cc3a6f164bd2f80823ba0d9d512cfc2f2f257bc3
v2_ablations/streamspot/minus_temporal_stream/seed_99/node_predictions.csv,30578,bcf535ac9de32691832bea464ae45716c93c7567ccb348964bbfa9e1e5f9a148
v2_ablations/streamspot/minus_temporal_stream/seed_99/robustness_metrics.json,1014,e09f13c4d59a1795c90d1908231a6bfddf80916f0bce7495c77706a935a16f0b
v2_ablations/streamspot/minus_temporal_stream/seed_99/subgraph_predictions.csv,318,915cbd4ffea738dd00468ec45d46c95acdb77cc0bd074e4d493d1625596f1555
v2_ablations/streamspot/minus_temporal_stream/seed_99/training_history.csv,5403,5639b20492590da6fbb8923b68bea11aae2e47a603cd12658fe53964cfd323a2
v2_ablations/theia/ablation_seed_metrics.csv,9110,40acd8aea7cfe31978f4983fc1a106cbf662c6fb05854afa1b1e73a9c7faa37b
v2_ablations/theia/ablation_summary.csv,5505,494a1fe99c7b7e94bc638eb25c9ebd95bbb1f11ab5e31c28c21a7945ca7b4608
v2_ablations/theia/full/seed_11/campaign_index.csv,767,e77a2e618de93efde17302018a001c33e37e5319ce49389d9895f227eacc875f
v2_ablations/theia/full/seed_11/checkpoint.pt,176181,ed89f438491921d405382729124ebc9b822903c1a0ce6a31a3bed369dcc8ed81
v2_ablations/theia/full/seed_11/compactness_validation.json,1420,9419785a0f999757d0316a5cc0f9f0ebbae8afef73baf1e3d999f0e14507fb40
v2_ablations/theia/full/seed_11/config_resolved.json,6323,1347fb204f29a5214b204e9e4b28ce8c9e2c33b0739d3b78dc8001c321da4f0f
v2_ablations/theia/full/seed_11/dataset_manifest.json,498,683603522dbb28ae7b30118fe93fccc97b879a1f9d6b8a009318800bbc28ae2e
v2_ablations/theia/full/seed_11/edge_predictions.csv,20581,5e7a5abca11ae9d14679806b33e00bfa6f576ac2b47e6e7fb2742030be0845ef
v2_ablations/theia/full/seed_11/explanation_metrics.json,222754,e1a3227a2eeaf0605368f7dbf1cb69e528ef9c2c271c614d6d9be86d8dd866c0
v2_ablations/theia/full/seed_11/metrics.json,1071,51d869534c18ac6d91b98b1743b7f5b4431340e9e1595e8e9d03c1f26560d6bf
v2_ablations/theia/full/seed_11/node_index.csv,109593,e586e3db8da0718ace2deada0950e07d59920c2a6d596c5daae32aeba512f564
v2_ablations/theia/full/seed_11/node_predictions.csv,33932,ca2f070888fed6688df9475f741ecf668d21ac314a8db0c71d3a7dd1beef3e40
v2_ablations/theia/full/seed_11/robustness_metrics.json,957,acefd390689512ff37f5ff44fb8aafd9e2f7c1095f95c2e76c16c6590048bf93
v2_ablations/theia/full/seed_11/subgraph_predictions.csv,209,ff50acf4267a57592caddb31c553e5d0f077414bca251ddb798f1b3ba97ad74a
v2_ablations/theia/full/seed_11/training_history.csv,19051,0e02e60a4d93bd29d24ed58bfe963af0ef5af13e30d7c34a3e3ddfae53be8ba4
v2_ablations/theia/full/seed_110/campaign_index.csv,767,e77a2e618de93efde17302018a001c33e37e5319ce49389d9895f227eacc875f
v2_ablations/theia/full/seed_110/checkpoint.pt,176181,c2d23cc2cc8969ba814a18681e284b9046a5915e72f67423a572533e5c7e8222
v2_ablations/theia/full/seed_110/compactness_validation.json,1414,c19591c7847578f6f7c85c843375c149ef82474d36fb64949038837befa204c9
v2_ablations/theia/full/seed_110/config_resolved.json,6325,6db307bc7e030767a25349e2112ce50f8e34291d3396ab7fdea1e2a5987b9292
v2_ablations/theia/full/seed_110/dataset_manifest.json,498,683603522dbb28ae7b30118fe93fccc97b879a1f9d6b8a009318800bbc28ae2e
v2_ablations/theia/full/seed_110/edge_predictions.csv,20216,fa990acb0c14ee3d5b224c83839dff1a5ccec4d7c05461e3dec6a5bc84b61000
v2_ablations/theia/full/seed_110/explanation_metrics.json,222814,3d0cefac5e1d226e62b22a24280ffd389d9bb5d22edd197915771c48c383e7d2
v2_ablations/theia/full/seed_110/metrics.json,1056,03f91678ba002d2cfce8db3fcef25e359a26e3d03a7a866b08c3b0a2d951826b
v2_ablations/theia/full/seed_110/node_index.csv,109593,e586e3db8da0718ace2deada0950e07d59920c2a6d596c5daae32aeba512f564
v2_ablations/theia/full/seed_110/node_predictions.csv,33797,40bcfe4375d64eccd55c73705153dd35f36a078b501629388461afbab7838e4e
v2_ablations/theia/full/seed_110/robustness_metrics.json,958,bc30242558cb52227ba52d4389ed6873e99bbb0a77961e53603c5f00d6d0e6b0
v2_ablations/theia/full/seed_110/subgraph_predictions.csv,213,a2472df1fe2386dd428e99643defa9b43962769b501aee3f426d885556a4fdee
v2_ablations/theia/full/seed_110/training_history.csv,14950,bca4512cd06d7f1a78e5275dcb3b5b70131d4d575e7f2fb96c9e7623694c4781
v2_ablations/theia/full/seed_22/campaign_index.csv,767,e77a2e618de93efde17302018a001c33e37e5319ce49389d9895f227eacc875f
v2_ablations/theia/full/seed_22/checkpoint.pt,176181,a596ac58f37780e0705d1afbb315abb1167d72d984c58384640270d75b6271d8
v2_ablations/theia/full/seed_22/compactness_validation.json,1420,5defa6b6a8cd97f961c9534377f39dfc4fc56b30031860811c7dee73affaf178
v2_ablations/theia/full/seed_22/config_resolved.json,6323,0dc958ce63451c9b5b95b00b242db2ac1c9979337976751a561cc658f7e0de29
v2_ablations/theia/full/seed_22/dataset_manifest.json,498,683603522dbb28ae7b30118fe93fccc97b879a1f9d6b8a009318800bbc28ae2e
v2_ablations/theia/full/seed_22/edge_predictions.csv,20731,2061c415b10236ca5302678e24afac4728582074dfbed0f4fee2db24a94c2ea1
v2_ablations/theia/full/seed_22/explanation_metrics.json,223144,9b786471fc6f5a377396af6835cd9ddc2594b770f020e95190a5d4b9f30b2ada
v2_ablations/theia/full/seed_22/metrics.json,1070,9d196f6c7480e725fc01957e5d182129975d4a5e018cf03c668bd885ade78b65
v2_ablations/theia/full/seed_22/node_index.csv,109593,e586e3db8da0718ace2deada0950e07d59920c2a6d596c5daae32aeba512f564
v2_ablations/theia/full/seed_22/node_predictions.csv,33806,94737526cd5f274115dc05a958e76e43c9378d1ce049d5ae8a0bc0b41d8f5402
v2_ablations/theia/full/seed_22/robustness_metrics.json,959,4dea6b53a4361707025f0246ea3ab659501ef6af63c75a1706fc7249975d369d
v2_ablations/theia/full/seed_22/subgraph_predictions.csv,213,188c2c0ad356e20e4d88dbdca1d4a2fc3ae1f958e303659a661ffdd598e035ab
v2_ablations/theia/full/seed_22/training_history.csv,19100,040fd6b28e96f5554947fafca88f9607e033dcba132ea88012f80f96708d2ba6
v2_ablations/theia/full/seed_33/campaign_index.csv,767,e77a2e618de93efde17302018a001c33e37e5319ce49389d9895f227eacc875f
v2_ablations/theia/full/seed_33/checkpoint.pt,176181,25f7ced4ac9a9db219101a7ed7c6096a320fd3be528dcf590b1f79f0de801ba4
v2_ablations/theia/full/seed_33/compactness_validation.json,1420,862fd9f1074e5355e66b7c6991d1fb3cf541060f3a5a90265569eccebd1ad458
v2_ablations/theia/full/seed_33/config_resolved.json,6323,932d2ed9484d0f3ba140a4d317e732bd90e997b68d1de5491fd05e3ed9b3ffc1
v2_ablations/theia/full/seed_33/dataset_manifest.json,498,683603522dbb28ae7b30118fe93fccc97b879a1f9d6b8a009318800bbc28ae2e
v2_ablations/theia/full/seed_33/edge_predictions.csv,20292,f41cef91ded6867f8e02ee0cdc3847eef9ec4b65b4daec5c9eb1b5caf5231852
v2_ablations/theia/full/seed_33/explanation_metrics.json,222830,09484586109c82b5597e6c0bfb13923a09a926600a26113353de4e72630bdc6f
v2_ablations/theia/full/seed_33/metrics.json,1060,a567ba5ead4dce821e62fb4bf386f4a76d5256b036ac7ad60ffdae3e46b99075
v2_ablations/theia/full/seed_33/node_index.csv,109593,e586e3db8da0718ace2deada0950e07d59920c2a6d596c5daae32aeba512f564
v2_ablations/theia/full/seed_33/node_predictions.csv,33905,e8a09c4fa59c6d8bc5d2097941b15dbcd488d376290201844b5d2f0eb0f00ad7
v2_ablations/theia/full/seed_33/robustness_metrics.json,960,cf87c7ea6551ba4009608954aa8167fb4c00fb1629d07b2689a2717984e002c8
v2_ablations/theia/full/seed_33/subgraph_predictions.csv,212,dc1059b7a6e927e63cbba2ce2c220ec1408d6d4972abd217e281ecf25200456a
v2_ablations/theia/full/seed_33/training_history.csv,16857,7434863de784b4a19cbedf4ed2642cada6ae75b6904c79cc787a940a5e802a3b
v2_ablations/theia/full/seed_44/campaign_index.csv,767,e77a2e618de93efde17302018a001c33e37e5319ce49389d9895f227eacc875f
v2_ablations/theia/full/seed_44/checkpoint.pt,176181,1322affb6ea53f52c7155dbcd921cccc9f56dc25acdac2235cea896b706fcc4f
v2_ablations/theia/full/seed_44/compactness_validation.json,1420,850bcc3ed53beb654b940a5103d4c6d2107de7e81f8cfc22270ceb383f4c7414
v2_ablations/theia/full/seed_44/config_resolved.json,6323,0a5fc7648f8a5da1936714ea3aef2e02516f2a816f7350ecc27a680fc126b4d0
v2_ablations/theia/full/seed_44/dataset_manifest.json,498,683603522dbb28ae7b30118fe93fccc97b879a1f9d6b8a009318800bbc28ae2e
v2_ablations/theia/full/seed_44/edge_predictions.csv,20634,7917581d6bb1845264ccd0f079500b647a3f8f503cc338169edfe651d33397ab
v2_ablations/theia/full/seed_44/explanation_metrics.json,222726,7d894f116a80ac1097eb48f1abf649066675bcb9bfc3961fc0818a857e48d491
v2_ablations/theia/full/seed_44/metrics.json,1027,a1a2db82e9ae733fa2a405e367ff7159e173316fc86024dc0f98ea7044aec0e0
v2_ablations/theia/full/seed_44/node_index.csv,109593,e586e3db8da0718ace2deada0950e07d59920c2a6d596c5daae32aeba512f564
v2_ablations/theia/full/seed_44/node_predictions.csv,33883,21ee605c66a6c09749e023161a5ca026eabb533f08339cee40d98943dc4fb215
v2_ablations/theia/full/seed_44/robustness_metrics.json,927,e4d21c585b0c169e75c87ab5931c3830bcac4263afa002766d6927556b13fec9
v2_ablations/theia/full/seed_44/subgraph_predictions.csv,211,427fa7ba0c3646fbe117f29b0b70217a406a5335e35c27f47f1d35a8463b2c7d
v2_ablations/theia/full/seed_44/training_history.csv,19137,2323825bca0997e3e140aded129ff591cd55d18fc6a945e2d38287cab8166442
v2_ablations/theia/full/seed_55/campaign_index.csv,767,e77a2e618de93efde17302018a001c33e37e5319ce49389d9895f227eacc875f
v2_ablations/theia/full/seed_55/checkpoint.pt,176181,bb853292cd5f76853f9fd2dc59c18aad58afcc510559ce95b377c7e08feb2768
v2_ablations/theia/full/seed_55/compactness_validation.json,1414,3854b8e1fbdb789371551f2ca62f67ed0c977f1ea4ed984ce40676b90a96d5d1
v2_ablations/theia/full/seed_55/config_resolved.json,6324,56a0636433c6ea2febe98f2d16ded601540dcfa267477dbf13e484ff51d5836e
v2_ablations/theia/full/seed_55/dataset_manifest.json,498,683603522dbb28ae7b30118fe93fccc97b879a1f9d6b8a009318800bbc28ae2e
v2_ablations/theia/full/seed_55/edge_predictions.csv,20845,e29ba98f2adc665d873de8f11ee6ff94f92b8cca7ced302b693933b1415991f6
v2_ablations/theia/full/seed_55/explanation_metrics.json,222803,1dcdfa93cedfd45e2ec65a34d78a1530810fac6dbe32d0eb9f0d5315d7954453
v2_ablations/theia/full/seed_55/metrics.json,1058,8d46fec7db766c9718d79a0617307f41298848b9e758621c2724455f64f057e6
v2_ablations/theia/full/seed_55/node_index.csv,109593,e586e3db8da0718ace2deada0950e07d59920c2a6d596c5daae32aeba512f564
v2_ablations/theia/full/seed_55/node_predictions.csv,33917,243c67aed840ad7656e2ea2d5d576fa1eab5e7936a5b9198df1a97f81c5b8fbd
v2_ablations/theia/full/seed_55/robustness_metrics.json,957,1eb59b5e302eb08e75e6f0093345c9a5cb887980571acfcfd66f1939e3c2c456
v2_ablations/theia/full/seed_55/subgraph_predictions.csv,213,cc1eae2921f040b269d8a8ba577bb6174c1ce74f1b5e09390e6e2d8a5d0f2ab8
v2_ablations/theia/full/seed_55/training_history.csv,19076,9dfc39fd3c67f39303954162cbcb276f5a08984be511a0517745fdd30a4390c7
v2_ablations/theia/full/seed_66/campaign_index.csv,767,e77a2e618de93efde17302018a001c33e37e5319ce49389d9895f227eacc875f
v2_ablations/theia/full/seed_66/checkpoint.pt,176181,de3b36eb91c0080e3592a7fe88ef53814aa25f661ca2c9e66ea41271bfcc75f5
v2_ablations/theia/full/seed_66/compactness_validation.json,1510,5666eb85b2846d822e59eb0d0a606c871d5da94d130079659ded5f1cc28451c2
v2_ablations/theia/full/seed_66/config_resolved.json,6323,79b939e351d673329def7c58370a6919614e17cb2a362ba59202673efb0ac4f8
v2_ablations/theia/full/seed_66/dataset_manifest.json,498,683603522dbb28ae7b30118fe93fccc97b879a1f9d6b8a009318800bbc28ae2e
v2_ablations/theia/full/seed_66/edge_predictions.csv,20936,a6910b60e70a773538114899613e7e1463f70bd31a3af48137ea3e40d0368c01
v2_ablations/theia/full/seed_66/explanation_metrics.json,1643,c9e12c110fb1ed80fc9302c27e42d8c24efca2b29a9ae092e6c15cdeab47a656
v2_ablations/theia/full/seed_66/metrics.json,1026,7844d5730fb45ae67da91a665c4e0749e5c0ffa9724e99a878b156d9dd13a949
v2_ablations/theia/full/seed_66/node_index.csv,109593,e586e3db8da0718ace2deada0950e07d59920c2a6d596c5daae32aeba512f564
v2_ablations/theia/full/seed_66/node_predictions.csv,33764,46728499b7b3c3df2bf399152a48a2c127a951e3e7c0f2c6f3bc9b8090ea5b21
v2_ablations/theia/full/seed_66/robustness_metrics.json,899,1dd00a00f8b6c312bcc554ad55334aa81c1c57231c5a7714316c120c6694afab
v2_ablations/theia/full/seed_66/subgraph_predictions.csv,212,fbc5eaa81c333653aec0d720cf9f7404961d5bb4901f03ef4620a80a8a5990f3
v2_ablations/theia/full/seed_66/training_history.csv,19175,552e0a4edb12612df9191770dd7cc503ef3b8bd8bf285dabf3e853313090f81d
v2_ablations/theia/full/seed_77/campaign_index.csv,767,e77a2e618de93efde17302018a001c33e37e5319ce49389d9895f227eacc875f
v2_ablations/theia/full/seed_77/checkpoint.pt,176181,92abfe162b9274231e008c945444f2dd213d13ba7972b8aef0ff318f1bbe61ce
v2_ablations/theia/full/seed_77/compactness_validation.json,1420,a3cfe6f9a148a096898a8a43ab05ec61603973e8a19ded05c6ba9805b704c881
v2_ablations/theia/full/seed_77/config_resolved.json,6324,df51d79f2dcd2d220071c9fa68ba7f74664ee1c1ea6b9ecef91ea05431aa988f
v2_ablations/theia/full/seed_77/dataset_manifest.json,498,683603522dbb28ae7b30118fe93fccc97b879a1f9d6b8a009318800bbc28ae2e
v2_ablations/theia/full/seed_77/edge_predictions.csv,20790,dda42f42a8d3c1a064d2dda000fc68e565c090a49f0ca6a430ab72948cd65ffd
v2_ablations/theia/full/seed_77/explanation_metrics.json,222696,24deadf7dc3c9e6b89e111385514a6ffceb380e78a5bf8536d694ea0e22f5d3b
v2_ablations/theia/full/seed_77/metrics.json,1043,87dea46a07e11e4d078cae7668806c3190f7cd2fd5366379138434a2e4f3419d
v2_ablations/theia/full/seed_77/node_index.csv,109593,e586e3db8da0718ace2deada0950e07d59920c2a6d596c5daae32aeba512f564
v2_ablations/theia/full/seed_77/node_predictions.csv,33712,30ed15dd1e20cb1dbd63537d16a8e96232d797f9939f44c8f365270c3e8f397e
v2_ablations/theia/full/seed_77/robustness_metrics.json,958,7bb19ac1fb82b42e5d35cf41c60fbf29a45015734780b762c42659c1d1cd4bd2
v2_ablations/theia/full/seed_77/subgraph_predictions.csv,213,9bb29e938ce4a01977810c0f5fa81b459ee61f17858b5ad7287df119cbd763ce
v2_ablations/theia/full/seed_77/training_history.csv,19167,018bf6e5e169f1bd394f61c42ad465721d45cd645868e036755a51eebdd2081d
v2_ablations/theia/full/seed_88/campaign_index.csv,767,e77a2e618de93efde17302018a001c33e37e5319ce49389d9895f227eacc875f
v2_ablations/theia/full/seed_88/checkpoint.pt,176181,cde9ebea26cc213e4146c61c9229dec16a1555d5c05a279c8db12594b67afb07
v2_ablations/theia/full/seed_88/compactness_validation.json,1420,bc494bf466f4b1dc215d9fe09467b8be8b3e2e7dbd35b6b3232ce6e32cb2779d
v2_ablations/theia/full/seed_88/config_resolved.json,6323,a579b2ce51d28fbb6c8494fe503a2951e6d1fa18e7fc3c3ca85a0b43043d59d6
v2_ablations/theia/full/seed_88/dataset_manifest.json,498,683603522dbb28ae7b30118fe93fccc97b879a1f9d6b8a009318800bbc28ae2e
v2_ablations/theia/full/seed_88/edge_predictions.csv,20331,d61eec99faa46ad5191e96b7f1a03df9d1fa1cabf6d252f71b475aa151ad3f52
v2_ablations/theia/full/seed_88/explanation_metrics.json,223062,81646cb252d1b5926a01bf53303cf74d33267392ef19c93fdb55321084590060
v2_ablations/theia/full/seed_88/metrics.json,1058,2c5db7909d50135beb5c22e0536c735d76e9ff10cbe5a5b7605636b65559bc52
v2_ablations/theia/full/seed_88/node_index.csv,109593,e586e3db8da0718ace2deada0950e07d59920c2a6d596c5daae32aeba512f564
v2_ablations/theia/full/seed_88/node_predictions.csv,33964,4bb30abde26f3234424fb13287360d95d97075bde47edacaef6aee8d5288da05
v2_ablations/theia/full/seed_88/robustness_metrics.json,960,e3c623b2a85a72c4cf2de0f9a30b0d9e97b1961523eb5f28cd5e36e8205123ff
v2_ablations/theia/full/seed_88/subgraph_predictions.csv,213,aa3586989142f2f0491bfe5c39d269a34e8d97c3a2b4f80ac45c00de1b33bbd5
v2_ablations/theia/full/seed_88/training_history.csv,16830,b326d6dc795566f78024c4a81452c06bd4af12d766a412a27d8f08aad7d76f27
v2_ablations/theia/full/seed_99/campaign_index.csv,767,e77a2e618de93efde17302018a001c33e37e5319ce49389d9895f227eacc875f
v2_ablations/theia/full/seed_99/checkpoint.pt,176181,7def5b4672bfb0906181e7c19892b85102c5fc21a21fe4654041c8e5a3f36a02
v2_ablations/theia/full/seed_99/compactness_validation.json,1420,de98aa992508fd107ce9804a4be56fbde66c14d82077426cf66acd375e97438c
v2_ablations/theia/full/seed_99/config_resolved.json,6323,94a5eb30b13e217ddb9aee67c29edda61346624d94dcd08d173c099cd6248ad8
v2_ablations/theia/full/seed_99/dataset_manifest.json,498,683603522dbb28ae7b30118fe93fccc97b879a1f9d6b8a009318800bbc28ae2e
v2_ablations/theia/full/seed_99/edge_predictions.csv,20731,9a48cfb07ff70ae982361c2d8beb7654f769195b76cf59c5ba2a6ad2577afcc6
v2_ablations/theia/full/seed_99/explanation_metrics.json,223255,8bdf8567c9c01eaf7fecb8f3a8b6494d2349e35e52f5b8b57b9df27a12797d71
v2_ablations/theia/full/seed_99/metrics.json,1055,c2eea4166883e9b75342fb48715b7c584de594627fe4b27d10134a9c8f2689e1
v2_ablations/theia/full/seed_99/node_index.csv,109593,e586e3db8da0718ace2deada0950e07d59920c2a6d596c5daae32aeba512f564
v2_ablations/theia/full/seed_99/node_predictions.csv,33951,5413de0c88e864bf870a6d611204a363da077f4ddd6488faf56a215fd004d649
v2_ablations/theia/full/seed_99/robustness_metrics.json,959,7f4587d4380442f5d28bfa3919ada1bcdd8ae76666698de0c6ff8e1c1252bb0f
v2_ablations/theia/full/seed_99/subgraph_predictions.csv,213,2addf8274948f622390fd240e51c253baad9eccc4dae0ef494111de3a6993750
v2_ablations/theia/full/seed_99/training_history.csv,19033,0f3afbf587b93726a8eabe0f8774cf789c2120e6b6d20b98858c7768c17dae33
v2_ablations/theia/minus_consistency_regularization/seed_11/campaign_index.csv,767,e77a2e618de93efde17302018a001c33e37e5319ce49389d9895f227eacc875f
v2_ablations/theia/minus_consistency_regularization/seed_11/checkpoint.pt,176181,5be1e049d848ff377098697871c60f828b2ba9721d38a5066a90ffa6b1e9560e
v2_ablations/theia/minus_consistency_regularization/seed_11/compactness_validation.json,1420,91bea62a9f416af5b521e61aa2166ab2153c7e910a6b1fc4f305b872833562fa
v2_ablations/theia/minus_consistency_regularization/seed_11/config_resolved.json,6325,1a4ae0d8d5bd0172cf3a2a623002e71089f6bf5a5c47342c585f721b183a5e72
v2_ablations/theia/minus_consistency_regularization/seed_11/dataset_manifest.json,498,683603522dbb28ae7b30118fe93fccc97b879a1f9d6b8a009318800bbc28ae2e
v2_ablations/theia/minus_consistency_regularization/seed_11/edge_predictions.csv,20619,c242e770a79343334fb32c08788a0325e9bac960bf9d2433796058b4475a13f2
v2_ablations/theia/minus_consistency_regularization/seed_11/explanation_metrics.json,222664,df1258277666f9fa1a3e6218515d1f44652e613d5e33467c5c6798b4d954daac
v2_ablations/theia/minus_consistency_regularization/seed_11/metrics.json,1058,a4d75738b23101ff70135ac1168354fb14e08879f553b24fc64daf72a4be7e92
v2_ablations/theia/minus_consistency_regularization/seed_11/node_index.csv,109593,e586e3db8da0718ace2deada0950e07d59920c2a6d596c5daae32aeba512f564
v2_ablations/theia/minus_consistency_regularization/seed_11/node_predictions.csv,33841,b4e138f42718f2664e75ec61afa5324b33912e205c4a945cd8cb30a311ee957e
v2_ablations/theia/minus_consistency_regularization/seed_11/robustness_metrics.json,1039,e9b1eb064dda905af89642afc71ced4515df3fd262f06ade653aafa5b2e43fa0
v2_ablations/theia/minus_consistency_regularization/seed_11/subgraph_predictions.csv,210,f065a044fb52e2c17873e4a22fae59db1f2e4005b55415c195060ddb2849d6c9
v2_ablations/theia/minus_consistency_regularization/seed_11/training_history.csv,19073,b00d4fef3f3c256db8ca22880ae04450bbeef0b704a4b72d69c3fe4f1803399b
v2_ablations/theia/minus_consistency_regularization/seed_110/campaign_index.csv,767,e77a2e618de93efde17302018a001c33e37e5319ce49389d9895f227eacc875f
v2_ablations/theia/minus_consistency_regularization/seed_110/checkpoint.pt,176181,53b7fa098db24bf84e8397434cce4865261bb41d5ac16d727a951ff6c77d4474
v2_ablations/theia/minus_consistency_regularization/seed_110/compactness_validation.json,1420,d0df8f2a6710adf1e931f6de58563519d09e24c106539e690135559be7cd703e
v2_ablations/theia/minus_consistency_regularization/seed_110/config_resolved.json,6325,a017fb9557847440050d8f65c70378f8dd5f5b6ab28f5c578799d24827235a02
v2_ablations/theia/minus_consistency_regularization/seed_110/dataset_manifest.json,498,683603522dbb28ae7b30118fe93fccc97b879a1f9d6b8a009318800bbc28ae2e
v2_ablations/theia/minus_consistency_regularization/seed_110/edge_predictions.csv,20218,30eae9dce208e0071ab35bc684a14627f0a1652e4128c08d6a4b32ff46d2f39c
v2_ablations/theia/minus_consistency_regularization/seed_110/explanation_metrics.json,222851,47e233416f361ac1a313be7a9d7cc35534390c4be84761fb618213832936a34d
v2_ablations/theia/minus_consistency_regularization/seed_110/metrics.json,1054,8f27aace00ce32cb93d87a45337c44845c4763dfc7218f394de4121876246335
v2_ablations/theia/minus_consistency_regularization/seed_110/node_index.csv,109593,e586e3db8da0718ace2deada0950e07d59920c2a6d596c5daae32aeba512f564
v2_ablations/theia/minus_consistency_regularization/seed_110/node_predictions.csv,33614,75adbc8e517a0de6f3a28061d6619b58a7e0a1b417728b9430f61883c26a1445
v2_ablations/theia/minus_consistency_regularization/seed_110/robustness_metrics.json,1039,68b88f201e03c6bbf418214a31ca353b789f9de8d2870e4249c80ca2860c7a06
v2_ablations/theia/minus_consistency_regularization/seed_110/subgraph_predictions.csv,211,3c3db8d4d39afae4a4b9c1b413c15315f0ca38edb9a5cebc7c16314766775b18
v2_ablations/theia/minus_consistency_regularization/seed_110/training_history.csv,14955,49f1d78e8228330e671069e5cec7089505c1ac5c0ca9c8cc3dc991a2042c194f
v2_ablations/theia/minus_consistency_regularization/seed_22/campaign_index.csv,767,e77a2e618de93efde17302018a001c33e37e5319ce49389d9895f227eacc875f
v2_ablations/theia/minus_consistency_regularization/seed_22/checkpoint.pt,176181,118bfd344ac4bbef9626fdbcf6358b967c72b815c370cc742fa0f84f8c8244fc
v2_ablations/theia/minus_consistency_regularization/seed_22/compactness_validation.json,1414,9c7a676ab70af4914224964fb05598d726c93fa6af7a2237118aab949ec1f86c
v2_ablations/theia/minus_consistency_regularization/seed_22/config_resolved.json,6325,ab46705033927294d007001e6ec657faf610e3acb4ed669f2ad927d06d17db04
v2_ablations/theia/minus_consistency_regularization/seed_22/dataset_manifest.json,498,683603522dbb28ae7b30118fe93fccc97b879a1f9d6b8a009318800bbc28ae2e
v2_ablations/theia/minus_consistency_regularization/seed_22/edge_predictions.csv,20822,1d62541198f4c0c66c8a26faf6b1ad632c2a3e4ef60386668a56283a93c701a9
v2_ablations/theia/minus_consistency_regularization/seed_22/explanation_metrics.json,222610,1ad45870580133e48e57f938cbd678b7dfb5134b20230bfdfc174a03bc160a06
v2_ablations/theia/minus_consistency_regularization/seed_22/metrics.json,1054,5c94b1ccf90d54e1c7c6d9aba22a84da16a7d306afcf298cf4ede6a5bc256d51
v2_ablations/theia/minus_consistency_regularization/seed_22/node_index.csv,109593,e586e3db8da0718ace2deada0950e07d59920c2a6d596c5daae32aeba512f564
v2_ablations/theia/minus_consistency_regularization/seed_22/node_predictions.csv,33601,52aad22639006bfe2cef3f981e8b7415fd7a9d458ecc3a63d940b1dcea9428d1
v2_ablations/theia/minus_consistency_regularization/seed_22/robustness_metrics.json,1039,dbe425194951494832396a525992752a51f2aaa841f5c538342fdd111fc70101
v2_ablations/theia/minus_consistency_regularization/seed_22/subgraph_predictions.csv,213,73fbaaa4b47a13113e88ad9afd14363bb9707ef3573d09436189fe2bcb542078
v2_ablations/theia/minus_consistency_regularization/seed_22/training_history.csv,19057,20edceb618cb17476ba1db5552f2467cad7a46fa643b0b60d8f7eca95fee0a78
v2_ablations/theia/minus_consistency_regularization/seed_33/campaign_index.csv,767,e77a2e618de93efde17302018a001c33e37e5319ce49389d9895f227eacc875f
v2_ablations/theia/minus_consistency_regularization/seed_33/checkpoint.pt,176181,84b31efe26d9fc12095b9a95d7e19a0929c72d23628ae38dd297e11700a1b8bc
v2_ablations/theia/minus_consistency_regularization/seed_33/compactness_validation.json,1426,c648d1dfe755e89c056d3d62e72150b8576f59f3ccb83fbaac364f634406e32b
v2_ablations/theia/minus_consistency_regularization/seed_33/config_resolved.json,6325,4f4731ab22be23ffc20e7b2be15a88ad46f41c1834f7af62ff3b291d6cbd6c69
v2_ablations/theia/minus_consistency_regularization/seed_33/dataset_manifest.json,498,683603522dbb28ae7b30118fe93fccc97b879a1f9d6b8a009318800bbc28ae2e
v2_ablations/theia/minus_consistency_regularization/seed_33/edge_predictions.csv,20822,5babdb4a607657c2e3784a7f208a807ddb7f801a67df2e6aa8304b726c3ee3ce
v2_ablations/theia/minus_consistency_regularization/seed_33/explanation_metrics.json,223102,6d85de5f909b988e5daea91bfd53c1fa50652733ed60f928199b2f12fd772e2e
v2_ablations/theia/minus_consistency_regularization/seed_33/metrics.json,1042,6da5bf40cdb4966cbf95eb7efa4db548e16c50780dceac6daffafd153aac8659
v2_ablations/theia/minus_consistency_regularization/seed_33/node_index.csv,109593,e586e3db8da0718ace2deada0950e07d59920c2a6d596c5daae32aeba512f564
v2_ablations/theia/minus_consistency_regularization/seed_33/node_predictions.csv,34017,d466148bfcf3fd9da7400d31c22ff4d94fa40b655c4b4d6f2647e0ec0731fb67
v2_ablations/theia/minus_consistency_regularization/seed_33/robustness_metrics.json,1041,9fb4b25bf3580f76f3aefa4c1a4307883a619ca0bc341999f31569604385878f
v2_ablations/theia/minus_consistency_regularization/seed_33/subgraph_predictions.csv,211,77c819784527e4f72cb19e26cebbdd7bbfd66dcda492a67b38e7948b370c991b
v2_ablations/theia/minus_consistency_regularization/seed_33/training_history.csv,19114,88f56cf7545c9b9c53a56559da707beb87077d60c0f100c756a605d920a9af93
v2_ablations/theia/minus_consistency_regularization/seed_44/campaign_index.csv,767,e77a2e618de93efde17302018a001c33e37e5319ce49389d9895f227eacc875f
v2_ablations/theia/minus_consistency_regularization/seed_44/checkpoint.pt,176181,48afef5755bdd5dac659b92bfeeb83bd2a616b4983c8da62a8089724365b5831
v2_ablations/theia/minus_consistency_regularization/seed_44/compactness_validation.json,1420,a15997e6c76956f61278565e7ab267154488f7e9f6aaaa622ffabbcfe44a3383
v2_ablations/theia/minus_consistency_regularization/seed_44/config_resolved.json,6325,ef81a3ae5588e790de7dc84bf98a1540ad810d905394bbe212deb839910ac958
v2_ablations/theia/minus_consistency_regularization/seed_44/dataset_manifest.json,498,683603522dbb28ae7b30118fe93fccc97b879a1f9d6b8a009318800bbc28ae2e
v2_ablations/theia/minus_consistency_regularization/seed_44/edge_predictions.csv,20640,c53938305fe0942875f4af97086566849f0df1a48b26720c84864504e50b3669
v2_ablations/theia/minus_consistency_regularization/seed_44/explanation_metrics.json,222834,aab85870e47b87757cef364eb520773061d6f621770d5738cf201099b733864f
v2_ablations/theia/minus_consistency_regularization/seed_44/metrics.json,1042,fcbefa69d4a7c15e5d1e2356a68dd5d86ec0003bd68b442ba9cc54ebe880f370
v2_ablations/theia/minus_consistency_regularization/seed_44/node_index.csv,109593,e586e3db8da0718ace2deada0950e07d59920c2a6d596c5daae32aeba512f564
v2_ablations/theia/minus_consistency_regularization/seed_44/node_predictions.csv,33752,d95b18d5e46d1ef412889f9d06f8936c90a4393160f22abe332146a40111dc59
v2_ablations/theia/minus_consistency_regularization/seed_44/robustness_metrics.json,1008,7f35b94bedba546d12de15c87d61d814fd4d4c246b3ddd0c55c5aa1a78ca1c0e
v2_ablations/theia/minus_consistency_regularization/seed_44/subgraph_predictions.csv,212,944a3e8c41498640bff28eb3ead3f817f0f43269dfd86d4916750aa51fb93677
v2_ablations/theia/minus_consistency_regularization/seed_44/training_history.csv,19087,d797a388be16def399fbfb3ca9d2d1237df22ea752e36e43f0ea7317a4d0bde8
v2_ablations/theia/minus_consistency_regularization/seed_55/campaign_index.csv,767,e77a2e618de93efde17302018a001c33e37e5319ce49389d9895f227eacc875f
v2_ablations/theia/minus_consistency_regularization/seed_55/checkpoint.pt,176181,9dcc9903fb52d8198ff81f26c99de71236ae3a5e063ed66a6c290c28f90c828b
v2_ablations/theia/minus_consistency_regularization/seed_55/compactness_validation.json,1420,e0b596d9a1d9c76103a7dd1ddec741ea0ff41b8cc0bcc0b5da0b11c78569eff6
v2_ablations/theia/minus_consistency_regularization/seed_55/config_resolved.json,6325,1496ca53eca7641f3f11fc3ba930dac91bc6cd0a308a121e32a16b89fe66b2b7
v2_ablations/theia/minus_consistency_regularization/seed_55/dataset_manifest.json,498,683603522dbb28ae7b30118fe93fccc97b879a1f9d6b8a009318800bbc28ae2e
v2_ablations/theia/minus_consistency_regularization/seed_55/edge_predictions.csv,20691,4c56bb6c64190fa1c94abd95bafcd0f2d50edc09890eb62f8351acdc2e6d7ea0
v2_ablations/theia/minus_consistency_regularization/seed_55/explanation_metrics.json,222810,1f9654c6ab9912990e97a92b7000edbb818eb14e1250dd7081322ba862a46e30
v2_ablations/theia/minus_consistency_regularization/seed_55/metrics.json,1059,5c59dfbc4f8143650fcefa07dfc563cea2af8b49fd0882d54f0e175543a10b96
v2_ablations/theia/minus_consistency_regularization/seed_55/node_index.csv,109593,e586e3db8da0718ace2deada0950e07d59920c2a6d596c5daae32aeba512f564
v2_ablations/theia/minus_consistency_regularization/seed_55/node_predictions.csv,33885,4f114b143da45d23f7be6a3f0b787b285d628a5149dffb36a7a875fb2fda1715
v2_ablations/theia/minus_consistency_regularization/seed_55/robustness_metrics.json,1039,03b4e1d839795755e917e837bacb2a4c53c495512551f62676e3bd4ff517e8ac
v2_ablations/theia/minus_consistency_regularization/seed_55/subgraph_predictions.csv,212,b6dd2d40a981e897a0fc688055acfcc0439d8f9bc1e774fde70c6aa68d3e0a06
v2_ablations/theia/minus_consistency_regularization/seed_55/training_history.csv,19037,74311b22c2f020d28d2cd2e039dc55e5a1d9dc370d7e8c1d0879e9a834d03724
v2_ablations/theia/minus_consistency_regularization/seed_66/campaign_index.csv,767,e77a2e618de93efde17302018a001c33e37e5319ce49389d9895f227eacc875f
v2_ablations/theia/minus_consistency_regularization/seed_66/checkpoint.pt,176181,a86f885a661b556e7a1d4b4ab9a43d07d3a6ac259895a52d60ea44f108234ef2
v2_ablations/theia/minus_consistency_regularization/seed_66/compactness_validation.json,1420,384c63b222c5ba541824c01f5854429d50901e3ac0843fc4ac15c91c40a573da
v2_ablations/theia/minus_consistency_regularization/seed_66/config_resolved.json,6325,1831b3d36a1ba1715a6a4241a89ce8d9005dcbf821c32b149e06533947406826
v2_ablations/theia/minus_consistency_regularization/seed_66/dataset_manifest.json,498,683603522dbb28ae7b30118fe93fccc97b879a1f9d6b8a009318800bbc28ae2e
v2_ablations/theia/minus_consistency_regularization/seed_66/edge_predictions.csv,20937,42174be3e3b2e26ec29fe3093e6daaa56eb0ab3d589ae659a4cceefa6b644522
v2_ablations/theia/minus_consistency_regularization/seed_66/explanation_metrics.json,1643,c9e12c110fb1ed80fc9302c27e42d8c24efca2b29a9ae092e6c15cdeab47a656
v2_ablations/theia/minus_consistency_regularization/seed_66/metrics.json,1054,567f0399f6fee50e291409066e29135618ac7026b17809087b74344864f42c1c
v2_ablations/theia/minus_consistency_regularization/seed_66/node_index.csv,109593,e586e3db8da0718ace2deada0950e07d59920c2a6d596c5daae32aeba512f564
v2_ablations/theia/minus_consistency_regularization/seed_66/node_predictions.csv,33915,f14bd591fd64aa80d142371b76ea603ba7e2d5785aecabd34e921801293ba89f
v2_ablations/theia/minus_consistency_regularization/seed_66/robustness_metrics.json,980,0067a339e5ba8eb5ecee1afb8b3418e57e71bd7035715b7518c9febbfafde2ea
v2_ablations/theia/minus_consistency_regularization/seed_66/subgraph_predictions.csv,213,cfef43d55f6fc7f5f4cc4204beb2bd5fdae40349421039cd12a6732532c72feb
v2_ablations/theia/minus_consistency_regularization/seed_66/training_history.csv,19170,e5be64eaf47ae9f037ed0dd0d61b30e96720fb94b1c4ec5902bb3696809ce046
v2_ablations/theia/minus_consistency_regularization/seed_77/campaign_index.csv,767,e77a2e618de93efde17302018a001c33e37e5319ce49389d9895f227eacc875f
v2_ablations/theia/minus_consistency_regularization/seed_77/checkpoint.pt,176181,ba7eef743db4b48fb846163d034e8fb654417930d2db47f14e4efb10e82cca57
v2_ablations/theia/minus_consistency_regularization/seed_77/compactness_validation.json,1420,f5117843ddc24988659d5e09aa267a7f78cbcf699ca3e751df389d2f9a0e2554
v2_ablations/theia/minus_consistency_regularization/seed_77/config_resolved.json,6324,d13ba46d680ee1d266709c3abd556201944ded885b365fcdfa7b42ce999e8598
v2_ablations/theia/minus_consistency_regularization/seed_77/dataset_manifest.json,498,683603522dbb28ae7b30118fe93fccc97b879a1f9d6b8a009318800bbc28ae2e
v2_ablations/theia/minus_consistency_regularization/seed_77/edge_predictions.csv,20811,a7972ade3108fd9e63b1f23c843fb0d824d1cd8a1c664c59e5be387b8eeab1a7
v2_ablations/theia/minus_consistency_regularization/seed_77/explanation_metrics.json,222747,6788e9fd5e003314a6b2905515a11a9ec57ff5e9d503ae53456418123115f4c0
v2_ablations/theia/minus_consistency_regularization/seed_77/metrics.json,1040,61c1cf9aba2e7352756b8e98e02ace823bc409507c7ca4da0bfd5d58d6a1c997
v2_ablations/theia/minus_consistency_regularization/seed_77/node_index.csv,109593,e586e3db8da0718ace2deada0950e07d59920c2a6d596c5daae32aeba512f564
v2_ablations/theia/minus_consistency_regularization/seed_77/node_predictions.csv,33719,465e31ef0a64b55d319c71b15fa41b7ae2f46dc358237217b018723d1a8c88f0
v2_ablations/theia/minus_consistency_regularization/seed_77/robustness_metrics.json,1037,122c6cc44aed8a4600af2ddce7fd8d32c9af3500d1e333d7b9816bb30fd8cf45
v2_ablations/theia/minus_consistency_regularization/seed_77/subgraph_predictions.csv,212,d56a1b3f1cce21bb7816a5b5a4f6ad726fa1e5c72b3530f7801cfc8c553e20a2
v2_ablations/theia/minus_consistency_regularization/seed_77/training_history.csv,19169,8178dca295ab097ec2d307c32b64149918cd50c95c8e8946aab35cb56391a24b
v2_ablations/theia/minus_consistency_regularization/seed_88/campaign_index.csv,767,e77a2e618de93efde17302018a001c33e37e5319ce49389d9895f227eacc875f
v2_ablations/theia/minus_consistency_regularization/seed_88/checkpoint.pt,176181,b510dbe672261b30da6d156b334c332ff5619051631af19bcaeb06145394d84c
v2_ablations/theia/minus_consistency_regularization/seed_88/compactness_validation.json,1426,7410785b7637f94082caded00b870434d17f1273997075022bcc0c20ea9facb6
v2_ablations/theia/minus_consistency_regularization/seed_88/config_resolved.json,6325,d7862617561248f2ac90b2fc49d2a20b2def46c731e76ab60d07498de061a5eb
v2_ablations/theia/minus_consistency_regularization/seed_88/dataset_manifest.json,498,683603522dbb28ae7b30118fe93fccc97b879a1f9d6b8a009318800bbc28ae2e
v2_ablations/theia/minus_consistency_regularization/seed_88/edge_predictions.csv,20335,6fd41572d3861fbb35c1578d0daf35a16ba252896ccaa46fa987b66cae719196
v2_ablations/theia/minus_consistency_regularization/seed_88/explanation_metrics.json,222984,5580bb4b70504af74dacd2dc046b258ec0a5c83116e1fd59417c9582ce8c2c88
v2_ablations/theia/minus_consistency_regularization/seed_88/metrics.json,1060,4c13879cfd7d2dc84e4cc29400513e27ed40a9963f2de93dfe9ea97591d9522e
v2_ablations/theia/minus_consistency_regularization/seed_88/node_index.csv,109593,e586e3db8da0718ace2deada0950e07d59920c2a6d596c5daae32aeba512f564
v2_ablations/theia/minus_consistency_regularization/seed_88/node_predictions.csv,33825,03bb94bc55e64840feea73932ef656edae14a29ce3a95de778bbe6f086008698
v2_ablations/theia/minus_consistency_regularization/seed_88/robustness_metrics.json,1041,1f72313af2049405f59ba8e8d08fade5acb334f428980040be627e63c73c5e9b
v2_ablations/theia/minus_consistency_regularization/seed_88/subgraph_predictions.csv,211,7e0e2b82a7b661439a937a84f5c854077e79d435a87ee55931fe7d25cf965131
v2_ablations/theia/minus_consistency_regularization/seed_88/training_history.csv,16814,2a00682c14d7d986beb2e818b16586f28d41ff9a0e94ce30f98d0ad8886bfff6
v2_ablations/theia/minus_consistency_regularization/seed_99/campaign_index.csv,767,e77a2e618de93efde17302018a001c33e37e5319ce49389d9895f227eacc875f
v2_ablations/theia/minus_consistency_regularization/seed_99/checkpoint.pt,176181,913ca1f9f104768466d63a5e9c08383fa4fdb3e8a116960470ded58339d100f6
v2_ablations/theia/minus_consistency_regularization/seed_99/compactness_validation.json,1420,9f85d6f6baca0321989e65c45ec8d01900ef3efcb807258d7229fbd1d59262fc
v2_ablations/theia/minus_consistency_regularization/seed_99/config_resolved.json,6324,2757ae97d445dea15e465e709ebbdf30c145f2169f32bf700f8b101a18a6870a
v2_ablations/theia/minus_consistency_regularization/seed_99/dataset_manifest.json,498,683603522dbb28ae7b30118fe93fccc97b879a1f9d6b8a009318800bbc28ae2e
v2_ablations/theia/minus_consistency_regularization/seed_99/edge_predictions.csv,20711,29ad94e79e8377de29602afea6214d4e12cd22cafdac5ea6815692a6dcad283f
v2_ablations/theia/minus_consistency_regularization/seed_99/explanation_metrics.json,222997,770deb8dc7bbfef17ae1ab239e61b8125faad69760b503ef0c93d4fd08272eea
v2_ablations/theia/minus_consistency_regularization/seed_99/metrics.json,1068,7cc275e0cea0b331a8f372c88b9aa9cc6cf1cc9d073eba93400976f56122cd20
v2_ablations/theia/minus_consistency_regularization/seed_99/node_index.csv,109593,e586e3db8da0718ace2deada0950e07d59920c2a6d596c5daae32aeba512f564
v2_ablations/theia/minus_consistency_regularization/seed_99/node_predictions.csv,34073,3def00894012fdc38c717835ae2ec88f1b7a1365da193a0c94e81d3ef55209e7
v2_ablations/theia/minus_consistency_regularization/seed_99/robustness_metrics.json,1041,991d69c7788f3f93c9c5fd28177435a7f25f7dcaa3f2a7878f51eae22c52341a
v2_ablations/theia/minus_consistency_regularization/seed_99/subgraph_predictions.csv,212,0736b4b9f807d4eab6ae42440c7e7c7bc70118eb8651e2e25fe82c81a1d2acf5
v2_ablations/theia/minus_consistency_regularization/seed_99/training_history.csv,19073,3d7dd151e5f103475fffc38f0ece06949a12998a237231ff52a42646cf1a436c
v2_ablations/theia/minus_gating_mechanism/seed_11/campaign_index.csv,767,e77a2e618de93efde17302018a001c33e37e5319ce49389d9895f227eacc875f
v2_ablations/theia/minus_gating_mechanism/seed_11/checkpoint.pt,176181,5acc4f48ac3db8aa9fb47668f9acfc0caeb5e21c1b83abe23a8e54be72555878
v2_ablations/theia/minus_gating_mechanism/seed_11/compactness_validation.json,1420,6a0de7a1ca491fa7cf2fa168521d3b3b7c8e558b52fbfbefb3ebb9c020a10bd1
v2_ablations/theia/minus_gating_mechanism/seed_11/config_resolved.json,6325,8063e303f8f1103b738da49beb1668453e8211a8ccb99c8689a096f3ca2e78ae
v2_ablations/theia/minus_gating_mechanism/seed_11/dataset_manifest.json,498,683603522dbb28ae7b30118fe93fccc97b879a1f9d6b8a009318800bbc28ae2e
v2_ablations/theia/minus_gating_mechanism/seed_11/edge_predictions.csv,20223,137db5bad248163f51d3a1ee9ae7db6dcd1f17b210f240da700ccfb0ec614de7
v2_ablations/theia/minus_gating_mechanism/seed_11/explanation_metrics.json,222846,b2c2dc2e7d2608b1c48a04bc642ea20f80b5955d5a5d461329877f24a7868ce6
v2_ablations/theia/minus_gating_mechanism/seed_11/metrics.json,1067,759852ad119c903d5739f0057625513ca8cdfe2f69d869cae1dab1c9d8544ed8
v2_ablations/theia/minus_gating_mechanism/seed_11/node_index.csv,109593,e586e3db8da0718ace2deada0950e07d59920c2a6d596c5daae32aeba512f564
v2_ablations/theia/minus_gating_mechanism/seed_11/node_predictions.csv,33952,d83f7fb2113c4036d453a90a59a4d38afb71effb9512bc30ff4e564dfa2746c5
v2_ablations/theia/minus_gating_mechanism/seed_11/robustness_metrics.json,1038,72e4eda94f5d34fb035a82488b3e5bb1e218420d219c781a575e433145a3ee1a
v2_ablations/theia/minus_gating_mechanism/seed_11/subgraph_predictions.csv,210,0952e4f53669fd11d80b0e5a1492501f7cc51813ee5da2d2553a3924d8871f7f
v2_ablations/theia/minus_gating_mechanism/seed_11/training_history.csv,14472,9d01c2a1d79dd89c0288037f0bab6d412a9374ee5f17070bf5b4c31674f56a60
v2_ablations/theia/minus_gating_mechanism/seed_110/campaign_index.csv,767,e77a2e618de93efde17302018a001c33e37e5319ce49389d9895f227eacc875f
v2_ablations/theia/minus_gating_mechanism/seed_110/checkpoint.pt,176181,b668cfbeba82847ec2b5f69d0ae7d2f1ffeb8b29156749a4939718f1336d540e
v2_ablations/theia/minus_gating_mechanism/seed_110/compactness_validation.json,1420,f8249d0f4d4c137ee0efce4bc0b59fe381b4c454842c17ac529f324f7600a1cc
v2_ablations/theia/minus_gating_mechanism/seed_110/config_resolved.json,6326,e7624a5df59189d10c1ca91c05f6c39dbc2d6206ff13d9f89a1f04e83c90953f
v2_ablations/theia/minus_gating_mechanism/seed_110/dataset_manifest.json,498,683603522dbb28ae7b30118fe93fccc97b879a1f9d6b8a009318800bbc28ae2e
v2_ablations/theia/minus_gating_mechanism/seed_110/edge_predictions.csv,20279,5be64c1c80beb30b1a35bff988b217717d2d4104ce150442eee0ccea19c701a2
v2_ablations/theia/minus_gating_mechanism/seed_110/explanation_metrics.json,222848,e5d91129d0d348497d3a5d13fc77dcf0f5f07ba902c845fce979508b04ae5dac
v2_ablations/theia/minus_gating_mechanism/seed_110/metrics.json,1030,8f19324bba4d0a09918b0e1c51222445e8a6b49d824a1f209d7a009bf60c87ea
v2_ablations/theia/minus_gating_mechanism/seed_110/node_index.csv,109593,e586e3db8da0718ace2deada0950e07d59920c2a6d596c5daae32aeba512f564
v2_ablations/theia/minus_gating_mechanism/seed_110/node_predictions.csv,33923,cc527df3314c51ef9101bca23ae368a6ea5967f82ff871d17f249fbd54639ddc
v2_ablations/theia/minus_gating_mechanism/seed_110/robustness_metrics.json,1008,df0eb7d1e0a191c14914c70dd21e1834fe6368d8f5fcf79ff07d964c40bcdb56
v2_ablations/theia/minus_gating_mechanism/seed_110/subgraph_predictions.csv,209,fadc0a91c4651a155da279a3684db02f0dc441dfb591421c20ee395420206793
v2_ablations/theia/minus_gating_mechanism/seed_110/training_history.csv,14878,d797afb92f5eaf5c2615f55d0c4c33f1d176806d43325e0a82e94f74553079ae
v2_ablations/theia/minus_gating_mechanism/seed_22/campaign_index.csv,767,e77a2e618de93efde17302018a001c33e37e5319ce49389d9895f227eacc875f
v2_ablations/theia/minus_gating_mechanism/seed_22/checkpoint.pt,176181,3603dbd0a37455e98366844bba374aa170d11c93074b43822f4c2ff129ef8471
v2_ablations/theia/minus_gating_mechanism/seed_22/compactness_validation.json,1420,3551887f35d5767cbd8c3a0333fdffa7348dfd996436c786d5a0d6a3eec5dd07
v2_ablations/theia/minus_gating_mechanism/seed_22/config_resolved.json,6325,4e7fe37790e1d6320b9e0298ebdde9fee8ab65fbbb857d52d4d8277e245ffbc6
v2_ablations/theia/minus_gating_mechanism/seed_22/dataset_manifest.json,498,683603522dbb28ae7b30118fe93fccc97b879a1f9d6b8a009318800bbc28ae2e
v2_ablations/theia/minus_gating_mechanism/seed_22/edge_predictions.csv,20363,4f7fe56a042e39b21cd0b718c99827c2c60ab14db6961d5d1f18b72209b69a12
v2_ablations/theia/minus_gating_mechanism/seed_22/explanation_metrics.json,222782,fa184cd7ee5ab89efd06f7707749d7ec7a5efec05d69caa010a87f138cc60ff2
v2_ablations/theia/minus_gating_mechanism/seed_22/metrics.json,1061,0863e2a6f574b8d170955b12cc23b9dd6cc3cc2e00ecc57440e259919862074f
v2_ablations/theia/minus_gating_mechanism/seed_22/node_index.csv,109593,e586e3db8da0718ace2deada0950e07d59920c2a6d596c5daae32aeba512f564
v2_ablations/theia/minus_gating_mechanism/seed_22/node_predictions.csv,33931,4cd281d883a43f1db9d546a97e02a6ada778849ffb1dcc293645bad3175e010f
v2_ablations/theia/minus_gating_mechanism/seed_22/robustness_metrics.json,1039,c4f7481a65a25ba630bb6dfaa8c66335ba818eed83a5bdc2ed42c811a4d134b3
v2_ablations/theia/minus_gating_mechanism/seed_22/subgraph_predictions.csv,210,1f3af5d3936faeda8af666e595b1f6b0c885d68b026c7003fe1b7002c419cde8
v2_ablations/theia/minus_gating_mechanism/seed_22/training_history.csv,17207,782e6b483c3c6a5a818ecf7d9d3a148980a5c1fdac2140c76010746ed7b45df5
v2_ablations/theia/minus_gating_mechanism/seed_33/campaign_index.csv,767,e77a2e618de93efde17302018a001c33e37e5319ce49389d9895f227eacc875f
v2_ablations/theia/minus_gating_mechanism/seed_33/checkpoint.pt,176181,b83f9ba717bff12d12620990eac103cccf0857dc42f1a90a2c82475b45737dd8
v2_ablations/theia/minus_gating_mechanism/seed_33/compactness_validation.json,1420,afa2ed68e8c3bed7136a049886ec30327ddfbfd778dd456a5c981f8d66a5a8d0
v2_ablations/theia/minus_gating_mechanism/seed_33/config_resolved.json,6325,f1ed80e832a7279a40aae3c166819fc1635e97142f8901144745539aee6ebab5
v2_ablations/theia/minus_gating_mechanism/seed_33/dataset_manifest.json,498,683603522dbb28ae7b30118fe93fccc97b879a1f9d6b8a009318800bbc28ae2e
v2_ablations/theia/minus_gating_mechanism/seed_33/edge_predictions.csv,20409,5ad9df8980c9e6fe6c5d7fea0531d4c591bb9da35bb06aa95a01d5d9e215a62c
v2_ablations/theia/minus_gating_mechanism/seed_33/explanation_metrics.json,222690,d1628374cbe35e747af70b3838c5b43b74b24754b4a6392c4165fb675a452065
v2_ablations/theia/minus_gating_mechanism/seed_33/metrics.json,1045,03b4742dbb6438076cad3ea1bc155496fe9c47b998430b0681ce2fda7a46ada7
v2_ablations/theia/minus_gating_mechanism/seed_33/node_index.csv,109593,e586e3db8da0718ace2deada0950e07d59920c2a6d596c5daae32aeba512f564
v2_ablations/theia/minus_gating_mechanism/seed_33/node_predictions.csv,33535,9a7d4161291f0340b8a581a5ecab1d0e7b4656ffbb91c849283ad270d09cd0ff
v2_ablations/theia/minus_gating_mechanism/seed_33/robustness_metrics.json,1039,969d6bc2289105e24b1a7d0e797f4e08665638e88998f4e0251fc36138eb6938
v2_ablations/theia/minus_gating_mechanism/seed_33/subgraph_predictions.csv,212,068b0d214d84396725b68353bf073ac7c8150a6bfba13cd9f9104bce98cc5ed9
v2_ablations/theia/minus_gating_mechanism/seed_33/training_history.csv,17918,e225895a82f06204da5274ce2ae6823f2d5a1adcce4735d078f0dc2bdcb9f14e
v2_ablations/theia/minus_gating_mechanism/seed_44/campaign_index.csv,767,e77a2e618de93efde17302018a001c33e37e5319ce49389d9895f227eacc875f
v2_ablations/theia/minus_gating_mechanism/seed_44/checkpoint.pt,176181,8f4d29313b9b64577e48b1136347d402abac0cc75ecf3421f27b1ac0815f55e8
v2_ablations/theia/minus_gating_mechanism/seed_44/compactness_validation.json,1420,8ab4e0e6478a904661f63c3bab337af4a7881373cb9d9c540436d02d23260b1c
v2_ablations/theia/minus_gating_mechanism/seed_44/config_resolved.json,6325,e334cb41513ae18e0ab1f978e8a75e2da829945be4dba07b88ddd3aefcd52ce5
v2_ablations/theia/minus_gating_mechanism/seed_44/dataset_manifest.json,498,683603522dbb28ae7b30118fe93fccc97b879a1f9d6b8a009318800bbc28ae2e
v2_ablations/theia/minus_gating_mechanism/seed_44/edge_predictions.csv,20864,913c49904024c635c99255875d9eb393fb165af6b892a5a7325e075b2167dc5f
v2_ablations/theia/minus_gating_mechanism/seed_44/explanation_metrics.json,222757,011fc9457310eac564215aae40d37dc515b752386b0e18f1189f603bbc1f375d
v2_ablations/theia/minus_gating_mechanism/seed_44/metrics.json,1071,64017ab244f0138d50e23bddc9bdb06f587049e55327e41c01cae60e01b3c631
v2_ablations/theia/minus_gating_mechanism/seed_44/node_index.csv,109593,e586e3db8da0718ace2deada0950e07d59920c2a6d596c5daae32aeba512f564
v2_ablations/theia/minus_gating_mechanism/seed_44/node_predictions.csv,33419,583d0d782aaa7ab1ef393088091fbde84ffa83e8a46c214c2a8127128b1368dc
v2_ablations/theia/minus_gating_mechanism/seed_44/robustness_metrics.json,1008,1997c186c4d6fa3363012d116f17b4d79c3462146ea5303c62586b178e85c18d
v2_ablations/theia/minus_gating_mechanism/seed_44/subgraph_predictions.csv,211,3d2763892a3d684d621de0976bf298f714aad5b194c78358cceb1302a3432325
v2_ablations/theia/minus_gating_mechanism/seed_44/training_history.csv,19027,10bebd53cecf73a6aac4ab2619472e61fed834921e138ffe2848b28a01014a45
v2_ablations/theia/minus_gating_mechanism/seed_55/campaign_index.csv,767,e77a2e618de93efde17302018a001c33e37e5319ce49389d9895f227eacc875f
v2_ablations/theia/minus_gating_mechanism/seed_55/checkpoint.pt,176181,e76059b853edba79e7304a6cf7bb98441e13f2d1bb04f74a47476eb0605e90d6
v2_ablations/theia/minus_gating_mechanism/seed_55/compactness_validation.json,1414,cee2cc2ac1f62b60362ea75b2c6cc5315a7db52592900c69163ed4518ebc7791
v2_ablations/theia/minus_gating_mechanism/seed_55/config_resolved.json,6325,a4bcd4f35f3a8e61c3cc1d1bb2d26816c101f6abc4b2fa94d22b8c4289105aeb
v2_ablations/theia/minus_gating_mechanism/seed_55/dataset_manifest.json,498,683603522dbb28ae7b30118fe93fccc97b879a1f9d6b8a009318800bbc28ae2e
v2_ablations/theia/minus_gating_mechanism/seed_55/edge_predictions.csv,20869,d2f7e86ab57403e9c0b2f1e0b0a35d2439f23f9f6b41b9b194e66190b85ce46e
v2_ablations/theia/minus_gating_mechanism/seed_55/explanation_metrics.json,222810,65caa8cf46ff6a9d6fb2c85135aa0d8d234d2747c0dcfb921046ce237394a743
v2_ablations/theia/minus_gating_mechanism/seed_55/metrics.json,1041,f36c6feacdeee03a19d5a240b678980ae8d6b4febd3a3dfd2d9318a5c69f4898
v2_ablations/theia/minus_gating_mechanism/seed_55/node_index.csv,109593,e586e3db8da0718ace2deada0950e07d59920c2a6d596c5daae32aeba512f564
v2_ablations/theia/minus_gating_mechanism/seed_55/node_predictions.csv,33894,32a85336be120de181ac24c7a6130d4b8a1b2c9b8eb3a30425e75ae28dfabd8e
v2_ablations/theia/minus_gating_mechanism/seed_55/robustness_metrics.json,1038,f579de6455183310a225584dc01166b29f974e9f6e60f2cac6af924b7c27409b
v2_ablations/theia/minus_gating_mechanism/seed_55/subgraph_predictions.csv,212,46fcf55519fd63421a8304b1fab7c8c76c3d5c7866c666e61537b201f17dbed5
v2_ablations/theia/minus_gating_mechanism/seed_55/training_history.csv,19039,ee0b1825f0da2e53b93d94e1ea274e11f7cca50433204f011b683a2b3d76c463
v2_ablations/theia/minus_gating_mechanism/seed_66/campaign_index.csv,767,e77a2e618de93efde17302018a001c33e37e5319ce49389d9895f227eacc875f
v2_ablations/theia/minus_gating_mechanism/seed_66/checkpoint.pt,176181,b600583b3a1d5508d9518b4ab6db647b9f4dd2a068518123f96c11cd228bfef5
v2_ablations/theia/minus_gating_mechanism/seed_66/compactness_validation.json,1420,aaf85cfb2d5f7e479f498742f9bdbdfc7ffcc125d6588ece457e91d35b93acc0
v2_ablations/theia/minus_gating_mechanism/seed_66/config_resolved.json,6325,f568b9a86f6adb2544b8afda5b8a282bd1fa2ac55a18bd9d01138812e48c7f09
v2_ablations/theia/minus_gating_mechanism/seed_66/dataset_manifest.json,498,683603522dbb28ae7b30118fe93fccc97b879a1f9d6b8a009318800bbc28ae2e
v2_ablations/theia/minus_gating_mechanism/seed_66/edge_predictions.csv,20825,8859f45d26737defe582abf75ed86ed4d4ef7c9925b8340acddb896eddb41a86
v2_ablations/theia/minus_gating_mechanism/seed_66/explanation_metrics.json,222752,3f24d851ac6e360355a3fe4785ea3fbeb1e3af2f5fa2261035faea04e4e2a5a2
v2_ablations/theia/minus_gating_mechanism/seed_66/metrics.json,1028,8a7d39da4fed53f4ccbd68332cf2ee69d5381ca35176483749bd93a4403ab20e
v2_ablations/theia/minus_gating_mechanism/seed_66/node_index.csv,109593,e586e3db8da0718ace2deada0950e07d59920c2a6d596c5daae32aeba512f564
v2_ablations/theia/minus_gating_mechanism/seed_66/node_predictions.csv,34080,5746d7d10a4d27f73619d24dcc771f3c2228663232477ce794aab7f66c415662
v2_ablations/theia/minus_gating_mechanism/seed_66/robustness_metrics.json,1039,41075f523f0839fbf8ce9b7d4eb84a8bbcceef2bac701a830ba26cb69826c5a6
v2_ablations/theia/minus_gating_mechanism/seed_66/subgraph_predictions.csv,211,605e77ebfe9c3d35046736e38a83a2b38a5c1a4afb2e020ff0122ff15292d68f
v2_ablations/theia/minus_gating_mechanism/seed_66/training_history.csv,19041,4c9f102c3e21b2d76f983e9cd674e5d76b5d3ee96f8a587f289ad8b9883c35bd
v2_ablations/theia/minus_gating_mechanism/seed_77/campaign_index.csv,767,e77a2e618de93efde17302018a001c33e37e5319ce49389d9895f227eacc875f
v2_ablations/theia/minus_gating_mechanism/seed_77/checkpoint.pt,176181,e710578f505f378214720a4be9664e25ecc582cae79f5dcd69f50fe2acab87f6
v2_ablations/theia/minus_gating_mechanism/seed_77/compactness_validation.json,1414,1ff9af06392790888e1f5a5dccc760fc4496dd42c58b4e904134ed588eca5d89
v2_ablations/theia/minus_gating_mechanism/seed_77/config_resolved.json,6325,666068106f345407fa9045f5f1d1d2b393e41d844f2efad168beceed4f65de9e
v2_ablations/theia/minus_gating_mechanism/seed_77/dataset_manifest.json,498,683603522dbb28ae7b30118fe93fccc97b879a1f9d6b8a009318800bbc28ae2e
v2_ablations/theia/minus_gating_mechanism/seed_77/edge_predictions.csv,21046,b3689bae4b7031626572baafbefccab25ca0e5542a74309b49c0f47f4d537e97
v2_ablations/theia/minus_gating_mechanism/seed_77/explanation_metrics.json,222865,1282f5b2ee7925bd678ed499a3dd7949037fa33727801b6de8b1943e030eb222
v2_ablations/theia/minus_gating_mechanism/seed_77/metrics.json,1056,b97347a405656b15c8734f5e625024b23cc4f273ba39bb5ff7ec96fd297a6f29
v2_ablations/theia/minus_gating_mechanism/seed_77/node_index.csv,109593,e586e3db8da0718ace2deada0950e07d59920c2a6d596c5daae32aeba512f564
v2_ablations/theia/minus_gating_mechanism/seed_77/node_predictions.csv,33987,be878864d20a1dc29cb006aa1fe620d8e80e1764c95bd56a0670cea118fa0713
v2_ablations/theia/minus_gating_mechanism/seed_77/robustness_metrics.json,1008,9fda652d5d5ce352fbdc165e52d8339b7ae4ce4a341e996a7078152be1de12f4
v2_ablations/theia/minus_gating_mechanism/seed_77/subgraph_predictions.csv,212,830269c3493f73287bbe7c6be12000085fe5e3e34e891b0aa6d483d7f4d59629
v2_ablations/theia/minus_gating_mechanism/seed_77/training_history.csv,19116,6e68f3e53b00673c5df7a3500302fb89136f6d41bb036dee270b558456242c43
v2_ablations/theia/minus_gating_mechanism/seed_88/campaign_index.csv,767,e77a2e618de93efde17302018a001c33e37e5319ce49389d9895f227eacc875f
v2_ablations/theia/minus_gating_mechanism/seed_88/checkpoint.pt,176181,84e9423957453c94555237a63fe533e89aea900d7da31c8a69ee45f857cfe3be
v2_ablations/theia/minus_gating_mechanism/seed_88/compactness_validation.json,1420,4f2ea9b56c6fd56f9d8eb187832e3c22204562d9d99d1b44c5808a442f2316cd
v2_ablations/theia/minus_gating_mechanism/seed_88/config_resolved.json,6325,f56423a7f29d192877618cf9429615a0d4a0c19ae014760b665a8b87125e1a56
v2_ablations/theia/minus_gating_mechanism/seed_88/dataset_manifest.json,498,683603522dbb28ae7b30118fe93fccc97b879a1f9d6b8a009318800bbc28ae2e
v2_ablations/theia/minus_gating_mechanism/seed_88/edge_predictions.csv,20547,a17e1c37bb495e8ccf07817d93aee6c5ff6f57d48e39793e89176615a0d6013c
v2_ablations/theia/minus_gating_mechanism/seed_88/explanation_metrics.json,222685,fa850977e43313f026f9b39245fc1715ba8c774d89ffbc87e4bc909ccf523f23
v2_ablations/theia/minus_gating_mechanism/seed_88/metrics.json,1057,a01106521e6c3205bbc9cf9ba9b4a47f84c9e2815b0634b0ba887b92cb2bd924
v2_ablations/theia/minus_gating_mechanism/seed_88/node_index.csv,109593,e586e3db8da0718ace2deada0950e07d59920c2a6d596c5daae32aeba512f564
v2_ablations/theia/minus_gating_mechanism/seed_88/node_predictions.csv,34056,7d0220df8baee04b57e9822d94891531b2833ffb0b1e614696c48a500baf8f3e
v2_ablations/theia/minus_gating_mechanism/seed_88/robustness_metrics.json,1008,d0a2b8dd810582fee7c0910b0f274f925850c231cceac8d2a581764695f390ea
v2_ablations/theia/minus_gating_mechanism/seed_88/subgraph_predictions.csv,213,bda829b1128bc95fae9750d2e07bdd557ba703c55d64cb9e434fb7f35202b4d1
v2_ablations/theia/minus_gating_mechanism/seed_88/training_history.csv,16774,2ccf39e74dcfa1b67676cf8847092c3db924583f1312a6891e1e657d016607bf
v2_ablations/theia/minus_gating_mechanism/seed_99/campaign_index.csv,767,e77a2e618de93efde17302018a001c33e37e5319ce49389d9895f227eacc875f
v2_ablations/theia/minus_gating_mechanism/seed_99/checkpoint.pt,176181,95fefd241e0929064f6f79e8a0d2a2780413e9a9891c8e8ac81d4f79f18afc1b
v2_ablations/theia/minus_gating_mechanism/seed_99/compactness_validation.json,1420,6a7d87e49042911a48fc5a5a9dc8f37378dee3907630d4050ad035cfd2af9170
v2_ablations/theia/minus_gating_mechanism/seed_99/config_resolved.json,6324,5d1585612a96b4d5a81e3961fae6f5a2959ee7d4aaf7b94eae4a9ddab29368d6
v2_ablations/theia/minus_gating_mechanism/seed_99/dataset_manifest.json,498,683603522dbb28ae7b30118fe93fccc97b879a1f9d6b8a009318800bbc28ae2e
v2_ablations/theia/minus_gating_mechanism/seed_99/edge_predictions.csv,20701,9dab7f3e9d1aa074c0d7eebd94a43150685a1a79ec670de1112100ae67dfc506
v2_ablations/theia/minus_gating_mechanism/seed_99/explanation_metrics.json,222701,6a8efa908efe8702a8e0e59434f3a40ee5dff6f8ad6924ce8d43b12ec7126636
v2_ablations/theia/minus_gating_mechanism/seed_99/metrics.json,1029,d02d3f678bee9c9f54142f08f2610d39098196c520b44227dd6a8fc889898dc0
v2_ablations/theia/minus_gating_mechanism/seed_99/node_index.csv,109593,e586e3db8da0718ace2deada0950e07d59920c2a6d596c5daae32aeba512f564
v2_ablations/theia/minus_gating_mechanism/seed_99/node_predictions.csv,33489,e1961318bf8ef453883fb35950e56eec37792ebc8d29b7ce3b6a7b22a0a76770
v2_ablations/theia/minus_gating_mechanism/seed_99/robustness_metrics.json,1008,0185f91c715fe39ad796c981d2e93eb7a7756272ac83fd256c3d62d715f92c42
v2_ablations/theia/minus_gating_mechanism/seed_99/subgraph_predictions.csv,209,90850779ff8c5840686c727abe1eab374b5fa646b87837b0b525cd411e5de6d2
v2_ablations/theia/minus_gating_mechanism/seed_99/training_history.csv,19037,4bbb6edcd962151e14bdfa35b41fbff4df03a4a6ab88db34a4e62ca9f860b7b1
v2_ablations/theia/minus_heterogeneous_stream/seed_11/campaign_index.csv,767,e77a2e618de93efde17302018a001c33e37e5319ce49389d9895f227eacc875f
v2_ablations/theia/minus_heterogeneous_stream/seed_11/checkpoint.pt,176181,3072e9d355541e712da7e4bf469d111d88f05d31eaa6cf25bbf314b1fe7d08dc
v2_ablations/theia/minus_heterogeneous_stream/seed_11/compactness_validation.json,1516,ca4510bae512f47d43fbd1bbf8d6fa3fc0457019bae5609c9946b7a7c8e49bca
v2_ablations/theia/minus_heterogeneous_stream/seed_11/config_resolved.json,6325,48f462b5a2d929c0a5fa6a0d954f4bbad59e98fbb9b694e7df0044462b2f96fa
v2_ablations/theia/minus_heterogeneous_stream/seed_11/dataset_manifest.json,498,683603522dbb28ae7b30118fe93fccc97b879a1f9d6b8a009318800bbc28ae2e
v2_ablations/theia/minus_heterogeneous_stream/seed_11/edge_predictions.csv,20520,861e3cac9d472af637943dbf795a826ecc26006ea27160cac6e27ccc486cdd47
v2_ablations/theia/minus_heterogeneous_stream/seed_11/explanation_metrics.json,529187,53e2c121dc5e286558a27422ea91839e5f570f34aaa9cb74d46b2e372b19495b
v2_ablations/theia/minus_heterogeneous_stream/seed_11/metrics.json,1062,1bcddac067f85001b2377384f4a07f099f7b05b769fae3dbe146f27f113f554c
v2_ablations/theia/minus_heterogeneous_stream/seed_11/node_index.csv,109593,e586e3db8da0718ace2deada0950e07d59920c2a6d596c5daae32aeba512f564
v2_ablations/theia/minus_heterogeneous_stream/seed_11/node_predictions.csv,33989,8855232e093ec4661f0fe84680297e68ebdd671806f5d6484c12ed4a04a6adce
v2_ablations/theia/minus_heterogeneous_stream/seed_11/robustness_metrics.json,1039,1772f4a217931ad097b83bad22edaf9a4aac2ad4361bbea6337177cb2a3a77d1
v2_ablations/theia/minus_heterogeneous_stream/seed_11/subgraph_predictions.csv,211,89b298ad97a39e4890b123b8770fb956b51d4004f35d61e4cd6bb736678fddff
v2_ablations/theia/minus_heterogeneous_stream/seed_11/training_history.csv,19021,ad0bf5f9647b02d229c2dd6db0800391790d064fe8572631d38c3b28930cc2e5
v2_ablations/theia/minus_heterogeneous_stream/seed_110/campaign_index.csv,767,e77a2e618de93efde17302018a001c33e37e5319ce49389d9895f227eacc875f
v2_ablations/theia/minus_heterogeneous_stream/seed_110/checkpoint.pt,176181,168ed0667abaf8c49d17cbc92279818d8d827417addf7d435df0c3858aa8ac7c
v2_ablations/theia/minus_heterogeneous_stream/seed_110/compactness_validation.json,1420,2b9432010c48907322f86fa142ebf7931a18f56b270d17c3a7430fb860cf33ca
v2_ablations/theia/minus_heterogeneous_stream/seed_110/config_resolved.json,6326,19dfaf838e9feafd78a8f91c8057e8eb0ef333188a9ae75d5c6f6a39a20a294b
v2_ablations/theia/minus_heterogeneous_stream/seed_110/dataset_manifest.json,498,683603522dbb28ae7b30118fe93fccc97b879a1f9d6b8a009318800bbc28ae2e
v2_ablations/theia/minus_heterogeneous_stream/seed_110/edge_predictions.csv,20640,84649e55b694867708b76a61d98a12d506042fcd5f36db95ef8ea856317c2f6c
v2_ablations/theia/minus_heterogeneous_stream/seed_110/explanation_metrics.json,529139,077ff7b6dc4da7fba9e74b186e7da6c06fbdbab45c1fca5eeb52ce465a925c0d
v2_ablations/theia/minus_heterogeneous_stream/seed_110/metrics.json,1060,f6b2b015be552c9ed05e6241512d8c260cb0530a86c26e81d29dc93fd525f176
v2_ablations/theia/minus_heterogeneous_stream/seed_110/node_index.csv,109593,e586e3db8da0718ace2deada0950e07d59920c2a6d596c5daae32aeba512f564
v2_ablations/theia/minus_heterogeneous_stream/seed_110/node_predictions.csv,33470,f315fc64aeb8330ecc83858facec31e67f973140c7cce0723edb65e75bcfc7a5
v2_ablations/theia/minus_heterogeneous_stream/seed_110/robustness_metrics.json,1038,b9ac9e4ac525b5fa16349a5fd50d0761eabbbf3bde4667e4cdea71b9ab70d605
v2_ablations/theia/minus_heterogeneous_stream/seed_110/subgraph_predictions.csv,211,cc596f4d148ea9ed58e8bcef8ecc70ef6cf41c51c4439f34a610bf3515985e73
v2_ablations/theia/minus_heterogeneous_stream/seed_110/training_history.csv,19063,e5bda6357958be189f8d940cd16b75f03168733f70bb250a3f083b997f5d9220
v2_ablations/theia/minus_heterogeneous_stream/seed_22/campaign_index.csv,767,e77a2e618de93efde17302018a001c33e37e5319ce49389d9895f227eacc875f
v2_ablations/theia/minus_heterogeneous_stream/seed_22/checkpoint.pt,176181,ba8a9dc4cb3d35849c0c357be387f01e3111a878f564ac50cd594b2d663b0b57
v2_ablations/theia/minus_heterogeneous_stream/seed_22/compactness_validation.json,1426,80bbb4f28e64c16071a82d8944b8d2f7684ad42ef4396f9c5203478bc45b6a2c
v2_ablations/theia/minus_heterogeneous_stream/seed_22/config_resolved.json,6325,c4a3328f66bf6456e9960c4c2816e366e61ae58f90a3eafcad2b61d001521d16
v2_ablations/theia/minus_heterogeneous_stream/seed_22/dataset_manifest.json,498,683603522dbb28ae7b30118fe93fccc97b879a1f9d6b8a009318800bbc28ae2e
v2_ablations/theia/minus_heterogeneous_stream/seed_22/edge_predictions.csv,20449,e2d4636f5c146f114576793ac62e1aa22dc7da4036e82dda4eb68b6bd171ab6d
v2_ablations/theia/minus_heterogeneous_stream/seed_22/explanation_metrics.json,528623,21ead7726ae54e89a95afae6eda8a12252035cb6acbdd1bae06809aa96bbb1c3
v2_ablations/theia/minus_heterogeneous_stream/seed_22/metrics.json,1059,4b01319934f79b94f5a8401b41f0686fb0b0cee59e60567e2254e707ef9cd70a
v2_ablations/theia/minus_heterogeneous_stream/seed_22/node_index.csv,109593,e586e3db8da0718ace2deada0950e07d59920c2a6d596c5daae32aeba512f564
v2_ablations/theia/minus_heterogeneous_stream/seed_22/node_predictions.csv,33681,ebd4564a5529dff12249a26dc528a0fa5b63f7dc478c95f309e8f86f9a107c2f
v2_ablations/theia/minus_heterogeneous_stream/seed_22/robustness_metrics.json,1037,8e6a3bf57b320d434c31621c16b6b0017ae04247a57f1c9cd40d2ea38af56b7b
v2_ablations/theia/minus_heterogeneous_stream/seed_22/subgraph_predictions.csv,211,d4171cb126522f527c45a43f22bc7e267902d1777343d2984b02fb56bfd89efd
v2_ablations/theia/minus_heterogeneous_stream/seed_22/training_history.csv,19104,b63f34ce38171b1177dbec4af52671e6ec8faa650f1190750d5296d3d303d6fa
v2_ablations/theia/minus_heterogeneous_stream/seed_33/campaign_index.csv,767,e77a2e618de93efde17302018a001c33e37e5319ce49389d9895f227eacc875f
v2_ablations/theia/minus_heterogeneous_stream/seed_33/checkpoint.pt,176181,099b7b0fa482932aa80b11d986db7d69cefbedf32fa3e76b15cca0d18ab24549
v2_ablations/theia/minus_heterogeneous_stream/seed_33/compactness_validation.json,1504,70141fe0bde12b1ae59f6560e9cba12670bbaeb0b60c8050ce8ad18272ec04e7
v2_ablations/theia/minus_heterogeneous_stream/seed_33/config_resolved.json,6324,b7109b1c22f4aee5a88995817bd71e13b51b910b7c2cb81562c5e44391c963d7
v2_ablations/theia/minus_heterogeneous_stream/seed_33/dataset_manifest.json,498,683603522dbb28ae7b30118fe93fccc97b879a1f9d6b8a009318800bbc28ae2e
v2_ablations/theia/minus_heterogeneous_stream/seed_33/edge_predictions.csv,20646,25beca2c0d23ed418b3a58d49a21285fb4029bf7828bbad4c0abc4bdb774bd69
v2_ablations/theia/minus_heterogeneous_stream/seed_33/explanation_metrics.json,529095,8323875cbd3f6e38953c559eee8d3b704cec8b859d43bb118f1c7bca883cf86c
v2_ablations/theia/minus_heterogeneous_stream/seed_33/metrics.json,1045,be67ae80547e13058494088a3744076100b935db346e2296f6e68a234a721030
v2_ablations/theia/minus_heterogeneous_stream/seed_33/node_index.csv,109593,e586e3db8da0718ace2deada0950e07d59920c2a6d596c5daae32aeba512f564
v2_ablations/theia/minus_heterogeneous_stream/seed_33/node_predictions.csv,33849,a8be5e4f4e1f4e22d1c79337819af601a25e159e601e1ba73d6c04211f6cb8fc
v2_ablations/theia/minus_heterogeneous_stream/seed_33/robustness_metrics.json,1038,7f6dcb1dc3fbd7755a0a15d4738ad5e95102423aaaaba5e720c7aa8ce9298886
v2_ablations/theia/minus_heterogeneous_stream/seed_33/subgraph_predictions.csv,212,838df51f9c5e2dc1ffa36202ddab83d04efdf0c825a9ae70cea38420062aafb3
v2_ablations/theia/minus_heterogeneous_stream/seed_33/training_history.csv,19083,499f4e0f1684ee42c7d1e1468aafc1fa59e4aac6b669a2b7e9b07949e772bab2
v2_ablations/theia/minus_heterogeneous_stream/seed_44/campaign_index.csv,767,e77a2e618de93efde17302018a001c33e37e5319ce49389d9895f227eacc875f
v2_ablations/theia/minus_heterogeneous_stream/seed_44/checkpoint.pt,176181,e76e9ce5a88d3a6d27f071a6765ddcbc3b65d86e90de693424e2fa861c9dbf4f
v2_ablations/theia/minus_heterogeneous_stream/seed_44/compactness_validation.json,1516,78ab0d21c283f2c5ad7dbc9f25b089125a4f2073719920d3afb0e984a844aaca
v2_ablations/theia/minus_heterogeneous_stream/seed_44/config_resolved.json,6325,643b4d3f3b2d08b03cefdf07978cc65358e1f74bb5a3e78e20d4002abc19063b
v2_ablations/theia/minus_heterogeneous_stream/seed_44/dataset_manifest.json,498,683603522dbb28ae7b30118fe93fccc97b879a1f9d6b8a009318800bbc28ae2e
v2_ablations/theia/minus_heterogeneous_stream/seed_44/edge_predictions.csv,20517,b58c99cfc48bdb17d2504b53ac7b9b26fca5ac0b9cce9740db4113721046ed4c
v2_ablations/theia/minus_heterogeneous_stream/seed_44/explanation_metrics.json,528893,1cc627b5e2de4e2e03aac36c692e9e0624256605a84d446cf32a55fe969b99a1
v2_ablations/theia/minus_heterogeneous_stream/seed_44/metrics.json,1060,35142bcc704c5069097f78cd27bb84a09641f2da395cbd3d877353777797f116
v2_ablations/theia/minus_heterogeneous_stream/seed_44/node_index.csv,109593,e586e3db8da0718ace2deada0950e07d59920c2a6d596c5daae32aeba512f564
v2_ablations/theia/minus_heterogeneous_stream/seed_44/node_predictions.csv,33697,b1ca55b505b3e8a542edc81063fab5216433db0094a8925c9087fee4ba8f003e
v2_ablations/theia/minus_heterogeneous_stream/seed_44/robustness_metrics.json,1037,8d1780c9761acfe41086610bdd91da90d7ab55f179e780dccbe1bcc24ae731a3
v2_ablations/theia/minus_heterogeneous_stream/seed_44/subgraph_predictions.csv,211,c133f80953c508d47b64858129d33a52a6bdabc2041ffb12238124d4b6ff7b50
v2_ablations/theia/minus_heterogeneous_stream/seed_44/training_history.csv,19097,973d13bd286fb28c26b9a5391738f2af1e7ad5cca382fd72de0775c90cf96372
v2_ablations/theia/minus_heterogeneous_stream/seed_55/campaign_index.csv,767,e77a2e618de93efde17302018a001c33e37e5319ce49389d9895f227eacc875f
v2_ablations/theia/minus_heterogeneous_stream/seed_55/checkpoint.pt,176181,13376b2f989a48d6bbf3da6bbe4e187593969fc21ef86ffc6b2289d2b786c649
v2_ablations/theia/minus_heterogeneous_stream/seed_55/compactness_validation.json,1426,145a928a3b0c943deb69736de2b7ed1c8a863f37d42554a65b9797733adc4946
v2_ablations/theia/minus_heterogeneous_stream/seed_55/config_resolved.json,6325,16481871cf78b5c30725f751edc6972e47c07227cf7d969c147a70f195ba860c
v2_ablations/theia/minus_heterogeneous_stream/seed_55/dataset_manifest.json,498,683603522dbb28ae7b30118fe93fccc97b879a1f9d6b8a009318800bbc28ae2e
v2_ablations/theia/minus_heterogeneous_stream/seed_55/edge_predictions.csv,20611,008d35e29e462b1ce81f85da091a4ef241ae018742eade2547950208a4bce08e
v2_ablations/theia/minus_heterogeneous_stream/seed_55/explanation_metrics.json,529164,35fbfab09e7031ab03c8e804b681187456746f1998392f6034136b46fd9776d5
v2_ablations/theia/minus_heterogeneous_stream/seed_55/metrics.json,1073,40573437d79b3fe8abc229e70f55274d5f5e49d6f4a61bdfa84fa460be455c0b
v2_ablations/theia/minus_heterogeneous_stream/seed_55/node_index.csv,109593,e586e3db8da0718ace2deada0950e07d59920c2a6d596c5daae32aeba512f564
v2_ablations/theia/minus_heterogeneous_stream/seed_55/node_predictions.csv,33812,5f07fde7fa892e7a83e0a1a636437504bf9c358292295ef6bceca7d5ceb1433a
v2_ablations/theia/minus_heterogeneous_stream/seed_55/robustness_metrics.json,1039,25fb89a9524e796da813d1db3fe402884076f1c38803efdc43f6150329ff558d
v2_ablations/theia/minus_heterogeneous_stream/seed_55/subgraph_predictions.csv,212,864152fa01a48a7420458d4c4ee2f7a47f2a1069291fadaf121fde96b33c3f1b
v2_ablations/theia/minus_heterogeneous_stream/seed_55/training_history.csv,19100,e94c5c605209487ae280fff5103cb4b4753a5fe85efff3de05b7b5041eb38469
v2_ablations/theia/minus_heterogeneous_stream/seed_66/campaign_index.csv,767,e77a2e618de93efde17302018a001c33e37e5319ce49389d9895f227eacc875f
v2_ablations/theia/minus_heterogeneous_stream/seed_66/checkpoint.pt,176181,a73c2da132d1c40b2efa728f6472fa33d96cb054761f4c55ce3bbff62d3548d0
v2_ablations/theia/minus_heterogeneous_stream/seed_66/compactness_validation.json,1510,be518970d5304fd7a72973028a991a9e096a2036d3b226f9904dabea05d4b52c
v2_ablations/theia/minus_heterogeneous_stream/seed_66/config_resolved.json,6324,714aecffecf31a022c1a482370df4ccd79d2669f30d3130636779b87d04f9040
v2_ablations/theia/minus_heterogeneous_stream/seed_66/dataset_manifest.json,498,683603522dbb28ae7b30118fe93fccc97b879a1f9d6b8a009318800bbc28ae2e
v2_ablations/theia/minus_heterogeneous_stream/seed_66/edge_predictions.csv,20221,7f9779d70bf24161bc67a6dbfb6eaa971a580b61b85a6438707f06404d5d83f9
v2_ablations/theia/minus_heterogeneous_stream/seed_66/explanation_metrics.json,529088,17c0bc9cacdf8b181dc5cfc7270b90b89955e975d9d65a411d173d8d40c486a1
v2_ablations/theia/minus_heterogeneous_stream/seed_66/metrics.json,1063,93c413e3710785a2f4cbe093d94a465e324561d1be71648fe4425a5ee9b6cd1a
v2_ablations/theia/minus_heterogeneous_stream/seed_66/node_index.csv,109593,e586e3db8da0718ace2deada0950e07d59920c2a6d596c5daae32aeba512f564
v2_ablations/theia/minus_heterogeneous_stream/seed_66/node_predictions.csv,33836,79a1ae8fb3629f30bacc5bbc4a221d47a4fa1f9cdd83eccb6387bf6d5679f4c0
v2_ablations/theia/minus_heterogeneous_stream/seed_66/robustness_metrics.json,1038,50f8fa3f4f440d00c50d00c90cfc4cd565adc5197dea6f4d847b6011bf33da38
v2_ablations/theia/minus_heterogeneous_stream/seed_66/subgraph_predictions.csv,211,2936a7891c91b832ef0829e7c94f2d3398e0d130ef19b39c5ee54ffda37f1298
v2_ablations/theia/minus_heterogeneous_stream/seed_66/training_history.csv,14240,369973d92014a948110e141ce104246dd6b3461a1718c298d66df552dfb0f568
v2_ablations/theia/minus_heterogeneous_stream/seed_77/campaign_index.csv,767,e77a2e618de93efde17302018a001c33e37e5319ce49389d9895f227eacc875f
v2_ablations/theia/minus_heterogeneous_stream/seed_77/checkpoint.pt,176181,c5a085cfe925ca807adad352a6861c53ae6a314f031a4f24ec284f9316c33916
v2_ablations/theia/minus_heterogeneous_stream/seed_77/compactness_validation.json,1510,2f8330b0752b775632cd473a84d69c9e480c3b7d1810c2b904aae8bc885b82de
v2_ablations/theia/minus_heterogeneous_stream/seed_77/config_resolved.json,6324,1d4f8eb3363cae214366c1723df5ebb22c84ac711c3da0d9e93daaa11a50c53e
v2_ablations/theia/minus_heterogeneous_stream/seed_77/dataset_manifest.json,498,683603522dbb28ae7b30118fe93fccc97b879a1f9d6b8a009318800bbc28ae2e
v2_ablations/theia/minus_heterogeneous_stream/seed_77/edge_predictions.csv,20471,e525008a2351eb8e6e74b246781138d1b48b104e3f82e24a2d8d8d6c7bf6e304
v2_ablations/theia/minus_heterogeneous_stream/seed_77/explanation_metrics.json,529508,9c385f810ebda85a6a1a7fdc63cdff727cf5eec7429769458454686c7f6e7168
v2_ablations/theia/minus_heterogeneous_stream/seed_77/metrics.json,1031,07d05aac3f577d43f03f1d26007cb1003f0b1f929edfdfaa625d9fad96b21284
v2_ablations/theia/minus_heterogeneous_stream/seed_77/node_index.csv,109593,e586e3db8da0718ace2deada0950e07d59920c2a6d596c5daae32aeba512f564
v2_ablations/theia/minus_heterogeneous_stream/seed_77/node_predictions.csv,33892,6630b22467c5c7707e3f7950001d574f95f725a6b6b24a90544fdfec85b2eb53
v2_ablations/theia/minus_heterogeneous_stream/seed_77/robustness_metrics.json,1039,c8cba437e576899ad14182df8b1971d0c59512ecadb069d7d7b9788081df6b09
v2_ablations/theia/minus_heterogeneous_stream/seed_77/subgraph_predictions.csv,212,545c481569d30c8d3e7227e6d32a90e3013a390a87c760ea64c8ab0affa23d58
v2_ablations/theia/minus_heterogeneous_stream/seed_77/training_history.csv,19088,6bd9b759eb4e300de6c315cd9002bac039ef36e5ee3b714d43a91bbfd69e1ce6
v2_ablations/theia/minus_heterogeneous_stream/seed_88/campaign_index.csv,767,e77a2e618de93efde17302018a001c33e37e5319ce49389d9895f227eacc875f
v2_ablations/theia/minus_heterogeneous_stream/seed_88/checkpoint.pt,176181,a8961ffc66521bf00db0d013753e2259bc6fadf4d411060b243e2c3aa61ffb82
v2_ablations/theia/minus_heterogeneous_stream/seed_88/compactness_validation.json,1414,99db8f7a6052e16c1938c2ef58873ddd8cb4dfe16adde640a196f69d09078d10
v2_ablations/theia/minus_heterogeneous_stream/seed_88/config_resolved.json,6324,e04d75fd85ea2fb26953d768a3031df5ea834c6b5501069cebf4542a5b84a1b4
v2_ablations/theia/minus_heterogeneous_stream/seed_88/dataset_manifest.json,498,683603522dbb28ae7b30118fe93fccc97b879a1f9d6b8a009318800bbc28ae2e
v2_ablations/theia/minus_heterogeneous_stream/seed_88/edge_predictions.csv,20237,2e9e553aeb0d76e5ba73384e7177f6b1c64895f283f2bde2f469357c1130f470
v2_ablations/theia/minus_heterogeneous_stream/seed_88/explanation_metrics.json,529061,5452012278024c202816000fba61601060282b34dbf3f34dbe4fc88a8f2be098
v2_ablations/theia/minus_heterogeneous_stream/seed_88/metrics.json,1058,0718465625e093178096cd2a1f6d9d63563d309636fa58a08105e7dbee46cc92
v2_ablations/theia/minus_heterogeneous_stream/seed_88/node_index.csv,109593,e586e3db8da0718ace2deada0950e07d59920c2a6d596c5daae32aeba512f564
v2_ablations/theia/minus_heterogeneous_stream/seed_88/node_predictions.csv,34070,37a33dc782c1b453ad2c856e864c68668555292d4ac6b6a94c9939a213e6d5f7
v2_ablations/theia/minus_heterogeneous_stream/seed_88/robustness_metrics.json,1038,c4b45f291b82bc1918b0ec4081fee3d31734537a05ce97ab982fa66973c14214
v2_ablations/theia/minus_heterogeneous_stream/seed_88/subgraph_predictions.csv,210,69db87172c5a6b5993e24d815f1d280ab0b853ac8c3bffb18a972880218f30a4
v2_ablations/theia/minus_heterogeneous_stream/seed_88/training_history.csv,16806,1c1288956ada38ce1d333159ca467c9c9bebac09dc20827612f738cb99285a50
v2_ablations/theia/minus_heterogeneous_stream/seed_99/campaign_index.csv,767,e77a2e618de93efde17302018a001c33e37e5319ce49389d9895f227eacc875f
v2_ablations/theia/minus_heterogeneous_stream/seed_99/checkpoint.pt,176181,d2083a4f91ac8dfc5d6033c387170f72e1ad74ef1749767a9af5e8e5f0bc5efc
v2_ablations/theia/minus_heterogeneous_stream/seed_99/compactness_validation.json,1510,a046b96f7b6fa44523de7b5a29178009290e5f35d6c5848f99443d90ce239181
v2_ablations/theia/minus_heterogeneous_stream/seed_99/config_resolved.json,6325,3824962202903a2d6058d4d5bb311461b2fe81659924d7c1b790d15d084e15c0
v2_ablations/theia/minus_heterogeneous_stream/seed_99/dataset_manifest.json,498,683603522dbb28ae7b30118fe93fccc97b879a1f9d6b8a009318800bbc28ae2e
v2_ablations/theia/minus_heterogeneous_stream/seed_99/edge_predictions.csv,20353,7b8bedb3811bd6b5f650a7efa4915bda5e0d7f41a2e2e95979d768d3db5a4630
v2_ablations/theia/minus_heterogeneous_stream/seed_99/explanation_metrics.json,529035,1572d0b557fde3a0556c8f3ab5fb391e72d1e7cec2393af6cc0b90e372210354
v2_ablations/theia/minus_heterogeneous_stream/seed_99/metrics.json,1086,01e54f245b46c5db56c1f57a165f9a4fc1cedce8727e6317bb77baf477ba4518
v2_ablations/theia/minus_heterogeneous_stream/seed_99/node_index.csv,109593,e586e3db8da0718ace2deada0950e07d59920c2a6d596c5daae32aeba512f564
v2_ablations/theia/minus_heterogeneous_stream/seed_99/node_predictions.csv,33897,8fc815145029a2ced06fd596d7cb53ab082e02e3876dcf4fb3d595d9d88df564
v2_ablations/theia/minus_heterogeneous_stream/seed_99/robustness_metrics.json,1038,1d7c33eeb0bff80a421c391f1d2a16addb5e76d831b676b9f2602ec4963b32c3
v2_ablations/theia/minus_heterogeneous_stream/seed_99/subgraph_predictions.csv,211,1cfe5e7141623b5f63301029d2ebb9bf9f843316c411a1a22b5383416b84065f
v2_ablations/theia/minus_heterogeneous_stream/seed_99/training_history.csv,19080,49eb2e2721f3eccc87b99f632aee87a5aa5309d2ab650f0e7e049976d30e4bd6
v2_ablations/theia/minus_joint_optimization/seed_11/campaign_index.csv,767,e77a2e618de93efde17302018a001c33e37e5319ce49389d9895f227eacc875f
v2_ablations/theia/minus_joint_optimization/seed_11/checkpoint.pt,176181,2060269a31ed4e3f7c361941a539f61e889a9aabc02a1292f9d0173d5213c8a8
v2_ablations/theia/minus_joint_optimization/seed_11/compactness_validation.json,1420,a3c65b78c32f24b1a883f7279a47f3b5660ac6d94ac8d22c1482930c04e945c5
v2_ablations/theia/minus_joint_optimization/seed_11/config_resolved.json,6324,a78a954c09d2665d3040b30ab4cd22b6acb33754963fb226c30c5d7bab424bab
v2_ablations/theia/minus_joint_optimization/seed_11/dataset_manifest.json,498,683603522dbb28ae7b30118fe93fccc97b879a1f9d6b8a009318800bbc28ae2e
v2_ablations/theia/minus_joint_optimization/seed_11/edge_predictions.csv,20263,761601a70d18bf65f03af7add4453b09d92741f2f1de3baf4adbe3e6e4368b15
v2_ablations/theia/minus_joint_optimization/seed_11/explanation_metrics.json,222806,11401b98bc9e069d519100e93c358a64e9cf2df6c7a44472a905bbbfa45427df
v2_ablations/theia/minus_joint_optimization/seed_11/metrics.json,1073,098abf0b95ac69020acf26ea153189410da6b31db1ab11dfa069abd53d21770c
v2_ablations/theia/minus_joint_optimization/seed_11/node_index.csv,109593,e586e3db8da0718ace2deada0950e07d59920c2a6d596c5daae32aeba512f564
v2_ablations/theia/minus_joint_optimization/seed_11/node_predictions.csv,33912,69552b5ce9a7c4f71f628067b298e3d04e4d0a05db68764bb32f4314f5b746cf
v2_ablations/theia/minus_joint_optimization/seed_11/robustness_metrics.json,1039,d70ebb4ce6b8aaebe03105feeeb697e54c5ccdfa4c8d4021614e7bf5529368ec
v2_ablations/theia/minus_joint_optimization/seed_11/subgraph_predictions.csv,212,66c58bce3d8386174a47f650512770156ad92625001dcfd7943e2544bb9c3dcb
v2_ablations/theia/minus_joint_optimization/seed_11/training_history.csv,18988,9475a64b24a11352ba89bb3acd12e0ed59d72ef00e62d2e3369f59a735f8c1a7
v2_ablations/theia/minus_joint_optimization/seed_110/campaign_index.csv,767,e77a2e618de93efde17302018a001c33e37e5319ce49389d9895f227eacc875f
v2_ablations/theia/minus_joint_optimization/seed_110/checkpoint.pt,176181,b3c961beb1204abd1709804319a05f333f12a8ddd36b8f7a31dccec504cd3604
v2_ablations/theia/minus_joint_optimization/seed_110/compactness_validation.json,1420,7a1be1f69bedd2e2be5f79196768efb2f09c8c59f53d69f6f1994591fb473f8f
v2_ablations/theia/minus_joint_optimization/seed_110/config_resolved.json,6326,07ec138ad5e3c2b6ddac61807361b1a4f522b61e6b6d87735aa818578adcf70e
v2_ablations/theia/minus_joint_optimization/seed_110/dataset_manifest.json,498,683603522dbb28ae7b30118fe93fccc97b879a1f9d6b8a009318800bbc28ae2e
v2_ablations/theia/minus_joint_optimization/seed_110/edge_predictions.csv,20071,d9373681c31c7e64f9107dc79b59fb159483a722c16a4ef36f597638a05d605a
v2_ablations/theia/minus_joint_optimization/seed_110/explanation_metrics.json,222752,993adc362a75c2bfb90cd5ad56f93e4c3e2e28b5cfd70c1867943918de90b176
v2_ablations/theia/minus_joint_optimization/seed_110/metrics.json,1053,1310df00d9a9360303e48df28fef6941d8fa60a8897f24d4ede721290da6ea23
v2_ablations/theia/minus_joint_optimization/seed_110/node_index.csv,109593,e586e3db8da0718ace2deada0950e07d59920c2a6d596c5daae32aeba512f564
v2_ablations/theia/minus_joint_optimization/seed_110/node_predictions.csv,33960,419dc10c5e30b7446152342da297dc501cc8b5de695819bd0df30bff379b453f
v2_ablations/theia/minus_joint_optimization/seed_110/robustness_metrics.json,1039,076af2912a3fe499eebb64dbc148a689176b88b4ab2bda99fb299c9da6ffddf1
v2_ablations/theia/minus_joint_optimization/seed_110/subgraph_predictions.csv,212,e220be5ed43ffc2c8c640581c91d8faa5346ff6c7f718323e267bda3c9850ec5
v2_ablations/theia/minus_joint_optimization/seed_110/training_history.csv,14864,41a88acece66ea47db16f2130101f354a51adde24c42ce15c506717024ab77dd
v2_ablations/theia/minus_joint_optimization/seed_22/campaign_index.csv,767,e77a2e618de93efde17302018a001c33e37e5319ce49389d9895f227eacc875f
v2_ablations/theia/minus_joint_optimization/seed_22/checkpoint.pt,176181,af8fda1023ee30bea84d29f085011a4970d439b309fcb40d53f3bd1f4010b3b3
v2_ablations/theia/minus_joint_optimization/seed_22/compactness_validation.json,1426,0ed8e0ffc888cc456d2d480946500ade46cb461e7fa2b2b7b63fe641f9ad1ce4
v2_ablations/theia/minus_joint_optimization/seed_22/config_resolved.json,6324,d729fc5cdb4ea59bd61751b5a5ec613d97d8e3a8fdc9a82714ad7b29a92bcb74
v2_ablations/theia/minus_joint_optimization/seed_22/dataset_manifest.json,498,683603522dbb28ae7b30118fe93fccc97b879a1f9d6b8a009318800bbc28ae2e
v2_ablations/theia/minus_joint_optimization/seed_22/edge_predictions.csv,20273,1f673fa4c65917bac1e477df9e670d2edd9f1abe9ca04684f9ed0f958ef7ac7f
v2_ablations/theia/minus_joint_optimization/seed_22/explanation_metrics.json,223145,08598cab478a2c21939ac53340cd26dcfa5d06546387f1ea0cf0d67660e81642
v2_ablations/theia/minus_joint_optimization/seed_22/metrics.json,1059,a4552ca155c21fb9f1a36352cbbf5c877edb255bf47c1acb56d24336c47ac08a
v2_ablations/theia/minus_joint_optimization/seed_22/node_index.csv,109593,e586e3db8da0718ace2deada0950e07d59920c2a6d596c5daae32aeba512f564
v2_ablations/theia/minus_joint_optimization/seed_22/node_predictions.csv,34234,d4545c5289831f6953a22b6fdb48ebac543602707253387a1e2cfeda1fc3efd2
v2_ablations/theia/minus_joint_optimization/seed_22/robustness_metrics.json,1040,eed7b0650db76d51a1d62d343adcdc2d6689a046dd845cd9eff8e680920368dc
v2_ablations/theia/minus_joint_optimization/seed_22/subgraph_predictions.csv,210,e031765ef91f75e1694fb8e0538a3b975fe940c613df7803b18532f18efd3c8b
v2_ablations/theia/minus_joint_optimization/seed_22/training_history.csv,18966,3516eb31d2ba969e698f08c6a0fd96e7eada72c7b17275684b5357fedc723d07
v2_ablations/theia/minus_joint_optimization/seed_33/campaign_index.csv,767,e77a2e618de93efde17302018a001c33e37e5319ce49389d9895f227eacc875f
v2_ablations/theia/minus_joint_optimization/seed_33/checkpoint.pt,176181,1f5665b2e0fbe05d781c2c34fbd69ad2f7f11068cd313a8b5440681675db6db8
v2_ablations/theia/minus_joint_optimization/seed_33/compactness_validation.json,1420,c8d2b520178e52478c2750e8302997fc3530f16d6727b2db2259db451380f730
v2_ablations/theia/minus_joint_optimization/seed_33/config_resolved.json,6325,b36ac3e68273308839c238ffbf367f1ad7948a967580ab4708267d2cf7176503
v2_ablations/theia/minus_joint_optimization/seed_33/dataset_manifest.json,498,683603522dbb28ae7b30118fe93fccc97b879a1f9d6b8a009318800bbc28ae2e
v2_ablations/theia/minus_joint_optimization/seed_33/edge_predictions.csv,19948,e857c7d1a91045581bb1ee84388321a0f2cca7500b736793f8479824f7c8b0af
v2_ablations/theia/minus_joint_optimization/seed_33/explanation_metrics.json,222753,0811c0b3b0308302d9b96de8f81f09b795600a9be5e635936ebdd45c536649a6
v2_ablations/theia/minus_joint_optimization/seed_33/metrics.json,1061,2946278661b0396528f3377fe6ee64d648049214bba6b7320b92c207c799d427
v2_ablations/theia/minus_joint_optimization/seed_33/node_index.csv,109593,e586e3db8da0718ace2deada0950e07d59920c2a6d596c5daae32aeba512f564
v2_ablations/theia/minus_joint_optimization/seed_33/node_predictions.csv,34142,a57b511ceb286a6a90c243db706e51971788205933a5299dd63d2709a25a725c
v2_ablations/theia/minus_joint_optimization/seed_33/robustness_metrics.json,1040,58fe0c4f03e4b2f0bd5ffd19e2e38d7340cfdb58583511f304348374e5e573fa
v2_ablations/theia/minus_joint_optimization/seed_33/subgraph_predictions.csv,211,b5aea87e5e244c46628020399eefa42d7160dfad1c67be3ec0027e5431077c0e
v2_ablations/theia/minus_joint_optimization/seed_33/training_history.csv,16742,c6835d7d004ba9b2de490025f467431d2fdc4167d773ca4ede7b4c61feca77db
v2_ablations/theia/minus_joint_optimization/seed_44/campaign_index.csv,767,e77a2e618de93efde17302018a001c33e37e5319ce49389d9895f227eacc875f
v2_ablations/theia/minus_joint_optimization/seed_44/checkpoint.pt,176181,304e1501ef97e1102bceb8af10205eb642893c19978ccb7a103cabee4d88f74d
v2_ablations/theia/minus_joint_optimization/seed_44/compactness_validation.json,1420,09d58d00c8d7e9f942f38f5c693d528e8452da2787e85478b565565e43288152
v2_ablations/theia/minus_joint_optimization/seed_44/config_resolved.json,6324,0ac76565c848aabb509e00e77658c77e2642f114e59634ba2ed1d607ffaf9204
v2_ablations/theia/minus_joint_optimization/seed_44/dataset_manifest.json,498,683603522dbb28ae7b30118fe93fccc97b879a1f9d6b8a009318800bbc28ae2e
v2_ablations/theia/minus_joint_optimization/seed_44/edge_predictions.csv,20138,d4d146d816ebcad55266b4950256cf71d63f1d0baa40eeded1159d9180f2545a
v2_ablations/theia/minus_joint_optimization/seed_44/explanation_metrics.json,222759,680517b3b62aeb6b0319c5a57a37816fe576fc4a4e8168eb61faf4fb3a9b5fa4
v2_ablations/theia/minus_joint_optimization/seed_44/metrics.json,1042,39a36f95737e33bdf4067cedb980cd4f8d27f838647d330dc0833926148e965c
v2_ablations/theia/minus_joint_optimization/seed_44/node_index.csv,109593,e586e3db8da0718ace2deada0950e07d59920c2a6d596c5daae32aeba512f564
v2_ablations/theia/minus_joint_optimization/seed_44/node_predictions.csv,33888,e49595484d9174a6b52efe8e94e0cea2fcb0b35ae885d439ad9445c5e091deba
v2_ablations/theia/minus_joint_optimization/seed_44/robustness_metrics.json,1008,073abe23cacfaa7662c04b04b5071a8c26799fb012a69adf5608884cff38a36e
v2_ablations/theia/minus_joint_optimization/seed_44/subgraph_predictions.csv,212,e85ee1966ae99c58ae5b7489ca641c35c0590d72db804729123a2b7cb203e4e0
v2_ablations/theia/minus_joint_optimization/seed_44/training_history.csv,19007,fa1902dec7f811a0b32c7387c7fb46b00a37afe36dda4b30211212383596811e
v2_ablations/theia/minus_joint_optimization/seed_55/campaign_index.csv,767,e77a2e618de93efde17302018a001c33e37e5319ce49389d9895f227eacc875f
v2_ablations/theia/minus_joint_optimization/seed_55/checkpoint.pt,176181,85e2394e8c7771c2fdb4f009929ff15fda8ba6454b960bf6a2fd13a0e1a2499f
v2_ablations/theia/minus_joint_optimization/seed_55/compactness_validation.json,1414,62b931635f0b25f5b412977619a2dc8c4e0e28aae1d4ee104f3b39ee41db547a
v2_ablations/theia/minus_joint_optimization/seed_55/config_resolved.json,6325,4efefb2dbb4cdbc8c1211447276f4eabe8a1dd4f6831fdb8713fddfa40308dc1
v2_ablations/theia/minus_joint_optimization/seed_55/dataset_manifest.json,498,683603522dbb28ae7b30118fe93fccc97b879a1f9d6b8a009318800bbc28ae2e
v2_ablations/theia/minus_joint_optimization/seed_55/edge_predictions.csv,20206,faf10071cafe001f0b40d9c3d03e081134a7ebed5f160386f5aefb4bcbc98c76
v2_ablations/theia/minus_joint_optimization/seed_55/explanation_metrics.json,222730,760b4cfc56ffcd48fb6c9dc5fcd99b9ea89a0979203781c2fe48a23f837efc48
v2_ablations/theia/minus_joint_optimization/seed_55/metrics.json,1060,af5500da6a9502c35de42c212e7341b8a5a452bc37bdd2a56cbff7d6891aa993
v2_ablations/theia/minus_joint_optimization/seed_55/node_index.csv,109593,e586e3db8da0718ace2deada0950e07d59920c2a6d596c5daae32aeba512f564
v2_ablations/theia/minus_joint_optimization/seed_55/node_predictions.csv,33646,8d3cf2579bc78a151a7db51929a49621121e76fd3763e083f9e7962725c27fd8
v2_ablations/theia/minus_joint_optimization/seed_55/robustness_metrics.json,1039,1b61b0871226f0fcc63d067cc050a27f55ce4a5f585bf7ce9b392dc8bf55dde3
v2_ablations/theia/minus_joint_optimization/seed_55/subgraph_predictions.csv,211,7cfb7bc54e09cde8c5b3a01a34d2a0014599825dbb6b60042e6391352a85afa8
v2_ablations/theia/minus_joint_optimization/seed_55/training_history.csv,17864,1804d133bb99fccda34dca95116f29b3fafc6230d5a9c31a4d9695fe71351ae6
v2_ablations/theia/minus_joint_optimization/seed_66/campaign_index.csv,767,e77a2e618de93efde17302018a001c33e37e5319ce49389d9895f227eacc875f
v2_ablations/theia/minus_joint_optimization/seed_66/checkpoint.pt,176181,30a6a233f0873ba704c73642dcd736f68706086d141ff20e60de7eb04f5f4463
v2_ablations/theia/minus_joint_optimization/seed_66/compactness_validation.json,1498,aeddc5cbf3f301bc8210e48b4bf6015c3ab7dab9f5346129370fe2b9cbbe0dcf
v2_ablations/theia/minus_joint_optimization/seed_66/config_resolved.json,6325,996f1bc697b4e5f157b8a714862914d7f0f44bd67a24979e9b12f74b8aa7abc1
v2_ablations/theia/minus_joint_optimization/seed_66/dataset_manifest.json,498,683603522dbb28ae7b30118fe93fccc97b879a1f9d6b8a009318800bbc28ae2e
v2_ablations/theia/minus_joint_optimization/seed_66/edge_predictions.csv,20350,7b9579a81f23927982c18b540e74471a5202d825ee5a75c7ba203c76ada2bae4
v2_ablations/theia/minus_joint_optimization/seed_66/explanation_metrics.json,1643,c9e12c110fb1ed80fc9302c27e42d8c24efca2b29a9ae092e6c15cdeab47a656
v2_ablations/theia/minus_joint_optimization/seed_66/metrics.json,1069,e5f7c9ce3895304cb77f4b16e944b7a5d466ded094bee3f8c8cce1a625986f58
v2_ablations/theia/minus_joint_optimization/seed_66/node_index.csv,109593,e586e3db8da0718ace2deada0950e07d59920c2a6d596c5daae32aeba512f564
v2_ablations/theia/minus_joint_optimization/seed_66/node_predictions.csv,34047,18123eb479fe785374102e1958cb3835b03c2b9eadb5975162c3ce36fb5b648c
v2_ablations/theia/minus_joint_optimization/seed_66/robustness_metrics.json,980,0067a339e5ba8eb5ecee1afb8b3418e57e71bd7035715b7518c9febbfafde2ea
v2_ablations/theia/minus_joint_optimization/seed_66/subgraph_predictions.csv,213,82fe9ce6cb3aea7c51704337f886ff8079f38fdd18dc63a09ed7e5da9bfbd6f4
v2_ablations/theia/minus_joint_optimization/seed_66/training_history.csv,19062,20f3d47c621d80ae10e7309c291ffd2bb90921b3f477eafd489a843f8dfe529d
v2_ablations/theia/minus_joint_optimization/seed_77/campaign_index.csv,767,e77a2e618de93efde17302018a001c33e37e5319ce49389d9895f227eacc875f
v2_ablations/theia/minus_joint_optimization/seed_77/checkpoint.pt,176181,56fcf35a89ab64b340c3da3bf6f931c76a1b2f3a67e766aa9cf968a50c44d682
v2_ablations/theia/minus_joint_optimization/seed_77/compactness_validation.json,1420,8aca267b9d9ec4f2aead4bc25bfe9e2b4405b0f9d3983a302575829f7b5823a8
v2_ablations/theia/minus_joint_optimization/seed_77/config_resolved.json,6325,72b27c1ead96d0b66199fdadecca49c2ca7901e080086f5c3b0a4d9bc1d56b06
v2_ablations/theia/minus_joint_optimization/seed_77/dataset_manifest.json,498,683603522dbb28ae7b30118fe93fccc97b879a1f9d6b8a009318800bbc28ae2e
v2_ablations/theia/minus_joint_optimization/seed_77/edge_predictions.csv,20324,7b5e955df3fb3b895000444e1460520ab75d28682f449c9864b8440f560553bb
v2_ablations/theia/minus_joint_optimization/seed_77/explanation_metrics.json,222734,bdc7fffd64cace2b0c243edd1788a75d654deaefe48755d89a82bb48d55eff45
v2_ablations/theia/minus_joint_optimization/seed_77/metrics.json,1041,e4b39776e5f8f2ffcc6c1eecf9b7d61233c63a86676e37834c0235fd4ee1ac49
v2_ablations/theia/minus_joint_optimization/seed_77/node_index.csv,109593,e586e3db8da0718ace2deada0950e07d59920c2a6d596c5daae32aeba512f564
v2_ablations/theia/minus_joint_optimization/seed_77/node_predictions.csv,33934,b4ea3a52812622123c916419d6dd2ac5b0043716973c764a9d8219da4d3c7a51
v2_ablations/theia/minus_joint_optimization/seed_77/robustness_metrics.json,1039,ad5e2815d6e196b8bb99d9e833c080d1baefe01501687e72eadf8a84cd8347ee
v2_ablations/theia/minus_joint_optimization/seed_77/subgraph_predictions.csv,211,5cce6c07b0202990765153a392f9f8d95c6b52bbc896883adff3b20076cc5e72
v2_ablations/theia/minus_joint_optimization/seed_77/training_history.csv,19035,f4e4c33df5dab0c583e9ae6042c7242979b926ddc87ba73e017eb6cdeca0e215
v2_ablations/theia/minus_joint_optimization/seed_88/campaign_index.csv,767,e77a2e618de93efde17302018a001c33e37e5319ce49389d9895f227eacc875f
v2_ablations/theia/minus_joint_optimization/seed_88/checkpoint.pt,176181,f69537837dfa94ef61c5d65e3394f798aa3248519174978d88b56a1505cf18f6
v2_ablations/theia/minus_joint_optimization/seed_88/compactness_validation.json,1420,a162ca2212892f0780a6ad4a8856791736d85fd87a28b4e6f61557191087678f
v2_ablations/theia/minus_joint_optimization/seed_88/config_resolved.json,6324,fe36d843681d5472da45cd795ae363f051c46e40a70f0fbb1a2148223b6281dd
v2_ablations/theia/minus_joint_optimization/seed_88/dataset_manifest.json,498,683603522dbb28ae7b30118fe93fccc97b879a1f9d6b8a009318800bbc28ae2e
v2_ablations/theia/minus_joint_optimization/seed_88/edge_predictions.csv,19936,9455f9ec27aee23872e01f00d01849d9154ffaac79abc95f6d95d7238bb5c9f8
v2_ablations/theia/minus_joint_optimization/seed_88/explanation_metrics.json,223025,541124cb2064638d984f03a4ef91eb5bd4b5bd96867798028381d51c1063467c
v2_ablations/theia/minus_joint_optimization/seed_88/metrics.json,1058,087df53b66c33af7fed977a2d28eb8f1890166cef2b22ea20f9057f4ae83e256
v2_ablations/theia/minus_joint_optimization/seed_88/node_index.csv,109593,e586e3db8da0718ace2deada0950e07d59920c2a6d596c5daae32aeba512f564
v2_ablations/theia/minus_joint_optimization/seed_88/node_predictions.csv,34067,ad8cdab5e8606dbc6c1c0ba5ccb1a5b7bda13d7a55a005b647a1e439506a2e19
v2_ablations/theia/minus_joint_optimization/seed_88/robustness_metrics.json,1040,bc8889214efe0ad414142d0cb0fbb8da4de17137190170e3a7756c4e43e07719
v2_ablations/theia/minus_joint_optimization/seed_88/subgraph_predictions.csv,211,18b8f74c81a51d55f86a522f287a21b005a1e28057489a09a305782573fcc16a
v2_ablations/theia/minus_joint_optimization/seed_88/training_history.csv,16746,90b141ed0859d45bc532d7830aad00a98123d7ec41c2ddd0d42a315c5c44951b
v2_ablations/theia/minus_joint_optimization/seed_99/campaign_index.csv,767,e77a2e618de93efde17302018a001c33e37e5319ce49389d9895f227eacc875f
v2_ablations/theia/minus_joint_optimization/seed_99/checkpoint.pt,176181,94061a9b125a027ced8136a1a568a9d6246afc3254ebb254e72cd5e3fd2b7e73
v2_ablations/theia/minus_joint_optimization/seed_99/compactness_validation.json,1516,508b235e24088a3f1bba54b039ccd321b225f5f357dc86d335df5bbe5b06f0c6
v2_ablations/theia/minus_joint_optimization/seed_99/config_resolved.json,6325,a154eb14762eab34cc69f6e0fff26fe41800c818b480ac4df3d7583e325a8cca
v2_ablations/theia/minus_joint_optimization/seed_99/dataset_manifest.json,498,683603522dbb28ae7b30118fe93fccc97b879a1f9d6b8a009318800bbc28ae2e
v2_ablations/theia/minus_joint_optimization/seed_99/edge_predictions.csv,20172,6a8b20386ea70687157450cf6f2df582bd236e61b8bc6240d53b50ef159071cb
v2_ablations/theia/minus_joint_optimization/seed_99/explanation_metrics.json,223164,ada1df00b2dfa3ffff7f97b1449161bdc62fb5acaf6a4606831ec037686f8e74
v2_ablations/theia/minus_joint_optimization/seed_99/metrics.json,1070,023a60cbb9926f8e70bfebf3f133fff2be5bb3c5bfc3db0e7b4cb4a012c9800d
v2_ablations/theia/minus_joint_optimization/seed_99/node_index.csv,109593,e586e3db8da0718ace2deada0950e07d59920c2a6d596c5daae32aeba512f564
v2_ablations/theia/minus_joint_optimization/seed_99/node_predictions.csv,34222,681e00a35930febaf12cd39edc8cb59c71b17d2ed518180ca56f67ac4b4b09b9
v2_ablations/theia/minus_joint_optimization/seed_99/robustness_metrics.json,1041,93fd0d9135f1950cea7c491e6bf72e08b0e78aebe87dcbdcf1a11353b0f729c3
v2_ablations/theia/minus_joint_optimization/seed_99/subgraph_predictions.csv,213,98d5f701aa3080d7920a5b82da3f5f9f9d8d4136204b172b5ce71f2c3ffedba3
v2_ablations/theia/minus_joint_optimization/seed_99/training_history.csv,18952,e08782168c104035d4ae230b380cd68340c937557eaa7642412bb7de82c0bf8c
v2_ablations/theia/minus_prototype_learning/seed_11/campaign_index.csv,767,e77a2e618de93efde17302018a001c33e37e5319ce49389d9895f227eacc875f
v2_ablations/theia/minus_prototype_learning/seed_11/checkpoint.pt,176181,bbfb808e6d75167f3dd5e14b65d9e850e8a32f4622baf2fb41a62f07d233fce8
v2_ablations/theia/minus_prototype_learning/seed_11/compactness_validation.json,1414,07ec0ff904040b27118455ed5c8ff3a63516ecee038990dcc7826c66208ab85a
v2_ablations/theia/minus_prototype_learning/seed_11/config_resolved.json,6325,acad57502d25762c0cf6bd109e30bcc2c35bc76529ccbb2cda594cf9a1a5d6fe
v2_ablations/theia/minus_prototype_learning/seed_11/dataset_manifest.json,498,683603522dbb28ae7b30118fe93fccc97b879a1f9d6b8a009318800bbc28ae2e
v2_ablations/theia/minus_prototype_learning/seed_11/edge_predictions.csv,20584,870b97b1da0e08bd8f44b8a3785c9fc9610c8cf56656390bd8f9a034abe18429
v2_ablations/theia/minus_prototype_learning/seed_11/explanation_metrics.json,222839,eb32b7bd6b31faf6da239f7dc99424f4e59f18b0d7eef9828edb805accf88f4f
v2_ablations/theia/minus_prototype_learning/seed_11/metrics.json,1071,27e0089258d9e4cfc9598777b1dfef77de9020e20eaaaf594810c396c4bea3dd
v2_ablations/theia/minus_prototype_learning/seed_11/node_index.csv,109593,e586e3db8da0718ace2deada0950e07d59920c2a6d596c5daae32aeba512f564
v2_ablations/theia/minus_prototype_learning/seed_11/node_predictions.csv,34001,f3a928c63c9ab7397f959d3a9d9c3ff2528f6a634371ecd0bd958a082930c81a
v2_ablations/theia/minus_prototype_learning/seed_11/robustness_metrics.json,1039,dfc74cb762bfb54defda9369a8e8ed0a9f197c217fc447e2f2cdf67cd996651e
v2_ablations/theia/minus_prototype_learning/seed_11/subgraph_predictions.csv,214,b7b9ba97699bcd1015bd50220c006cdc34544ff8b410d019117a34e99f01d0be
v2_ablations/theia/minus_prototype_learning/seed_11/training_history.csv,19073,8eaf6b8db0f1a603963a78d4eabdcf592d9f71039ad4c31252a18d512e5e50f6
v2_ablations/theia/minus_prototype_learning/seed_110/campaign_index.csv,767,e77a2e618de93efde17302018a001c33e37e5319ce49389d9895f227eacc875f
v2_ablations/theia/minus_prototype_learning/seed_110/checkpoint.pt,176181,6084018f73a85dc50444dd1c028a49e06ef04c750a53516bc63772c76482e00b
v2_ablations/theia/minus_prototype_learning/seed_110/compactness_validation.json,1420,da871bc13732bf27dc91199c6c94e14695f18905123205061b7847ea50552cf4
v2_ablations/theia/minus_prototype_learning/seed_110/config_resolved.json,6326,1520189aeb13a46f8b04747295219bfd98ad1908bdc4bdaf43e15c328e2c62ee
v2_ablations/theia/minus_prototype_learning/seed_110/dataset_manifest.json,498,683603522dbb28ae7b30118fe93fccc97b879a1f9d6b8a009318800bbc28ae2e
v2_ablations/theia/minus_prototype_learning/seed_110/edge_predictions.csv,20190,706b93f7af8ef9b755fd5e4fd5d20d6a95cb36b190e00ea6b430e1cf773a1808
v2_ablations/theia/minus_prototype_learning/seed_110/explanation_metrics.json,222790,6788b1ef1dbafd175fccb227cfd44cd84b93e563028384b89368f841e907b489
v2_ablations/theia/minus_prototype_learning/seed_110/metrics.json,1053,cba3f145412084afdc0dce59a80731cf15fb296a8317dadc887893c7746bfa08
v2_ablations/theia/minus_prototype_learning/seed_110/node_index.csv,109593,e586e3db8da0718ace2deada0950e07d59920c2a6d596c5daae32aeba512f564
v2_ablations/theia/minus_prototype_learning/seed_110/node_predictions.csv,33954,088eb05dfc148320db60a17caf3c8ec875a17610a9b9e4ebb8ac305fcc86b576
v2_ablations/theia/minus_prototype_learning/seed_110/robustness_metrics.json,1039,85364f98e0b5595117689e3084f1096ba43aaafd3766639811848df94a9a4642
v2_ablations/theia/minus_prototype_learning/seed_110/subgraph_predictions.csv,214,dbacaea7d9173da1475f129df5774158f13220bc52a0f9c1c58cd36bc87635c4
v2_ablations/theia/minus_prototype_learning/seed_110/training_history.csv,14975,c6a2ea54e5d78733329be8f112988a2f7ded0cddae6d833a7959b2d5cbe6e27f
v2_ablations/theia/minus_prototype_learning/seed_22/campaign_index.csv,767,e77a2e618de93efde17302018a001c33e37e5319ce49389d9895f227eacc875f
v2_ablations/theia/minus_prototype_learning/seed_22/checkpoint.pt,176181,f8937c76fb76f9f77734526edbea2311cbce3965e247be261f7d5da833b1b8b4
v2_ablations/theia/minus_prototype_learning/seed_22/compactness_validation.json,1420,68df6bc0f7b6d4cfb310cad37f84d4fd3437bb54ab26aba5f207fea470263a4d
v2_ablations/theia/minus_prototype_learning/seed_22/config_resolved.json,6325,aad53893e8205119685523516bbc1b1f9ddfa2bda428a27ddfc20612b3c1161b
v2_ablations/theia/minus_prototype_learning/seed_22/dataset_manifest.json,498,683603522dbb28ae7b30118fe93fccc97b879a1f9d6b8a009318800bbc28ae2e
v2_ablations/theia/minus_prototype_learning/seed_22/edge_predictions.csv,20740,1ce85fcf688602a487b2b2ae354b56818aa42c1bd0bd5d80ed969d63ed36ee86
v2_ablations/theia/minus_prototype_learning/seed_22/explanation_metrics.json,223071,58e3a4d64a347c8c7902ea1cfb2688017081dc2bbd8317b966ba11ac398e9dcc
v2_ablations/theia/minus_prototype_learning/seed_22/metrics.json,1061,6d50388fe5fcb6e416f0dcb4955c0edead7f874ce7c8775c3942bae92537d83b
v2_ablations/theia/minus_prototype_learning/seed_22/node_index.csv,109593,e586e3db8da0718ace2deada0950e07d59920c2a6d596c5daae32aeba512f564
v2_ablations/theia/minus_prototype_learning/seed_22/node_predictions.csv,34058,8069692cf3860f6c5a84eb93e8abbfb76e75f6934ab47142e2a5e3695d710bcf
v2_ablations/theia/minus_prototype_learning/seed_22/robustness_metrics.json,1040,bdad9a0981e7e6d4de74d0bd27b5e84645a1e6e8377d565a7415f431ac141275
v2_ablations/theia/minus_prototype_learning/seed_22/subgraph_predictions.csv,212,a56afa6148d06ab923488c5aedb8e185b92b87531bfa99da6ba23fc33fe7af46
v2_ablations/theia/minus_prototype_learning/seed_22/training_history.csv,19144,de6fe227aac2f8ab3c52ea9ed371e3fddebb09eb49b49a64c1702ad186cb25dc
v2_ablations/theia/minus_prototype_learning/seed_33/campaign_index.csv,767,e77a2e618de93efde17302018a001c33e37e5319ce49389d9895f227eacc875f
v2_ablations/theia/minus_prototype_learning/seed_33/checkpoint.pt,176181,14dabea9af4d97d4c0850d1deae853980ad105596a71edbce51e8245f04bc12e
v2_ablations/theia/minus_prototype_learning/seed_33/compactness_validation.json,1426,1dab5ddff0f1e3d242b0cd24fd1d699fcd0aed56b048e6c11930cfbdcfbb337c
v2_ablations/theia/minus_prototype_learning/seed_33/config_resolved.json,6324,556846d0eb001a0bdf3d26d4f5c1a934119b4d9015982528057497d0b18d2755
v2_ablations/theia/minus_prototype_learning/seed_33/dataset_manifest.json,498,683603522dbb28ae7b30118fe93fccc97b879a1f9d6b8a009318800bbc28ae2e
v2_ablations/theia/minus_prototype_learning/seed_33/edge_predictions.csv,20332,5dbca8bbd3c014496ca1b672c2c4bece9a3ba0de309507ca307b4aafce2a3a12
v2_ablations/theia/minus_prototype_learning/seed_33/explanation_metrics.json,222801,d96ba4b3909e8fa58d87e5cae398fece0b2838d46839bf039e8005b69f89c3a5
v2_ablations/theia/minus_prototype_learning/seed_33/metrics.json,1058,ba10d9c5252d8c67e689f0c3fe321847f585ec91b268dba08518d75598b36067
v2_ablations/theia/minus_prototype_learning/seed_33/node_index.csv,109593,e586e3db8da0718ace2deada0950e07d59920c2a6d596c5daae32aeba512f564
v2_ablations/theia/minus_prototype_learning/seed_33/node_predictions.csv,34242,40ea42639f6ea1f65ad581dd5007526e74a36f55a33ff50117cccdb94d526661
v2_ablations/theia/minus_prototype_learning/seed_33/robustness_metrics.json,1040,b8c4af1f8cdfd790e796da9bf0c4e8e1293ea69437b84a5975587a630077f637
v2_ablations/theia/minus_prototype_learning/seed_33/subgraph_predictions.csv,211,6898cbc58c3654a373e75112f26b16adf30033ca7f754921d17c1e7bc13a030d
v2_ablations/theia/minus_prototype_learning/seed_33/training_history.csv,16875,704f26dfc277c2cd793eb6afd0aaa9dabb8c7739ac06923459046ad6869151c8
v2_ablations/theia/minus_prototype_learning/seed_44/campaign_index.csv,767,e77a2e618de93efde17302018a001c33e37e5319ce49389d9895f227eacc875f
v2_ablations/theia/minus_prototype_learning/seed_44/checkpoint.pt,176181,4fcf2422aec5333296bd30adcd5ff5926ad73e2f36f7a975867ab000bccd70c5
v2_ablations/theia/minus_prototype_learning/seed_44/compactness_validation.json,1420,139181b2db0517f4d6cbdb79c1c2e2e53651b84aac411df09070b41b1d4c7553
v2_ablations/theia/minus_prototype_learning/seed_44/config_resolved.json,6323,e8d9d8c6fbd7aa41b1b6df88eef686ca38513fd8c9f20c400af5cbeded9aba1d
v2_ablations/theia/minus_prototype_learning/seed_44/dataset_manifest.json,498,683603522dbb28ae7b30118fe93fccc97b879a1f9d6b8a009318800bbc28ae2e
v2_ablations/theia/minus_prototype_learning/seed_44/edge_predictions.csv,20568,0c990714435f1d6065dab24eca214245aa858c641ba2ccfca7bfe1d2874aa5e0
v2_ablations/theia/minus_prototype_learning/seed_44/explanation_metrics.json,222720,9fe3af9991585fbf2bc1252cc1415773615a7b02078a403ce650e3e06a1d3321
v2_ablations/theia/minus_prototype_learning/seed_44/metrics.json,1040,c81f8e65e978b68e94cb5c30bf64af8a29e58966dd49b036091de2953e95a631
v2_ablations/theia/minus_prototype_learning/seed_44/node_index.csv,109593,e586e3db8da0718ace2deada0950e07d59920c2a6d596c5daae32aeba512f564
v2_ablations/theia/minus_prototype_learning/seed_44/node_predictions.csv,33865,2b38f6725025d2062ba9b7fa90bd20150f9a7169c02c08e37cd17e896ad4bc82
v2_ablations/theia/minus_prototype_learning/seed_44/robustness_metrics.json,1039,af4f8814fd22fb7f632ab9ac3acfcb8ef1d1d7d460fd5b173b162a77e1c7809e
v2_ablations/theia/minus_prototype_learning/seed_44/subgraph_predictions.csv,212,0a42d304725e9bc7314ef3d2d2d53ad6541f3ccae8c09d6a044205a8a31e93f4
v2_ablations/theia/minus_prototype_learning/seed_44/training_history.csv,19147,26f5f5892becbff58a3955d8aa056190286d75a9beb4f65e15c14eaf5c78ee51
v2_ablations/theia/minus_prototype_learning/seed_55/campaign_index.csv,767,e77a2e618de93efde17302018a001c33e37e5319ce49389d9895f227eacc875f
v2_ablations/theia/minus_prototype_learning/seed_55/checkpoint.pt,176181,da7ef62937e4637f70a1cda27460280e8929b46dd6b542371b0ba60b1f63fe41
v2_ablations/theia/minus_prototype_learning/seed_55/compactness_validation.json,1420,e01167a2d3c6a17ddd86e20993b745e62ac4e0a389c5e0117f5c41dcf3eeef20
v2_ablations/theia/minus_prototype_learning/seed_55/config_resolved.json,6325,e664ba2bddb029f28c55e8dcd0d7aae563b0293c345614e52237d2febf5728ce
v2_ablations/theia/minus_prototype_learning/seed_55/dataset_manifest.json,498,683603522dbb28ae7b30118fe93fccc97b879a1f9d6b8a009318800bbc28ae2e
v2_ablations/theia/minus_prototype_learning/seed_55/edge_predictions.csv,20524,a33d800ea4b1fb412e67856c1d2b5ccee5380e774182dcdd70de98f489079b27
v2_ablations/theia/minus_prototype_learning/seed_55/explanation_metrics.json,222711,7d3c873dd3963f0d4962d74923b3c4796513f416ec63f0e8fce2e2b61748b454
v2_ablations/theia/minus_prototype_learning/seed_55/metrics.json,1055,d0885510aa4255cadb7da967809428cf51b1ae5df7913ece0f3d858455eac40c
v2_ablations/theia/minus_prototype_learning/seed_55/node_index.csv,109593,e586e3db8da0718ace2deada0950e07d59920c2a6d596c5daae32aeba512f564
v2_ablations/theia/minus_prototype_learning/seed_55/node_predictions.csv,34222,090f1d87f878d961f4fc53c87de8d2139b0219cc3e4812ce8065fb6ffea04fee
v2_ablations/theia/minus_prototype_learning/seed_55/robustness_metrics.json,1038,84ca72b5d8a83fe72c36a4da8ed1ed5c3f6c177f91c6e21b774dcaedb87b1c35
v2_ablations/theia/minus_prototype_learning/seed_55/subgraph_predictions.csv,210,c687e314da7bcafb76a19b2993874f693f209c5792ba1c27ef3816faf83e7afc
v2_ablations/theia/minus_prototype_learning/seed_55/training_history.csv,17967,39f9fe60b1edf66b3d9669ece4d4c15e19ddef079a6deede20fb32ac706c1047
v2_ablations/theia/minus_prototype_learning/seed_66/campaign_index.csv,767,e77a2e618de93efde17302018a001c33e37e5319ce49389d9895f227eacc875f
v2_ablations/theia/minus_prototype_learning/seed_66/checkpoint.pt,176181,1067b5ea6fb4b2586623c32b4a4f2c910e17de2089794dce15a3fd0b524f190f
v2_ablations/theia/minus_prototype_learning/seed_66/compactness_validation.json,1420,705f1e6cdfc7ad59746f049e2176ee35946743b171433c0f950c0c86c343a96c
v2_ablations/theia/minus_prototype_learning/seed_66/config_resolved.json,6325,e877fe6b9a4b1ae28627169ae78c7f79f5e14daaeb8cb26c04a0b24f976923bc
v2_ablations/theia/minus_prototype_learning/seed_66/dataset_manifest.json,498,683603522dbb28ae7b30118fe93fccc97b879a1f9d6b8a009318800bbc28ae2e
v2_ablations/theia/minus_prototype_learning/seed_66/edge_predictions.csv,20894,788d98dd1bd91457eca63557549ffc815c3cfe93eb92fd82649172a10e1b4625
v2_ablations/theia/minus_prototype_learning/seed_66/explanation_metrics.json,1643,c9e12c110fb1ed80fc9302c27e42d8c24efca2b29a9ae092e6c15cdeab47a656
v2_ablations/theia/minus_prototype_learning/seed_66/metrics.json,1071,d180c647d81187e4813d1e917715bc7737eef4c921bb67f11945bb8ea3e6aee8
v2_ablations/theia/minus_prototype_learning/seed_66/node_index.csv,109593,e586e3db8da0718ace2deada0950e07d59920c2a6d596c5daae32aeba512f564
v2_ablations/theia/minus_prototype_learning/seed_66/node_predictions.csv,34209,f6e31442ee9fe6edbb813a154dd2f5794b86c338118279e71f6867e2ad22e7a4
v2_ablations/theia/minus_prototype_learning/seed_66/robustness_metrics.json,980,0067a339e5ba8eb5ecee1afb8b3418e57e71bd7035715b7518c9febbfafde2ea
v2_ablations/theia/minus_prototype_learning/seed_66/subgraph_predictions.csv,210,5ca2fed703b682c9760f7fd1c7987be4c675e3f078cc438a072ef18267d5e217
v2_ablations/theia/minus_prototype_learning/seed_66/training_history.csv,19168,1a6181a17d7290e78fad98bec11a7454f055f7f9d0d4a8602baefe7d18600c7f
v2_ablations/theia/minus_prototype_learning/seed_77/campaign_index.csv,767,e77a2e618de93efde17302018a001c33e37e5319ce49389d9895f227eacc875f
v2_ablations/theia/minus_prototype_learning/seed_77/checkpoint.pt,176181,590e91be6f06ae941cfa50100145042b5ba11a07a9781f6e439dcbace2825585
v2_ablations/theia/minus_prototype_learning/seed_77/compactness_validation.json,1420,b8e4dc49c9f9fc127af2a8f31438dd1e7d3854a0641984ee728fd2d813a6460d
v2_ablations/theia/minus_prototype_learning/seed_77/config_resolved.json,6325,8da4d0c6c21ed8c53f4d7d5682818c5cc5cd3fb4308a3392d16080cf777e6ad9
v2_ablations/theia/minus_prototype_learning/seed_77/dataset_manifest.json,498,683603522dbb28ae7b30118fe93fccc97b879a1f9d6b8a009318800bbc28ae2e
v2_ablations/theia/minus_prototype_learning/seed_77/edge_predictions.csv,20798,1b114190ff966b1652bc54ff7e49e28fab231984af8980206e3346807cc6bb18
v2_ablations/theia/minus_prototype_learning/seed_77/explanation_metrics.json,222767,3e21f2ad6a0ec26a64db1923b3fd3e3cbf64296319992048c20c646f02b83066
v2_ablations/theia/minus_prototype_learning/seed_77/metrics.json,1028,18405bd661f6714281b785e8f6ea91354a91a571562f127c51b2060c77e3284f
v2_ablations/theia/minus_prototype_learning/seed_77/node_index.csv,109593,e586e3db8da0718ace2deada0950e07d59920c2a6d596c5daae32aeba512f564
v2_ablations/theia/minus_prototype_learning/seed_77/node_predictions.csv,34148,723b6732e8b0842389b18f8374215b03b73661b9aa5dafea644a3b558a1d058c
v2_ablations/theia/minus_prototype_learning/seed_77/robustness_metrics.json,1039,67b58ef4c9d982e39a90ffdd5c9e974da37fa2d501aca6d184d6195b0559b065
v2_ablations/theia/minus_prototype_learning/seed_77/subgraph_predictions.csv,213,9908fd6419e22bf5e385e2320f341311bddcebe5d4f13f83b1f9f2d4a3f06633
v2_ablations/theia/minus_prototype_learning/seed_77/training_history.csv,19228,ce9f8c17d7c28834cc4ab58e07f96831a8a0c56eab950477e3d21910c6640a4c
v2_ablations/theia/minus_prototype_learning/seed_88/campaign_index.csv,767,e77a2e618de93efde17302018a001c33e37e5319ce49389d9895f227eacc875f
v2_ablations/theia/minus_prototype_learning/seed_88/checkpoint.pt,176181,138b8fd03ef9ffc35521a9ad489718e8f2921b8db23e435429bb6b34c488cf1a
v2_ablations/theia/minus_prototype_learning/seed_88/compactness_validation.json,1426,46786b936af6e52fe741ffe900da5e5764c198c9a23b072ef7c80b609763a406
v2_ablations/theia/minus_prototype_learning/seed_88/config_resolved.json,6324,de778d29e0facb485436a413f5701ad8799b7a282fc7b2c40a56c842d0911797
v2_ablations/theia/minus_prototype_learning/seed_88/dataset_manifest.json,498,683603522dbb28ae7b30118fe93fccc97b879a1f9d6b8a009318800bbc28ae2e
v2_ablations/theia/minus_prototype_learning/seed_88/edge_predictions.csv,20352,28cfcab3dd94f091b7b94b4fe3c57888824b25f93cb4a2ad27a56020ab2e5a2d
v2_ablations/theia/minus_prototype_learning/seed_88/explanation_metrics.json,223089,f3b7ab6b7aa04d85cbfadae8d982f3e6cfadb5b82a7ce8128a6db6bcd12d7f7d
v2_ablations/theia/minus_prototype_learning/seed_88/metrics.json,1055,a1892ef8e7d94bb600e98b9e81237fdec45c2a5596d671e8435861be32f26a21
v2_ablations/theia/minus_prototype_learning/seed_88/node_index.csv,109593,e586e3db8da0718ace2deada0950e07d59920c2a6d596c5daae32aeba512f564
v2_ablations/theia/minus_prototype_learning/seed_88/node_predictions.csv,34037,a78f62a65f98d003032330c7817f76d1281755fb2afaffb198a58aba4501eb0e
v2_ablations/theia/minus_prototype_learning/seed_88/robustness_metrics.json,1039,f6d29324883ff8479eec6448e7090333476362042193977b629992466d7bb38e
v2_ablations/theia/minus_prototype_learning/seed_88/subgraph_predictions.csv,211,1f318bd5891349b491e8590b10d48ae02510ae3261c4b6f19b23b9c46198ca6d
v2_ablations/theia/minus_prototype_learning/seed_88/training_history.csv,16863,2feef1a00964d8a492b8a9464aa5bbf0d3b65928dc6f2c5365c733efc1d398e5
v2_ablations/theia/minus_prototype_learning/seed_99/campaign_index.csv,767,e77a2e618de93efde17302018a001c33e37e5319ce49389d9895f227eacc875f
v2_ablations/theia/minus_prototype_learning/seed_99/checkpoint.pt,176181,57c29d650700c5fda05178b97dca2b5dea013a259ba2063aa0344325ef8898fa
v2_ablations/theia/minus_prototype_learning/seed_99/compactness_validation.json,1516,cbbe7197ce02805457a0e8300f87128f02d75ba0e7e08dc303c2cd71674410b2
v2_ablations/theia/minus_prototype_learning/seed_99/config_resolved.json,6324,17527ff4c4dd3d3bd9f26c8049f560c4b9e01a6cad70af8d3ffe73289f1ccac2
v2_ablations/theia/minus_prototype_learning/seed_99/dataset_manifest.json,498,683603522dbb28ae7b30118fe93fccc97b879a1f9d6b8a009318800bbc28ae2e
v2_ablations/theia/minus_prototype_learning/seed_99/edge_predictions.csv,20645,7e3e64d6372004d8e1da56b861bb9c72bfb599bebba13d96cd546ae3f2f80f0b
v2_ablations/theia/minus_prototype_learning/seed_99/explanation_metrics.json,223161,69659b7cd712f8c0a7f7f6d4733085b1402d8047704253e389a6d2483e6475e0
v2_ablations/theia/minus_prototype_learning/seed_99/metrics.json,1068,e3abbf11b9f3bf968386bcb17fae9edb5458e7ad7ad0f2344e8d6c5e1b0404a0
v2_ablations/theia/minus_prototype_learning/seed_99/node_index.csv,109593,e586e3db8da0718ace2deada0950e07d59920c2a6d596c5daae32aeba512f564
v2_ablations/theia/minus_prototype_learning/seed_99/node_predictions.csv,34092,1ca6fbb7f8c16fcafce4f6f783cb2782743047b201db7ff60d0852a3af756266
v2_ablations/theia/minus_prototype_learning/seed_99/robustness_metrics.json,1037,ac960ec86c77a1dc875639b56a8581aaf374ed981b23692dceee4389c1719905
v2_ablations/theia/minus_prototype_learning/seed_99/subgraph_predictions.csv,211,81f6f173f465465e47116ceb826c06ffb0047e3973908b49f8424736d4e303c3
v2_ablations/theia/minus_prototype_learning/seed_99/training_history.csv,19093,f788e0de824247441893e4f3847e4ad81d19df9133241a3ec6b662c2e6651e69
v2_ablations/theia/minus_temporal_attention/seed_11/campaign_index.csv,767,e77a2e618de93efde17302018a001c33e37e5319ce49389d9895f227eacc875f
v2_ablations/theia/minus_temporal_attention/seed_11/checkpoint.pt,176181,b307fa8f37aad9a9fc729f150d1a4fbdc99ce59d47325afbfb5113beb155ac0b
v2_ablations/theia/minus_temporal_attention/seed_11/compactness_validation.json,1420,60f9363e126dbbc52452b054e76020b6326cef449c5a5a74c98c3626a253e8d0
v2_ablations/theia/minus_temporal_attention/seed_11/config_resolved.json,6324,ed7c4525236901b357c1f72a7a24b9f38d90972327b4b59fdb65091e6b68ff11
v2_ablations/theia/minus_temporal_attention/seed_11/dataset_manifest.json,498,683603522dbb28ae7b30118fe93fccc97b879a1f9d6b8a009318800bbc28ae2e
v2_ablations/theia/minus_temporal_attention/seed_11/edge_predictions.csv,20574,d090cc0e408e24bbf4e8a27679fbb3c02f3ac54142507ad0bbca8be2fbf091cb
v2_ablations/theia/minus_temporal_attention/seed_11/explanation_metrics.json,222676,04cf2105e3dbca275fc0c9e3b54cece566d998a1ba64dfb74a219abe1bd17795
v2_ablations/theia/minus_temporal_attention/seed_11/metrics.json,1070,e66ba1f35293ca1dc76cfe285ceaf496246e2b2da1bf72bb98b21a0d915fa196
v2_ablations/theia/minus_temporal_attention/seed_11/node_index.csv,109593,e586e3db8da0718ace2deada0950e07d59920c2a6d596c5daae32aeba512f564
v2_ablations/theia/minus_temporal_attention/seed_11/node_predictions.csv,33641,7a5e1227a336c420f0c21ee5ca8fa252c152f1dc3ce7a64c7b1f0013b895a503
v2_ablations/theia/minus_temporal_attention/seed_11/robustness_metrics.json,1039,efe377471b2723a79b54b45757007fc569fea4f2707940c07b87a234bbf842cf
v2_ablations/theia/minus_temporal_attention/seed_11/subgraph_predictions.csv,213,c89ccc63d3a11f9cac450346d796c09e5e23a2dbe682f5b38029b58feb45a5bd
v2_ablations/theia/minus_temporal_attention/seed_11/training_history.csv,17327,1fd4ade5402477f4ed47f75f693e64df9f02eb024e77861cc0a9964ce66e91bc
v2_ablations/theia/minus_temporal_attention/seed_110/campaign_index.csv,767,e77a2e618de93efde17302018a001c33e37e5319ce49389d9895f227eacc875f
v2_ablations/theia/minus_temporal_attention/seed_110/checkpoint.pt,176181,067a60018af4a08aad447aed939d077015870583c6bbbf8665ebfb789953b9e1
v2_ablations/theia/minus_temporal_attention/seed_110/compactness_validation.json,1420,4d0a8a3b3661622a2590f6c71f4891c15c7fe7cfdc03edebecf823142302f7d6
v2_ablations/theia/minus_temporal_attention/seed_110/config_resolved.json,6326,b1f243f45098b5f036bf9be0c5930612a1c7da5f91a31fb01af02e5d854085ae
v2_ablations/theia/minus_temporal_attention/seed_110/dataset_manifest.json,498,683603522dbb28ae7b30118fe93fccc97b879a1f9d6b8a009318800bbc28ae2e
v2_ablations/theia/minus_temporal_attention/seed_110/edge_predictions.csv,20192,8688aba81d4b2cae1fe14c2b32b9d4d88782f91b882b0a098acf17fc638af798
v2_ablations/theia/minus_temporal_attention/seed_110/explanation_metrics.json,222849,75ed96c11bbea9cbe8a43a04340668103b815a2935de51c28dbbc8cd8bf22820
v2_ablations/theia/minus_temporal_attention/seed_110/metrics.json,1054,345fe8d42251db13549705a247c9cd73c7476d8e0c5a3f0d04a5d6988c32f6f3
v2_ablations/theia/minus_temporal_attention/seed_110/node_index.csv,109593,e586e3db8da0718ace2deada0950e07d59920c2a6d596c5daae32aeba512f564
v2_ablations/theia/minus_temporal_attention/seed_110/node_predictions.csv,33805,918167a8a2ad1d73ab534270bdc8edeb6aacd2bc2f4154dc31275e62f5a6ad13
v2_ablations/theia/minus_temporal_attention/seed_110/robustness_metrics.json,1039,34a04b2331f14f4ce5f71e93276a42151374798256fc2011f61dd71ae8827315
v2_ablations/theia/minus_temporal_attention/seed_110/subgraph_predictions.csv,210,d24b24b7e0c7ed2e4a5616545419c64a7c054a72b40d88bcc658563ab6f725c7
v2_ablations/theia/minus_temporal_attention/seed_110/training_history.csv,13603,85b6cd5ee19c5389ea553b91a57120621082239e8f9a59aaa5ea1a7e99747822
v2_ablations/theia/minus_temporal_attention/seed_22/campaign_index.csv,767,e77a2e618de93efde17302018a001c33e37e5319ce49389d9895f227eacc875f
v2_ablations/theia/minus_temporal_attention/seed_22/checkpoint.pt,176181,09d63a3a531fae7ae29e976605dab7ba2a51861f20101b0eef03fb9cbd7c9487
v2_ablations/theia/minus_temporal_attention/seed_22/compactness_validation.json,1420,097aadd5af8a7bf4e08fee3025f6c3342c784b7bd11fcf8920cbde63b2abaeb0
v2_ablations/theia/minus_temporal_attention/seed_22/config_resolved.json,6324,fdfc1dc13fe59dcfa949ed40c7de2483aaf3ad1f7dc69cb3a5ed9f39fcabbc04
v2_ablations/theia/minus_temporal_attention/seed_22/dataset_manifest.json,498,683603522dbb28ae7b30118fe93fccc97b879a1f9d6b8a009318800bbc28ae2e
v2_ablations/theia/minus_temporal_attention/seed_22/edge_predictions.csv,20738,ea0ab10305efec8a8df8c186ac421440c0c717bd03eb25d63a78c2145d64c925
v2_ablations/theia/minus_temporal_attention/seed_22/explanation_metrics.json,223087,429f2643b4537f948a71e044db029657ffc268843fc809ebaebeee4a7215c5b9
v2_ablations/theia/minus_temporal_attention/seed_22/metrics.json,1072,46086e1f6748d91f8b1178a6cb5cf1088247649496f0ef765e0bb8a58f8bc896
v2_ablations/theia/minus_temporal_attention/seed_22/node_index.csv,109593,e586e3db8da0718ace2deada0950e07d59920c2a6d596c5daae32aeba512f564
v2_ablations/theia/minus_temporal_attention/seed_22/node_predictions.csv,33774,c4110d1e3dfcd453cb62e1cb133bbe48f662c21d36de359e3e7b65422b94cc7c
v2_ablations/theia/minus_temporal_attention/seed_22/robustness_metrics.json,1039,e63255b20bdaaecf04034ab91a37e7ebb34b788bd1df93fc9dd74fdde7b5a8a6
v2_ablations/theia/minus_temporal_attention/seed_22/subgraph_predictions.csv,210,5cf05382952a370b917c2e229834fb54e764693f5899d4db8363c67b069b5cd7
v2_ablations/theia/minus_temporal_attention/seed_22/training_history.csv,17313,37f6743094b01abf67049fcb1b5f9654ee074287bbb346c0b239972985834fe0
v2_ablations/theia/minus_temporal_attention/seed_33/campaign_index.csv,767,e77a2e618de93efde17302018a001c33e37e5319ce49389d9895f227eacc875f
v2_ablations/theia/minus_temporal_attention/seed_33/checkpoint.pt,176181,3465e3915a1401ebcfffd73fe96031950282100309fdf781e7fb55b44e624145
v2_ablations/theia/minus_temporal_attention/seed_33/compactness_validation.json,1420,0f984cb95f9fc9d0b96fee9128a87177211aab02a084e4d3c29dac57a3711806
v2_ablations/theia/minus_temporal_attention/seed_33/config_resolved.json,6325,d79a0449942e688ef12745204d2ed67272428d82e822f12d29ef734cb8ac1b86
v2_ablations/theia/minus_temporal_attention/seed_33/dataset_manifest.json,498,683603522dbb28ae7b30118fe93fccc97b879a1f9d6b8a009318800bbc28ae2e
v2_ablations/theia/minus_temporal_attention/seed_33/edge_predictions.csv,20303,59bbee0e772800e15657e29cd419e9bf9c51e3ec60256f4eacb34eb65876b52e
v2_ablations/theia/minus_temporal_attention/seed_33/explanation_metrics.json,222721,a3dfb4abd12dab4e33b5b30c4a709f584f76e2f646d50eed202aeea846e68713
v2_ablations/theia/minus_temporal_attention/seed_33/metrics.json,1046,3f44aa51648c32b860a6da1d77159b520ae46ae708d9f9f3b68956d4ac8f8b23
v2_ablations/theia/minus_temporal_attention/seed_33/node_index.csv,109593,e586e3db8da0718ace2deada0950e07d59920c2a6d596c5daae32aeba512f564
v2_ablations/theia/minus_temporal_attention/seed_33/node_predictions.csv,34158,a29ade87d0a8510a3642fac80eebb25c6cc899d159972218a92786e5f5fef655
v2_ablations/theia/minus_temporal_attention/seed_33/robustness_metrics.json,1039,f1063c8cb642907b651ebfddef57f25d4dea33d9a5a270f6c78a9edf7a3d3fdf
v2_ablations/theia/minus_temporal_attention/seed_33/subgraph_predictions.csv,212,54744cc30381090c62e0d1ba921287e77e94ac4ff340f849bb1437632173ee56
v2_ablations/theia/minus_temporal_attention/seed_33/training_history.csv,15263,50673fadc5aeca07f003dd96fcdce10e2d2b7aff5a165faa831800838894f559
v2_ablations/theia/minus_temporal_attention/seed_44/campaign_index.csv,767,e77a2e618de93efde17302018a001c33e37e5319ce49389d9895f227eacc875f
v2_ablations/theia/minus_temporal_attention/seed_44/checkpoint.pt,176181,bdcdb3c23be7b1088bf02427c995b47c955dd1bebad6801176ef85d2d860302c
v2_ablations/theia/minus_temporal_attention/seed_44/compactness_validation.json,1414,fcad19868ea75a863711fb9bc73aecb5cb4bdea62d08d3ed785fac250af43b80
v2_ablations/theia/minus_temporal_attention/seed_44/config_resolved.json,6324,9fd64954a2c9acb40fe001a53e005148a7e57befc02c79eb1ef7f8035ae91f2e
v2_ablations/theia/minus_temporal_attention/seed_44/dataset_manifest.json,498,683603522dbb28ae7b30118fe93fccc97b879a1f9d6b8a009318800bbc28ae2e
v2_ablations/theia/minus_temporal_attention/seed_44/edge_predictions.csv,20639,43dae5e4834758356cf30ed52fccfa745238cfe6662fe288b0a8b10fdf11c88a
v2_ablations/theia/minus_temporal_attention/seed_44/explanation_metrics.json,222823,d5750cb65998bd8cd46ff6d0db473eb7e63f861b57b4e3b3c98e4d816acb7c24
v2_ablations/theia/minus_temporal_attention/seed_44/metrics.json,1026,06724d22de5763ae960c8b8aeba8321e2a0d2ad3401cb7234f933fd55f5cc936
v2_ablations/theia/minus_temporal_attention/seed_44/node_index.csv,109593,e586e3db8da0718ace2deada0950e07d59920c2a6d596c5daae32aeba512f564
v2_ablations/theia/minus_temporal_attention/seed_44/node_predictions.csv,33878,253f1c6ffbfc0b105208b81dbef6c08ed397bfa48940ad39c15b8436c801fc9e
v2_ablations/theia/minus_temporal_attention/seed_44/robustness_metrics.json,1039,c27b6e0cd2b249ce66d6c734b2027aa88cd618a7e1bef4908eabfc3983047abc
v2_ablations/theia/minus_temporal_attention/seed_44/subgraph_predictions.csv,213,8bb59bddbccc7c8efdb4088e677d672aeb027f1c8ff05f190c145f49de4d28cb
v2_ablations/theia/minus_temporal_attention/seed_44/training_history.csv,17310,ea83680f033ddb8052a0d5417836b51f06ee8df16da6dd36c85f767785acdf9e
v2_ablations/theia/minus_temporal_attention/seed_55/campaign_index.csv,767,e77a2e618de93efde17302018a001c33e37e5319ce49389d9895f227eacc875f
v2_ablations/theia/minus_temporal_attention/seed_55/checkpoint.pt,176181,42d5f1528209400f5efef595d9068ad569af46b4338f6e5256f3ae9ec950c723
v2_ablations/theia/minus_temporal_attention/seed_55/compactness_validation.json,1420,b8ddfa34f52b43c49570fd255b310d34a1bc9eb708116bf671ab0ac0703cbe9c
v2_ablations/theia/minus_temporal_attention/seed_55/config_resolved.json,6324,b9d967a3bf6f5d3b755903b9e64d0cfbe7078a276b17e0729a0a3bc1993f02fd
v2_ablations/theia/minus_temporal_attention/seed_55/dataset_manifest.json,498,683603522dbb28ae7b30118fe93fccc97b879a1f9d6b8a009318800bbc28ae2e
v2_ablations/theia/minus_temporal_attention/seed_55/edge_predictions.csv,20840,10c195a9a5ee2e5bf5985414cfd49cdb7b2c6fa0ddfcb532f23681498d8a7633
v2_ablations/theia/minus_temporal_attention/seed_55/explanation_metrics.json,222777,d70395916d69df38f7d6087994471511ea50ed23cc98b061b389d1914be94dc2
v2_ablations/theia/minus_temporal_attention/seed_55/metrics.json,1058,9bfc9750dd7c735313d83e61560d45b4ad2a3eed97a7cd47352f1d9eaea85295
v2_ablations/theia/minus_temporal_attention/seed_55/node_index.csv,109593,e586e3db8da0718ace2deada0950e07d59920c2a6d596c5daae32aeba512f564
v2_ablations/theia/minus_temporal_attention/seed_55/node_predictions.csv,33963,094776337a15af7129d951cd677f6392b9b7652ae56af83ec2ee058467d5581b
v2_ablations/theia/minus_temporal_attention/seed_55/robustness_metrics.json,1039,88de6478a9ad2a4673449e8c6eaa4b258657a832e10498f875fc52b96aecd0e8
v2_ablations/theia/minus_temporal_attention/seed_55/subgraph_predictions.csv,212,80cd1241b1b637a2bdd16aeeb21c5a6ee46ef4a519a4ef27d9195514047b8f77
v2_ablations/theia/minus_temporal_attention/seed_55/training_history.csv,17342,d59a5a9a9ab2292d49bfa211ab6bf317f3d8fcacf021d869aee05702880b3f8b
v2_ablations/theia/minus_temporal_attention/seed_66/campaign_index.csv,767,e77a2e618de93efde17302018a001c33e37e5319ce49389d9895f227eacc875f
v2_ablations/theia/minus_temporal_attention/seed_66/checkpoint.pt,176181,d70d08b7d1a7c27adb47a96bc01aa15758e27690589e31fff7a21c351d84ab64
v2_ablations/theia/minus_temporal_attention/seed_66/compactness_validation.json,1420,3a77bcf694b7bab92987d0a01923f9b40d65bfe7330e1e606ac46379297130ed
v2_ablations/theia/minus_temporal_attention/seed_66/config_resolved.json,6325,de4c759fa64f3d97fa8b22747234a812e4d2675e2d168d8480e2e43057cef2b8
v2_ablations/theia/minus_temporal_attention/seed_66/dataset_manifest.json,498,683603522dbb28ae7b30118fe93fccc97b879a1f9d6b8a009318800bbc28ae2e
v2_ablations/theia/minus_temporal_attention/seed_66/edge_predictions.csv,20908,f9f2e54cf169c0f7522db946fcdc8dfd0002c213a0967f298b0467fe9d43f6d9
v2_ablations/theia/minus_temporal_attention/seed_66/explanation_metrics.json,1643,c9e12c110fb1ed80fc9302c27e42d8c24efca2b29a9ae092e6c15cdeab47a656
v2_ablations/theia/minus_temporal_attention/seed_66/metrics.json,1055,e6a60cae99591173e47f8c8ab421146b3c54db933165804ae278472483a0eb96
v2_ablations/theia/minus_temporal_attention/seed_66/node_index.csv,109593,e586e3db8da0718ace2deada0950e07d59920c2a6d596c5daae32aeba512f564
v2_ablations/theia/minus_temporal_attention/seed_66/node_predictions.csv,33774,0e6aadb8dac0d3369396a6d1c589100b40c58351bb8959c8bfaf936126808639
v2_ablations/theia/minus_temporal_attention/seed_66/robustness_metrics.json,980,0067a339e5ba8eb5ecee1afb8b3418e57e71bd7035715b7518c9febbfafde2ea
v2_ablations/theia/minus_temporal_attention/seed_66/subgraph_predictions.csv,213,754d4d99aa942de927fb0631411cf0be4f04a4131b8857543aeb60ad44f19117
v2_ablations/theia/minus_temporal_attention/seed_66/training_history.csv,17361,a0b7d3b78cd5fef23edee4a7714447186618468869aa2ce29800a7488dbb8400
v2_ablations/theia/minus_temporal_attention/seed_77/campaign_index.csv,767,e77a2e618de93efde17302018a001c33e37e5319ce49389d9895f227eacc875f
v2_ablations/theia/minus_temporal_attention/seed_77/checkpoint.pt,176181,a09d4557a3293da054f77b83b98d67495b2cd9360a7ca5142709fb6b6ed200a3
v2_ablations/theia/minus_temporal_attention/seed_77/compactness_validation.json,1420,398653233ff9dc12a1a47a56b94a296fff9226a3d0cd04cf9ba0c50500385a0a
v2_ablations/theia/minus_temporal_attention/seed_77/config_resolved.json,6325,523bf32bb3462f9bac3b09428d8481094c96fdb828e1072a724e0cdf5ae1e3b6
v2_ablations/theia/minus_temporal_attention/seed_77/dataset_manifest.json,498,683603522dbb28ae7b30118fe93fccc97b879a1f9d6b8a009318800bbc28ae2e
v2_ablations/theia/minus_temporal_attention/seed_77/edge_predictions.csv,20812,41412a6de5fc4d82e3883416d8e3a24fc9038963e3c0dcadf5cdc110e2f66d19
v2_ablations/theia/minus_temporal_attention/seed_77/explanation_metrics.json,222793,6dd809d40130df1b9b798158df0f4d88e2e974ad928c83547a7af4bf78cf49d5
v2_ablations/theia/minus_temporal_attention/seed_77/metrics.json,1043,b15736117c7b448e605affeddb20994ac03d520023c8cb8e47b49f8c589fee4f
v2_ablations/theia/minus_temporal_attention/seed_77/node_index.csv,109593,e586e3db8da0718ace2deada0950e07d59920c2a6d596c5daae32aeba512f564
v2_ablations/theia/minus_temporal_attention/seed_77/node_predictions.csv,33688,b36880000c8c1ca75f96d6b7f17ab2a879d9523260464e6d6aa1593536f74b52
v2_ablations/theia/minus_temporal_attention/seed_77/robustness_metrics.json,1039,75f5f3c1e98479e48393c28c9202eeff9cedaa7ed704bef211c3e09c8429615c
v2_ablations/theia/minus_temporal_attention/seed_77/subgraph_predictions.csv,207,4ee13a77b9020280c2a6a316483dc4f0d6301e719ceb3b7fc365a85ad4294699
v2_ablations/theia/minus_temporal_attention/seed_77/training_history.csv,17342,3cf92b74d9faa9e25fd3e813282ec0ea572be7ddacf6730e8c2bd591cf90df02
v2_ablations/theia/minus_temporal_attention/seed_88/campaign_index.csv,767,e77a2e618de93efde17302018a001c33e37e5319ce49389d9895f227eacc875f
v2_ablations/theia/minus_temporal_attention/seed_88/checkpoint.pt,176181,af70947eaff7d52ce62f5e5e3a0abb726c2c485b7aeac8aa6a3b3c63a5de5e8d
v2_ablations/theia/minus_temporal_attention/seed_88/compactness_validation.json,1420,0f588f9ee769e53f89520da1f24a380df6529c7bcb9c67e05100696e279ef26f
v2_ablations/theia/minus_temporal_attention/seed_88/config_resolved.json,6325,f27089ec7d7c47943e245ef04b508b4b10701ad0b779d46b4ef32662459d6112
v2_ablations/theia/minus_temporal_attention/seed_88/dataset_manifest.json,498,683603522dbb28ae7b30118fe93fccc97b879a1f9d6b8a009318800bbc28ae2e
v2_ablations/theia/minus_temporal_attention/seed_88/edge_predictions.csv,20373,8c96f0b2dc27b3bd40eefaeec89ba85b3568bfd563e14586268100a169c213a6
v2_ablations/theia/minus_temporal_attention/seed_88/explanation_metrics.json,222983,cda5fa53b856828ade39b3c7e0f5c9af46654841d2883f42c522aab301c3c997
v2_ablations/theia/minus_temporal_attention/seed_88/metrics.json,1058,eff2d94ccb56d046315055f7e3b687b6317560728a9609381163d295d7055a78
v2_ablations/theia/minus_temporal_attention/seed_88/node_index.csv,109593,e586e3db8da0718ace2deada0950e07d59920c2a6d596c5daae32aeba512f564
v2_ablations/theia/minus_temporal_attention/seed_88/node_predictions.csv,33975,86a9c8302a5e8a5ce42f6a1f675567aabe5781edcdbd1ec39ca389f0c0b21efc
v2_ablations/theia/minus_temporal_attention/seed_88/robustness_metrics.json,1040,d6cb291c32aebedcc843729adbfcb9981e80127268ef10348de771b2c5f0f8e9
v2_ablations/theia/minus_temporal_attention/seed_88/subgraph_predictions.csv,212,16dc005feb1bbd616f010d78a5096348940e4c1db590c9d729e30cb5da4eabcb
v2_ablations/theia/minus_temporal_attention/seed_88/training_history.csv,15286,ee3c28b0ba6028320b0bdd9588c057439b2adf3711737b12c83158fa02bac563
v2_ablations/theia/minus_temporal_attention/seed_99/campaign_index.csv,767,e77a2e618de93efde17302018a001c33e37e5319ce49389d9895f227eacc875f
v2_ablations/theia/minus_temporal_attention/seed_99/checkpoint.pt,176181,362caf10f5c3c029dfcec7a1d1052f9315ce6f02480a20e44f0f6507e011632d
v2_ablations/theia/minus_temporal_attention/seed_99/compactness_validation.json,1516,52e2d7b6e39a3f6a48a56984a17cad7131a440495371739076d89b4e0bc69e4b
v2_ablations/theia/minus_temporal_attention/seed_99/config_resolved.json,6324,dff586cfeca05cf3f843dcfa8932aab579458de3a8c893abb6dcf0460790aaac
v2_ablations/theia/minus_temporal_attention/seed_99/dataset_manifest.json,498,683603522dbb28ae7b30118fe93fccc97b879a1f9d6b8a009318800bbc28ae2e
v2_ablations/theia/minus_temporal_attention/seed_99/edge_predictions.csv,20725,537b8e498757f7c3bc39ef7df2d1fba328aa617c13a1ec125637f65a3ede8074
v2_ablations/theia/minus_temporal_attention/seed_99/explanation_metrics.json,223094,2644d62764fc5231fb875f43db9d9e59416bf1a01d3d2873c61b9897fdd3bb4f
v2_ablations/theia/minus_temporal_attention/seed_99/metrics.json,1073,eb97685d72c7f6f56e39df352b028076456efddde003a4ad45a942fbe6428121
v2_ablations/theia/minus_temporal_attention/seed_99/node_index.csv,109593,e586e3db8da0718ace2deada0950e07d59920c2a6d596c5daae32aeba512f564
v2_ablations/theia/minus_temporal_attention/seed_99/node_predictions.csv,33716,46524daf61b8032b899e2a4e77fb9e75949c204cf2f04a555a70ac8743327845
v2_ablations/theia/minus_temporal_attention/seed_99/robustness_metrics.json,1040,9e2b445ad2bdf8362e3fe5ac2f382fd782e9d46f8aaed8caf2f954e630be0656
v2_ablations/theia/minus_temporal_attention/seed_99/subgraph_predictions.csv,211,185659db59b7652f87f68b77a332d6eabf54d853ba2c1365639de4ff48b8cfd9
v2_ablations/theia/minus_temporal_attention/seed_99/training_history.csv,17316,301dce54bcfb4c479fda4c7a2b585d47ca11021944bfe427e9114d9d7e8a69d2
v2_ablations/theia/minus_temporal_stream/seed_11/campaign_index.csv,767,e77a2e618de93efde17302018a001c33e37e5319ce49389d9895f227eacc875f
v2_ablations/theia/minus_temporal_stream/seed_11/checkpoint.pt,176181,35edf160128abf4469de5dbbf34f4e766f888fd9c80b4acd3dc737cb9d4ad31f
v2_ablations/theia/minus_temporal_stream/seed_11/compactness_validation.json,1420,744cead4aed3a0d59061b395a155ed57ac47e6a75b6aab56f5bc0ac3a278d156
v2_ablations/theia/minus_temporal_stream/seed_11/config_resolved.json,6325,db4670375fd124d54977e685551796fdf678f682b71d07c79078ffca2b0e8a86
v2_ablations/theia/minus_temporal_stream/seed_11/dataset_manifest.json,498,683603522dbb28ae7b30118fe93fccc97b879a1f9d6b8a009318800bbc28ae2e
v2_ablations/theia/minus_temporal_stream/seed_11/edge_predictions.csv,20566,3db2233ab9c2e445d4405c847ca6291ea942f26bd49a9f1b19a216f9871528c4
v2_ablations/theia/minus_temporal_stream/seed_11/explanation_metrics.json,222747,ddea9d958b32b455e8500c001d60e9cc3fec768f91317cc9e65b76da18dc71d1
v2_ablations/theia/minus_temporal_stream/seed_11/metrics.json,1071,e9d70be6bdf51768679ba09205a854e364e1c27180be742038eaf101914b2f4d
v2_ablations/theia/minus_temporal_stream/seed_11/node_index.csv,109593,e586e3db8da0718ace2deada0950e07d59920c2a6d596c5daae32aeba512f564
v2_ablations/theia/minus_temporal_stream/seed_11/node_predictions.csv,33888,24ee858a7b9e3186b937deba572c304f2120ed798493e9fd9cbca2502f89eaa0
v2_ablations/theia/minus_temporal_stream/seed_11/robustness_metrics.json,1040,0c3371ea520257d1e45245a71b87090a0d9d5c7979943ef27b5ecdb91b6a78ea
v2_ablations/theia/minus_temporal_stream/seed_11/subgraph_predictions.csv,213,a5cad62983dd1b378d00af86369d86263780561f2c3e1d58310af55e31d15e67
v2_ablations/theia/minus_temporal_stream/seed_11/training_history.csv,19135,9bcd934318200cf1122d5f882eb1dc3ff06b66026487344b35eb7a46c102a972
v2_ablations/theia/minus_temporal_stream/seed_110/campaign_index.csv,767,e77a2e618de93efde17302018a001c33e37e5319ce49389d9895f227eacc875f
v2_ablations/theia/minus_temporal_stream/seed_110/checkpoint.pt,176181,a42351b85d9b53d401f3058b15049e1472e923d6c9b9e1bac9d03f5e29717330
v2_ablations/theia/minus_temporal_stream/seed_110/compactness_validation.json,1420,bea15aa411ad1b6c27e14741fc27b99b253e49d9501815b91e74eb1a45a6e0e8
v2_ablations/theia/minus_temporal_stream/seed_110/config_resolved.json,6325,40a3de759c6fab657256c647e3ecae9780e8949d7ebede8a968338c101e6830f
v2_ablations/theia/minus_temporal_stream/seed_110/dataset_manifest.json,498,683603522dbb28ae7b30118fe93fccc97b879a1f9d6b8a009318800bbc28ae2e
v2_ablations/theia/minus_temporal_stream/seed_110/edge_predictions.csv,20204,e10f2a36d4f0d4b7545111f47f0ee17e0255cafcf5fc1f181d5dc5d3008e6419
v2_ablations/theia/minus_temporal_stream/seed_110/explanation_metrics.json,223036,9f40029ca99e56fac5883c5f998c8137217108757c79849b5a975d9b2cdfe09b
v2_ablations/theia/minus_temporal_stream/seed_110/metrics.json,1081,6ac92cd3fc6825c4fbe1599a6749ef561a91c4ee1ee37a65dbd60fd091774793
v2_ablations/theia/minus_temporal_stream/seed_110/node_index.csv,109593,e586e3db8da0718ace2deada0950e07d59920c2a6d596c5daae32aeba512f564
v2_ablations/theia/minus_temporal_stream/seed_110/node_predictions.csv,33912,7f81671652f34cdac7fdd14db77335dff08360ab163d157fedb237517744879c
v2_ablations/theia/minus_temporal_stream/seed_110/robustness_metrics.json,1040,1e071c5c8578ea14c88e010c92a2920da50351226056e1698c509f1479d88817
v2_ablations/theia/minus_temporal_stream/seed_110/subgraph_predictions.csv,211,f4e878560ce6ca80bcc57d589928f6bd604eac7b6eebd1e873fe25a7deadebf0
v2_ablations/theia/minus_temporal_stream/seed_110/training_history.csv,15008,a57bd3e00f573f6ee541761647b8852a59202ce09659f4abd7c22c7c89578b59
v2_ablations/theia/minus_temporal_stream/seed_22/campaign_index.csv,767,e77a2e618de93efde17302018a001c33e37e5319ce49389d9895f227eacc875f
v2_ablations/theia/minus_temporal_stream/seed_22/checkpoint.pt,176181,d8b83cbc854dcfbc81d5bb4ec127ab4dbe6cdcad0e3d2ffe451d0128d6c90013
v2_ablations/theia/minus_temporal_stream/seed_22/compactness_validation.json,1420,919e9de560fa909ffe41aca05bc4cc90f73a8942d8b01c9072255d5aeb22faec
v2_ablations/theia/minus_temporal_stream/seed_22/config_resolved.json,6324,f5cbe1af2a7ca637a142d6b008f9fd916cdd85f86c89143c82ce839947e23442
v2_ablations/theia/minus_temporal_stream/seed_22/dataset_manifest.json,498,683603522dbb28ae7b30118fe93fccc97b879a1f9d6b8a009318800bbc28ae2e
v2_ablations/theia/minus_temporal_stream/seed_22/edge_predictions.csv,20801,a85ed89beb0a46a475237bbcc92a2e8832861dd3e84de10b43817a4de81fd9ef
v2_ablations/theia/minus_temporal_stream/seed_22/explanation_metrics.json,222493,9ff9084de2f5ca387aa91cd7609908524691dab0ffc8ff2c5e7dd07d38a1d44c
v2_ablations/theia/minus_temporal_stream/seed_22/metrics.json,1059,dba60b911ee332b4945781291a0951e664c42ddc5d4489c7f928321a321f55de
v2_ablations/theia/minus_temporal_stream/seed_22/node_index.csv,109593,e586e3db8da0718ace2deada0950e07d59920c2a6d596c5daae32aeba512f564
v2_ablations/theia/minus_temporal_stream/seed_22/node_predictions.csv,33804,00bc7062a628b0437b7b0c39a602d280c645c17e44416295ad82f0008ac567cb
v2_ablations/theia/minus_temporal_stream/seed_22/robustness_metrics.json,1040,cb70a594c39c1320a96de2cd87ef4c3db0a9c7583ee9262943d1a18355f43d96
v2_ablations/theia/minus_temporal_stream/seed_22/subgraph_predictions.csv,210,eb5f1351b2e4588d7391a71f47080deb492fb3dadf9a3bee789b1fb18ec5199b
v2_ablations/theia/minus_temporal_stream/seed_22/training_history.csv,19122,17b58524af3d30885edc292a0b700a13ef1ecf4828cae48f372f61d4c0303e82
v2_ablations/theia/minus_temporal_stream/seed_33/campaign_index.csv,767,e77a2e618de93efde17302018a001c33e37e5319ce49389d9895f227eacc875f
v2_ablations/theia/minus_temporal_stream/seed_33/checkpoint.pt,176181,dc98b952611a9046d1f6a4c1735b0024efbb164168ec87d5267dc38e726b01ad
v2_ablations/theia/minus_temporal_stream/seed_33/compactness_validation.json,1426,6254fc49fd4d37677f7a65cc613280ba9a28deef94942e97d8feaf7341471eef
v2_ablations/theia/minus_temporal_stream/seed_33/config_resolved.json,6325,2277eee2df910323bbebf78593ac7b75d8f52e572dfce865a4b1bf77ed23d0e3
v2_ablations/theia/minus_temporal_stream/seed_33/dataset_manifest.json,498,683603522dbb28ae7b30118fe93fccc97b879a1f9d6b8a009318800bbc28ae2e
v2_ablations/theia/minus_temporal_stream/seed_33/edge_predictions.csv,20411,b206b140d51800eb98654f408751f277fb914522f855325c2b4499f6979cd48a
v2_ablations/theia/minus_temporal_stream/seed_33/explanation_metrics.json,223116,56ef9bb2a8ba8045433218498d31d650ce96c00ac6b7b4ea8e52cf1049a1f55a
v2_ablations/theia/minus_temporal_stream/seed_33/metrics.json,1043,354195acbdc1e7095bde8652d0577c931fc49c95c642fa11f3e63dcec35dd296
v2_ablations/theia/minus_temporal_stream/seed_33/node_index.csv,109593,e586e3db8da0718ace2deada0950e07d59920c2a6d596c5daae32aeba512f564
v2_ablations/theia/minus_temporal_stream/seed_33/node_predictions.csv,33867,8fb4a47a33df85557cbce33749fb9383167457ecccd07d849f8411475b9e326d
v2_ablations/theia/minus_temporal_stream/seed_33/robustness_metrics.json,1009,739b6f82e309da6e9e235f253aaee4c57811cb052c650abea9321cc235c2c0c2
v2_ablations/theia/minus_temporal_stream/seed_33/subgraph_predictions.csv,212,d9d16c5dedf3fae4f3e5cd88db69d004431d7e8c2e3c003c3989dee96a9db956
v2_ablations/theia/minus_temporal_stream/seed_33/training_history.csv,16848,f9d8cbed4bef1b83ea355786a4578a535bbea0fd45dc745d028f58056745447a
v2_ablations/theia/minus_temporal_stream/seed_44/campaign_index.csv,767,e77a2e618de93efde17302018a001c33e37e5319ce49389d9895f227eacc875f
v2_ablations/theia/minus_temporal_stream/seed_44/checkpoint.pt,176181,e8aea5630cdc2e262d7e4c619624ee5a6c018e4c6577defd5397a3248046fd38
v2_ablations/theia/minus_temporal_stream/seed_44/compactness_validation.json,1420,4d40c6db6cb74d8ddd0e904398c4824da766fcff6a7ea5679be8e64f575beeac
v2_ablations/theia/minus_temporal_stream/seed_44/config_resolved.json,6324,8e984ad8a5b9fdb0fee671497d0c7afa4fd76e2e2ac4a2a20388aeffd5e5e032
v2_ablations/theia/minus_temporal_stream/seed_44/dataset_manifest.json,498,683603522dbb28ae7b30118fe93fccc97b879a1f9d6b8a009318800bbc28ae2e
v2_ablations/theia/minus_temporal_stream/seed_44/edge_predictions.csv,20473,2af6c8e0aa06a2b056feebcf5762caa433f9276762b9edb52ee28eec2ed64542
v2_ablations/theia/minus_temporal_stream/seed_44/explanation_metrics.json,1643,c9e12c110fb1ed80fc9302c27e42d8c24efca2b29a9ae092e6c15cdeab47a656
v2_ablations/theia/minus_temporal_stream/seed_44/metrics.json,1012,6259522ec2c87739a44a10a9c4275f91d1a52971c66001cc1856d1aaf8e74a71
v2_ablations/theia/minus_temporal_stream/seed_44/node_index.csv,109593,e586e3db8da0718ace2deada0950e07d59920c2a6d596c5daae32aeba512f564
v2_ablations/theia/minus_temporal_stream/seed_44/node_predictions.csv,33749,16399f49e877b23666141b11ec1604a486e2ed669e6365946d29e853ed8705a6
v2_ablations/theia/minus_temporal_stream/seed_44/robustness_metrics.json,981,efc06a0909c5849e8bc3f0201afba178936e94351eb97e14bfe4d8942575982c
v2_ablations/theia/minus_temporal_stream/seed_44/subgraph_predictions.csv,214,4974c49a97c4bf9e7efde97a82e84486ded69df32c6a3d109cb59508990575b7
v2_ablations/theia/minus_temporal_stream/seed_44/training_history.csv,19102,41b2b335129c0748cf93d081d965c9a992b46b96d0430692efee62e52ac34fbe
v2_ablations/theia/minus_temporal_stream/seed_55/campaign_index.csv,767,e77a2e618de93efde17302018a001c33e37e5319ce49389d9895f227eacc875f
v2_ablations/theia/minus_temporal_stream/seed_55/checkpoint.pt,176181,20f3508c1ca02c03a2150f263b19382336b200090c6b1cbd0c6704df6f665731
v2_ablations/theia/minus_temporal_stream/seed_55/compactness_validation.json,1420,e556d38881431cd16c4fc8778475dbcfcbd23587bdc87a05ae2b4e1540d07e6b
v2_ablations/theia/minus_temporal_stream/seed_55/config_resolved.json,6325,658609929d6c19191c5be0cdada5153ceb3c30304cdeb9970d225379ffaaa585
v2_ablations/theia/minus_temporal_stream/seed_55/dataset_manifest.json,498,683603522dbb28ae7b30118fe93fccc97b879a1f9d6b8a009318800bbc28ae2e
v2_ablations/theia/minus_temporal_stream/seed_55/edge_predictions.csv,20773,05bb48096623a15f838e2c82c47e7f643d821911a178aa4201daf5b5a65820ec
v2_ablations/theia/minus_temporal_stream/seed_55/explanation_metrics.json,222729,841e421205c1d417f98dcfeeea314810dbc0399fcac59158eb3575bf6f730490
v2_ablations/theia/minus_temporal_stream/seed_55/metrics.json,1042,2da084527ac98ec1030fc90017a3ed80fbc004a361e757d4af43b43d39bec1b2
v2_ablations/theia/minus_temporal_stream/seed_55/node_index.csv,109593,e586e3db8da0718ace2deada0950e07d59920c2a6d596c5daae32aeba512f564
v2_ablations/theia/minus_temporal_stream/seed_55/node_predictions.csv,33566,90ee9c4130aeb454667b4a8b880b991088b8628f1410ff7051a0a0bc3633bf95
v2_ablations/theia/minus_temporal_stream/seed_55/robustness_metrics.json,1040,8f35ef5d52d8511cbfd5d2acafa643f55156e0157f2481bb7055952edd3ab0fc
v2_ablations/theia/minus_temporal_stream/seed_55/subgraph_predictions.csv,212,73541d8aa286df370329157bfcd0288db042107b2aa595c39da1383d16f66a07
v2_ablations/theia/minus_temporal_stream/seed_55/training_history.csv,19162,33a031203a9e405d08372f6065488cfca95c18af20bce7af1274ba8917a0c47d
v2_ablations/theia/minus_temporal_stream/seed_66/campaign_index.csv,767,e77a2e618de93efde17302018a001c33e37e5319ce49389d9895f227eacc875f
v2_ablations/theia/minus_temporal_stream/seed_66/checkpoint.pt,176181,c44fabef6b0efc02e59e534fe26e41ea426d89c5a64cd145a45248f9fedd16e4
v2_ablations/theia/minus_temporal_stream/seed_66/compactness_validation.json,1420,96c9f93815d5d66c0b879f9f4a17cd5a53c9b63c137ec9267d485f0a79656640
v2_ablations/theia/minus_temporal_stream/seed_66/config_resolved.json,6324,7b99df31fddbabf630ae0a395857adec6bfe44a34824e5d7a41ed0c9c0064a0a
v2_ablations/theia/minus_temporal_stream/seed_66/dataset_manifest.json,498,683603522dbb28ae7b30118fe93fccc97b879a1f9d6b8a009318800bbc28ae2e
v2_ablations/theia/minus_temporal_stream/seed_66/edge_predictions.csv,20841,e9113a5913701714bb8378ff9c2e097e6ddb4eea3a436f344876cf774e322001
v2_ablations/theia/minus_temporal_stream/seed_66/explanation_metrics.json,1643,c9e12c110fb1ed80fc9302c27e42d8c24efca2b29a9ae092e6c15cdeab47a656
v2_ablations/theia/minus_temporal_stream/seed_66/metrics.json,1057,5a7f6e2bbeda252c26865fda8f444cf891ef80b134f1a1871255a68b38330092
v2_ablations/theia/minus_temporal_stream/seed_66/node_index.csv,109593,e586e3db8da0718ace2deada0950e07d59920c2a6d596c5daae32aeba512f564
v2_ablations/theia/minus_temporal_stream/seed_66/node_predictions.csv,33792,6fbdd8c6801bf325c8e287bd8f7a1dba5dca9b05439cd270ca2a808a5b041647
v2_ablations/theia/minus_temporal_stream/seed_66/robustness_metrics.json,981,efc06a0909c5849e8bc3f0201afba178936e94351eb97e14bfe4d8942575982c
v2_ablations/theia/minus_temporal_stream/seed_66/subgraph_predictions.csv,209,786d5055fa60c561958ea691ed702381da706bad351832c5119fcea310530fb7
v2_ablations/theia/minus_temporal_stream/seed_66/training_history.csv,19153,3dea161fe92630517886dc5799dcbb67a3d5b7c06de097d8a519f032a10cce6b
v2_ablations/theia/minus_temporal_stream/seed_77/campaign_index.csv,767,e77a2e618de93efde17302018a001c33e37e5319ce49389d9895f227eacc875f
v2_ablations/theia/minus_temporal_stream/seed_77/checkpoint.pt,176181,4985b08e090bf17e25fb706c0510f586a6e73b73aac56f3875ab180f5395fb4c
v2_ablations/theia/minus_temporal_stream/seed_77/compactness_validation.json,1420,9fcc9b3d4fdccf432fd616cf48e9517cc106b85894e75dccbc10b85d83ddbdef
v2_ablations/theia/minus_temporal_stream/seed_77/config_resolved.json,6325,17e7aa6af6cc25d63929f0f2bb32fe3a4cb3cfe9c5c8ea1e80e60d7e8b5a3628
v2_ablations/theia/minus_temporal_stream/seed_77/dataset_manifest.json,498,683603522dbb28ae7b30118fe93fccc97b879a1f9d6b8a009318800bbc28ae2e
v2_ablations/theia/minus_temporal_stream/seed_77/edge_predictions.csv,20735,60fe61342f38f5d76e1318bad477f085a8f50f370af8a4b1e0569e41a0d30b06
v2_ablations/theia/minus_temporal_stream/seed_77/explanation_metrics.json,222754,dc778e99e841882c9b4f4679fdf2a7a45508a4fbbdb15bb78c34e3c42537f8e2
v2_ablations/theia/minus_temporal_stream/seed_77/metrics.json,1055,84fd716ea2ce3342313a8d3824ce2b2372bbf0eb0518565a8afc6d1707a71431
v2_ablations/theia/minus_temporal_stream/seed_77/node_index.csv,109593,e586e3db8da0718ace2deada0950e07d59920c2a6d596c5daae32aeba512f564
v2_ablations/theia/minus_temporal_stream/seed_77/node_predictions.csv,34021,4af648bbeca42275a0daff383c3deb83b28c03399ce50af0ecea1381dfb19c21
v2_ablations/theia/minus_temporal_stream/seed_77/robustness_metrics.json,1040,874b8383acaf66f0621677c1edc568cb116f146e547188cdf86059de5344e444
v2_ablations/theia/minus_temporal_stream/seed_77/subgraph_predictions.csv,212,5a807c6877ed7ded8c03e129b3768dc116d56be83152902a19186841c9e9cdf9
v2_ablations/theia/minus_temporal_stream/seed_77/training_history.csv,19174,ca0a62ceb1215cf96b7128a477752033b1c88488c65ee3ed50310d1af0970962
v2_ablations/theia/minus_temporal_stream/seed_88/campaign_index.csv,767,e77a2e618de93efde17302018a001c33e37e5319ce49389d9895f227eacc875f
v2_ablations/theia/minus_temporal_stream/seed_88/checkpoint.pt,176181,d78fa39877aff2048d34ec2e4dc2cb6ce1c58f254829ec7f818e14d666a4d395
v2_ablations/theia/minus_temporal_stream/seed_88/compactness_validation.json,1426,a21c942a95b9601fca7a33de5d6832b4ce8493f3ecccfa398f4cf0b5ee59dd8b
v2_ablations/theia/minus_temporal_stream/seed_88/config_resolved.json,6325,b8739d1a40bbf635db2763811408851d99f87d01ade3e1cba89f134c99d9e521
v2_ablations/theia/minus_temporal_stream/seed_88/dataset_manifest.json,498,683603522dbb28ae7b30118fe93fccc97b879a1f9d6b8a009318800bbc28ae2e
v2_ablations/theia/minus_temporal_stream/seed_88/edge_predictions.csv,20384,8814508b469ded21805c8dfcbdc717dd312b6899fe7ad554b2f1e1290d888d7f
v2_ablations/theia/minus_temporal_stream/seed_88/explanation_metrics.json,223027,e800b8fc4756af940d123cc5b77d664ea6a5e307230232f5efc5889dd045fe90
v2_ablations/theia/minus_temporal_stream/seed_88/metrics.json,1043,153627c2afe04cfd93d8e34b454ce0db55398b35d0a0488bc90c32d0c6b0f2c5
v2_ablations/theia/minus_temporal_stream/seed_88/node_index.csv,109593,e586e3db8da0718ace2deada0950e07d59920c2a6d596c5daae32aeba512f564
v2_ablations/theia/minus_temporal_stream/seed_88/node_predictions.csv,33942,5251f071696f59f0612dc49c8fa1ec3907269255df18a6d6295b5f98faa7768e
v2_ablations/theia/minus_temporal_stream/seed_88/robustness_metrics.json,1041,d410f9e5671b4eab01bd962d8f75c2d095de17ed2c94b43d454f3274d83f7146
v2_ablations/theia/minus_temporal_stream/seed_88/subgraph_predictions.csv,212,b110730e2817f92465a8844607b4994ddb480bee436aea6d30b135ad940cd78e
v2_ablations/theia/minus_temporal_stream/seed_88/training_history.csv,16865,12a4789f36f74858f14ab463cf53dde4357b85b43e8f486c2f50f7ea278f68e5
v2_ablations/theia/minus_temporal_stream/seed_99/campaign_index.csv,767,e77a2e618de93efde17302018a001c33e37e5319ce49389d9895f227eacc875f
v2_ablations/theia/minus_temporal_stream/seed_99/checkpoint.pt,176181,91342ed67924caf6538aa1a4edfb1b07608bbbc22bc8f53c7a3ff5f50faa8eb5
v2_ablations/theia/minus_temporal_stream/seed_99/compactness_validation.json,1420,e6ab7399f2860e29669bd241c0868d10e26e0ee8fac3c1468042dbefd730743b
v2_ablations/theia/minus_temporal_stream/seed_99/config_resolved.json,6325,edcd909911d608805cbe7dba96888579e767e81b4401757988f9f86886f5fa86
v2_ablations/theia/minus_temporal_stream/seed_99/dataset_manifest.json,498,683603522dbb28ae7b30118fe93fccc97b879a1f9d6b8a009318800bbc28ae2e
v2_ablations/theia/minus_temporal_stream/seed_99/edge_predictions.csv,20668,eecf53ba76e5c60be57194075a6ff0b6579567d3b9060ecc0e8d6578a56798eb
v2_ablations/theia/minus_temporal_stream/seed_99/explanation_metrics.json,222988,5b814602f06cef9f52d9bda9bdd229c8e3069a663b2cf16349e2c41bfcba3e39
v2_ablations/theia/minus_temporal_stream/seed_99/metrics.json,1042,c8f532dd6d0f92a3c436666877317468ab2fc535efed1680d29ccc0d7e1237f3
v2_ablations/theia/minus_temporal_stream/seed_99/node_index.csv,109593,e586e3db8da0718ace2deada0950e07d59920c2a6d596c5daae32aeba512f564
v2_ablations/theia/minus_temporal_stream/seed_99/node_predictions.csv,33971,ee64c19ed510826385d91f754b2f132056478be1ed5a2c727ded6f72cd61880e
v2_ablations/theia/minus_temporal_stream/seed_99/robustness_metrics.json,1040,050f7eca1580ac68d929c0a9c0bc3ad5140ba5da2a235355b89d076bd9424b7a
v2_ablations/theia/minus_temporal_stream/seed_99/subgraph_predictions.csv,212,f59fe77c57f59543c6c656781f5692d9938036971e17375eed38a000a3a9f9fb
v2_ablations/theia/minus_temporal_stream/seed_99/training_history.csv,19159,94ed9990944f2b3be080ee761cbc2b94cdb6fd345a5602e53a00ec970c75d9d2
v2_ablations/trace/ablation_seed_metrics.csv,9590,57836c7bbdac7e30203b8fad1952c23117bf9faf7ccd115902720aabb3cd288e
v2_ablations/trace/ablation_summary.csv,6052,8ec2155a77f5e50e155bf4972e3c72f0961d32a58a09883d2c828cfb25787fc6
v2_ablations/trace/full/seed_11/campaign_index.csv,767,e77a2e618de93efde17302018a001c33e37e5319ce49389d9895f227eacc875f
v2_ablations/trace/full/seed_11/checkpoint.pt,192245,52c43b7944ccac68f1f86ce678016b0cfdf3f8122e703de0b70ab56cd62ec21d
v2_ablations/trace/full/seed_11/compactness_validation.json,1519,a38ba737118f9507429b8d494f07e0c812b7d3b773511d5ebd4795946d4f7e20
v2_ablations/trace/full/seed_11/config_resolved.json,6471,cd150839a57292abdb4d4dd6e7031d93a3174b873ec512b19d3e8a65234616e2
v2_ablations/trace/full/seed_11/dataset_manifest.json,496,abafe534465f9e297571f21c4a6585dbb23d1b92de83830db6d78f1791b64177
v2_ablations/trace/full/seed_11/edge_predictions.csv,20843,c063c6406b56f781b80815c1b7d84ff48f7d604de857f15b0191c435c4753151
v2_ablations/trace/full/seed_11/explanation_metrics.json,14368,ac0fa37aeb5fd68aea8630fb078c8c1b5f8b2de080a28ab5d6673d469b9961d0
v2_ablations/trace/full/seed_11/metrics.json,1046,1bc3bb1a09177fde818fb53d07c7566996d1e43732f406d11c8fbd408c39bd26
v2_ablations/trace/full/seed_11/node_index.csv,100817,97c14e5580970fc64714d3029ae5346261131b09f3be3f75c352499f313aacd0
v2_ablations/trace/full/seed_11/node_predictions.csv,25664,53e58400b0b801e6e830551b64fcac2c9238453d737969c5317dbf3d820c6e09
v2_ablations/trace/full/seed_11/robustness_metrics.json,928,8c8394020734dece5758d10336522e59fdf416172554fe82e64d34033c786c19
v2_ablations/trace/full/seed_11/subgraph_predictions.csv,212,fb0dc6666d076086f373770ea1e0cd93d1558925674abd3e13ae3d198f80d286
v2_ablations/trace/full/seed_11/training_history.csv,15731,aa674ed7d46c323817c17f9caf81143ca9de6791c8636c5b079458403b0eb2e9
v2_ablations/trace/full/seed_110/campaign_index.csv,767,e77a2e618de93efde17302018a001c33e37e5319ce49389d9895f227eacc875f
v2_ablations/trace/full/seed_110/checkpoint.pt,192245,7d0ba7804e3d89e5e96661a3ab465788143c1752471064e98e94b3c14ed10af9
v2_ablations/trace/full/seed_110/compactness_validation.json,1606,3abc9f2a80bb609160c04d853cf4ad84707d6cc6787b984a11ca55cbb9503036
v2_ablations/trace/full/seed_110/config_resolved.json,6469,edbca78fb78411542352dbc115e764224fff229af9f76f293b9ffc4a8861aeae
v2_ablations/trace/full/seed_110/dataset_manifest.json,496,abafe534465f9e297571f21c4a6585dbb23d1b92de83830db6d78f1791b64177
v2_ablations/trace/full/seed_110/edge_predictions.csv,20657,085557ebe873f42161b4fa68c5e57284764d356364ebd71978ab13959b803731
v2_ablations/trace/full/seed_110/explanation_metrics.json,48559,533f78293935122b634840e76ba236c2f4a70b4acde881f28a5e830fc9121398
v2_ablations/trace/full/seed_110/metrics.json,1076,a4ec85b797852b6b2cba36b5ab4841092048abeb5b6bc710bf9f7d050ce9222b
v2_ablations/trace/full/seed_110/node_index.csv,100817,97c14e5580970fc64714d3029ae5346261131b09f3be3f75c352499f313aacd0
v2_ablations/trace/full/seed_110/node_predictions.csv,25671,d8ff5203a9bd305782cc44ed93fee1a89db1ba33634636287d859b7c489dc842
v2_ablations/trace/full/seed_110/robustness_metrics.json,926,d12a233e3463fa4439a0107b6156606f6f87e7a93f3795de7a8df5eb9556cfc5
v2_ablations/trace/full/seed_110/subgraph_predictions.csv,211,ac46f1331218ad6aed3f52e87a181971a18404f54c99592d3a7554af7dc75809
v2_ablations/trace/full/seed_110/training_history.csv,16513,4d8ba68ed4268e9662326bdd26f01d2724d8d3de5695df99790b85ff1a99833c
v2_ablations/trace/full/seed_22/campaign_index.csv,767,e77a2e618de93efde17302018a001c33e37e5319ce49389d9895f227eacc875f
v2_ablations/trace/full/seed_22/checkpoint.pt,192245,fabbdf1b035752bca2c96f2987b90416d5b12b91d747f34f71d87aa58a786806
v2_ablations/trace/full/seed_22/compactness_validation.json,1522,b420a623bfbb2fa0244206889f0d52f11b9fc3c14ad74c1ccf68b7ed0aafdff5
v2_ablations/trace/full/seed_22/config_resolved.json,6471,230e2f2b0aae1fdc24c08c91ec6b5c323e889df23c21fa1bf8b4c9a0e1313331
v2_ablations/trace/full/seed_22/dataset_manifest.json,496,abafe534465f9e297571f21c4a6585dbb23d1b92de83830db6d78f1791b64177
v2_ablations/trace/full/seed_22/edge_predictions.csv,21137,f8c333c7cf802000ece83eee588f0776a5efdf00ec09c0f561c56dde1559fc87
v2_ablations/trace/full/seed_22/explanation_metrics.json,1643,c9e12c110fb1ed80fc9302c27e42d8c24efca2b29a9ae092e6c15cdeab47a656
v2_ablations/trace/full/seed_22/metrics.json,1000,f927122e991cc2f5cdca843f84839628747574db710e79f8c8726996548a5c17
v2_ablations/trace/full/seed_22/node_index.csv,100817,97c14e5580970fc64714d3029ae5346261131b09f3be3f75c352499f313aacd0
v2_ablations/trace/full/seed_22/node_predictions.csv,25944,7302064f167ae69b30cef9bd9fa2189f04fd4b5b490bb11876a129e944b61ce0
v2_ablations/trace/full/seed_22/robustness_metrics.json,900,e7b719a331a2cda8b0a306df4dd80de20e31d2e6839796835bcdba5061f0c6cc
v2_ablations/trace/full/seed_22/subgraph_predictions.csv,212,43d375c6c7dac527e242ebac9d716fcdf2ef5b5b27f10025f84ef239c6771872
v2_ablations/trace/full/seed_22/training_history.csv,19161,6588ac5cf87ef54ee9a478cd9f7238417f6cebdab5cdaf38d50197af77e02ebe
v2_ablations/trace/full/seed_33/campaign_index.csv,767,e77a2e618de93efde17302018a001c33e37e5319ce49389d9895f227eacc875f
v2_ablations/trace/full/seed_33/checkpoint.pt,192245,974be56b51454ad1dc6f723ab484a2ab9d9474fe154df7ba9852a1ff732f069f
v2_ablations/trace/full/seed_33/compactness_validation.json,1610,885129bc5e0c2b2314197a74eab126bf3de8740d104f1d1a7b6528848bd6528c
v2_ablations/trace/full/seed_33/config_resolved.json,6470,971627a882fae9243a3bbf7e2c7bc161f9e372c444cf5e2894004711dcc9b241
v2_ablations/trace/full/seed_33/dataset_manifest.json,496,abafe534465f9e297571f21c4a6585dbb23d1b92de83830db6d78f1791b64177
v2_ablations/trace/full/seed_33/edge_predictions.csv,20198,e883304f1ab4f93b58eadeed4b9d1ad15ca4ed5bab1118941368ca79e8f7339c
v2_ablations/trace/full/seed_33/explanation_metrics.json,69307,68b2f6ff216c16d603776a8ba271303258ae5ca38e4a629f95fb5982bc34386c
v2_ablations/trace/full/seed_33/metrics.json,1061,7ec4b68625e81251e7ad4405f9b26acf3e3e26ce906dd5d5b328acd322767b38
v2_ablations/trace/full/seed_33/node_index.csv,100817,97c14e5580970fc64714d3029ae5346261131b09f3be3f75c352499f313aacd0
v2_ablations/trace/full/seed_33/node_predictions.csv,26082,c2d5c5a7a480f772df83e88b1424efee592dbb911607301871f9f948c3543259
v2_ablations/trace/full/seed_33/robustness_metrics.json,928,1a0db61f87e362c8dfa0bf123fe2dfe123aa91c9fe590f52fbac877883ac16c2
v2_ablations/trace/full/seed_33/subgraph_predictions.csv,212,6a80f9a59da9636e3303bbfa6af6022052ca2efe5ac21c8f4fc638ebfc8fed49
v2_ablations/trace/full/seed_33/training_history.csv,13105,d3b159e270ebac737d819900e86a7cde802bc5d9b9264dc0ae2301a99d815d99
v2_ablations/trace/full/seed_44/campaign_index.csv,767,e77a2e618de93efde17302018a001c33e37e5319ce49389d9895f227eacc875f
v2_ablations/trace/full/seed_44/checkpoint.pt,192245,311d22ae2e8aac2569d28896ca1de286fa51b3244dc892af991de248d36f8cb9
v2_ablations/trace/full/seed_44/compactness_validation.json,1596,b97c291610a79defa00855b96018cedbad34532254fc232c92af507d738ffb74
v2_ablations/trace/full/seed_44/config_resolved.json,6471,51d11670add687ca309aadc52946dab08df2b8b4e5a2e4582ac8e5ee61c3355e
v2_ablations/trace/full/seed_44/dataset_manifest.json,496,abafe534465f9e297571f21c4a6585dbb23d1b92de83830db6d78f1791b64177
v2_ablations/trace/full/seed_44/edge_predictions.csv,21183,44de1303021f91a54d481c4477415767550cd3202a0598f7e80cf3dcdce1ad1c
v2_ablations/trace/full/seed_44/explanation_metrics.json,19009,056cad020f0789bbc9b7c69b40a7f1e67e2da1592ed6fa9d959a6dd9c1afe918
v2_ablations/trace/full/seed_44/metrics.json,1029,169e998bbb909fb3e0a2413ded5f86971531330f1b12b5a878e374ab8246d53f
v2_ablations/trace/full/seed_44/node_index.csv,100817,97c14e5580970fc64714d3029ae5346261131b09f3be3f75c352499f313aacd0
v2_ablations/trace/full/seed_44/node_predictions.csv,25887,883c02964d6fb19fc01cd52e316365a6be4cf491ba15203665cbaf4411ea0a29
v2_ablations/trace/full/seed_44/robustness_metrics.json,928,4aabd99ba35471fff8feff091e6229261f76fbbf7cdc0728031465993abc0540
v2_ablations/trace/full/seed_44/subgraph_predictions.csv,211,545ea4ce71bdaff9dbd4f498eb7c5ecb23f9af42c892e03c2c930aa34cfebdf1
v2_ablations/trace/full/seed_44/training_history.csv,19115,fd376a256d5faa5d56d347cb4c3e7a3a48627d708c1638b51df647e0e07d8234
v2_ablations/trace/full/seed_55/campaign_index.csv,767,e77a2e618de93efde17302018a001c33e37e5319ce49389d9895f227eacc875f
v2_ablations/trace/full/seed_55/checkpoint.pt,192245,5640fd1ab025df518c5876ff36d79388cbab9f1a007a58077be0332407635cb7
v2_ablations/trace/full/seed_55/compactness_validation.json,1526,b054922fbb644195711bf3cf044f2229d28ceb5959582ed6b75e5717addc30a4
v2_ablations/trace/full/seed_55/config_resolved.json,6470,9728a0a8308105cb4876824388d04076f380de228b2fb8fce640ae45c49bb7c7
v2_ablations/trace/full/seed_55/dataset_manifest.json,496,abafe534465f9e297571f21c4a6585dbb23d1b92de83830db6d78f1791b64177
v2_ablations/trace/full/seed_55/edge_predictions.csv,21164,28d0b992133f9acd621074a16d11269e4483caea6d6d84d539e882d6bf3d56a2
v2_ablations/trace/full/seed_55/explanation_metrics.json,12053,40162941a4ea0643f0e8cbb427254f0df4bdad62e39207443d2f2581e4d52ee5
v2_ablations/trace/full/seed_55/metrics.json,982,0b0a6b56ca6615696d77aea36ff257f39326ee14a66fc4f8b16e61e066eab8b1
v2_ablations/trace/full/seed_55/node_index.csv,100817,97c14e5580970fc64714d3029ae5346261131b09f3be3f75c352499f313aacd0
v2_ablations/trace/full/seed_55/node_predictions.csv,25215,9861365865c310fffe9b8de8eee29a3f4d1d477eb72f491369f03a0eea381124
v2_ablations/trace/full/seed_55/robustness_metrics.json,915,3b9c2a5e31fe5307d060f79bf73b1bcc879c641aaf58535a07bfdfe33a5177b5
v2_ablations/trace/full/seed_55/subgraph_predictions.csv,212,83bd76dca5b1624e9c6717f6ddc9e69ca5fdb0c0c545b37aa5fc4905017de712
v2_ablations/trace/full/seed_55/training_history.csv,19189,9945d07c7f7aac5ee84f4024b5d76aae58e76d318ea291b91524042050947f9c
v2_ablations/trace/full/seed_66/campaign_index.csv,767,e77a2e618de93efde17302018a001c33e37e5319ce49389d9895f227eacc875f
v2_ablations/trace/full/seed_66/checkpoint.pt,192245,4a6faa5ed7c43dc6b209f2583d88df67ba7050ee32e29205fba1868b6928b678
v2_ablations/trace/full/seed_66/compactness_validation.json,1616,ed1cf6829e7f09baae38a77135e86c29824870060e36c65872d70d670738915e
v2_ablations/trace/full/seed_66/config_resolved.json,6469,d62d0dfe961ced788c84aadd0c57ec6f91b2fab0d8279c2daa4198a53a9e98bc
v2_ablations/trace/full/seed_66/dataset_manifest.json,496,abafe534465f9e297571f21c4a6585dbb23d1b92de83830db6d78f1791b64177
v2_ablations/trace/full/seed_66/edge_predictions.csv,20801,9107ec9f9b0d44b9c2774947e6321b5c00b3a02c97958074ca0a717017460d07
v2_ablations/trace/full/seed_66/explanation_metrics.json,21274,cd94ea7f9089c15e07b753e1858e7a9c5970d0ecca2dc35d197c91489e36c5d5
v2_ablations/trace/full/seed_66/metrics.json,1044,8a9342392922b8e99e12687dc567962a7035828a686598936745036cae5dbdac
v2_ablations/trace/full/seed_66/node_index.csv,100817,97c14e5580970fc64714d3029ae5346261131b09f3be3f75c352499f313aacd0
v2_ablations/trace/full/seed_66/node_predictions.csv,25719,cdf0152944514bdf60592d5ca5240281ab8c673ab57d357c51cd8519fee179cb
v2_ablations/trace/full/seed_66/robustness_metrics.json,929,fd228241bea196853127b97f33845adfd478f25d562c9d3b6fff53596e1eecab
v2_ablations/trace/full/seed_66/subgraph_predictions.csv,211,b2c329abc51b44f13b528c32317d8b2a0f015db0853813082b39b190dc73222d
v2_ablations/trace/full/seed_66/training_history.csv,16116,c448abf9fa81b936e503aee9f0013f2a20a28151f365ca36ed67c7e3cbe5e28b
v2_ablations/trace/full/seed_77/campaign_index.csv,767,e77a2e618de93efde17302018a001c33e37e5319ce49389d9895f227eacc875f
v2_ablations/trace/full/seed_77/checkpoint.pt,192245,c526d46e8eb2fd843bf348d855a91111602ce797d912ffe2c3928ef2edbcb997
v2_ablations/trace/full/seed_77/compactness_validation.json,1618,2b437a11a3b6e9f41378c52c7175a990e653accc278646674633b9764cdc91ed
v2_ablations/trace/full/seed_77/config_resolved.json,6470,f3cb8ca0111427217e003e95aaf6b55943225e8b0eb98dc6fb3362b95ce90028
v2_ablations/trace/full/seed_77/dataset_manifest.json,496,abafe534465f9e297571f21c4a6585dbb23d1b92de83830db6d78f1791b64177
v2_ablations/trace/full/seed_77/edge_predictions.csv,21143,65cb466cb93d795a6beee62fb4de6f4e03bd83e12558d4d0700ce819f3e88eb8
v2_ablations/trace/full/seed_77/explanation_metrics.json,23113,09f8bc03bed5d78ba77d2e19ec1e24fc4101ecec577eb356be6e68d64c43e22f
v2_ablations/trace/full/seed_77/metrics.json,1012,474a119989984181bf0f0f17f704cca20e26875f61d1370d7f063432defc9b9f
v2_ablations/trace/full/seed_77/node_index.csv,100817,97c14e5580970fc64714d3029ae5346261131b09f3be3f75c352499f313aacd0
v2_ablations/trace/full/seed_77/node_predictions.csv,25560,1b9fd7616e81644054213a03738bd765d7d30b1d1f1375bf5513a686ddfc85bc
v2_ablations/trace/full/seed_77/robustness_metrics.json,929,2c732c37e64269f688496290f23697bf6e3bb9286429a7e28aeb27413971f529
v2_ablations/trace/full/seed_77/subgraph_predictions.csv,211,0b59352555733188fb21a428ff5ac03f8ae5270566eba85955faad2c9589972a
v2_ablations/trace/full/seed_77/training_history.csv,18360,810e4a9192818d163b3ee15d7e7dee590b977aa9d2ecac6d5baf459459365714
v2_ablations/trace/full/seed_88/campaign_index.csv,767,e77a2e618de93efde17302018a001c33e37e5319ce49389d9895f227eacc875f
v2_ablations/trace/full/seed_88/checkpoint.pt,192245,91457089c1e4827e551f60fde881ac215c8f804c4b68739f9fdd04256b97526f
v2_ablations/trace/full/seed_88/compactness_validation.json,1595,421df1c5f40abf69ccca06d342a27e7cab1a14b66867d795e75682ae2ceb3bbb
v2_ablations/trace/full/seed_88/config_resolved.json,6469,d3d0f3fab5327df0b0e9cf86ec7ef24ab407816bfcce122d936e3228c5ca3285
v2_ablations/trace/full/seed_88/dataset_manifest.json,496,abafe534465f9e297571f21c4a6585dbb23d1b92de83830db6d78f1791b64177
v2_ablations/trace/full/seed_88/edge_predictions.csv,20703,7c62940bbd792d9469f67555cc475bfbfb895cbd58b959e7f93cb3b60d7d1ea6
v2_ablations/trace/full/seed_88/explanation_metrics.json,33137,4beaaf09cbd6e0b15bbb5cce59aa2525d762d2249b0a7e891218b03456632ef4
v2_ablations/trace/full/seed_88/metrics.json,1078,3e3b8d5641992d2325e14f244b8d49db4c504d610833ac8c9b7290c4a164d68e
v2_ablations/trace/full/seed_88/node_index.csv,100817,97c14e5580970fc64714d3029ae5346261131b09f3be3f75c352499f313aacd0
v2_ablations/trace/full/seed_88/node_predictions.csv,25987,e735000badb8b8a4367c7a67a8fbbf90d07988072e924dc88c1aa78714db199b
v2_ablations/trace/full/seed_88/robustness_metrics.json,927,bcdcbd85c89ad944ab5d958a3084a4121776eed450b9d35acb22788ff772649c
v2_ablations/trace/full/seed_88/subgraph_predictions.csv,211,cc07f6dc2e3b899b737c644c0c9fe2df31d353d404d3ded9dccfa62021c79ddd
v2_ablations/trace/full/seed_88/training_history.csv,16858,de13ee8d3dc60dcb3324c5797742ceab60cce572997a4b1d328799c8b12f8eca
v2_ablations/trace/full/seed_99/campaign_index.csv,767,e77a2e618de93efde17302018a001c33e37e5319ce49389d9895f227eacc875f
v2_ablations/trace/full/seed_99/checkpoint.pt,192245,579ad5092549b0f6bebd1d8bd30c3dcc55d4f99f66f5b13f572bdb8351bb6ebb
v2_ablations/trace/full/seed_99/compactness_validation.json,1516,a01e57248e251ec28f932c71f67504397c7e4f58da9f257301cdc9ac94524333
v2_ablations/trace/full/seed_99/config_resolved.json,6470,616b2b5c08802638d8ba90707a43c52af1ef3fb34e16cb901bec98f5b36d0c21
v2_ablations/trace/full/seed_99/dataset_manifest.json,496,abafe534465f9e297571f21c4a6585dbb23d1b92de83830db6d78f1791b64177
v2_ablations/trace/full/seed_99/edge_predictions.csv,20641,10d9d3d676f7bfe8db3f148202fe05891d457f8627c135b54be531bff0216b86
v2_ablations/trace/full/seed_99/explanation_metrics.json,19040,a8e94020decd58503d47675975fbda9f2d2a1341714a10b8f38e984dc8dc2cf0
v2_ablations/trace/full/seed_99/metrics.json,1088,0a83799d7269ce497a5cfac162c8f24b715d8f2f9b2efea0e36b6ef3a44e919f
v2_ablations/trace/full/seed_99/node_index.csv,100817,97c14e5580970fc64714d3029ae5346261131b09f3be3f75c352499f313aacd0
v2_ablations/trace/full/seed_99/node_predictions.csv,25744,8459588bc85a7e69da529fe969963c1c65fffb5962c7db73c6283973d4e56a88
v2_ablations/trace/full/seed_99/robustness_metrics.json,927,6c29986577644eed7fc967c5f955a9d3e202372932ae91fd1f8bcd4b36aa10d1
v2_ablations/trace/full/seed_99/subgraph_predictions.csv,212,7e2c2bfd2072107c6befe19afa8b8d39def71a42f4cb3922458ce417958b1d03
v2_ablations/trace/full/seed_99/training_history.csv,18748,91d8a50b7714cdd73119a6dc77dc1e6287c1f216475a029a73b48407a3fedb86
v2_ablations/trace/minus_consistency_regularization/seed_11/campaign_index.csv,767,e77a2e618de93efde17302018a001c33e37e5319ce49389d9895f227eacc875f
v2_ablations/trace/minus_consistency_regularization/seed_11/checkpoint.pt,192245,e83db153a7448ee630f323d90626851543225b8b832ea9b5752f2028f22d6095
v2_ablations/trace/minus_consistency_regularization/seed_11/compactness_validation.json,1548,3d2bcfdd33f16fee28cfa658c9063e400628cb295de2871eec4b83a895a1c3c7
v2_ablations/trace/minus_consistency_regularization/seed_11/config_resolved.json,6471,bffd60bc243f6ec66dd6527991bffac420650e5fc918c10d933b6271e7589998
v2_ablations/trace/minus_consistency_regularization/seed_11/dataset_manifest.json,496,abafe534465f9e297571f21c4a6585dbb23d1b92de83830db6d78f1791b64177
v2_ablations/trace/minus_consistency_regularization/seed_11/edge_predictions.csv,20952,5a93b3c176d3c41698c799c8527865f0dbf9bd244ec82f0be4c74e0b285050f2
v2_ablations/trace/minus_consistency_regularization/seed_11/explanation_metrics.json,11950,8f2ef8e77fe9b5a509731393b40e2d567c44a55aec18b10885e3bdd15d8c6db0
v2_ablations/trace/minus_consistency_regularization/seed_11/metrics.json,1028,0b737a77aa3f8e87f56086a870e68927937162d8bf85c89cceb8fb7413cf9477
v2_ablations/trace/minus_consistency_regularization/seed_11/node_index.csv,100817,97c14e5580970fc64714d3029ae5346261131b09f3be3f75c352499f313aacd0
v2_ablations/trace/minus_consistency_regularization/seed_11/node_predictions.csv,25586,9e358f6301736402e77cc902cec193e0def4a4c364c89d09f23e70a304e8be4b
v2_ablations/trace/minus_consistency_regularization/seed_11/robustness_metrics.json,1011,4c21e840798b2b41c9977556989c965c1ca006d31c2fa4d3e1fb229504818063
v2_ablations/trace/minus_consistency_regularization/seed_11/subgraph_predictions.csv,213,92ed3c87eaaa09f05ff9b3926a74b87cdf697606454dd81b6886d123a200a7f6
v2_ablations/trace/minus_consistency_regularization/seed_11/training_history.csv,16138,e871dd2afaa5ba1965c096355881f5424f9c4cce685959a100111deefafe71e6
v2_ablations/trace/minus_consistency_regularization/seed_110/campaign_index.csv,767,e77a2e618de93efde17302018a001c33e37e5319ce49389d9895f227eacc875f
v2_ablations/trace/minus_consistency_regularization/seed_110/checkpoint.pt,192245,987eb802057712e6219c6eddd69a46d193d72a22ca39e29bde0df5ac76659642
v2_ablations/trace/minus_consistency_regularization/seed_110/compactness_validation.json,1606,27586888b01e848ada1cb9bf183717fdb09808960c78f3f889b2916cf876869c
v2_ablations/trace/minus_consistency_regularization/seed_110/config_resolved.json,6473,20641d600ef7d40ac009ee74150875cbab8a7388a5ed66c5b5d3ab8e07ffa355
v2_ablations/trace/minus_consistency_regularization/seed_110/dataset_manifest.json,496,abafe534465f9e297571f21c4a6585dbb23d1b92de83830db6d78f1791b64177
v2_ablations/trace/minus_consistency_regularization/seed_110/edge_predictions.csv,20308,85cac6c04b8686b7777637faa24b76409f2d920d1b17144b62180af6e017f9fd
v2_ablations/trace/minus_consistency_regularization/seed_110/explanation_metrics.json,66983,000b53a86d45bca3e99186ffccb4c952a5baaa5e9ff2030e9c643843fadec058
v2_ablations/trace/minus_consistency_regularization/seed_110/metrics.json,1030,14414688a6ffa07ad4f5a8b2ae1726128805f3663b1b00df311133d2c023e3c0
v2_ablations/trace/minus_consistency_regularization/seed_110/node_index.csv,100817,97c14e5580970fc64714d3029ae5346261131b09f3be3f75c352499f313aacd0
v2_ablations/trace/minus_consistency_regularization/seed_110/node_predictions.csv,25220,9d5798bd6276b131898d659df0574a5464a8c9ba3195a1adbd942c142d25e1d1
v2_ablations/trace/minus_consistency_regularization/seed_110/robustness_metrics.json,1009,13a38dd05840ead9a54ef0a5a63197cadbc0e6f17f00a6dad47e3f4280e47971
v2_ablations/trace/minus_consistency_regularization/seed_110/subgraph_predictions.csv,212,12540dcc7eb9ed71ca770df507a231802ffe402ea8a3bef439afb8f01e456cb9
v2_ablations/trace/minus_consistency_regularization/seed_110/training_history.csv,13499,6439ea663efdc8284df2e0de213e5d4eb331d4f9283f88d63b534d8972de1385
v2_ablations/trace/minus_consistency_regularization/seed_22/campaign_index.csv,767,e77a2e618de93efde17302018a001c33e37e5319ce49389d9895f227eacc875f
v2_ablations/trace/minus_consistency_regularization/seed_22/checkpoint.pt,192245,5e4023845ff22e0956862442b6e53c89cbd330ee0395b037d4004a545dcd69a5
v2_ablations/trace/minus_consistency_regularization/seed_22/compactness_validation.json,1519,91a3093cba30dbb7ff97e6a896d286d513878d7381eb3ec6cd8d4fc071ddaaa3
v2_ablations/trace/minus_consistency_regularization/seed_22/config_resolved.json,6472,0dadccb129391cba9688fcf7fbf4d089f69920d8b9434b21ee76623b8d8fb079
v2_ablations/trace/minus_consistency_regularization/seed_22/dataset_manifest.json,496,abafe534465f9e297571f21c4a6585dbb23d1b92de83830db6d78f1791b64177
v2_ablations/trace/minus_consistency_regularization/seed_22/edge_predictions.csv,21081,a9a98a477fdce1526df0c676dfcb917ad6666f4bc81e9c8dd8fa35c6cc7fb3d2
v2_ablations/trace/minus_consistency_regularization/seed_22/explanation_metrics.json,7273,30782f39ff9da42b04a8ce747a15d164d890c2cbc97f86df03cd4b6df97be414
v2_ablations/trace/minus_consistency_regularization/seed_22/metrics.json,1042,80e0162142e65e192429bcda649be045d75ddd2757870e21356aaf6e93e6cd98
v2_ablations/trace/minus_consistency_regularization/seed_22/node_index.csv,100817,97c14e5580970fc64714d3029ae5346261131b09f3be3f75c352499f313aacd0
v2_ablations/trace/minus_consistency_regularization/seed_22/node_predictions.csv,25762,7da0977456343a88544cb1010b54e27ef1dbdfe0e6829ec65e74d7d5db822815
v2_ablations/trace/minus_consistency_regularization/seed_22/robustness_metrics.json,978,4f21b9f65e8728220bb2ba7bcb36130278ccf1e2a058fa4806236e7a838cad36
v2_ablations/trace/minus_consistency_regularization/seed_22/subgraph_predictions.csv,213,766d13acc3b436f31a8c015e7992aae15c48c7db59879c1411b4834f2f07885f
v2_ablations/trace/minus_consistency_regularization/seed_22/training_history.csv,19160,00a67d83182fea146568f7e50a4b302c72569fcc45379c9f8a7290d876b7aee8
v2_ablations/trace/minus_consistency_regularization/seed_33/campaign_index.csv,767,e77a2e618de93efde17302018a001c33e37e5319ce49389d9895f227eacc875f
v2_ablations/trace/minus_consistency_regularization/seed_33/checkpoint.pt,192245,21e77475fb208f705a743732b7d73ff47d598c42784f75c458b342b402b4b631
v2_ablations/trace/minus_consistency_regularization/seed_33/compactness_validation.json,1517,b782d0ec3437a549b24b04f52514d6ae693f53c0a2208edceaf58c56a3cf30af
v2_ablations/trace/minus_consistency_regularization/seed_33/config_resolved.json,6472,34d1d4397297566561aed4c2d05e2ddcb8a87a639c792eb712f4a173acf44c2c
v2_ablations/trace/minus_consistency_regularization/seed_33/dataset_manifest.json,496,abafe534465f9e297571f21c4a6585dbb23d1b92de83830db6d78f1791b64177
v2_ablations/trace/minus_consistency_regularization/seed_33/edge_predictions.csv,20174,924504ece5cc5ff7eb7010a3b60884ebd7984ba62f0ccb31bd9469354836f4d8
v2_ablations/trace/minus_consistency_regularization/seed_33/explanation_metrics.json,66933,9a7b02ed75821539cc130c678cd7bfce9b037ef9d54155451ac74a40ca01496d
v2_ablations/trace/minus_consistency_regularization/seed_33/metrics.json,1058,f12912827636b73ae046a1cb833b160c8544925d9b743c4c52ac9529d6bfc50d
v2_ablations/trace/minus_consistency_regularization/seed_33/node_index.csv,100817,97c14e5580970fc64714d3029ae5346261131b09f3be3f75c352499f313aacd0
v2_ablations/trace/minus_consistency_regularization/seed_33/node_predictions.csv,25700,6f436034edbe6bd758bd0b95d7e1d9ae4d424c092c02ecdb2257536bd4af4ce4
v2_ablations/trace/minus_consistency_regularization/seed_33/robustness_metrics.json,1009,9c45eb4f7cd32c0af34fb3f817dd01c8ce050a150a09eecb932f7cccf323a37c
v2_ablations/trace/minus_consistency_regularization/seed_33/subgraph_predictions.csv,213,3f1dee2fd9d285ae012df93c3f03e8e5fd0e882a70bce86c73d9dc69712f4b43
v2_ablations/trace/minus_consistency_regularization/seed_33/training_history.csv,13088,722011385729f8b7a66d9b5b5e922ac47ebc74d28f30ea219d7e84be3cc1ac46
v2_ablations/trace/minus_consistency_regularization/seed_44/campaign_index.csv,767,e77a2e618de93efde17302018a001c33e37e5319ce49389d9895f227eacc875f
v2_ablations/trace/minus_consistency_regularization/seed_44/checkpoint.pt,192245,81f84379ce281a989deb67f3444af569b3f07980126d7f6bdc1a0c58b893227f
v2_ablations/trace/minus_consistency_regularization/seed_44/compactness_validation.json,1537,d460f00087d3a431d54677d81fe3c7366da61a0ae17ea6cee91066266c34e21c
v2_ablations/trace/minus_consistency_regularization/seed_44/config_resolved.json,6472,6f2f3636378fdfef844cfe520e94dc9a62818df6f6e0d2936408816805ae3150
v2_ablations/trace/minus_consistency_regularization/seed_44/dataset_manifest.json,496,abafe534465f9e297571f21c4a6585dbb23d1b92de83830db6d78f1791b64177
v2_ablations/trace/minus_consistency_regularization/seed_44/edge_predictions.csv,20786,669b2617e9cc825546a21085879029541c1b325ee8351a9af1c7ee1159847a59
v2_ablations/trace/minus_consistency_regularization/seed_44/explanation_metrics.json,19012,5c0d48e8fb3cfbbf4102ee193911ffc789dd9d495a7e1a77ba1d3c081ed73338
v2_ablations/trace/minus_consistency_regularization/seed_44/metrics.json,1045,d63e4d6a740a4b033e5d1838f6dfdf2fbef17e82a5862b1a5613615fbd1a340c
v2_ablations/trace/minus_consistency_regularization/seed_44/node_index.csv,100817,97c14e5580970fc64714d3029ae5346261131b09f3be3f75c352499f313aacd0
v2_ablations/trace/minus_consistency_regularization/seed_44/node_predictions.csv,25726,8955f15473ae5c32925e91c2e256c51d2d8a7bde8182bb9abc565143628c7b7a
v2_ablations/trace/minus_consistency_regularization/seed_44/robustness_metrics.json,1007,23ebcb1412dd5317e7537fe241026b9142969107769faee4309470a34af91b45
v2_ablations/trace/minus_consistency_regularization/seed_44/subgraph_predictions.csv,213,4eea5ceb78363118663664bcca63abf2bd016c5ae0c0fa96d076a0da1900d575
v2_ablations/trace/minus_consistency_regularization/seed_44/training_history.csv,18345,768e15d6d814abcfc570c5fad22911e8c8f98ed9b42e879c2bb754388e2ab6fe
v2_ablations/trace/minus_consistency_regularization/seed_55/campaign_index.csv,767,e77a2e618de93efde17302018a001c33e37e5319ce49389d9895f227eacc875f
v2_ablations/trace/minus_consistency_regularization/seed_55/checkpoint.pt,192245,586109e13a18e02b37d9201c6ae11ad1231d04ce0896d01c146f7a595c95cd75
v2_ablations/trace/minus_consistency_regularization/seed_55/compactness_validation.json,1526,457112394677549f12dacb3d281eab352f4aa0b05f8cff6902dfe80cba9dafba
v2_ablations/trace/minus_consistency_regularization/seed_55/config_resolved.json,6472,93771ed8f9ea9e93c98036f58d0610865c66c44b68178946f401371019b83e6e
v2_ablations/trace/minus_consistency_regularization/seed_55/dataset_manifest.json,496,abafe534465f9e297571f21c4a6585dbb23d1b92de83830db6d78f1791b64177
v2_ablations/trace/minus_consistency_regularization/seed_55/edge_predictions.csv,21131,18cb69d2ab457484f2dbc4b1a0b538857dc9cbcbb91edc3b30f470afb24ed87b
v2_ablations/trace/minus_consistency_regularization/seed_55/explanation_metrics.json,19073,64d1f68199bc1f2ce8215eb40f880d643b9b48168050e1f59a86a967037fdc7c
v2_ablations/trace/minus_consistency_regularization/seed_55/metrics.json,982,027c79ade938e6035907d3195b9c3986eabb779b9aa617e39ded2c219772ec05
v2_ablations/trace/minus_consistency_regularization/seed_55/node_index.csv,100817,97c14e5580970fc64714d3029ae5346261131b09f3be3f75c352499f313aacd0
v2_ablations/trace/minus_consistency_regularization/seed_55/node_predictions.csv,25490,bb6ada198d5a4287c236928afaf83602523f9577bf8556fa97588b15ae04094e
v2_ablations/trace/minus_consistency_regularization/seed_55/robustness_metrics.json,1009,559129426d2d109f19521efd8c582014d629f88e4d65a2fa425b044fb51b2347
v2_ablations/trace/minus_consistency_regularization/seed_55/subgraph_predictions.csv,211,f8557708a573cfd2d878d42d5105963ea8d1cdf37c9b796ddb6d4eec267e2009
v2_ablations/trace/minus_consistency_regularization/seed_55/training_history.csv,19164,44e14782b9fef70c019abd1457e2e1ddadd7478800ac9efe5d34c1003f45e31d
v2_ablations/trace/minus_consistency_regularization/seed_66/campaign_index.csv,767,e77a2e618de93efde17302018a001c33e37e5319ce49389d9895f227eacc875f
v2_ablations/trace/minus_consistency_regularization/seed_66/checkpoint.pt,192245,9eb55c024158e0f4a1fc0e73d4fea0b32f3757de3a1a0d1d1f3a08f8f3e34e92
v2_ablations/trace/minus_consistency_regularization/seed_66/compactness_validation.json,1546,da6576fb79029c57cc9bf84d1d08ad4a64958e0e584cc2355a41ade1ede1b480
v2_ablations/trace/minus_consistency_regularization/seed_66/config_resolved.json,6472,4e3e6cec2d07c9707ee05df3410be5ebfcda1fffe102815b3fe428624b63de7f
v2_ablations/trace/minus_consistency_regularization/seed_66/dataset_manifest.json,496,abafe534465f9e297571f21c4a6585dbb23d1b92de83830db6d78f1791b64177
v2_ablations/trace/minus_consistency_regularization/seed_66/edge_predictions.csv,20872,5c864693e4266e2b675af879ea731142da980ffa6946dc1c81359753a0c6a497
v2_ablations/trace/minus_consistency_regularization/seed_66/explanation_metrics.json,18939,7efcfc1679408842245d5188b62cd3c9b8874c431252f6fbd4ccde446e64b322
v2_ablations/trace/minus_consistency_regularization/seed_66/metrics.json,1046,0ba7300f04b3d546f0ac252ad3465919de590d6b4f7829176d728078010c673d
v2_ablations/trace/minus_consistency_regularization/seed_66/node_index.csv,100817,97c14e5580970fc64714d3029ae5346261131b09f3be3f75c352499f313aacd0
v2_ablations/trace/minus_consistency_regularization/seed_66/node_predictions.csv,25631,f200ef26da2d81ebe677ddf4ebd3b3b1da797954719fd74da159b230ac77afe5
v2_ablations/trace/minus_consistency_regularization/seed_66/robustness_metrics.json,1009,d264e09576a5b4f605c13a5c9e7a14aae9fe254b4b209a8a0e0decc73288b544
v2_ablations/trace/minus_consistency_regularization/seed_66/subgraph_predictions.csv,213,8202bc9787a190130957a4840f107bc9bb92b42b1ba9dc8a9d02ad46c0e09f63
v2_ablations/trace/minus_consistency_regularization/seed_66/training_history.csv,16128,dcd2c1fd0fdb26ea24d55e9644ad03c64693cd859c13e92d1689116e76d6cd8d
v2_ablations/trace/minus_consistency_regularization/seed_77/campaign_index.csv,767,e77a2e618de93efde17302018a001c33e37e5319ce49389d9895f227eacc875f
v2_ablations/trace/minus_consistency_regularization/seed_77/checkpoint.pt,192245,7638811950d53326c8c80939cba1ccbb902eecee71d633f4b0ece595b6e81405
v2_ablations/trace/minus_consistency_regularization/seed_77/compactness_validation.json,1518,950082f43058bd7edcc8a4cffcaaa2bdd8df3eb8c131d9c5b6695832404d176c
v2_ablations/trace/minus_consistency_regularization/seed_77/config_resolved.json,6472,0624c0a02839f3803054f63c77b05f9c177293ad6b0d1ad9123dd491c38d4215
v2_ablations/trace/minus_consistency_regularization/seed_77/dataset_manifest.json,496,abafe534465f9e297571f21c4a6585dbb23d1b92de83830db6d78f1791b64177
v2_ablations/trace/minus_consistency_regularization/seed_77/edge_predictions.csv,21166,323256808cc484be11500eea4032c18405740c65fad3acd1550e7217dcdadd98
v2_ablations/trace/minus_consistency_regularization/seed_77/explanation_metrics.json,30000,364aac32da13e53cd33e5740612a434900f2accf8050b919aef7e53079173699
v2_ablations/trace/minus_consistency_regularization/seed_77/metrics.json,1030,4eac7b1bfc51fc3aeadce519e6b1284eff75519bc7c22edb0fe59aca7ba0d63a
v2_ablations/trace/minus_consistency_regularization/seed_77/node_index.csv,100817,97c14e5580970fc64714d3029ae5346261131b09f3be3f75c352499f313aacd0
v2_ablations/trace/minus_consistency_regularization/seed_77/node_predictions.csv,25791,0999c35b6df7ed3ee3ff8534a75a0a7c325730bebe039deb5dd6b2a5b1b089bf
v2_ablations/trace/minus_consistency_regularization/seed_77/robustness_metrics.json,1009,b506be6acfd9cc21ca957f0a216129668f78cda51ac70d0cf1126b155034b235
v2_ablations/trace/minus_consistency_regularization/seed_77/subgraph_predictions.csv,211,fd109bdfe79127a1306ab470ee25f8e41ebcee6eae40cc304677df59fd64a903
v2_ablations/trace/minus_consistency_regularization/seed_77/training_history.csv,18362,2bcf41ef6e531026036e3a306647c2374b27be8f8bde28cda27f6ca812c27acc
v2_ablations/trace/minus_consistency_regularization/seed_88/campaign_index.csv,767,e77a2e618de93efde17302018a001c33e37e5319ce49389d9895f227eacc875f
v2_ablations/trace/minus_consistency_regularization/seed_88/checkpoint.pt,192245,4cab9c7d805b75da031e2ab1ff86d15fb9703012f4d1323053f273e32f05b52d
v2_ablations/trace/minus_consistency_regularization/seed_88/compactness_validation.json,1585,d91b3124f57a839fb35e84a18cb8e70f7a2be00327faee198014f8d226691d22
v2_ablations/trace/minus_consistency_regularization/seed_88/config_resolved.json,6472,ca9c6149eaf58a50f8b317882c8e6b9eb4efbbea6888bf8758c2660191c733a0
v2_ablations/trace/minus_consistency_regularization/seed_88/dataset_manifest.json,496,abafe534465f9e297571f21c4a6585dbb23d1b92de83830db6d78f1791b64177
v2_ablations/trace/minus_consistency_regularization/seed_88/edge_predictions.csv,20919,33813351c1f61bd5d5be8d7ace6dd84616d524545e60b74d2f7ae09e01b9cc07
v2_ablations/trace/minus_consistency_regularization/seed_88/explanation_metrics.json,40093,ea1a61c8a46aee28b8ad45e9fab28bd2058392309ac85465f8d23ce428c2126a
v2_ablations/trace/minus_consistency_regularization/seed_88/metrics.json,1045,8bfbf8b78fd0948411be35069f371f46b2426cb89243418669825e68b88c2848
v2_ablations/trace/minus_consistency_regularization/seed_88/node_index.csv,100817,97c14e5580970fc64714d3029ae5346261131b09f3be3f75c352499f313aacd0
v2_ablations/trace/minus_consistency_regularization/seed_88/node_predictions.csv,25395,150badda1730a561b3e1ba7c9b85da05721d135a627058400963488f0b2b912b
v2_ablations/trace/minus_consistency_regularization/seed_88/robustness_metrics.json,1009,3157643e86b5d9fb047a4de8897b8a93c125e22515043029e274c1ffabd93ebb
v2_ablations/trace/minus_consistency_regularization/seed_88/subgraph_predictions.csv,212,9d8cc63884c4afdd11c182a1f27f7370f4da722cd14d486e1dc36cb0f4a2401c
v2_ablations/trace/minus_consistency_regularization/seed_88/training_history.csv,18355,53a396bcce93f36c47902fb6b4198777ca799441683ec309d9b4790f70821d57
v2_ablations/trace/minus_consistency_regularization/seed_99/campaign_index.csv,767,e77a2e618de93efde17302018a001c33e37e5319ce49389d9895f227eacc875f
v2_ablations/trace/minus_consistency_regularization/seed_99/checkpoint.pt,192245,3447a7812a0e78ae7f3b1aa522d0fc3b97f71f4a434918fc1a3d2131d77855bc
v2_ablations/trace/minus_consistency_regularization/seed_99/compactness_validation.json,1533,608cc440f7414dbe406fd41821a0bfc3ff2b20de91670099f64e70d8ff7291a2
v2_ablations/trace/minus_consistency_regularization/seed_99/config_resolved.json,6471,fdf1e1a2c0ecd6ae002e0c8c481f4624e2d2c5cf11a7bc94435fe5ddbe806192
v2_ablations/trace/minus_consistency_regularization/seed_99/dataset_manifest.json,496,abafe534465f9e297571f21c4a6585dbb23d1b92de83830db6d78f1791b64177
v2_ablations/trace/minus_consistency_regularization/seed_99/edge_predictions.csv,20692,3810018b7588c3296de1a553e12325fbb510d1b0a436b3ed6629db2c6d48f426
v2_ablations/trace/minus_consistency_regularization/seed_99/explanation_metrics.json,14292,f8c1c8359d36ba3c4e8694d2c6de665cf0a2314ef9026bb3d5f17cb35570cb03
v2_ablations/trace/minus_consistency_regularization/seed_99/metrics.json,1028,55ccb588be97d4c9508e1a9ab8771272ee5a6e94ed60e0613976954681a24bde
v2_ablations/trace/minus_consistency_regularization/seed_99/node_index.csv,100817,97c14e5580970fc64714d3029ae5346261131b09f3be3f75c352499f313aacd0
v2_ablations/trace/minus_consistency_regularization/seed_99/node_predictions.csv,26016,f6a80326f7c230b4e9271baa7b11583e436fe1ff3150bef8e05c98fcc5a5c42d
v2_ablations/trace/minus_consistency_regularization/seed_99/robustness_metrics.json,1010,30a85f28356def30167750e8aa07f88c99354a43a9605deeb70de93be35b284e
v2_ablations/trace/minus_consistency_regularization/seed_99/subgraph_predictions.csv,213,6b02dbd8cae19a09faffb1be6ed5071b5cdb7fea544402c58f714e4420a755f0
v2_ablations/trace/minus_consistency_regularization/seed_99/training_history.csv,19129,f3879536682d1aa6bf711050b73828cf6ff2a00d39024e358cab1e88571a2ff0
v2_ablations/trace/minus_gating_mechanism/seed_11/campaign_index.csv,767,e77a2e618de93efde17302018a001c33e37e5319ce49389d9895f227eacc875f
v2_ablations/trace/minus_gating_mechanism/seed_11/checkpoint.pt,192245,e76f2a534523545d4daef56fa57659cefe980464c48b69b2327ecc11c56d5d9e
v2_ablations/trace/minus_gating_mechanism/seed_11/compactness_validation.json,1606,46b6ac7e09cd82b7eae97a60906c796b65776c37ca3d80883b6a03918848a071
v2_ablations/trace/minus_gating_mechanism/seed_11/config_resolved.json,6472,835e634676a5962e75eb4e590615c3308cca59248ba09ac0029380b2f33ac117
v2_ablations/trace/minus_gating_mechanism/seed_11/dataset_manifest.json,496,abafe534465f9e297571f21c4a6585dbb23d1b92de83830db6d78f1791b64177
v2_ablations/trace/minus_gating_mechanism/seed_11/edge_predictions.csv,20783,9d4ad9ea3866f029307dff51c6ad6da9d872685fa017acbbd60144976f452a10
v2_ablations/trace/minus_gating_mechanism/seed_11/explanation_metrics.json,167684,bbb4adf75e4deecbd18e915e63ae72696da673dcf162c3fb6dc35da235160a99
v2_ablations/trace/minus_gating_mechanism/seed_11/metrics.json,1046,0cfa6f3969e9bdb59dfedc5f3f93401dcd4f802c13c941f6c626b39739079127
v2_ablations/trace/minus_gating_mechanism/seed_11/node_index.csv,100817,97c14e5580970fc64714d3029ae5346261131b09f3be3f75c352499f313aacd0
v2_ablations/trace/minus_gating_mechanism/seed_11/node_predictions.csv,25954,b362589384cd4971dd247be0354873720e60a2e028ca1b845b0b0ba37503600f
v2_ablations/trace/minus_gating_mechanism/seed_11/robustness_metrics.json,1007,4c3fee80535ecb853f36cdedef415fd5dd185451e24f102c4b20a1dc302478ac
v2_ablations/trace/minus_gating_mechanism/seed_11/subgraph_predictions.csv,211,8b55340d48cf980dc76e7ba5e35cbb6976bf36e75023ba9593383638fb4dab5f
v2_ablations/trace/minus_gating_mechanism/seed_11/training_history.csv,15322,041817d06140f3404279b1d9391109bba715e81a58f42f5cb4f9f1bd954ca8ea
v2_ablations/trace/minus_gating_mechanism/seed_110/campaign_index.csv,767,e77a2e618de93efde17302018a001c33e37e5319ce49389d9895f227eacc875f
v2_ablations/trace/minus_gating_mechanism/seed_110/checkpoint.pt,192245,50ddefff925c5c3ee86d19b1dd151bc0c5e031024f1ab2371f3a44616166eb96
v2_ablations/trace/minus_gating_mechanism/seed_110/compactness_validation.json,1508,60cc68982d7f9ef8340389dc80119e6bafb00f2b2b3462506eabf61b3b1abc3c
v2_ablations/trace/minus_gating_mechanism/seed_110/config_resolved.json,6473,dea712b296f4e550302f9d149573420e165cd2c3c1626876384dc91209d953e2
v2_ablations/trace/minus_gating_mechanism/seed_110/dataset_manifest.json,496,abafe534465f9e297571f21c4a6585dbb23d1b92de83830db6d78f1791b64177
v2_ablations/trace/minus_gating_mechanism/seed_110/edge_predictions.csv,20342,087f8dbe11ea5069de9b36bdf796be64c376b526e15482f5ffb2417074379233
v2_ablations/trace/minus_gating_mechanism/seed_110/explanation_metrics.json,21301,5e82e4f8f1c3d2111ef6600168571e5ee64b54f9dc75576f14ed4bb6b471862e
v2_ablations/trace/minus_gating_mechanism/seed_110/metrics.json,1024,53bc87725eca97cbbd65df0d5d994f5d54c1c847f6aa1999c5da350e67d032ce
v2_ablations/trace/minus_gating_mechanism/seed_110/node_index.csv,100817,97c14e5580970fc64714d3029ae5346261131b09f3be3f75c352499f313aacd0
v2_ablations/trace/minus_gating_mechanism/seed_110/node_predictions.csv,25473,003bd72ae6d8dd0309fcd4972c02dbffa5f5d46ec09e68992763167c245baca9
v2_ablations/trace/minus_gating_mechanism/seed_110/robustness_metrics.json,1011,fb039482977c7ff416a56c1ccb81c89d8479904f9abdb85058a589486e375438
v2_ablations/trace/minus_gating_mechanism/seed_110/subgraph_predictions.csv,211,70bfeac74ba1dfa293b76644281fc1cf4ebaa3cd08609f9eb85f3a80d86f3f00
v2_ablations/trace/minus_gating_mechanism/seed_110/training_history.csv,14154,b68813976e215a7ac934e914dc05d1c97952eec8419aaae58a61db900fa3fe3b
v2_ablations/trace/minus_gating_mechanism/seed_22/campaign_index.csv,767,e77a2e618de93efde17302018a001c33e37e5319ce49389d9895f227eacc875f
v2_ablations/trace/minus_gating_mechanism/seed_22/checkpoint.pt,192245,adbcacb2e1b283b9005e4cf1674ef4d75aad8cb1f8584c5c015803061cb3db31
v2_ablations/trace/minus_gating_mechanism/seed_22/compactness_validation.json,1442,c4cc1192c2ab3e1a2fb6a2f85b96aab6e789b34e317cb980c5bce5a6635b63ec
v2_ablations/trace/minus_gating_mechanism/seed_22/config_resolved.json,6471,a774061107f9173cb5bccd9186cf609c4203b13f65d3ff9cca5f636307179eaf
v2_ablations/trace/minus_gating_mechanism/seed_22/dataset_manifest.json,496,abafe534465f9e297571f21c4a6585dbb23d1b92de83830db6d78f1791b64177
v2_ablations/trace/minus_gating_mechanism/seed_22/edge_predictions.csv,21334,dddffa0f03385322032806e457dcce5bd63c5c46507f82bdb7516648b4fbecd3
v2_ablations/trace/minus_gating_mechanism/seed_22/explanation_metrics.json,32675,b6d40d9da21d0427e53e32474355f75285631afd23f30a36f6f5ab617bb0ba10
v2_ablations/trace/minus_gating_mechanism/seed_22/metrics.json,1030,6c5924a7ea2283367ab791714e30f7777f66eb373825c9d48d582de873027a58
v2_ablations/trace/minus_gating_mechanism/seed_22/node_index.csv,100817,97c14e5580970fc64714d3029ae5346261131b09f3be3f75c352499f313aacd0
v2_ablations/trace/minus_gating_mechanism/seed_22/node_predictions.csv,26061,34a5b57ad076e837d98a4c79285de941b5abf6b493c3fdd669d3cf8bb49e7f1c
v2_ablations/trace/minus_gating_mechanism/seed_22/robustness_metrics.json,1009,c22b2e9a42f82dcdf5e416789cfcf2b9af24e66b43f9a45e67d4fee9a5109958
v2_ablations/trace/minus_gating_mechanism/seed_22/subgraph_predictions.csv,212,ba5206a827918929edf67cce5e5576fa94e6d2fb3293ba3d8da78df2596c2d5a
v2_ablations/trace/minus_gating_mechanism/seed_22/training_history.csv,19094,058fde70a31f3f72c520b0ef2a8eb4c07f8c9d29d1fb404e1ef70303d204ba31
v2_ablations/trace/minus_gating_mechanism/seed_33/campaign_index.csv,767,e77a2e618de93efde17302018a001c33e37e5319ce49389d9895f227eacc875f
v2_ablations/trace/minus_gating_mechanism/seed_33/checkpoint.pt,192245,a3ab2076cd18cec3b80a0a4f8eee237784a5b43d890dec2ac30bcad4d4fd99c7
v2_ablations/trace/minus_gating_mechanism/seed_33/compactness_validation.json,1612,027725743fe3a02a878396c3bf313e9542fdbef2716a3b8a251c4d5d09cf90d2
v2_ablations/trace/minus_gating_mechanism/seed_33/config_resolved.json,6472,60052392498c665ed946004d8a64b4f2489919cdbbab8e1482043cc611a95949
v2_ablations/trace/minus_gating_mechanism/seed_33/dataset_manifest.json,496,abafe534465f9e297571f21c4a6585dbb23d1b92de83830db6d78f1791b64177
v2_ablations/trace/minus_gating_mechanism/seed_33/edge_predictions.csv,20311,5740c7ac64263cdca344db519bb0368b4ae8a771d68dc5b9ea660ee3f385991e
v2_ablations/trace/minus_gating_mechanism/seed_33/explanation_metrics.json,64770,1b2562ca43fa70488b5e94f256ae763ef8f73cb4873cd5655d15cf64bdfb347b
v2_ablations/trace/minus_gating_mechanism/seed_33/metrics.json,1047,3ce74112323276ef2c9c86be90eda4cf01442b7eec030b69d81d67af6e1c26e1
v2_ablations/trace/minus_gating_mechanism/seed_33/node_index.csv,100817,97c14e5580970fc64714d3029ae5346261131b09f3be3f75c352499f313aacd0
v2_ablations/trace/minus_gating_mechanism/seed_33/node_predictions.csv,25969,4ddd791d89111c25f0253b220608b43c4e85eb9d381cb5f2c2fdfc73d31ab6ca
v2_ablations/trace/minus_gating_mechanism/seed_33/robustness_metrics.json,1009,59879b0cd3edcafeb986567cbc236cefe82694b0c122cc5ff61528167bf7b28e
v2_ablations/trace/minus_gating_mechanism/seed_33/subgraph_predictions.csv,209,8f3b01e256a1725b351b92b5f58f2a03ea4ff12327ac4c19d654992fe8055fc4
v2_ablations/trace/minus_gating_mechanism/seed_33/training_history.csv,14557,ffe699fd6c2e801d305d0c3b684fd746f0dea6cde74f0544263f294ab3b58762
v2_ablations/trace/minus_gating_mechanism/seed_44/campaign_index.csv,767,e77a2e618de93efde17302018a001c33e37e5319ce49389d9895f227eacc875f
v2_ablations/trace/minus_gating_mechanism/seed_44/checkpoint.pt,192245,c23dffbfc644295466b391562cab6c2de0cb2cc92372f860a9c0452bc60d5527
v2_ablations/trace/minus_gating_mechanism/seed_44/compactness_validation.json,1611,fd2b7c4facbad9d29fa600bf9c445bf472a4ddadc8fb93ed9c2e1e1a8209fec0
v2_ablations/trace/minus_gating_mechanism/seed_44/config_resolved.json,6472,586b01c2af99e0e41d4576b2412d1b2764f7eed166ac29fec7f97ccb4c6682ac
v2_ablations/trace/minus_gating_mechanism/seed_44/dataset_manifest.json,496,abafe534465f9e297571f21c4a6585dbb23d1b92de83830db6d78f1791b64177
v2_ablations/trace/minus_gating_mechanism/seed_44/edge_predictions.csv,20387,9d61adb5fd464ebff7fd10a3438214589fdc33840744c959b84daca731f0aeaf
v2_ablations/trace/minus_gating_mechanism/seed_44/explanation_metrics.json,67071,c1e6d53ad45fbe993b04387cc5d4b0496f741be4f91118afc21730db48fc459e
v2_ablations/trace/minus_gating_mechanism/seed_44/metrics.json,1026,a99f56340c1a226af90c53bfa9a6546cd6db09d510c00a5114e5a6613957cd8e
v2_ablations/trace/minus_gating_mechanism/seed_44/node_index.csv,100817,97c14e5580970fc64714d3029ae5346261131b09f3be3f75c352499f313aacd0
v2_ablations/trace/minus_gating_mechanism/seed_44/node_predictions.csv,25758,235c38f2b7497439409924dec45d42a74af3e30aa2c901323eeafba3f09f15a9
v2_ablations/trace/minus_gating_mechanism/seed_44/robustness_metrics.json,1007,827660054c88c2f497b362b5d1b68460e0a0cdd8cf38068f7f439c7bd77bec62
v2_ablations/trace/minus_gating_mechanism/seed_44/subgraph_predictions.csv,210,954e25794368a511dc2a8d1f118223c5bbb3e344e49177c96600eca60d66149e
v2_ablations/trace/minus_gating_mechanism/seed_44/training_history.csv,14923,1109021229a8a7a59eef0295ad39f07458540eaa4a6b84eb6a527420460b36b1
v2_ablations/trace/minus_gating_mechanism/seed_55/campaign_index.csv,767,e77a2e618de93efde17302018a001c33e37e5319ce49389d9895f227eacc875f
v2_ablations/trace/minus_gating_mechanism/seed_55/checkpoint.pt,192245,cf36f44e38c42477e220a746a9d834e8216203cff04d0f4d0219650afa7a526b
v2_ablations/trace/minus_gating_mechanism/seed_55/compactness_validation.json,1510,df3b75e2c34ae4945269d0a71c5debad1b8276bc2ddbcf48091904e2bb0047ec
v2_ablations/trace/minus_gating_mechanism/seed_55/config_resolved.json,6471,d3fd6dd02ebcfc3ad262e2fdf608af295c5ec6a80e9dac6ee51174634aa0361f
v2_ablations/trace/minus_gating_mechanism/seed_55/dataset_manifest.json,496,abafe534465f9e297571f21c4a6585dbb23d1b92de83830db6d78f1791b64177
v2_ablations/trace/minus_gating_mechanism/seed_55/edge_predictions.csv,20715,6902f95a3edb34b6439c0e2a9658643d8a19353b20daa6280dd0201460386c9f
v2_ablations/trace/minus_gating_mechanism/seed_55/explanation_metrics.json,21435,f89522d7b019046e9ed4807f436f1d987b32a1aed1d7fefbe12f33abf691e16e
v2_ablations/trace/minus_gating_mechanism/seed_55/metrics.json,1016,e4f1fc545a82162d23938d55ea9d8fecf595eb291322524a1bd8e94065780eba
v2_ablations/trace/minus_gating_mechanism/seed_55/node_index.csv,100817,97c14e5580970fc64714d3029ae5346261131b09f3be3f75c352499f313aacd0
v2_ablations/trace/minus_gating_mechanism/seed_55/node_predictions.csv,25800,96080de901d170fe25dadd141a53e904941001cf4ac80acd11356f50258d9ba3
v2_ablations/trace/minus_gating_mechanism/seed_55/robustness_metrics.json,1010,c437febb6a6a38446fbd5bd5e33c19b029486128342a33c685c106a0a3d355ae
v2_ablations/trace/minus_gating_mechanism/seed_55/subgraph_predictions.csv,212,2732195a60af1b28018172c6d2e8a4cf21f466380768e6af5ffec69cb9354ac9
v2_ablations/trace/minus_gating_mechanism/seed_55/training_history.csv,17183,ef50e5bc8f01195962985bc086c7c9a5c736d507bc5ff6957cbd6852732ece3c
v2_ablations/trace/minus_gating_mechanism/seed_66/campaign_index.csv,767,e77a2e618de93efde17302018a001c33e37e5319ce49389d9895f227eacc875f
v2_ablations/trace/minus_gating_mechanism/seed_66/checkpoint.pt,192245,2be375f409f398a307ea511a29d74d77f76e8519e9ca0fca2554258775aa6115
v2_ablations/trace/minus_gating_mechanism/seed_66/compactness_validation.json,1510,5b55a42dd2d29ea3f820d49ca6eea6a7f29f05b6a941d54bea8f863a7e744c23
v2_ablations/trace/minus_gating_mechanism/seed_66/config_resolved.json,6472,bc94a95ef9e28938da2a98846c72c272890c04808a1557641a67480e59a93f50
v2_ablations/trace/minus_gating_mechanism/seed_66/dataset_manifest.json,496,abafe534465f9e297571f21c4a6585dbb23d1b92de83830db6d78f1791b64177
v2_ablations/trace/minus_gating_mechanism/seed_66/edge_predictions.csv,20675,ab2cea7718704fccf4de2c25e140e746c7a70d7707b696fd7af764c4d09600a7
v2_ablations/trace/minus_gating_mechanism/seed_66/explanation_metrics.json,11996,da4d51a2eadfecc2acf1b474dd8c1bff6ecc405948a5270e28d39c2475ae2843
v2_ablations/trace/minus_gating_mechanism/seed_66/metrics.json,1015,7e282d9e1ef0ee5ccdeb1876e3c23222bfab2ec33c5248ca34aec7bce7cd2cd7
v2_ablations/trace/minus_gating_mechanism/seed_66/node_index.csv,100817,97c14e5580970fc64714d3029ae5346261131b09f3be3f75c352499f313aacd0
v2_ablations/trace/minus_gating_mechanism/seed_66/node_predictions.csv,25316,dfbe9e9de0b124c6ce8f61c144c27c635bab9bc41d44561d305d239291660eb4
v2_ablations/trace/minus_gating_mechanism/seed_66/robustness_metrics.json,1009,504a00bce3fcad776df0115a876f90973337769ba5adb0ad89f6500daf08acb3
v2_ablations/trace/minus_gating_mechanism/seed_66/subgraph_predictions.csv,212,511274ee7e0df7ecbe13416c50b8415a60d54a285a1767e32426b4c3028fbc85
v2_ablations/trace/minus_gating_mechanism/seed_66/training_history.csv,14913,20462241baf875bd410b34db57e720465785e8a34d96596864fdf6cb090abc96
v2_ablations/trace/minus_gating_mechanism/seed_77/campaign_index.csv,767,e77a2e618de93efde17302018a001c33e37e5319ce49389d9895f227eacc875f
v2_ablations/trace/minus_gating_mechanism/seed_77/checkpoint.pt,192245,b1599191aee2afb5b09a0914ff68447330f5e86530dc103898b9118d49ac6cd0
v2_ablations/trace/minus_gating_mechanism/seed_77/compactness_validation.json,1544,b1499223a4f88445087856c9862691ff358261bd67a57a3c7830ce2c3e9855e5
v2_ablations/trace/minus_gating_mechanism/seed_77/config_resolved.json,6471,bea5568ecf3c6e05d558fafa1dbb646061089c317a585bdbd7b0a70918762611
v2_ablations/trace/minus_gating_mechanism/seed_77/dataset_manifest.json,496,abafe534465f9e297571f21c4a6585dbb23d1b92de83830db6d78f1791b64177
v2_ablations/trace/minus_gating_mechanism/seed_77/edge_predictions.csv,19891,6fdb0e0bfebdc7ee460a07da3549124e58dd7f34013e3ce6b92cd2867529d06e
v2_ablations/trace/minus_gating_mechanism/seed_77/explanation_metrics.json,1125128,9ec1e41fb95b44c76e7c4ff909ece6cae47a711402ae956cac4acea9d48df228
v2_ablations/trace/minus_gating_mechanism/seed_77/metrics.json,1071,067fbfd4edef99ac519cbc2fe35f16868148499cf540c722bb74b378a9570166
v2_ablations/trace/minus_gating_mechanism/seed_77/node_index.csv,100817,97c14e5580970fc64714d3029ae5346261131b09f3be3f75c352499f313aacd0
v2_ablations/trace/minus_gating_mechanism/seed_77/node_predictions.csv,26016,756ab663ff4d81e58bfcaf6b45405f217aa32531be26945e4b575c2dbd18ebf4
v2_ablations/trace/minus_gating_mechanism/seed_77/robustness_metrics.json,1008,aac959fbb9a0a7644bd7b80658d2692e71362c95b65922c7c283aa7401efe9e5
v2_ablations/trace/minus_gating_mechanism/seed_77/subgraph_predictions.csv,212,3938bab6268de5f9af2f997d66e6b23a7b9427a960281c7f4c77e72f77531546
v2_ablations/trace/minus_gating_mechanism/seed_77/training_history.csv,6687,8661e4c079f5851fa1107dc1054b72807ce1e781224e031323dcea0a9f7c45da
v2_ablations/trace/minus_gating_mechanism/seed_88/campaign_index.csv,767,e77a2e618de93efde17302018a001c33e37e5319ce49389d9895f227eacc875f
v2_ablations/trace/minus_gating_mechanism/seed_88/checkpoint.pt,192245,0206e932368e3454660c6156be534b647e957f7dba5077880df5f4b26e100212
v2_ablations/trace/minus_gating_mechanism/seed_88/compactness_validation.json,1521,91f1bcc4bad280c798762569843b81ac6cf997c2099c27a1e1f57c3ac8801225
v2_ablations/trace/minus_gating_mechanism/seed_88/config_resolved.json,6472,15348d0a05300857648028762eab5bfc3e7ac88f517e712a9595163af8d18db9
v2_ablations/trace/minus_gating_mechanism/seed_88/dataset_manifest.json,496,abafe534465f9e297571f21c4a6585dbb23d1b92de83830db6d78f1791b64177
v2_ablations/trace/minus_gating_mechanism/seed_88/edge_predictions.csv,20853,5057a01e5a2a957052cab8b2462e673533459570c68d1611b455d7afb7e071ec
v2_ablations/trace/minus_gating_mechanism/seed_88/explanation_metrics.json,42833,68cf7e0896dc320d83337bf9c6433566128edae03f2b48d2bcd9e9e3a8430282
v2_ablations/trace/minus_gating_mechanism/seed_88/metrics.json,1061,a5bd0d0564cf4f58c049ce4557753340e2c0f36e7f587ca4d899aff855250de1
v2_ablations/trace/minus_gating_mechanism/seed_88/node_index.csv,100817,97c14e5580970fc64714d3029ae5346261131b09f3be3f75c352499f313aacd0
v2_ablations/trace/minus_gating_mechanism/seed_88/node_predictions.csv,25754,08482832b1ea269bbe12fea48f8981fe1c94fbb5ad10e601db527d217c7a8348
v2_ablations/trace/minus_gating_mechanism/seed_88/robustness_metrics.json,1008,cfda5cacabf72af854a080fcd14b708920d4f288e601818d3a8d077be0f7200f
v2_ablations/trace/minus_gating_mechanism/seed_88/subgraph_predictions.csv,214,b84c021accf3e6226ecba61be11196f1228e5d655cbe569a207f8764a6653f9b
v2_ablations/trace/minus_gating_mechanism/seed_88/training_history.csv,16838,49baa0f99cbd83513d3aec2844c604a8f13b67b83a3095cec8fb128b95d35c9a
v2_ablations/trace/minus_gating_mechanism/seed_99/campaign_index.csv,767,e77a2e618de93efde17302018a001c33e37e5319ce49389d9895f227eacc875f
v2_ablations/trace/minus_gating_mechanism/seed_99/checkpoint.pt,192245,65b123981413789b1adf8eef29922d759f62edb652ef4224f099e9046deec08b
v2_ablations/trace/minus_gating_mechanism/seed_99/compactness_validation.json,1573,040fcc977e7448b2d859abc8e3a5fb3b8ac863d339a8bd31810154bdba97578b
v2_ablations/trace/minus_gating_mechanism/seed_99/config_resolved.json,6471,f7a00cbcb86fe01585b58ef5dcb66138166063865c7abf67f4d28b4d14df0e56
v2_ablations/trace/minus_gating_mechanism/seed_99/dataset_manifest.json,496,abafe534465f9e297571f21c4a6585dbb23d1b92de83830db6d78f1791b64177
v2_ablations/trace/minus_gating_mechanism/seed_99/edge_predictions.csv,20327,58f7e8d4f03148c56b07c5e0d779e8b705889f42994424891f12a80c13b8fcb7
v2_ablations/trace/minus_gating_mechanism/seed_99/explanation_metrics.json,19052,1fedf5383f1d62874c393ac4dcb9a69674085ff40dfd92a74074b6d23d4bccc9
v2_ablations/trace/minus_gating_mechanism/seed_99/metrics.json,1014,d075fda16dae89d4714f8c65eeeee32e96dd13857027e7fdcf6fba7c4db8a468
v2_ablations/trace/minus_gating_mechanism/seed_99/node_index.csv,100817,97c14e5580970fc64714d3029ae5346261131b09f3be3f75c352499f313aacd0
v2_ablations/trace/minus_gating_mechanism/seed_99/node_predictions.csv,26059,9ca6abc0b9a4eaf15ef0b93f264ea9b435e58e7e332220971b717cbe7f121af7
v2_ablations/trace/minus_gating_mechanism/seed_99/robustness_metrics.json,1008,86087a7a56b9c30fa8e8cca300356a3a82b9168ddda46ff0ed5c2232594344c9
v2_ablations/trace/minus_gating_mechanism/seed_99/subgraph_predictions.csv,211,17eddb23b71a4dcf973bbd3293a5b4f77d9bd443d9aa6080308741b936fdb991
v2_ablations/trace/minus_gating_mechanism/seed_99/training_history.csv,16014,df2d74158d5c4468eec19746235ff9f54cce52ff3cb4f44362436f95e5301500
v2_ablations/trace/minus_heterogeneous_stream/seed_11/campaign_index.csv,767,e77a2e618de93efde17302018a001c33e37e5319ce49389d9895f227eacc875f
v2_ablations/trace/minus_heterogeneous_stream/seed_11/checkpoint.pt,192245,961dae9d1ece40cb8b8d478872a1db16573c80d711e3d3151755f3adf41fb4ea
v2_ablations/trace/minus_heterogeneous_stream/seed_11/compactness_validation.json,1478,ef2de23958ed65087ccc848128213cb9d9b88606ee81a90137ddb6e03dd2956a
v2_ablations/trace/minus_heterogeneous_stream/seed_11/config_resolved.json,6472,c42f44b8cf60299e0e2efaa7218c5a48e6bbb847555a046553f82340f21c298a
v2_ablations/trace/minus_heterogeneous_stream/seed_11/dataset_manifest.json,496,abafe534465f9e297571f21c4a6585dbb23d1b92de83830db6d78f1791b64177
v2_ablations/trace/minus_heterogeneous_stream/seed_11/edge_predictions.csv,21387,aa850aa48022aa21dd885d56a9d933d14187bb9d7f35db1d5bf3a1d3f144f1fe
v2_ablations/trace/minus_heterogeneous_stream/seed_11/explanation_metrics.json,14278,03b7b1ccbf389f2dcc6b6c7c0a611eb1eaa28ffd2eaed8d2f81f210ba1811f86
v2_ablations/trace/minus_heterogeneous_stream/seed_11/metrics.json,1000,de92d752e5e3dfac2319323517973fb14d7ae25d4af580855a642cd03ce6e70f
v2_ablations/trace/minus_heterogeneous_stream/seed_11/node_index.csv,100817,97c14e5580970fc64714d3029ae5346261131b09f3be3f75c352499f313aacd0
v2_ablations/trace/minus_heterogeneous_stream/seed_11/node_predictions.csv,25574,2536584ccaab037177422752c3b3cc7d3834503c91b47662a982e36060714eb6
v2_ablations/trace/minus_heterogeneous_stream/seed_11/robustness_metrics.json,1010,ae4d672e6dfdccb69255e690992d8c54ac607945ef5888ff3fd9c37b284be748
v2_ablations/trace/minus_heterogeneous_stream/seed_11/subgraph_predictions.csv,210,244a36b059047bd82d87b7bfc24b7cfc6096f7743d692fd29840324c793ee0c8
v2_ablations/trace/minus_heterogeneous_stream/seed_11/training_history.csv,19145,7773a318fab06614ab075680e7dfd09574e1f56f8d6a93bbc5b231e69c7d8d5e
v2_ablations/trace/minus_heterogeneous_stream/seed_110/campaign_index.csv,767,e77a2e618de93efde17302018a001c33e37e5319ce49389d9895f227eacc875f
v2_ablations/trace/minus_heterogeneous_stream/seed_110/checkpoint.pt,192245,4614df16179b11817d1e54b6756a1262df7184952946d8bc64a720ef973688b4
v2_ablations/trace/minus_heterogeneous_stream/seed_110/compactness_validation.json,1585,77016daa92c27c49c6ff1313d1189219618d5112f80f5b4d2f100a87d8d5660c
v2_ablations/trace/minus_heterogeneous_stream/seed_110/config_resolved.json,6471,21432fefe04664e2b54a966fbb7441e194c63c151fc44c428abd6417b7ee95b0
v2_ablations/trace/minus_heterogeneous_stream/seed_110/dataset_manifest.json,496,abafe534465f9e297571f21c4a6585dbb23d1b92de83830db6d78f1791b64177
v2_ablations/trace/minus_heterogeneous_stream/seed_110/edge_predictions.csv,21303,6f0cc5cff3337f091dbbcb95191171bc092682000bc8128868163964859a7d67
v2_ablations/trace/minus_heterogeneous_stream/seed_110/explanation_metrics.json,36897,8e4260f5ec5fd1ad5e6cbf8616fc92d6af3e749b5fe0fa6b1e53b45b689e587b
v2_ablations/trace/minus_heterogeneous_stream/seed_110/metrics.json,1030,14af241590142718857cbbe394bd01065aaed674670ade4bc36e108793cd162e
v2_ablations/trace/minus_heterogeneous_stream/seed_110/node_index.csv,100817,97c14e5580970fc64714d3029ae5346261131b09f3be3f75c352499f313aacd0
v2_ablations/trace/minus_heterogeneous_stream/seed_110/node_predictions.csv,25248,882fb0c16795065223c1b54732facb1a9f51ccb7d4143cc3b70adb29817ec198
v2_ablations/trace/minus_heterogeneous_stream/seed_110/robustness_metrics.json,1010,87d928f4a1a67cd98c387e4e0e5a0273dad80c370c9ff91115fc7d47ce50cf96
v2_ablations/trace/minus_heterogeneous_stream/seed_110/subgraph_predictions.csv,214,9661ca6548c50e91c3f49312c97e6505cdb61dd23f0e29abc0d923d303d37bd0
v2_ablations/trace/minus_heterogeneous_stream/seed_110/training_history.csv,19127,dada35f98fece4f4a13bf1793b356c0807fecfc64c04f3b87729a5d6b0cfb62a
v2_ablations/trace/minus_heterogeneous_stream/seed_22/campaign_index.csv,767,e77a2e618de93efde17302018a001c33e37e5319ce49389d9895f227eacc875f
v2_ablations/trace/minus_heterogeneous_stream/seed_22/checkpoint.pt,192245,dea23bcf3bc766b0f1a71350dea09726ff95febf35d55015300bd15ca6233da3
v2_ablations/trace/minus_heterogeneous_stream/seed_22/compactness_validation.json,1569,4788a804022051f82cd8a273ba7d8f3447fed2f55a93b67edb956415137d56e2
v2_ablations/trace/minus_heterogeneous_stream/seed_22/config_resolved.json,6472,9bdd4cfe09ddb0c6fe2b24f90a241914cbcbf13dd2663af1c6e7e6e3c4e50494
v2_ablations/trace/minus_heterogeneous_stream/seed_22/dataset_manifest.json,496,abafe534465f9e297571f21c4a6585dbb23d1b92de83830db6d78f1791b64177
v2_ablations/trace/minus_heterogeneous_stream/seed_22/edge_predictions.csv,21275,8c4925d645b354d39b0d252bcae664dfd2a62d0b1f22a1499209366c76680291
v2_ablations/trace/minus_heterogeneous_stream/seed_22/explanation_metrics.json,22466,487c1ababe794197767bc240ec45a07f2a417e86fcb5c03357957418f1bee154
v2_ablations/trace/minus_heterogeneous_stream/seed_22/metrics.json,1028,13ca81deb7e57ecc90c4754c455cdf8f1d7522b3820c6463a9588b02788b61fb
v2_ablations/trace/minus_heterogeneous_stream/seed_22/node_index.csv,100817,97c14e5580970fc64714d3029ae5346261131b09f3be3f75c352499f313aacd0
v2_ablations/trace/minus_heterogeneous_stream/seed_22/node_predictions.csv,25964,b8c77e4f99541071b6406aaf26ed5af6e4af77538eaa8d8372482ed84e31a351
v2_ablations/trace/minus_heterogeneous_stream/seed_22/robustness_metrics.json,979,04f4c5266ac5353cafd0aba9ca4ede5deb56487b876b5a3ddf71cee581b156c9
v2_ablations/trace/minus_heterogeneous_stream/seed_22/subgraph_predictions.csv,213,6b4af0621dde7959be13eb0abef9acac2634e261476e51094b3bf89c78c58003
v2_ablations/trace/minus_heterogeneous_stream/seed_22/training_history.csv,19154,690428ab0f54e6420e61053d36bda32b678e934bea0764030d891af6da1aeb04
v2_ablations/trace/minus_heterogeneous_stream/seed_33/campaign_index.csv,767,e77a2e618de93efde17302018a001c33e37e5319ce49389d9895f227eacc875f
v2_ablations/trace/minus_heterogeneous_stream/seed_33/checkpoint.pt,192245,e2efac1943ec5ec6b09ef17c0b8e5715e9040afaf6da768aaaca23575f013e27
v2_ablations/trace/minus_heterogeneous_stream/seed_33/compactness_validation.json,1571,02c05c8011040397f6d07d9a38abb571d582c2f127de4a6dd1524e115ec13f58
v2_ablations/trace/minus_heterogeneous_stream/seed_33/config_resolved.json,6471,06b43c8ec06732a6d3b70b19e2945c42d26ecbc0be7536a3d4629081e6204f70
v2_ablations/trace/minus_heterogeneous_stream/seed_33/dataset_manifest.json,496,abafe534465f9e297571f21c4a6585dbb23d1b92de83830db6d78f1791b64177
v2_ablations/trace/minus_heterogeneous_stream/seed_33/edge_predictions.csv,21017,c0a818eb1c66dc70d79dbd22e024f19cac8612b5650a8c0207ff8361d8a15e73
v2_ablations/trace/minus_heterogeneous_stream/seed_33/explanation_metrics.json,23358,1dfa1fbf06db7a122736f9e964c9170476881721d7e953a85dceb7fb3a443007
v2_ablations/trace/minus_heterogeneous_stream/seed_33/metrics.json,1042,9c10148f928191fa2b7cbae47d90264bcf84b5e0b290c3d52dc0d6554cd4307b
v2_ablations/trace/minus_heterogeneous_stream/seed_33/node_index.csv,100817,97c14e5580970fc64714d3029ae5346261131b09f3be3f75c352499f313aacd0
v2_ablations/trace/minus_heterogeneous_stream/seed_33/node_predictions.csv,25688,b2005d594dd7f4ea79eedbfce2e36ddb892e9aec342b1d688f927cb2d521c5e9
v2_ablations/trace/minus_heterogeneous_stream/seed_33/robustness_metrics.json,1011,ac6974e5d3a7f10867dfd9cc673dd70e24a0589930be76ce252d71e4533e4878
v2_ablations/trace/minus_heterogeneous_stream/seed_33/subgraph_predictions.csv,213,983c743136d89fc2c767ba3737946631c24da68fc9a128bca1dc40498e788ce9
v2_ablations/trace/minus_heterogeneous_stream/seed_33/training_history.csv,19120,10828a1e2a4b9b815f9350e5b3b2352f7396d25a332dd177e791f79fcf1deb51
v2_ablations/trace/minus_heterogeneous_stream/seed_44/campaign_index.csv,767,e77a2e618de93efde17302018a001c33e37e5319ce49389d9895f227eacc875f
v2_ablations/trace/minus_heterogeneous_stream/seed_44/checkpoint.pt,192245,82ab8f20afd8b98cadbb53c518dfc9d6774db534941ee101180777a2a8e0e86d
v2_ablations/trace/minus_heterogeneous_stream/seed_44/compactness_validation.json,1526,ccab2466b432a5fa4b971e764edf59aede78c4b972d1676e20612fad38c17cc6
v2_ablations/trace/minus_heterogeneous_stream/seed_44/config_resolved.json,6471,854dd7f76e791962497a4521e2eefb6a4d49d9e8bc494ee0590700f03a147ea7
v2_ablations/trace/minus_heterogeneous_stream/seed_44/dataset_manifest.json,496,abafe534465f9e297571f21c4a6585dbb23d1b92de83830db6d78f1791b64177
v2_ablations/trace/minus_heterogeneous_stream/seed_44/edge_predictions.csv,21080,6c13014f11ee4ec18614fe1ec060031d453d5014e37896f84bdec7f00f664bd7
v2_ablations/trace/minus_heterogeneous_stream/seed_44/explanation_metrics.json,22807,692203697b122a789a17e6dfb4dca7000f42b6950aa167f0e4252bdb4ad1095f
v2_ablations/trace/minus_heterogeneous_stream/seed_44/metrics.json,1041,d14e705e54352c5ca9543ffb966b4c8f6f9e2b6eb39dc42625b4da241e5012ae
v2_ablations/trace/minus_heterogeneous_stream/seed_44/node_index.csv,100817,97c14e5580970fc64714d3029ae5346261131b09f3be3f75c352499f313aacd0
v2_ablations/trace/minus_heterogeneous_stream/seed_44/node_predictions.csv,25727,c92a8a8db08ecb6ca4c17842801a5b7de0b85c1826cd3e9cf5e74a9ed1754a32
v2_ablations/trace/minus_heterogeneous_stream/seed_44/robustness_metrics.json,977,c1bddfbc992768c113defebce9aea81194bc6ab2b1b020fc53048be8670edb5c
v2_ablations/trace/minus_heterogeneous_stream/seed_44/subgraph_predictions.csv,209,7954723f0601c0d8f627a111009074db5264b49e43fa988c72792cb9dabae3da
v2_ablations/trace/minus_heterogeneous_stream/seed_44/training_history.csv,19084,7ffa8623485c4d1cc6cd07017778d821882e88ae211d7fa9b2b72e6468ccbfe0
v2_ablations/trace/minus_heterogeneous_stream/seed_55/campaign_index.csv,767,e77a2e618de93efde17302018a001c33e37e5319ce49389d9895f227eacc875f
v2_ablations/trace/minus_heterogeneous_stream/seed_55/checkpoint.pt,192245,e1907fbae28668566ec1fd9e5b58074717c55b183fa003d8345058bc81940326
v2_ablations/trace/minus_heterogeneous_stream/seed_55/compactness_validation.json,1419,520b82bbb9c4166f3e15fa1e7059da93ce637bd664220491d8dec17a187f099c
v2_ablations/trace/minus_heterogeneous_stream/seed_55/config_resolved.json,6471,4b358ce8a1916030f85c25b5a6d867b560c6f1d43b777e2b3c4ea6ca7b2246a1
v2_ablations/trace/minus_heterogeneous_stream/seed_55/dataset_manifest.json,496,abafe534465f9e297571f21c4a6585dbb23d1b92de83830db6d78f1791b64177
v2_ablations/trace/minus_heterogeneous_stream/seed_55/edge_predictions.csv,21225,15716a4df188a5ec754121a44ff62d65c35a8aa5340e3c50f0de88e1a4502109
v2_ablations/trace/minus_heterogeneous_stream/seed_55/explanation_metrics.json,1643,c9e12c110fb1ed80fc9302c27e42d8c24efca2b29a9ae092e6c15cdeab47a656
v2_ablations/trace/minus_heterogeneous_stream/seed_55/metrics.json,981,8428f5a29fde1de35b8c2fa88df18fd9eee77d621041d63cab87acaf51bd466f
v2_ablations/trace/minus_heterogeneous_stream/seed_55/node_index.csv,100817,97c14e5580970fc64714d3029ae5346261131b09f3be3f75c352499f313aacd0
v2_ablations/trace/minus_heterogeneous_stream/seed_55/node_predictions.csv,25651,5e61a4bb4a18ed9c90ccf4146537663c5edf930eed38dfcd4fcfb131aec7d27e
v2_ablations/trace/minus_heterogeneous_stream/seed_55/robustness_metrics.json,981,09ac56cbdd236b046a608553d28c941d0f5a2dd52fccfb56bff6ba322e01afb9
v2_ablations/trace/minus_heterogeneous_stream/seed_55/subgraph_predictions.csv,209,2e05787a98b1c3385209c9ba6b8d84a483e661e35e2a400d10086525281c8944
v2_ablations/trace/minus_heterogeneous_stream/seed_55/training_history.csv,19170,ca013b9d5b33315fde27659a0de2cf93faba56083cff21cdbdac971b7237661c
v2_ablations/trace/minus_heterogeneous_stream/seed_66/campaign_index.csv,767,e77a2e618de93efde17302018a001c33e37e5319ce49389d9895f227eacc875f
v2_ablations/trace/minus_heterogeneous_stream/seed_66/checkpoint.pt,192245,102d1e267c0b7b8a3e963d7d8d0b8dea342f7261b4a118a06a59c841a2f49118
v2_ablations/trace/minus_heterogeneous_stream/seed_66/compactness_validation.json,1433,3a4bd9d151d6eee11d2b7d93405ed2db1320e1e28a4bdf7a59713e9166c3270f
v2_ablations/trace/minus_heterogeneous_stream/seed_66/config_resolved.json,6470,7623ed90abfa5d567c06e2f3a427df371a2d659fff4b9499ff3ead08f8343440
v2_ablations/trace/minus_heterogeneous_stream/seed_66/dataset_manifest.json,496,abafe534465f9e297571f21c4a6585dbb23d1b92de83830db6d78f1791b64177
v2_ablations/trace/minus_heterogeneous_stream/seed_66/edge_predictions.csv,21557,bdfbd57e8f97cd6f5588f587ee8662264811a15fef72aff8d1ef2eb59c898f27
v2_ablations/trace/minus_heterogeneous_stream/seed_66/explanation_metrics.json,31445,eae2544148cc32c985a65584a0b1bfe0ca9b11898c3662df6df75f5838df9bae
v2_ablations/trace/minus_heterogeneous_stream/seed_66/metrics.json,1000,3a5aec8ce5ffa10ea649d6009ce901aad93500f15ac7917c7dfdfebc5c9b3cfb
v2_ablations/trace/minus_heterogeneous_stream/seed_66/node_index.csv,100817,97c14e5580970fc64714d3029ae5346261131b09f3be3f75c352499f313aacd0
v2_ablations/trace/minus_heterogeneous_stream/seed_66/node_predictions.csv,25668,d2206d0f7889da87a49682fa5efe864adc86381e568f09f3fa82f6e979d981ee
v2_ablations/trace/minus_heterogeneous_stream/seed_66/robustness_metrics.json,976,6e5f3426b79503f8c979c0a2aa958d35be0d88fe0a4d2d9710204374a2a0d938
v2_ablations/trace/minus_heterogeneous_stream/seed_66/subgraph_predictions.csv,208,9c147269b2d144f1836fbf13aa39db05fd5a624a2f74655834b381791dfb8553
v2_ablations/trace/minus_heterogeneous_stream/seed_66/training_history.csv,19122,fa61cc88ae75f3a26938e10dcbb801ef996820a0bf262007f3eca8e0d3673446
v2_ablations/trace/minus_heterogeneous_stream/seed_77/campaign_index.csv,767,e77a2e618de93efde17302018a001c33e37e5319ce49389d9895f227eacc875f
v2_ablations/trace/minus_heterogeneous_stream/seed_77/checkpoint.pt,192245,9c1748d99615560d6354bd1ec5b64a271516f01fc4576856ec729dca1277e14b
v2_ablations/trace/minus_heterogeneous_stream/seed_77/compactness_validation.json,1525,dc11ae17362301982bbfde28c61c3053bbadd2529bac1dfe975c4253a75e5e98
v2_ablations/trace/minus_heterogeneous_stream/seed_77/config_resolved.json,6472,97be28f8a0aae2a5326fcc74dd5c60e7bda49de71f9b8ff71b308afcb9819e06
v2_ablations/trace/minus_heterogeneous_stream/seed_77/dataset_manifest.json,496,abafe534465f9e297571f21c4a6585dbb23d1b92de83830db6d78f1791b64177
v2_ablations/trace/minus_heterogeneous_stream/seed_77/edge_predictions.csv,21486,8a26e1bc455a18a2377c09737f5edf64f1b48aa2e721837d5e01e8dcaebe0b3a
v2_ablations/trace/minus_heterogeneous_stream/seed_77/explanation_metrics.json,1643,c9e12c110fb1ed80fc9302c27e42d8c24efca2b29a9ae092e6c15cdeab47a656
v2_ablations/trace/minus_heterogeneous_stream/seed_77/metrics.json,1012,c57c7ccafb107a6df3d94d0cdba8e95f4cc89742aa5683fc576a3af6e8f2a96b
v2_ablations/trace/minus_heterogeneous_stream/seed_77/node_index.csv,100817,97c14e5580970fc64714d3029ae5346261131b09f3be3f75c352499f313aacd0
v2_ablations/trace/minus_heterogeneous_stream/seed_77/node_predictions.csv,25924,2dc1b5050f01016b292edcc6917d55371b42a9a5db6b75d8b6f1eb3f0beee9a5
v2_ablations/trace/minus_heterogeneous_stream/seed_77/robustness_metrics.json,981,09ac56cbdd236b046a608553d28c941d0f5a2dd52fccfb56bff6ba322e01afb9
v2_ablations/trace/minus_heterogeneous_stream/seed_77/subgraph_predictions.csv,212,9fb8b98708aa07e9f696338bc6745ee378f0a1255cf47629375c7af2d1f96140
v2_ablations/trace/minus_heterogeneous_stream/seed_77/training_history.csv,19125,dc274e171b99cc2dd46f162d0c3a77ada824c3b5543e9cf88114d0d77d623977
v2_ablations/trace/minus_heterogeneous_stream/seed_88/campaign_index.csv,767,e77a2e618de93efde17302018a001c33e37e5319ce49389d9895f227eacc875f
v2_ablations/trace/minus_heterogeneous_stream/seed_88/checkpoint.pt,192245,3fffd6bdaacfde18d33652af7a02408cc6dd009aeedb313b2c799c67a1c223a9
v2_ablations/trace/minus_heterogeneous_stream/seed_88/compactness_validation.json,1518,39348cb7e5e0763cbccea6b8b0024b51b9a24c705f7562361e9b1abd76ecd591
v2_ablations/trace/minus_heterogeneous_stream/seed_88/config_resolved.json,6472,d9081bf64982a1baf86e550d3ec9d1695b6349da243bdfda188331a003b41898
v2_ablations/trace/minus_heterogeneous_stream/seed_88/dataset_manifest.json,496,abafe534465f9e297571f21c4a6585dbb23d1b92de83830db6d78f1791b64177
v2_ablations/trace/minus_heterogeneous_stream/seed_88/edge_predictions.csv,21272,ef1e6398392088d46fffc6034e3ddbd4aba1c42bdb8803419fa0e4d779dd6402
v2_ablations/trace/minus_heterogeneous_stream/seed_88/explanation_metrics.json,11863,6b2f1faf3d0e186d88a378b261ef622dc3f3547d6d40cdb5fe6831f8e9db0ad3
v2_ablations/trace/minus_heterogeneous_stream/seed_88/metrics.json,981,eab16e94fe2c5337b4e8d836b5fea8b346f3a0afadadb9c10c0fa7a55eaee290
v2_ablations/trace/minus_heterogeneous_stream/seed_88/node_index.csv,100817,97c14e5580970fc64714d3029ae5346261131b09f3be3f75c352499f313aacd0
v2_ablations/trace/minus_heterogeneous_stream/seed_88/node_predictions.csv,25757,f9b24edb64ae3c6c118948ae485ddbee4066327ba5f616ae489702b742510029
v2_ablations/trace/minus_heterogeneous_stream/seed_88/robustness_metrics.json,960,8b5948f90cc99cc43d6124fbdbc5a7bf4bb439e67df6c32a9dc968e0b3c21703
v2_ablations/trace/minus_heterogeneous_stream/seed_88/subgraph_predictions.csv,211,9d268307164c61038723b008f4f48d5972e1f036121de25e87ba11f9cfa21497
v2_ablations/trace/minus_heterogeneous_stream/seed_88/training_history.csv,19119,9805638a001e7a933a4987c058f1d3068597a0296647e83cedf481b426d1888b
v2_ablations/trace/minus_heterogeneous_stream/seed_99/campaign_index.csv,767,e77a2e618de93efde17302018a001c33e37e5319ce49389d9895f227eacc875f
v2_ablations/trace/minus_heterogeneous_stream/seed_99/checkpoint.pt,192245,0c4113d91dff0c938581ed829893807aad8cebca9e3c6c9c5b4594a51e7da997
v2_ablations/trace/minus_heterogeneous_stream/seed_99/compactness_validation.json,1534,c8d22a7aa34dc20f4bef18fc50e2ef7ce98e95569624c5c660888a4f8b9eca16
v2_ablations/trace/minus_heterogeneous_stream/seed_99/config_resolved.json,6472,cc0a357bfecf7ae8dc84a7a5061ff5d50011cd914dce9cc2b26771d83940b06c
v2_ablations/trace/minus_heterogeneous_stream/seed_99/dataset_manifest.json,496,abafe534465f9e297571f21c4a6585dbb23d1b92de83830db6d78f1791b64177
v2_ablations/trace/minus_heterogeneous_stream/seed_99/edge_predictions.csv,20739,e774b3fec44b3204911d2fae5dcb3180057dd864f86bab0b9546bf74e3ec2951
v2_ablations/trace/minus_heterogeneous_stream/seed_99/explanation_metrics.json,7076,e4bb08ffd1696a114a056641dc3226ee64c94130169fb990d7c308c27bebf9fa
v2_ablations/trace/minus_heterogeneous_stream/seed_99/metrics.json,1028,309cd7262cb689fdef2180682ce5e69178143d4c5b94c181afef53a522a45b71
v2_ablations/trace/minus_heterogeneous_stream/seed_99/node_index.csv,100817,97c14e5580970fc64714d3029ae5346261131b09f3be3f75c352499f313aacd0
v2_ablations/trace/minus_heterogeneous_stream/seed_99/node_predictions.csv,25717,6878697f3b3106c8437344677cb063f981d2a991391d23330b5c12a68c332072
v2_ablations/trace/minus_heterogeneous_stream/seed_99/robustness_metrics.json,1010,accd729badd66416a92659ef7e85dc1f2b654c4e8f4a120d5a55a77e5c3025f7
v2_ablations/trace/minus_heterogeneous_stream/seed_99/subgraph_predictions.csv,211,8cfb082722d04194dc17c23ec421edbe70000d78a4ebeab4d7ba013a24beab73
v2_ablations/trace/minus_heterogeneous_stream/seed_99/training_history.csv,19058,2b3775d76077525462ddf34afc9848cabb71842b959f31684b87c432c72a8c52
v2_ablations/trace/minus_joint_optimization/seed_11/campaign_index.csv,767,e77a2e618de93efde17302018a001c33e37e5319ce49389d9895f227eacc875f
v2_ablations/trace/minus_joint_optimization/seed_11/checkpoint.pt,192245,4b9235c8fb36d631b639ddfa2ded89e6943a99cae12eb86f861356d509dcf333
v2_ablations/trace/minus_joint_optimization/seed_11/compactness_validation.json,1518,e75cc4f724160bf727430f8ca4cb73ab2aa8587b69df54ec98d9bbf993d4bec1
v2_ablations/trace/minus_joint_optimization/seed_11/config_resolved.json,6472,e4c6c768c03c68e86227e7dc91cae0fe44201a960f1ac728e1fe72feeb62beea
v2_ablations/trace/minus_joint_optimization/seed_11/dataset_manifest.json,496,abafe534465f9e297571f21c4a6585dbb23d1b92de83830db6d78f1791b64177
v2_ablations/trace/minus_joint_optimization/seed_11/edge_predictions.csv,20675,2f77dd9b34e20116cd34cab3d6c9c48af353ebe9acf0339ef1187c848d4a2470
v2_ablations/trace/minus_joint_optimization/seed_11/explanation_metrics.json,14459,4f55c5b2d29ec5005a75e9eb1d33440fc664645c04a0d2f594eadb2fb216b46a
v2_ablations/trace/minus_joint_optimization/seed_11/metrics.json,1045,bf6dc86ab1c403e396af7a54b3816ee41099d7482d9a037495aeb789f3eca5f0
v2_ablations/trace/minus_joint_optimization/seed_11/node_index.csv,100817,97c14e5580970fc64714d3029ae5346261131b09f3be3f75c352499f313aacd0
v2_ablations/trace/minus_joint_optimization/seed_11/node_predictions.csv,25923,4c99fd54a46668fd1f6be5cdf7aac10a9637ccc9cba1ad87ae4a8e95a16abb4b
v2_ablations/trace/minus_joint_optimization/seed_11/robustness_metrics.json,1009,8fe435e2492f55c22ae3367bd88c5326ff7efc41daf46919d7192f27b5e44962
v2_ablations/trace/minus_joint_optimization/seed_11/subgraph_predictions.csv,211,084b91a1f43b3498bc2a810dd15bb8408f55363bd51a8c6f669923a91c3a035e
v2_ablations/trace/minus_joint_optimization/seed_11/training_history.csv,19023,3c973898d69193d807b3dcde2812f7a70ad71e6cd4d995c67a99914f90def59e
v2_ablations/trace/minus_joint_optimization/seed_110/campaign_index.csv,767,e77a2e618de93efde17302018a001c33e37e5319ce49389d9895f227eacc875f
v2_ablations/trace/minus_joint_optimization/seed_110/checkpoint.pt,192245,328e91484f9971eaffbc3e706250c7684a07316d94557f5bc0776601f4df427c
v2_ablations/trace/minus_joint_optimization/seed_110/compactness_validation.json,1549,8daad9648cb6012355101bbeed0a34fd742396836d63baa912a9efa8373832d9
v2_ablations/trace/minus_joint_optimization/seed_110/config_resolved.json,6472,04266cc94c8723482a38b3563b002c5d415221b6200888698a69ce97d6c0b54e
v2_ablations/trace/minus_joint_optimization/seed_110/dataset_manifest.json,496,abafe534465f9e297571f21c4a6585dbb23d1b92de83830db6d78f1791b64177
v2_ablations/trace/minus_joint_optimization/seed_110/edge_predictions.csv,19994,af83b3a01f771c6de5286bea33b206103894a7828b7da2e8a9d06b2649ca9a67
v2_ablations/trace/minus_joint_optimization/seed_110/explanation_metrics.json,67178,d90a6af8abead9a1f957262b0095cadea592dcf8e1bf1527b9bbc423609a1d8d
v2_ablations/trace/minus_joint_optimization/seed_110/metrics.json,1046,8e736cec0663cd7187dc5ae97595c674ab1d07159f254a33e5868f2940af6d8d
v2_ablations/trace/minus_joint_optimization/seed_110/node_index.csv,100817,97c14e5580970fc64714d3029ae5346261131b09f3be3f75c352499f313aacd0
v2_ablations/trace/minus_joint_optimization/seed_110/node_predictions.csv,25680,2d53a8ad2a51c9c08203bdbcdc5bcaab2704a92e31191286e4390f7fb0393665
v2_ablations/trace/minus_joint_optimization/seed_110/robustness_metrics.json,1007,88a8bb6b7602803f4069b1477664318c4d93780e8a40d127670ea944c429667e
v2_ablations/trace/minus_joint_optimization/seed_110/subgraph_predictions.csv,212,1419721176ed32d7b4e0586a1c8e2db6efda891b463326550e366256fbdf573e
v2_ablations/trace/minus_joint_optimization/seed_110/training_history.csv,14162,8a61908ef4a1e829751f65ba6fe3bdf8a0dd42823c62784b61803869adc6f435
v2_ablations/trace/minus_joint_optimization/seed_22/campaign_index.csv,767,e77a2e618de93efde17302018a001c33e37e5319ce49389d9895f227eacc875f
v2_ablations/trace/minus_joint_optimization/seed_22/checkpoint.pt,192245,56853211d3a5ab68e69dbab9f09e26d24c67b54ccf5448d26cb5c87981bfbf1f
v2_ablations/trace/minus_joint_optimization/seed_22/compactness_validation.json,1518,685814c4d829702fba83d999bbfab462b9e5edc9ad91e239745bf508f99b5639
v2_ablations/trace/minus_joint_optimization/seed_22/config_resolved.json,6472,01ca5999bd96d384fed62fd33b552e82b217366aa14c4ad540b8c6107c950fa4
v2_ablations/trace/minus_joint_optimization/seed_22/dataset_manifest.json,496,abafe534465f9e297571f21c4a6585dbb23d1b92de83830db6d78f1791b64177
v2_ablations/trace/minus_joint_optimization/seed_22/edge_predictions.csv,20288,a7a40159c76a1d300d222385621b065822f329d7ea4aa5a00690109e5e1ee587
v2_ablations/trace/minus_joint_optimization/seed_22/explanation_metrics.json,9632,08a7133c32513f03e07c970e5786139c0aa14817365042cdf01322bb98cd3df4
v2_ablations/trace/minus_joint_optimization/seed_22/metrics.json,1029,d14ad5e484a8043e4e48da7cd17a13b6dd5c5f1b0cd2bf7adf4a952bce9df737
v2_ablations/trace/minus_joint_optimization/seed_22/node_index.csv,100817,97c14e5580970fc64714d3029ae5346261131b09f3be3f75c352499f313aacd0
v2_ablations/trace/minus_joint_optimization/seed_22/node_predictions.csv,26029,0d9cd0d03b11de59bfa5f5c5328d1bc201a4d5d92f81fc6d1df9fb82a7120308
v2_ablations/trace/minus_joint_optimization/seed_22/robustness_metrics.json,1011,0be505d49ed3369b02d900ffcf485c6acc0c84a1a2a30fc0bf358043e39df191
v2_ablations/trace/minus_joint_optimization/seed_22/subgraph_predictions.csv,211,c6dff3846f7cc96caa1ceafdbc4d915946299eba46238d5fc8148d3f31117a08
v2_ablations/trace/minus_joint_optimization/seed_22/training_history.csv,19032,e54a575379cf71906317ca5db399c7e9945627cb89acbee022cb55d1909be4e6
v2_ablations/trace/minus_joint_optimization/seed_33/campaign_index.csv,767,e77a2e618de93efde17302018a001c33e37e5319ce49389d9895f227eacc875f
v2_ablations/trace/minus_joint_optimization/seed_33/checkpoint.pt,192245,ad1cbfdb772741d0cc2c5a43d41adca13ff80149706ee6db31589ff73f1488f4
v2_ablations/trace/minus_joint_optimization/seed_33/compactness_validation.json,1519,6b3fef9da44a7cda19454a2a75c196626c707d21b2595e927c056a4a641aab6b
v2_ablations/trace/minus_joint_optimization/seed_33/config_resolved.json,6472,546c8e78141b9305c7999571ce03a44c958f9dc12176183382fe1c2b418fa424
v2_ablations/trace/minus_joint_optimization/seed_33/dataset_manifest.json,496,abafe534465f9e297571f21c4a6585dbb23d1b92de83830db6d78f1791b64177
v2_ablations/trace/minus_joint_optimization/seed_33/edge_predictions.csv,19891,ec15a3ffd00e744c649ae0fa93b52e3741069349e60fc6014ceb1ad195a77f2a
v2_ablations/trace/minus_joint_optimization/seed_33/explanation_metrics.json,69229,6cb848adf9300bc61f6b92968c682e268f2397086b7b42963d69d67d4fa4f4b3
v2_ablations/trace/minus_joint_optimization/seed_33/metrics.json,1060,06968013c64c2ecb759830bcb7df6aa6027f9193ea33a7725b49f5bf944ac76d
v2_ablations/trace/minus_joint_optimization/seed_33/node_index.csv,100817,97c14e5580970fc64714d3029ae5346261131b09f3be3f75c352499f313aacd0
v2_ablations/trace/minus_joint_optimization/seed_33/node_predictions.csv,25798,17160a0571218dc8a1d0dc19640f9b5304a9bb1ece0ca976aa11f40865ccf8d0
v2_ablations/trace/minus_joint_optimization/seed_33/robustness_metrics.json,1007,3751244387db444def85b35e4a9347930cfd1257aa2565fea3ef17cbc8803de8
v2_ablations/trace/minus_joint_optimization/seed_33/subgraph_predictions.csv,212,1bd26f73158a133b308e16e640ae3bb65304712b39aa9d3551234e7c0cfcff34
v2_ablations/trace/minus_joint_optimization/seed_33/training_history.csv,13034,f63055179daf4704765f907a7338c82baa2b22793373be0242452dd03f98ce1b
v2_ablations/trace/minus_joint_optimization/seed_44/campaign_index.csv,767,e77a2e618de93efde17302018a001c33e37e5319ce49389d9895f227eacc875f
v2_ablations/trace/minus_joint_optimization/seed_44/checkpoint.pt,192245,e96fbac167cbe23d9e0faa38081b203d33e2c66ffc55f4274607bdbbf0eee835
v2_ablations/trace/minus_joint_optimization/seed_44/compactness_validation.json,1520,24a7902b66679ab2c2481220559e1127ecfa55eebcccaae0eb11c98e9696b8d9
v2_ablations/trace/minus_joint_optimization/seed_44/config_resolved.json,6471,a00cf225025a3f0ec233eb37d9f540898a471eb9b6f3d3c2ada4b4a250583a62
v2_ablations/trace/minus_joint_optimization/seed_44/dataset_manifest.json,496,abafe534465f9e297571f21c4a6585dbb23d1b92de83830db6d78f1791b64177
v2_ablations/trace/minus_joint_optimization/seed_44/edge_predictions.csv,20542,862c4ee43aacda8c8dbcdda5250b054ba66e06a7276e58a367fcbc6b459afdda
v2_ablations/trace/minus_joint_optimization/seed_44/explanation_metrics.json,18927,98d93ff4db4d916db1af1f3f355a907f1f47eed5e0ff068e2c6028a35f5465b6
v2_ablations/trace/minus_joint_optimization/seed_44/metrics.json,999,368f9cdb37f3c268dec32095c5cb4ce93fe7c4b14229a17b1690832857a7bd7e
v2_ablations/trace/minus_joint_optimization/seed_44/node_index.csv,100817,97c14e5580970fc64714d3029ae5346261131b09f3be3f75c352499f313aacd0
v2_ablations/trace/minus_joint_optimization/seed_44/node_predictions.csv,26003,a59838d3dbd92bd8ecdf3e7513cccad531525a68b71644305da8f2af422cc7d1
v2_ablations/trace/minus_joint_optimization/seed_44/robustness_metrics.json,1009,b51a08b9df1977613f9ed1b7f3e0bebf902357e1e433594f42b9ba54c14d4183
v2_ablations/trace/minus_joint_optimization/seed_44/subgraph_predictions.csv,213,9de139aef10d7d9f2fd5dc5877df77709bd63a08bbfc7304d4854547678ddd52
v2_ablations/trace/minus_joint_optimization/seed_44/training_history.csv,19016,71ad2770f5a27cbfa978fb27f235075e3e0e794344e21a9534344175d3514d61
v2_ablations/trace/minus_joint_optimization/seed_55/campaign_index.csv,767,e77a2e618de93efde17302018a001c33e37e5319ce49389d9895f227eacc875f
v2_ablations/trace/minus_joint_optimization/seed_55/checkpoint.pt,192245,addd9069702d8a6362142b51ac04c27e9e3901f1a87df9024800045e0862f0b6
v2_ablations/trace/minus_joint_optimization/seed_55/compactness_validation.json,1420,2352999d4649790ad01be17b6562175b7cf597e0d045a94f48584599aa6dc9fd
v2_ablations/trace/minus_joint_optimization/seed_55/config_resolved.json,6472,5df601894456563c5bde691dc913dc9355f5410a7fc2cff0cfae6db636be4285
v2_ablations/trace/minus_joint_optimization/seed_55/dataset_manifest.json,496,abafe534465f9e297571f21c4a6585dbb23d1b92de83830db6d78f1791b64177
v2_ablations/trace/minus_joint_optimization/seed_55/edge_predictions.csv,20319,260ef5d026a366fa547f74002a2b68f08a89612938955790a4019a44e604eb2f
v2_ablations/trace/minus_joint_optimization/seed_55/explanation_metrics.json,19192,7c98948da9d5425104e7529776d7d12890c4fadbc57e05100182e6f02784ab1f
v2_ablations/trace/minus_joint_optimization/seed_55/metrics.json,1013,a2dc679cdec09ced0f0a2e5c12240a762e5b1f725243ff8b1ee5bfe0a7493b9e
v2_ablations/trace/minus_joint_optimization/seed_55/node_index.csv,100817,97c14e5580970fc64714d3029ae5346261131b09f3be3f75c352499f313aacd0
v2_ablations/trace/minus_joint_optimization/seed_55/node_predictions.csv,26106,a172e15844e0a7cf10053bb76948bcdf2b7a29a2cb8abc68b9b8c1ff35ab9c58
v2_ablations/trace/minus_joint_optimization/seed_55/robustness_metrics.json,1009,7f07dd0a09501299f382093b42e6bba3b05c5ce61f0aa8e6922b1378ae0316af
v2_ablations/trace/minus_joint_optimization/seed_55/subgraph_predictions.csv,212,93f939bc5d1bded40b36c4e95e39ed385424b50d6785160653c4b1e760f14d1b
v2_ablations/trace/minus_joint_optimization/seed_55/training_history.csv,19035,5b6440f0b86675871ca96ab351754ee606fda429be4273dd9d24103386645415
v2_ablations/trace/minus_joint_optimization/seed_66/campaign_index.csv,767,e77a2e618de93efde17302018a001c33e37e5319ce49389d9895f227eacc875f
v2_ablations/trace/minus_joint_optimization/seed_66/checkpoint.pt,192245,d63b98a01a2f0d8babdd5898332a3d4b31a0d14fbaaa52f54ed10f47c00918d9
v2_ablations/trace/minus_joint_optimization/seed_66/compactness_validation.json,1511,9d0f3db9888e023d2f31042020eafa19c43370a075cd260f4028dd58623e732c
v2_ablations/trace/minus_joint_optimization/seed_66/config_resolved.json,6471,65299f09d4ea9a6e9fb3feaf697998068e49fb05b1ab3bee380dc992f7eb8e81
v2_ablations/trace/minus_joint_optimization/seed_66/dataset_manifest.json,496,abafe534465f9e297571f21c4a6585dbb23d1b92de83830db6d78f1791b64177
v2_ablations/trace/minus_joint_optimization/seed_66/edge_predictions.csv,20292,c58143035cb86ee1525a3c37460233b51157ebc44590e7939fa473f0a7f1ac9c
v2_ablations/trace/minus_joint_optimization/seed_66/explanation_metrics.json,18851,b94b258c4bf4344ed5de85cdad62b17357dd853304201a57e6500c1e6e50c2ae
v2_ablations/trace/minus_joint_optimization/seed_66/metrics.json,1045,bb31b3b425483dcad2fcb59e09005585d8bb8c74e07ced1c448383a214c0244d
v2_ablations/trace/minus_joint_optimization/seed_66/node_index.csv,100817,97c14e5580970fc64714d3029ae5346261131b09f3be3f75c352499f313aacd0
v2_ablations/trace/minus_joint_optimization/seed_66/node_predictions.csv,25826,2672fc99f19d1f6b2e4a4d5976ad4b7e361fd4de83d2b5f54123c0e7208f956d
v2_ablations/trace/minus_joint_optimization/seed_66/robustness_metrics.json,1009,dd57605741469ec4163e996e03c149aa3851a42f8886bb143a1f4df3b8bb52be
v2_ablations/trace/minus_joint_optimization/seed_66/subgraph_predictions.csv,214,378b2a6400379c50b32e5218e9d2efb128571389661d488d463c000be7717e89
v2_ablations/trace/minus_joint_optimization/seed_66/training_history.csv,17126,ab9eb3bfc61911e270ba3b635561bdbdcea450b7c20805a9bd515a4a54933179
v2_ablations/trace/minus_joint_optimization/seed_77/campaign_index.csv,767,e77a2e618de93efde17302018a001c33e37e5319ce49389d9895f227eacc875f
v2_ablations/trace/minus_joint_optimization/seed_77/checkpoint.pt,192245,e551f04d14ed8151c273e635000b7316da30c7fc2117a3967275511a3450b4f4
v2_ablations/trace/minus_joint_optimization/seed_77/compactness_validation.json,1580,77b5c4dcfe1dc9e51796b8b7a4cdb6b606b25853882fb24895216280eaa48b89
v2_ablations/trace/minus_joint_optimization/seed_77/config_resolved.json,6471,ee83cac0604f14bac007d023fd32ffa5bec30c9a5015d08eeb8e14fcfa346844
v2_ablations/trace/minus_joint_optimization/seed_77/dataset_manifest.json,496,abafe534465f9e297571f21c4a6585dbb23d1b92de83830db6d78f1791b64177
v2_ablations/trace/minus_joint_optimization/seed_77/edge_predictions.csv,20376,e94a13adf4e906994ccfeb3509f362bba616b0f15e4ce3227a25d65a77347744
v2_ablations/trace/minus_joint_optimization/seed_77/explanation_metrics.json,20797,e48a20e8914a11509145a7d7d00fd120af7ee328ed65d0e2c9fbb2f142593446
v2_ablations/trace/minus_joint_optimization/seed_77/metrics.json,1024,201fbf840ee1272bcfb24ff3fef7a50baa1b1187b5483f372c8882b145243f37
v2_ablations/trace/minus_joint_optimization/seed_77/node_index.csv,100817,97c14e5580970fc64714d3029ae5346261131b09f3be3f75c352499f313aacd0
v2_ablations/trace/minus_joint_optimization/seed_77/node_predictions.csv,26060,7dc9ddbffdfa0e6eeea5d4c0f27a0e16afb91dd4c8726b03b56a6eb6a702d274
v2_ablations/trace/minus_joint_optimization/seed_77/robustness_metrics.json,1011,0487bc6297b60b39882b4568804a85fc3d08d2365d8731132c46f0051d223aab
v2_ablations/trace/minus_joint_optimization/seed_77/subgraph_predictions.csv,209,278f32e458add518e1cceabdfac5a35675080ac6bf889fa0c22ecb9f6400587c
v2_ablations/trace/minus_joint_optimization/seed_77/training_history.csv,18576,06c65e02cabc5aef0d89cf60d51339119d3fc76205ebd111fe96f5f59935bebe
v2_ablations/trace/minus_joint_optimization/seed_88/campaign_index.csv,767,e77a2e618de93efde17302018a001c33e37e5319ce49389d9895f227eacc875f
v2_ablations/trace/minus_joint_optimization/seed_88/checkpoint.pt,192245,a4710d2a487e9e5bb9c69a318690d0ba90fd105b0df05a45cfb93cf23c063151
v2_ablations/trace/minus_joint_optimization/seed_88/compactness_validation.json,1575,c09bff8caf6113aaaefd541a5198b53f783cd1aa84579040093683b269d218ad
v2_ablations/trace/minus_joint_optimization/seed_88/config_resolved.json,6470,2b7a1cd28a688a945859f38132ad2529ba3493a92294f34fe68b29b930c2bd08
v2_ablations/trace/minus_joint_optimization/seed_88/dataset_manifest.json,496,abafe534465f9e297571f21c4a6585dbb23d1b92de83830db6d78f1791b64177
v2_ablations/trace/minus_joint_optimization/seed_88/edge_predictions.csv,20476,cfeb6f134f8e32edb157d0549e9e76f82fa4df3decd49377b2a3ccb21486b1e8
v2_ablations/trace/minus_joint_optimization/seed_88/explanation_metrics.json,37919,11304241c4711729308f09674bbf01f79031a517d2c6ca55ad34d02df64c61e8
v2_ablations/trace/minus_joint_optimization/seed_88/metrics.json,1063,f752376d72ca27315dc1b0039eb918485bc3748785a6c6564125de011270325c
v2_ablations/trace/minus_joint_optimization/seed_88/node_index.csv,100817,97c14e5580970fc64714d3029ae5346261131b09f3be3f75c352499f313aacd0
v2_ablations/trace/minus_joint_optimization/seed_88/node_predictions.csv,26122,f788f2855a68259c73eb875c24c26cdf40ba592bebaba3c194877b5b75cc8eed
v2_ablations/trace/minus_joint_optimization/seed_88/robustness_metrics.json,1008,d146ec44b64a009b3e7b8cb58b0e11424f6131738d1bb5dab823e26de5da6f9a
v2_ablations/trace/minus_joint_optimization/seed_88/subgraph_predictions.csv,210,c6382fb9062c3b3eb25879bc44056836b221825c0e7e8736d83033e51bce398e
v2_ablations/trace/minus_joint_optimization/seed_88/training_history.csv,19028,14c62df5187b6fb0aa1e18771011dbda5e82c13731a39205ddd061045265c36e
v2_ablations/trace/minus_joint_optimization/seed_99/campaign_index.csv,767,e77a2e618de93efde17302018a001c33e37e5319ce49389d9895f227eacc875f
v2_ablations/trace/minus_joint_optimization/seed_99/checkpoint.pt,192245,78ff82acc0a8ab44eeb00dbbe0d8cdfa952cba117e80fb8bc360565dcf090dc5
v2_ablations/trace/minus_joint_optimization/seed_99/compactness_validation.json,1478,2f350b668e3c31b2209a4e3cad4247b43f12d1aa851bdb7285d0b17e5a998596
v2_ablations/trace/minus_joint_optimization/seed_99/config_resolved.json,6471,0d2c8603deef2a643bd8e2105fde54489cbe9069b0321715f29bd4f7e328e842
v2_ablations/trace/minus_joint_optimization/seed_99/dataset_manifest.json,496,abafe534465f9e297571f21c4a6585dbb23d1b92de83830db6d78f1791b64177
v2_ablations/trace/minus_joint_optimization/seed_99/edge_predictions.csv,20353,1d316832611ee9578d50461cd4612ea98205f6e3acc679b4ceb414578533d62f
v2_ablations/trace/minus_joint_optimization/seed_99/explanation_metrics.json,14296,bc24ad2ab47263649d29685b96190bf6090cb1f7c4630ad3358fc4f75ea1bcd5
v2_ablations/trace/minus_joint_optimization/seed_99/metrics.json,1011,cebce6feff2df28a3062167eb3fc5f4507b153f904f0cedf26b2ed882577612d
v2_ablations/trace/minus_joint_optimization/seed_99/node_index.csv,100817,97c14e5580970fc64714d3029ae5346261131b09f3be3f75c352499f313aacd0
v2_ablations/trace/minus_joint_optimization/seed_99/node_predictions.csv,25667,2fe188047c561f173c1274ba8946ddd9f96de301656457b1a814f114b5754583
v2_ablations/trace/minus_joint_optimization/seed_99/robustness_metrics.json,1010,7e6f6e1e220142d19f5b9c51241ec2323e6b9a42d7a926c7f2f9501b0b9187fe
v2_ablations/trace/minus_joint_optimization/seed_99/subgraph_predictions.csv,214,fc848cdb32f31f46ff309becb239eb4da178021371eead113d7cb44d2b874f5f
v2_ablations/trace/minus_joint_optimization/seed_99/training_history.csv,18655,8bdd500764a6042e63191f827f047645c1cfc6faa5e4c12083037e54aabb1b86
v2_ablations/trace/minus_prototype_learning/seed_11/campaign_index.csv,767,e77a2e618de93efde17302018a001c33e37e5319ce49389d9895f227eacc875f
v2_ablations/trace/minus_prototype_learning/seed_11/checkpoint.pt,192245,80f71047393ff0eede28af3b3c368ae0cd6b4abc946c6475fe6a929e137de953
v2_ablations/trace/minus_prototype_learning/seed_11/compactness_validation.json,1517,6519816e0f956efc76f475e7d46b862763cd8d0e02458cddc9b1ee5589ca5ae1
v2_ablations/trace/minus_prototype_learning/seed_11/config_resolved.json,6472,f9ff3ceb55fa3fcf06f625dc4fdc0cbce1f13cc0215cba6842622171a1be6def
v2_ablations/trace/minus_prototype_learning/seed_11/dataset_manifest.json,496,abafe534465f9e297571f21c4a6585dbb23d1b92de83830db6d78f1791b64177
v2_ablations/trace/minus_prototype_learning/seed_11/edge_predictions.csv,20817,68d5624ef539c2d6c5a77a2f7eb901d2e5d0f0dc8ecdca1d0c50dd669680efeb
v2_ablations/trace/minus_prototype_learning/seed_11/explanation_metrics.json,21420,719f40b4a56e0072498cf7a9aa20df1f36f53692a5e07cd670300a629686dc2f
v2_ablations/trace/minus_prototype_learning/seed_11/metrics.json,1073,84fd35cc8e8e55c795dfb2ca8f747879c563e51956698a2c3d87185de0e9d542
v2_ablations/trace/minus_prototype_learning/seed_11/node_index.csv,100817,97c14e5580970fc64714d3029ae5346261131b09f3be3f75c352499f313aacd0
v2_ablations/trace/minus_prototype_learning/seed_11/node_predictions.csv,26101,e25fb60faa2f5122a42df216f529bf1c1c4f9d6b4836a809359ec61a0ca7a608
v2_ablations/trace/minus_prototype_learning/seed_11/robustness_metrics.json,1009,93649f99c0118bc353ffb224d757e482c66c47bb80dab76eceae0fa7c62c0db3
v2_ablations/trace/minus_prototype_learning/seed_11/subgraph_predictions.csv,212,399d162f921a2259fc37b8fbd4e7a94014e08035cdd3834dec286ee7aeb18a1d
v2_ablations/trace/minus_prototype_learning/seed_11/training_history.csv,15775,c092f1b69f06542418ee3f52826f211d03683eafaba2917552a9bf8805aac598
v2_ablations/trace/minus_prototype_learning/seed_110/campaign_index.csv,767,e77a2e618de93efde17302018a001c33e37e5319ce49389d9895f227eacc875f
v2_ablations/trace/minus_prototype_learning/seed_110/checkpoint.pt,192245,61523ef640df3d10a7b36e25d9fdb8a0b3bae2deee3138d659719103fe3e8023
v2_ablations/trace/minus_prototype_learning/seed_110/compactness_validation.json,1607,5477947933c5e5f4b78b24fdc5ecf0a92da0a3a780b12e7a35b9aacc89ce9ab0
v2_ablations/trace/minus_prototype_learning/seed_110/config_resolved.json,6472,e45e1254b609ea58895394d106125760f0fb37235b5e4d5ccf238735e1781c5d
v2_ablations/trace/minus_prototype_learning/seed_110/dataset_manifest.json,496,abafe534465f9e297571f21c4a6585dbb23d1b92de83830db6d78f1791b64177
v2_ablations/trace/minus_prototype_learning/seed_110/edge_predictions.csv,20310,8743124067e979704ce4531bcaae3befd34a752fe29b5755264f97ec8198aaad
v2_ablations/trace/minus_prototype_learning/seed_110/explanation_metrics.json,66978,eb8e7d0e7cc79aca22438a3b31feae50ad7f9360e33c8db92dddf87d75754e55
v2_ablations/trace/minus_prototype_learning/seed_110/metrics.json,1034,03bd34946a9105e4a1dc22ccdb7c6ba560033f1acb895cc3d4307ea6707b38cc
v2_ablations/trace/minus_prototype_learning/seed_110/node_index.csv,100817,97c14e5580970fc64714d3029ae5346261131b09f3be3f75c352499f313aacd0
v2_ablations/trace/minus_prototype_learning/seed_110/node_predictions.csv,26100,dab5a506bbf190b024ed412a7f58a07236da08e809ac2deac18d6949ab738ff4
v2_ablations/trace/minus_prototype_learning/seed_110/robustness_metrics.json,1009,d33555aec178f30bef8472d76bbd7f90e1a984c1a1b58967a59c711a52b255d1
v2_ablations/trace/minus_prototype_learning/seed_110/subgraph_predictions.csv,211,04fdbf71161fce008da1d7969d83d210c41a4a36d318468de6575ebe502f61c5
v2_ablations/trace/minus_prototype_learning/seed_110/training_history.csv,14250,7fc2ab671dc009e100a7ef183011f64e415a8a85edcc8321391c70a0397aced7
v2_ablations/trace/minus_prototype_learning/seed_22/campaign_index.csv,767,e77a2e618de93efde17302018a001c33e37e5319ce49389d9895f227eacc875f
v2_ablations/trace/minus_prototype_learning/seed_22/checkpoint.pt,192245,5e6eebf8d7aba8f64ababfe2944c986680848cec2099d5c6b2c198aa566f7433
v2_ablations/trace/minus_prototype_learning/seed_22/compactness_validation.json,1522,49f367820b00afca51afc3937b1cffabfdde9eaab5f65547cac9c68299e7ca33
v2_ablations/trace/minus_prototype_learning/seed_22/config_resolved.json,6472,d6f59be9eb89cabd43d2ffe38f452f75c10c2ff9afe0a91f0c5aef6babbb9161
v2_ablations/trace/minus_prototype_learning/seed_22/dataset_manifest.json,496,abafe534465f9e297571f21c4a6585dbb23d1b92de83830db6d78f1791b64177
v2_ablations/trace/minus_prototype_learning/seed_22/edge_predictions.csv,21288,8279c35539d660e5a0ff258e4d8da76cfc0fd3543f3e0bd6e5f335d17c6737a8
v2_ablations/trace/minus_prototype_learning/seed_22/explanation_metrics.json,7279,21231168b10ab8638403d254a8a2741e84a8ede60465f01938a9c65e192e0f44
v2_ablations/trace/minus_prototype_learning/seed_22/metrics.json,1012,80a187e8f4200f15d2d161e0e0dee6b77ca8787c8de1eae304dbd1c954da3bc6
v2_ablations/trace/minus_prototype_learning/seed_22/node_index.csv,100817,97c14e5580970fc64714d3029ae5346261131b09f3be3f75c352499f313aacd0
v2_ablations/trace/minus_prototype_learning/seed_22/node_predictions.csv,25829,e74377e8671504985fad6085e110b4d6008616c7e46931929f3d80b90b0da104
v2_ablations/trace/minus_prototype_learning/seed_22/robustness_metrics.json,1010,0a848db721d64e3903191d4b62ed886b390df8ad1106606d78d00e1830b4cdc5
v2_ablations/trace/minus_prototype_learning/seed_22/subgraph_predictions.csv,212,cbcf35bd36a5f3908d5cabae512424591eff33f58f88491fd5e50d850c5ecc14
v2_ablations/trace/minus_prototype_learning/seed_22/training_history.csv,19204,cd28509ec3b892293b32ae198b66bc62ccc66de92ae7c34e27b062f2a1cad0c0
v2_ablations/trace/minus_prototype_learning/seed_33/campaign_index.csv,767,e77a2e618de93efde17302018a001c33e37e5319ce49389d9895f227eacc875f
v2_ablations/trace/minus_prototype_learning/seed_33/checkpoint.pt,192245,359e433579fa3dad18e87f2428be8c63bd7da8a9bf788dbaf2d7d8e110b859d0
v2_ablations/trace/minus_prototype_learning/seed_33/compactness_validation.json,1610,7de37b67ee41e5c25fc984ca908156437ba1a3f9b90a5bfa65f03c6a3456e662
v2_ablations/trace/minus_prototype_learning/seed_33/config_resolved.json,6471,3edac4062a0cf820e881a965f64630f0aa93df1eb79cf95716bd43dd077d1659
v2_ablations/trace/minus_prototype_learning/seed_33/dataset_manifest.json,496,abafe534465f9e297571f21c4a6585dbb23d1b92de83830db6d78f1791b64177
v2_ablations/trace/minus_prototype_learning/seed_33/edge_predictions.csv,20354,b66faf8d1c6cb2a37a17ee1b9e4a769e92d9327d27477f7c8a331a3bd8cf0d86
v2_ablations/trace/minus_prototype_learning/seed_33/explanation_metrics.json,60338,ae67b3f88ce4d91dd7fc941dfbce4f963ea9d3d657826b0c1a33485dfbf5183a
v2_ablations/trace/minus_prototype_learning/seed_33/metrics.json,1074,10f5b0108dd38af1d2024f9c6f60277a2eed26e8561ed6ecca62c0ddc4a30a00
v2_ablations/trace/minus_prototype_learning/seed_33/node_index.csv,100817,97c14e5580970fc64714d3029ae5346261131b09f3be3f75c352499f313aacd0
v2_ablations/trace/minus_prototype_learning/seed_33/node_predictions.csv,25828,37794c413da77f66fc6f0e3ebb686f17ef37ae2499482525705a766e772ddd1e
v2_ablations/trace/minus_prototype_learning/seed_33/robustness_metrics.json,1008,1aa4b2f5b5f303683d9734a384beaf28fb458a18d1d3412e36405bb789a0dd2d
v2_ablations/trace/minus_prototype_learning/seed_33/subgraph_predictions.csv,212,9fb012ddbb52c3c6ab10435d569bde46f08130c554cb408eb6ed255c5562ebc9
v2_ablations/trace/minus_prototype_learning/seed_33/training_history.csv,14227,5bb6b6db53073dbacde4bb67c2c1a23f3079ff5f1cf09e07b72f40f1a400b974
v2_ablations/trace/minus_prototype_learning/seed_44/campaign_index.csv,767,e77a2e618de93efde17302018a001c33e37e5319ce49389d9895f227eacc875f
v2_ablations/trace/minus_prototype_learning/seed_44/checkpoint.pt,192245,566fd5c147fd60246df2b998706f73686d5953aed9361b5d8c804f73f4a21bbe
v2_ablations/trace/minus_prototype_learning/seed_44/compactness_validation.json,1509,f9bd564288448d3f6e72a3280e140888c293d10824f4b2454fa3084d8de6e7ad
v2_ablations/trace/minus_prototype_learning/seed_44/config_resolved.json,6472,9f36104739f0faadba4cd42ae280cd00e6d114ce4df0db5024fcf65d65c8d10c
v2_ablations/trace/minus_prototype_learning/seed_44/dataset_manifest.json,496,abafe534465f9e297571f21c4a6585dbb23d1b92de83830db6d78f1791b64177
v2_ablations/trace/minus_prototype_learning/seed_44/edge_predictions.csv,21105,b3a859a64af375973e77ead59b1a49ef36dd017e75dc7a369e1d96f2c3d3ad82
v2_ablations/trace/minus_prototype_learning/seed_44/explanation_metrics.json,19013,468e499edb635cc97b1ea669cbc92df344ce896f56b59805921a462591126843
v2_ablations/trace/minus_prototype_learning/seed_44/metrics.json,1015,894982795962d7773aa9687700d1c01e812fc2b83ac24920f342d1c79f96597c
v2_ablations/trace/minus_prototype_learning/seed_44/node_index.csv,100817,97c14e5580970fc64714d3029ae5346261131b09f3be3f75c352499f313aacd0
v2_ablations/trace/minus_prototype_learning/seed_44/node_predictions.csv,25811,409e032089ee3f695b09208469e1e980ad4ff9682d2e073812ed89b87ece345f
v2_ablations/trace/minus_prototype_learning/seed_44/robustness_metrics.json,1009,d1b88c3ae0df37f5bd3dc19572c94773a6309e913eebfac0b2513e4cab25507b
v2_ablations/trace/minus_prototype_learning/seed_44/subgraph_predictions.csv,214,7f95adab3ff3911f00f182a29041605641792fe7db053d66b3d3c9bf5b21d9fa
v2_ablations/trace/minus_prototype_learning/seed_44/training_history.csv,19192,6de6796c94362642b0e6d04bd42cf881d3875ba29fd89fa30dccce43b0247cf4
v2_ablations/trace/minus_prototype_learning/seed_55/campaign_index.csv,767,e77a2e618de93efde17302018a001c33e37e5319ce49389d9895f227eacc875f
v2_ablations/trace/minus_prototype_learning/seed_55/checkpoint.pt,192245,ad49a044f5e7518e2135ffbac1fa16fed7d1b46641717ed399d83494e8e52598
v2_ablations/trace/minus_prototype_learning/seed_55/compactness_validation.json,1524,8a85692f1199455ebfce552f57bf7188d4e6ed159dfc8883d533b5ee673581d7
v2_ablations/trace/minus_prototype_learning/seed_55/config_resolved.json,6472,46b061687bb189d04049739753312c828b73a395890baa181cbce9f0645ab102
v2_ablations/trace/minus_prototype_learning/seed_55/dataset_manifest.json,496,abafe534465f9e297571f21c4a6585dbb23d1b92de83830db6d78f1791b64177
v2_ablations/trace/minus_prototype_learning/seed_55/edge_predictions.csv,21165,0325f32dc8309affd7ffab76867233d722704275f01bf7c07a51d7442aebdbc5
v2_ablations/trace/minus_prototype_learning/seed_55/explanation_metrics.json,19114,07a0fdd8043ca020da9ef07acd0b0cef5c3301b34cf05e3b531cfcb018ea76ee
v2_ablations/trace/minus_prototype_learning/seed_55/metrics.json,1028,1115b598741b17544fdb2e9c8b0b94bd26c596d8d58082c48daea796ce6b7bd3
v2_ablations/trace/minus_prototype_learning/seed_55/node_index.csv,100817,97c14e5580970fc64714d3029ae5346261131b09f3be3f75c352499f313aacd0
v2_ablations/trace/minus_prototype_learning/seed_55/node_predictions.csv,25851,e334b19a3eab2658934773f163a08ae9ed44a16bafbafaaabbdd491228e2865b
v2_ablations/trace/minus_prototype_learning/seed_55/robustness_metrics.json,1009,887518e9dff7af9aa62dabef851e7b1a401fba3100389f7240efa47bb2d37ec7
v2_ablations/trace/minus_prototype_learning/seed_55/subgraph_predictions.csv,212,14337a96ac2011fe379f8a2b7046b5ff83ccc02d106f6ab82b6c21afffec67c5
v2_ablations/trace/minus_prototype_learning/seed_55/training_history.csv,19155,2b04b449be7dc328021d396e1c264dd213f97fa100befa9dc23753df3896c4b9
v2_ablations/trace/minus_prototype_learning/seed_66/campaign_index.csv,767,e77a2e618de93efde17302018a001c33e37e5319ce49389d9895f227eacc875f
v2_ablations/trace/minus_prototype_learning/seed_66/checkpoint.pt,192245,314f154132299b0cd0955b86543ae7f13ac1bddff0046a23cc29282ed1f056fe
v2_ablations/trace/minus_prototype_learning/seed_66/compactness_validation.json,1521,2e6222f75e2ed168b775a1c7f82109f1caf4996b0186b0ca6adc5b6dca9c82e7
v2_ablations/trace/minus_prototype_learning/seed_66/config_resolved.json,6472,a1a516d634c1dff322a64ed25b2fc80f96700dbf90120e2cd5a5d8128f05ce3c
v2_ablations/trace/minus_prototype_learning/seed_66/dataset_manifest.json,496,abafe534465f9e297571f21c4a6585dbb23d1b92de83830db6d78f1791b64177
v2_ablations/trace/minus_prototype_learning/seed_66/edge_predictions.csv,20853,c79c3e672897a7798ad0fa2bfd05e02850d6a3814274957b879fb304c7e9daf4
v2_ablations/trace/minus_prototype_learning/seed_66/explanation_metrics.json,18925,e66279bae3a43fbed155896a48ffe3ee82d61b93463f61a033c9fb4c75984363
v2_ablations/trace/minus_prototype_learning/seed_66/metrics.json,1032,ee35d5690385db834e9aa4f4431afa10230ccad475692131e219b82e5d224e4e
v2_ablations/trace/minus_prototype_learning/seed_66/node_index.csv,100817,97c14e5580970fc64714d3029ae5346261131b09f3be3f75c352499f313aacd0
v2_ablations/trace/minus_prototype_learning/seed_66/node_predictions.csv,25814,9140bfdf6dceeb15d88bf0b6092c1d277ddb248aec720b10ce3a641a95b8e1bf
v2_ablations/trace/minus_prototype_learning/seed_66/robustness_metrics.json,1009,e9ca911b5350ccedef24d86e6d91ae0d5af058722f23635a9dc9aeb0f75a7857
v2_ablations/trace/minus_prototype_learning/seed_66/subgraph_predictions.csv,214,0cec233b72726bba73f720d4b75f81a3d6d7636008544eb3069d387bed031d61
v2_ablations/trace/minus_prototype_learning/seed_66/training_history.csv,16495,125812dff0fd23740a485c88867af8c6597fbd31d39dc8bff0a6e1ef5732e42d
v2_ablations/trace/minus_prototype_learning/seed_77/campaign_index.csv,767,e77a2e618de93efde17302018a001c33e37e5319ce49389d9895f227eacc875f
v2_ablations/trace/minus_prototype_learning/seed_77/checkpoint.pt,192245,ce19458065953f5cfa045b06a73d08546b52f6a075d83c48ea043a8fd762b1b2
v2_ablations/trace/minus_prototype_learning/seed_77/compactness_validation.json,1604,1943008e21a8ae1aec5b1db01c5b843ff14275818cf6b3f13c8a14182059d148
v2_ablations/trace/minus_prototype_learning/seed_77/config_resolved.json,6472,3bbc162069757299bf2be852fa55138d4ffe0c464d866be17b12ca63ee62eeb8
v2_ablations/trace/minus_prototype_learning/seed_77/dataset_manifest.json,496,abafe534465f9e297571f21c4a6585dbb23d1b92de83830db6d78f1791b64177
v2_ablations/trace/minus_prototype_learning/seed_77/edge_predictions.csv,20843,b5ab66fc9c1220183334b0469ba2c4cb31c1962254632ea813ebbca7f7d57fb7
v2_ablations/trace/minus_prototype_learning/seed_77/explanation_metrics.json,41726,8e82c14f38008f719b0c3dec295648b8c011b41104b2f014c85caeb665a358de
v2_ablations/trace/minus_prototype_learning/seed_77/metrics.json,1046,b198bf89b04907eec7643587ab9e93ac522ddb51d9c0a2931005567baddfb899
v2_ablations/trace/minus_prototype_learning/seed_77/node_index.csv,100817,97c14e5580970fc64714d3029ae5346261131b09f3be3f75c352499f313aacd0
v2_ablations/trace/minus_prototype_learning/seed_77/node_predictions.csv,26034,b14eda9be63716232e77634c75fe813b740d66f0e66e163b897d664f226cc957
v2_ablations/trace/minus_prototype_learning/seed_77/robustness_metrics.json,1008,497b86c1237c4721e7707adefe594cffbac7c2cef31c64e4bed31fd990f93955
v2_ablations/trace/minus_prototype_learning/seed_77/subgraph_predictions.csv,212,1b3710de076f3179b93bd4b327828961d46db45c13b35f746e9df229448872f1
v2_ablations/trace/minus_prototype_learning/seed_77/training_history.csv,17242,6b3e6a33199267011d992d2cf7db7f32c5212be4673be0012adc068cf2b220ca
v2_ablations/trace/minus_prototype_learning/seed_88/campaign_index.csv,767,e77a2e618de93efde17302018a001c33e37e5319ce49389d9895f227eacc875f
v2_ablations/trace/minus_prototype_learning/seed_88/checkpoint.pt,192245,ca37f13920dbfbf808e94cc512f4b0aedf29439823bface14c2f3bd8621e52bb
v2_ablations/trace/minus_prototype_learning/seed_88/compactness_validation.json,1595,e13481cea3ee41101ce76c6f4897bcd27b804930ac67b90c9c978271637b49e6
v2_ablations/trace/minus_prototype_learning/seed_88/config_resolved.json,6471,40620738463406bbaf5abec2a910e90fa66d5670b2bac7c76317095678ffd3f3
v2_ablations/trace/minus_prototype_learning/seed_88/dataset_manifest.json,496,abafe534465f9e297571f21c4a6585dbb23d1b92de83830db6d78f1791b64177
v2_ablations/trace/minus_prototype_learning/seed_88/edge_predictions.csv,20981,3bab5425184c767535bde8b20a6cfea3373aa9f9f035bc8eeb752b137871cbe5
v2_ablations/trace/minus_prototype_learning/seed_88/explanation_metrics.json,40087,cd7f5d844c07d237706ceffdfc0a0b6dac87b5103abc64987bdd300df6fd926f
v2_ablations/trace/minus_prototype_learning/seed_88/metrics.json,1031,61e876472e0077a1abf842c937fead0ec34e84750da85a1f98282cc5eb3ba271
v2_ablations/trace/minus_prototype_learning/seed_88/node_index.csv,100817,97c14e5580970fc64714d3029ae5346261131b09f3be3f75c352499f313aacd0
v2_ablations/trace/minus_prototype_learning/seed_88/node_predictions.csv,25868,84bd7da34ca6abd9cb2697041018f31554474bb6444a4fa1c88afdd65b21180a
v2_ablations/trace/minus_prototype_learning/seed_88/robustness_metrics.json,1024,e0b36a90845f4aa4dd1125f80c8d0ffc3c2270e52b22f7f0b76c3023fee41ff9
v2_ablations/trace/minus_prototype_learning/seed_88/subgraph_predictions.csv,211,fd3eae93cd35b5d315ecf06fd4824118adfcf61af52139a347409dce658269d8
v2_ablations/trace/minus_prototype_learning/seed_88/training_history.csv,19130,3ca9b52bea224b353c516201b70b0d7d77bf9718b0c6ec0b37cff858315a3e52
v2_ablations/trace/minus_prototype_learning/seed_99/campaign_index.csv,767,e77a2e618de93efde17302018a001c33e37e5319ce49389d9895f227eacc875f
v2_ablations/trace/minus_prototype_learning/seed_99/checkpoint.pt,192245,78d49faf11f04120fbfa5b1956746260a37f945c92c211072787796a427312e0
v2_ablations/trace/minus_prototype_learning/seed_99/compactness_validation.json,1465,a9fbf48fe71c67e5d2baa46e84632c6a99974c77c8c91c6d502308e82cbe4493
v2_ablations/trace/minus_prototype_learning/seed_99/config_resolved.json,6465,86a2e2bc6c32c495d8736a4e26909c21c1a0f48fadcb8793c8f8443b20258e76
v2_ablations/trace/minus_prototype_learning/seed_99/dataset_manifest.json,496,abafe534465f9e297571f21c4a6585dbb23d1b92de83830db6d78f1791b64177
v2_ablations/trace/minus_prototype_learning/seed_99/edge_predictions.csv,20371,2ff8af78a701a2f5f63588748bc4c00384f08d02d61c48f79c76a512dec3526d
v2_ablations/trace/minus_prototype_learning/seed_99/explanation_metrics.json,11932,4c53b6127dad93a01f9d32b06367a928e9d3a69702fd5c065165d48fa992301a
v2_ablations/trace/minus_prototype_learning/seed_99/metrics.json,1040,da883300a5bae7bf965362e38fb69acf2c2c46ee78d98958dd03d3f1c74b96e8
v2_ablations/trace/minus_prototype_learning/seed_99/node_index.csv,100817,97c14e5580970fc64714d3029ae5346261131b09f3be3f75c352499f313aacd0
v2_ablations/trace/minus_prototype_learning/seed_99/node_predictions.csv,26090,6fd107285dfcf4ae3e035114c838941dbff2f81a5d0a3e658fa8d8e20cb06690
v2_ablations/trace/minus_prototype_learning/seed_99/robustness_metrics.json,1009,d67f7057d18c4169c79654212378c82e41b3e2934f6f97a094082b2d94112b58
v2_ablations/trace/minus_prototype_learning/seed_99/subgraph_predictions.csv,213,5a0df3954bcaf221bc96fe355205f885862987da64f5796b92fcfca2d2b190a0
v2_ablations/trace/minus_prototype_learning/seed_99/training_history.csv,16452,6f2c4f4caf03190b398a8a3cd3a1fa5c8dd7c3fc3b251284fea7ca48c1867767
v2_ablations/trace/minus_temporal_attention/seed_11/campaign_index.csv,767,e77a2e618de93efde17302018a001c33e37e5319ce49389d9895f227eacc875f
v2_ablations/trace/minus_temporal_attention/seed_11/checkpoint.pt,192245,3b18b439d594b5df4aa60bab36da6dd850bdb2edb68222c1618601c5202a36fe
v2_ablations/trace/minus_temporal_attention/seed_11/compactness_validation.json,1514,8107837fb4975d830c073ff00ceb1ecdba2180a2b130a2d3aba84bd8e3f46fbe
v2_ablations/trace/minus_temporal_attention/seed_11/config_resolved.json,6472,1e21ae68bb14cc23c566f069df91ed9a88044be2bdc6e7873d8ba966a3e2199a
v2_ablations/trace/minus_temporal_attention/seed_11/dataset_manifest.json,496,abafe534465f9e297571f21c4a6585dbb23d1b92de83830db6d78f1791b64177
v2_ablations/trace/minus_temporal_attention/seed_11/edge_predictions.csv,21517,42520df92a829402c429a4028b0b79b51f6530b44c741b12ff418a09b3437935
v2_ablations/trace/minus_temporal_attention/seed_11/explanation_metrics.json,7221,2fea29bc41ffe47e78834c5601b7781e456a54ba85c236749b50ff13f3a9884c
v2_ablations/trace/minus_temporal_attention/seed_11/metrics.json,1043,10b6c09eefc79f671ed583fac4ab0f5bd2835c84b2aaf80ce0514403733ebb96
v2_ablations/trace/minus_temporal_attention/seed_11/node_index.csv,100817,97c14e5580970fc64714d3029ae5346261131b09f3be3f75c352499f313aacd0
v2_ablations/trace/minus_temporal_attention/seed_11/node_predictions.csv,25782,dd63aee5c0adc9bf4c1a428944d9a7eee65997fe2e9c157b061e14613bdc0f83
v2_ablations/trace/minus_temporal_attention/seed_11/robustness_metrics.json,978,4f21b9f65e8728220bb2ba7bcb36130278ccf1e2a058fa4806236e7a838cad36
v2_ablations/trace/minus_temporal_attention/seed_11/subgraph_predictions.csv,214,d0ba0a3e53500e45e33063fb1c6c1e3394c4da006e4fa6a50b7cf804b6f607d0
v2_ablations/trace/minus_temporal_attention/seed_11/training_history.csv,17328,6b26c6253acd80e33718c7162142aa9b4516d3c9dedd645337fcdebdecfff67e
v2_ablations/trace/minus_temporal_attention/seed_110/campaign_index.csv,767,e77a2e618de93efde17302018a001c33e37e5319ce49389d9895f227eacc875f
v2_ablations/trace/minus_temporal_attention/seed_110/checkpoint.pt,192245,da8b872eea5b2232c849ac09f83a7ac7f5f9bea8f7007518f850f67926baf867
v2_ablations/trace/minus_temporal_attention/seed_110/compactness_validation.json,1606,afe731db154162516650e3326a92b6ccf0cbfa79214c4726d1db029813e6ee05
v2_ablations/trace/minus_temporal_attention/seed_110/config_resolved.json,6472,918e268369c6a507e70c344217e08f1f8bafa06a64cb00638d162971bea28c8e
v2_ablations/trace/minus_temporal_attention/seed_110/dataset_manifest.json,496,abafe534465f9e297571f21c4a6585dbb23d1b92de83830db6d78f1791b64177
v2_ablations/trace/minus_temporal_attention/seed_110/edge_predictions.csv,20672,2c829c51d92a63378fcc8bf21508ae0ae31b82516e05ce1b6b2a6443594c2b12
v2_ablations/trace/minus_temporal_attention/seed_110/explanation_metrics.json,39314,d538555ead15ad1a4c39ae174c6c429621fd46c128539b8c3ae4f9efc1d8ec5d
v2_ablations/trace/minus_temporal_attention/seed_110/metrics.json,1075,9a956ee34e504413a790a4cc1771f6a5406f5d9795e34a87204d05b5b429d890
v2_ablations/trace/minus_temporal_attention/seed_110/node_index.csv,100817,97c14e5580970fc64714d3029ae5346261131b09f3be3f75c352499f313aacd0
v2_ablations/trace/minus_temporal_attention/seed_110/node_predictions.csv,25302,be8a04878d119334d2059457fb61a4530807fdb8d6b25bd87d10f45f0cd7624f
v2_ablations/trace/minus_temporal_attention/seed_110/robustness_metrics.json,1008,67ea2e5562dad9132974bf7b6893ec06410070c449bc2e953f2f4c546ab2f6d2
v2_ablations/trace/minus_temporal_attention/seed_110/subgraph_predictions.csv,212,ab4be292646dcb8beabfd0e80d85e83eb939d46e7d767b4926d6b27c68d812c6
v2_ablations/trace/minus_temporal_attention/seed_110/training_history.csv,14912,0ce49d7e98981171468c50a219bd18384c752640a5a6c18195ea5266c1d4fe75
v2_ablations/trace/minus_temporal_attention/seed_22/campaign_index.csv,767,e77a2e618de93efde17302018a001c33e37e5319ce49389d9895f227eacc875f
v2_ablations/trace/minus_temporal_attention/seed_22/checkpoint.pt,192245,4b5486cf4ec5fa0605f09caf71f86f9e0df2122dcb80369ea53f373be9a7808b
v2_ablations/trace/minus_temporal_attention/seed_22/compactness_validation.json,1521,c574f03dd0e51331550fbaafaec21ab604d572e8c8cddb0def89b197b5259b2b
v2_ablations/trace/minus_temporal_attention/seed_22/config_resolved.json,6472,e77cd6fd9535fbcf98bb2a19849febc25db4fbb3a0f8409d10b71cf32e781733
v2_ablations/trace/minus_temporal_attention/seed_22/dataset_manifest.json,496,abafe534465f9e297571f21c4a6585dbb23d1b92de83830db6d78f1791b64177
v2_ablations/trace/minus_temporal_attention/seed_22/edge_predictions.csv,21142,d6a5d41ba7a9298d9c1b24a72e85888f9b04fc24f0ad5d49869ad50321bb0b72
v2_ablations/trace/minus_temporal_attention/seed_22/explanation_metrics.json,9622,01862f947fc3e9297b796f9502e0eec538d8bbd2cecdd0b23601025124a699aa
v2_ablations/trace/minus_temporal_attention/seed_22/metrics.json,1027,81fa95d7e4db3b4caef8694cf203dba084f8e67fd245c971afe67bf49f03dc35
v2_ablations/trace/minus_temporal_attention/seed_22/node_index.csv,100817,97c14e5580970fc64714d3029ae5346261131b09f3be3f75c352499f313aacd0
v2_ablations/trace/minus_temporal_attention/seed_22/node_predictions.csv,26016,b8bc80bcfb1a09f50a3ce596cfc760ef2378bf74bf57c36d5c10d0bdaa18bf24
v2_ablations/trace/minus_temporal_attention/seed_22/robustness_metrics.json,1009,b3e521dd22a8540bd00ab584786d2de85ca32238825d87e78a83d08793c50258
v2_ablations/trace/minus_temporal_attention/seed_22/subgraph_predictions.csv,213,19501d0771c39e6b05a9b2ab9207ac5e4d50c9126d4022e161328817db60b5f9
v2_ablations/trace/minus_temporal_attention/seed_22/training_history.csv,17337,776bdbf3c4b8a92bf24f78fefed994e459b2a4d8526a9dc0dcdd854159ebc8e6
v2_ablations/trace/minus_temporal_attention/seed_33/campaign_index.csv,767,e77a2e618de93efde17302018a001c33e37e5319ce49389d9895f227eacc875f
v2_ablations/trace/minus_temporal_attention/seed_33/checkpoint.pt,192245,20f3eea65f9c386e25d661bf77d78a510c3b2235bf619b9950641de9ecd9b18f
v2_ablations/trace/minus_temporal_attention/seed_33/compactness_validation.json,1516,f3ebcc4a4042062fea0ede34f5457d5903fd4d3c23e171036ac50b6ab05f26a3
v2_ablations/trace/minus_temporal_attention/seed_33/config_resolved.json,6472,6333b1f3d61ce9122733201932b3a5172cfaac738b8b60fefde05eb59dfdc92b
v2_ablations/trace/minus_temporal_attention/seed_33/dataset_manifest.json,496,abafe534465f9e297571f21c4a6585dbb23d1b92de83830db6d78f1791b64177
v2_ablations/trace/minus_temporal_attention/seed_33/edge_predictions.csv,21014,36da118b0022577b39db8a3f885cd2ce2370895298f7b08a71cd7e2b5626d8ff
v2_ablations/trace/minus_temporal_attention/seed_33/explanation_metrics.json,19058,f98e99961ce03099b6bc09f9c4008c9e1df33cba80d1b0d1afd1e19862c5f27f
v2_ablations/trace/minus_temporal_attention/seed_33/metrics.json,1047,4370fde99067aeb5378be2410920ac720d013335d60e54710bd9541155018381
v2_ablations/trace/minus_temporal_attention/seed_33/node_index.csv,100817,97c14e5580970fc64714d3029ae5346261131b09f3be3f75c352499f313aacd0
v2_ablations/trace/minus_temporal_attention/seed_33/node_predictions.csv,25558,7c8359604d6f38bfe37c4156f8fe3dac97b1b3cd83d8380f882c26a210aae6fe
v2_ablations/trace/minus_temporal_attention/seed_33/robustness_metrics.json,1008,1c3f8c45a8a2088b36ba533de564770b5a0cf8200676cd64b46ade1ad12b5786
v2_ablations/trace/minus_temporal_attention/seed_33/subgraph_predictions.csv,212,da129e1bc43beb8357587d097edb1a5c571a8c089b8c3e7cba27293bb3465b7e
v2_ablations/trace/minus_temporal_attention/seed_33/training_history.csv,17324,6cbaf4a1096db2cc4b269b77f0a9a3ad8193d9849034e8151cfb4f0c6f93a58e
v2_ablations/trace/minus_temporal_attention/seed_44/campaign_index.csv,767,e77a2e618de93efde17302018a001c33e37e5319ce49389d9895f227eacc875f
v2_ablations/trace/minus_temporal_attention/seed_44/checkpoint.pt,192245,512143ca9d8d745d7e3d4bbf55d57b86e6d9609a7c0fcc883ffd173310909889
v2_ablations/trace/minus_temporal_attention/seed_44/compactness_validation.json,1510,09dcf3e955af0f5872a709e084a2827869840c8ed7c8f51f9ae9632abe9e8d95
v2_ablations/trace/minus_temporal_attention/seed_44/config_resolved.json,6472,ddaa4f1485309206ef9fcaabbf67413268f7ef2e637a92f648faba32e507b8ef
v2_ablations/trace/minus_temporal_attention/seed_44/dataset_manifest.json,496,abafe534465f9e297571f21c4a6585dbb23d1b92de83830db6d78f1791b64177
v2_ablations/trace/minus_temporal_attention/seed_44/edge_predictions.csv,21163,cef9ea55a89e6af604b6dee0d430a6b2e7b6a56f9d445bf327e5c648d7ea025e
v2_ablations/trace/minus_temporal_attention/seed_44/explanation_metrics.json,18999,b77554060b6c45c2f3e9ee7b4b31d61257990a5646e0b0d47eddbd702b610bae
v2_ablations/trace/minus_temporal_attention/seed_44/metrics.json,1044,b7c548ef670281c56d88088c32108088de8dbef485c0e17aef10911bd16d746b
v2_ablations/trace/minus_temporal_attention/seed_44/node_index.csv,100817,97c14e5580970fc64714d3029ae5346261131b09f3be3f75c352499f313aacd0
v2_ablations/trace/minus_temporal_attention/seed_44/node_predictions.csv,25890,51e3530c967509622667fba03c3916b05346333ceb337a08ceccf62540d67c3e
v2_ablations/trace/minus_temporal_attention/seed_44/robustness_metrics.json,1009,31c936e45d068af2308a2cd3bbb715259658e0c1e75065339942a3b151ec9d6a
v2_ablations/trace/minus_temporal_attention/seed_44/subgraph_predictions.csv,210,0670c876ee184e04091d855444a0603b55d3e8bbb916ea7cdaf5c1c829a36f05
v2_ablations/trace/minus_temporal_attention/seed_44/training_history.csv,17348,478456d5ba659c3fe9bbea893a77c2c90ac19fc3ae5e9ab78086f6c05612ab1a
v2_ablations/trace/minus_temporal_attention/seed_55/campaign_index.csv,767,e77a2e618de93efde17302018a001c33e37e5319ce49389d9895f227eacc875f
v2_ablations/trace/minus_temporal_attention/seed_55/checkpoint.pt,192245,595c8e2d6c2a0f93eecd91dcf74d172ab350d48847773c086c156e6935b75d84
v2_ablations/trace/minus_temporal_attention/seed_55/compactness_validation.json,1525,df95124ea01b7700b9432908d45ef3cd31d7ed07c518f7275869fade2cbc8690
v2_ablations/trace/minus_temporal_attention/seed_55/config_resolved.json,6472,519269ae24647196133a11b55d73348886801075554a03082a5e96b7d8a1986a
v2_ablations/trace/minus_temporal_attention/seed_55/dataset_manifest.json,496,abafe534465f9e297571f21c4a6585dbb23d1b92de83830db6d78f1791b64177
v2_ablations/trace/minus_temporal_attention/seed_55/edge_predictions.csv,21191,dab99f55c37017c3270c764a4aeca926b4ad6b206e7c6e6a82fd88db04267494
v2_ablations/trace/minus_temporal_attention/seed_55/explanation_metrics.json,12057,b378f81718b661b2ddd5aa3b74077574d27237f351eb5786c087a34e82bbac33
v2_ablations/trace/minus_temporal_attention/seed_55/metrics.json,968,8925ae8a10aca6a2a5baad47649eabb9cc3aa0b3ed6bceb37346a415dcae94ae
v2_ablations/trace/minus_temporal_attention/seed_55/node_index.csv,100817,97c14e5580970fc64714d3029ae5346261131b09f3be3f75c352499f313aacd0
v2_ablations/trace/minus_temporal_attention/seed_55/node_predictions.csv,25826,397cbf432d78130af86da6497787fdcc7b3b374e97bbfcdfd9ffc0ba631275a7
v2_ablations/trace/minus_temporal_attention/seed_55/robustness_metrics.json,996,0d5c3a4efd0b3695147f882ca9345b12edc436496d082273e3c1b92596065a4f
v2_ablations/trace/minus_temporal_attention/seed_55/subgraph_predictions.csv,213,43b0d4073b204c4e549094d434e82965c8d3d1d60767db1e8111c47b0342b92e
v2_ablations/trace/minus_temporal_attention/seed_55/training_history.csv,17326,b10543bac4fc3baaf32b83c56aa882ef55f2d713b489310a025a0de0bb68566a
v2_ablations/trace/minus_temporal_attention/seed_66/campaign_index.csv,767,e77a2e618de93efde17302018a001c33e37e5319ce49389d9895f227eacc875f
v2_ablations/trace/minus_temporal_attention/seed_66/checkpoint.pt,192245,0760c258262ddeb359706e604a7fae58ea6722510d968febb578763b1d87244f
v2_ablations/trace/minus_temporal_attention/seed_66/compactness_validation.json,1524,afc4ee1be69e03c4312723aa5c1be2f2eb712cfd663810bf6256082748afe571
v2_ablations/trace/minus_temporal_attention/seed_66/config_resolved.json,6472,d91b37c0cdf014dc271fd5b882185b0754a913e377b82a07e46c9774daa5b3d3
v2_ablations/trace/minus_temporal_attention/seed_66/dataset_manifest.json,496,abafe534465f9e297571f21c4a6585dbb23d1b92de83830db6d78f1791b64177
v2_ablations/trace/minus_temporal_attention/seed_66/edge_predictions.csv,20919,997d47d3fca234a8dc1aebb47dfec379ca41d6f8edc69d4f956234299d152c60
v2_ablations/trace/minus_temporal_attention/seed_66/explanation_metrics.json,18934,43ee01afb94aabefb05ea42900f3f6d764ebb9b3644e96907c2b942a58952240
v2_ablations/trace/minus_temporal_attention/seed_66/metrics.json,1059,ad367288b920cd92567afedb8e61eb313c06f343691c26e6a75f1f0c0cbc7bbe
v2_ablations/trace/minus_temporal_attention/seed_66/node_index.csv,100817,97c14e5580970fc64714d3029ae5346261131b09f3be3f75c352499f313aacd0
v2_ablations/trace/minus_temporal_attention/seed_66/node_predictions.csv,25924,8b0df88ac63f55c592e9a1334a51639c52190bae709ae21f102dc5f32af0a137
v2_ablations/trace/minus_temporal_attention/seed_66/robustness_metrics.json,1009,a586462e692edbfe1ee675eb9cd9f89f4ccc61fecba139612f7d8ca5318a9c75
v2_ablations/trace/minus_temporal_attention/seed_66/subgraph_predictions.csv,212,14f669185b6d090c3d50f4ec7e8d522942d5fec4b7e9f86e40d1445fbef48b96
v2_ablations/trace/minus_temporal_attention/seed_66/training_history.csv,15607,e1fd1429bc9ea0a927312068120cd04c91a872ed0c7c9fbbff69e3a667033f14
v2_ablations/trace/minus_temporal_attention/seed_77/campaign_index.csv,767,e77a2e618de93efde17302018a001c33e37e5319ce49389d9895f227eacc875f
v2_ablations/trace/minus_temporal_attention/seed_77/checkpoint.pt,192245,62933b7c842fd240f5c4287b19bca9749a6ac7da02f268131688c028f8e315cf
v2_ablations/trace/minus_temporal_attention/seed_77/compactness_validation.json,1508,61ba23d16a14be99776c9326779f32271e2f821da8416713c80fd0c76251f9cb
v2_ablations/trace/minus_temporal_attention/seed_77/config_resolved.json,6472,786175b94055a2ed0efd5a3d4bbef1313414ff33b206f55aad2c82741f906a11
v2_ablations/trace/minus_temporal_attention/seed_77/dataset_manifest.json,496,abafe534465f9e297571f21c4a6585dbb23d1b92de83830db6d78f1791b64177
v2_ablations/trace/minus_temporal_attention/seed_77/edge_predictions.csv,20916,fd2e2ada6d10a6bd619892be6385ae87e8b7520eed74a757ee7c221184120611
v2_ablations/trace/minus_temporal_attention/seed_77/explanation_metrics.json,26006,3d677d15daa351aba7ed2b50f914638590e2a914ba47a4d19c629ce3759544a2
v2_ablations/trace/minus_temporal_attention/seed_77/metrics.json,1041,f544b3508457a2fec402f03d0d8f08964095fe086bb0fdeb8f3f823f40ea97e0
v2_ablations/trace/minus_temporal_attention/seed_77/node_index.csv,100817,97c14e5580970fc64714d3029ae5346261131b09f3be3f75c352499f313aacd0
v2_ablations/trace/minus_temporal_attention/seed_77/node_predictions.csv,25786,c37ac2e83cadce01223c21e9fdb2f7394457e0ec2728f7985953c3ad810524e8
v2_ablations/trace/minus_temporal_attention/seed_77/robustness_metrics.json,1009,3e6d2169e5251787943b877cc782e5db104a51d37a9b927e5689f3e375c6187c
v2_ablations/trace/minus_temporal_attention/seed_77/subgraph_predictions.csv,211,bcb1543a1355c549f1a31ce09badb32e4376445f4b1961732085e1bcee195cac
v2_ablations/trace/minus_temporal_attention/seed_77/training_history.csv,15630,9c5725448d0bb1c9a154aa60b10080bc19fa24106c682523d9726d348c656d9e
v2_ablations/trace/minus_temporal_attention/seed_88/campaign_index.csv,767,e77a2e618de93efde17302018a001c33e37e5319ce49389d9895f227eacc875f
v2_ablations/trace/minus_temporal_attention/seed_88/checkpoint.pt,192245,949e850b3e5ce005a63cfcde542205f7ca0eb72671b57f83cb0a64c42fe25ff4
v2_ablations/trace/minus_temporal_attention/seed_88/compactness_validation.json,1523,56c0ec540807242eb13c8367d99d2abac81a5fddb8567cf0ab8e073c3af02110
v2_ablations/trace/minus_temporal_attention/seed_88/config_resolved.json,6472,f040542d6d935f18ce2ae19dc11ab7bfd30e3ecb46a37131021229e2bf7b9c0b
v2_ablations/trace/minus_temporal_attention/seed_88/dataset_manifest.json,496,abafe534465f9e297571f21c4a6585dbb23d1b92de83830db6d78f1791b64177
v2_ablations/trace/minus_temporal_attention/seed_88/edge_predictions.csv,21227,f243b292a8c18fd4abf7bd4a699751e267196900b82b1810369a33f6aa5a4207
v2_ablations/trace/minus_temporal_attention/seed_88/explanation_metrics.json,19024,f984920c082ad0d5dd2f204f4fcbeb3c4b8f9d6691746336979f13e8ae0c6a93
v2_ablations/trace/minus_temporal_attention/seed_88/metrics.json,1043,87db0772d9bd326b76bfa8b3826a0cecd7b759fb399d20414d4b6e5f8bea3210
v2_ablations/trace/minus_temporal_attention/seed_88/node_index.csv,100817,97c14e5580970fc64714d3029ae5346261131b09f3be3f75c352499f313aacd0
v2_ablations/trace/minus_temporal_attention/seed_88/node_predictions.csv,25990,59d65279373ce9dab1d2a7b4deefba89945d390fba24072be302260c69a00735
v2_ablations/trace/minus_temporal_attention/seed_88/robustness_metrics.json,1024,9f97b3051adc7c83866ca0df8a64cda39ee6aa870e0a78a8641b5980414dfd79
v2_ablations/trace/minus_temporal_attention/seed_88/subgraph_predictions.csv,214,19dddb37cd002f427248a7c9ff1f5e1e3a2a1105c331a5b527dcbd40f824684c
v2_ablations/trace/minus_temporal_attention/seed_88/training_history.csv,17330,c85ad1de2847f660f02e64e087a1dca51d00d5522b139843ea5b30bcb9053021
v2_ablations/trace/minus_temporal_attention/seed_99/campaign_index.csv,767,e77a2e618de93efde17302018a001c33e37e5319ce49389d9895f227eacc875f
v2_ablations/trace/minus_temporal_attention/seed_99/checkpoint.pt,192245,3d1db65ec646448867fd02901fc85076abb98c1083d24c1c7c2cd25b620bfe24
v2_ablations/trace/minus_temporal_attention/seed_99/compactness_validation.json,1517,98b36a446c6e424855939c429393bf323560a390d61258e855e322f8174b4758
v2_ablations/trace/minus_temporal_attention/seed_99/config_resolved.json,6471,fe2519b68f18060164affb97877b0d0fdb1f06cc0db31a3255546aff07aecd6e
v2_ablations/trace/minus_temporal_attention/seed_99/dataset_manifest.json,496,abafe534465f9e297571f21c4a6585dbb23d1b92de83830db6d78f1791b64177
v2_ablations/trace/minus_temporal_attention/seed_99/edge_predictions.csv,20661,2cfbc027172581b4a4cb2aab95570e2babd358da87917a21e29873255e792135
v2_ablations/trace/minus_temporal_attention/seed_99/explanation_metrics.json,14291,dae91a184c677933e8dda0eb3a9353f019c72b59aa35312a6334159893ddd31d
v2_ablations/trace/minus_temporal_attention/seed_99/metrics.json,1024,9677c756794f760a6b3b86f5b0473e401b66e44407c820f4cba01159b732438e
v2_ablations/trace/minus_temporal_attention/seed_99/node_index.csv,100817,97c14e5580970fc64714d3029ae5346261131b09f3be3f75c352499f313aacd0
v2_ablations/trace/minus_temporal_attention/seed_99/node_predictions.csv,26024,b8f374d8b0ee3d16504bd428819943d51fa2c9f2f23a8d6fca08b42d707d0c5f
v2_ablations/trace/minus_temporal_attention/seed_99/robustness_metrics.json,1010,8a1be21fda5b532e2a5e411ede7cddfaf68c2755223b451d4631d712468eeb74
v2_ablations/trace/minus_temporal_attention/seed_99/subgraph_predictions.csv,210,5b0d7beaec65d611ce3e6971d0d799a737d0c386c59329416218fe91e1efce88
v2_ablations/trace/minus_temporal_attention/seed_99/training_history.csv,17270,a1a66e1e13a7b3c1761329bf5b6537714976e54f513fec0e0b731847cd269767
v2_ablations/trace/minus_temporal_stream/seed_11/campaign_index.csv,767,e77a2e618de93efde17302018a001c33e37e5319ce49389d9895f227eacc875f
v2_ablations/trace/minus_temporal_stream/seed_11/checkpoint.pt,192245,e27f8a5c36bd1fd3a7ed1ee7cb0f7f021464e291e1b78c1f3ca8368c17364537
v2_ablations/trace/minus_temporal_stream/seed_11/compactness_validation.json,1578,053c1e93045a1cf074ca5be5e9e5f4c1a28578a7e3f45db4a9a782faed251caa
v2_ablations/trace/minus_temporal_stream/seed_11/config_resolved.json,6471,83413ee56a70f25b525e21b2f4acfecd49b7a2f0248ac75405cf400b5ff247df
v2_ablations/trace/minus_temporal_stream/seed_11/dataset_manifest.json,496,abafe534465f9e297571f21c4a6585dbb23d1b92de83830db6d78f1791b64177
v2_ablations/trace/minus_temporal_stream/seed_11/edge_predictions.csv,20564,11f91d07c1b913b7825d5732049a359eb0dcce2d9b0bd827a1ac2313b77c1e76
v2_ablations/trace/minus_temporal_stream/seed_11/explanation_metrics.json,11951,7097839fe24e5f26b91615ef52dd2248cd5ff8b938642108a44a341587eae1a5
v2_ablations/trace/minus_temporal_stream/seed_11/metrics.json,1014,9994feb12dafe26e38360eadc3cc575c1986e6bc98ed21796c1b6d6a70a1d635
v2_ablations/trace/minus_temporal_stream/seed_11/node_index.csv,100817,97c14e5580970fc64714d3029ae5346261131b09f3be3f75c352499f313aacd0
v2_ablations/trace/minus_temporal_stream/seed_11/node_predictions.csv,26032,ee389738d1929b8465d8a24cabefec9cbda14fbc44eeb36cf3d79bb8124a06e7
v2_ablations/trace/minus_temporal_stream/seed_11/robustness_metrics.json,1012,8c6f5d574397be04d704ebeb6d611c65f47da011448116e231ca3d3c40cc3c65
v2_ablations/trace/minus_temporal_stream/seed_11/subgraph_predictions.csv,212,b9fc4f060c95bfb70c518bb11937058471aba774710541d7b07b2d927fd1804c
v2_ablations/trace/minus_temporal_stream/seed_11/training_history.csv,13506,aa80d7a01587234297c9fca324bc6af27a15d4368fcf58d112f3e32f8b3f1e6d
v2_ablations/trace/minus_temporal_stream/seed_110/campaign_index.csv,767,e77a2e618de93efde17302018a001c33e37e5319ce49389d9895f227eacc875f
v2_ablations/trace/minus_temporal_stream/seed_110/checkpoint.pt,192245,e47ebda93c1ab8507bb913fd71e00a0bba27d1fc32028af383696ecd816035ec
v2_ablations/trace/minus_temporal_stream/seed_110/compactness_validation.json,1605,bab74ea1919fb0f43bf5840e7dc2a219595f48eb2516f238470760df1d6f8fd1
v2_ablations/trace/minus_temporal_stream/seed_110/config_resolved.json,6473,10d97994dc550cf459ccd921d07c1bf75258574a0a03744b59ef9ee2a395ad29
v2_ablations/trace/minus_temporal_stream/seed_110/dataset_manifest.json,496,abafe534465f9e297571f21c4a6585dbb23d1b92de83830db6d78f1791b64177
v2_ablations/trace/minus_temporal_stream/seed_110/edge_predictions.csv,20570,ed56909d902db1cc961f64c6e30d92cbbb9387bc17d0901e4a8cbd421a69f588
v2_ablations/trace/minus_temporal_stream/seed_110/explanation_metrics.json,57983,0b00a05243706c6ac87fbf46fa69938740f7f517b13c1666077cc23880809f8f
v2_ablations/trace/minus_temporal_stream/seed_110/metrics.json,1076,e87be44d19491c2941f407b3dc417f56be2bf9ffcef7b46962314483b0034f85
v2_ablations/trace/minus_temporal_stream/seed_110/node_index.csv,100817,97c14e5580970fc64714d3029ae5346261131b09f3be3f75c352499f313aacd0
v2_ablations/trace/minus_temporal_stream/seed_110/node_predictions.csv,25725,6c39ef2f24577670cbb0e354927a851424dadec7dad8dd9ff6cdf6533249ff32
v2_ablations/trace/minus_temporal_stream/seed_110/robustness_metrics.json,1008,c3cd2a1a5f76fa3cbe19d42737cd9bd9ba69cdab0aa866be0165e24f15e8f2ab
v2_ablations/trace/minus_temporal_stream/seed_110/subgraph_predictions.csv,211,3eb1bf62c35b23dcd5df5a1b6de4018c5adf536c1792fabef8eeb7e986ca8f26
v2_ablations/trace/minus_temporal_stream/seed_110/training_history.csv,14622,d63711e18ff71f78fa857f840e5e861572444a0bc05bf0324b9ba0d000dab6a0
v2_ablations/trace/minus_temporal_stream/seed_22/campaign_index.csv,767,e77a2e618de93efde17302018a001c33e37e5319ce49389d9895f227eacc875f
v2_ablations/trace/minus_temporal_stream/seed_22/checkpoint.pt,192245,479e30c48ff8d100c8fd3f1fda90885e8086412f08ceec5cc28eaf2d752b3aed
v2_ablations/trace/minus_temporal_stream/seed_22/compactness_validation.json,1520,3e9616f47147435a10e5c41084920a29ad51760be2b238baf8041c2227f50f41
v2_ablations/trace/minus_temporal_stream/seed_22/config_resolved.json,6472,be6effd0b13dce4d6d0f5b3781ce7117daa775694b14e0b015d36cd9e66d91de
v2_ablations/trace/minus_temporal_stream/seed_22/dataset_manifest.json,496,abafe534465f9e297571f21c4a6585dbb23d1b92de83830db6d78f1791b64177
v2_ablations/trace/minus_temporal_stream/seed_22/edge_predictions.csv,21124,a35bab82da5ab4d59d3dc00e481b16cc623b4f693f19f15146205f9c455d86d4
v2_ablations/trace/minus_temporal_stream/seed_22/explanation_metrics.json,19043,ced685b71a5025683a6e6822820ca7edefb0a6e2e8620e0b5eccddadd9d3dbda
v2_ablations/trace/minus_temporal_stream/seed_22/metrics.json,1075,15a4809328d11f8a0c8e483415b066d477ed32a64d5d4346bdd6d081e98a3a83
v2_ablations/trace/minus_temporal_stream/seed_22/node_index.csv,100817,97c14e5580970fc64714d3029ae5346261131b09f3be3f75c352499f313aacd0
v2_ablations/trace/minus_temporal_stream/seed_22/node_predictions.csv,25965,878422a155a688515110d320ff22168acb90de8e1ff25b92b31ea74c86cb0a4a
v2_ablations/trace/minus_temporal_stream/seed_22/robustness_metrics.json,1009,6855ed42a422fc9d8c554e9f09efac66fbc38dda814ecc1ab80b24c9de2b0b16
v2_ablations/trace/minus_temporal_stream/seed_22/subgraph_predictions.csv,212,a55cb1c33f2767b44894bc0763af90ec846ce4b45bd583a59c0a814ae7f56faa
v2_ablations/trace/minus_temporal_stream/seed_22/training_history.csv,19173,fb1176619c4de132b5ae60eb19c9fd314314ffc2ec6249f32ec510a3dc228a19
v2_ablations/trace/minus_temporal_stream/seed_33/campaign_index.csv,767,e77a2e618de93efde17302018a001c33e37e5319ce49389d9895f227eacc875f
v2_ablations/trace/minus_temporal_stream/seed_33/checkpoint.pt,192245,f8b3bf0d54119d2afdd361e9fd999b92c623d4dcc91b836d5b211a8e4e944674
v2_ablations/trace/minus_temporal_stream/seed_33/compactness_validation.json,1517,cb154ef458905367ddc629fe3024d605238f3b6ca8a80397c0563a7211bc57f8
v2_ablations/trace/minus_temporal_stream/seed_33/config_resolved.json,6472,62acd9135036190960c9e7ac0cedcb598fba72bc8cbce6cc6f835d438153c3cf
v2_ablations/trace/minus_temporal_stream/seed_33/dataset_manifest.json,496,abafe534465f9e297571f21c4a6585dbb23d1b92de83830db6d78f1791b64177
v2_ablations/trace/minus_temporal_stream/seed_33/edge_predictions.csv,20960,213a98ec385ef03b5d03a7b5a576682a153e4a60ed7220450b2c562f053d3756
v2_ablations/trace/minus_temporal_stream/seed_33/explanation_metrics.json,1643,c9e12c110fb1ed80fc9302c27e42d8c24efca2b29a9ae092e6c15cdeab47a656
v2_ablations/trace/minus_temporal_stream/seed_33/metrics.json,999,611a604f374bb36544da44d0cc1f87569fd5b96aba5322bf0142be0e5f5f2fa4
v2_ablations/trace/minus_temporal_stream/seed_33/node_index.csv,100817,97c14e5580970fc64714d3029ae5346261131b09f3be3f75c352499f313aacd0
v2_ablations/trace/minus_temporal_stream/seed_33/node_predictions.csv,25523,ce3acc16aba0b0d942b4c09a04d23822a5c25efcd557f1a56ee9f06a49bdbbe7
v2_ablations/trace/minus_temporal_stream/seed_33/robustness_metrics.json,982,2d506173c4ed329780b203785f575661e4ce9d70432c49bda32ab07db793e67a
v2_ablations/trace/minus_temporal_stream/seed_33/subgraph_predictions.csv,212,353b3f2914215a6a40bb57fb47df3dd30c64f2f4a7bac7bfba718e48f66f4120
v2_ablations/trace/minus_temporal_stream/seed_33/training_history.csv,19116,d9e1754f169772a33a7beccb49f3bc2fb3e71715570b0afcb5c1ed1a7ebbc0fd
v2_ablations/trace/minus_temporal_stream/seed_44/campaign_index.csv,767,e77a2e618de93efde17302018a001c33e37e5319ce49389d9895f227eacc875f
v2_ablations/trace/minus_temporal_stream/seed_44/checkpoint.pt,192245,57c084546b436f061f315b429caf77cc9236dd1d21aebafbb8f21abed94071f9
v2_ablations/trace/minus_temporal_stream/seed_44/compactness_validation.json,1508,2959808b0c0ed6aec8c43017d959d4f25897a3a6703002b0c1f6c57204959c0d
v2_ablations/trace/minus_temporal_stream/seed_44/config_resolved.json,6472,154cf19a9bae7a0988389592c1b8f2ae41221158d293b7278234b4b11ed864b2
v2_ablations/trace/minus_temporal_stream/seed_44/dataset_manifest.json,496,abafe534465f9e297571f21c4a6585dbb23d1b92de83830db6d78f1791b64177
v2_ablations/trace/minus_temporal_stream/seed_44/edge_predictions.csv,20665,cfb5ff954dda343aa8b27e18a18095a5161105db260a71898b6b528899babc39
v2_ablations/trace/minus_temporal_stream/seed_44/explanation_metrics.json,25792,0a2e77365b0232010b851abc19a641a5e1c914d56ec2fb34ad4f66282ff2e68d
v2_ablations/trace/minus_temporal_stream/seed_44/metrics.json,998,59a0ad041ae4a2b7849407e1cc953c15283cd968c4e3a16287bc372291657699
v2_ablations/trace/minus_temporal_stream/seed_44/node_index.csv,100817,97c14e5580970fc64714d3029ae5346261131b09f3be3f75c352499f313aacd0
v2_ablations/trace/minus_temporal_stream/seed_44/node_predictions.csv,26013,253a89eede1f025afb973e1701f414177472445858d94638ec3adf0a33b2d5b0
v2_ablations/trace/minus_temporal_stream/seed_44/robustness_metrics.json,1008,e7fba0f3b37a4fb4fde0709e40d0864d632146ed28b041afcb5666a7207d9a35
v2_ablations/trace/minus_temporal_stream/seed_44/subgraph_predictions.csv,212,5f69c03e1e4775ca09bc0666a0f173e7c70971a1f20a6aee4ad66c8eeb73fd11
v2_ablations/trace/minus_temporal_stream/seed_44/training_history.csv,15357,8212fa260fb95c868c012f0876a1952b82ae3fa7b2a0420afb7dfdc5a0e17600
v2_ablations/trace/minus_temporal_stream/seed_55/campaign_index.csv,767,e77a2e618de93efde17302018a001c33e37e5319ce49389d9895f227eacc875f
v2_ablations/trace/minus_temporal_stream/seed_55/checkpoint.pt,192245,39a866de2abc6fa0cd638ea793d6666204c75c743e0017d7eec6a7e770af3ace
v2_ablations/trace/minus_temporal_stream/seed_55/compactness_validation.json,1527,9a10fde2c0eeec0c0a539d586785c507fbfa7654d2d69e30567fe54054b7655c
v2_ablations/trace/minus_temporal_stream/seed_55/config_resolved.json,6472,f8d350f533beae918a849ba6efc57ce49da7438a6ba1c610186f2ae4e420b7db
v2_ablations/trace/minus_temporal_stream/seed_55/dataset_manifest.json,496,abafe534465f9e297571f21c4a6585dbb23d1b92de83830db6d78f1791b64177
v2_ablations/trace/minus_temporal_stream/seed_55/edge_predictions.csv,21097,09059304a81fffdf6b7ef4c5ecef603c64ac3d6608ee937b41cc587d7c1c6f62
v2_ablations/trace/minus_temporal_stream/seed_55/explanation_metrics.json,12043,ba8858ebffd020a0cf80eb6ae50d0371719a0c2cf8a930257bf5a8f50627187d
v2_ablations/trace/minus_temporal_stream/seed_55/metrics.json,955,753cb03f045cbcceebdab4fbdb4019e23ec80a5e6a3fac0d0ef717275c8d6227
v2_ablations/trace/minus_temporal_stream/seed_55/node_index.csv,100817,97c14e5580970fc64714d3029ae5346261131b09f3be3f75c352499f313aacd0
v2_ablations/trace/minus_temporal_stream/seed_55/node_predictions.csv,25886,c8a2dccd24a7a2f554e06c5a520e6f19f6b39dbadfe7601cdb4248b2691fc276
v2_ablations/trace/minus_temporal_stream/seed_55/robustness_metrics.json,995,477a24f21fbfc61dfbf52b454b13b96c5fe7d90dd9e0ac2f623ada564a6268cd
v2_ablations/trace/minus_temporal_stream/seed_55/subgraph_predictions.csv,212,2d5ffae0db97cb7fbbb07379c1611ed7cc958cf48b9fc72efa1571589bbf31d7
v2_ablations/trace/minus_temporal_stream/seed_55/training_history.csv,19169,54080664d29e8711b1ae92c636f046d0e1fab6e44eff72c9827cd6ff3f52be8d
v2_ablations/trace/minus_temporal_stream/seed_66/campaign_index.csv,767,e77a2e618de93efde17302018a001c33e37e5319ce49389d9895f227eacc875f
v2_ablations/trace/minus_temporal_stream/seed_66/checkpoint.pt,192245,994b8561cf059a818c388adb866a72af610864306116feca5a5715a95204f43a
v2_ablations/trace/minus_temporal_stream/seed_66/compactness_validation.json,1527,c00103f9eda1dab68e46483e829c2bff6989e665327ce4d540a74ca123f602db
v2_ablations/trace/minus_temporal_stream/seed_66/config_resolved.json,6472,bbc1a8496ad4d0a8f5c0d1de89fc91a2bfe1622e8abdfca3a70ae096d014dfaf
v2_ablations/trace/minus_temporal_stream/seed_66/dataset_manifest.json,496,abafe534465f9e297571f21c4a6585dbb23d1b92de83830db6d78f1791b64177
v2_ablations/trace/minus_temporal_stream/seed_66/edge_predictions.csv,21715,3c691abf0d90b34f5c9543817e4bc37fe50f035ebef3def9f8f0d1699caeab47
v2_ablations/trace/minus_temporal_stream/seed_66/explanation_metrics.json,7237,2d1c24bb6b9ab145b20bb11555e8bbe90b548448ca962e7976044c3d2b3fcb72
v2_ablations/trace/minus_temporal_stream/seed_66/metrics.json,998,3dc11f61d0e2c849544bee37b60682d54d66e61c2257b65fca7403bc6825b9fe
v2_ablations/trace/minus_temporal_stream/seed_66/node_index.csv,100817,97c14e5580970fc64714d3029ae5346261131b09f3be3f75c352499f313aacd0
v2_ablations/trace/minus_temporal_stream/seed_66/node_predictions.csv,25485,552dc7327fc3003a429647b9aee38b28d2efe642ec632b364f0276a68566a1e1
v2_ablations/trace/minus_temporal_stream/seed_66/robustness_metrics.json,979,a65456829f8cc29ae3ddc23835779e5060d0e78de006acf27d1a6773d1d32cb3
v2_ablations/trace/minus_temporal_stream/seed_66/subgraph_predictions.csv,214,14bd9dccfec7fb16e7c4b6b0313e0c37b75fb33470fe1d902e0b3f1f8cdf6554
v2_ablations/trace/minus_temporal_stream/seed_66/training_history.csv,19140,50f6c0847cdde463af3419229c2ecc33ae706228baed5586cb487023816246b2
v2_ablations/trace/minus_temporal_stream/seed_77/campaign_index.csv,767,e77a2e618de93efde17302018a001c33e37e5319ce49389d9895f227eacc875f
v2_ablations/trace/minus_temporal_stream/seed_77/checkpoint.pt,192245,9918addb9a11ead2a341802e4f638cfe9aeab8a9eece57fce840dde64a0a97c4
v2_ablations/trace/minus_temporal_stream/seed_77/compactness_validation.json,1518,8a561a3d73c8e209802ee12d7a2b75835f797d3729ee31b8897fe48f00d51795
v2_ablations/trace/minus_temporal_stream/seed_77/config_resolved.json,6471,82410162a5f01f2d889562538f2ca595ff48de27024f1958bdb451b68105a678
v2_ablations/trace/minus_temporal_stream/seed_77/dataset_manifest.json,496,abafe534465f9e297571f21c4a6585dbb23d1b92de83830db6d78f1791b64177
v2_ablations/trace/minus_temporal_stream/seed_77/edge_predictions.csv,20683,88d8715c7edc3940658a1c16a58d7439689cba3d43961ccb75b94e7b7358f516
v2_ablations/trace/minus_temporal_stream/seed_77/explanation_metrics.json,19081,8b8e0940f7c3fa5904d2a64d69268ea6cb974de80a6234de11d9e9e74339e023
v2_ablations/trace/minus_temporal_stream/seed_77/metrics.json,1074,9ccaad24dea70799c70bf4b18d8ec8dcd682f9ed0ebd44cc989564eba4fd0d9f
v2_ablations/trace/minus_temporal_stream/seed_77/node_index.csv,100817,97c14e5580970fc64714d3029ae5346261131b09f3be3f75c352499f313aacd0
v2_ablations/trace/minus_temporal_stream/seed_77/node_predictions.csv,25322,b9f294302b0a13917fefcb419d760b6f05c846defb751f53c394ce759a476d0d
v2_ablations/trace/minus_temporal_stream/seed_77/robustness_metrics.json,1009,935368901a45aa7bd5996343b6cb53ca07863539afa041a6309f87d666e277b5
v2_ablations/trace/minus_temporal_stream/seed_77/subgraph_predictions.csv,212,f81ec3eebbd33e7fd6ba27d36decdd4bf009d0493aac2429de493b08856c54a8
v2_ablations/trace/minus_temporal_stream/seed_77/training_history.csv,15731,7261f3c84d239fe04065b13eee04ea7027bbb7fbd05b262e40c73cf042c02c82
v2_ablations/trace/minus_temporal_stream/seed_88/campaign_index.csv,767,e77a2e618de93efde17302018a001c33e37e5319ce49389d9895f227eacc875f
v2_ablations/trace/minus_temporal_stream/seed_88/checkpoint.pt,192245,3e0254eb1587da1a0cd368b917b88ae101e00e7694666d0b7387fd6f46f57795
v2_ablations/trace/minus_temporal_stream/seed_88/compactness_validation.json,1525,dede292a15f73d4169896a124685bac7902bb880770d372816ae7a1b4eede590
v2_ablations/trace/minus_temporal_stream/seed_88/config_resolved.json,6472,0067fbb59171d48e26063ed6ca7142df554b0788dcb1cab11e9042793822e1ad
v2_ablations/trace/minus_temporal_stream/seed_88/dataset_manifest.json,496,abafe534465f9e297571f21c4a6585dbb23d1b92de83830db6d78f1791b64177
v2_ablations/trace/minus_temporal_stream/seed_88/edge_predictions.csv,21400,8ede441c118d4390ae91bb91f4b491d554184f22cb2eec35ce2eb629ab12482b
v2_ablations/trace/minus_temporal_stream/seed_88/explanation_metrics.json,11882,3eb4ad384fcc54bd4b79e39d6a855ea902d650703d689fac00080b63eedf2971
v2_ablations/trace/minus_temporal_stream/seed_88/metrics.json,953,cde5e6871e51c3e7074ef8ae82166f2b36331d0d50748a002686f6633f0f039b
v2_ablations/trace/minus_temporal_stream/seed_88/node_index.csv,100817,97c14e5580970fc64714d3029ae5346261131b09f3be3f75c352499f313aacd0
v2_ablations/trace/minus_temporal_stream/seed_88/node_predictions.csv,25773,c79e2448317f0ccd1ebf26bf9716b89889f0802d2fc1c6acdba12e771d599ecc
v2_ablations/trace/minus_temporal_stream/seed_88/robustness_metrics.json,961,1e9d2c7a96f3679fa5c90d68235fc60c65819f3bb40fa178581d682f668c2167
v2_ablations/trace/minus_temporal_stream/seed_88/subgraph_predictions.csv,209,12666b9858218ea93123171707bb1cd93f67fe8caec4bec71d12586e6abdb1c7
v2_ablations/trace/minus_temporal_stream/seed_88/training_history.csv,19125,cae5fec0539021e4410e80c0ed7d05c4f586baee2af44dcd6e1aa810dd51cf4f
v2_ablations/trace/minus_temporal_stream/seed_99/campaign_index.csv,767,e77a2e618de93efde17302018a001c33e37e5319ce49389d9895f227eacc875f
v2_ablations/trace/minus_temporal_stream/seed_99/checkpoint.pt,192245,e7f640171bd0cc0f451e8d77dd438cdacee2c928697f53f4f223694d45685237
v2_ablations/trace/minus_temporal_stream/seed_99/compactness_validation.json,1515,4105ee1e756550905ea70f81a3fa987fddaa375485fb410a8b7266cb759c3846
v2_ablations/trace/minus_temporal_stream/seed_99/config_resolved.json,6471,faa19464b0ffcf2e7285604ab2983967ec342ca8d4b35c320e61edaac5d816f4
v2_ablations/trace/minus_temporal_stream/seed_99/dataset_manifest.json,496,abafe534465f9e297571f21c4a6585dbb23d1b92de83830db6d78f1791b64177
v2_ablations/trace/minus_temporal_stream/seed_99/edge_predictions.csv,21037,2dce14688d3bff5d886fa3725d5a9616f302b454d46df097f0d6c3edc9cdad09
v2_ablations/trace/minus_temporal_stream/seed_99/explanation_metrics.json,9648,b54cd1aafef3e197aa0ccc37c4e29c2b7391bce36a559acb97431202f63651d9
v2_ablations/trace/minus_temporal_stream/seed_99/metrics.json,999,85520b9646889352f0f934dbe9e425162154989dbb9022be9251802f8a8261a7
v2_ablations/trace/minus_temporal_stream/seed_99/node_index.csv,100817,97c14e5580970fc64714d3029ae5346261131b09f3be3f75c352499f313aacd0
v2_ablations/trace/minus_temporal_stream/seed_99/node_predictions.csv,25742,a1f82c2f4c3c93ce7e8016228acb5d04fc300a29dfd2ee88ed544e45ec352b4f
v2_ablations/trace/minus_temporal_stream/seed_99/robustness_metrics.json,1012,dd29205b96868b2083c9d1ddcabb41496a0a4a1a81026d20755b5b728dbbbbb8
v2_ablations/trace/minus_temporal_stream/seed_99/subgraph_predictions.csv,212,b7b964a3ccb5efa77cb8121645b7d6e3a3d6738e6d923611880cf1a7f26fcb0b
v2_ablations/trace/minus_temporal_stream/seed_99/training_history.csv,19115,2420d20ba95d3a77a9c48979c6ceedf7c5f9109ac1364bc5d2281194ec861c6d
v2_baselines/cadets/gat/seed_11/config.json,374,d1f8ffa267d6e2a40e8c1eb62567ea08bbaadbec2cef13281ed6ccb51b5e243e
v2_baselines/cadets/gat/seed_11/metrics.json,556,cb107124c2b59912d4d236a9335d723ea5cc891321a74be404a1d882daada7fc
v2_baselines/cadets/gat/seed_11/node_predictions.csv,22264,69e725e20440aab7dc0dbcdb66aba6591271ffbb0440eac010751aff1c8f4893
v2_baselines/cadets/gat/seed_11/training_history.csv,474,211494932a252a465823f6c8d424fb749b3a37953e8cd5351f643c979fc5bc09
v2_baselines/cadets/gat/seed_110/config.json,375,0b2e365f01a14b5fc23c41a6a15dfd31fa4ff3838465bd71f23450a14842fb93
v2_baselines/cadets/gat/seed_110/metrics.json,559,49a80859ffdcf6bc2b687f77d63cbb5970279aec57b136d3083c2202a1b25a3c
v2_baselines/cadets/gat/seed_110/node_predictions.csv,21807,65904339d9b5d4c6726bed25a020c2cc4bc4bf0e02259dc17731da48fa4140a8
v2_baselines/cadets/gat/seed_110/training_history.csv,469,670dd3bd237005fead92afe3e92a91df0434d5e3b945e5bd55627bb48f31d9fe
v2_baselines/cadets/gat/seed_22/config.json,374,ad0ea4bde594ea3d6dc65a9175e121e44d0691bf138d52515e4f54f969449398
v2_baselines/cadets/gat/seed_22/metrics.json,538,5f7acb9391e5d0d228201dae66edffe4b891018fdb3577988ab66e8623d58ebc
v2_baselines/cadets/gat/seed_22/node_predictions.csv,21820,ce7a9ec1bd18dc85c47fc34ead67b06c33855f0253f8bdccfab9f55b029c55a6
v2_baselines/cadets/gat/seed_22/training_history.csv,465,2c66643e27e88fa4a3611cd4a157f83deec2fd9896948e92ab526b4d6be0de77
v2_baselines/cadets/gat/seed_33/config.json,374,480297f3a5476dd135fbae04e8576e1660a5880fb84cdcd0b5cb44cf54d73232
v2_baselines/cadets/gat/seed_33/metrics.json,556,5fb18d6c7d8dc8e8a0f82e48c89ad28d11c93aaceb5c0d47aa2ec7a8e6fb9f0e
v2_baselines/cadets/gat/seed_33/node_predictions.csv,21792,bb9804849e79ab7e2876a46ba70d395d6922f74e27464d4e3d0bf8cf6ad5368f
v2_baselines/cadets/gat/seed_33/training_history.csv,465,9aa30c8bd8537d9250ccb7af97a9df004d72b7e57d9168582cf1fe0f41a55da6
v2_baselines/cadets/gat/seed_44/config.json,374,469826c5737ffcfc66c346ac223a030f5a25657c9117fbd8c964ab884682c65a
v2_baselines/cadets/gat/seed_44/metrics.json,556,df248fd4bdff3b5d56151b0063b05d02f8f8cc867872bbdac4ec3b0d9d00338b
v2_baselines/cadets/gat/seed_44/node_predictions.csv,22235,87af4054757d92a6f82146310276b07ff6083a434e7dfade51e43f75382a7ef3
v2_baselines/cadets/gat/seed_44/training_history.csv,471,ac1e20ecf9915f8cf3f2a5cc7978233d0dde03287173336ead70bd09f0d0d690
v2_baselines/cadets/gat/seed_55/config.json,374,9828817cf87643625dd64355a067141d9260350bd1921b29da202eabc44a2342
v2_baselines/cadets/gat/seed_55/metrics.json,534,3a2fe71cf2a087538b0b5383cbdf29881a837a4306d854add5c294639c936452
v2_baselines/cadets/gat/seed_55/node_predictions.csv,21799,52030f2a746b36309a00b1fc1bbcc7af697a6dd120dc5cedcef653c27eefe7da
v2_baselines/cadets/gat/seed_55/training_history.csv,470,303f2448820aaac6e7681c481e9bf59bb3f7e7c08667e3b231ac40170ef2908a
v2_baselines/cadets/gat/seed_66/config.json,374,7cdc15af01bbba69aa5080a0ee4f6d6f7f8d19f7340869e7a6439bec27ee6028
v2_baselines/cadets/gat/seed_66/metrics.json,559,a32cadb1805ce07228dd56a3b6ccf8d45ecd0e61a20c83403f06547e4a94f278
v2_baselines/cadets/gat/seed_66/node_predictions.csv,21898,5c2385d14a0851279c3041f30582704d139ef5a7c176cbace2ec359a83d7a851
v2_baselines/cadets/gat/seed_66/training_history.csv,469,1e7a36b5c7abebf05f247455fb252db923beb7bc88d3c347328231f9e76f9141
v2_baselines/cadets/gat/seed_77/config.json,374,3ddf3b2b6656d5be44d21c44d2c3ac20a7ee091940537ed8702886a39c8b7ec6
v2_baselines/cadets/gat/seed_77/metrics.json,558,2daae520e35ae9bd9ff73e669cb0df22d0ebd4a800166ed0c170e9e058159ba2
v2_baselines/cadets/gat/seed_77/node_predictions.csv,21784,0f7b2ad8801ee1128769010fc8ca55de1a98c1e92667f33eb089e260b6579354
v2_baselines/cadets/gat/seed_77/training_history.csv,471,57a90c06afcccb6ce09b09050329980570c932e1dfbb7f638ab26c2c94f01d4e
v2_baselines/cadets/gat/seed_88/config.json,374,828c69f45f378a6bd344615eef66500e7f7022ae62b64d032e73ee8f089168e6
v2_baselines/cadets/gat/seed_88/metrics.json,558,99fdb0d5cc32d1e5d7be8d01aa257df0472e858312b0fc31e01907e71827f37d
v2_baselines/cadets/gat/seed_88/node_predictions.csv,21834,48f12ab8aef03bac8541b3f44233a028f81bc597b56520bc4532a591a21b9319
v2_baselines/cadets/gat/seed_88/training_history.csv,470,e80f57a828ecbcbb8565b5aed3bb2bc3755dfb3bfa66c5ff936196b1378657e4
v2_baselines/cadets/gat/seed_99/config.json,374,d9e974fd68602046f309e2cdc940d09f615af90e2ced4253971969ef6240479e
v2_baselines/cadets/gat/seed_99/metrics.json,558,a71270feee826f39512520e7b377d7bee78bd70649c3d4f367288cb63f12701a
v2_baselines/cadets/gat/seed_99/node_predictions.csv,22248,e14ffaf44b6b96c3dd84dd730d2c48f0d2f035af2feb667285bd8e43f8e6267e
v2_baselines/cadets/gat/seed_99/training_history.csv,469,3cff40b9ca852a81bd8f7883db61fd360eabbd8bc48c16bd5f58b626194f6029
v2_baselines/cadets/gcn/seed_11/config.json,374,3848cd6daa0f81d4f4ea85b595e45a2d83ba89eda9c884870b754797bfce17df
v2_baselines/cadets/gcn/seed_11/metrics.json,520,8b096655e31e1baf079e5fa8c156df9bc1b5e8174dd7fd13f2c14588dc3fbff4
v2_baselines/cadets/gcn/seed_11/node_predictions.csv,22206,2f801d24225255a0a8ef65ed9690e567e224d18018c4799dbc3c1ab04caed0b6
v2_baselines/cadets/gcn/seed_11/training_history.csv,468,08715b4506afc6d1c19c0dbaa6f4a7d8d61e1e47974c5d14967af3ad3ddcad75
v2_baselines/cadets/gcn/seed_110/config.json,375,b7faa448184e0d55382e8522d70acb9ccfe9c1f3dab9fbbafb95ce1b083381a6
v2_baselines/cadets/gcn/seed_110/metrics.json,554,0ef0d9f1ca274a34f90afe8b6e796c0ac8c28a0d1397035f7f686ee166d1d840
v2_baselines/cadets/gcn/seed_110/node_predictions.csv,21805,eb235f1619c5943e7b38d5a648b9b2c29d8ca2d2e13e7afa6965f6ceef14bc16
v2_baselines/cadets/gcn/seed_110/training_history.csv,590,bc9995a02e7f312b666bd20cbbd4fb2ccc9ee9bed3d7b681e7aef1daf48c662d
v2_baselines/cadets/gcn/seed_22/config.json,374,8964bd60422268c6e7b22ddee7a4afefbb56f9e2db220d5941b94735a8e6abd2
v2_baselines/cadets/gcn/seed_22/metrics.json,568,88c0016d2474cbb1c06c2a4c56d107c19160ab1934b2d490f564982826167ab8
v2_baselines/cadets/gcn/seed_22/node_predictions.csv,22197,a449677847041a391290034c803884c01102f785b52a13803f271660656a3127
v2_baselines/cadets/gcn/seed_22/training_history.csv,837,3930c82eebb31a0378715efd0237469edeb3db514a9a1386efe3351a55d595f3
v2_baselines/cadets/gcn/seed_33/config.json,374,d9ef11ab004fcd497f0506b6fff2349a2cbddd30cc5811a9be36881067ead4ac
v2_baselines/cadets/gcn/seed_33/metrics.json,578,ca44286b18a8ccd4ba5eaa41f571087f7f17c2f67fdb014714985655b7fb04eb
v2_baselines/cadets/gcn/seed_33/node_predictions.csv,21810,a3eb655043559454d03a421ad063ca0d1c1cb6a8f0d45a97b75133b39caa3790
v2_baselines/cadets/gcn/seed_33/training_history.csv,472,f924a5a6068171c1f7839aac406640f3a539b72c2000eff218714f948a85e317
v2_baselines/cadets/gcn/seed_44/config.json,374,5917c06ab37cad3eb6edbcdc7f73c3e27423757ceaa391a237bae017e21fecc0
v2_baselines/cadets/gcn/seed_44/metrics.json,580,9dfc4eee1b4791944bb3ca708d98936f4dde47cfb83371a1b493ebfb44c660c0
v2_baselines/cadets/gcn/seed_44/node_predictions.csv,22241,87ee26588f7d3da1fcc62b6395a30a2a23145b5287304b70a0806cd83c6c288e
v2_baselines/cadets/gcn/seed_44/training_history.csv,548,e51f9344811e1c8fd70b6643c27f1337a08eb8139d6add4e6e1f1ec98f3e7325
v2_baselines/cadets/gcn/seed_55/config.json,374,cfdc7e6a987254866a2fe27e3c1c3f6145f23ec274dd08814444172410a14f1e
v2_baselines/cadets/gcn/seed_55/metrics.json,579,41eb152de8c59575a375085e778d642e3e0a80b39e8a904e3ac8bee53829a141
v2_baselines/cadets/gcn/seed_55/node_predictions.csv,22177,c663d66308af5485c3a5ad7f1aa8a575139da1baf5ba9c5a8371a59713ee0eea
v2_baselines/cadets/gcn/seed_55/training_history.csv,593,b54a465be6bfa70c4b7327856744ca6cdfa3c7d924cba63c8b6cc553dde7c52b
v2_baselines/cadets/gcn/seed_66/config.json,374,d3d37c1bd19dbef5b8d4dc7c35a704f2a7ae4a77525427e6bc54544bc140164e
v2_baselines/cadets/gcn/seed_66/metrics.json,564,d038a834a623bce262e3ea0d907d286f761fb333bfb56e2c772c4d6c27ea6e30
v2_baselines/cadets/gcn/seed_66/node_predictions.csv,22173,7fb3b980e5f43dd38ce46aef323b00c8ddb2df28a055dead38bf4546494571a9
v2_baselines/cadets/gcn/seed_66/training_history.csv,629,8db8f4f8b50970d5147b644117d458a7bc685289d0a59171373039b99a7e697a
v2_baselines/cadets/gcn/seed_77/config.json,374,e56989164531961d72f743b1a97711ecc48ec2778d6b24232975d5b815b7db4c
v2_baselines/cadets/gcn/seed_77/metrics.json,522,02eba92b095d08ff8c5fea97c3a3aa6a93b36692e6203728be8016e1a633acd6
v2_baselines/cadets/gcn/seed_77/node_predictions.csv,22195,85c8fbed256a7099e6bd99b949c17cf20a2a979d1384d4c8fa6661bedb1e3bac
v2_baselines/cadets/gcn/seed_77/training_history.csv,594,633eedc6a00e528b951f4fba75449fd71e674126c8d65a18c04f5f5015850d6f
v2_baselines/cadets/gcn/seed_88/config.json,374,a24769d6ba5e5c2393c484d97313d3acf621c6028e260607ea77279d1fd74677
v2_baselines/cadets/gcn/seed_88/metrics.json,580,2a3a32ca57b3cb881aff2129f76135ad76c49caff5b812b0fbd46ce685a6def2
v2_baselines/cadets/gcn/seed_88/node_predictions.csv,21835,a6eaf50e841024c66aba2ffb41a4dfdbe3957ae6332fbbfa9885555b92e2ef16
v2_baselines/cadets/gcn/seed_88/training_history.csv,671,b88b9d7c90f77a072fe03096480789884e6fdd1d0ea206267200b188b6489164
v2_baselines/cadets/gcn/seed_99/config.json,374,c6c8c7b9785dd941e4e36a8ffcd6985838d991449285b0c120e2b73cbf17f702
v2_baselines/cadets/gcn/seed_99/metrics.json,539,2a6c2027a3fac371dc12733df751db6d4ac0f28de287d989a499c90cfb5627ba
v2_baselines/cadets/gcn/seed_99/node_predictions.csv,22265,4c48fea0b633c56cf08a7e5bb67eb54e85e7dcc4ef96fdb7a8a9c33d7d1c6a97
v2_baselines/cadets/gcn/seed_99/training_history.csv,467,e2eca6aa0ac34138463f4fb90d08b902e546c018ec6317acb335e6163d2a884d
v2_baselines/cadets/rgcn/seed_11/config.json,375,8d170301cfbb6787fe1a274103c2ddfea85fcc369819a9d14194039e49f5c8d9
v2_baselines/cadets/rgcn/seed_11/metrics.json,584,6a627edb78a73b743100ab8e6bc90d41d1f9b36e4004d05f1d8937484b90c40c
v2_baselines/cadets/rgcn/seed_11/node_predictions.csv,22179,5f633fd4b6b9e6b00e0e7ed9f06dee9bf95b94171d50cf0715944568ecd5e16f
v2_baselines/cadets/rgcn/seed_11/training_history.csv,467,58165a9f6d202a7495fc5b06441ba81024ab8217630ef0f6246c148bdb6e809a
v2_baselines/cadets/rgcn/seed_110/config.json,376,0d01180b1c8b2569ac2e51139ec5be37f5691c6ad7e4c7f09dacfff3400b61dc
v2_baselines/cadets/rgcn/seed_110/metrics.json,582,2bd93c7946dd82b9f068b372c66bc75890287573969329320cb39d1233a01d09
v2_baselines/cadets/rgcn/seed_110/node_predictions.csv,22232,e8d44e796d9efeea7f68bb517e6683b2c99b68c2db0e9dea51735a124783a58d
v2_baselines/cadets/rgcn/seed_110/training_history.csv,474,76a11cdb89a9c95576136806ba7024746f97f51498e3028ce9453315f9e8b7ea
v2_baselines/cadets/rgcn/seed_22/config.json,375,dcc7c9bac16f07c44eeaeb17c82cd1839a884c63d5e1191c02d5c1dcacbaf29c
v2_baselines/cadets/rgcn/seed_22/metrics.json,558,ec7c7bac0c535813f1baafd9ead96a38e1cf7143517f17d4ecca03f8de142651
v2_baselines/cadets/rgcn/seed_22/node_predictions.csv,21896,dd2b8773985de5196327184b13ff33273d79ab6de7c81d85d1a6daece153dbc2
v2_baselines/cadets/rgcn/seed_22/training_history.csv,468,16875cb2a950a5d121bafa1999a177ff4120ad7810a2396e2be21f3d9ec60e51
v2_baselines/cadets/rgcn/seed_33/config.json,375,fdd8482c80d1b9625e49c60f52406126dba571ac2897f8fe0b35182c69d5f55e
v2_baselines/cadets/rgcn/seed_33/metrics.json,568,b5457371f51866fffd0815a7343025048ceb45c531755146a3ac7673f76a4cef
v2_baselines/cadets/rgcn/seed_33/node_predictions.csv,21842,d27af02ec871ff72e2337c62ba3e38629e2958d2ef9285a2eb1c9a83f7c63350
v2_baselines/cadets/rgcn/seed_33/training_history.csv,469,4655c09e6a53fa1e60ae2f4ae4e1cbe0c5b3e514dfbe60416ecbbd131edb6311
v2_baselines/cadets/rgcn/seed_44/config.json,375,fa60c14fa7451d9601d3592f0a98ef017acaf6f903c96d4376080e46338c2f96
v2_baselines/cadets/rgcn/seed_44/metrics.json,573,c6dae3a52ea9d40a2f8c4fde167569c96908049a7a7afc12a82d069cf5938e6e
v2_baselines/cadets/rgcn/seed_44/node_predictions.csv,21870,07165b7c5e353b8670fa095a2c36845a483f1178fd3dc16ea127c24e059abe9f
v2_baselines/cadets/rgcn/seed_44/training_history.csv,469,9c7f865d386733546b918593b420d920438401c9f8d2b810160b9139eacbf585
v2_baselines/cadets/rgcn/seed_55/config.json,375,c46647432aab9aa4bbc01fd13b35707dbfdb70d6ae19807f3d6aa36a67e81372
v2_baselines/cadets/rgcn/seed_55/metrics.json,561,c0b9296daa2501ace7c3ea6c5052f5d7e4f2d7c81aac7cca62344ed1712c93b1
v2_baselines/cadets/rgcn/seed_55/node_predictions.csv,22211,c4558abd5ae3abd28f20f2c298ab4491828cd9aa088293183ffefe8923bbfa68
v2_baselines/cadets/rgcn/seed_55/training_history.csv,555,62794d82a8636a53e44c4de016f0cbcaec7e1aadd22b139b4c7f9dc89b052e63
v2_baselines/cadets/rgcn/seed_66/config.json,375,00041a700018b78f04852545ee841f0b2575a15807b6910c56d8410e8f20ecb3
v2_baselines/cadets/rgcn/seed_66/metrics.json,557,83d9ff8cb2892d0ac8f4bc6324cf8af42eaf798eefb339c768bea4afc7f95b53
v2_baselines/cadets/rgcn/seed_66/node_predictions.csv,22243,57cc432d610536ac4d2d6510f25db2959073fa9ba98ecb949c76e308b0751bed
v2_baselines/cadets/rgcn/seed_66/training_history.csv,471,1a0ed70fc9fdccd7139e286b02da22c4b99c0b764504ce05754846d6301a1dcd
v2_baselines/cadets/rgcn/seed_77/config.json,375,7219bdb1d9ec378c387fcf01700906816377e16b890b395eef18117f16d16172
v2_baselines/cadets/rgcn/seed_77/metrics.json,537,6724e76f7a4bf601f3b789fa25fd45b63d8dc72d8f08d121dece0ae00ae20084
v2_baselines/cadets/rgcn/seed_77/node_predictions.csv,22225,ec7553df5e12acf50a58ab4d70f082ebbfd128627e6ca867b4f61877ac5a6c48
v2_baselines/cadets/rgcn/seed_77/training_history.csv,464,01773d6e6a6ecb2402f6032a3fd5d1dd9f4bbe9e658fb617d103d1417004cc65
v2_baselines/cadets/rgcn/seed_88/config.json,375,55db745d877a5335781fa43c3318ae4b0caf931dccecc3607f29251bd1f6c3bf
v2_baselines/cadets/rgcn/seed_88/metrics.json,561,d687c2de83f03914f73736eac98a19ae3c6b06967bb8b97b3e5952529da20815
v2_baselines/cadets/rgcn/seed_88/node_predictions.csv,22265,fce3f709a6a0a7fcb361562908bfbc7a594e587ee1826dbce89fe0fbaa74babb
v2_baselines/cadets/rgcn/seed_88/training_history.csv,471,e4c3e4501c78bf26d2e7e9855f329b36c7d07d32f07748815c51b82de5b0e7bb
v2_baselines/cadets/rgcn/seed_99/config.json,375,bbbc0b717971ff01f376e470706abec8f77ab9e6101c21416674fcb02fc4f8c6
v2_baselines/cadets/rgcn/seed_99/metrics.json,589,e939769796fa2ef8fe4411f1e4ad317f14c0c97b164c3ba80ec7700db39f121c
v2_baselines/cadets/rgcn/seed_99/node_predictions.csv,22228,9dd9bb40461f1ce4a3f8ba5a9f60f35310d02e70bb24fa0d4ebf7b4539b857a3
v2_baselines/cadets/rgcn/seed_99/training_history.csv,468,9f0c10c2aca80ff94f40a33d1a51460be6e2fddd7f83d0f33ef269743155deb3
v2_baselines/cadets/temporal_gat/seed_11/config.json,383,345d87940c952235feddb7ef6cb83138ec30919141894eb7c7688e9dc8a6c46b
v2_baselines/cadets/temporal_gat/seed_11/metrics.json,576,266d58f6eef4ea469bd8d39754952506962ba568e286060eeea124c41cace1dd
v2_baselines/cadets/temporal_gat/seed_11/node_predictions.csv,22151,782eb69b570d27c789903dfe11a3ac4d0552c6cd0ee52ac78160eb587a2ecd49
v2_baselines/cadets/temporal_gat/seed_11/training_history.csv,468,1a0832559fb18dfa85399e65c78008cfcd1d81e7e6e0ca4cecd514f1d8627427
v2_baselines/cadets/temporal_gat/seed_110/config.json,384,63d083f27d0d1710ba206bba334c55d9ad126b6ad6dde55cbf995ae01fbec4c2
v2_baselines/cadets/temporal_gat/seed_110/metrics.json,569,c3819d6145c3320575ff76ab21a803cea3f5deb03936cd948bff1886feb60091
v2_baselines/cadets/temporal_gat/seed_110/node_predictions.csv,22280,2bc2d4bc130ce528e764ce18c0e7e49986393e08f8a5e7aea719d5a5f3ec1a53
v2_baselines/cadets/temporal_gat/seed_110/training_history.csv,467,3ed17079ff8768b04226dcd1ef759a95106c228175ee428d80c205125844eca5
v2_baselines/cadets/temporal_gat/seed_22/config.json,383,c50108ee9514761fb7ba2476b1078e3bd00529ba49a712f40c9bc68db6de4ce7
v2_baselines/cadets/temporal_gat/seed_22/metrics.json,581,a07778f972f572fa20be6642a76a4fa4da7cf035c15bb5b574b9a4cc361be378
v2_baselines/cadets/temporal_gat/seed_22/node_predictions.csv,22199,b408bc54662f19d1b0751479450d89d15d8d8634a6ec0db5c90b7dc37d5c79e2
v2_baselines/cadets/temporal_gat/seed_22/training_history.csv,471,0fe2f99abf8eedb021fea9cffc4671e74fc703a7315d70fd9794dd55af0bbf33
v2_baselines/cadets/temporal_gat/seed_33/config.json,383,72bda3e90edfbb638e4759f2795eb57f7c7ba9756c8244ba1e7ced8f45fe0ff8
v2_baselines/cadets/temporal_gat/seed_33/metrics.json,547,232b9d12758f1178298adbceaa7424f9807d95b4a2c99eb584c738ff7c1cc277
v2_baselines/cadets/temporal_gat/seed_33/node_predictions.csv,22274,9b97f3dbb6e45741a2e553af0bb992731b89bb828ec692bb2e908711d71f92f4
v2_baselines/cadets/temporal_gat/seed_33/training_history.csv,468,a32e2676b9627dbd5724a9cfc3f3235a6a6e6136e0c63e9964aaf54fb8cbb9f6
v2_baselines/cadets/temporal_gat/seed_44/config.json,383,4ee4899a80bfe5fbed6c36c185ac6a775b34bb9acbff76e93480f2e1e3dff774
v2_baselines/cadets/temporal_gat/seed_44/metrics.json,564,2677c082f040285f0de9b0534a50ba05bee5fa6bf6d34eb7a091a98df61d77b7
v2_baselines/cadets/temporal_gat/seed_44/node_predictions.csv,21850,7e93416f6eb27a852519b1eec43bedecb9e01de091b82b7ffd05be6a682680fd
v2_baselines/cadets/temporal_gat/seed_44/training_history.csv,471,edf4897a8f0481b788e5dce5b95604d19470a0c9b1da8d7c1d9c64e5817938f8
v2_baselines/cadets/temporal_gat/seed_55/config.json,383,fd262f7e6515531ec6652998c22ae00ea3c9848bac2382e518d1e610abf6e499
v2_baselines/cadets/temporal_gat/seed_55/metrics.json,565,a953ad565c5df40350733ab7f4756be587b10c387375e4fedcc4bde20c9aebfd
v2_baselines/cadets/temporal_gat/seed_55/node_predictions.csv,22166,1248b2a5b5a5f0b236b1549f2b5ed86771e5e408225015d6715a0fecd74bdae2
v2_baselines/cadets/temporal_gat/seed_55/training_history.csv,472,c1952b114c096c05c2bb0bf26184c4318a9988566e06a4052322b761f39f9d18
v2_baselines/cadets/temporal_gat/seed_66/config.json,383,ee25df9790fa9dcb5294295ff0750327dbf4b8ac88c6594582220a42f36b8e76
v2_baselines/cadets/temporal_gat/seed_66/metrics.json,581,fa8a40bbe6d2b6c8feaaa8920fed2068e86c5a412cc667a3c4c615463e2f663a
v2_baselines/cadets/temporal_gat/seed_66/node_predictions.csv,22219,9cd9245143fd3d52845804dbc4ea0919d8496c7f2133db5487a9de4f0c99b9dd
v2_baselines/cadets/temporal_gat/seed_66/training_history.csv,470,dcceb712b70568b299ef99e755a19a24bd5e42ae54471fd4b0e133b72f850e86
v2_baselines/cadets/temporal_gat/seed_77/config.json,383,d075bddd0035b8917c9de89ec2d101ab2b24b07e082e46ca8c4941518e870e8d
v2_baselines/cadets/temporal_gat/seed_77/metrics.json,566,0c94e53eb44ae0519c186a6ab1c5976ed4ad2bd1c51e891bd6417207d7327ae6
v2_baselines/cadets/temporal_gat/seed_77/node_predictions.csv,21474,e47392ef3181f83f729093328c25df7768f125d714ba6ea3e49787ad3e84c55d
v2_baselines/cadets/temporal_gat/seed_77/training_history.csv,470,b7392218a4e607c0c59866aaa41059b130acb6bf1bd63c5c49b7101cb2dde5e9
v2_baselines/cadets/temporal_gat/seed_88/config.json,383,953a77367e278abf87a823729f61f377fc762c61d740b9c7a7c30e4c8e49a514
v2_baselines/cadets/temporal_gat/seed_88/metrics.json,567,b3d9afaecbbd2ee232f0cfacb42783380044667eae46fa8c2ec137ccbdc02351
v2_baselines/cadets/temporal_gat/seed_88/node_predictions.csv,21486,101b8144da90cd6681b83c6c2e8c485eb5bbda41a8befa931e56ae577602a94a
v2_baselines/cadets/temporal_gat/seed_88/training_history.csv,466,a1eff48d8618a53f019f9563f87780b25f7b280b4443fb7a9b4f35d918ac1472
v2_baselines/cadets/temporal_gat/seed_99/config.json,383,e82119ac9181018fe656425080c9c295965946f144c1a5f6d11fd33dec8bf521
v2_baselines/cadets/temporal_gat/seed_99/metrics.json,576,85747f54ae587bf3a1fc0b78a7a26761abf965f7a9de28a5aaa80ff215a249b5
v2_baselines/cadets/temporal_gat/seed_99/node_predictions.csv,21829,c7e0d7fd3f555d4734dd605a42e117b6a79e29b5c7601c03d95a7b42e73a9745
v2_baselines/cadets/temporal_gat/seed_99/training_history.csv,472,2337d86ba894384e29252c8b82ff133731ba87baa2ec2dbd219b05964a4e4ee3
v2_baselines/streamspot/gat/seed_11/config.json,378,008235422abd10e404c46434b702a7a725496d096a5737c0a8e661e2d0d2599b
v2_baselines/streamspot/gat/seed_11/metrics.json,580,aafcad0fa2f29b467bf0f7cd56515b8119d628f383da5e9af1caecb4e529bd64
v2_baselines/streamspot/gat/seed_11/node_predictions.csv,21272,f69e8faa9eabc3829c437399d52fda0c4f654177bd190c2b67a34e295df52ba0
v2_baselines/streamspot/gat/seed_11/training_history.csv,557,85e73e2a515c692b80dc86fb4c5203c6ba6f6cbb21365fa104ea68c4e6397b96
v2_baselines/streamspot/gat/seed_110/config.json,379,c475a4dd12c594e335f54c4232d3e9d56ee5be56b965319de24397c28c98ec00
v2_baselines/streamspot/gat/seed_110/metrics.json,552,c809f3ff9b2fd8962cc3d90c28929fbcafd7568e3c1d288a39d23f064c1af44e
v2_baselines/streamspot/gat/seed_110/node_predictions.csv,21218,328cf27bfcbb140abb4c8e7827241d977b0eaa17e784ab84f78708ffdecda10a
v2_baselines/streamspot/gat/seed_110/training_history.csv,472,4b26a85d398f6a2399f445a9322f4cb7caff3cb4ef2d5e4fad646ad4cd2ccda0
v2_baselines/streamspot/gat/seed_22/config.json,378,c52cece3ab41f7b0584c5f8c08c98715e916212ddfbec431b4c45c2e00accb01
v2_baselines/streamspot/gat/seed_22/metrics.json,579,94eef13810b488f1e928d513dd53c3a83bdf8c6772ac72946c64984e20625985
v2_baselines/streamspot/gat/seed_22/node_predictions.csv,21271,6ed1ea5e1d438de1c1303f323b22a673d5aec43403ff38d9a5569092d21cfdc7
v2_baselines/streamspot/gat/seed_22/training_history.csv,1900,d9db8685351b6d297a4ef1812c8f44941740b79eb9bd2b45b15288515b9327a2
v2_baselines/streamspot/gat/seed_33/config.json,378,6b3054f0b18a389bdd9c3d6591184a2074b395673ba1aad2e0e569bd58aa0bce
v2_baselines/streamspot/gat/seed_33/metrics.json,579,dfb4131a20ab253fa19eeb75b0f094f2755b785b49b07d294809fc92dc927d0a
v2_baselines/streamspot/gat/seed_33/node_predictions.csv,21241,ae3593f9403a0c498abf172c5cdf893c35362ca6212a75faf6743999e06c0b88
v2_baselines/streamspot/gat/seed_33/training_history.csv,1529,bab505afd51e5d76dea8c0acbed1ef82d7715c9dee85f95c80e385e57aeb0b23
v2_baselines/streamspot/gat/seed_44/config.json,378,c90805839ae325928fb37f9e392c9d482942d05966f1c85165d1a17b4629f0d0
v2_baselines/streamspot/gat/seed_44/metrics.json,578,be015ea24b87aa5fc6a78bfaf927cdb037dd97734e025eaa13075da01b0b7bda
v2_baselines/streamspot/gat/seed_44/node_predictions.csv,21257,ffacfe6dc6b3cdbe6dfcef027b8e2fe884dccb74dd0a1d017216cb2941cd8133
v2_baselines/streamspot/gat/seed_44/training_history.csv,1453,eddb91688bf43fbb43481946c1ee87ca77f85c93caf3b02f36fec6bebc03ca6d
v2_baselines/streamspot/gat/seed_55/config.json,378,e14937c48786d625c35ccd952fc32a774f4138e30f8b0ac6ea44c7cd48a783d9
v2_baselines/streamspot/gat/seed_55/metrics.json,578,7a3fd41b245bb0a30f5541d0ca3b4cacd746b80bc6c5723e9d436ea38bbe1f70
v2_baselines/streamspot/gat/seed_55/node_predictions.csv,21260,b9112aac8271cecfac22b1be2a398dd4051353bc73f046bed77f0e35e92f9eb4
v2_baselines/streamspot/gat/seed_55/training_history.csv,1570,dc03772bb284b43965d0a960d9355f20deb8a668eb9f95b57034538eeab5e16e
v2_baselines/streamspot/gat/seed_66/config.json,378,2b9aac2a2013ce52b9e8cc9e206bcdfe4804f61419aebd6612803f7e04fc2382
v2_baselines/streamspot/gat/seed_66/metrics.json,581,45a99564ce0a416dd69fe31dfb96dc00cd51bde6f29f62d1ef2468de817164c3
v2_baselines/streamspot/gat/seed_66/node_predictions.csv,21230,148aaf7b68d88873ea2c41caa822206e43ea47fe77a30b84ce697b1f74fdc53e
v2_baselines/streamspot/gat/seed_66/training_history.csv,1742,d6cff3b4ff71b243a7477498812fdc71bf8ed8ce60e40c21d51a29cb37908682
v2_baselines/streamspot/gat/seed_77/config.json,378,ed6bc30f2014ff4c2e593520a6940b21c6fdb0b870896bc4aae5e1beec32feb8
v2_baselines/streamspot/gat/seed_77/metrics.json,578,03fd483c7e9a67b8efda10608e7d453be65212eae6f42460a27c0b1dcd693aca
v2_baselines/streamspot/gat/seed_77/node_predictions.csv,21270,e1615a59968df3d8334f08d4d02b8d7914b37e4a6f4631dbe5b628d54f90b3c5
v2_baselines/streamspot/gat/seed_77/training_history.csv,718,e5e8df07b3e69981df4160b514ccaa58b6980cb76c18d95786d32dc3303785b9
v2_baselines/streamspot/gat/seed_88/config.json,378,1939ea800011f333d0f8f4ce5e8519b43a6e98c8fa1b74128b355dc0d1c58c6d
v2_baselines/streamspot/gat/seed_88/metrics.json,580,7a8e86008540eae3734c9f96b7e692e85370b9b5fa81154521cb66319d32692e
v2_baselines/streamspot/gat/seed_88/node_predictions.csv,21333,99ad2f95ec899e7daa6f5772ac548ba61f1d80e547bf62edb7e193c5a3e78742
v2_baselines/streamspot/gat/seed_88/training_history.csv,597,0cc6a4c64e410c30f8a7d916f69624cfd0e28408b789a6b96ef9b4737bbeafd8
v2_baselines/streamspot/gat/seed_99/config.json,378,37f969d12c2bac27bc8bb7101d6a1362033da531579e19a6d02c7a926daf77dc
v2_baselines/streamspot/gat/seed_99/metrics.json,580,b654d80aa4e1ea743a8e37bbcb20b503e19c95cab528112e0da3356988610427
v2_baselines/streamspot/gat/seed_99/node_predictions.csv,21274,f54dc11899690da284de8669d0e1f51a633e2ee0a9df8a9b09a969550de08228
v2_baselines/streamspot/gat/seed_99/training_history.csv,1572,2420dabba15ccfba3c6ab491ee340f18c698e7ce3b5b660153468e1ffa25f4c7
v2_baselines/streamspot/gcn/seed_11/config.json,378,7921f938202cb7619366350cf6f0b2781593becd3725f0d79b12525913241f46
v2_baselines/streamspot/gcn/seed_11/metrics.json,565,553bb7d239c60c8ee339a83cecace96a06565a31296f6779eb8c100cf1e451ed
v2_baselines/streamspot/gcn/seed_11/node_predictions.csv,21400,d8a6e5d9e60e647636b4abf92df93ab17038a31c01a57e9aa5e8a07752f518e8
v2_baselines/streamspot/gcn/seed_11/training_history.csv,883,65c06fc9ad29d11c6f1ef00af558ed40976644c0fab063600e6c54638bdad03f
v2_baselines/streamspot/gcn/seed_110/config.json,379,ab4be9394281c5682379f7f9a87ed4a6accbdd6bd6d0da3598a01d272d13cd51
v2_baselines/streamspot/gcn/seed_110/metrics.json,576,6c876e919e0bda925cdd1a1c2ec3c14db0d2c9db1558642b91aa7a0a1ffec8dd
v2_baselines/streamspot/gcn/seed_110/node_predictions.csv,21268,faae8ac825e4000479d6b3cb8e80e614ce523d1ccf33cd141ebd166cc2dc1c06
v2_baselines/streamspot/gcn/seed_110/training_history.csv,1005,a6421a10c5e2848929ea0a69734ffad21d69a400d1b877e683fb35fd8c360bcf
v2_baselines/streamspot/gcn/seed_22/config.json,378,55bbe6b512db48f6005311108e51fd62c05eb7fa91807fe15b92d5a0836a5c95
v2_baselines/streamspot/gcn/seed_22/metrics.json,578,4bf66e940cb7cceae050bba3cd83f24cd18304d8c9a9933caf818930e820d613
v2_baselines/streamspot/gcn/seed_22/node_predictions.csv,21355,83624fba7b904f262f40a91098c11a858ef40096144644c8e3845b56718a137d
v2_baselines/streamspot/gcn/seed_22/training_history.csv,1202,2b348e8c45fc8ac8a3d7e114102ae2f918dcae283c42eeff4d5c75ef543d1dd1
v2_baselines/streamspot/gcn/seed_33/config.json,378,de876a34d163201f6e04d958b0aeabe991616ccad5b8ad66efce8bf7fd20f90a
v2_baselines/streamspot/gcn/seed_33/metrics.json,579,bb29d0ee2e5d9b137e21da21600a0074798ef622aed7873fc65ebf54692357ff
v2_baselines/streamspot/gcn/seed_33/node_predictions.csv,21282,57c8d9a178c2143a7b352448b78af6de2c81e38b7a4946b0c96ec0ddf8d54cc2
v2_baselines/streamspot/gcn/seed_33/training_history.csv,2057,9edd3b388af2ee53ecf1a44f0ef31c1ec8f96b81288f857a258b46acd3760341
v2_baselines/streamspot/gcn/seed_44/config.json,378,65b8f1a1d3de814a3eb0ed7a6e26c252a5506e8caafd308b9ee61f6560a02dc8
v2_baselines/streamspot/gcn/seed_44/metrics.json,577,91f06735b885353865b803b2cd2f8fa043a43f2c3094da01a840a849f5607a28
v2_baselines/streamspot/gcn/seed_44/node_predictions.csv,21269,b8d3238f2ced466d23fe7bf1a42113c6f5ce9aca8f4e1e272e8f18d586ce70fd
v2_baselines/streamspot/gcn/seed_44/training_history.csv,2067,2154b98391220ccb697b6a6ac23ea9ba46cbf380f72d5155c932fd0ff221b42f
v2_baselines/streamspot/gcn/seed_55/config.json,378,4825fec7039e81a5add398a2c7c5560fd2325fdb3e29dd63d514de9f924a5ddf
v2_baselines/streamspot/gcn/seed_55/metrics.json,565,bf1f5de78afb1bc2a5b3244798ceb1790587758526edcd4f9b4006369e623080
v2_baselines/streamspot/gcn/seed_55/node_predictions.csv,21401,70697fb403da59047ed9f02288a5fcf19d13f62ff0b0622bd1b3fcfe1ffe9d1d
v2_baselines/streamspot/gcn/seed_55/training_history.csv,512,a889687b25095cefa053afc5c5ce26b30f1eb8af9bd764f7706eb087e9743a54
v2_baselines/streamspot/gcn/seed_66/config.json,378,cd0df15fb88da912968aece3cd77027d8b6776b518f875c4dd000cc7212ceb93
v2_baselines/streamspot/gcn/seed_66/metrics.json,580,474065bb5e12dec2051f52081e0cb29895609b07b6421c7cbded2a844bbeb6a4
v2_baselines/streamspot/gcn/seed_66/node_predictions.csv,21298,4e7f824f5dcf29a015ceae03c0b569b26db61dd539a4441285df632760d0de04
v2_baselines/streamspot/gcn/seed_66/training_history.csv,2060,852756e667c83be26f013204bb2452219d99d8391335092d8f96db4a6784bcd4
v2_baselines/streamspot/gcn/seed_77/config.json,378,5d3e48032c0eb54737a81149983153f57b2d675f4dfd669943e3d80ea5254024
v2_baselines/streamspot/gcn/seed_77/metrics.json,550,12154341b4df96e1d0ee638620c00f92fcb79bb472b1fcbf67314c0c36c46029
v2_baselines/streamspot/gcn/seed_77/node_predictions.csv,21266,b3b287180543f24ff336199a974ab02091a74323a2e4165441ad0aff3065a96e
v2_baselines/streamspot/gcn/seed_77/training_history.csv,676,fec91c774ee18287dacd39e54ed6ae7381ed7bc350117dd459405ad1d3040fdb
v2_baselines/streamspot/gcn/seed_88/config.json,378,29f7ff0648992d689222c4673172c055f610741e74d3f9f775b364f26b6c52a3
v2_baselines/streamspot/gcn/seed_88/metrics.json,576,a7adbfefa1337f2420b6ecff6380fde9f90e4dbf0479a2174023d61b734d6ec8
v2_baselines/streamspot/gcn/seed_88/node_predictions.csv,21397,3ddf670eed869029f8e46bd20d8f85f6ec025a168c6ccc84fb488402598e25ea
v2_baselines/streamspot/gcn/seed_88/training_history.csv,596,0083623c599274e07cbaede19132c426f70b1885d84eca533bc57fdd50156ad9
v2_baselines/streamspot/gcn/seed_99/config.json,378,d9f481c6c11f1ead3783da860a38734d7c8f01702bb9e5123d9786589d9b2390
v2_baselines/streamspot/gcn/seed_99/metrics.json,575,26cc7704e8c7edfdefe5d5f7c9f51fe6e427a351eb6f9916d3c28b71cd842e0f
v2_baselines/streamspot/gcn/seed_99/node_predictions.csv,21389,13a2e3ff7bdbb1674b819c44f2db3a741573e48ee31e26d929f6805ebf7a18ed
v2_baselines/streamspot/gcn/seed_99/training_history.csv,678,9779104517dd7badb5b14483038b225c8f3e0c4305a4e969d8b0ea295d3a1001
v2_baselines/streamspot/rgcn/seed_11/config.json,379,927426bc4f30773087f7568f160d52ee62232cf66c374d77ae5362717cdf4206
v2_baselines/streamspot/rgcn/seed_11/metrics.json,579,1fcf0f86905def2f3c0554e54849c1cea35f04046c47bf2c6048f70e0a223f2e
v2_baselines/streamspot/rgcn/seed_11/node_predictions.csv,21249,0e6cc1f4157e6b584090f1deb9227c97fb090cebd6cdf476a98a1e656b9d33c0
v2_baselines/streamspot/rgcn/seed_11/training_history.csv,800,2bf3db4586e8420bb72fc3d3b0487e936d44cf2c79fd7358954b0cbb84f19907
v2_baselines/streamspot/rgcn/seed_110/config.json,380,56ee8be5838755db9dd64b75db2830687c86c79ba5e0e6270146e4b3407c64a2
v2_baselines/streamspot/rgcn/seed_110/metrics.json,568,847cfdc664f6aca298dec2e5a61e018789ae29218a0810dcebbafd759e95b918
v2_baselines/streamspot/rgcn/seed_110/node_predictions.csv,21346,4a707bc5284d3d7fe81f00ec5a4ed3f504c64b3106b35fb9898e5da230be8608
v2_baselines/streamspot/rgcn/seed_110/training_history.csv,965,2392ee15b44d3b98d2495a690110b0ae543fe618ebfe6e2b7ff1d1cf70759377
v2_baselines/streamspot/rgcn/seed_22/config.json,379,54bf4cd43e35a8acfd4d686304d88ee59e796dc4f6bac9b74e16e8209f14dc69
v2_baselines/streamspot/rgcn/seed_22/metrics.json,579,7c75e589c57cc90528439268bc816cc57f4ffe3ed5a65df2808c4286e9f9894a
v2_baselines/streamspot/rgcn/seed_22/node_predictions.csv,21239,f0fc73706cf729dcee7604f2f77fe59df385fe9b7f92d382955e2a7f78963936
v2_baselines/streamspot/rgcn/seed_22/training_history.csv,964,64a2f23c05440fa4514f84abac96ab3151e90ab0a05778c09d50b6a2822c4a27
v2_baselines/streamspot/rgcn/seed_33/config.json,379,3aea285e329d6dd679db929cbad364a67775311b437cd6c4c866238bcde2ab0c
v2_baselines/streamspot/rgcn/seed_33/metrics.json,580,f0e637aac0e2b9e89258611d8310af42018851f4456bcbaaf96865623bf988e8
v2_baselines/streamspot/rgcn/seed_33/node_predictions.csv,21279,d986b63c5d9f029e7b932b724e4396e9cdd02cf0364a84aa2c313109523b5ca0
v2_baselines/streamspot/rgcn/seed_33/training_history.csv,1169,7f909b267e64c597393cc9f736e47a8bb00f00b74042bdf46166cf1155a508e2
v2_baselines/streamspot/rgcn/seed_44/config.json,379,c4010933bd4291cf282df582cff30ae3f1ea1f3e46a248ab23440e5a06d69a59
v2_baselines/streamspot/rgcn/seed_44/metrics.json,583,7e2840b3049e4ee4dafe543c17cf41868f4aa7358a275a0ec5f1785970eb0cca
v2_baselines/streamspot/rgcn/seed_44/node_predictions.csv,21266,f37d58cc02cc905d0b18c9f88e23fed3b40db752b96dcfd72b2eb4393b94c660
v2_baselines/streamspot/rgcn/seed_44/training_history.csv,1330,3062b1ca00504cea103ebd145be22187af5a173834849b4bddae38dc21aa74e7
v2_baselines/streamspot/rgcn/seed_55/config.json,379,4a28a31aa0b7d03002dab135e3122ba06b970028fa33dbd6871369971df3da1a
v2_baselines/streamspot/rgcn/seed_55/metrics.json,581,a16b5787227f17a2fb95a7ac50b7132f566c04d0a4260657b7fbf6ecd93b2312
v2_baselines/streamspot/rgcn/seed_55/node_predictions.csv,21263,689236768be8cd49173d0e7a4321af5197eb9ba584e0c302531893a364fb9941
v2_baselines/streamspot/rgcn/seed_55/training_history.csv,881,2dd90eaee7d7ef6510afaddd6a2e4ff64c4d65f19edaa9dbf18ae356e0ae38a3
v2_baselines/streamspot/rgcn/seed_66/config.json,379,f7ebf1c9db318cb0959a4c1c68574cf054178854cecd8138f04ee99f0c91f3a9
v2_baselines/streamspot/rgcn/seed_66/metrics.json,583,3f16eaf1b9f2f5d9cf60abe114b95726b714aa12f9f09d664dca45cb358f952a
v2_baselines/streamspot/rgcn/seed_66/node_predictions.csv,21248,a778172c20f20849e952af78c18339987aa3cc7a2929e77288e8b5f9e49e35e9
v2_baselines/streamspot/rgcn/seed_66/training_history.csv,1292,d1b038870ad7bd131f8d16d3bf5c485457b4d5c2f0ca5fb1f1c8a2a4396ff39c
v2_baselines/streamspot/rgcn/seed_77/config.json,379,91a732fcf775fe7ab8a45f30614d63fc4835e5183b91477e15343bc16f548a64
v2_baselines/streamspot/rgcn/seed_77/metrics.json,582,57cccc84ab5d7755671d16d64871a8665f1b29bea0da10bc772adea427e4172b
v2_baselines/streamspot/rgcn/seed_77/node_predictions.csv,21390,e6d29d6530454b5d2d8f72ad7e08738bdc8a95fba1a503501f0f0ec9378f6263
v2_baselines/streamspot/rgcn/seed_77/training_history.csv,755,b014a8b86f92bc2a7a28ab9ccc431df69679368efbecfe8189d92c32b7437bda
v2_baselines/streamspot/rgcn/seed_88/config.json,379,38cc43b42b4026ccfa684b9759166586305f6998a01095c0116f053829fe08c4
v2_baselines/streamspot/rgcn/seed_88/metrics.json,580,a3d2e760a20c8ddeddf5282dda2c39385867822cbe270b96689e0b9db226c438
v2_baselines/streamspot/rgcn/seed_88/node_predictions.csv,21335,bf574ad17a3ab32c05442e744dcc15f1c7e4e7b2a67ff07615d758380df6de34
v2_baselines/streamspot/rgcn/seed_88/training_history.csv,797,b29eff64d6c7728b9f2d06e8f8922c35ca968a4dd1be98182d3bd0590c05d6e4
v2_baselines/streamspot/rgcn/seed_99/config.json,379,14eb1814c69a72ae195ad281e4afd0bfe8d4261b3658f8432050c29692b3c2ea
v2_baselines/streamspot/rgcn/seed_99/metrics.json,582,7268c5e7abf1a94e02ca99ea837e5c2f55ec1b9430295a1aae5330cbf08184e0
v2_baselines/streamspot/rgcn/seed_99/node_predictions.csv,21350,60aac90efaeb5b937d9b836aaa119af8cd3fb12f1ed6792747a634008e96e6ff
v2_baselines/streamspot/rgcn/seed_99/training_history.csv,1169,410eaee2139ef8e5c0ac464fa59daad1cd76c0e30bed3ad04566964da937d339
v2_baselines/streamspot/temporal_gat/seed_11/config.json,387,22bd4825130ff6202b0bb438661fec767f07058917e3881faad681bbd2497720
v2_baselines/streamspot/temporal_gat/seed_11/metrics.json,588,5c759fb568bd14907a6206ab465229c879223f435da9a1d5d8de444dc353e2d6
v2_baselines/streamspot/temporal_gat/seed_11/node_predictions.csv,21303,df4f4a1da6f16e6f30deac0eaba41f2b93b27e8014b798d534f1ea81ee853b19
v2_baselines/streamspot/temporal_gat/seed_11/training_history.csv,473,5901aa73fdd5b336f7d6c919e0ae08fcd158d9713ccd73130a9617516ec5e1fd
v2_baselines/streamspot/temporal_gat/seed_110/config.json,388,2f08d06425f4538a3e6aa0ba0259ccd253748d914d891e4b8a4bb4ca23ef34fe
v2_baselines/streamspot/temporal_gat/seed_110/metrics.json,560,13fc50d7b2c21c581c054251869a8934d9661b25d57fdeb352e700372c274f00
v2_baselines/streamspot/temporal_gat/seed_110/node_predictions.csv,21336,98ccd34a31844c302c05f58a8f65a8104ce52b6ab5bf1126c940bc18a0932a4a
v2_baselines/streamspot/temporal_gat/seed_110/training_history.csv,474,83267cf04afa82576bfa4b7626fa4605c03ada5224f381662a5174eeb3250630
v2_baselines/streamspot/temporal_gat/seed_22/config.json,387,59dee26538d0393ebc683b052d8aa9d130e7df79b066a558b62a290c6b86754e
v2_baselines/streamspot/temporal_gat/seed_22/metrics.json,574,824f0ed93145fb1b7293776c82b4b2f96dd65231684a3c755ebf44925c63d8f1
v2_baselines/streamspot/temporal_gat/seed_22/node_predictions.csv,21232,e494914a27d618a90b1975582287401852f5547cff34b0dc9177bb87de50f0c8
v2_baselines/streamspot/temporal_gat/seed_22/training_history.csv,468,dfa8fa3ce6535d582781539f8011c7cc6302c580f5ef6d67964f26f57b39a397
v2_baselines/streamspot/temporal_gat/seed_33/config.json,387,5c255181ab4da52f895a32f6ab57d5d00782c9835cd85a52f3072614c53b36b0
v2_baselines/streamspot/temporal_gat/seed_33/metrics.json,587,ca415929db040c7587bec28f1eace71d606b146eb7388302f2b056b60c1b4819
v2_baselines/streamspot/temporal_gat/seed_33/node_predictions.csv,21205,453867e80b318ed0c05c46cbedbba7d3cffb8240f2b0faf8e84a7e49e72364ee
v2_baselines/streamspot/temporal_gat/seed_33/training_history.csv,474,a2e5f164f2aad6198f936975ccf15c841b7007017a57358aabe90b1d6b86e6da
v2_baselines/streamspot/temporal_gat/seed_44/config.json,387,f30179b08a53c25074e4eab2486524784a79641010f30f4f6dee969a7cdcdf4d
v2_baselines/streamspot/temporal_gat/seed_44/metrics.json,586,616db64b5f682c3b9fea8c2d67793c2e5a1f52bb2c1600e31c0e4236c9867266
v2_baselines/streamspot/temporal_gat/seed_44/node_predictions.csv,21320,3436f14df5e63145f1877b6c83ea447907936656877b7c3a02d6a93f072ecd4f
v2_baselines/streamspot/temporal_gat/seed_44/training_history.csv,473,a6c7fe676db60d686422b1e93b6663d677178c0b33ccc3f1f029e3d126dcfff0
v2_baselines/streamspot/temporal_gat/seed_55/config.json,387,430bd7eedf80e73a68fe4353e550e083086ebbe78cef54f6782747ec62a03785
v2_baselines/streamspot/temporal_gat/seed_55/metrics.json,589,b0b80f8b487db0b98c304b78fe2d374973cce6f73575c6ff1be5cc7fbed36279
v2_baselines/streamspot/temporal_gat/seed_55/node_predictions.csv,21257,4a617647f7533d4257a04abd4b9f768b11baae70cf856a4ad99beecfe1f0f3dd
v2_baselines/streamspot/temporal_gat/seed_55/training_history.csv,473,7a550a6054dd01f78533fd9b97631c5d8b80047856e75460a89039fa97a1e511
v2_baselines/streamspot/temporal_gat/seed_66/config.json,387,e4704d279a81d1e26de91365c1746d7280724ff0189aee5162d4131b5663d5f8
v2_baselines/streamspot/temporal_gat/seed_66/metrics.json,588,6f3c64beb19fb0c28a15bbb20e274cac2ac447d144d24209145db876dc959834
v2_baselines/streamspot/temporal_gat/seed_66/node_predictions.csv,21271,efa56a5f2f466a7c9608fc13df4412dea572cd24338f560a7d46a3408c9ae260
v2_baselines/streamspot/temporal_gat/seed_66/training_history.csv,474,ce6f78213d2c897d1c70b3b2094b88ba26edab617799ebfd4340e2ecfbaf4c30
v2_baselines/streamspot/temporal_gat/seed_77/config.json,387,6b2d7965af49569cee345cbedec4fae4697329912d03959afd9c078e28b03eef
v2_baselines/streamspot/temporal_gat/seed_77/metrics.json,590,563e2aba1a4d48011c6ed1af66f43b6c61bf9c6221320de8cde0772b3f6e18d7
v2_baselines/streamspot/temporal_gat/seed_77/node_predictions.csv,21424,f99c9cbfea2d13ebf721fc42cce6ae37e6f86cdc05ecf6ff88c000778aff05fe
v2_baselines/streamspot/temporal_gat/seed_77/training_history.csv,473,12b1056a75b4716a474ef7f939499febe86190926dce7cdff5b182178c4cd3bb
v2_baselines/streamspot/temporal_gat/seed_88/config.json,387,ed8c37258a6761905028a48e5c1e5efb457f4897f13319f69abd71d0d266ee3b
v2_baselines/streamspot/temporal_gat/seed_88/metrics.json,588,ec1fd78158ba6c398e709c0221f3e0dd4f4c74d32cf4778d9d751c371ad32436
v2_baselines/streamspot/temporal_gat/seed_88/node_predictions.csv,21218,5fa75db2164204297e747ffca9ee38353289ca6631c4027031633aacb6591c55
v2_baselines/streamspot/temporal_gat/seed_88/training_history.csv,553,b5fcf884c27add53313350a60d10e2d12f5d37dcb53cd72a3990bce9e94dd5e8
v2_baselines/streamspot/temporal_gat/seed_99/config.json,387,cea1c5ee6e7b511272bc529b2b6ab958a3a726ed4f57cd11fe852b55c3070c90
v2_baselines/streamspot/temporal_gat/seed_99/metrics.json,560,dc440afc740508697882de3abe46252a76915d9efd01f07d81b25409ec1a609f
v2_baselines/streamspot/temporal_gat/seed_99/node_predictions.csv,21257,cbd963c10c4505ad8c171311623bfa450f6cdf8d59b03e0135d70e1e6e41cf15
v2_baselines/streamspot/temporal_gat/seed_99/training_history.csv,475,e30c00efeb3beb4b40c404ff82e8943c32425682aab649cf7615b859563fb952
v2_baselines/theia/gat/seed_11/config.json,373,dc346464f52e90352acebbc848e27886fd158b6805dc4453089ac214f594ba65
v2_baselines/theia/gat/seed_11/metrics.json,567,8733c72437e9a10043d487634f7e4ecf4240a7f7f095ec36daf5bed5092ffbf5
v2_baselines/theia/gat/seed_11/node_predictions.csv,23811,e3875c86b084ccb0979a11b6f815d79e16d0138a9ba7761653da7391aa0f3691
v2_baselines/theia/gat/seed_11/training_history.csv,2073,b046a71033626902fa765cfd000f2bc14074df6a8cdcfd22c55b751339c881d3
v2_baselines/theia/gat/seed_110/config.json,374,498783049362fd7647fe9b28057236fcf8b95680a3e5025f1f7ca50c64ea124e
v2_baselines/theia/gat/seed_110/metrics.json,567,1ff8897f96cdc0b62955184ac429a33dfce58ed49c07f2b962717e25a64fa6ed
v2_baselines/theia/gat/seed_110/node_predictions.csv,23983,42806a6104de16eda6afa0292008fd839978638a720b3dde90f7bd21db73fffc
v2_baselines/theia/gat/seed_110/training_history.csv,2088,26b0d5a69e83c0195475a2463ce85797893ede3cf9a2634458d44f798b75ee55
v2_baselines/theia/gat/seed_22/config.json,373,af61cb1d56d31d1d0a3c0995b60307c983b4a4266ad022d242966a28e1b87b4c
v2_baselines/theia/gat/seed_22/metrics.json,566,adc7a0b7e30c9c1810df1ddb3e6231a245e82d83dc757ac3fd2fa64f0f62a3b0
v2_baselines/theia/gat/seed_22/node_predictions.csv,23642,1229d53bc4ff91c31224d6f510d258ceca5dd9a4cdae0305c9184bc2418855a9
v2_baselines/theia/gat/seed_22/training_history.csv,2079,f3be5374a483156fbb4e9f94816ba7a9eae8388b9637b807461c5b168cc60d2f
v2_baselines/theia/gat/seed_33/config.json,373,06b4793f9a740a9c33bb2992a42b55fb4cdbc855f97d1fdc6c57cef1f21e5edb
v2_baselines/theia/gat/seed_33/metrics.json,567,5e7d64452c54f25f602ac2c2d4856c7dac12bf88c17b7245a08d579404e728e8
v2_baselines/theia/gat/seed_33/node_predictions.csv,23832,203a56ffa74e63a7e12f3f019395746e5de2787b67f5d87b961364fb2c2c8775
v2_baselines/theia/gat/seed_33/training_history.csv,2079,b8a7b6c2a8556d83a817f21733606af613d5b9b6482b52da1b9423e5b30b6510
v2_baselines/theia/gat/seed_44/config.json,373,c46984677ee237284abfc7726fffe0f1ef3de38af909d695e041d90f17e965ef
v2_baselines/theia/gat/seed_44/metrics.json,550,50b3c86a2b4373f40096c6d15428689e4a4fc37c132e06e96c86d1bebe4b79f5
v2_baselines/theia/gat/seed_44/node_predictions.csv,23816,0c43e5775e60fb598a5073ba9ccc688ccb73b9a6daf91946ead70c0a1799a1ce
v2_baselines/theia/gat/seed_44/training_history.csv,2093,6b5936e3dbcd946feb96cb039eb4ff683f801735e97c9951709c6e8eff8a35b4
v2_baselines/theia/gat/seed_55/config.json,373,fa4b5adbdaa534e31e3ce1d21bd524f3f0b747b53ec06861064ad7e49a43312c
v2_baselines/theia/gat/seed_55/metrics.json,567,094559c405a0fb4ea0f53bd59b21123ab7d79de50893fd4768de79de3e92f011
v2_baselines/theia/gat/seed_55/node_predictions.csv,23536,f3b952577d61bdc74f0116f62c415898a0528f83a19e0b8bc32d5b5030055225
v2_baselines/theia/gat/seed_55/training_history.csv,2086,63ab555d8d3834b5fe07fa083eeb9bc83ccc43e3dcc2140dd98d61219fff2433
v2_baselines/theia/gat/seed_66/config.json,373,b2d80f760fa6c7aa63ed65c71f264be0c5f7a84eb3ce38cb6d89c974916a4cab
v2_baselines/theia/gat/seed_66/metrics.json,567,4599de6ef8389711bbc7e64dfeb87e1a1ae203d7d6d61e0e92559f66093ce081
v2_baselines/theia/gat/seed_66/node_predictions.csv,23802,128567142976da7abdaaf76376707bcc859850fbc9e4c3689694658acdea846a
v2_baselines/theia/gat/seed_66/training_history.csv,2073,3545bf5f3b90fa7a292c2968226d08e8775df41817c530fd1a1ab96630e0cf43
v2_baselines/theia/gat/seed_77/config.json,373,9a92a9be0df0582094067e5f0646f2f2bb9fe0aada0c9315d284f019b085deb0
v2_baselines/theia/gat/seed_77/metrics.json,567,c2f5cef29499c8995f906ef324c84a37e9ae7e8a2bd6065f78875e71a41e72da
v2_baselines/theia/gat/seed_77/node_predictions.csv,23731,a0f1e2a94aeb7820f7e2f07a0543d5238b7af759d7a8bafe61baf4d6d4af1907
v2_baselines/theia/gat/seed_77/training_history.csv,2082,4fa5899f4ec9afe26786143a62c866d6833730c92cd8c77656324390d606eb51
v2_baselines/theia/gat/seed_88/config.json,373,06c22d18a09d087e0f7b8e7eb90fc642366ae34bbe0dd77af35afff20ffea847
v2_baselines/theia/gat/seed_88/metrics.json,567,f71ebf013a88a37dd83f23e26ff14cad7914f679e16f791027f51b241a19d4d3
v2_baselines/theia/gat/seed_88/node_predictions.csv,23405,d384021cc58a21433e56b088682b8aa3bb9374973e8d28f7788151b75865fc50
v2_baselines/theia/gat/seed_88/training_history.csv,2081,228939e5151e9fd87363990534ad86238c3d22341d8b0e7a93108af964b8a744
v2_baselines/theia/gat/seed_99/config.json,373,c728d074de892fba0394b009d68e01b1c42f9c89a615dce98064100f9ccb97e0
v2_baselines/theia/gat/seed_99/metrics.json,564,020bd9a11bb7a99064d95670652b3d73aec585e3f0a2760c4bafa57a85096ba0
v2_baselines/theia/gat/seed_99/node_predictions.csv,23789,cb8fe462d3c1f43afb9b0b85fbb7d9d8c1740ce6495072bad8330c686032e571
v2_baselines/theia/gat/seed_99/training_history.csv,2083,11eb3cc8e04e677bf33676b783b932efe7e78c00a24e44861580bfc03f8a432a
v2_baselines/theia/gcn/seed_11/config.json,373,884b9d041be941b7dc83818c790cdaa3395a9169b0d1c760ccb1c333b2839c3c
v2_baselines/theia/gcn/seed_11/metrics.json,550,b6baabc37f41307cd5c09ec939e0a70503471c6880c213d7d80330596d993ed9
v2_baselines/theia/gcn/seed_11/node_predictions.csv,23802,489b56f4f0d2cf0a59a4ca3ca0aa76175980004b6624b51431631bbf44b41531
v2_baselines/theia/gcn/seed_11/training_history.csv,2062,0e4d848bc767edd9d90ac9b27af2b64f72db549c7fe538f27f36bb40fc61ae04
v2_baselines/theia/gcn/seed_110/config.json,374,4b08953b02ff36d837df892e87f631d18dbdc5e089606d69284146e86eb26ac3
v2_baselines/theia/gcn/seed_110/metrics.json,566,e0c8b832d1e19132e4e587c7db7e16078026e1386ad294a40a47dd9877bca6af
v2_baselines/theia/gcn/seed_110/node_predictions.csv,23616,f2d6e108b3db17e98cf29706729af080330a9f3bd3a396152064f09d684465b6
v2_baselines/theia/gcn/seed_110/training_history.csv,2072,7c5353ab111b5b038972b91cfd7af4fceabcccb885e2e98e71c98a68ca552b80
v2_baselines/theia/gcn/seed_22/config.json,373,fa3dcbc671315b84db1e05fdfd7dec371999855158a8a4fa79029c1bbef33d15
v2_baselines/theia/gcn/seed_22/metrics.json,564,31a5dd4e1d90f4a5f471447007ef507e4a4ac16c451396cb2b9622509fafd78b
v2_baselines/theia/gcn/seed_22/node_predictions.csv,23637,9526dc393253b531d5f1fe7a0041b2090cd76143be802706294fa02bb30d0841
v2_baselines/theia/gcn/seed_22/training_history.csv,2073,209fe8ec7b30b4bc641f0d4cbdf4a77eaebb254bda1b512e4bb0ebd1f4d7bd04
v2_baselines/theia/gcn/seed_33/config.json,373,459cdf99c2aff3acda87a7d6a83272569af06df318ea6ffe49ba0d305b0fe59c
v2_baselines/theia/gcn/seed_33/metrics.json,565,80b158d00fe2220138c446dc06fe7749ec0b82483430927e3833ea30cd361450
v2_baselines/theia/gcn/seed_33/node_predictions.csv,23544,ae67ebfe6325b9ae63c5d4a51e289598d4c6b07526c272e3f5882fa9740aa806
v2_baselines/theia/gcn/seed_33/training_history.csv,2074,759d5aa0772e5b15ee7ac4d8466e8214cb32c3f4ec03a0c929f6a25679d93d8e
v2_baselines/theia/gcn/seed_44/config.json,373,882048e6727038e08b92dc559ff4e9c8f77ff3465ef2504f74fe8d3d9f363394
v2_baselines/theia/gcn/seed_44/metrics.json,565,29ba811f40dae34e2ef67cc6281ec40f2218f12b0babb668392fe012c0e38a35
v2_baselines/theia/gcn/seed_44/node_predictions.csv,23872,982f3e6dd60a02df9eeba0c8ad3889fbfa3b5fe3bba9152519848475cafea10c
v2_baselines/theia/gcn/seed_44/training_history.csv,2066,2021ec6641857717f3e8992592bc2faf5808916c770994fa5ecd562871f57b1c
v2_baselines/theia/gcn/seed_55/config.json,373,7e75cbde22c74b006f33a65fe42d7f71d43789c8b40941f70c3169e1b998eee8
v2_baselines/theia/gcn/seed_55/metrics.json,564,8ecb3fd63843dc12e4cce5538863d528680cbdf34da124f9f2368cb631fcad0d
v2_baselines/theia/gcn/seed_55/node_predictions.csv,23637,286cc05a2a8455b1cab49f3dac0eb415d6cccc507654fca809fd30cefee0f6f7
v2_baselines/theia/gcn/seed_55/training_history.csv,2069,1045d13ec69e8ab92fe3b2093830311472f906e18620d52f598bafb188b6a79b
v2_baselines/theia/gcn/seed_66/config.json,373,0fe38624029042aa41d50f9d5b650323c5828ddbf6c5a8a45b17d286e30b8878
v2_baselines/theia/gcn/seed_66/metrics.json,578,e28b69a909b995a7543bb5736fdf4da2fd11f52f7d750d4364e149927e75aebc
v2_baselines/theia/gcn/seed_66/node_predictions.csv,23467,972fd85beebd0384fc60836ab753a8f0f2b4deb9ffbf577d38b4507751f9dc6d
v2_baselines/theia/gcn/seed_66/training_history.csv,2069,8c02c63079e36626ddb406ee76d3c6e5585486c310230037c1c753f28b4aea47
v2_baselines/theia/gcn/seed_77/config.json,373,4f82af43efe88c8813efc15ca793e2d16014c728326e39f42af797041b0aacf8
v2_baselines/theia/gcn/seed_77/metrics.json,565,2a2eba20a01aabb571022e64091c72462c7c66c51557d704b11663c2a0c74950
v2_baselines/theia/gcn/seed_77/node_predictions.csv,23832,ed0476efe8b7bd62e2dc0859ce5dd09a3a4ab61be04653bef4ad214d27989f94
v2_baselines/theia/gcn/seed_77/training_history.csv,2080,9ba0ae813732b1b84537cb2a6826429f813de00dfbd7aef9e206af915b67ba21
v2_baselines/theia/gcn/seed_88/config.json,373,8ce8986afbbcce4e41127f6555dc7d70e49532b523700af84efe384095c6dc35
v2_baselines/theia/gcn/seed_88/metrics.json,564,0984b895747147c6b4f5c96a462bfc7ed81ccb3db498d5ed7db3a41f32a60844
v2_baselines/theia/gcn/seed_88/node_predictions.csv,23794,0f25a5808adc025445b175a32c2ca91dd8479f9ef6d8e3535346e027e8919082
v2_baselines/theia/gcn/seed_88/training_history.csv,2067,35aed28f1960b99b26bf9895625b5f3058be95daa1d84e04ceadca309a817842
v2_baselines/theia/gcn/seed_99/config.json,373,d16bcf3eeb94c99c59f135170316a12dac1b732fbb2b494e737c0aecece125e3
v2_baselines/theia/gcn/seed_99/metrics.json,565,fa50450303cabf4af9853e238d202a4193a03c489ebb71c03b6f2f8014a2d6c3
v2_baselines/theia/gcn/seed_99/node_predictions.csv,23847,0b7e48d8600f29d324143b9b0a02923a82a78ae77c31a5ce414260522f8962fc
v2_baselines/theia/gcn/seed_99/training_history.csv,2065,43578444636137a30b8013a8a73529f45be9bbe40d3eedfbedf64a18371715d2
v2_baselines/theia/rgcn/seed_11/config.json,374,e2b43d9d5691768f759b6194ad5ffc75ec159f39b69339ec9f5cc011502f6dfd
v2_baselines/theia/rgcn/seed_11/metrics.json,537,f7b3dedb9fb3a95cd134bf60e0af2c6a9c3f007dbc2dd7733150f2ed0a7d1620
v2_baselines/theia/rgcn/seed_11/node_predictions.csv,24471,a7afb375d0e12a6c236c627fabb196816671f72b3e05bc26ccabda18f15465ea
v2_baselines/theia/rgcn/seed_11/training_history.csv,2116,567221be0b7d21cbc7376791222534f4fb85aaefb5ff0de2885f48de05f6ae31
v2_baselines/theia/rgcn/seed_110/config.json,375,bd07ca95ce76264496741d3c55aec8c977c4e77bc2352c329b60d168b8bfa79d
v2_baselines/theia/rgcn/seed_110/metrics.json,538,cadad26ecf604da5a9c2fb4e30c88abb9b2c3edcfc9af88c8ce39ba2a57cda5a
v2_baselines/theia/rgcn/seed_110/node_predictions.csv,24585,08bc017fec4f8aa7a84426f9e229fd5324c6adc707e54036c01ea952de6b17a8
v2_baselines/theia/rgcn/seed_110/training_history.csv,2122,724245905056d4b5e39a39c8e2eabc6b4064a7d47f04cf1048b96decaf61ab38
v2_baselines/theia/rgcn/seed_22/config.json,374,53b2f86249b588529cf17c8af0a7d69ed8d5dffb42613c4c1f4b5206bd874ef7
v2_baselines/theia/rgcn/seed_22/metrics.json,538,e5b45ba8b8e4eb6add0d2fb9dd31b0f1c1fda43a6f6e243fc6773cecc96d2746
v2_baselines/theia/rgcn/seed_22/node_predictions.csv,24453,34da8b5adca3a0e3c557a14c82b88992c24aadf6e3ace2099d42c2df7067a2fa
v2_baselines/theia/rgcn/seed_22/training_history.csv,2123,6cea4549dc63c84390fd4db2813d3dd4525a88c92a6e7066ec37c710e5ba44af
v2_baselines/theia/rgcn/seed_33/config.json,374,c262d0fa5136436c1a1f6197623b5cc26f60d74e7a7d98727b723222e194e458
v2_baselines/theia/rgcn/seed_33/metrics.json,538,90728fdbce1549845cc26898796d879e0b9599acc1d7114a618091a0cf309a69
v2_baselines/theia/rgcn/seed_33/node_predictions.csv,24466,8e504adf684d539107493da52d9844a0c7973dfeca248252afd6f92b7c110c68
v2_baselines/theia/rgcn/seed_33/training_history.csv,2120,6f61bc24970957868fad4d7ad078879bf5e499b52f0e26b3c3b68a5c157edb81
v2_baselines/theia/rgcn/seed_44/config.json,374,99064e436ec2fafb6cee1e731da1b181e18195cb4831ce23a11ffaef840f63e8
v2_baselines/theia/rgcn/seed_44/metrics.json,538,f17a4f4a60cb18517f6887b6cc779b88bdf7ccb3d1ec474ae28739b5b363791c
v2_baselines/theia/rgcn/seed_44/node_predictions.csv,24240,f5435d31b86aff5acf420b90ad5768da660de990ea96a26178eb262fafd9f36d
v2_baselines/theia/rgcn/seed_44/training_history.csv,2123,de138b32a5037ecf286228c6748ffd2b2e00e66d310bcb9bd7237a4d9676ce76
v2_baselines/theia/rgcn/seed_55/config.json,374,ea18616362e32c85ba562ae7ddd6e5490b356327e67443ac867e02b9c9e39003
v2_baselines/theia/rgcn/seed_55/metrics.json,538,a3139892694e83f9ef1fb92aa501bc351580a2ac2715cb2c6a5f4707eaea7ed5
v2_baselines/theia/rgcn/seed_55/node_predictions.csv,24037,5f1f2732172c0eab865292fa65b180cf65d547ec7ef4c4f39062fd1f2911e0e4
v2_baselines/theia/rgcn/seed_55/training_history.csv,2105,74b40c15cfd03fd4665d347e0bcd19a596bbfa418f94a81b49761a920bd6de41
v2_baselines/theia/rgcn/seed_66/config.json,374,fe1014e42253fdff1843776c14fc6d2c35f366e0aa9856ede31236de3dcc6739
v2_baselines/theia/rgcn/seed_66/metrics.json,538,8f3fe9e66b0478115cb022bbdf0f06a8260dcbcbf8b0130016c5ee4ebfd619be
v2_baselines/theia/rgcn/seed_66/node_predictions.csv,24294,4910c77065339801688fe98936cae923c790adc81a547cbb0f7ff01755523ad6
v2_baselines/theia/rgcn/seed_66/training_history.csv,2123,b1761e82f3042cb186413f25ad52ad16a11f95af7101c12b93aebe161dba616e
v2_baselines/theia/rgcn/seed_77/config.json,374,9791b10feb8394598df548f57ec00e28a930abed6d38d3a87f64afcbabf87538
v2_baselines/theia/rgcn/seed_77/metrics.json,538,8cf374928c0b5f612f0c2ac1fa8060953c222530fa40681377e1138bdcf1d2d2
v2_baselines/theia/rgcn/seed_77/node_predictions.csv,24362,96277520325fb811c2659f7cfc6758bc81970f63440af28dd7db5b78022977d4
v2_baselines/theia/rgcn/seed_77/training_history.csv,2114,34f33b7541971d1164db03ed67753b1f4387bf136a0d6dab2ce2fca3cd1c73e5
v2_baselines/theia/rgcn/seed_88/config.json,374,04ed0996a7a2be6ff92f0145abbee941d34c6208741a78a62d9c590157cc9a70
v2_baselines/theia/rgcn/seed_88/metrics.json,538,710d409caa9b9c9253beb35adca78e101cb5e9d8fdc5cc05b7cdbdbda0208aed
v2_baselines/theia/rgcn/seed_88/node_predictions.csv,24500,429de25006f620336af96b96373dfbc183669a9b0801d41aec284b5fe2f121ae
v2_baselines/theia/rgcn/seed_88/training_history.csv,2113,5d675a54c98deebc4a31343ef18d1fc32ac44f19549eff9d2daee969b20de18b
v2_baselines/theia/rgcn/seed_99/config.json,374,b90400b9ac955b623bb8ab2fe6318bef238f34f6309a7d68a95b6b014ab860d7
v2_baselines/theia/rgcn/seed_99/metrics.json,537,bb63080bd1f2b374e47fa302671eea443483572f296a5cae3e1b78bf2afc1ede
v2_baselines/theia/rgcn/seed_99/node_predictions.csv,24275,604b138b0ee13b741405860c128ae06aa3e9608712d29310f5bbd29010bb7b49
v2_baselines/theia/rgcn/seed_99/training_history.csv,2119,39524e7891773c3c34fa84b39d89e930457b42b7ce6070d554cc8eb8c2cef5e9
v2_baselines/theia/temporal_gat/seed_11/config.json,382,66b9a3221d2993a22e16ed4251575b4da3441983983195231f3305d8190ba4e5
v2_baselines/theia/temporal_gat/seed_11/metrics.json,573,53df9daf092325e4aa553940df82505dc582c6aa9320d1c0c961a96291f352e2
v2_baselines/theia/temporal_gat/seed_11/node_predictions.csv,23196,be66152cdd26ed14da8f9d99e54c0f1f1860bb63814dd9358b36758dde8d190a
v2_baselines/theia/temporal_gat/seed_11/training_history.csv,1608,e6effe2fbca8e719ea8630476215fd6f62ff0f56f8ee37ea50d229304934b0e7
v2_baselines/theia/temporal_gat/seed_110/config.json,383,e8f597e6c9023192df22e61defae7bbfcf9e3a347aede010f6f450eb27af36a2
v2_baselines/theia/temporal_gat/seed_110/metrics.json,561,4a10d8ece6b807b9b2aab1313b368ff572b2d8ba80236a0fe3acaf105109b2b1
v2_baselines/theia/temporal_gat/seed_110/node_predictions.csv,23782,8d0f1c580b984f4d8bf2776fb60f81e1921cff361168d452f1c2657cd623891d
v2_baselines/theia/temporal_gat/seed_110/training_history.csv,2079,8fbf3df8369dc63cb19d7b66e99485da3abf3266f7e7b5d9628eff57a24cb7e2
v2_baselines/theia/temporal_gat/seed_22/config.json,382,ce0cae9b150eeda1b0932472a329415e07677572067f8d4bb80e05ae81a55b4e
v2_baselines/theia/temporal_gat/seed_22/metrics.json,575,7c81b435741a5b0cbf71355c0d1425b7505cee00ec81372bc3a9a62a6ce565a0
v2_baselines/theia/temporal_gat/seed_22/node_predictions.csv,23860,4d32d0b6f4f4775d989cd4a18c9ef5af715884963a4835596a00555a88ae14e9
v2_baselines/theia/temporal_gat/seed_22/training_history.csv,2076,49dc89dbf84a0a3ee6b8b34f77d1d1ac3c3d4187ca96abb6ef74bdfeefcd0289
v2_baselines/theia/temporal_gat/seed_33/config.json,382,89301830d573a7fecbe1f22422ef0b643d6c6a552a69b4f1fd1307d86cc0b3f3
v2_baselines/theia/temporal_gat/seed_33/metrics.json,589,92a36c18a8997a9cdf424505183ef4b3fb0ce452c26f0e8e485747f680d32716
v2_baselines/theia/temporal_gat/seed_33/node_predictions.csv,23164,ffd8015cbd0ad5722d2193411d20c46ca91706a90fcf6ebf1557720bbef47735
v2_baselines/theia/temporal_gat/seed_33/training_history.csv,1368,2b26a475e279c0c93a6c67ee6bce1b9d94f490e67f14b4f43dcd75ddd6f6b7ca
v2_baselines/theia/temporal_gat/seed_44/config.json,382,4609f9b433092dccf656267c6cf7e107d95cf5a05b253435b58fcbff717bcb3a
v2_baselines/theia/temporal_gat/seed_44/metrics.json,576,0f6c2ec957ccb966089e7ee02c905ec1869e599c39a11e6b2b49df74bf51807e
v2_baselines/theia/temporal_gat/seed_44/node_predictions.csv,23647,ef1a93c1d3bed7acffcc243aaa3ef34ee978f3dd77759de6a7a4a24ffa0a0562
v2_baselines/theia/temporal_gat/seed_44/training_history.csv,2081,20d11fe9e75ffa2561882da7eddd61153aa69241f9df9fb865d7527ed3684838
v2_baselines/theia/temporal_gat/seed_55/config.json,382,0290d978eef23d80c70dcdb231fb3523d3606e1cd10cd6f14347cd3b71e0ce1d
v2_baselines/theia/temporal_gat/seed_55/metrics.json,560,fb4710b4c782b3944640a814677e819c73deef646c47e5276e9bf4f2127bfc36
v2_baselines/theia/temporal_gat/seed_55/node_predictions.csv,23817,6692e5f78aae872af0fa05bc55fe0b1ce8846ec3624d1d51ed983b24ed570f4a
v2_baselines/theia/temporal_gat/seed_55/training_history.csv,2076,12ff9fbec65c9bac70c6a4bb436aece0993d72788f7e62eb9b7ff0d999829255
v2_baselines/theia/temporal_gat/seed_66/config.json,382,4b6d0e70a4707cd147e181159a23c9f805aa4a4bf9afd424798f2e5701ab7e6a
v2_baselines/theia/temporal_gat/seed_66/metrics.json,589,55891510c9541d6e430584879092a9f7975941c8603750fdeeca80f86f339658
v2_baselines/theia/temporal_gat/seed_66/node_predictions.csv,23876,749e28f35eaad2ad782fae51ffd425750be0ae3c87eced7e9ae19dc320549a25
v2_baselines/theia/temporal_gat/seed_66/training_history.csv,2065,367b0d4c9707444a721cc56b801e4251faf3533e53dd791ae80548ff7ea227e6
v2_baselines/theia/temporal_gat/seed_77/config.json,382,65110cb721c7176c14cf019453d110913117c4f805a9755233e95c7f3f3ff4ee
v2_baselines/theia/temporal_gat/seed_77/metrics.json,589,bf2ab4493888ae4d1afc555887a5d4fbbcfc5e808848b2dde74178152694aa38
v2_baselines/theia/temporal_gat/seed_77/node_predictions.csv,23360,d80c52e71f967704748237f877474a90e981927f25e235ad9d43c244063c71ec
v2_baselines/theia/temporal_gat/seed_77/training_history.csv,1700,487671148ba0226c6f9a7d7435ed4bdf3165e18bcdf561363af3ff7862d39cdb
v2_baselines/theia/temporal_gat/seed_88/config.json,382,63fbae2b416e987f1bd38bcc89c5058ad618fe9f5e443aeec8fd656401512e0c
v2_baselines/theia/temporal_gat/seed_88/metrics.json,590,952d1675c6b58301ed4fe4d6b8d8990b9abd73981710ec45a3da7edfc32bfa8d
v2_baselines/theia/temporal_gat/seed_88/node_predictions.csv,23897,9746692c48b184f91eadb9d139306fa723d4ac961c8f2fd3e34ed16d4a3ccad9
v2_baselines/theia/temporal_gat/seed_88/training_history.csv,2077,e01eb227295a53cef93f5f169d8ea09d27870c9770f55c3e84c25ab368e00ba5
v2_baselines/theia/temporal_gat/seed_99/config.json,382,e6ac5fa17eff6f56fdcb418698e0a233876656684c2ec8b2bd3082475e571ed5
v2_baselines/theia/temporal_gat/seed_99/metrics.json,560,d63d6f1637bfe5f3ae6a1f18ec9868c17f103ad92db6e50625b05548d9f691e1
v2_baselines/theia/temporal_gat/seed_99/node_predictions.csv,23679,04adc7ffca47cdebf04296090dbf22831a27b38b8d9028091c7415d8f9907a51
v2_baselines/theia/temporal_gat/seed_99/training_history.csv,2073,06d46b825f48093a2f01edac2489a91497afafe8dbb4ccbce6a47efda034b3ff
v2_baselines/trace/gat/seed_11/config.json,373,8ce6c16873114a012040879aa9cd44c05da9f43d4113c2d695ea396ad3dc6bc7
v2_baselines/trace/gat/seed_11/metrics.json,570,1c243138f614bf8453272ceaa610dfc4234e032d508415bece4d87df4d5fe49a
v2_baselines/trace/gat/seed_11/node_predictions.csv,17907,35d1496b2f372d5075ee26a7f4ca1498aa57c55b056d9cdb6909dba84ba3005d
v2_baselines/trace/gat/seed_11/training_history.csv,1767,32a84db1a52b083ad266bd63b523aab1822b644c17dbdf2d2ed5ab26f24b7a8c
v2_baselines/trace/gat/seed_110/config.json,374,a822e321cd18e6190fd0ebf6b63361cac6cfba5340de1bf7a020239b8a96c37d
v2_baselines/trace/gat/seed_110/metrics.json,541,7cef1acfc39aac778388e11a221c8cc0433289b74d46ad02ad1088ea89d6f9aa
v2_baselines/trace/gat/seed_110/node_predictions.csv,18097,49df6528ed4abf9e24a17789f6de8e6e84ae0a99550c6ae96c9c3c750aba9bfe
v2_baselines/trace/gat/seed_110/training_history.csv,2058,41fa7d344ea4b691a1b7e9e44cce80c724d6e5b4a4d880fa645b9415a23e00ed
v2_baselines/trace/gat/seed_22/config.json,373,d68664176e4af745fbe5b7b802b73ebdf17e033041ed6ba2acf41bb4f7bd033e
v2_baselines/trace/gat/seed_22/metrics.json,523,0696a64a97cb5c1c9769836d3f573f0d8539c4b2a2a19d43036ab347859af8a1
v2_baselines/trace/gat/seed_22/node_predictions.csv,18100,19a09d76d961aa1be5717c144eb28edf0134263bb0b7377e0a0164437d01293b
v2_baselines/trace/gat/seed_22/training_history.csv,2055,57efed28a1c95ce756113a9838405ea797af6907196510ab30b3bea757d42d78
v2_baselines/trace/gat/seed_33/config.json,373,52f8a9c791ccde9d05f6d7deff884dbf51f8e01b81aff6eec76bda92ce84fac5
v2_baselines/trace/gat/seed_33/metrics.json,537,002f7f1025ae5a7329dec9e0b7bc2949f85ab2b1fad9ddabda3eae33d2cc91c3
v2_baselines/trace/gat/seed_33/node_predictions.csv,18204,18b867437b8096a6efb9a23c3d439b4a93303f649e1fe5b12aa6302f609b26cc
v2_baselines/trace/gat/seed_33/training_history.csv,2016,ef37f1d6e6d8c30f83815bb4d5e9fa7f62225fc6ef09e776450492420e359d90
v2_baselines/trace/gat/seed_44/config.json,373,3cdff2f5b1ab39a8652f2e52fd5300dd7af2d03f81687214c3f0fd0c51e51d83
v2_baselines/trace/gat/seed_44/metrics.json,522,1c47602b73b9e1520b727b6c4acfdd87382965f44ac7e4853014a261597d508e
v2_baselines/trace/gat/seed_44/node_predictions.csv,18270,a1cb55d14061bf821ff62929d282d9fc4f11d0bc970deaab38a28044796df92b
v2_baselines/trace/gat/seed_44/training_history.csv,2050,fe734c9053fb1e80cc548fafa2fdaad4256e009c5fe57d70d3054e3d6e1577c9
v2_baselines/trace/gat/seed_55/config.json,373,e494ef4cfeec1520f8f7670e895ffc12ae858059484dc69f6729735dbf46bfc7
v2_baselines/trace/gat/seed_55/metrics.json,553,fdd7a8991ebb2227517e10f9d241ea86eaf4e45592e40e90acfd0aa72ac57e87
v2_baselines/trace/gat/seed_55/node_predictions.csv,18120,c65be83b735aba11b3d7db22e2f5e687c7552e3e06883a872a055b4e26d9c718
v2_baselines/trace/gat/seed_55/training_history.csv,2051,a61beb90ea6b0aad83ab3a0c7c4ea8383e04c5767eed0bb7b9a904a350513096
v2_baselines/trace/gat/seed_66/config.json,373,42122c2105799730736a464aa0626d5b02f8cd3a01fd770f583d396d9dd1778a
v2_baselines/trace/gat/seed_66/metrics.json,539,d6090bd261009f6255936b6f5801343d8bfcaa55c9a5e0c07f04c1f5be9ef3a7
v2_baselines/trace/gat/seed_66/node_predictions.csv,17921,f6e187f791e8c1b9dbd5e91c7fbdc1eeea966c78899144efcd9ef163a0400b91
v2_baselines/trace/gat/seed_66/training_history.csv,1771,8ab04170edeb04413e6d5b11993f80f1ae59ecb09731180f8d6d8cdefea3d761
v2_baselines/trace/gat/seed_77/config.json,373,b40c7e759dc2b8aafa68e9d1da197c9c750fb110c9b8086b36881b3b4da9d5dd
v2_baselines/trace/gat/seed_77/metrics.json,569,d65ad37c62df821f97d3e2710f246c7cfc20af7f2ac99563499b6826f27b0ba2
v2_baselines/trace/gat/seed_77/node_predictions.csv,17916,af7725c7248081b89718955499c2da70af8c766a720535b63c87b427dc5e5625
v2_baselines/trace/gat/seed_77/training_history.csv,1484,b413f5da22f56af7779ece24e34b5678b31ee1434be782ce2eae08225ef1b1c2
v2_baselines/trace/gat/seed_88/config.json,373,6eac556aaaa3e5b54cb9baa5bc1df820ed8914f77cce8cb509d7c4581fca1da5
v2_baselines/trace/gat/seed_88/metrics.json,539,12a5d8d6cdb490dd4982b996f09976869a0d4df8edb76316b3163ca0d91c1064
v2_baselines/trace/gat/seed_88/node_predictions.csv,17910,db1ad4210f771e68847705f25ccf099befaafcaa89521a464732a72ada08390f
v2_baselines/trace/gat/seed_88/training_history.csv,1734,c94fdc8e73ae73ea578eefa3013b44396ad3940505cdfc5a262997301635d2be
v2_baselines/trace/gat/seed_99/config.json,373,a11201735db384573fdc0942a9fe60ea99d4029dfa52e4438ff514601c5b2401
v2_baselines/trace/gat/seed_99/metrics.json,555,81a4a798807976771c148af2f03728963d7d79f2d7b35f8b4676bd49c93a704e
v2_baselines/trace/gat/seed_99/node_predictions.csv,17920,fd552dc07655ae52670ea1b8297a519198649c84fc3515a56407339dfe2f8d78
v2_baselines/trace/gat/seed_99/training_history.csv,1646,e6687af72d82c8aabe6683a724daee1cbf8716db4e87cdc547d668c33d4ba338
v2_baselines/trace/gcn/seed_11/config.json,373,e1d28eb7fb7c431cb87e891b19e90f51eb8058d97c56294be66aca6df4bc557e
v2_baselines/trace/gcn/seed_11/metrics.json,509,b9e2504d34d3c4f1c04728764a53a0ff268aa42623d95f5c9452aad7c2c5a265
v2_baselines/trace/gcn/seed_11/node_predictions.csv,17940,98fe5e8ba59bff5fbc0636961cf722701400220c14e1f100f6f31250571f6aa9
v2_baselines/trace/gcn/seed_11/training_history.csv,2064,464b7eaeb95e017324dbf18bc56b29bbdc13db371c0734c5fb59cd5d21dc6f97
v2_baselines/trace/gcn/seed_110/config.json,374,f3cdbbfc93ec0f3f617d03ac16a2876b05d0c7d5538a9f0cbfa2f35dc2bbcb7a
v2_baselines/trace/gcn/seed_110/metrics.json,539,5a3b8f933228f217249777e09d9ed175612e6c0b2672c8914676c010716c3a3c
v2_baselines/trace/gcn/seed_110/node_predictions.csv,18200,4098d8fd10bc6b9732b3851eae251cbcae68bcd14edca7898aa58404902634e9
v2_baselines/trace/gcn/seed_110/training_history.csv,2065,b8f9364cfd42a34fe909f8c105ca000e8f67a98dc99e6537b1e7942cb28b3d71
v2_baselines/trace/gcn/seed_22/config.json,373,7fc3ff36d238469b94b9dc6fc3471265e3a18f671dad1f0b2dbef91b001e7d5f
v2_baselines/trace/gcn/seed_22/metrics.json,523,2101f677cc794e78ce4fd71671e5a45e5710d5d8ed3432c1de93933b3f361a5b
v2_baselines/trace/gcn/seed_22/node_predictions.csv,17900,d0b584819b661b7d013caab457e9a46b540e3a2cb69855dfd74fd8fe45b8c5b3
v2_baselines/trace/gcn/seed_22/training_history.csv,2054,185189a63cbc9f8272ed2b5efaff7ae4675b744b2f422d2753836c82ca31feef
v2_baselines/trace/gcn/seed_33/config.json,373,7ee66e2076a29df55a630c9c29afe9da0c21392efce2a69aacebd9dfc18fc2c3
v2_baselines/trace/gcn/seed_33/metrics.json,509,36091a16d61e7cb44b36a0a2a49b0f4951955114c000cc4c3e1135f10f4c817c
v2_baselines/trace/gcn/seed_33/node_predictions.csv,17729,b40c1b043f3ffe869653a1f89518680132765b94b7bcb20736bcda9e1219c914
v2_baselines/trace/gcn/seed_33/training_history.csv,2056,04414f6c475e22c2a6e9aae37d25b37f744e39121989ff0055bb1bfb6b6d4a78
v2_baselines/trace/gcn/seed_44/config.json,373,a36d091a7b5b5eadf9c4415d00e96bbbdca64f677e85b08c7f467ea5e6ac9ce6
v2_baselines/trace/gcn/seed_44/metrics.json,509,5dc01774d18441fb0b547c9a2f488376fb6d6a28df0afabc1af2f2c480b292d8
v2_baselines/trace/gcn/seed_44/node_predictions.csv,17913,0e120b649d5dc7f587f010d96d92fafee26d37eeef221f20c812f2d5a46ec7e2
v2_baselines/trace/gcn/seed_44/training_history.csv,2060,9992df5e06d1cfe360ccebfb43b06f2ececf5df0e18fb672e6ab4e5c48f4fb70
v2_baselines/trace/gcn/seed_55/config.json,373,e38bf06fc44ccdd753565ec8c56ae28ad89cf69f68e01242b0b23e468ea2131d
v2_baselines/trace/gcn/seed_55/metrics.json,508,8efff3683273b5b0681f4e540203bb91f921b28ebd5b299a05f3647dfd0557fd
v2_baselines/trace/gcn/seed_55/node_predictions.csv,17691,366f91df3d81c62f52f8616361bef29c0e77bdc515f18189c14ac5c1e6b56364
v2_baselines/trace/gcn/seed_55/training_history.csv,2052,38b2d4dca5ace4ca995f78962ac94541af69fd6b33c9a2b66aa9cc33af36ff17
v2_baselines/trace/gcn/seed_66/config.json,373,c2de602132d7f2590d91d9fce430f5a8fdb74249e1e20ead5185beb4581f30c1
v2_baselines/trace/gcn/seed_66/metrics.json,540,18bd865d3f44ada0fb254cc0f6ebe5b0d10b6940b4803adc40a2f1029bd9be34
v2_baselines/trace/gcn/seed_66/node_predictions.csv,18003,6f7caf80683559e0e9f9a72a8e82df8089c9a05f66a1c10963a83340f33924e7
v2_baselines/trace/gcn/seed_66/training_history.csv,2065,3c8028ce4ca12e0ef592abd7d509f0d31e51274d16e4b7871cbf1bae584263f1
v2_baselines/trace/gcn/seed_77/config.json,373,9bfbe65be4ad8e72890399c43f31862d4ebe9367fa5740654f195e4c63c3d29e
v2_baselines/trace/gcn/seed_77/metrics.json,524,3e52410fc5555e2ada3484c80ef837c0b83a75ae6b2bc2a3e40ad7bee5a00206
v2_baselines/trace/gcn/seed_77/node_predictions.csv,17718,ee4918c39df0d100e162cd2f1e0fad09fb9506d1bc5243781a7c882329821df5
v2_baselines/trace/gcn/seed_77/training_history.csv,2056,abc7ee299cce960c61421b778ac2c843d0dcab0b9bb00917cfdbe4b472ac990a
v2_baselines/trace/gcn/seed_88/config.json,373,707f1925faf088fa5370b8ed017b7c8aa2f92ed2d1b3df86b49199c9f9406627
v2_baselines/trace/gcn/seed_88/metrics.json,524,1dcf9b091106d96de514d6f6dd949059693f8260eb3620f3560c8a1c68816835
v2_baselines/trace/gcn/seed_88/node_predictions.csv,17924,f68bffd41af3c918e156447973ac659ecc1ce7e9dd421675d05c05df5f291aff
v2_baselines/trace/gcn/seed_88/training_history.csv,2071,34549c99bb89924a0f4cef891e06266ab2468e43fd2dd4479848a7eb6f56c503
v2_baselines/trace/gcn/seed_99/config.json,373,c966ea85daccc53af1102b5a8fdc1e9595e2a0b13f0f6fc322984fcda595f377
v2_baselines/trace/gcn/seed_99/metrics.json,522,8ab32a9b448207257324d9f30edee97b7a3816ecf60c0dc239464bf6eae65edd
v2_baselines/trace/gcn/seed_99/node_predictions.csv,17865,ac8ee3417d418d2d11cfa458390450197a1a7ef05682553f69ac07385befac64
v2_baselines/trace/gcn/seed_99/training_history.csv,2055,e6813a985a727f7d9b22e43a70822cdba9ea230490b3a9fd87cd29afeb394c42
v2_baselines/trace/rgcn/seed_11/config.json,374,eac407f97a0b2a5f462f271809be8622e21d8773eb3400ab9feecda8be7f1d27
v2_baselines/trace/rgcn/seed_11/metrics.json,479,fc65575ee6311799dad00fd355b48184e044148a3742fd9d0d1a02f19887f418
v2_baselines/trace/rgcn/seed_11/node_predictions.csv,18358,cb01662f6ccfcf982a47473b3852adc6a446ea5cb0977923f055880e3c807ce1
v2_baselines/trace/rgcn/seed_11/training_history.csv,2084,e7a344a2bcebb237fd44d910176169af1c85635bc51f5a8da65a152db64d7d0f
v2_baselines/trace/rgcn/seed_110/config.json,375,f889502b1c7c174717c4a0b12f3a972f1344d80c533c60aed4e15a69bd709bd5
v2_baselines/trace/rgcn/seed_110/metrics.json,496,6f6032b204f1820f672de635ad3d6020bcec2fdb72756151a54f84ef19b38587
v2_baselines/trace/rgcn/seed_110/node_predictions.csv,18524,ff30dc06251bfe1da951815a4bff1f5e5b69ce82ddfaccc6a6c2157e29d1bafe
v2_baselines/trace/rgcn/seed_110/training_history.csv,2091,59a4e106922bc7a63a311543112be04f7c6fb0be60714f2ba6d173b82ce7c04b
v2_baselines/trace/rgcn/seed_22/config.json,374,da3b5bf9495b35573c192018979dce39250a67faa723fe157da3330a9c9c7814
v2_baselines/trace/rgcn/seed_22/metrics.json,480,55aadde18208ac60ee634a482c8205932ce8a5aa2553fd78838822b8bab9661e
v2_baselines/trace/rgcn/seed_22/node_predictions.csv,18423,fdd78a66298ac2ea15a455d35d63c800b8dc2f009c1335de0403ab659be1a8dd
v2_baselines/trace/rgcn/seed_22/training_history.csv,2078,94e1be5e101eb799f6ba90064ec67c399e40527fc8a7c7cc217f6397f9cbc82a
v2_baselines/trace/rgcn/seed_33/config.json,374,af665ae904273eee4492c46a9a10053824f0da644e92a6ef14fe2c74f3526aa6
v2_baselines/trace/rgcn/seed_33/metrics.json,479,ca5cd95422853a8c01b23ebbf11ab0fb3cccea593cfead0d4216401a08f785fa
v2_baselines/trace/rgcn/seed_33/node_predictions.csv,18346,f7c0b73dd2e2689e1fa9b0ff0ebb5f6eb50cd32aef43291a796ab7b3f5c74622
v2_baselines/trace/rgcn/seed_33/training_history.csv,2080,62505822771c5e1fbd80eb4c22bba92218c99d2b4039f204cbc6883bc283e7c0
v2_baselines/trace/rgcn/seed_44/config.json,374,2813a1340f77b3cc77bdc3ad341f9b501bdd2e33896cf8d7e6b4582236e274d6
v2_baselines/trace/rgcn/seed_44/metrics.json,478,57c852d6d8fcb818174237f106a718d9e6fea8f33064b652b4b640f7fcc66d22
v2_baselines/trace/rgcn/seed_44/node_predictions.csv,18118,896be25bec0509f0a3a8dcc6d337c470efa010ccaaaf00634962c1e4c5225f76
v2_baselines/trace/rgcn/seed_44/training_history.csv,2080,a4929a1851197fc12c2d97e38b0b2b230f2e11c6c056cbdd78ee6eec77c13a9e
v2_baselines/trace/rgcn/seed_55/config.json,374,c3942ac627ec635fab432362a8c30563228bf734f355515d457beedf380bf58d
v2_baselines/trace/rgcn/seed_55/metrics.json,480,5071d578d31e9204a86edf72c7aaf540349bcb72449be4c931f80a1fd7d29486
v2_baselines/trace/rgcn/seed_55/node_predictions.csv,18550,88c0a9c7435b5377afe10ab0a307a747d657a496fa437e9b50cf8d80ad8e1e8f
v2_baselines/trace/rgcn/seed_55/training_history.csv,2076,911103fd2ee7a530d76a9a53bf78e69653fc17285034e9eb14047c4a76c63fe3
v2_baselines/trace/rgcn/seed_66/config.json,374,de7d41864e98f7f29f1f580176e7352d7a0f596386a0efff219ac903387f1c25
v2_baselines/trace/rgcn/seed_66/metrics.json,493,ce0199fd050881311c5d3e2ecac5aa51e5c2d8691449b2825dfaff6c98903ebf
v2_baselines/trace/rgcn/seed_66/node_predictions.csv,18210,15742a7853b3f22bae5ef3f8f45641ebff36bfd9a4a8e5f37fd8144a13c9ecc6
v2_baselines/trace/rgcn/seed_66/training_history.csv,2045,4c1c258620b175fcf8b7c8428c844955c8b3eae3c5fbe8d0d181e8388a9c373e
v2_baselines/trace/rgcn/seed_77/config.json,374,319d3819a02ec24ed876e430dfe479c6a7d1d5ba16169aa145c83220f82dd5c8
v2_baselines/trace/rgcn/seed_77/metrics.json,510,178fda43834092d2c1fbc0d33fe772a6e889958c756ec9fd72f8cdc9c1108443
v2_baselines/trace/rgcn/seed_77/node_predictions.csv,18160,50d8e51a8512a13ef1a7efbc1059b17d88737f7d61547dc6454a5af26e83fd93
v2_baselines/trace/rgcn/seed_77/training_history.csv,2080,5370dee1dc7ab667b8880a1d924a77c0ce819b4b319a4c999ed935215fc9a3be
v2_baselines/trace/rgcn/seed_88/config.json,374,dba431c346611848ed4c9baf7155f9b66e1b0370b727b61d2bf71441cf6fcf67
v2_baselines/trace/rgcn/seed_88/metrics.json,525,bbf6e86988dbbaa2ea9946ded21c56d6a3b266c628c8fd9c5ebab8539d947418
v2_baselines/trace/rgcn/seed_88/node_predictions.csv,18429,6547ffb3d4973b8d9f5b807df2d0f399889c228494574bb2d772fb3980b1049b
v2_baselines/trace/rgcn/seed_88/training_history.csv,2071,3bb3918ac9904da88462495e46dcf313be97c1442406bff99eb7af5e71121083
v2_baselines/trace/rgcn/seed_99/config.json,374,7e0fba0a184ec917d6150bfc3bc65d4d1c3a38bceabd6441fd559a02aa0c998d
v2_baselines/trace/rgcn/seed_99/metrics.json,510,8cf85d182ebc65163ed88925872d6ebbe82fdf8d1a93c269cd2b58988ca6f069
v2_baselines/trace/rgcn/seed_99/node_predictions.csv,18554,4070898962c000a29a82ad4467b978e16917bea5bcd9eda2bf9651bb33b13dad
v2_baselines/trace/rgcn/seed_99/training_history.csv,2088,0bfbad58c7dbb6856bd6d523322970bdebeca2b5ce0ae02954b7a97fd0dd68b9
v2_baselines/trace/temporal_gat/seed_11/config.json,382,c753cb64c0921d6f0fbb7ab0642a0821846d050bf191e8c361d45e9d6a80b3e5
v2_baselines/trace/temporal_gat/seed_11/metrics.json,545,69e83ac8dd0a28abd58fafa8fa64fde5dae703c98760bdaf510ea7c3de981ef3
v2_baselines/trace/temporal_gat/seed_11/node_predictions.csv,18549,b163de0a40084f617f6c02942dc2161b2100b315b836b85fb0e6600530e9083c
v2_baselines/trace/temporal_gat/seed_11/training_history.csv,2089,3e5e306acc2cfed778f776843494309b189ba32d2692e06f0a194fe48a1d3c89
v2_baselines/trace/temporal_gat/seed_110/config.json,383,0b30961438425de760e7b912ccc8d6d8a82b6fed3384b39625ad998520a6ff20
v2_baselines/trace/temporal_gat/seed_110/metrics.json,547,10fb2d6b13f91c1c119b089c6b8edc02065d1511b6df0acd293f08c65df772a8
v2_baselines/trace/temporal_gat/seed_110/node_predictions.csv,17884,36a9f526a373a6d398e8931aa9a9eb3140969321f5cd5de8a6f058df138044e7
v2_baselines/trace/temporal_gat/seed_110/training_history.csv,1868,a4241c6425c45bff0a7748914340f95ebc2a77d76721629e7f284d76d7bdb14d
v2_baselines/trace/temporal_gat/seed_22/config.json,382,9fe81849d3faf4d56f18057b456e55ecd644d4c442e6dcfde927b041e03c62da
v2_baselines/trace/temporal_gat/seed_22/metrics.json,547,a8b64397c83b526cac49b4fad8435a7be3c644c395c4da99d56f6c42322cc4b4
v2_baselines/trace/temporal_gat/seed_22/node_predictions.csv,18566,96fcd492ababb46f1b9756d4361fa50a2dab5d39244eb3c92efd776844f0a457
v2_baselines/trace/temporal_gat/seed_22/training_history.csv,2087,bbe973fbaa3837d1eac95a7d0adf5e5f3fcacfdf8ea17105a03ab7462c284aaf
v2_baselines/trace/temporal_gat/seed_33/config.json,382,43c3da73a10300c6bc9a3f7387e6bce1c318aacb79ca4be878bd3a38ae4749ea
v2_baselines/trace/temporal_gat/seed_33/metrics.json,545,90cbe17bfa84c2bfc2773a97b69159f83806d339b25f65ed126d9957bc30156a
v2_baselines/trace/temporal_gat/seed_33/node_predictions.csv,18235,384b05a2cad79200ee3c2bfe0129b64a17d11b258c6eb7d82788a4d52188cfa2
v2_baselines/trace/temporal_gat/seed_33/training_history.csv,1995,b1694da1ccf5ae33c1a4ce3529b696247481a253113996029a2c9ef3b19ddfe7
v2_baselines/trace/temporal_gat/seed_44/config.json,382,1c265b75e7c98a72846a45af5db250ad5fe9ac8b610243b894294226383ae852
v2_baselines/trace/temporal_gat/seed_44/metrics.json,545,9f5158369f6340291a840efec8cdf7ade657f772e960606a0586522b704c4381
v2_baselines/trace/temporal_gat/seed_44/node_predictions.csv,18140,025abd16c96df867d00243e084cd71e9024a8dce6a48bc6ac58a6615652913fd
v2_baselines/trace/temporal_gat/seed_44/training_history.csv,1918,fb00b7da32d98d79daa3abb5aef40880de99f09e3b0737100307fe98ac95a4b1
v2_baselines/trace/temporal_gat/seed_55/config.json,382,7e809cfed670143a6e84521729adaba5fb186a0e992ce52144fdfc330511c9fd
v2_baselines/trace/temporal_gat/seed_55/metrics.json,533,779a9cd4ba2a10fae50615d60a016a397b28dee0ab7d4166c5207d7ba8c624a3
v2_baselines/trace/temporal_gat/seed_55/node_predictions.csv,18256,c1645bc57df0a11acb70b520bb0b384a3e6bcf80bfa3c40ef67c73bfb94e148d
v2_baselines/trace/temporal_gat/seed_55/training_history.csv,2082,198815076f336dec85bba28628a030b58991b98d9295cb886ab59c47397ac128
v2_baselines/trace/temporal_gat/seed_66/config.json,382,d93e9d1beb8192090d71b78c4180773c659d09ef1edf410dfb12782db66a2ace
v2_baselines/trace/temporal_gat/seed_66/metrics.json,578,594368756eb9fdbdd7b427f534a2a7d9bb65d4645c0990212bdc8ed66ac2f8f2
v2_baselines/trace/temporal_gat/seed_66/node_predictions.csv,18263,b5292823938706315f58ecce858963c12226c742672102e327d56d0345fec210
v2_baselines/trace/temporal_gat/seed_66/training_history.csv,2089,7e884b5b16f225075ffe4d8bc042a738e48bd47a4c8f5fd960776a72a246adba
v2_baselines/trace/temporal_gat/seed_77/config.json,382,643ebf08fb3d0398134719261ca47774fde81a1f0b6ef736eec6e97f4e7f20d6
v2_baselines/trace/temporal_gat/seed_77/metrics.json,531,c65031eeddeb988b550f8624efade7014efb289ccb4f30a97185fa763c621219
v2_baselines/trace/temporal_gat/seed_77/node_predictions.csv,18081,6529eb9905926b074f118d8804b15440562f6456b34fd13d55a617429f9e82af
v2_baselines/trace/temporal_gat/seed_77/training_history.csv,1537,6a24d934303380fab2378ba6bca55f43c1c3cf000ff9ba0993244e707d7eded6
v2_baselines/trace/temporal_gat/seed_88/config.json,382,37487f93f8bb778324df820382453ff41a677a8458b7d1e99132750a070b8ca5
v2_baselines/trace/temporal_gat/seed_88/metrics.json,545,f6517179b3f3dc10160ed0344ca53d98bf663226a2b9e5b81863d489075cec2c
v2_baselines/trace/temporal_gat/seed_88/node_predictions.csv,17909,c9b873b9062e416edc353bb66e80dfce0524f0f80e60df7bace3b4b9d683997b
v2_baselines/trace/temporal_gat/seed_88/training_history.csv,1959,a626fbddf0f3acbc2d13adf5889a9ea2dd2b7dc235af271ef2c9265bb8a6f057
v2_baselines/trace/temporal_gat/seed_99/config.json,382,38f495c6c2d0eca79c8a508d3b0b6f7491cf6550e7f73eb90674a5815476a44b
v2_baselines/trace/temporal_gat/seed_99/metrics.json,547,f70d28697d93e58fb6737746dfa2c6daeaeaf62f97963200bfd7e07620b68d79
v2_baselines/trace/temporal_gat/seed_99/node_predictions.csv,18034,0b7b42029f121744fab9c36bf9f1b20ee7baa8b326cb5c6eb904f12f15c99cc1
v2_baselines/trace/temporal_gat/seed_99/training_history.csv,2070,db3bf0ea235d2241731bd2a89e27adbdf0bb8e1a09728acd32bfc1f8940e01fb
v2_logs/ablate_cadets.log,1813,44279aa63e66302704e92c6d8c2f96fe15f79c6a30d5e336b0a993fadcc69e4f
v2_logs/ablate_cadets_resume.log,80,9c184895a6ec041c9eabca313a739bda73c5c6a434bac734ca4b801b32982815
v2_logs/ablate_streamspot.log,1813,44279aa63e66302704e92c6d8c2f96fe15f79c6a30d5e336b0a993fadcc69e4f
v2_logs/ablate_streamspot_resume.log,84,7d5fd982df277927cf846ccfe3d65219e65c5b43dbedef400ccb516fca17b17c
v2_logs/ablate_theia.log,1813,44279aa63e66302704e92c6d8c2f96fe15f79c6a30d5e336b0a993fadcc69e4f
v2_logs/ablate_theia_resume.log,79,a63fee46d4f27e70b250da7262c538103d6c9af1994eb7aafb40c0eb81ee8361
v2_logs/ablate_trace.log,1813,44279aa63e66302704e92c6d8c2f96fe15f79c6a30d5e336b0a993fadcc69e4f
v2_logs/ablate_trace_resume.log,79,dc754192ee8416c84b909d9963453cdf5dffba06dd66544fc04fd8a80b0f38cf
v2_logs/benchmark_cadets.log,87,57f4b50ea89a738a448ad186a3134e21e3c55823e977045f686f98c4ad9c9368
v2_logs/benchmark_cadets_single_thread.log,87,57f4b50ea89a738a448ad186a3134e21e3c55823e977045f686f98c4ad9c9368
v2_logs/benchmark_streamspot.log,91,f3f5b253d037991255c1422dc9bf7fca831f62b279c21a02573ac610841fdc23
v2_logs/benchmark_streamspot_single_thread.log,91,f3f5b253d037991255c1422dc9bf7fca831f62b279c21a02573ac610841fdc23
v2_logs/benchmark_theia.log,86,e2e2198ce19af16e39bbf4d214588aae8fbe3e401c4235a893e2e403230d008c
v2_logs/benchmark_theia_single_thread.log,86,e2e2198ce19af16e39bbf4d214588aae8fbe3e401c4235a893e2e403230d008c
v2_logs/benchmark_trace.log,86,f6214a572b21d69c87c55eae9a1060b68c8c9fc0202723403180c311885bc81d
v2_logs/benchmark_trace_single_thread.log,86,f6214a572b21d69c87c55eae9a1060b68c8c9fc0202723403180c311885bc81d
v2_scale_benchmarks/cadets/scalability_benchmark.csv,339,941e03b0e1b50e6d6ea1a1360e0edfda1edb03a00068576f77a51f597e9fdf92
v2_scale_benchmarks/cadets/scalability_metadata.json,496,910bdc620ba8ae7921750be5a5c4a86e06f15a2327fc5f2b34fd61549438e65c
v2_scale_benchmarks/streamspot/scalability_benchmark.csv,336,aac43600566e4b80f65b04630c71ae4e32ea5f65fa65a606b8b429e5ddc98155
v2_scale_benchmarks/streamspot/scalability_metadata.json,504,db0cedbe2252df74c9d4a4d168f0223087324ad31630aab2a3d682ab266d7a6f
v2_scale_benchmarks/theia/scalability_benchmark.csv,333,f21d8e11a185a490581252f547c699ea1a5d72f0898296c785e828c281f6064c
v2_scale_benchmarks/theia/scalability_metadata.json,494,6335a88b6aaacb3abce5128fac53e5d2d00c7c6e801b239513ccb3c51e0672f8
v2_scale_benchmarks/trace/scalability_benchmark.csv,338,e4092c208ea1f3149bc65a1e52c6dbc1391b2b3ae4c76633057f672aad18ef75
v2_scale_benchmarks/trace/scalability_metadata.json,494,b579e8b8925cc449b07dea0cc1f78745511e8150fb218e29d481b52eabfb0180
v2_summary/ablation_paired_comparisons.csv,14132,5b098f61245fbeea39d45ef5d4532ac1d805557c4035af1db3562d461b2c2aed
v2_summary/ablation_seed_metrics.csv,39179,2d5ff09efc0722df6d242c7193f2fa681644645517bf33e1d3104f8122a7cf38
v2_summary/ablation_summary.csv,8836,14e70e18429d4d248fd45573d46b10e1124d2efe9c22c213e0ef079d09e6f423
v2_summary/graph_baseline_paired_comparisons.csv,6301,ee429cabe7f22650f7e3ea45821837f9e635291cd2527f8b7db0a21d664eafa5
v2_summary/graph_baseline_seed_metrics.csv,46109,eac9174942fc8a6c30fbd199931882f6c6abe3d431de1dee0a9aecb23827ad52
v2_summary/graph_baseline_summary.csv,6803,2d64c82795a25abb1b3720cbf8694d334f19ffb3ebf862ef58a14c2b77b38481
v2_summary/optimization_diagnostics.json,286,13eb38b00fcc45dd99030943ccd2cf1003d855630ad80a3926f09ad6a145c911
v2_summary/scalability_benchmark.csv,1092,a4fa4940659d7104c79b4942f5fe63d311aa33adf4f24e245fcb2bd829183be0
v2_summary/xthgnn_full_seed_metrics.csv,8410,18b96024d32a9d7a79cc159f79e649735f455aab295f8dce04952d508ba60925
v2_summary/xthgnn_full_summary.csv,2485,1ffa0db15d640d6301cf98dffefa610c5b89d3750f5457760342ca84df57a39c
