node_id,node_index
darpa_trace:n100218,0
darpa_trace:n100481,1
darpa_trace:n101224,2
darpa_trace:n101225,3
darpa_trace:n1013,4
darpa_trace:n101407,5
darpa_trace:n101482,6
darpa_trace:n101576,7
darpa_trace:n101596,8
darpa_trace:n101616,9
darpa_trace:n101687,10
darpa_trace:n101783,11
darpa_trace:n101807,12
darpa_trace:n1019,13
darpa_trace:n10214,14
darpa_trace:n102194,15
darpa_trace:n102342,16
darpa_trace:n102540,17
darpa_trace:n102590,18
darpa_trace:n10260,19
darpa_trace:n102928,20
darpa_trace:n102994,21
darpa_trace:n103011,22
darpa_trace:n103053,23
darpa_trace:n103201,24
darpa_trace:n103260,25
darpa_trace:n103433,26
darpa_trace:n103494,27
darpa_trace:n103510,28
darpa_trace:n103582,29
darpa_trace:n103738,30
darpa_trace:n103805,31
darpa_trace:n104113,32
darpa_trace:n104362,33
darpa_trace:n104383,34
darpa_trace:n104417,35
darpa_trace:n104465,36
darpa_trace:n104623,37
darpa_trace:n104679,38
darpa_trace:n1049,39
darpa_trace:n105017,40
darpa_trace:n105026,41
darpa_trace:n105105,42
darpa_trace:n105115,43
darpa_trace:n105174,44
darpa_trace:n105282,45
darpa_trace:n105285,46
darpa_trace:n105390,47
darpa_trace:n105764,48
darpa_trace:n105905,49
darpa_trace:n105943,50
darpa_trace:n105945,51
darpa_trace:n106443,52
darpa_trace:n106478,53
darpa_trace:n106634,54
darpa_trace:n106719,55
darpa_trace:n106864,56
darpa_trace:n107062,57
darpa_trace:n1075,58
darpa_trace:n107541,59
darpa_trace:n10774,60
darpa_trace:n107779,61
darpa_trace:n107855,62
darpa_trace:n10801,63
darpa_trace:n108171,64
darpa_trace:n108295,65
darpa_trace:n108355,66
darpa_trace:n108541,67
darpa_trace:n108705,68
darpa_trace:n108775,69
darpa_trace:n108777,70
darpa_trace:n108843,71
darpa_trace:n108884,72
darpa_trace:n109139,73
darpa_trace:n109232,74
darpa_trace:n109437,75
darpa_trace:n109787,76
darpa_trace:n110123,77
darpa_trace:n110136,78
darpa_trace:n110309,79
darpa_trace:n110491,80
darpa_trace:n110777,81
darpa_trace:n110783,82
darpa_trace:n110856,83
darpa_trace:n110927,84
darpa_trace:n110942,85
darpa_trace:n11099,86
darpa_trace:n111045,87
darpa_trace:n111064,88
darpa_trace:n11120,89
darpa_trace:n111395,90
darpa_trace:n111704,91
darpa_trace:n111741,92
darpa_trace:n111853,93
darpa_trace:n111873,94
darpa_trace:n111980,95
darpa_trace:n112067,96
darpa_trace:n112106,97
darpa_trace:n112164,98
darpa_trace:n112386,99
darpa_trace:n112754,100
darpa_trace:n1128,101
darpa_trace:n113073,102
darpa_trace:n113120,103
darpa_trace:n113310,104
darpa_trace:n113351,105
darpa_trace:n113418,106
darpa_trace:n113434,107
darpa_trace:n11357,108
darpa_trace:n113669,109
darpa_trace:n113822,110
darpa_trace:n113972,111
darpa_trace:n114184,112
darpa_trace:n114186,113
darpa_trace:n114218,114
darpa_trace:n114283,115
darpa_trace:n11438,116
darpa_trace:n114431,117
darpa_trace:n11444,118
darpa_trace:n114499,119
darpa_trace:n114879,120
darpa_trace:n11491,121
darpa_trace:n114919,122
darpa_trace:n114941,123
darpa_trace:n114971,124
darpa_trace:n115006,125
darpa_trace:n115309,126
darpa_trace:n11543,127
darpa_trace:n115497,128
darpa_trace:n115551,129
darpa_trace:n115567,130
darpa_trace:n115698,131
darpa_trace:n115723,132
darpa_trace:n115893,133
darpa_trace:n115968,134
darpa_trace:n116400,135
darpa_trace:n116499,136
darpa_trace:n116534,137
darpa_trace:n116702,138
darpa_trace:n11671,139
darpa_trace:n116918,140
darpa_trace:n116920,141
darpa_trace:n117134,142
darpa_trace:n117279,143
darpa_trace:n117332,144
darpa_trace:n117353,145
darpa_trace:n117393,146
darpa_trace:n117479,147
darpa_trace:n117500,148
darpa_trace:n117635,149
darpa_trace:n117774,150
darpa_trace:n117801,151
darpa_trace:n118069,152
darpa_trace:n118070,153
darpa_trace:n118109,154
darpa_trace:n118198,155
darpa_trace:n118248,156
darpa_trace:n118289,157
darpa_trace:n11856,158
darpa_trace:n118949,159
darpa_trace:n118994,160
darpa_trace:n119327,161
darpa_trace:n119344,162
darpa_trace:n11937,163
darpa_trace:n119384,164
darpa_trace:n119410,165
darpa_trace:n119482,166
darpa_trace:n119691,167
darpa_trace:n11976,168
darpa_trace:n11989,169
darpa_trace:n119985,170
darpa_trace:n11999,171
darpa_trace:n120129,172
darpa_trace:n120391,173
darpa_trace:n120544,174
darpa_trace:n120604,175
darpa_trace:n120962,176
darpa_trace:n12105,177
darpa_trace:n121087,178
darpa_trace:n121113,179
darpa_trace:n121160,180
darpa_trace:n121162,181
darpa_trace:n121544,182
darpa_trace:n121974,183
darpa_trace:n122148,184
darpa_trace:n122174,185
darpa_trace:n12234,186
darpa_trace:n122446,187
darpa_trace:n122697,188
darpa_trace:n122869,189
darpa_trace:n122997,190
darpa_trace:n123326,191
darpa_trace:n123328,192
darpa_trace:n123505,193
darpa_trace:n123561,194
darpa_trace:n123679,195
darpa_trace:n123705,196
darpa_trace:n123718,197
darpa_trace:n123783,198
darpa_trace:n124053,199
darpa_trace:n124270,200
darpa_trace:n124303,201
darpa_trace:n124339,202
darpa_trace:n124447,203
darpa_trace:n12450,204
darpa_trace:n12455,205
darpa_trace:n124626,206
darpa_trace:n124771,207
darpa_trace:n124875,208
darpa_trace:n12534,209
darpa_trace:n125379,210
darpa_trace:n125420,211
darpa_trace:n125879,212
darpa_trace:n125953,213
darpa_trace:n126481,214
darpa_trace:n127066,215
darpa_trace:n127187,216
darpa_trace:n127404,217
darpa_trace:n127412,218
darpa_trace:n127416,219
darpa_trace:n127436,220
darpa_trace:n127538,221
darpa_trace:n127560,222
darpa_trace:n127576,223
darpa_trace:n127605,224
darpa_trace:n127660,225
darpa_trace:n127683,226
darpa_trace:n127712,227
darpa_trace:n127717,228
darpa_trace:n127873,229
darpa_trace:n128190,230
darpa_trace:n128241,231
darpa_trace:n128298,232
darpa_trace:n128311,233
darpa_trace:n128438,234
darpa_trace:n128460,235
darpa_trace:n12857,236
darpa_trace:n128631,237
darpa_trace:n128806,238
darpa_trace:n128819,239
darpa_trace:n128842,240
darpa_trace:n128866,241
darpa_trace:n129154,242
darpa_trace:n129330,243
darpa_trace:n129360,244
darpa_trace:n129429,245
darpa_trace:n129519,246
darpa_trace:n12987,247
darpa_trace:n129917,248
darpa_trace:n130251,249
darpa_trace:n130273,250
darpa_trace:n13031,251
darpa_trace:n130319,252
darpa_trace:n130325,253
darpa_trace:n130343,254
darpa_trace:n130426,255
darpa_trace:n130466,256
darpa_trace:n130511,257
darpa_trace:n130517,258
darpa_trace:n130525,259
darpa_trace:n130604,260
darpa_trace:n130641,261
darpa_trace:n130695,262
darpa_trace:n130776,263
darpa_trace:n130860,264
darpa_trace:n130990,265
darpa_trace:n131019,266
darpa_trace:n131140,267
darpa_trace:n131223,268
darpa_trace:n131227,269
darpa_trace:n131285,270
darpa_trace:n131330,271
darpa_trace:n131361,272
darpa_trace:n131400,273
darpa_trace:n131557,274
darpa_trace:n131650,275
darpa_trace:n132277,276
darpa_trace:n13239,277
darpa_trace:n132421,278
darpa_trace:n132562,279
darpa_trace:n132619,280
darpa_trace:n132627,281
darpa_trace:n132884,282
darpa_trace:n132950,283
darpa_trace:n133147,284
darpa_trace:n133303,285
darpa_trace:n133326,286
darpa_trace:n133401,287
darpa_trace:n133554,288
darpa_trace:n133620,289
darpa_trace:n133627,290
darpa_trace:n133634,291
darpa_trace:n133962,292
darpa_trace:n133983,293
darpa_trace:n133992,294
darpa_trace:n134078,295
darpa_trace:n134125,296
darpa_trace:n13421,297
darpa_trace:n134423,298
darpa_trace:n134482,299
darpa_trace:n13453,300
darpa_trace:n134856,301
darpa_trace:n135005,302
darpa_trace:n135296,303
darpa_trace:n135507,304
darpa_trace:n136037,305
darpa_trace:n13605,306
darpa_trace:n13620,307
darpa_trace:n136270,308
darpa_trace:n136374,309
darpa_trace:n136420,310
darpa_trace:n136459,311
darpa_trace:n136489,312
darpa_trace:n136496,313
darpa_trace:n136497,314
darpa_trace:n136562,315
darpa_trace:n136589,316
darpa_trace:n136598,317
darpa_trace:n136615,318
darpa_trace:n136619,319
darpa_trace:n136643,320
darpa_trace:n136725,321
darpa_trace:n136781,322
darpa_trace:n136916,323
darpa_trace:n137035,324
darpa_trace:n137048,325
darpa_trace:n137179,326
darpa_trace:n137479,327
darpa_trace:n13752,328
darpa_trace:n137594,329
darpa_trace:n137761,330
darpa_trace:n138122,331
darpa_trace:n138282,332
darpa_trace:n13836,333
darpa_trace:n13844,334
darpa_trace:n13849,335
darpa_trace:n138639,336
darpa_trace:n138681,337
darpa_trace:n138692,338
darpa_trace:n138694,339
darpa_trace:n138698,340
darpa_trace:n138701,341
darpa_trace:n138704,342
darpa_trace:n138722,343
darpa_trace:n138723,344
darpa_trace:n138731,345
darpa_trace:n138737,346
darpa_trace:n138760,347
darpa_trace:n138767,348
darpa_trace:n138811,349
darpa_trace:n138829,350
darpa_trace:n138854,351
darpa_trace:n138860,352
darpa_trace:n138869,353
darpa_trace:n138875,354
darpa_trace:n138877,355
darpa_trace:n138895,356
darpa_trace:n138898,357
darpa_trace:n138931,358
darpa_trace:n138941,359
darpa_trace:n139021,360
darpa_trace:n139048,361
darpa_trace:n139060,362
darpa_trace:n139079,363
darpa_trace:n139136,364
darpa_trace:n139141,365
darpa_trace:n139186,366
darpa_trace:n139246,367
darpa_trace:n139259,368
darpa_trace:n139263,369
darpa_trace:n13927,370
darpa_trace:n139271,371
darpa_trace:n139353,372
darpa_trace:n139804,373
darpa_trace:n139851,374
darpa_trace:n139949,375
darpa_trace:n140229,376
darpa_trace:n140359,377
darpa_trace:n140555,378
darpa_trace:n14089,379
darpa_trace:n140977,380
darpa_trace:n14100,381
darpa_trace:n14105,382
darpa_trace:n14112,383
darpa_trace:n141255,384
darpa_trace:n141425,385
darpa_trace:n141457,386
darpa_trace:n141572,387
darpa_trace:n141640,388
darpa_trace:n142213,389
darpa_trace:n142224,390
darpa_trace:n142281,391
darpa_trace:n142575,392
darpa_trace:n142689,393
darpa_trace:n142822,394
darpa_trace:n142835,395
darpa_trace:n14287,396
darpa_trace:n143011,397
darpa_trace:n143021,398
darpa_trace:n14346,399
darpa_trace:n143590,400
darpa_trace:n144141,401
darpa_trace:n144257,402
darpa_trace:n144899,403
darpa_trace:n14493,404
darpa_trace:n145190,405
darpa_trace:n145282,406
darpa_trace:n145334,407
darpa_trace:n145410,408
darpa_trace:n145432,409
darpa_trace:n145481,410
darpa_trace:n145627,411
darpa_trace:n145764,412
darpa_trace:n146025,413
darpa_trace:n146305,414
darpa_trace:n146502,415
darpa_trace:n146827,416
darpa_trace:n14697,417
darpa_trace:n147053,418
darpa_trace:n147243,419
darpa_trace:n147267,420
darpa_trace:n147435,421
darpa_trace:n1475,422
darpa_trace:n148131,423
darpa_trace:n148228,424
darpa_trace:n148675,425
darpa_trace:n148923,426
darpa_trace:n149373,427
darpa_trace:n150052,428
darpa_trace:n150614,429
darpa_trace:n150798,430
darpa_trace:n150893,431
darpa_trace:n151264,432
darpa_trace:n151284,433
darpa_trace:n15139,434
darpa_trace:n151617,435
darpa_trace:n151619,436
darpa_trace:n151660,437
darpa_trace:n151760,438
darpa_trace:n151860,439
darpa_trace:n152249,440
darpa_trace:n152365,441
darpa_trace:n152585,442
darpa_trace:n152630,443
darpa_trace:n15280,444
darpa_trace:n153083,445
darpa_trace:n153174,446
darpa_trace:n153240,447
darpa_trace:n153333,448
darpa_trace:n153843,449
darpa_trace:n153872,450
darpa_trace:n154239,451
darpa_trace:n15434,452
darpa_trace:n154559,453
darpa_trace:n154763,454
darpa_trace:n154927,455
darpa_trace:n155412,456
darpa_trace:n155494,457
darpa_trace:n15629,458
darpa_trace:n15684,459
darpa_trace:n156950,460
darpa_trace:n157214,461
darpa_trace:n157343,462
darpa_trace:n157456,463
darpa_trace:n157491,464
darpa_trace:n157781,465
darpa_trace:n15803,466
darpa_trace:n15814,467
darpa_trace:n158588,468
darpa_trace:n158745,469
darpa_trace:n158794,470
darpa_trace:n159178,471
darpa_trace:n159340,472
darpa_trace:n159534,473
darpa_trace:n159701,474
darpa_trace:n159777,475
darpa_trace:n159874,476
darpa_trace:n160054,477
darpa_trace:n160137,478
darpa_trace:n160205,479
darpa_trace:n160357,480
darpa_trace:n16041,481
darpa_trace:n160908,482
darpa_trace:n161165,483
darpa_trace:n161166,484
darpa_trace:n161351,485
darpa_trace:n161772,486
darpa_trace:n161856,487
darpa_trace:n161938,488
darpa_trace:n162081,489
darpa_trace:n162809,490
darpa_trace:n162830,491
darpa_trace:n162958,492
darpa_trace:n163072,493
darpa_trace:n163081,494
darpa_trace:n163370,495
darpa_trace:n163465,496
darpa_trace:n163478,497
darpa_trace:n163534,498
darpa_trace:n164154,499
darpa_trace:n16416,500
darpa_trace:n164604,501
darpa_trace:n165385,502
darpa_trace:n16551,503
darpa_trace:n165563,504
darpa_trace:n165624,505
darpa_trace:n165943,506
darpa_trace:n166042,507
darpa_trace:n166258,508
darpa_trace:n166352,509
darpa_trace:n166413,510
darpa_trace:n166441,511
darpa_trace:n166532,512
darpa_trace:n166861,513
darpa_trace:n167184,514
darpa_trace:n167207,515
darpa_trace:n16742,516
darpa_trace:n167468,517
darpa_trace:n167606,518
darpa_trace:n167767,519
darpa_trace:n167800,520
darpa_trace:n167832,521
darpa_trace:n168571,522
darpa_trace:n168755,523
darpa_trace:n168766,524
darpa_trace:n168820,525
darpa_trace:n168827,526
darpa_trace:n168901,527
darpa_trace:n168980,528
darpa_trace:n168993,529
darpa_trace:n169813,530
darpa_trace:n170314,531
darpa_trace:n170499,532
darpa_trace:n170666,533
darpa_trace:n17086,534
darpa_trace:n171162,535
darpa_trace:n171209,536
darpa_trace:n171443,537
darpa_trace:n171553,538
darpa_trace:n17157,539
darpa_trace:n17181,540
darpa_trace:n171950,541
darpa_trace:n172029,542
darpa_trace:n172255,543
darpa_trace:n17282,544
darpa_trace:n172842,545
darpa_trace:n17299,546
darpa_trace:n173091,547
darpa_trace:n173140,548
darpa_trace:n173304,549
darpa_trace:n173463,550
darpa_trace:n173530,551
darpa_trace:n173557,552
darpa_trace:n173668,553
darpa_trace:n173773,554
darpa_trace:n173789,555
darpa_trace:n174131,556
darpa_trace:n174301,557
darpa_trace:n174371,558
darpa_trace:n174559,559
darpa_trace:n17462,560
darpa_trace:n174777,561
darpa_trace:n174953,562
darpa_trace:n174992,563
darpa_trace:n174993,564
darpa_trace:n175193,565
darpa_trace:n17556,566
darpa_trace:n175691,567
darpa_trace:n175731,568
darpa_trace:n17631,569
darpa_trace:n176760,570
darpa_trace:n177279,571
darpa_trace:n177628,572
darpa_trace:n17844,573
darpa_trace:n178732,574
darpa_trace:n178879,575
darpa_trace:n178970,576
darpa_trace:n179387,577
darpa_trace:n179512,578
darpa_trace:n179577,579
darpa_trace:n179849,580
darpa_trace:n18,581
darpa_trace:n180417,582
darpa_trace:n180451,583
darpa_trace:n18056,584
darpa_trace:n180776,585
darpa_trace:n180783,586
darpa_trace:n181,587
darpa_trace:n181037,588
darpa_trace:n181185,589
darpa_trace:n181432,590
darpa_trace:n181757,591
darpa_trace:n18182,592
darpa_trace:n181959,593
darpa_trace:n18199,594
darpa_trace:n182004,595
darpa_trace:n182056,596
darpa_trace:n182382,597
darpa_trace:n182424,598
darpa_trace:n182593,599
darpa_trace:n182661,600
darpa_trace:n182674,601
darpa_trace:n18279,602
darpa_trace:n18283,603
darpa_trace:n182859,604
darpa_trace:n182946,605
darpa_trace:n183091,606
darpa_trace:n183791,607
darpa_trace:n184091,608
darpa_trace:n184151,609
darpa_trace:n184717,610
darpa_trace:n185258,611
darpa_trace:n185367,612
darpa_trace:n185563,613
darpa_trace:n185617,614
darpa_trace:n186092,615
darpa_trace:n186215,616
darpa_trace:n186223,617
darpa_trace:n186478,618
darpa_trace:n186592,619
darpa_trace:n186695,620
darpa_trace:n18672,621
darpa_trace:n186826,622
darpa_trace:n18692,623
darpa_trace:n18698,624
darpa_trace:n187273,625
darpa_trace:n1873,626
darpa_trace:n187460,627
darpa_trace:n187958,628
darpa_trace:n188363,629
darpa_trace:n188376,630
darpa_trace:n188771,631
darpa_trace:n188778,632
darpa_trace:n18883,633
darpa_trace:n188917,634
darpa_trace:n189083,635
darpa_trace:n18931,636
darpa_trace:n18941,637
darpa_trace:n189865,638
darpa_trace:n18997,639
darpa_trace:n189989,640
darpa_trace:n190,641
darpa_trace:n190016,642
darpa_trace:n19018,643
darpa_trace:n190233,644
darpa_trace:n190422,645
darpa_trace:n190427,646
darpa_trace:n190792,647
darpa_trace:n191427,648
darpa_trace:n191477,649
darpa_trace:n191730,650
darpa_trace:n192,651
darpa_trace:n192019,652
darpa_trace:n1923,653
darpa_trace:n193152,654
darpa_trace:n193314,655
darpa_trace:n193644,656
darpa_trace:n193794,657
darpa_trace:n193986,658
darpa_trace:n194219,659
darpa_trace:n194377,660
darpa_trace:n195,661
darpa_trace:n195102,662
darpa_trace:n195187,663
darpa_trace:n195209,664
darpa_trace:n195371,665
darpa_trace:n195475,666
darpa_trace:n195668,667
darpa_trace:n195705,668
darpa_trace:n195970,669
darpa_trace:n196351,670
darpa_trace:n196450,671
darpa_trace:n196811,672
darpa_trace:n19706,673
darpa_trace:n19716,674
darpa_trace:n19748,675
darpa_trace:n197734,676
darpa_trace:n198025,677
darpa_trace:n198257,678
darpa_trace:n198272,679
darpa_trace:n198605,680
darpa_trace:n1991,681
darpa_trace:n199243,682
darpa_trace:n199475,683
darpa_trace:n199871,684
darpa_trace:n199932,685
darpa_trace:n199969,686
darpa_trace:n20008,687
darpa_trace:n200433,688
darpa_trace:n200559,689
darpa_trace:n200629,690
darpa_trace:n201200,691
darpa_trace:n201551,692
darpa_trace:n201909,693
darpa_trace:n202128,694
darpa_trace:n202227,695
darpa_trace:n202354,696
darpa_trace:n202394,697
darpa_trace:n202698,698
darpa_trace:n20293,699
darpa_trace:n202975,700
darpa_trace:n20298,701
darpa_trace:n203137,702
darpa_trace:n20318,703
darpa_trace:n203286,704
darpa_trace:n203309,705
darpa_trace:n20355,706
darpa_trace:n204056,707
darpa_trace:n204165,708
darpa_trace:n204324,709
darpa_trace:n204500,710
darpa_trace:n20480,711
darpa_trace:n204995,712
darpa_trace:n205029,713
darpa_trace:n205239,714
darpa_trace:n205260,715
darpa_trace:n205278,716
darpa_trace:n205677,717
darpa_trace:n205831,718
darpa_trace:n206696,719
darpa_trace:n20705,720
darpa_trace:n207259,721
darpa_trace:n20770,722
darpa_trace:n207924,723
darpa_trace:n207989,724
darpa_trace:n208248,725
darpa_trace:n208285,726
darpa_trace:n208378,727
darpa_trace:n208432,728
darpa_trace:n208562,729
darpa_trace:n20871,730
darpa_trace:n20879,731
darpa_trace:n209167,732
darpa_trace:n209379,733
darpa_trace:n209601,734
darpa_trace:n209610,735
darpa_trace:n209657,736
darpa_trace:n209687,737
darpa_trace:n209962,738
darpa_trace:n209982,739
darpa_trace:n210145,740
darpa_trace:n210468,741
darpa_trace:n21062,742
darpa_trace:n210738,743
darpa_trace:n210759,744
darpa_trace:n210781,745
darpa_trace:n210782,746
darpa_trace:n210785,747
darpa_trace:n210884,748
darpa_trace:n210984,749
darpa_trace:n211090,750
darpa_trace:n21115,751
darpa_trace:n211437,752
darpa_trace:n211586,753
darpa_trace:n211618,754
darpa_trace:n21168,755
darpa_trace:n2117,756
darpa_trace:n211740,757
darpa_trace:n211741,758
darpa_trace:n21175,759
darpa_trace:n211811,760
darpa_trace:n211859,761
darpa_trace:n212487,762
darpa_trace:n212665,763
darpa_trace:n212677,764
darpa_trace:n212822,765
darpa_trace:n212998,766
darpa_trace:n213298,767
darpa_trace:n21339,768
darpa_trace:n213756,769
darpa_trace:n213901,770
darpa_trace:n21393,771
darpa_trace:n214067,772
darpa_trace:n214080,773
darpa_trace:n214098,774
darpa_trace:n21434,775
darpa_trace:n214501,776
darpa_trace:n214521,777
darpa_trace:n215183,778
darpa_trace:n215748,779
darpa_trace:n215955,780
darpa_trace:n216176,781
darpa_trace:n216544,782
darpa_trace:n216876,783
darpa_trace:n216940,784
darpa_trace:n217233,785
darpa_trace:n218021,786
darpa_trace:n218102,787
darpa_trace:n2184,788
darpa_trace:n21864,789
darpa_trace:n218717,790
darpa_trace:n21878,791
darpa_trace:n218792,792
darpa_trace:n219267,793
darpa_trace:n219371,794
darpa_trace:n219433,795
darpa_trace:n219436,796
darpa_trace:n21989,797
darpa_trace:n220505,798
darpa_trace:n221016,799
darpa_trace:n22135,800
darpa_trace:n221374,801
darpa_trace:n221438,802
darpa_trace:n22161,803
darpa_trace:n22168,804
darpa_trace:n221902,805
darpa_trace:n222193,806
darpa_trace:n222421,807
darpa_trace:n222487,808
darpa_trace:n222939,809
darpa_trace:n223087,810
darpa_trace:n223136,811
darpa_trace:n223549,812
darpa_trace:n223593,813
darpa_trace:n223603,814
darpa_trace:n224229,815
darpa_trace:n224521,816
darpa_trace:n224574,817
darpa_trace:n224708,818
darpa_trace:n224740,819
darpa_trace:n224927,820
darpa_trace:n224946,821
darpa_trace:n224995,822
darpa_trace:n225122,823
darpa_trace:n225144,824
darpa_trace:n225299,825
darpa_trace:n225374,826
darpa_trace:n22583,827
darpa_trace:n225885,828
darpa_trace:n22612,829
darpa_trace:n226396,830
darpa_trace:n22667,831
darpa_trace:n226932,832
darpa_trace:n22737,833
darpa_trace:n22739,834
darpa_trace:n227420,835
darpa_trace:n227836,836
darpa_trace:n22790,837
darpa_trace:n228072,838
darpa_trace:n228205,839
darpa_trace:n228257,840
darpa_trace:n228467,841
darpa_trace:n228628,842
darpa_trace:n229003,843
darpa_trace:n229159,844
darpa_trace:n229310,845
darpa_trace:n229333,846
darpa_trace:n229569,847
darpa_trace:n22991,848
darpa_trace:n229952,849
darpa_trace:n230022,850
darpa_trace:n230570,851
darpa_trace:n230653,852
darpa_trace:n230740,853
darpa_trace:n230800,854
darpa_trace:n2312,855
darpa_trace:n2313,856
darpa_trace:n2314,857
darpa_trace:n2315,858
darpa_trace:n231510,859
darpa_trace:n231592,860
darpa_trace:n231770,861
darpa_trace:n23236,862
darpa_trace:n232371,863
darpa_trace:n232775,864
darpa_trace:n2328,865
darpa_trace:n233120,866
darpa_trace:n233140,867
darpa_trace:n2332,868
darpa_trace:n233275,869
darpa_trace:n23360,870
darpa_trace:n233677,871
darpa_trace:n2338,872
darpa_trace:n233839,873
darpa_trace:n23423,874
darpa_trace:n2346,875
darpa_trace:n234755,876
darpa_trace:n234977,877
darpa_trace:n234993,878
darpa_trace:n235133,879
darpa_trace:n23549,880
darpa_trace:n235580,881
darpa_trace:n2356,882
darpa_trace:n235668,883
darpa_trace:n23593,884
darpa_trace:n236760,885
darpa_trace:n236779,886
darpa_trace:n236895,887
darpa_trace:n237436,888
darpa_trace:n237643,889
darpa_trace:n237825,890
darpa_trace:n23789,891
darpa_trace:n2379,892
darpa_trace:n238062,893
darpa_trace:n23813,894
darpa_trace:n238231,895
darpa_trace:n2384,896
darpa_trace:n23858,897
darpa_trace:n238747,898
darpa_trace:n238794,899
darpa_trace:n2389,900
darpa_trace:n239172,901
darpa_trace:n2394,902
darpa_trace:n2398,903
darpa_trace:n239886,904
darpa_trace:n23989,905
darpa_trace:n240010,906
darpa_trace:n240194,907
darpa_trace:n240282,908
darpa_trace:n2403,909
darpa_trace:n240341,910
darpa_trace:n240426,911
darpa_trace:n240716,912
darpa_trace:n240850,913
darpa_trace:n241130,914
darpa_trace:n24121,915
darpa_trace:n241494,916
darpa_trace:n241595,917
darpa_trace:n241789,918
darpa_trace:n2418,919
darpa_trace:n241883,920
darpa_trace:n241908,921
darpa_trace:n2422,922
darpa_trace:n242228,923
darpa_trace:n242375,924
darpa_trace:n242669,925
darpa_trace:n242831,926
darpa_trace:n242852,927
darpa_trace:n243119,928
darpa_trace:n243136,929
darpa_trace:n243228,930
darpa_trace:n243686,931
darpa_trace:n244168,932
darpa_trace:n244390,933
darpa_trace:n244402,934
darpa_trace:n245,935
darpa_trace:n245060,936
darpa_trace:n2456,937
darpa_trace:n245639,938
darpa_trace:n245708,939
darpa_trace:n2458,940
darpa_trace:n245803,941
darpa_trace:n245865,942
darpa_trace:n2467,943
darpa_trace:n246755,944
darpa_trace:n2468,945
darpa_trace:n247005,946
darpa_trace:n247101,947
darpa_trace:n247117,948
darpa_trace:n247199,949
darpa_trace:n247254,950
darpa_trace:n2473,951
darpa_trace:n247361,952
darpa_trace:n247362,953
darpa_trace:n24764,954
darpa_trace:n2477,955
darpa_trace:n24774,956
darpa_trace:n247754,957
darpa_trace:n247942,958
darpa_trace:n24796,959
darpa_trace:n248009,960
darpa_trace:n248283,961
darpa_trace:n2485,962
darpa_trace:n248557,963
darpa_trace:n248615,964
darpa_trace:n248627,965
darpa_trace:n248649,966
darpa_trace:n248723,967
darpa_trace:n248860,968
darpa_trace:n248870,969
darpa_trace:n2490,970
darpa_trace:n249089,971
darpa_trace:n2491,972
darpa_trace:n249106,973
darpa_trace:n24927,974
darpa_trace:n249577,975
darpa_trace:n249590,976
darpa_trace:n249708,977
darpa_trace:n2504,978
darpa_trace:n250463,979
darpa_trace:n250755,980
darpa_trace:n250894,981
darpa_trace:n250966,982
darpa_trace:n251002,983
darpa_trace:n251019,984
darpa_trace:n251622,985
darpa_trace:n251958,986
darpa_trace:n252080,987
darpa_trace:n252191,988
darpa_trace:n252322,989
darpa_trace:n252808,990
darpa_trace:n253272,991
darpa_trace:n253680,992
darpa_trace:n253682,993
darpa_trace:n254063,994
darpa_trace:n254670,995
darpa_trace:n255226,996
darpa_trace:n255285,997
darpa_trace:n2553,998
darpa_trace:n255309,999
darpa_trace:n255314,1000
darpa_trace:n255436,1001
darpa_trace:n255553,1002
darpa_trace:n256678,1003
darpa_trace:n256778,1004
darpa_trace:n25701,1005
darpa_trace:n257044,1006
darpa_trace:n257093,1007
darpa_trace:n257362,1008
darpa_trace:n2575,1009
darpa_trace:n257544,1010
darpa_trace:n257547,1011
darpa_trace:n257798,1012
darpa_trace:n257814,1013
darpa_trace:n258041,1014
darpa_trace:n258348,1015
darpa_trace:n2587,1016
darpa_trace:n258906,1017
darpa_trace:n259,1018
darpa_trace:n259321,1019
darpa_trace:n259726,1020
darpa_trace:n259779,1021
darpa_trace:n259808,1022
darpa_trace:n259862,1023
darpa_trace:n25988,1024
darpa_trace:n259951,1025
darpa_trace:n2600,1026
darpa_trace:n260102,1027
darpa_trace:n260317,1028
darpa_trace:n260337,1029
darpa_trace:n260503,1030
darpa_trace:n260683,1031
darpa_trace:n26074,1032
darpa_trace:n260794,1033
darpa_trace:n260918,1034
darpa_trace:n261366,1035
darpa_trace:n261407,1036
darpa_trace:n261566,1037
darpa_trace:n26166,1038
darpa_trace:n261692,1039
darpa_trace:n262119,1040
darpa_trace:n262227,1041
darpa_trace:n262298,1042
darpa_trace:n262502,1043
darpa_trace:n262576,1044
darpa_trace:n262782,1045
darpa_trace:n263017,1046
darpa_trace:n263041,1047
darpa_trace:n263238,1048
darpa_trace:n263430,1049
darpa_trace:n26370,1050
darpa_trace:n263714,1051
darpa_trace:n263824,1052
darpa_trace:n2646,1053
darpa_trace:n2647,1054
darpa_trace:n264791,1055
darpa_trace:n264990,1056
darpa_trace:n265234,1057
darpa_trace:n265326,1058
darpa_trace:n265419,1059
darpa_trace:n265501,1060
darpa_trace:n265524,1061
darpa_trace:n265530,1062
darpa_trace:n265591,1063
darpa_trace:n265592,1064
darpa_trace:n265621,1065
darpa_trace:n265682,1066
darpa_trace:n265683,1067
darpa_trace:n265692,1068
darpa_trace:n265774,1069
darpa_trace:n265805,1070
darpa_trace:n265822,1071
darpa_trace:n265834,1072
darpa_trace:n265950,1073
darpa_trace:n265995,1074
darpa_trace:n266008,1075
darpa_trace:n266019,1076
darpa_trace:n266029,1077
darpa_trace:n266030,1078
darpa_trace:n266032,1079
darpa_trace:n266123,1080
darpa_trace:n266489,1081
darpa_trace:n266509,1082
darpa_trace:n266521,1083
darpa_trace:n266583,1084
darpa_trace:n266609,1085
darpa_trace:n266670,1086
darpa_trace:n2667,1087
darpa_trace:n266738,1088
darpa_trace:n266827,1089
darpa_trace:n2669,1090
darpa_trace:n267082,1091
darpa_trace:n267083,1092
darpa_trace:n267156,1093
darpa_trace:n267157,1094
darpa_trace:n267242,1095
darpa_trace:n267282,1096
darpa_trace:n267339,1097
darpa_trace:n267401,1098
darpa_trace:n267437,1099
darpa_trace:n26753,1100
darpa_trace:n267530,1101
darpa_trace:n267588,1102
darpa_trace:n2679,1103
darpa_trace:n2684,1104
darpa_trace:n268548,1105
darpa_trace:n268593,1106
darpa_trace:n2686,1107
darpa_trace:n268863,1108
darpa_trace:n268941,1109
darpa_trace:n2691,1110
darpa_trace:n2694,1111
darpa_trace:n26941,1112
darpa_trace:n269472,1113
darpa_trace:n269527,1114
darpa_trace:n269831,1115
darpa_trace:n269916,1116
darpa_trace:n269918,1117
darpa_trace:n269951,1118
darpa_trace:n269997,1119
darpa_trace:n2700,1120
darpa_trace:n270041,1121
darpa_trace:n270145,1122
darpa_trace:n270209,1123
darpa_trace:n2703,1124
darpa_trace:n270329,1125
darpa_trace:n270391,1126
darpa_trace:n270465,1127
darpa_trace:n270466,1128
darpa_trace:n270503,1129
darpa_trace:n270569,1130
darpa_trace:n2707,1131
darpa_trace:n270740,1132
darpa_trace:n270924,1133
darpa_trace:n270986,1134
darpa_trace:n271077,1135
darpa_trace:n271108,1136
darpa_trace:n271189,1137
darpa_trace:n271191,1138
darpa_trace:n271229,1139
darpa_trace:n271233,1140
darpa_trace:n271249,1141
darpa_trace:n271345,1142
darpa_trace:n271457,1143
darpa_trace:n2717,1144
darpa_trace:n271773,1145
darpa_trace:n272061,1146
darpa_trace:n27209,1147
darpa_trace:n272224,1148
darpa_trace:n27236,1149
darpa_trace:n272474,1150
darpa_trace:n272630,1151
darpa_trace:n272752,1152
darpa_trace:n27282,1153
darpa_trace:n272882,1154
darpa_trace:n272990,1155
darpa_trace:n273045,1156
darpa_trace:n273053,1157
darpa_trace:n273098,1158
darpa_trace:n273170,1159
darpa_trace:n273199,1160
darpa_trace:n273384,1161
darpa_trace:n273446,1162
darpa_trace:n273453,1163
darpa_trace:n273520,1164
darpa_trace:n273521,1165
darpa_trace:n273798,1166
darpa_trace:n273866,1167
darpa_trace:n274073,1168
darpa_trace:n274094,1169
darpa_trace:n274146,1170
darpa_trace:n274175,1171
darpa_trace:n274303,1172
darpa_trace:n27432,1173
darpa_trace:n274365,1174
darpa_trace:n274527,1175
darpa_trace:n274584,1176
darpa_trace:n274656,1177
darpa_trace:n274755,1178
darpa_trace:n274948,1179
darpa_trace:n274950,1180
darpa_trace:n274953,1181
darpa_trace:n274997,1182
darpa_trace:n275036,1183
darpa_trace:n275115,1184
darpa_trace:n275117,1185
darpa_trace:n27524,1186
darpa_trace:n275440,1187
darpa_trace:n27547,1188
darpa_trace:n275698,1189
darpa_trace:n276003,1190
darpa_trace:n276030,1191
darpa_trace:n276253,1192
darpa_trace:n276307,1193
darpa_trace:n27643,1194
darpa_trace:n276476,1195
darpa_trace:n276506,1196
darpa_trace:n276528,1197
darpa_trace:n276639,1198
darpa_trace:n276689,1199
darpa_trace:n27676,1200
darpa_trace:n276904,1201
darpa_trace:n276907,1202
darpa_trace:n276982,1203
darpa_trace:n276998,1204
darpa_trace:n276999,1205
darpa_trace:n277063,1206
darpa_trace:n277156,1207
darpa_trace:n277247,1208
darpa_trace:n277275,1209
darpa_trace:n277309,1210
darpa_trace:n277338,1211
darpa_trace:n277368,1212
darpa_trace:n277400,1213
darpa_trace:n277429,1214
darpa_trace:n277503,1215
darpa_trace:n277590,1216
darpa_trace:n277634,1217
darpa_trace:n277720,1218
darpa_trace:n277740,1219
darpa_trace:n277749,1220
darpa_trace:n277811,1221
darpa_trace:n277840,1222
darpa_trace:n277931,1223
darpa_trace:n277944,1224
darpa_trace:n278147,1225
darpa_trace:n278185,1226
darpa_trace:n278240,1227
darpa_trace:n278306,1228
darpa_trace:n278364,1229
darpa_trace:n278408,1230
darpa_trace:n278452,1231
darpa_trace:n278472,1232
darpa_trace:n278954,1233
darpa_trace:n279394,1234
darpa_trace:n279718,1235
darpa_trace:n28001,1236
darpa_trace:n28007,1237
darpa_trace:n280439,1238
darpa_trace:n280572,1239
darpa_trace:n280773,1240
darpa_trace:n280799,1241
darpa_trace:n280810,1242
darpa_trace:n280867,1243
darpa_trace:n280881,1244
darpa_trace:n280894,1245
darpa_trace:n280908,1246
darpa_trace:n280909,1247
darpa_trace:n281027,1248
darpa_trace:n281056,1249
darpa_trace:n281149,1250
darpa_trace:n281207,1251
darpa_trace:n281211,1252
darpa_trace:n281237,1253
darpa_trace:n281240,1254
darpa_trace:n281302,1255
darpa_trace:n28133,1256
darpa_trace:n281331,1257
darpa_trace:n281343,1258
darpa_trace:n281376,1259
darpa_trace:n281377,1260
darpa_trace:n281387,1261
darpa_trace:n28145,1262
darpa_trace:n281478,1263
darpa_trace:n28159,1264
darpa_trace:n28163,1265
darpa_trace:n281710,1266
darpa_trace:n281713,1267
darpa_trace:n281742,1268
darpa_trace:n281804,1269
darpa_trace:n281895,1270
darpa_trace:n281900,1271
darpa_trace:n282098,1272
darpa_trace:n282111,1273
darpa_trace:n282169,1274
darpa_trace:n282266,1275
darpa_trace:n28231,1276
darpa_trace:n282310,1277
darpa_trace:n2825,1278
darpa_trace:n282681,1279
darpa_trace:n282920,1280
darpa_trace:n282946,1281
darpa_trace:n283059,1282
darpa_trace:n283381,1283
darpa_trace:n283618,1284
darpa_trace:n2838,1285
darpa_trace:n283817,1286
darpa_trace:n284166,1287
darpa_trace:n28433,1288
darpa_trace:n284800,1289
darpa_trace:n284948,1290
darpa_trace:n2850,1291
darpa_trace:n285051,1292
darpa_trace:n285077,1293
darpa_trace:n285089,1294
darpa_trace:n285096,1295
darpa_trace:n285180,1296
darpa_trace:n285442,1297
darpa_trace:n285601,1298
darpa_trace:n286698,1299
darpa_trace:n286954,1300
darpa_trace:n286971,1301
darpa_trace:n287476,1302
darpa_trace:n287584,1303
darpa_trace:n287608,1304
darpa_trace:n288056,1305
darpa_trace:n288368,1306
darpa_trace:n288492,1307
darpa_trace:n2894,1308
darpa_trace:n289606,1309
darpa_trace:n289797,1310
darpa_trace:n2908,1311
darpa_trace:n291014,1312
darpa_trace:n29133,1313
darpa_trace:n291352,1314
darpa_trace:n291374,1315
darpa_trace:n291730,1316
darpa_trace:n291746,1317
darpa_trace:n291778,1318
darpa_trace:n291896,1319
darpa_trace:n29227,1320
darpa_trace:n292902,1321
darpa_trace:n293174,1322
darpa_trace:n29326,1323
darpa_trace:n293424,1324
darpa_trace:n29401,1325
darpa_trace:n294156,1326
darpa_trace:n29426,1327
darpa_trace:n294335,1328
darpa_trace:n295621,1329
darpa_trace:n295772,1330
darpa_trace:n296162,1331
darpa_trace:n29619,1332
darpa_trace:n296355,1333
darpa_trace:n296612,1334
darpa_trace:n29680,1335
darpa_trace:n297198,1336
darpa_trace:n297231,1337
darpa_trace:n297755,1338
darpa_trace:n298373,1339
darpa_trace:n298523,1340
darpa_trace:n298614,1341
darpa_trace:n298622,1342
darpa_trace:n298669,1343
darpa_trace:n2996,1344
darpa_trace:n2997,1345
darpa_trace:n2999,1346
darpa_trace:n300119,1347
darpa_trace:n300182,1348
darpa_trace:n300323,1349
darpa_trace:n300328,1350
darpa_trace:n300376,1351
darpa_trace:n300459,1352
darpa_trace:n3005,1353
darpa_trace:n300768,1354
darpa_trace:n300848,1355
darpa_trace:n3009,1356
darpa_trace:n301333,1357
darpa_trace:n301342,1358
darpa_trace:n3014,1359
darpa_trace:n30143,1360
darpa_trace:n302098,1361
darpa_trace:n302223,1362
darpa_trace:n302349,1363
darpa_trace:n30274,1364
darpa_trace:n302857,1365
darpa_trace:n3030,1366
darpa_trace:n3033,1367
darpa_trace:n30411,1368
darpa_trace:n3042,1369
darpa_trace:n305062,1370
darpa_trace:n305619,1371
darpa_trace:n305911,1372
darpa_trace:n3064,1373
darpa_trace:n3065,1374
darpa_trace:n306539,1375
darpa_trace:n306582,1376
darpa_trace:n3066,1377
darpa_trace:n3067,1378
darpa_trace:n3068,1379
darpa_trace:n306827,1380
darpa_trace:n3069,1381
darpa_trace:n3070,1382
darpa_trace:n3071,1383
darpa_trace:n3072,1384
darpa_trace:n3073,1385
darpa_trace:n307329,1386
darpa_trace:n30735,1387
darpa_trace:n3074,1388
darpa_trace:n3075,1389
darpa_trace:n307528,1390
darpa_trace:n3076,1391
darpa_trace:n307629,1392
darpa_trace:n30773,1393
darpa_trace:n307823,1394
darpa_trace:n30787,1395
darpa_trace:n3081,1396
darpa_trace:n30829,1397
darpa_trace:n308375,1398
darpa_trace:n308919,1399
darpa_trace:n310057,1400
darpa_trace:n310250,1401
darpa_trace:n310270,1402
darpa_trace:n310571,1403
darpa_trace:n31070,1404
darpa_trace:n310714,1405
darpa_trace:n31081,1406
darpa_trace:n3109,1407
darpa_trace:n310913,1408
darpa_trace:n3110,1409
darpa_trace:n3111,1410
darpa_trace:n311206,1411
darpa_trace:n3114,1412
darpa_trace:n311506,1413
darpa_trace:n311755,1414
darpa_trace:n311900,1415
darpa_trace:n311957,1416
darpa_trace:n312091,1417
darpa_trace:n312271,1418
darpa_trace:n31231,1419
darpa_trace:n312472,1420
darpa_trace:n312498,1421
darpa_trace:n312499,1422
darpa_trace:n312756,1423
darpa_trace:n313281,1424
darpa_trace:n313764,1425
darpa_trace:n314133,1426
darpa_trace:n314215,1427
darpa_trace:n314303,1428
darpa_trace:n31438,1429
darpa_trace:n314402,1430
darpa_trace:n314732,1431
darpa_trace:n314765,1432
darpa_trace:n31495,1433
darpa_trace:n315038,1434
darpa_trace:n315136,1435
darpa_trace:n315244,1436
darpa_trace:n31533,1437
darpa_trace:n315456,1438
darpa_trace:n315821,1439
darpa_trace:n31596,1440
darpa_trace:n315966,1441
darpa_trace:n316513,1442
darpa_trace:n316896,1443
darpa_trace:n316990,1444
darpa_trace:n31721,1445
darpa_trace:n317358,1446
darpa_trace:n31743,1447
darpa_trace:n3176,1448
darpa_trace:n317770,1449
darpa_trace:n317815,1450
darpa_trace:n317874,1451
darpa_trace:n31797,1452
darpa_trace:n318183,1453
darpa_trace:n318342,1454
darpa_trace:n31891,1455
darpa_trace:n319210,1456
darpa_trace:n320352,1457
darpa_trace:n3205,1458
darpa_trace:n32052,1459
darpa_trace:n320584,1460
darpa_trace:n320610,1461
darpa_trace:n321497,1462
darpa_trace:n32160,1463
darpa_trace:n321687,1464
darpa_trace:n321744,1465
darpa_trace:n322062,1466
darpa_trace:n322428,1467
darpa_trace:n32346,1468
darpa_trace:n323610,1469
darpa_trace:n323661,1470
darpa_trace:n324115,1471
darpa_trace:n324198,1472
darpa_trace:n324252,1473
darpa_trace:n324748,1474
darpa_trace:n3251,1475
darpa_trace:n32525,1476
darpa_trace:n325781,1477
darpa_trace:n32590,1478
darpa_trace:n325978,1479
darpa_trace:n326009,1480
darpa_trace:n326092,1481
darpa_trace:n3267,1482
darpa_trace:n326848,1483
darpa_trace:n326976,1484
darpa_trace:n327132,1485
darpa_trace:n3273,1486
darpa_trace:n32741,1487
darpa_trace:n327559,1488
darpa_trace:n327646,1489
darpa_trace:n327739,1490
darpa_trace:n327951,1491
darpa_trace:n327984,1492
darpa_trace:n328222,1493
darpa_trace:n32842,1494
darpa_trace:n328853,1495
darpa_trace:n32907,1496
darpa_trace:n329116,1497
darpa_trace:n329141,1498
darpa_trace:n329433,1499
darpa_trace:n3296,1500
darpa_trace:n329739,1501
darpa_trace:n329818,1502
darpa_trace:n330200,1503
darpa_trace:n330256,1504
darpa_trace:n330514,1505
darpa_trace:n330662,1506
darpa_trace:n330847,1507
darpa_trace:n330942,1508
darpa_trace:n331210,1509
darpa_trace:n331308,1510
darpa_trace:n331328,1511
darpa_trace:n331342,1512
darpa_trace:n331477,1513
darpa_trace:n331569,1514
darpa_trace:n331823,1515
darpa_trace:n331888,1516
darpa_trace:n33191,1517
darpa_trace:n33205,1518
darpa_trace:n332279,1519
darpa_trace:n332320,1520
darpa_trace:n332413,1521
darpa_trace:n332415,1522
darpa_trace:n332454,1523
darpa_trace:n332478,1524
darpa_trace:n332484,1525
darpa_trace:n332569,1526
darpa_trace:n332661,1527
darpa_trace:n332722,1528
darpa_trace:n332754,1529
darpa_trace:n332845,1530
darpa_trace:n332852,1531
darpa_trace:n332890,1532
darpa_trace:n332891,1533
darpa_trace:n332904,1534
darpa_trace:n332990,1535
darpa_trace:n332992,1536
darpa_trace:n333035,1537
darpa_trace:n333048,1538
darpa_trace:n333134,1539
darpa_trace:n333254,1540
darpa_trace:n333298,1541
darpa_trace:n333347,1542
darpa_trace:n333409,1543
darpa_trace:n333438,1544
darpa_trace:n333455,1545
darpa_trace:n333495,1546
darpa_trace:n333575,1547
darpa_trace:n333610,1548
darpa_trace:n333656,1549
darpa_trace:n333674,1550
darpa_trace:n333778,1551
darpa_trace:n333866,1552
darpa_trace:n334133,1553
darpa_trace:n334136,1554
darpa_trace:n334149,1555
darpa_trace:n334154,1556
darpa_trace:n334433,1557
darpa_trace:n334438,1558
darpa_trace:n334472,1559
darpa_trace:n334533,1560
darpa_trace:n334689,1561
darpa_trace:n334782,1562
darpa_trace:n335004,1563
darpa_trace:n33553,1564
darpa_trace:n33599,1565
darpa_trace:n336073,1566
darpa_trace:n336127,1567
darpa_trace:n336241,1568
darpa_trace:n336271,1569
darpa_trace:n336961,1570
darpa_trace:n336988,1571
darpa_trace:n337129,1572
darpa_trace:n337244,1573
darpa_trace:n337296,1574
darpa_trace:n337737,1575
darpa_trace:n33775,1576
darpa_trace:n337778,1577
darpa_trace:n337789,1578
darpa_trace:n338097,1579
darpa_trace:n338315,1580
darpa_trace:n338494,1581
darpa_trace:n338676,1582
darpa_trace:n338883,1583
darpa_trace:n339445,1584
darpa_trace:n339484,1585
darpa_trace:n339618,1586
darpa_trace:n339883,1587
darpa_trace:n33992,1588
darpa_trace:n340839,1589
darpa_trace:n341013,1590
darpa_trace:n34136,1591
darpa_trace:n341434,1592
darpa_trace:n341567,1593
darpa_trace:n341569,1594
darpa_trace:n34175,1595
darpa_trace:n34181,1596
darpa_trace:n341840,1597
darpa_trace:n341863,1598
darpa_trace:n342495,1599
darpa_trace:n342954,1600
darpa_trace:n343008,1601
darpa_trace:n343201,1602
darpa_trace:n343274,1603
darpa_trace:n3439,1604
darpa_trace:n34401,1605
darpa_trace:n344124,1606
darpa_trace:n344282,1607
darpa_trace:n344476,1608
darpa_trace:n344548,1609
darpa_trace:n344761,1610
darpa_trace:n345006,1611
darpa_trace:n345015,1612
darpa_trace:n345063,1613
darpa_trace:n345320,1614
darpa_trace:n345325,1615
darpa_trace:n345373,1616
darpa_trace:n345860,1617
darpa_trace:n346224,1618
darpa_trace:n346368,1619
darpa_trace:n346444,1620
darpa_trace:n346950,1621
darpa_trace:n347338,1622
darpa_trace:n347646,1623
darpa_trace:n347817,1624
darpa_trace:n34789,1625
darpa_trace:n34809,1626
darpa_trace:n34823,1627
darpa_trace:n348248,1628
darpa_trace:n349002,1629
darpa_trace:n349141,1630
darpa_trace:n349144,1631
darpa_trace:n349166,1632
darpa_trace:n349309,1633
darpa_trace:n349319,1634
darpa_trace:n349444,1635
darpa_trace:n34954,1636
darpa_trace:n349998,1637
darpa_trace:n3500,1638
darpa_trace:n350043,1639
darpa_trace:n35010,1640
darpa_trace:n350532,1641
darpa_trace:n350726,1642
darpa_trace:n350873,1643
darpa_trace:n3509,1644
darpa_trace:n35119,1645
darpa_trace:n3512,1646
darpa_trace:n3520,1647
darpa_trace:n352267,1648
darpa_trace:n352373,1649
darpa_trace:n352381,1650
darpa_trace:n352607,1651
darpa_trace:n352612,1652
darpa_trace:n35359,1653
darpa_trace:n353752,1654
darpa_trace:n353876,1655
darpa_trace:n354201,1656
darpa_trace:n354710,1657
darpa_trace:n354752,1658
darpa_trace:n355027,1659
darpa_trace:n3553,1660
darpa_trace:n355345,1661
darpa_trace:n35573,1662
darpa_trace:n355769,1663
darpa_trace:n3558,1664
darpa_trace:n356065,1665
darpa_trace:n356077,1666
darpa_trace:n356247,1667
darpa_trace:n356252,1668
darpa_trace:n356287,1669
darpa_trace:n356512,1670
darpa_trace:n356609,1671
darpa_trace:n356660,1672
darpa_trace:n356818,1673
darpa_trace:n357318,1674
darpa_trace:n357328,1675
darpa_trace:n357501,1676
darpa_trace:n357532,1677
darpa_trace:n3576,1678
darpa_trace:n357610,1679
darpa_trace:n357623,1680
darpa_trace:n35763,1681
darpa_trace:n357733,1682
darpa_trace:n357764,1683
darpa_trace:n3579,1684
darpa_trace:n358019,1685
darpa_trace:n358082,1686
darpa_trace:n358240,1687
darpa_trace:n358270,1688
darpa_trace:n3583,1689
darpa_trace:n358525,1690
darpa_trace:n35853,1691
darpa_trace:n3586,1692
darpa_trace:n358660,1693
darpa_trace:n358675,1694
darpa_trace:n35869,1695
darpa_trace:n3587,1696
darpa_trace:n358881,1697
darpa_trace:n3590,1698
darpa_trace:n359589,1699
darpa_trace:n359968,1700
darpa_trace:n359969,1701
darpa_trace:n360208,1702
darpa_trace:n3604,1703
darpa_trace:n360410,1704
darpa_trace:n360962,1705
darpa_trace:n361179,1706
darpa_trace:n361249,1707
darpa_trace:n361662,1708
darpa_trace:n36178,1709
darpa_trace:n361794,1710
darpa_trace:n3618,1711
darpa_trace:n362059,1712
darpa_trace:n362095,1713
darpa_trace:n362448,1714
darpa_trace:n36256,1715
darpa_trace:n362753,1716
darpa_trace:n362888,1717
darpa_trace:n363025,1718
darpa_trace:n36319,1719
darpa_trace:n363350,1720
darpa_trace:n363453,1721
darpa_trace:n363570,1722
darpa_trace:n363578,1723
darpa_trace:n3639,1724
darpa_trace:n36406,1725
darpa_trace:n364391,1726
darpa_trace:n364600,1727
darpa_trace:n365006,1728
darpa_trace:n36542,1729
darpa_trace:n365817,1730
darpa_trace:n365834,1731
darpa_trace:n36592,1732
darpa_trace:n3663,1733
darpa_trace:n366368,1734
darpa_trace:n366396,1735
darpa_trace:n36702,1736
darpa_trace:n367153,1737
darpa_trace:n3674,1738
darpa_trace:n367451,1739
darpa_trace:n3675,1740
darpa_trace:n367811,1741
darpa_trace:n368391,1742
darpa_trace:n368534,1743
darpa_trace:n368635,1744
darpa_trace:n36902,1745
darpa_trace:n369307,1746
darpa_trace:n369429,1747
darpa_trace:n36943,1748
darpa_trace:n369995,1749
darpa_trace:n370186,1750
darpa_trace:n370250,1751
darpa_trace:n370540,1752
darpa_trace:n370783,1753
darpa_trace:n370933,1754
darpa_trace:n37097,1755
darpa_trace:n37127,1756
darpa_trace:n371347,1757
darpa_trace:n371412,1758
darpa_trace:n371425,1759
darpa_trace:n371463,1760
darpa_trace:n371490,1761
darpa_trace:n371534,1762
darpa_trace:n371609,1763
darpa_trace:n371731,1764
darpa_trace:n371764,1765
darpa_trace:n371793,1766
darpa_trace:n371884,1767
darpa_trace:n371909,1768
darpa_trace:n371913,1769
darpa_trace:n372049,1770
darpa_trace:n372059,1771
darpa_trace:n372062,1772
darpa_trace:n372076,1773
darpa_trace:n372142,1774
darpa_trace:n372194,1775
darpa_trace:n372322,1776
darpa_trace:n372323,1777
darpa_trace:n372389,1778
darpa_trace:n37258,1779
darpa_trace:n372600,1780
darpa_trace:n372620,1781
darpa_trace:n372672,1782
darpa_trace:n372673,1783
darpa_trace:n372727,1784
darpa_trace:n372752,1785
darpa_trace:n372754,1786
darpa_trace:n372768,1787
darpa_trace:n372781,1788
darpa_trace:n372782,1789
darpa_trace:n37287,1790
darpa_trace:n372936,1791
darpa_trace:n372950,1792
darpa_trace:n373020,1793
darpa_trace:n373162,1794
darpa_trace:n373226,1795
darpa_trace:n373266,1796
darpa_trace:n373507,1797
darpa_trace:n373540,1798
darpa_trace:n374206,1799
darpa_trace:n374313,1800
darpa_trace:n374414,1801
darpa_trace:n374440,1802
darpa_trace:n374553,1803
darpa_trace:n374841,1804
darpa_trace:n374918,1805
darpa_trace:n374936,1806
darpa_trace:n375091,1807
darpa_trace:n375137,1808
darpa_trace:n375699,1809
darpa_trace:n375710,1810
darpa_trace:n375766,1811
darpa_trace:n375779,1812
darpa_trace:n375791,1813
darpa_trace:n375841,1814
darpa_trace:n375870,1815
darpa_trace:n375882,1816
darpa_trace:n376025,1817
darpa_trace:n376054,1818
darpa_trace:n376116,1819
darpa_trace:n376145,1820
darpa_trace:n376268,1821
darpa_trace:n376293,1822
darpa_trace:n376294,1823
darpa_trace:n376319,1824
darpa_trace:n376363,1825
darpa_trace:n376485,1826
darpa_trace:n376492,1827
darpa_trace:n376811,1828
darpa_trace:n376828,1829
darpa_trace:n376844,1830
darpa_trace:n376860,1831
darpa_trace:n376881,1832
darpa_trace:n376900,1833
darpa_trace:n3779,1834
darpa_trace:n378033,1835
darpa_trace:n378158,1836
darpa_trace:n378252,1837
darpa_trace:n37857,1838
darpa_trace:n378690,1839
darpa_trace:n378875,1840
darpa_trace:n378938,1841
darpa_trace:n379086,1842
darpa_trace:n379168,1843
darpa_trace:n379255,1844
darpa_trace:n379305,1845
darpa_trace:n37972,1846
darpa_trace:n379934,1847
darpa_trace:n38005,1848
darpa_trace:n380060,1849
darpa_trace:n380442,1850
darpa_trace:n380633,1851
darpa_trace:n380980,1852
darpa_trace:n381152,1853
darpa_trace:n381429,1854
darpa_trace:n381588,1855
darpa_trace:n381859,1856
darpa_trace:n381868,1857
darpa_trace:n381954,1858
darpa_trace:n381991,1859
darpa_trace:n382015,1860
darpa_trace:n382076,1861
darpa_trace:n382108,1862
darpa_trace:n382290,1863
darpa_trace:n382383,1864
darpa_trace:n382385,1865
darpa_trace:n382412,1866
darpa_trace:n382542,1867
darpa_trace:n382543,1868
darpa_trace:n382544,1869
darpa_trace:n382610,1870
darpa_trace:n382641,1871
darpa_trace:n382672,1872
darpa_trace:n382703,1873
darpa_trace:n382720,1874
darpa_trace:n382885,1875
darpa_trace:n382947,1876
darpa_trace:n382956,1877
darpa_trace:n382978,1878
darpa_trace:n383235,1879
darpa_trace:n383248,1880
darpa_trace:n383318,1881
darpa_trace:n383362,1882
darpa_trace:n383369,1883
darpa_trace:n383403,1884
darpa_trace:n383404,1885
darpa_trace:n383629,1886
darpa_trace:n383693,1887
darpa_trace:n383733,1888
darpa_trace:n383789,1889
darpa_trace:n383970,1890
darpa_trace:n383993,1891
darpa_trace:n3841,1892
darpa_trace:n384406,1893
darpa_trace:n384409,1894
darpa_trace:n384985,1895
darpa_trace:n385072,1896
darpa_trace:n385080,1897
darpa_trace:n385135,1898
darpa_trace:n385164,1899
darpa_trace:n385169,1900
darpa_trace:n385226,1901
darpa_trace:n385542,1902
darpa_trace:n38591,1903
darpa_trace:n386045,1904
darpa_trace:n386103,1905
darpa_trace:n386252,1906
darpa_trace:n386330,1907
darpa_trace:n386403,1908
darpa_trace:n38645,1909
darpa_trace:n386529,1910
darpa_trace:n386567,1911
darpa_trace:n386584,1912
darpa_trace:n386593,1913
darpa_trace:n386602,1914
darpa_trace:n386625,1915
darpa_trace:n386692,1916
darpa_trace:n386709,1917
darpa_trace:n386788,1918
darpa_trace:n386791,1919
darpa_trace:n386817,1920
darpa_trace:n386910,1921
darpa_trace:n386969,1922
darpa_trace:n387001,1923
darpa_trace:n387092,1924
darpa_trace:n387121,1925
darpa_trace:n387127,1926
darpa_trace:n387151,1927
darpa_trace:n387228,1928
darpa_trace:n387231,1929
darpa_trace:n387412,1930
darpa_trace:n387436,1931
darpa_trace:n387596,1932
darpa_trace:n38763,1933
darpa_trace:n387644,1934
darpa_trace:n387656,1935
darpa_trace:n387658,1936
darpa_trace:n387687,1937
darpa_trace:n387749,1938
darpa_trace:n387753,1939
darpa_trace:n387755,1940
darpa_trace:n387812,1941
darpa_trace:n387874,1942
darpa_trace:n387905,1943
darpa_trace:n387919,1944
darpa_trace:n387959,1945
darpa_trace:n387982,1946
darpa_trace:n38802,1947
darpa_trace:n38804,1948
darpa_trace:n388073,1949
darpa_trace:n388114,1950
darpa_trace:n388327,1951
darpa_trace:n388340,1952
darpa_trace:n388370,1953
darpa_trace:n388386,1954
darpa_trace:n388402,1955
darpa_trace:n388444,1956
darpa_trace:n388622,1957
darpa_trace:n388708,1958
darpa_trace:n388749,1959
darpa_trace:n388930,1960
darpa_trace:n389215,1961
darpa_trace:n389245,1962
darpa_trace:n389300,1963
darpa_trace:n389357,1964
darpa_trace:n389402,1965
darpa_trace:n389463,1966
darpa_trace:n389480,1967
darpa_trace:n389571,1968
darpa_trace:n38960,1969
darpa_trace:n389835,1970
darpa_trace:n389975,1971
darpa_trace:n390,1972
darpa_trace:n390276,1973
darpa_trace:n390304,1974
darpa_trace:n390324,1975
darpa_trace:n390360,1976
darpa_trace:n390422,1977
darpa_trace:n390425,1978
darpa_trace:n390451,1979
darpa_trace:n390510,1980
darpa_trace:n390513,1981
darpa_trace:n390542,1982
darpa_trace:n390554,1983
darpa_trace:n390558,1984
darpa_trace:n390635,1985
darpa_trace:n390771,1986
darpa_trace:n39078,1987
darpa_trace:n390818,1988
darpa_trace:n390875,1989
darpa_trace:n390889,1990
darpa_trace:n390908,1991
darpa_trace:n390919,1992
darpa_trace:n390932,1993
darpa_trace:n391140,1994
darpa_trace:n391141,1995
darpa_trace:n391322,1996
darpa_trace:n391415,1997
darpa_trace:n391473,1998
darpa_trace:n391496,1999
darpa_trace:n391581,2000
darpa_trace:n391594,2001
darpa_trace:n391617,2002
darpa_trace:n391625,2003
darpa_trace:n391708,2004
darpa_trace:n391749,2005
darpa_trace:n391750,2006
darpa_trace:n391953,2007
darpa_trace:n391975,2008
darpa_trace:n392021,2009
darpa_trace:n392343,2010
darpa_trace:n392875,2011
darpa_trace:n392921,2012
darpa_trace:n393131,2013
darpa_trace:n39347,2014
darpa_trace:n39376,2015
darpa_trace:n393764,2016
darpa_trace:n393886,2017
darpa_trace:n393934,2018
darpa_trace:n394176,2019
darpa_trace:n394193,2020
darpa_trace:n394458,2021
darpa_trace:n394987,2022
darpa_trace:n39505,2023
darpa_trace:n395063,2024
darpa_trace:n39586,2025
darpa_trace:n395954,2026
darpa_trace:n3960,2027
darpa_trace:n396190,2028
darpa_trace:n39642,2029
darpa_trace:n396427,2030
darpa_trace:n396590,2031
darpa_trace:n396707,2032
darpa_trace:n396807,2033
darpa_trace:n396968,2034
darpa_trace:n397384,2035
darpa_trace:n397402,2036
darpa_trace:n397631,2037
darpa_trace:n397666,2038
darpa_trace:n39781,2039
darpa_trace:n39791,2040
darpa_trace:n397928,2041
darpa_trace:n39810,2042
darpa_trace:n398593,2043
darpa_trace:n39876,2044
darpa_trace:n39905,2045
darpa_trace:n399074,2046
darpa_trace:n399280,2047
darpa_trace:n399359,2048
darpa_trace:n39952,2049
darpa_trace:n39961,2050
darpa_trace:n399702,2051
darpa_trace:n399876,2052
darpa_trace:n40028,2053
darpa_trace:n400361,2054
darpa_trace:n400570,2055
darpa_trace:n400719,2056
darpa_trace:n400733,2057
darpa_trace:n400863,2058
darpa_trace:n40158,2059
darpa_trace:n401761,2060
darpa_trace:n401952,2061
darpa_trace:n402280,2062
darpa_trace:n402485,2063
darpa_trace:n402509,2064
darpa_trace:n402623,2065
darpa_trace:n402742,2066
darpa_trace:n403063,2067
darpa_trace:n403558,2068
darpa_trace:n403628,2069
darpa_trace:n404136,2070
darpa_trace:n404137,2071
darpa_trace:n404178,2072
darpa_trace:n404340,2073
darpa_trace:n404621,2074
darpa_trace:n404640,2075
darpa_trace:n405939,2076
darpa_trace:n406079,2077
darpa_trace:n406472,2078
darpa_trace:n407252,2079
darpa_trace:n407277,2080
darpa_trace:n407495,2081
darpa_trace:n407852,2082
darpa_trace:n40798,2083
darpa_trace:n407991,2084
darpa_trace:n408150,2085
darpa_trace:n408494,2086
darpa_trace:n408669,2087
darpa_trace:n408949,2088
darpa_trace:n409505,2089
darpa_trace:n40970,2090
darpa_trace:n409848,2091
darpa_trace:n410335,2092
darpa_trace:n410398,2093
darpa_trace:n411228,2094
darpa_trace:n41123,2095
darpa_trace:n411405,2096
darpa_trace:n411481,2097
darpa_trace:n411510,2098
darpa_trace:n411698,2099
darpa_trace:n411738,2100
darpa_trace:n412002,2101
darpa_trace:n41221,2102
darpa_trace:n412298,2103
darpa_trace:n412622,2104
darpa_trace:n412802,2105
darpa_trace:n412984,2106
darpa_trace:n413157,2107
darpa_trace:n413907,2108
darpa_trace:n4143,2109
darpa_trace:n414452,2110
darpa_trace:n41467,2111
darpa_trace:n41478,2112
darpa_trace:n415083,2113
darpa_trace:n415295,2114
darpa_trace:n415479,2115
darpa_trace:n415508,2116
darpa_trace:n41637,2117
darpa_trace:n416394,2118
darpa_trace:n41659,2119
darpa_trace:n41699,2120
darpa_trace:n417015,2121
darpa_trace:n417393,2122
darpa_trace:n417821,2123
darpa_trace:n418028,2124
darpa_trace:n41857,2125
darpa_trace:n418609,2126
darpa_trace:n418723,2127
darpa_trace:n418955,2128
darpa_trace:n4191,2129
darpa_trace:n419204,2130
darpa_trace:n41923,2131
darpa_trace:n419775,2132
darpa_trace:n41995,2133
darpa_trace:n4204,2134
darpa_trace:n420560,2135
darpa_trace:n420568,2136
darpa_trace:n420608,2137
darpa_trace:n420668,2138
darpa_trace:n420963,2139
darpa_trace:n421362,2140
darpa_trace:n42153,2141
darpa_trace:n421612,2142
darpa_trace:n4217,2143
darpa_trace:n421772,2144
darpa_trace:n421786,2145
darpa_trace:n421822,2146
darpa_trace:n421825,2147
darpa_trace:n422164,2148
darpa_trace:n422204,2149
darpa_trace:n422621,2150
darpa_trace:n422698,2151
darpa_trace:n422799,2152
darpa_trace:n422801,2153
darpa_trace:n422804,2154
darpa_trace:n422824,2155
darpa_trace:n4229,2156
darpa_trace:n4230,2157
darpa_trace:n423368,2158
darpa_trace:n423439,2159
darpa_trace:n423767,2160
darpa_trace:n424072,2161
darpa_trace:n4242,2162
darpa_trace:n424229,2163
darpa_trace:n424259,2164
darpa_trace:n424643,2165
darpa_trace:n424884,2166
darpa_trace:n42507,2167
darpa_trace:n425374,2168
darpa_trace:n425820,2169
darpa_trace:n42601,2170
darpa_trace:n426011,2171
darpa_trace:n426823,2172
darpa_trace:n426931,2173
darpa_trace:n4274,2174
darpa_trace:n427626,2175
darpa_trace:n427811,2176
darpa_trace:n427819,2177
darpa_trace:n427875,2178
darpa_trace:n427900,2179
darpa_trace:n428258,2180
darpa_trace:n428352,2181
darpa_trace:n428416,2182
darpa_trace:n428892,2183
darpa_trace:n42949,2184
darpa_trace:n429717,2185
darpa_trace:n429752,2186
darpa_trace:n42997,2187
darpa_trace:n430075,2188
darpa_trace:n4302,2189
darpa_trace:n430233,2190
darpa_trace:n430306,2191
darpa_trace:n430423,2192
darpa_trace:n430454,2193
darpa_trace:n43081,2194
darpa_trace:n431206,2195
darpa_trace:n431343,2196
darpa_trace:n431378,2197
darpa_trace:n431542,2198
darpa_trace:n431645,2199
darpa_trace:n431785,2200
darpa_trace:n432149,2201
darpa_trace:n43220,2202
darpa_trace:n432451,2203
darpa_trace:n432460,2204
darpa_trace:n432621,2205
darpa_trace:n432691,2206
darpa_trace:n432744,2207
darpa_trace:n432746,2208
darpa_trace:n432942,2209
darpa_trace:n4331,2210
darpa_trace:n43315,2211
darpa_trace:n433178,2212
darpa_trace:n433343,2213
darpa_trace:n433376,2214
darpa_trace:n433465,2215
darpa_trace:n433489,2216
darpa_trace:n433782,2217
darpa_trace:n433972,2218
darpa_trace:n434059,2219
darpa_trace:n43411,2220
darpa_trace:n434247,2221
darpa_trace:n434335,2222
darpa_trace:n4344,2223
darpa_trace:n434811,2224
darpa_trace:n434827,2225
darpa_trace:n43494,2226
darpa_trace:n435020,2227
darpa_trace:n435064,2228
darpa_trace:n435097,2229
darpa_trace:n435478,2230
darpa_trace:n435595,2231
darpa_trace:n4356,2232
darpa_trace:n435616,2233
darpa_trace:n435856,2234
darpa_trace:n435871,2235
darpa_trace:n43617,2236
darpa_trace:n436611,2237
darpa_trace:n436620,2238
darpa_trace:n436747,2239
darpa_trace:n436828,2240
darpa_trace:n437208,2241
darpa_trace:n437899,2242
darpa_trace:n437933,2243
darpa_trace:n438000,2244
darpa_trace:n4383,2245
darpa_trace:n438325,2246
darpa_trace:n438731,2247
darpa_trace:n438846,2248
darpa_trace:n438971,2249
darpa_trace:n439228,2250
darpa_trace:n439231,2251
darpa_trace:n439457,2252
darpa_trace:n439531,2253
darpa_trace:n439864,2254
darpa_trace:n439867,2255
darpa_trace:n440034,2256
darpa_trace:n440108,2257
darpa_trace:n440155,2258
darpa_trace:n440362,2259
darpa_trace:n440751,2260
darpa_trace:n4412,2261
darpa_trace:n4418,2262
darpa_trace:n442107,2263
darpa_trace:n442298,2264
darpa_trace:n442311,2265
darpa_trace:n4433,2266
darpa_trace:n4434,2267
darpa_trace:n443713,2268
darpa_trace:n443883,2269
darpa_trace:n444289,2270
darpa_trace:n444295,2271
darpa_trace:n444307,2272
darpa_trace:n444584,2273
darpa_trace:n444708,2274
darpa_trace:n44496,2275
darpa_trace:n44506,2276
darpa_trace:n445133,2277
darpa_trace:n445401,2278
darpa_trace:n445474,2279
darpa_trace:n445516,2280
darpa_trace:n446161,2281
darpa_trace:n446282,2282
darpa_trace:n44632,2283
darpa_trace:n446396,2284
darpa_trace:n44649,2285
darpa_trace:n446646,2286
darpa_trace:n446773,2287
darpa_trace:n446792,2288
darpa_trace:n447045,2289
darpa_trace:n447175,2290
darpa_trace:n447196,2291
darpa_trace:n447352,2292
darpa_trace:n447423,2293
darpa_trace:n447637,2294
darpa_trace:n447805,2295
darpa_trace:n448184,2296
darpa_trace:n448372,2297
darpa_trace:n448698,2298
darpa_trace:n448754,2299
darpa_trace:n448805,2300
darpa_trace:n448943,2301
darpa_trace:n448968,2302
darpa_trace:n44900,2303
darpa_trace:n449065,2304
darpa_trace:n449085,2305
darpa_trace:n449189,2306
darpa_trace:n449330,2307
darpa_trace:n449711,2308
darpa_trace:n449727,2309
darpa_trace:n450018,2310
darpa_trace:n450083,2311
darpa_trace:n4502,2312
darpa_trace:n450310,2313
darpa_trace:n450670,2314
darpa_trace:n450815,2315
darpa_trace:n450846,2316
darpa_trace:n45091,2317
darpa_trace:n450981,2318
darpa_trace:n451091,2319
darpa_trace:n451130,2320
darpa_trace:n451185,2321
darpa_trace:n451190,2322
darpa_trace:n451217,2323
darpa_trace:n451388,2324
darpa_trace:n451693,2325
darpa_trace:n451812,2326
darpa_trace:n451962,2327
darpa_trace:n452054,2328
darpa_trace:n452290,2329
darpa_trace:n452440,2330
darpa_trace:n452578,2331
darpa_trace:n452832,2332
darpa_trace:n452946,2333
darpa_trace:n452966,2334
darpa_trace:n453184,2335
darpa_trace:n453340,2336
darpa_trace:n453683,2337
darpa_trace:n453987,2338
darpa_trace:n454053,2339
darpa_trace:n454089,2340
darpa_trace:n454185,2341
darpa_trace:n4542,2342
darpa_trace:n454203,2343
darpa_trace:n4543,2344
darpa_trace:n45432,2345
darpa_trace:n454563,2346
darpa_trace:n45463,2347
darpa_trace:n454660,2348
darpa_trace:n454891,2349
darpa_trace:n4551,2350
darpa_trace:n455144,2351
darpa_trace:n455484,2352
darpa_trace:n455500,2353
darpa_trace:n455595,2354
darpa_trace:n4556,2355
darpa_trace:n455661,2356
darpa_trace:n455910,2357
darpa_trace:n456172,2358
darpa_trace:n456183,2359
darpa_trace:n456239,2360
darpa_trace:n45627,2361
darpa_trace:n456302,2362
darpa_trace:n45642,2363
darpa_trace:n456558,2364
darpa_trace:n456560,2365
darpa_trace:n456979,2366
darpa_trace:n457065,2367
darpa_trace:n457246,2368
darpa_trace:n457435,2369
darpa_trace:n457684,2370
darpa_trace:n457838,2371
darpa_trace:n4579,2372
darpa_trace:n458101,2373
darpa_trace:n458194,2374
darpa_trace:n458699,2375
darpa_trace:n458735,2376
darpa_trace:n458748,2377
darpa_trace:n458881,2378
darpa_trace:n459045,2379
darpa_trace:n459058,2380
darpa_trace:n459189,2381
darpa_trace:n459323,2382
darpa_trace:n459457,2383
darpa_trace:n459636,2384
darpa_trace:n45992,2385
darpa_trace:n460057,2386
darpa_trace:n460169,2387
darpa_trace:n460591,2388
darpa_trace:n460608,2389
darpa_trace:n460759,2390
darpa_trace:n460815,2391
darpa_trace:n460877,2392
darpa_trace:n460907,2393
darpa_trace:n461003,2394
darpa_trace:n461146,2395
darpa_trace:n4617,2396
darpa_trace:n461780,2397
darpa_trace:n462021,2398
darpa_trace:n46204,2399
darpa_trace:n4622,2400
darpa_trace:n462503,2401
darpa_trace:n4626,2402
darpa_trace:n46303,2403
darpa_trace:n46340,2404
darpa_trace:n463720,2405
darpa_trace:n463783,2406
darpa_trace:n463874,2407
darpa_trace:n463896,2408
darpa_trace:n4639,2409
darpa_trace:n46424,2410
darpa_trace:n464345,2411
darpa_trace:n464700,2412
darpa_trace:n4649,2413
darpa_trace:n46507,2414
darpa_trace:n465117,2415
darpa_trace:n465124,2416
darpa_trace:n465470,2417
darpa_trace:n465506,2418
darpa_trace:n46559,2419
darpa_trace:n465786,2420
darpa_trace:n465787,2421
darpa_trace:n4658,2422
darpa_trace:n465871,2423
darpa_trace:n465942,2424
darpa_trace:n46604,2425
darpa_trace:n466111,2426
darpa_trace:n466142,2427
darpa_trace:n466183,2428
darpa_trace:n466188,2429
darpa_trace:n466295,2430
darpa_trace:n466362,2431
darpa_trace:n466576,2432
darpa_trace:n466600,2433
darpa_trace:n466665,2434
darpa_trace:n466693,2435
darpa_trace:n466856,2436
darpa_trace:n467065,2437
darpa_trace:n467188,2438
darpa_trace:n467425,2439
darpa_trace:n467556,2440
darpa_trace:n46765,2441
darpa_trace:n467745,2442
darpa_trace:n46776,2443
darpa_trace:n46829,2444
darpa_trace:n468405,2445
darpa_trace:n4685,2446
darpa_trace:n468796,2447
darpa_trace:n468817,2448
darpa_trace:n468949,2449
darpa_trace:n4690,2450
darpa_trace:n469355,2451
darpa_trace:n469460,2452
darpa_trace:n469492,2453
darpa_trace:n469745,2454
darpa_trace:n4698,2455
darpa_trace:n469846,2456
darpa_trace:n469866,2457
darpa_trace:n470518,2458
darpa_trace:n47061,2459
darpa_trace:n470628,2460
darpa_trace:n47078,2461
darpa_trace:n471077,2462
darpa_trace:n47109,2463
darpa_trace:n471247,2464
darpa_trace:n471423,2465
darpa_trace:n471531,2466
darpa_trace:n471549,2467
darpa_trace:n47159,2468
darpa_trace:n471637,2469
darpa_trace:n47190,2470
darpa_trace:n472141,2471
darpa_trace:n4722,2472
darpa_trace:n472348,2473
darpa_trace:n472463,2474
darpa_trace:n47261,2475
darpa_trace:n472861,2476
darpa_trace:n472870,2477
darpa_trace:n472903,2478
darpa_trace:n472907,2479
darpa_trace:n47312,2480
darpa_trace:n473527,2481
darpa_trace:n4736,2482
darpa_trace:n474063,2483
darpa_trace:n47439,2484
darpa_trace:n474459,2485
darpa_trace:n474533,2486
darpa_trace:n47462,2487
darpa_trace:n47468,2488
darpa_trace:n474862,2489
darpa_trace:n475060,2490
darpa_trace:n475127,2491
darpa_trace:n475427,2492
darpa_trace:n475616,2493
darpa_trace:n475791,2494
darpa_trace:n475831,2495
darpa_trace:n476025,2496
darpa_trace:n476155,2497
darpa_trace:n476169,2498
darpa_trace:n476402,2499
darpa_trace:n476529,2500
darpa_trace:n476802,2501
darpa_trace:n476818,2502
darpa_trace:n477053,2503
darpa_trace:n477072,2504
darpa_trace:n477289,2505
darpa_trace:n477952,2506
darpa_trace:n47804,2507
darpa_trace:n478116,2508
darpa_trace:n478445,2509
darpa_trace:n47855,2510
darpa_trace:n478642,2511
darpa_trace:n478744,2512
darpa_trace:n478785,2513
darpa_trace:n478965,2514
darpa_trace:n479246,2515
darpa_trace:n479452,2516
darpa_trace:n4796,2517
darpa_trace:n4799,2518
darpa_trace:n48,2519
darpa_trace:n480432,2520
darpa_trace:n480439,2521
darpa_trace:n480460,2522
darpa_trace:n480532,2523
darpa_trace:n480846,2524
darpa_trace:n48090,2525
darpa_trace:n481161,2526
darpa_trace:n4813,2527
darpa_trace:n481335,2528
darpa_trace:n481361,2529
darpa_trace:n481491,2530
darpa_trace:n481785,2531
darpa_trace:n481806,2532
darpa_trace:n481973,2533
darpa_trace:n481993,2534
darpa_trace:n482053,2535
darpa_trace:n482146,2536
darpa_trace:n482223,2537
darpa_trace:n482323,2538
darpa_trace:n48242,2539
darpa_trace:n482646,2540
darpa_trace:n483464,2541
darpa_trace:n483469,2542
darpa_trace:n483598,2543
darpa_trace:n48372,2544
darpa_trace:n483845,2545
darpa_trace:n48388,2546
darpa_trace:n483894,2547
darpa_trace:n4839,2548
darpa_trace:n484056,2549
darpa_trace:n484319,2550
darpa_trace:n484327,2551
darpa_trace:n484387,2552
darpa_trace:n484463,2553
darpa_trace:n484468,2554
darpa_trace:n484630,2555
darpa_trace:n48464,2556
darpa_trace:n485059,2557
darpa_trace:n485441,2558
darpa_trace:n485514,2559
darpa_trace:n485526,2560
darpa_trace:n485589,2561
darpa_trace:n485819,2562
darpa_trace:n485954,2563
darpa_trace:n486200,2564
darpa_trace:n486231,2565
darpa_trace:n486299,2566
darpa_trace:n486364,2567
darpa_trace:n486895,2568
darpa_trace:n486900,2569
darpa_trace:n486917,2570
darpa_trace:n48693,2571
darpa_trace:n48704,2572
darpa_trace:n48713,2573
darpa_trace:n487149,2574
darpa_trace:n4873,2575
darpa_trace:n48740,2576
darpa_trace:n487716,2577
darpa_trace:n488237,2578
darpa_trace:n488464,2579
darpa_trace:n488654,2580
darpa_trace:n488884,2581
darpa_trace:n4890,2582
darpa_trace:n489160,2583
darpa_trace:n489281,2584
darpa_trace:n489322,2585
darpa_trace:n489515,2586
darpa_trace:n489638,2587
darpa_trace:n489735,2588
darpa_trace:n489774,2589
darpa_trace:n489830,2590
darpa_trace:n489895,2591
darpa_trace:n490031,2592
darpa_trace:n490138,2593
darpa_trace:n490153,2594
darpa_trace:n490156,2595
darpa_trace:n490167,2596
darpa_trace:n490183,2597
darpa_trace:n490184,2598
darpa_trace:n490248,2599
darpa_trace:n490322,2600
darpa_trace:n490385,2601
darpa_trace:n490389,2602
darpa_trace:n490505,2603
darpa_trace:n490688,2604
darpa_trace:n490690,2605
darpa_trace:n490735,2606
darpa_trace:n490805,2607
darpa_trace:n490841,2608
darpa_trace:n490855,2609
darpa_trace:n490884,2610
darpa_trace:n490897,2611
darpa_trace:n490908,2612
darpa_trace:n490921,2613
darpa_trace:n491014,2614
darpa_trace:n491049,2615
darpa_trace:n491197,2616
darpa_trace:n491291,2617
darpa_trace:n491354,2618
darpa_trace:n491360,2619
darpa_trace:n49139,2620
darpa_trace:n491403,2621
darpa_trace:n491477,2622
darpa_trace:n491588,2623
darpa_trace:n491633,2624
darpa_trace:n491679,2625
darpa_trace:n491698,2626
darpa_trace:n491722,2627
darpa_trace:n491723,2628
darpa_trace:n491981,2629
darpa_trace:n49204,2630
darpa_trace:n492058,2631
darpa_trace:n492329,2632
darpa_trace:n492396,2633
darpa_trace:n492540,2634
darpa_trace:n4928,2635
darpa_trace:n492827,2636
darpa_trace:n492988,2637
darpa_trace:n4930,2638
darpa_trace:n493030,2639
darpa_trace:n49309,2640
darpa_trace:n493141,2641
darpa_trace:n49343,2642
darpa_trace:n493504,2643
darpa_trace:n493536,2644
darpa_trace:n493787,2645
darpa_trace:n493801,2646
darpa_trace:n49386,2647
darpa_trace:n493898,2648
darpa_trace:n493948,2649
darpa_trace:n494337,2650
darpa_trace:n494359,2651
darpa_trace:n494371,2652
darpa_trace:n494419,2653
darpa_trace:n494434,2654
darpa_trace:n494448,2655
darpa_trace:n494512,2656
darpa_trace:n494542,2657
darpa_trace:n494604,2658
darpa_trace:n49465,2659
darpa_trace:n494818,2660
darpa_trace:n494826,2661
darpa_trace:n494835,2662
darpa_trace:n494863,2663
darpa_trace:n494903,2664
darpa_trace:n494955,2665
darpa_trace:n494982,2666
darpa_trace:n495011,2667
darpa_trace:n495048,2668
darpa_trace:n495110,2669
darpa_trace:n495133,2670
darpa_trace:n495204,2671
darpa_trace:n495228,2672
darpa_trace:n495233,2673
darpa_trace:n495418,2674
darpa_trace:n495459,2675
darpa_trace:n495478,2676
darpa_trace:n495568,2677
darpa_trace:n495662,2678
darpa_trace:n495676,2679
darpa_trace:n495701,2680
darpa_trace:n495712,2681
darpa_trace:n495725,2682
darpa_trace:n496051,2683
darpa_trace:n496075,2684
darpa_trace:n496088,2685
darpa_trace:n496107,2686
darpa_trace:n496140,2687
darpa_trace:n496180,2688
darpa_trace:n496186,2689
darpa_trace:n496430,2690
darpa_trace:n496433,2691
darpa_trace:n496873,2692
darpa_trace:n49688,2693
darpa_trace:n497240,2694
darpa_trace:n49726,2695
darpa_trace:n497340,2696
darpa_trace:n497596,2697
darpa_trace:n497604,2698
darpa_trace:n497840,2699
darpa_trace:n497869,2700
darpa_trace:n497879,2701
darpa_trace:n49790,2702
darpa_trace:n497976,2703
darpa_trace:n497987,2704
darpa_trace:n498011,2705
darpa_trace:n498060,2706
darpa_trace:n498081,2707
darpa_trace:n498164,2708
darpa_trace:n498379,2709
darpa_trace:n498442,2710
darpa_trace:n498473,2711
darpa_trace:n498518,2712
darpa_trace:n498623,2713
darpa_trace:n498706,2714
darpa_trace:n498768,2715
darpa_trace:n498982,2716
darpa_trace:n499045,2717
darpa_trace:n499074,2718
darpa_trace:n499165,2719
darpa_trace:n499172,2720
darpa_trace:n499293,2721
darpa_trace:n499314,2722
darpa_trace:n499320,2723
darpa_trace:n499334,2724
darpa_trace:n499416,2725
darpa_trace:n499437,2726
darpa_trace:n499462,2727
darpa_trace:n499474,2728
darpa_trace:n499484,2729
darpa_trace:n499518,2730
darpa_trace:n499732,2731
darpa_trace:n499744,2732
darpa_trace:n499745,2733
darpa_trace:n499838,2734
darpa_trace:n499839,2735
darpa_trace:n500127,2736
darpa_trace:n500249,2737
darpa_trace:n500282,2738
darpa_trace:n500480,2739
darpa_trace:n500677,2740
darpa_trace:n500805,2741
darpa_trace:n501103,2742
darpa_trace:n501157,2743
darpa_trace:n501177,2744
darpa_trace:n501198,2745
darpa_trace:n501255,2746
darpa_trace:n501262,2747
darpa_trace:n501382,2748
darpa_trace:n50141,2749
darpa_trace:n501478,2750
darpa_trace:n501507,2751
darpa_trace:n501551,2752
darpa_trace:n501692,2753
darpa_trace:n501721,2754
darpa_trace:n501737,2755
darpa_trace:n501844,2756
darpa_trace:n501925,2757
darpa_trace:n502291,2758
darpa_trace:n502292,2759
darpa_trace:n502293,2760
darpa_trace:n502418,2761
darpa_trace:n502539,2762
darpa_trace:n502542,2763
darpa_trace:n502553,2764
darpa_trace:n502566,2765
darpa_trace:n502637,2766
darpa_trace:n502684,2767
darpa_trace:n502703,2768
darpa_trace:n502739,2769
darpa_trace:n502954,2770
darpa_trace:n503059,2771
darpa_trace:n503065,2772
darpa_trace:n503313,2773
darpa_trace:n503321,2774
darpa_trace:n503345,2775
darpa_trace:n503375,2776
darpa_trace:n503401,2777
darpa_trace:n503446,2778
darpa_trace:n503496,2779
darpa_trace:n503502,2780
darpa_trace:n503509,2781
darpa_trace:n503760,2782
darpa_trace:n503884,2783
darpa_trace:n503886,2784
darpa_trace:n504082,2785
darpa_trace:n50409,2786
darpa_trace:n504347,2787
darpa_trace:n504397,2788
darpa_trace:n504612,2789
darpa_trace:n504963,2790
darpa_trace:n504993,2791
darpa_trace:n505002,2792
darpa_trace:n505061,2793
darpa_trace:n505077,2794
darpa_trace:n505102,2795
darpa_trace:n505158,2796
darpa_trace:n505218,2797
darpa_trace:n505221,2798
darpa_trace:n505250,2799
darpa_trace:n505312,2800
darpa_trace:n505435,2801
darpa_trace:n505663,2802
darpa_trace:n505664,2803
darpa_trace:n505676,2804
darpa_trace:n505719,2805
darpa_trace:n505732,2806
darpa_trace:n505821,2807
darpa_trace:n505850,2808
darpa_trace:n506003,2809
darpa_trace:n506029,2810
darpa_trace:n506124,2811
darpa_trace:n506125,2812
darpa_trace:n506126,2813
darpa_trace:n506217,2814
darpa_trace:n506264,2815
darpa_trace:n506385,2816
darpa_trace:n506469,2817
darpa_trace:n506796,2818
darpa_trace:n506830,2819
darpa_trace:n506849,2820
darpa_trace:n506886,2821
darpa_trace:n506889,2822
darpa_trace:n507116,2823
darpa_trace:n507274,2824
darpa_trace:n507451,2825
darpa_trace:n507585,2826
darpa_trace:n508951,2827
darpa_trace:n509103,2828
darpa_trace:n509106,2829
darpa_trace:n509127,2830
darpa_trace:n509270,2831
darpa_trace:n509290,2832
darpa_trace:n509396,2833
darpa_trace:n509475,2834
darpa_trace:n509538,2835
darpa_trace:n509725,2836
darpa_trace:n509843,2837
darpa_trace:n510114,2838
darpa_trace:n510284,2839
darpa_trace:n511094,2840
darpa_trace:n511171,2841
darpa_trace:n511182,2842
darpa_trace:n511209,2843
darpa_trace:n511472,2844
darpa_trace:n511560,2845
darpa_trace:n511827,2846
darpa_trace:n511840,2847
darpa_trace:n511853,2848
darpa_trace:n511912,2849
darpa_trace:n512040,2850
darpa_trace:n512042,2851
darpa_trace:n51239,2852
darpa_trace:n512470,2853
darpa_trace:n51262,2854
darpa_trace:n51263,2855
darpa_trace:n513133,2856
darpa_trace:n513213,2857
darpa_trace:n513396,2858
darpa_trace:n513422,2859
darpa_trace:n513464,2860
darpa_trace:n513493,2861
darpa_trace:n513633,2862
darpa_trace:n513878,2863
darpa_trace:n513907,2864
darpa_trace:n513938,2865
darpa_trace:n514253,2866
darpa_trace:n514341,2867
darpa_trace:n514355,2868
darpa_trace:n514383,2869
darpa_trace:n514385,2870
darpa_trace:n514426,2871
darpa_trace:n514757,2872
darpa_trace:n514813,2873
darpa_trace:n514822,2874
darpa_trace:n514851,2875
darpa_trace:n514855,2876
darpa_trace:n514858,2877
darpa_trace:n514868,2878
darpa_trace:n514987,2879
darpa_trace:n515081,2880
darpa_trace:n515084,2881
darpa_trace:n515235,2882
darpa_trace:n515248,2883
darpa_trace:n515266,2884
darpa_trace:n515357,2885
darpa_trace:n51551,2886
darpa_trace:n515562,2887
darpa_trace:n515588,2888
darpa_trace:n515837,2889
darpa_trace:n515879,2890
darpa_trace:n515880,2891
darpa_trace:n516005,2892
darpa_trace:n516010,2893
darpa_trace:n516025,2894
darpa_trace:n5161,2895
darpa_trace:n516120,2896
darpa_trace:n516137,2897
darpa_trace:n516154,2898
darpa_trace:n516172,2899
darpa_trace:n516176,2900
darpa_trace:n5162,2901
darpa_trace:n516213,2902
darpa_trace:n516261,2903
darpa_trace:n5164,2904
darpa_trace:n516462,2905
darpa_trace:n516489,2906
darpa_trace:n516775,2907
darpa_trace:n5168,2908
darpa_trace:n517391,2909
darpa_trace:n517662,2910
darpa_trace:n517870,2911
darpa_trace:n518024,2912
darpa_trace:n518378,2913
darpa_trace:n518733,2914
darpa_trace:n518912,2915
darpa_trace:n519013,2916
darpa_trace:n519043,2917
darpa_trace:n519094,2918
darpa_trace:n519118,2919
darpa_trace:n519239,2920
darpa_trace:n519315,2921
darpa_trace:n519348,2922
darpa_trace:n519353,2923
darpa_trace:n519419,2924
darpa_trace:n519438,2925
darpa_trace:n519483,2926
darpa_trace:n519484,2927
darpa_trace:n519519,2928
darpa_trace:n519606,2929
darpa_trace:n51971,2930
darpa_trace:n519726,2931
darpa_trace:n519793,2932
darpa_trace:n519796,2933
darpa_trace:n519822,2934
darpa_trace:n519958,2935
darpa_trace:n519960,2936
darpa_trace:n519989,2937
darpa_trace:n520068,2938
darpa_trace:n520081,2939
darpa_trace:n520161,2940
darpa_trace:n520224,2941
darpa_trace:n520317,2942
darpa_trace:n520346,2943
darpa_trace:n520408,2944
darpa_trace:n520438,2945
darpa_trace:n520462,2946
darpa_trace:n520500,2947
darpa_trace:n520529,2948
darpa_trace:n520552,2949
darpa_trace:n520623,2950
darpa_trace:n520655,2951
darpa_trace:n520681,2952
darpa_trace:n520685,2953
darpa_trace:n520704,2954
darpa_trace:n520789,2955
darpa_trace:n520802,2956
darpa_trace:n520873,2957
darpa_trace:n520890,2958
darpa_trace:n520959,2959
darpa_trace:n520960,2960
darpa_trace:n521062,2961
darpa_trace:n521187,2962
darpa_trace:n521200,2963
darpa_trace:n521253,2964
darpa_trace:n521481,2965
darpa_trace:n521540,2966
darpa_trace:n521579,2967
darpa_trace:n521635,2968
darpa_trace:n521998,2969
darpa_trace:n522215,2970
darpa_trace:n52223,2971
darpa_trace:n522376,2972
darpa_trace:n522378,2973
darpa_trace:n522379,2974
darpa_trace:n522501,2975
darpa_trace:n52258,2976
darpa_trace:n522840,2977
darpa_trace:n522878,2978
darpa_trace:n522887,2979
darpa_trace:n522935,2980
darpa_trace:n523009,2981
darpa_trace:n523126,2982
darpa_trace:n523181,2983
darpa_trace:n523188,2984
darpa_trace:n523217,2985
darpa_trace:n523238,2986
darpa_trace:n523254,2987
darpa_trace:n523309,2988
darpa_trace:n523447,2989
darpa_trace:n523487,2990
darpa_trace:n523540,2991
darpa_trace:n523551,2992
darpa_trace:n523553,2993
darpa_trace:n523558,2994
darpa_trace:n523567,2995
darpa_trace:n523633,2996
darpa_trace:n523644,2997
darpa_trace:n523695,2998
darpa_trace:n523713,2999
darpa_trace:n523724,3000
darpa_trace:n523880,3001
darpa_trace:n523909,3002
darpa_trace:n524094,3003
darpa_trace:n524126,3004
darpa_trace:n524140,3005
darpa_trace:n524175,3006
darpa_trace:n524247,3007
darpa_trace:n524261,3008
darpa_trace:n524297,3009
darpa_trace:n524389,3010
darpa_trace:n524421,3011
darpa_trace:n524431,3012
darpa_trace:n524432,3013
darpa_trace:n524673,3014
darpa_trace:n524690,3015
darpa_trace:n524726,3016
darpa_trace:n524734,3017
darpa_trace:n524788,3018
darpa_trace:n5252,3019
darpa_trace:n525312,3020
darpa_trace:n525507,3021
darpa_trace:n525624,3022
darpa_trace:n525789,3023
darpa_trace:n525892,3024
darpa_trace:n526028,3025
darpa_trace:n526096,3026
darpa_trace:n526283,3027
darpa_trace:n526296,3028
darpa_trace:n526375,3029
darpa_trace:n526390,3030
darpa_trace:n526424,3031
darpa_trace:n526448,3032
darpa_trace:n526539,3033
darpa_trace:n526631,3034
darpa_trace:n526722,3035
darpa_trace:n526729,3036
darpa_trace:n526861,3037
darpa_trace:n526864,3038
darpa_trace:n526953,3039
darpa_trace:n526980,3040
darpa_trace:n527009,3041
darpa_trace:n527022,3042
darpa_trace:n527111,3043
darpa_trace:n527140,3044
darpa_trace:n527293,3045
darpa_trace:n527320,3046
darpa_trace:n527323,3047
darpa_trace:n527417,3048
darpa_trace:n527435,3049
darpa_trace:n527508,3050
darpa_trace:n527555,3051
darpa_trace:n527590,3052
darpa_trace:n527603,3053
darpa_trace:n527688,3054
darpa_trace:n527847,3055
darpa_trace:n528106,3056
darpa_trace:n528182,3057
darpa_trace:n52821,3058
darpa_trace:n52829,3059
darpa_trace:n528301,3060
darpa_trace:n528388,3061
darpa_trace:n528429,3062
darpa_trace:n528588,3063
darpa_trace:n528763,3064
darpa_trace:n528952,3065
darpa_trace:n528983,3066
darpa_trace:n529040,3067
darpa_trace:n529081,3068
darpa_trace:n529200,3069
darpa_trace:n529263,3070
darpa_trace:n529429,3071
darpa_trace:n529544,3072
darpa_trace:n529621,3073
darpa_trace:n529854,3074
darpa_trace:n53,3075
darpa_trace:n530048,3076
darpa_trace:n530082,3077
darpa_trace:n530088,3078
darpa_trace:n530243,3079
darpa_trace:n530302,3080
darpa_trace:n530317,3081
darpa_trace:n530421,3082
darpa_trace:n530478,3083
darpa_trace:n530484,3084
darpa_trace:n530485,3085
darpa_trace:n530758,3086
darpa_trace:n530835,3087
darpa_trace:n530956,3088
darpa_trace:n531052,3089
darpa_trace:n5314,3090
darpa_trace:n531493,3091
darpa_trace:n531763,3092
darpa_trace:n53201,3093
darpa_trace:n532199,3094
darpa_trace:n532221,3095
darpa_trace:n532307,3096
darpa_trace:n532369,3097
darpa_trace:n532583,3098
darpa_trace:n532641,3099
darpa_trace:n532720,3100
darpa_trace:n532881,3101
darpa_trace:n533001,3102
darpa_trace:n533063,3103
darpa_trace:n533092,3104
darpa_trace:n533340,3105
darpa_trace:n533369,3106
darpa_trace:n533401,3107
darpa_trace:n533415,3108
darpa_trace:n533439,3109
darpa_trace:n533450,3110
darpa_trace:n533619,3111
darpa_trace:n533666,3112
darpa_trace:n533708,3113
darpa_trace:n533966,3114
darpa_trace:n533979,3115
darpa_trace:n534054,3116
darpa_trace:n534285,3117
darpa_trace:n534327,3118
darpa_trace:n534353,3119
darpa_trace:n53438,3120
darpa_trace:n534400,3121
darpa_trace:n534570,3122
darpa_trace:n534908,3123
darpa_trace:n53495,3124
darpa_trace:n534994,3125
darpa_trace:n535069,3126
darpa_trace:n535312,3127
darpa_trace:n535496,3128
darpa_trace:n535522,3129
darpa_trace:n535681,3130
darpa_trace:n53593,3131
darpa_trace:n535944,3132
darpa_trace:n53618,3133
darpa_trace:n53624,3134
darpa_trace:n536507,3135
darpa_trace:n536820,3136
darpa_trace:n536842,3137
darpa_trace:n536849,3138
darpa_trace:n53690,3139
darpa_trace:n537113,3140
darpa_trace:n537207,3141
darpa_trace:n537398,3142
darpa_trace:n537413,3143
darpa_trace:n537434,3144
darpa_trace:n537488,3145
darpa_trace:n537662,3146
darpa_trace:n53801,3147
darpa_trace:n538144,3148
darpa_trace:n538222,3149
darpa_trace:n538420,3150
darpa_trace:n538574,3151
darpa_trace:n538782,3152
darpa_trace:n539122,3153
darpa_trace:n539276,3154
darpa_trace:n53934,3155
darpa_trace:n539427,3156
darpa_trace:n539606,3157
darpa_trace:n539850,3158
darpa_trace:n540111,3159
darpa_trace:n540113,3160
darpa_trace:n540218,3161
darpa_trace:n540221,3162
darpa_trace:n540250,3163
darpa_trace:n540380,3164
darpa_trace:n540656,3165
darpa_trace:n540674,3166
darpa_trace:n540979,3167
darpa_trace:n541106,3168
darpa_trace:n541241,3169
darpa_trace:n54184,3170
darpa_trace:n54190,3171
darpa_trace:n541909,3172
darpa_trace:n54205,3173
darpa_trace:n542333,3174
darpa_trace:n542360,3175
darpa_trace:n542397,3176
darpa_trace:n542547,3177
darpa_trace:n542636,3178
darpa_trace:n542758,3179
darpa_trace:n542793,3180
darpa_trace:n542808,3181
darpa_trace:n542857,3182
darpa_trace:n542928,3183
darpa_trace:n542937,3184
darpa_trace:n542941,3185
darpa_trace:n543032,3186
darpa_trace:n543073,3187
darpa_trace:n543097,3188
darpa_trace:n543217,3189
darpa_trace:n543280,3190
darpa_trace:n543309,3191
darpa_trace:n543338,3192
darpa_trace:n543515,3193
darpa_trace:n543526,3194
darpa_trace:n543539,3195
darpa_trace:n543603,3196
darpa_trace:n543611,3197
darpa_trace:n543630,3198
darpa_trace:n543879,3199
darpa_trace:n543890,3200
darpa_trace:n543908,3201
darpa_trace:n543971,3202
darpa_trace:n544000,3203
darpa_trace:n544010,3204
darpa_trace:n544032,3205
darpa_trace:n544046,3206
darpa_trace:n544094,3207
darpa_trace:n544179,3208
darpa_trace:n544180,3209
darpa_trace:n544251,3210
darpa_trace:n544296,3211
darpa_trace:n544303,3212
darpa_trace:n544559,3213
darpa_trace:n544671,3214
darpa_trace:n544677,3215
darpa_trace:n544701,3216
darpa_trace:n544798,3217
darpa_trace:n544900,3218
darpa_trace:n544923,3219
darpa_trace:n545030,3220
darpa_trace:n545151,3221
darpa_trace:n54548,3222
darpa_trace:n545552,3223
darpa_trace:n545888,3224
darpa_trace:n546069,3225
darpa_trace:n546192,3226
darpa_trace:n546388,3227
darpa_trace:n546447,3228
darpa_trace:n546495,3229
darpa_trace:n546582,3230
darpa_trace:n546694,3231
darpa_trace:n546712,3232
darpa_trace:n546803,3233
darpa_trace:n546904,3234
darpa_trace:n547040,3235
darpa_trace:n547094,3236
darpa_trace:n547191,3237
darpa_trace:n547203,3238
darpa_trace:n547221,3239
darpa_trace:n547222,3240
darpa_trace:n54723,3241
darpa_trace:n547260,3242
darpa_trace:n547281,3243
darpa_trace:n547325,3244
darpa_trace:n547364,3245
darpa_trace:n547365,3246
darpa_trace:n547399,3247
darpa_trace:n547415,3248
darpa_trace:n547548,3249
darpa_trace:n547594,3250
darpa_trace:n547610,3251
darpa_trace:n547640,3252
darpa_trace:n547733,3253
darpa_trace:n547842,3254
darpa_trace:n547870,3255
darpa_trace:n547946,3256
darpa_trace:n547961,3257
darpa_trace:n547974,3258
darpa_trace:n547988,3259
darpa_trace:n548117,3260
darpa_trace:n548132,3261
darpa_trace:n548146,3262
darpa_trace:n548240,3263
darpa_trace:n548258,3264
darpa_trace:n54839,3265
darpa_trace:n548422,3266
darpa_trace:n548548,3267
darpa_trace:n548586,3268
darpa_trace:n548597,3269
darpa_trace:n548602,3270
darpa_trace:n548637,3271
darpa_trace:n548638,3272
darpa_trace:n548641,3273
darpa_trace:n548668,3274
darpa_trace:n548719,3275
darpa_trace:n548723,3276
darpa_trace:n548766,3277
darpa_trace:n548801,3278
darpa_trace:n548853,3279
darpa_trace:n54896,3280
darpa_trace:n549083,3281
darpa_trace:n549096,3282
darpa_trace:n549101,3283
darpa_trace:n549129,3284
darpa_trace:n549188,3285
darpa_trace:n549321,3286
darpa_trace:n549437,3287
darpa_trace:n549474,3288
darpa_trace:n549612,3289
darpa_trace:n549614,3290
darpa_trace:n549615,3291
darpa_trace:n549686,3292
darpa_trace:n549716,3293
darpa_trace:n549777,3294
darpa_trace:n550142,3295
darpa_trace:n550283,3296
darpa_trace:n550405,3297
darpa_trace:n550495,3298
darpa_trace:n550496,3299
darpa_trace:n550497,3300
darpa_trace:n550588,3301
darpa_trace:n550589,3302
darpa_trace:n550605,3303
darpa_trace:n550633,3304
darpa_trace:n550805,3305
darpa_trace:n550878,3306
darpa_trace:n550882,3307
darpa_trace:n551003,3308
darpa_trace:n551038,3309
darpa_trace:n551065,3310
darpa_trace:n551091,3311
darpa_trace:n551092,3312
darpa_trace:n551093,3313
darpa_trace:n551188,3314
darpa_trace:n551200,3315
darpa_trace:n551248,3316
darpa_trace:n551250,3317
darpa_trace:n551299,3318
darpa_trace:n551325,3319
darpa_trace:n551349,3320
darpa_trace:n551373,3321
darpa_trace:n551404,3322
darpa_trace:n551460,3323
darpa_trace:n551461,3324
darpa_trace:n551472,3325
darpa_trace:n551483,3326
darpa_trace:n551506,3327
darpa_trace:n551507,3328
darpa_trace:n551530,3329
darpa_trace:n551575,3330
darpa_trace:n551624,3331
darpa_trace:n55164,3332
darpa_trace:n551858,3333
darpa_trace:n551910,3334
darpa_trace:n55201,3335
darpa_trace:n552137,3336
darpa_trace:n552244,3337
darpa_trace:n552495,3338
darpa_trace:n552682,3339
darpa_trace:n55285,3340
darpa_trace:n552939,3341
darpa_trace:n55337,3342
darpa_trace:n553456,3343
darpa_trace:n553500,3344
darpa_trace:n553802,3345
darpa_trace:n554040,3346
darpa_trace:n554560,3347
darpa_trace:n554905,3348
darpa_trace:n555503,3349
darpa_trace:n555552,3350
darpa_trace:n555567,3351
darpa_trace:n556263,3352
darpa_trace:n55652,3353
darpa_trace:n556610,3354
darpa_trace:n556694,3355
darpa_trace:n556724,3356
darpa_trace:n556735,3357
darpa_trace:n556737,3358
darpa_trace:n556751,3359
darpa_trace:n556757,3360
darpa_trace:n556795,3361
darpa_trace:n556872,3362
darpa_trace:n557084,3363
darpa_trace:n557124,3364
darpa_trace:n557146,3365
darpa_trace:n557164,3366
darpa_trace:n55718,3367
darpa_trace:n557193,3368
darpa_trace:n557207,3369
darpa_trace:n557223,3370
darpa_trace:n557312,3371
darpa_trace:n557371,3372
darpa_trace:n557381,3373
darpa_trace:n557384,3374
darpa_trace:n557395,3375
darpa_trace:n557499,3376
darpa_trace:n557591,3377
darpa_trace:n557746,3378
darpa_trace:n557838,3379
darpa_trace:n557867,3380
darpa_trace:n557899,3381
darpa_trace:n557994,3382
darpa_trace:n558072,3383
darpa_trace:n558117,3384
darpa_trace:n558497,3385
darpa_trace:n558537,3386
darpa_trace:n558538,3387
darpa_trace:n558547,3388
darpa_trace:n558662,3389
darpa_trace:n558785,3390
darpa_trace:n558794,3391
darpa_trace:n558827,3392
darpa_trace:n559300,3393
darpa_trace:n559397,3394
darpa_trace:n55961,3395
darpa_trace:n559693,3396
darpa_trace:n560576,3397
darpa_trace:n560773,3398
darpa_trace:n560829,3399
darpa_trace:n561030,3400
darpa_trace:n561131,3401
darpa_trace:n561453,3402
darpa_trace:n561475,3403
darpa_trace:n561514,3404
darpa_trace:n561528,3405
darpa_trace:n561544,3406
darpa_trace:n561550,3407
darpa_trace:n561670,3408
darpa_trace:n561683,3409
darpa_trace:n562080,3410
darpa_trace:n562098,3411
darpa_trace:n562187,3412
darpa_trace:n562268,3413
darpa_trace:n562466,3414
darpa_trace:n562528,3415
darpa_trace:n562557,3416
darpa_trace:n562559,3417
darpa_trace:n562622,3418
darpa_trace:n562742,3419
darpa_trace:n562774,3420
darpa_trace:n562870,3421
darpa_trace:n562911,3422
darpa_trace:n562924,3423
darpa_trace:n562936,3424
darpa_trace:n562947,3425
darpa_trace:n562960,3426
darpa_trace:n562961,3427
darpa_trace:n562992,3428
darpa_trace:n563320,3429
darpa_trace:n563355,3430
darpa_trace:n563372,3431
darpa_trace:n563412,3432
darpa_trace:n563499,3433
darpa_trace:n563662,3434
darpa_trace:n56371,3435
darpa_trace:n564581,3436
darpa_trace:n564747,3437
darpa_trace:n564763,3438
darpa_trace:n564821,3439
darpa_trace:n564868,3440
darpa_trace:n564981,3441
darpa_trace:n565516,3442
darpa_trace:n56555,3443
darpa_trace:n565665,3444
darpa_trace:n565673,3445
darpa_trace:n565952,3446
darpa_trace:n566205,3447
darpa_trace:n566471,3448
darpa_trace:n566482,3449
darpa_trace:n566623,3450
darpa_trace:n566660,3451
darpa_trace:n567200,3452
darpa_trace:n567246,3453
darpa_trace:n567540,3454
darpa_trace:n567623,3455
darpa_trace:n567688,3456
darpa_trace:n567721,3457
darpa_trace:n567745,3458
darpa_trace:n567928,3459
darpa_trace:n567992,3460
darpa_trace:n568142,3461
darpa_trace:n568158,3462
darpa_trace:n568265,3463
darpa_trace:n56843,3464
darpa_trace:n568439,3465
darpa_trace:n568530,3466
darpa_trace:n568686,3467
darpa_trace:n568806,3468
darpa_trace:n568865,3469
darpa_trace:n568888,3470
darpa_trace:n568901,3471
darpa_trace:n568973,3472
darpa_trace:n569031,3473
darpa_trace:n56904,3474
darpa_trace:n569057,3475
darpa_trace:n5692,3476
darpa_trace:n569477,3477
darpa_trace:n569532,3478
darpa_trace:n569764,3479
darpa_trace:n569848,3480
darpa_trace:n57005,3481
darpa_trace:n570372,3482
darpa_trace:n57039,3483
darpa_trace:n570395,3484
darpa_trace:n570935,3485
darpa_trace:n571079,3486
darpa_trace:n571529,3487
darpa_trace:n571801,3488
darpa_trace:n572296,3489
darpa_trace:n572313,3490
darpa_trace:n572341,3491
darpa_trace:n572489,3492
darpa_trace:n572502,3493
darpa_trace:n572773,3494
darpa_trace:n573068,3495
darpa_trace:n573112,3496
darpa_trace:n573153,3497
darpa_trace:n573167,3498
darpa_trace:n573282,3499
darpa_trace:n573323,3500
darpa_trace:n573548,3501
darpa_trace:n573600,3502
darpa_trace:n574194,3503
darpa_trace:n574548,3504
darpa_trace:n575011,3505
darpa_trace:n575412,3506
darpa_trace:n575595,3507
darpa_trace:n576473,3508
darpa_trace:n576511,3509
darpa_trace:n5767,3510
darpa_trace:n577130,3511
darpa_trace:n577285,3512
darpa_trace:n577566,3513
darpa_trace:n577588,3514
darpa_trace:n57768,3515
darpa_trace:n57783,3516
darpa_trace:n578002,3517
darpa_trace:n578459,3518
darpa_trace:n578626,3519
darpa_trace:n578917,3520
darpa_trace:n579300,3521
darpa_trace:n57945,3522
darpa_trace:n580622,3523
darpa_trace:n580819,3524
darpa_trace:n580985,3525
darpa_trace:n5813,3526
darpa_trace:n581385,3527
darpa_trace:n581387,3528
darpa_trace:n581435,3529
darpa_trace:n581883,3530
darpa_trace:n5819,3531
darpa_trace:n582062,3532
darpa_trace:n583078,3533
darpa_trace:n583147,3534
darpa_trace:n583282,3535
darpa_trace:n583456,3536
darpa_trace:n584243,3537
darpa_trace:n584530,3538
darpa_trace:n585392,3539
darpa_trace:n58548,3540
darpa_trace:n585641,3541
darpa_trace:n58590,3542
darpa_trace:n585973,3543
darpa_trace:n586822,3544
darpa_trace:n587001,3545
darpa_trace:n587349,3546
darpa_trace:n587646,3547
darpa_trace:n5878,3548
darpa_trace:n588152,3549
darpa_trace:n588351,3550
darpa_trace:n588605,3551
darpa_trace:n589050,3552
darpa_trace:n589289,3553
darpa_trace:n589310,3554
darpa_trace:n589344,3555
darpa_trace:n589939,3556
darpa_trace:n591125,3557
darpa_trace:n591152,3558
darpa_trace:n59166,3559
darpa_trace:n59186,3560
darpa_trace:n59293,3561
darpa_trace:n593187,3562
darpa_trace:n593552,3563
darpa_trace:n593708,3564
darpa_trace:n59377,3565
darpa_trace:n59407,3566
darpa_trace:n594581,3567
darpa_trace:n59500,3568
darpa_trace:n595034,3569
darpa_trace:n595063,3570
darpa_trace:n59544,3571
darpa_trace:n59550,3572
darpa_trace:n595741,3573
darpa_trace:n595815,3574
darpa_trace:n595816,3575
darpa_trace:n596408,3576
darpa_trace:n596732,3577
darpa_trace:n5968,3578
darpa_trace:n597336,3579
darpa_trace:n5977,3580
darpa_trace:n597862,3581
darpa_trace:n598231,3582
darpa_trace:n59959,3583
darpa_trace:n599854,3584
darpa_trace:n600217,3585
darpa_trace:n60076,3586
darpa_trace:n600893,3587
darpa_trace:n601043,3588
darpa_trace:n601047,3589
darpa_trace:n601390,3590
darpa_trace:n601521,3591
darpa_trace:n601672,3592
darpa_trace:n602036,3593
darpa_trace:n602589,3594
darpa_trace:n60261,3595
darpa_trace:n603212,3596
darpa_trace:n60353,3597
darpa_trace:n603558,3598
darpa_trace:n60361,3599
darpa_trace:n603809,3600
darpa_trace:n604021,3601
darpa_trace:n604434,3602
darpa_trace:n604843,3603
darpa_trace:n60532,3604
darpa_trace:n605359,3605
darpa_trace:n605365,3606
darpa_trace:n605684,3607
darpa_trace:n6066,3608
darpa_trace:n606726,3609
darpa_trace:n60684,3610
darpa_trace:n60769,3611
darpa_trace:n607758,3612
darpa_trace:n607853,3613
darpa_trace:n608200,3614
darpa_trace:n60834,3615
darpa_trace:n608385,3616
darpa_trace:n608649,3617
darpa_trace:n608995,3618
darpa_trace:n609204,3619
darpa_trace:n609314,3620
darpa_trace:n609785,3621
darpa_trace:n609904,3622
darpa_trace:n610004,3623
darpa_trace:n610656,3624
darpa_trace:n610759,3625
darpa_trace:n610784,3626
darpa_trace:n61085,3627
darpa_trace:n611053,3628
darpa_trace:n611126,3629
darpa_trace:n611282,3630
darpa_trace:n611325,3631
darpa_trace:n6114,3632
darpa_trace:n61208,3633
darpa_trace:n613101,3634
darpa_trace:n613209,3635
darpa_trace:n613666,3636
darpa_trace:n614511,3637
darpa_trace:n614953,3638
darpa_trace:n6152,3639
darpa_trace:n615274,3640
darpa_trace:n616270,3641
darpa_trace:n61734,3642
darpa_trace:n61756,3643
darpa_trace:n617799,3644
darpa_trace:n61853,3645
darpa_trace:n619578,3646
darpa_trace:n619638,3647
darpa_trace:n620627,3648
darpa_trace:n620831,3649
darpa_trace:n620877,3650
darpa_trace:n621023,3651
darpa_trace:n6218,3652
darpa_trace:n621823,3653
darpa_trace:n62206,3654
darpa_trace:n622133,3655
darpa_trace:n622987,3656
darpa_trace:n623343,3657
darpa_trace:n623526,3658
darpa_trace:n62366,3659
darpa_trace:n62471,3660
darpa_trace:n62488,3661
darpa_trace:n625024,3662
darpa_trace:n62512,3663
darpa_trace:n625421,3664
darpa_trace:n62547,3665
darpa_trace:n62571,3666
darpa_trace:n625856,3667
darpa_trace:n62645,3668
darpa_trace:n62684,3669
darpa_trace:n628953,3670
darpa_trace:n62917,3671
darpa_trace:n62924,3672
darpa_trace:n629288,3673
darpa_trace:n629664,3674
darpa_trace:n630164,3675
darpa_trace:n63040,3676
darpa_trace:n63102,3677
darpa_trace:n631284,3678
darpa_trace:n63147,3679
darpa_trace:n631700,3680
darpa_trace:n632444,3681
darpa_trace:n63402,3682
darpa_trace:n63408,3683
darpa_trace:n634455,3684
darpa_trace:n634462,3685
darpa_trace:n635123,3686
darpa_trace:n635239,3687
darpa_trace:n635350,3688
darpa_trace:n63541,3689
darpa_trace:n636286,3690
darpa_trace:n636930,3691
darpa_trace:n63708,3692
darpa_trace:n63711,3693
darpa_trace:n63759,3694
darpa_trace:n63818,3695
darpa_trace:n639241,3696
darpa_trace:n64203,3697
darpa_trace:n642392,3698
darpa_trace:n642809,3699
darpa_trace:n64431,3700
darpa_trace:n64434,3701
darpa_trace:n64463,3702
darpa_trace:n644856,3703
darpa_trace:n646179,3704
darpa_trace:n64680,3705
darpa_trace:n647164,3706
darpa_trace:n64782,3707
darpa_trace:n64874,3708
darpa_trace:n649277,3709
darpa_trace:n649451,3710
darpa_trace:n649571,3711
darpa_trace:n64960,3712
darpa_trace:n650072,3713
darpa_trace:n65025,3714
darpa_trace:n650348,3715
darpa_trace:n650930,3716
darpa_trace:n651662,3717
darpa_trace:n651766,3718
darpa_trace:n65178,3719
darpa_trace:n65216,3720
darpa_trace:n652567,3721
darpa_trace:n65278,3722
darpa_trace:n653098,3723
darpa_trace:n653299,3724
darpa_trace:n653570,3725
darpa_trace:n653747,3726
darpa_trace:n654000,3727
darpa_trace:n65435,3728
darpa_trace:n65459,3729
darpa_trace:n65492,3730
darpa_trace:n655228,3731
darpa_trace:n656159,3732
darpa_trace:n656411,3733
darpa_trace:n657128,3734
darpa_trace:n65755,3735
darpa_trace:n657898,3736
darpa_trace:n658066,3737
darpa_trace:n658086,3738
darpa_trace:n65840,3739
darpa_trace:n658648,3740
darpa_trace:n65881,3741
darpa_trace:n659268,3742
darpa_trace:n659412,3743
darpa_trace:n659414,3744
darpa_trace:n659627,3745
darpa_trace:n66004,3746
darpa_trace:n6601,3747
darpa_trace:n661673,3748
darpa_trace:n6623,3749
darpa_trace:n662371,3750
darpa_trace:n662510,3751
darpa_trace:n6626,3752
darpa_trace:n663519,3753
darpa_trace:n663730,3754
darpa_trace:n66402,3755
darpa_trace:n664402,3756
darpa_trace:n664789,3757
darpa_trace:n665305,3758
darpa_trace:n666147,3759
darpa_trace:n666187,3760
darpa_trace:n666235,3761
darpa_trace:n66636,3762
darpa_trace:n66638,3763
darpa_trace:n666492,3764
darpa_trace:n6666,3765
darpa_trace:n666658,3766
darpa_trace:n66773,3767
darpa_trace:n667843,3768
darpa_trace:n66951,3769
darpa_trace:n669845,3770
darpa_trace:n67005,3771
darpa_trace:n67085,3772
darpa_trace:n67102,3773
darpa_trace:n67118,3774
darpa_trace:n67267,3775
darpa_trace:n6748,3776
darpa_trace:n67511,3777
darpa_trace:n67534,3778
darpa_trace:n67549,3779
darpa_trace:n67842,3780
darpa_trace:n67878,3781
darpa_trace:n67978,3782
darpa_trace:n68180,3783
darpa_trace:n68343,3784
darpa_trace:n68583,3785
darpa_trace:n68587,3786
darpa_trace:n68589,3787
darpa_trace:n6876,3788
darpa_trace:n68984,3789
darpa_trace:n69012,3790
darpa_trace:n69026,3791
darpa_trace:n69101,3792
darpa_trace:n69112,3793
darpa_trace:n69125,3794
darpa_trace:n691865,3795
darpa_trace:n69188,3796
darpa_trace:n692910,3797
darpa_trace:n693714,3798
darpa_trace:n69400,3799
darpa_trace:n69401,3800
darpa_trace:n69521,3801
darpa_trace:n69537,3802
darpa_trace:n69538,3803
darpa_trace:n69639,3804
darpa_trace:n69684,3805
darpa_trace:n69812,3806
darpa_trace:n69905,3807
darpa_trace:n69967,3808
darpa_trace:n69996,3809
darpa_trace:n70036,3810
darpa_trace:n70059,3811
darpa_trace:n70088,3812
darpa_trace:n70180,3813
darpa_trace:n70261,3814
darpa_trace:n70306,3815
darpa_trace:n70384,3816
darpa_trace:n70430,3817
darpa_trace:n70517,3818
darpa_trace:n70519,3819
darpa_trace:n70648,3820
darpa_trace:n70701,3821
darpa_trace:n70741,3822
darpa_trace:n70742,3823
darpa_trace:n70749,3824
darpa_trace:n70759,3825
darpa_trace:n70762,3826
darpa_trace:n70850,3827
darpa_trace:n70853,3828
darpa_trace:n70898,3829
darpa_trace:n71099,3830
darpa_trace:n71182,3831
darpa_trace:n71276,3832
darpa_trace:n71345,3833
darpa_trace:n7137,3834
darpa_trace:n71523,3835
darpa_trace:n71546,3836
darpa_trace:n71630,3837
darpa_trace:n717390,3838
darpa_trace:n71756,3839
darpa_trace:n718398,3840
darpa_trace:n71851,3841
darpa_trace:n71866,3842
darpa_trace:n719636,3843
darpa_trace:n720247,3844
darpa_trace:n72103,3845
darpa_trace:n72170,3846
darpa_trace:n72186,3847
darpa_trace:n72254,3848
darpa_trace:n72451,3849
darpa_trace:n72632,3850
darpa_trace:n72633,3851
darpa_trace:n72784,3852
darpa_trace:n72789,3853
darpa_trace:n72899,3854
darpa_trace:n73024,3855
darpa_trace:n73215,3856
darpa_trace:n73254,3857
darpa_trace:n73255,3858
darpa_trace:n73509,3859
darpa_trace:n73659,3860
darpa_trace:n73726,3861
darpa_trace:n73732,3862
darpa_trace:n73832,3863
darpa_trace:n73920,3864
darpa_trace:n74013,3865
darpa_trace:n74097,3866
darpa_trace:n74266,3867
darpa_trace:n74528,3868
darpa_trace:n74872,3869
darpa_trace:n74984,3870
darpa_trace:n75041,3871
darpa_trace:n75044,3872
darpa_trace:n750832,3873
darpa_trace:n751036,3874
darpa_trace:n751135,3875
darpa_trace:n75208,3876
darpa_trace:n752182,3877
darpa_trace:n752979,3878
darpa_trace:n75362,3879
darpa_trace:n75412,3880
darpa_trace:n75606,3881
darpa_trace:n75936,3882
darpa_trace:n75971,3883
darpa_trace:n76211,3884
darpa_trace:n76263,3885
darpa_trace:n76365,3886
darpa_trace:n76374,3887
darpa_trace:n76382,3888
darpa_trace:n76422,3889
darpa_trace:n76787,3890
darpa_trace:n77203,3891
darpa_trace:n77478,3892
darpa_trace:n77578,3893
darpa_trace:n77607,3894
darpa_trace:n77634,3895
darpa_trace:n77700,3896
darpa_trace:n77735,3897
darpa_trace:n77821,3898
darpa_trace:n77839,3899
darpa_trace:n77937,3900
darpa_trace:n77938,3901
darpa_trace:n7799,3902
darpa_trace:n78001,3903
darpa_trace:n78021,3904
darpa_trace:n78030,3905
darpa_trace:n78060,3906
darpa_trace:n78123,3907
darpa_trace:n78185,3908
darpa_trace:n78214,3909
darpa_trace:n78243,3910
darpa_trace:n78259,3911
darpa_trace:n78323,3912
darpa_trace:n78364,3913
darpa_trace:n784062,3914
darpa_trace:n78407,3915
darpa_trace:n78420,3916
darpa_trace:n78431,3917
darpa_trace:n78441,3918
darpa_trace:n78508,3919
darpa_trace:n78537,3920
darpa_trace:n78628,3921
darpa_trace:n78681,3922
darpa_trace:n78691,3923
darpa_trace:n78707,3924
darpa_trace:n78783,3925
darpa_trace:n78787,3926
darpa_trace:n78812,3927
darpa_trace:n78904,3928
darpa_trace:n78925,3929
darpa_trace:n78937,3930
darpa_trace:n78963,3931
darpa_trace:n79030,3932
darpa_trace:n79071,3933
darpa_trace:n79084,3934
darpa_trace:n79107,3935
darpa_trace:n79154,3936
darpa_trace:n79241,3937
darpa_trace:n79247,3938
darpa_trace:n79319,3939
darpa_trace:n79434,3940
darpa_trace:n79530,3941
darpa_trace:n79539,3942
darpa_trace:n79571,3943
darpa_trace:n79572,3944
darpa_trace:n7959,3945
darpa_trace:n79714,3946
darpa_trace:n79770,3947
darpa_trace:n79830,3948
darpa_trace:n79943,3949
darpa_trace:n79946,3950
darpa_trace:n79953,3951
darpa_trace:n80187,3952
darpa_trace:n80683,3953
darpa_trace:n80753,3954
darpa_trace:n80823,3955
darpa_trace:n8088,3956
darpa_trace:n81111,3957
darpa_trace:n81184,3958
darpa_trace:n81213,3959
darpa_trace:n81229,3960
darpa_trace:n81681,3961
darpa_trace:n81759,3962
darpa_trace:n81941,3963
darpa_trace:n82000,3964
darpa_trace:n82293,3965
darpa_trace:n82314,3966
darpa_trace:n82316,3967
darpa_trace:n82563,3968
darpa_trace:n82872,3969
darpa_trace:n82906,3970
darpa_trace:n83155,3971
darpa_trace:n83251,3972
darpa_trace:n83350,3973
darpa_trace:n83381,3974
darpa_trace:n83422,3975
darpa_trace:n83423,3976
darpa_trace:n83574,3977
darpa_trace:n83749,3978
darpa_trace:n83881,3979
darpa_trace:n8413,3980
darpa_trace:n84192,3981
darpa_trace:n84276,3982
darpa_trace:n84485,3983
darpa_trace:n84599,3984
darpa_trace:n84685,3985
darpa_trace:n84739,3986
darpa_trace:n84836,3987
darpa_trace:n84990,3988
darpa_trace:n85050,3989
darpa_trace:n85113,3990
darpa_trace:n85231,3991
darpa_trace:n85263,3992
darpa_trace:n85451,3993
darpa_trace:n85504,3994
darpa_trace:n85600,3995
darpa_trace:n85634,3996
darpa_trace:n85673,3997
darpa_trace:n85733,3998
darpa_trace:n85753,3999
darpa_trace:n86329,4000
darpa_trace:n86561,4001
darpa_trace:n86603,4002
darpa_trace:n86620,4003
darpa_trace:n86631,4004
darpa_trace:n86668,4005
darpa_trace:n86730,4006
darpa_trace:n8677,4007
darpa_trace:n87014,4008
darpa_trace:n87237,4009
darpa_trace:n8731,4010
darpa_trace:n87544,4011
darpa_trace:n87599,4012
darpa_trace:n87667,4013
darpa_trace:n87932,4014
darpa_trace:n8812,4015
darpa_trace:n88214,4016
darpa_trace:n88424,4017
darpa_trace:n88466,4018
darpa_trace:n8847,4019
darpa_trace:n88509,4020
darpa_trace:n88888,4021
darpa_trace:n88920,4022
darpa_trace:n88933,4023
darpa_trace:n88942,4024
darpa_trace:n89137,4025
darpa_trace:n89138,4026
darpa_trace:n89145,4027
darpa_trace:n89151,4028
darpa_trace:n89237,4029
darpa_trace:n89355,4030
darpa_trace:n89364,4031
darpa_trace:n89557,4032
darpa_trace:n89643,4033
darpa_trace:n89933,4034
darpa_trace:n90094,4035
darpa_trace:n90103,4036
darpa_trace:n90189,4037
darpa_trace:n90376,4038
darpa_trace:n90378,4039
darpa_trace:n90381,4040
darpa_trace:n90509,4041
darpa_trace:n90664,4042
darpa_trace:n90876,4043
darpa_trace:n91149,4044
darpa_trace:n91168,4045
darpa_trace:n91208,4046
darpa_trace:n91232,4047
darpa_trace:n9133,4048
darpa_trace:n91429,4049
darpa_trace:n9166,4050
darpa_trace:n91766,4051
darpa_trace:n92089,4052
darpa_trace:n92147,4053
darpa_trace:n92160,4054
darpa_trace:n92316,4055
darpa_trace:n92349,4056
darpa_trace:n92409,4057
darpa_trace:n92548,4058
darpa_trace:n92565,4059
darpa_trace:n92767,4060
darpa_trace:n92888,4061
darpa_trace:n92897,4062
darpa_trace:n92911,4063
darpa_trace:n92993,4064
darpa_trace:n93112,4065
darpa_trace:n93147,4066
darpa_trace:n93232,4067
darpa_trace:n93250,4068
darpa_trace:n93577,4069
darpa_trace:n93635,4070
darpa_trace:n93642,4071
darpa_trace:n93654,4072
darpa_trace:n93910,4073
darpa_trace:n93942,4074
darpa_trace:n94100,4075
darpa_trace:n94148,4076
darpa_trace:n94372,4077
darpa_trace:n94498,4078
darpa_trace:n94583,4079
darpa_trace:n94734,4080
darpa_trace:n94816,4081
darpa_trace:n94896,4082
darpa_trace:n95101,4083
darpa_trace:n95127,4084
darpa_trace:n95344,4085
darpa_trace:n95355,4086
darpa_trace:n95359,4087
darpa_trace:n95382,4088
darpa_trace:n95486,4089
darpa_trace:n95519,4090
darpa_trace:n9555,4091
darpa_trace:n95591,4092
darpa_trace:n95755,4093
darpa_trace:n96210,4094
darpa_trace:n96580,4095
darpa_trace:n96837,4096
darpa_trace:n96852,4097
darpa_trace:n97239,4098
darpa_trace:n97412,4099
darpa_trace:n97589,4100
darpa_trace:n97651,4101
darpa_trace:n97659,4102
darpa_trace:n98008,4103
darpa_trace:n98061,4104
darpa_trace:n98063,4105
darpa_trace:n98094,4106
darpa_trace:n98238,4107
darpa_trace:n98298,4108
darpa_trace:n98585,4109
darpa_trace:n98603,4110
darpa_trace:n98642,4111
darpa_trace:n98690,4112
darpa_trace:n99104,4113
darpa_trace:n99106,4114
darpa_trace:n993,4115
darpa_trace:n99324,4116
darpa_trace:n99344,4117
darpa_trace:n99426,4118
darpa_trace:n99614,4119
darpa_trace:n99658,4120
darpa_trace:n99741,4121
darpa_trace:n99902,4122
