node_id,node_index
streamspot:g120:n0,0
streamspot:g120:n1046,1
streamspot:g120:n1118,2
streamspot:g120:n1133,3
streamspot:g120:n1203,4
streamspot:g120:n1229,5
streamspot:g120:n1301,6
streamspot:g120:n1439,7
streamspot:g120:n1446,8
streamspot:g120:n152,9
streamspot:g120:n1557,10
streamspot:g120:n1693,11
streamspot:g120:n1716,12
streamspot:g120:n1883,13
streamspot:g120:n1929,14
streamspot:g120:n1932,15
streamspot:g120:n2017,16
streamspot:g120:n21,17
streamspot:g120:n2104,18
streamspot:g120:n2124,19
streamspot:g120:n2125,20
streamspot:g120:n2206,21
streamspot:g120:n2262,22
streamspot:g120:n2279,23
streamspot:g120:n2283,24
streamspot:g120:n2299,25
streamspot:g120:n2310,26
streamspot:g120:n2312,27
streamspot:g120:n2320,28
streamspot:g120:n2561,29
streamspot:g120:n2584,30
streamspot:g120:n2630,31
streamspot:g120:n2634,32
streamspot:g120:n2646,33
streamspot:g120:n2778,34
streamspot:g120:n2829,35
streamspot:g120:n2832,36
streamspot:g120:n2833,37
streamspot:g120:n2839,38
streamspot:g120:n3013,39
streamspot:g120:n3052,40
streamspot:g120:n3068,41
streamspot:g120:n3209,42
streamspot:g120:n3221,43
streamspot:g120:n3227,44
streamspot:g120:n3289,45
streamspot:g120:n3308,46
streamspot:g120:n3341,47
streamspot:g120:n3343,48
streamspot:g120:n3347,49
streamspot:g120:n3366,50
streamspot:g120:n3378,51
streamspot:g120:n3451,52
streamspot:g120:n3465,53
streamspot:g120:n3538,54
streamspot:g120:n3574,55
streamspot:g120:n3577,56
streamspot:g120:n3582,57
streamspot:g120:n3594,58
streamspot:g120:n3612,59
streamspot:g120:n3637,60
streamspot:g120:n3639,61
streamspot:g120:n3671,62
streamspot:g120:n3721,63
streamspot:g120:n3771,64
streamspot:g120:n378,65
streamspot:g120:n3785,66
streamspot:g120:n3807,67
streamspot:g120:n3864,68
streamspot:g120:n4074,69
streamspot:g120:n4228,70
streamspot:g120:n4242,71
streamspot:g120:n4273,72
streamspot:g120:n4363,73
streamspot:g120:n4366,74
streamspot:g120:n4379,75
streamspot:g120:n4383,76
streamspot:g120:n4463,77
streamspot:g120:n4509,78
streamspot:g120:n4536,79
streamspot:g120:n4575,80
streamspot:g120:n4657,81
streamspot:g120:n4705,82
streamspot:g120:n4831,83
streamspot:g120:n4863,84
streamspot:g120:n4977,85
streamspot:g120:n5041,86
streamspot:g120:n5042,87
streamspot:g120:n5095,88
streamspot:g120:n5360,89
streamspot:g120:n5368,90
streamspot:g120:n5455,91
streamspot:g120:n5546,92
streamspot:g120:n5662,93
streamspot:g120:n5705,94
streamspot:g120:n583,95
streamspot:g120:n5896,96
streamspot:g120:n6077,97
streamspot:g120:n613,98
streamspot:g120:n6166,99
streamspot:g120:n6170,100
streamspot:g120:n6178,101
streamspot:g120:n6189,102
streamspot:g120:n624,103
streamspot:g120:n63,104
streamspot:g120:n6393,105
streamspot:g120:n6402,106
streamspot:g120:n6539,107
streamspot:g120:n6671,108
streamspot:g120:n672,109
streamspot:g120:n721,110
streamspot:g120:n794,111
streamspot:g160:n0,112
streamspot:g160:n1090,113
streamspot:g160:n1135,114
streamspot:g160:n1287,115
streamspot:g160:n1314,116
streamspot:g160:n1404,117
streamspot:g160:n1417,118
streamspot:g160:n1422,119
streamspot:g160:n1548,120
streamspot:g160:n1563,121
streamspot:g160:n1580,122
streamspot:g160:n1623,123
streamspot:g160:n1657,124
streamspot:g160:n1704,125
streamspot:g160:n1716,126
streamspot:g160:n1771,127
streamspot:g160:n1814,128
streamspot:g160:n1885,129
streamspot:g160:n19,130
streamspot:g160:n1953,131
streamspot:g160:n1965,132
streamspot:g160:n2176,133
streamspot:g160:n2257,134
streamspot:g160:n2265,135
streamspot:g160:n2279,136
streamspot:g160:n2283,137
streamspot:g160:n2291,138
streamspot:g160:n2339,139
streamspot:g160:n2349,140
streamspot:g160:n2350,141
streamspot:g160:n2508,142
streamspot:g160:n260,143
streamspot:g160:n2752,144
streamspot:g160:n2841,145
streamspot:g160:n2920,146
streamspot:g160:n2923,147
streamspot:g160:n3153,148
streamspot:g160:n3240,149
streamspot:g160:n3319,150
streamspot:g160:n3347,151
streamspot:g160:n3469,152
streamspot:g160:n3473,153
streamspot:g160:n3542,154
streamspot:g160:n3580,155
streamspot:g160:n3639,156
streamspot:g160:n3653,157
streamspot:g160:n3680,158
streamspot:g160:n3770,159
streamspot:g160:n3799,160
streamspot:g160:n381,161
streamspot:g160:n3835,162
streamspot:g160:n4034,163
streamspot:g160:n4128,164
streamspot:g160:n4138,165
streamspot:g160:n4155,166
streamspot:g160:n4157,167
streamspot:g160:n4351,168
streamspot:g160:n4419,169
streamspot:g160:n4448,170
streamspot:g160:n4498,171
streamspot:g160:n4508,172
streamspot:g160:n4536,173
streamspot:g160:n4547,174
streamspot:g160:n4615,175
streamspot:g160:n4634,176
streamspot:g160:n4654,177
streamspot:g160:n4662,178
streamspot:g160:n4694,179
streamspot:g160:n4707,180
streamspot:g160:n4715,181
streamspot:g160:n4718,182
streamspot:g160:n4725,183
streamspot:g160:n474,184
streamspot:g160:n4828,185
streamspot:g160:n4840,186
streamspot:g160:n4849,187
streamspot:g160:n4919,188
streamspot:g160:n5053,189
streamspot:g160:n5066,190
streamspot:g160:n5212,191
streamspot:g160:n5229,192
streamspot:g160:n5284,193
streamspot:g160:n5394,194
streamspot:g160:n5523,195
streamspot:g160:n554,196
streamspot:g160:n5676,197
streamspot:g160:n5817,198
streamspot:g160:n5818,199
streamspot:g160:n5903,200
streamspot:g160:n5904,201
streamspot:g160:n5940,202
streamspot:g160:n5974,203
streamspot:g160:n6,204
streamspot:g160:n6009,205
streamspot:g160:n6025,206
streamspot:g160:n6035,207
streamspot:g160:n6106,208
streamspot:g160:n611,209
streamspot:g160:n6174,210
streamspot:g160:n638,211
streamspot:g160:n6545,212
streamspot:g160:n6565,213
streamspot:g160:n6603,214
streamspot:g160:n6705,215
streamspot:g160:n6717,216
streamspot:g160:n7,217
streamspot:g160:n734,218
streamspot:g160:n812,219
streamspot:g160:n896,220
streamspot:g160:n91,221
streamspot:g160:n910,222
streamspot:g160:n952,223
streamspot:g160:n986,224
streamspot:g185:n0,225
streamspot:g185:n1050,226
streamspot:g185:n1068,227
streamspot:g185:n1076,228
streamspot:g185:n1117,229
streamspot:g185:n128,230
streamspot:g185:n1339,231
streamspot:g185:n1355,232
streamspot:g185:n1464,233
streamspot:g185:n1498,234
streamspot:g185:n1583,235
streamspot:g185:n1617,236
streamspot:g185:n1641,237
streamspot:g185:n1676,238
streamspot:g185:n1697,239
streamspot:g185:n170,240
streamspot:g185:n1797,241
streamspot:g185:n1912,242
streamspot:g185:n2009,243
streamspot:g185:n2036,244
streamspot:g185:n2218,245
streamspot:g185:n2276,246
streamspot:g185:n2283,247
streamspot:g185:n229,248
streamspot:g185:n2299,249
streamspot:g185:n2311,250
streamspot:g185:n2353,251
streamspot:g185:n2354,252
streamspot:g185:n2398,253
streamspot:g185:n2458,254
streamspot:g185:n2512,255
streamspot:g185:n2799,256
streamspot:g185:n2829,257
streamspot:g185:n2845,258
streamspot:g185:n301,259
streamspot:g185:n3062,260
streamspot:g185:n3066,261
streamspot:g185:n3181,262
streamspot:g185:n3214,263
streamspot:g185:n3283,264
streamspot:g185:n3303,265
streamspot:g185:n3347,266
streamspot:g185:n3457,267
streamspot:g185:n3514,268
streamspot:g185:n3534,269
streamspot:g185:n3553,270
streamspot:g185:n3557,271
streamspot:g185:n3564,272
streamspot:g185:n3578,273
streamspot:g185:n3582,274
streamspot:g185:n3600,275
streamspot:g185:n3639,276
streamspot:g185:n3695,277
streamspot:g185:n371,278
streamspot:g185:n3762,279
streamspot:g185:n3801,280
streamspot:g185:n391,281
streamspot:g185:n4144,282
streamspot:g185:n4197,283
streamspot:g185:n4204,284
streamspot:g185:n4228,285
streamspot:g185:n4234,286
streamspot:g185:n4329,287
streamspot:g185:n4373,288
streamspot:g185:n4447,289
streamspot:g185:n4464,290
streamspot:g185:n4522,291
streamspot:g185:n4540,292
streamspot:g185:n4547,293
streamspot:g185:n4573,294
streamspot:g185:n4583,295
streamspot:g185:n4596,296
streamspot:g185:n4662,297
streamspot:g185:n4666,298
streamspot:g185:n4675,299
streamspot:g185:n4681,300
streamspot:g185:n4698,301
streamspot:g185:n4808,302
streamspot:g185:n4837,303
streamspot:g185:n507,304
streamspot:g185:n5296,305
streamspot:g185:n536,306
streamspot:g185:n5392,307
streamspot:g185:n5595,308
streamspot:g185:n5656,309
streamspot:g185:n5717,310
streamspot:g185:n5843,311
streamspot:g185:n5864,312
streamspot:g185:n5870,313
streamspot:g185:n5885,314
streamspot:g185:n5891,315
streamspot:g185:n5902,316
streamspot:g185:n5963,317
streamspot:g185:n5978,318
streamspot:g185:n5988,319
streamspot:g185:n6,320
streamspot:g185:n6008,321
streamspot:g185:n63,322
streamspot:g185:n6421,323
streamspot:g185:n6519,324
streamspot:g185:n6520,325
streamspot:g185:n6554,326
streamspot:g185:n6664,327
streamspot:g185:n6668,328
streamspot:g185:n6672,329
streamspot:g185:n6693,330
streamspot:g185:n6704,331
streamspot:g185:n686,332
streamspot:g185:n7,333
streamspot:g185:n844,334
streamspot:g185:n948,335
streamspot:g185:n970,336
streamspot:g202:n0,337
streamspot:g202:n1035,338
streamspot:g202:n1089,339
streamspot:g202:n117,340
streamspot:g202:n1274,341
streamspot:g202:n1389,342
streamspot:g202:n1430,343
streamspot:g202:n1436,344
streamspot:g202:n1441,345
streamspot:g202:n1491,346
streamspot:g202:n1633,347
streamspot:g202:n1664,348
streamspot:g202:n1684,349
streamspot:g202:n1774,350
streamspot:g202:n2113,351
streamspot:g202:n222,352
streamspot:g202:n2283,353
streamspot:g202:n2346,354
streamspot:g202:n2347,355
streamspot:g202:n2353,356
streamspot:g202:n2366,357
streamspot:g202:n2426,358
streamspot:g202:n2477,359
streamspot:g202:n2551,360
streamspot:g202:n2602,361
streamspot:g202:n2624,362
streamspot:g202:n2635,363
streamspot:g202:n2644,364
streamspot:g202:n2712,365
streamspot:g202:n2793,366
streamspot:g202:n2846,367
streamspot:g202:n2857,368
streamspot:g202:n2891,369
streamspot:g202:n2954,370
streamspot:g202:n2969,371
streamspot:g202:n2991,372
streamspot:g202:n3001,373
streamspot:g202:n3015,374
streamspot:g202:n3016,375
streamspot:g202:n3171,376
streamspot:g202:n318,377
streamspot:g202:n3288,378
streamspot:g202:n329,379
streamspot:g202:n3376,380
streamspot:g202:n3384,381
streamspot:g202:n3389,382
streamspot:g202:n3442,383
streamspot:g202:n3461,384
streamspot:g202:n3541,385
streamspot:g202:n3588,386
streamspot:g202:n3637,387
streamspot:g202:n3639,388
streamspot:g202:n3672,389
streamspot:g202:n3750,390
streamspot:g202:n3896,391
streamspot:g202:n3959,392
streamspot:g202:n3982,393
streamspot:g202:n4093,394
streamspot:g202:n4119,395
streamspot:g202:n4144,396
streamspot:g202:n4155,397
streamspot:g202:n42,398
streamspot:g202:n4227,399
streamspot:g202:n4246,400
streamspot:g202:n4262,401
streamspot:g202:n4272,402
streamspot:g202:n4535,403
streamspot:g202:n4546,404
streamspot:g202:n4688,405
streamspot:g202:n4757,406
streamspot:g202:n4839,407
streamspot:g202:n49,408
streamspot:g202:n5133,409
streamspot:g202:n5165,410
streamspot:g202:n5273,411
streamspot:g202:n5572,412
streamspot:g202:n5642,413
streamspot:g202:n5700,414
streamspot:g202:n5904,415
streamspot:g202:n5962,416
streamspot:g202:n5982,417
streamspot:g202:n6,418
streamspot:g202:n6048,419
streamspot:g202:n608,420
streamspot:g202:n6132,421
streamspot:g202:n6162,422
streamspot:g202:n6264,423
streamspot:g202:n6365,424
streamspot:g202:n6578,425
streamspot:g202:n6713,426
streamspot:g202:n6766,427
streamspot:g202:n6775,428
streamspot:g202:n6849,429
streamspot:g202:n6966,430
streamspot:g202:n6967,431
streamspot:g202:n7071,432
streamspot:g202:n7134,433
streamspot:g202:n7151,434
streamspot:g202:n7157,435
streamspot:g202:n7176,436
streamspot:g202:n7359,437
streamspot:g202:n753,438
streamspot:g202:n7600,439
streamspot:g202:n7602,440
streamspot:g202:n7774,441
streamspot:g202:n7779,442
streamspot:g202:n7926,443
streamspot:g202:n8006,444
streamspot:g202:n8056,445
streamspot:g202:n8070,446
streamspot:g202:n8203,447
streamspot:g202:n8281,448
streamspot:g202:n8379,449
streamspot:g202:n8388,450
streamspot:g202:n8459,451
streamspot:g202:n931,452
streamspot:g206:n0,453
streamspot:g206:n1121,454
streamspot:g206:n1207,455
streamspot:g206:n1375,456
streamspot:g206:n1411,457
streamspot:g206:n1423,458
streamspot:g206:n1441,459
streamspot:g206:n1455,460
streamspot:g206:n1537,461
streamspot:g206:n1604,462
streamspot:g206:n1738,463
streamspot:g206:n1753,464
streamspot:g206:n1772,465
streamspot:g206:n1808,466
streamspot:g206:n1835,467
streamspot:g206:n19,468
streamspot:g206:n22,469
streamspot:g206:n2215,470
streamspot:g206:n2253,471
streamspot:g206:n2265,472
streamspot:g206:n2272,473
streamspot:g206:n2283,474
streamspot:g206:n2292,475
streamspot:g206:n2293,476
streamspot:g206:n2294,477
streamspot:g206:n2295,478
streamspot:g206:n2338,479
streamspot:g206:n2346,480
streamspot:g206:n2357,481
streamspot:g206:n2400,482
streamspot:g206:n2466,483
streamspot:g206:n2540,484
streamspot:g206:n2591,485
streamspot:g206:n2605,486
streamspot:g206:n2688,487
streamspot:g206:n2821,488
streamspot:g206:n2833,489
streamspot:g206:n2836,490
streamspot:g206:n2851,491
streamspot:g206:n2873,492
streamspot:g206:n2909,493
streamspot:g206:n2981,494
streamspot:g206:n3070,495
streamspot:g206:n3087,496
streamspot:g206:n3148,497
streamspot:g206:n3150,498
streamspot:g206:n3242,499
streamspot:g206:n3313,500
streamspot:g206:n3318,501
streamspot:g206:n3347,502
streamspot:g206:n3352,503
streamspot:g206:n34,504
streamspot:g206:n3417,505
streamspot:g206:n3440,506
streamspot:g206:n3479,507
streamspot:g206:n3561,508
streamspot:g206:n3563,509
streamspot:g206:n3639,510
streamspot:g206:n3703,511
streamspot:g206:n3958,512
streamspot:g206:n4032,513
streamspot:g206:n4155,514
streamspot:g206:n4174,515
streamspot:g206:n4182,516
streamspot:g206:n4199,517
streamspot:g206:n42,518
streamspot:g206:n4227,519
streamspot:g206:n4310,520
streamspot:g206:n4535,521
streamspot:g206:n4648,522
streamspot:g206:n4684,523
streamspot:g206:n4706,524
streamspot:g206:n4722,525
streamspot:g206:n4723,526
streamspot:g206:n4841,527
streamspot:g206:n5073,528
streamspot:g206:n5198,529
streamspot:g206:n5306,530
streamspot:g206:n5537,531
streamspot:g206:n5620,532
streamspot:g206:n5670,533
streamspot:g206:n5728,534
streamspot:g206:n5733,535
streamspot:g206:n5790,536
streamspot:g206:n5861,537
streamspot:g206:n5976,538
streamspot:g206:n6074,539
streamspot:g206:n6118,540
streamspot:g206:n6158,541
streamspot:g206:n6292,542
streamspot:g206:n6648,543
streamspot:g206:n671,544
streamspot:g206:n6766,545
streamspot:g206:n6776,546
streamspot:g206:n6787,547
streamspot:g206:n6834,548
streamspot:g206:n6841,549
streamspot:g206:n6958,550
streamspot:g206:n706,551
streamspot:g206:n7123,552
streamspot:g206:n7140,553
streamspot:g206:n7157,554
streamspot:g206:n7165,555
streamspot:g206:n7175,556
streamspot:g206:n7725,557
streamspot:g206:n7938,558
streamspot:g206:n8146,559
streamspot:g206:n821,560
streamspot:g206:n8218,561
streamspot:g206:n8390,562
streamspot:g206:n923,563
streamspot:g235:n0,564
streamspot:g235:n1034,565
streamspot:g235:n1035,566
streamspot:g235:n1215,567
streamspot:g235:n1548,568
streamspot:g235:n1572,569
streamspot:g235:n162,570
streamspot:g235:n1661,571
streamspot:g235:n2021,572
streamspot:g235:n2046,573
streamspot:g235:n2152,574
streamspot:g235:n2283,575
streamspot:g235:n2286,576
streamspot:g235:n2292,577
streamspot:g235:n2332,578
streamspot:g235:n2370,579
streamspot:g235:n2393,580
streamspot:g235:n2578,581
streamspot:g235:n2626,582
streamspot:g235:n2653,583
streamspot:g235:n2768,584
streamspot:g235:n2784,585
streamspot:g235:n2791,586
streamspot:g235:n2812,587
streamspot:g235:n2824,588
streamspot:g235:n2833,589
streamspot:g235:n2841,590
streamspot:g235:n2843,591
streamspot:g235:n2844,592
streamspot:g235:n2884,593
streamspot:g235:n2886,594
streamspot:g235:n2898,595
streamspot:g235:n2910,596
streamspot:g235:n3001,597
streamspot:g235:n3028,598
streamspot:g235:n3242,599
streamspot:g235:n3272,600
streamspot:g235:n3345,601
streamspot:g235:n3347,602
streamspot:g235:n3370,603
streamspot:g235:n3374,604
streamspot:g235:n3432,605
streamspot:g235:n3437,606
streamspot:g235:n3493,607
streamspot:g235:n3524,608
streamspot:g235:n3550,609
streamspot:g235:n3582,610
streamspot:g235:n3594,611
streamspot:g235:n3639,612
streamspot:g235:n3794,613
streamspot:g235:n3907,614
streamspot:g235:n3969,615
streamspot:g235:n4234,616
streamspot:g235:n4249,617
streamspot:g235:n4432,618
streamspot:g235:n4471,619
streamspot:g235:n4522,620
streamspot:g235:n4546,621
streamspot:g235:n4671,622
streamspot:g235:n4829,623
streamspot:g235:n486,624
streamspot:g235:n508,625
streamspot:g235:n5081,626
streamspot:g235:n5230,627
streamspot:g235:n5342,628
streamspot:g235:n5343,629
streamspot:g235:n5425,630
streamspot:g235:n5439,631
streamspot:g235:n5604,632
streamspot:g235:n5657,633
streamspot:g235:n5715,634
streamspot:g235:n5817,635
streamspot:g235:n6066,636
streamspot:g235:n6097,637
streamspot:g235:n6183,638
streamspot:g235:n6202,639
streamspot:g235:n6236,640
streamspot:g235:n6260,641
streamspot:g235:n6309,642
streamspot:g235:n6365,643
streamspot:g235:n6407,644
streamspot:g235:n6423,645
streamspot:g235:n6463,646
streamspot:g235:n6530,647
streamspot:g235:n6570,648
streamspot:g235:n6594,649
streamspot:g235:n6714,650
streamspot:g235:n6833,651
streamspot:g235:n6854,652
streamspot:g235:n6944,653
streamspot:g235:n6950,654
streamspot:g235:n6965,655
streamspot:g235:n7035,656
streamspot:g235:n7050,657
streamspot:g235:n7117,658
streamspot:g235:n7134,659
streamspot:g235:n7151,660
streamspot:g235:n7159,661
streamspot:g235:n7390,662
streamspot:g235:n7482,663
streamspot:g235:n7513,664
streamspot:g235:n757,665
streamspot:g235:n7715,666
streamspot:g235:n7800,667
streamspot:g235:n7852,668
streamspot:g235:n8055,669
streamspot:g235:n8300,670
streamspot:g235:n8454,671
streamspot:g235:n848,672
streamspot:g235:n896,673
streamspot:g235:n901,674
streamspot:g23:n0,675
streamspot:g23:n1095,676
streamspot:g23:n1358,677
streamspot:g23:n1395,678
streamspot:g23:n1444,679
streamspot:g23:n1456,680
streamspot:g23:n156,681
streamspot:g23:n1566,682
streamspot:g23:n1612,683
streamspot:g23:n1728,684
streamspot:g23:n1964,685
streamspot:g23:n2102,686
streamspot:g23:n2193,687
streamspot:g23:n22,688
streamspot:g23:n2260,689
streamspot:g23:n2283,690
streamspot:g23:n2288,691
streamspot:g23:n2295,692
streamspot:g23:n2315,693
streamspot:g23:n2407,694
streamspot:g23:n2447,695
streamspot:g23:n2468,696
streamspot:g23:n2567,697
streamspot:g23:n2589,698
streamspot:g23:n26,699
streamspot:g23:n2807,700
streamspot:g23:n2838,701
streamspot:g23:n3211,702
streamspot:g23:n3258,703
streamspot:g23:n3265,704
streamspot:g23:n3347,705
streamspot:g23:n3362,706
streamspot:g23:n3406,707
streamspot:g23:n3465,708
streamspot:g23:n3530,709
streamspot:g23:n3547,710
streamspot:g23:n3560,711
streamspot:g23:n3567,712
streamspot:g23:n3570,713
streamspot:g23:n3584,714
streamspot:g23:n3586,715
streamspot:g23:n3593,716
streamspot:g23:n3601,717
streamspot:g23:n3639,718
streamspot:g23:n3643,719
streamspot:g23:n3652,720
streamspot:g23:n3693,721
streamspot:g23:n3747,722
streamspot:g23:n3767,723
streamspot:g23:n3793,724
streamspot:g23:n3832,725
streamspot:g23:n3863,726
streamspot:g23:n3886,727
streamspot:g23:n3902,728
streamspot:g23:n3945,729
streamspot:g23:n4016,730
streamspot:g23:n4126,731
streamspot:g23:n4141,732
streamspot:g23:n4159,733
streamspot:g23:n4321,734
streamspot:g23:n4330,735
streamspot:g23:n4357,736
streamspot:g23:n4368,737
streamspot:g23:n4429,738
streamspot:g23:n4535,739
streamspot:g23:n4544,740
streamspot:g23:n4586,741
streamspot:g23:n4659,742
streamspot:g23:n4670,743
streamspot:g23:n4673,744
streamspot:g23:n4698,745
streamspot:g23:n4838,746
streamspot:g23:n5,747
streamspot:g23:n5439,748
streamspot:g23:n547,749
streamspot:g23:n5501,750
streamspot:g23:n5562,751
streamspot:g23:n5684,752
streamspot:g23:n5814,753
streamspot:g23:n5864,754
streamspot:g23:n5903,755
streamspot:g23:n5946,756
streamspot:g23:n6,757
streamspot:g23:n60,758
streamspot:g23:n6062,759
streamspot:g23:n6071,760
streamspot:g23:n6099,761
streamspot:g23:n6132,762
streamspot:g23:n6145,763
streamspot:g23:n6148,764
streamspot:g23:n6300,765
streamspot:g23:n6331,766
streamspot:g23:n6365,767
streamspot:g23:n6462,768
streamspot:g23:n6583,769
streamspot:g23:n66,770
streamspot:g23:n6638,771
streamspot:g23:n6731,772
streamspot:g23:n6740,773
streamspot:g23:n6772,774
streamspot:g23:n6789,775
streamspot:g23:n6831,776
streamspot:g23:n713,777
streamspot:g23:n714,778
streamspot:g23:n7236,779
streamspot:g23:n7457,780
streamspot:g23:n7541,781
streamspot:g23:n8008,782
streamspot:g23:n8296,783
streamspot:g23:n892,784
streamspot:g23:n932,785
streamspot:g23:n945,786
streamspot:g244:n0,787
streamspot:g244:n1301,788
streamspot:g244:n1306,789
streamspot:g244:n1503,790
streamspot:g244:n1938,791
streamspot:g244:n2167,792
streamspot:g244:n2283,793
streamspot:g244:n2288,794
streamspot:g244:n2304,795
streamspot:g244:n2308,796
streamspot:g244:n2314,797
streamspot:g244:n2327,798
streamspot:g244:n2334,799
streamspot:g244:n2363,800
streamspot:g244:n2390,801
streamspot:g244:n2460,802
streamspot:g244:n2461,803
streamspot:g244:n253,804
streamspot:g244:n2671,805
streamspot:g244:n2727,806
streamspot:g244:n2736,807
streamspot:g244:n2805,808
streamspot:g244:n2876,809
streamspot:g244:n2939,810
streamspot:g244:n2954,811
streamspot:g244:n2969,812
streamspot:g244:n2987,813
streamspot:g244:n2996,814
streamspot:g244:n3024,815
streamspot:g244:n3031,816
streamspot:g244:n3073,817
streamspot:g244:n3225,818
streamspot:g244:n3255,819
streamspot:g244:n3289,820
streamspot:g244:n3296,821
streamspot:g244:n3316,822
streamspot:g244:n3325,823
streamspot:g244:n3347,824
streamspot:g244:n3384,825
streamspot:g244:n344,826
streamspot:g244:n3475,827
streamspot:g244:n3513,828
streamspot:g244:n3528,829
streamspot:g244:n3535,830
streamspot:g244:n3549,831
streamspot:g244:n3561,832
streamspot:g244:n3577,833
streamspot:g244:n3595,834
streamspot:g244:n3605,835
streamspot:g244:n3639,836
streamspot:g244:n3650,837
streamspot:g244:n3653,838
streamspot:g244:n3737,839
streamspot:g244:n3743,840
streamspot:g244:n396,841
streamspot:g244:n4009,842
streamspot:g244:n4156,843
streamspot:g244:n440,844
streamspot:g244:n4428,845
streamspot:g244:n4530,846
streamspot:g244:n4537,847
streamspot:g244:n4548,848
streamspot:g244:n4677,849
streamspot:g244:n4688,850
streamspot:g244:n4700,851
streamspot:g244:n4820,852
streamspot:g244:n4840,853
streamspot:g244:n4890,854
streamspot:g244:n4907,855
streamspot:g244:n5000,856
streamspot:g244:n5030,857
streamspot:g244:n5050,858
streamspot:g244:n5109,859
streamspot:g244:n512,860
streamspot:g244:n5139,861
streamspot:g244:n5845,862
streamspot:g244:n5905,863
streamspot:g244:n5924,864
streamspot:g244:n5930,865
streamspot:g244:n5972,866
streamspot:g244:n6022,867
streamspot:g244:n6175,868
streamspot:g244:n6242,869
streamspot:g244:n6328,870
streamspot:g244:n638,871
streamspot:g244:n6410,872
streamspot:g244:n6489,873
streamspot:g244:n6492,874
streamspot:g244:n6554,875
streamspot:g244:n6601,876
streamspot:g244:n6621,877
streamspot:g244:n6805,878
streamspot:g244:n6807,879
streamspot:g244:n6839,880
streamspot:g244:n6923,881
streamspot:g244:n6956,882
streamspot:g244:n6993,883
streamspot:g244:n7002,884
streamspot:g244:n7037,885
streamspot:g244:n7045,886
streamspot:g244:n7120,887
streamspot:g244:n7122,888
streamspot:g244:n7123,889
streamspot:g244:n7140,890
streamspot:g244:n7165,891
streamspot:g244:n7175,892
streamspot:g244:n7288,893
streamspot:g244:n7405,894
streamspot:g244:n745,895
streamspot:g244:n775,896
streamspot:g244:n7799,897
streamspot:g244:n8250,898
streamspot:g244:n8556,899
streamspot:g244:n8624,900
streamspot:g244:n9,901
streamspot:g244:n987,902
streamspot:g250:n0,903
streamspot:g250:n1033,904
streamspot:g250:n1436,905
streamspot:g250:n1493,906
streamspot:g250:n1522,907
streamspot:g250:n1616,908
streamspot:g250:n1780,909
streamspot:g250:n199,910
streamspot:g250:n2123,911
streamspot:g250:n2283,912
streamspot:g250:n2286,913
streamspot:g250:n2294,914
streamspot:g250:n2311,915
streamspot:g250:n2318,916
streamspot:g250:n2320,917
streamspot:g250:n2356,918
streamspot:g250:n2388,919
streamspot:g250:n2472,920
streamspot:g250:n2496,921
streamspot:g250:n2519,922
streamspot:g250:n2565,923
streamspot:g250:n2594,924
streamspot:g250:n2596,925
streamspot:g250:n2727,926
streamspot:g250:n279,927
streamspot:g250:n2948,928
streamspot:g250:n3054,929
streamspot:g250:n316,930
streamspot:g250:n3195,931
streamspot:g250:n3253,932
streamspot:g250:n3262,933
streamspot:g250:n3409,934
streamspot:g250:n3411,935
streamspot:g250:n3552,936
streamspot:g250:n3558,937
streamspot:g250:n3569,938
streamspot:g250:n3572,939
streamspot:g250:n3639,940
streamspot:g250:n3665,941
streamspot:g250:n3746,942
streamspot:g250:n3753,943
streamspot:g250:n3789,944
streamspot:g250:n3923,945
streamspot:g250:n3964,946
streamspot:g250:n4109,947
streamspot:g250:n4116,948
streamspot:g250:n4221,949
streamspot:g250:n4226,950
streamspot:g250:n4236,951
streamspot:g250:n4248,952
streamspot:g250:n4259,953
streamspot:g250:n4281,954
streamspot:g250:n4296,955
streamspot:g250:n4412,956
streamspot:g250:n4535,957
streamspot:g250:n4546,958
streamspot:g250:n4583,959
streamspot:g250:n4661,960
streamspot:g250:n4678,961
streamspot:g250:n4692,962
streamspot:g250:n4709,963
streamspot:g250:n4784,964
streamspot:g250:n4837,965
streamspot:g250:n5146,966
streamspot:g250:n5195,967
streamspot:g250:n5250,968
streamspot:g250:n5253,969
streamspot:g250:n5337,970
streamspot:g250:n5367,971
streamspot:g250:n5668,972
streamspot:g250:n5852,973
streamspot:g250:n5862,974
streamspot:g250:n5873,975
streamspot:g250:n5902,976
streamspot:g250:n5993,977
streamspot:g250:n6049,978
streamspot:g250:n6081,979
streamspot:g250:n6188,980
streamspot:g250:n6318,981
streamspot:g250:n6409,982
streamspot:g250:n6426,983
streamspot:g250:n6470,984
streamspot:g250:n6483,985
streamspot:g250:n6499,986
streamspot:g250:n6508,987
streamspot:g250:n6518,988
streamspot:g250:n6562,989
streamspot:g250:n6704,990
streamspot:g250:n6779,991
streamspot:g250:n6828,992
streamspot:g250:n6837,993
streamspot:g250:n6857,994
streamspot:g250:n6954,995
streamspot:g250:n7031,996
streamspot:g250:n7056,997
streamspot:g250:n7065,998
streamspot:g250:n7121,999
streamspot:g250:n7138,1000
streamspot:g250:n7163,1001
streamspot:g250:n7173,1002
streamspot:g250:n7316,1003
streamspot:g250:n7497,1004
streamspot:g250:n7559,1005
streamspot:g250:n7740,1006
streamspot:g250:n8022,1007
streamspot:g250:n8250,1008
streamspot:g250:n834,1009
streamspot:g250:n8382,1010
streamspot:g250:n8447,1011
streamspot:g250:n8507,1012
streamspot:g250:n8608,1013
streamspot:g250:n8613,1014
streamspot:g250:n933,1015
streamspot:g250:n947,1016
streamspot:g301:n0,1017
streamspot:g301:n1414,1018
streamspot:g301:n1418,1019
streamspot:g301:n1495,1020
streamspot:g301:n150,1021
streamspot:g301:n1627,1022
streamspot:g301:n1747,1023
streamspot:g301:n1749,1024
streamspot:g301:n1756,1025
streamspot:g301:n1936,1026
streamspot:g301:n198,1027
streamspot:g301:n2062,1028
streamspot:g301:n2247,1029
streamspot:g301:n2280,1030
streamspot:g301:n2283,1031
streamspot:g301:n2288,1032
streamspot:g301:n2298,1033
streamspot:g301:n2322,1034
streamspot:g301:n2334,1035
streamspot:g301:n2449,1036
streamspot:g301:n2455,1037
streamspot:g301:n2457,1038
streamspot:g301:n2674,1039
streamspot:g301:n2845,1040
streamspot:g301:n2865,1041
streamspot:g301:n2941,1042
streamspot:g301:n2952,1043
streamspot:g301:n3016,1044
streamspot:g301:n3044,1045
streamspot:g301:n3095,1046
streamspot:g301:n3113,1047
streamspot:g301:n3266,1048
streamspot:g301:n3275,1049
streamspot:g301:n3347,1050
streamspot:g301:n3494,1051
streamspot:g301:n3544,1052
streamspot:g301:n3568,1053
streamspot:g301:n3571,1054
streamspot:g301:n3577,1055
streamspot:g301:n3585,1056
streamspot:g301:n3597,1057
streamspot:g301:n3630,1058
streamspot:g301:n3639,1059
streamspot:g301:n3674,1060
streamspot:g301:n3860,1061
streamspot:g301:n3997,1062
streamspot:g301:n4117,1063
streamspot:g301:n4174,1064
streamspot:g301:n4191,1065
streamspot:g301:n4215,1066
streamspot:g301:n4228,1067
streamspot:g301:n436,1068
streamspot:g301:n438,1069
streamspot:g301:n4431,1070
streamspot:g301:n4447,1071
streamspot:g301:n4519,1072
streamspot:g301:n4625,1073
streamspot:g301:n4632,1074
streamspot:g301:n4661,1075
streamspot:g301:n4673,1076
streamspot:g301:n4678,1077
streamspot:g301:n4819,1078
streamspot:g301:n4836,1079
streamspot:g301:n505,1080
streamspot:g301:n5158,1081
streamspot:g301:n5285,1082
streamspot:g301:n5363,1083
streamspot:g301:n5613,1084
streamspot:g301:n5720,1085
streamspot:g301:n576,1086
streamspot:g301:n5773,1087
streamspot:g301:n6005,1088
streamspot:g301:n6017,1089
streamspot:g301:n6037,1090
streamspot:g301:n6054,1091
streamspot:g301:n6062,1092
streamspot:g301:n6138,1093
streamspot:g301:n6166,1094
streamspot:g301:n6243,1095
streamspot:g301:n6272,1096
streamspot:g301:n6285,1097
streamspot:g301:n6297,1098
streamspot:g301:n6352,1099
streamspot:g301:n6449,1100
streamspot:g301:n6542,1101
streamspot:g301:n6590,1102
streamspot:g301:n6640,1103
streamspot:g301:n6666,1104
streamspot:g301:n6731,1105
streamspot:g301:n6748,1106
streamspot:g301:n6773,1107
streamspot:g301:n6783,1108
streamspot:g301:n6850,1109
streamspot:g301:n6906,1110
streamspot:g301:n7037,1111
streamspot:g301:n7177,1112
streamspot:g301:n724,1113
streamspot:g301:n7412,1114
streamspot:g301:n7431,1115
streamspot:g301:n757,1116
streamspot:g301:n7676,1117
streamspot:g301:n7828,1118
streamspot:g301:n7854,1119
streamspot:g301:n7880,1120
streamspot:g301:n800,1121
streamspot:g301:n8104,1122
streamspot:g301:n8155,1123
streamspot:g301:n8653,1124
streamspot:g301:n883,1125
streamspot:g301:n930,1126
streamspot:g301:n972,1127
streamspot:g310:n0,1128
streamspot:g310:n1015,1129
streamspot:g310:n1223,1130
streamspot:g310:n1353,1131
streamspot:g310:n1445,1132
streamspot:g310:n1475,1133
streamspot:g310:n1533,1134
streamspot:g310:n1626,1135
streamspot:g310:n1796,1136
streamspot:g310:n1846,1137
streamspot:g310:n1896,1138
streamspot:g310:n1977,1139
streamspot:g310:n2156,1140
streamspot:g310:n2194,1141
streamspot:g310:n2240,1142
streamspot:g310:n2245,1143
streamspot:g310:n2268,1144
streamspot:g310:n2283,1145
streamspot:g310:n2301,1146
streamspot:g310:n2311,1147
streamspot:g310:n2324,1148
streamspot:g310:n2326,1149
streamspot:g310:n2338,1150
streamspot:g310:n2404,1151
streamspot:g310:n2471,1152
streamspot:g310:n2501,1153
streamspot:g310:n2506,1154
streamspot:g310:n2541,1155
streamspot:g310:n2544,1156
streamspot:g310:n2645,1157
streamspot:g310:n2820,1158
streamspot:g310:n2876,1159
streamspot:g310:n3145,1160
streamspot:g310:n3284,1161
streamspot:g310:n3285,1162
streamspot:g310:n3312,1163
streamspot:g310:n3340,1164
streamspot:g310:n3347,1165
streamspot:g310:n3366,1166
streamspot:g310:n3401,1167
streamspot:g310:n3412,1168
streamspot:g310:n350,1169
streamspot:g310:n3530,1170
streamspot:g310:n3563,1171
streamspot:g310:n375,1172
streamspot:g310:n3840,1173
streamspot:g310:n3884,1174
streamspot:g310:n3940,1175
streamspot:g310:n4016,1176
streamspot:g310:n4089,1177
streamspot:g310:n4242,1178
streamspot:g310:n4283,1179
streamspot:g310:n4312,1180
streamspot:g310:n4330,1181
streamspot:g310:n4422,1182
streamspot:g310:n4552,1183
streamspot:g310:n4594,1184
streamspot:g310:n4733,1185
streamspot:g310:n4778,1186
streamspot:g310:n4816,1187
streamspot:g310:n4838,1188
streamspot:g310:n4899,1189
streamspot:g310:n4980,1190
streamspot:g310:n50,1191
streamspot:g310:n5247,1192
streamspot:g310:n564,1193
streamspot:g310:n5724,1194
streamspot:g310:n5837,1195
streamspot:g310:n5997,1196
streamspot:g310:n6061,1197
streamspot:g310:n6085,1198
streamspot:g310:n6132,1199
streamspot:g310:n6292,1200
streamspot:g310:n6352,1201
streamspot:g310:n6435,1202
streamspot:g310:n6456,1203
streamspot:g310:n6575,1204
streamspot:g310:n6590,1205
streamspot:g310:n6591,1206
streamspot:g310:n6643,1207
streamspot:g310:n6732,1208
streamspot:g310:n6744,1209
streamspot:g310:n6774,1210
streamspot:g310:n6784,1211
streamspot:g310:n6926,1212
streamspot:g310:n6950,1213
streamspot:g310:n7032,1214
streamspot:g310:n708,1215
streamspot:g310:n7111,1216
streamspot:g310:n7118,1217
streamspot:g310:n7513,1218
streamspot:g310:n7573,1219
streamspot:g310:n7683,1220
streamspot:g310:n7759,1221
streamspot:g310:n7851,1222
streamspot:g310:n7862,1223
streamspot:g310:n7880,1224
streamspot:g310:n7985,1225
streamspot:g310:n8048,1226
streamspot:g310:n8221,1227
streamspot:g310:n8286,1228
streamspot:g310:n8354,1229
streamspot:g310:n8495,1230
streamspot:g310:n8548,1231
streamspot:g310:n8656,1232
streamspot:g310:n8749,1233
streamspot:g310:n921,1234
streamspot:g310:n953,1235
streamspot:g310:n958,1236
streamspot:g316:n0,1237
streamspot:g316:n1144,1238
streamspot:g316:n1145,1239
streamspot:g316:n1186,1240
streamspot:g316:n13,1241
streamspot:g316:n1401,1242
streamspot:g316:n1530,1243
streamspot:g316:n1573,1244
streamspot:g316:n1636,1245
streamspot:g316:n1679,1246
streamspot:g316:n2229,1247
streamspot:g316:n2254,1248
streamspot:g316:n2280,1249
streamspot:g316:n2283,1250
streamspot:g316:n2304,1251
streamspot:g316:n2316,1252
streamspot:g316:n2324,1253
streamspot:g316:n2363,1254
streamspot:g316:n2380,1255
streamspot:g316:n2412,1256
streamspot:g316:n2459,1257
streamspot:g316:n2513,1258
streamspot:g316:n2843,1259
streamspot:g316:n2892,1260
streamspot:g316:n3200,1261
streamspot:g316:n3339,1262
streamspot:g316:n3347,1263
streamspot:g316:n3361,1264
streamspot:g316:n3503,1265
streamspot:g316:n3536,1266
streamspot:g316:n3555,1267
streamspot:g316:n3578,1268
streamspot:g316:n3587,1269
streamspot:g316:n3592,1270
streamspot:g316:n3622,1271
streamspot:g316:n3639,1272
streamspot:g316:n3777,1273
streamspot:g316:n3807,1274
streamspot:g316:n3880,1275
streamspot:g316:n3885,1276
streamspot:g316:n3917,1277
streamspot:g316:n394,1278
streamspot:g316:n3970,1279
streamspot:g316:n403,1280
streamspot:g316:n4130,1281
streamspot:g316:n4186,1282
streamspot:g316:n4248,1283
streamspot:g316:n4276,1284
streamspot:g316:n4312,1285
streamspot:g316:n4426,1286
streamspot:g316:n4493,1287
streamspot:g316:n4499,1288
streamspot:g316:n4535,1289
streamspot:g316:n4542,1290
streamspot:g316:n4546,1291
streamspot:g316:n4583,1292
streamspot:g316:n4660,1293
streamspot:g316:n4687,1294
streamspot:g316:n4692,1295
streamspot:g316:n4693,1296
streamspot:g316:n4697,1297
streamspot:g316:n4698,1298
streamspot:g316:n4764,1299
streamspot:g316:n4838,1300
streamspot:g316:n4914,1301
streamspot:g316:n5128,1302
streamspot:g316:n5139,1303
streamspot:g316:n5167,1304
streamspot:g316:n5305,1305
streamspot:g316:n5458,1306
streamspot:g316:n5685,1307
streamspot:g316:n5819,1308
streamspot:g316:n5864,1309
streamspot:g316:n5910,1310
streamspot:g316:n6015,1311
streamspot:g316:n6109,1312
streamspot:g316:n6272,1313
streamspot:g316:n6353,1314
streamspot:g316:n6365,1315
streamspot:g316:n6434,1316
streamspot:g316:n6565,1317
streamspot:g316:n6592,1318
streamspot:g316:n6611,1319
streamspot:g316:n6733,1320
streamspot:g316:n6739,1321
streamspot:g316:n6750,1322
streamspot:g316:n6775,1323
streamspot:g316:n6785,1324
streamspot:g316:n6806,1325
streamspot:g316:n6843,1326
streamspot:g316:n7016,1327
streamspot:g316:n708,1328
streamspot:g316:n7095,1329
streamspot:g316:n7111,1330
streamspot:g316:n7265,1331
streamspot:g316:n7327,1332
streamspot:g316:n7350,1333
streamspot:g316:n7470,1334
streamspot:g316:n7503,1335
streamspot:g316:n7551,1336
streamspot:g316:n7568,1337
streamspot:g316:n7578,1338
streamspot:g316:n7787,1339
streamspot:g316:n7856,1340
streamspot:g316:n79,1341
streamspot:g316:n7980,1342
streamspot:g316:n8077,1343
streamspot:g316:n8183,1344
streamspot:g316:n8202,1345
streamspot:g316:n8255,1346
streamspot:g316:n8289,1347
streamspot:g316:n8341,1348
streamspot:g316:n836,1349
streamspot:g316:n8449,1350
streamspot:g323:n0,1351
streamspot:g323:n1113,1352
streamspot:g323:n1166,1353
streamspot:g323:n1260,1354
streamspot:g323:n1288,1355
streamspot:g323:n14,1356
streamspot:g323:n1696,1357
streamspot:g323:n1774,1358
streamspot:g323:n2139,1359
streamspot:g323:n2230,1360
streamspot:g323:n2255,1361
streamspot:g323:n2268,1362
streamspot:g323:n2283,1363
streamspot:g323:n2296,1364
streamspot:g323:n2324,1365
streamspot:g323:n2352,1366
streamspot:g323:n236,1367
streamspot:g323:n2456,1368
streamspot:g323:n2470,1369
streamspot:g323:n2531,1370
streamspot:g323:n272,1371
streamspot:g323:n2841,1372
streamspot:g323:n2865,1373
streamspot:g323:n3120,1374
streamspot:g323:n3196,1375
streamspot:g323:n3247,1376
streamspot:g323:n3280,1377
streamspot:g323:n3299,1378
streamspot:g323:n3347,1379
streamspot:g323:n3405,1380
streamspot:g323:n3429,1381
streamspot:g323:n3531,1382
streamspot:g323:n3536,1383
streamspot:g323:n3543,1384
streamspot:g323:n3583,1385
streamspot:g323:n3637,1386
streamspot:g323:n3639,1387
streamspot:g323:n3657,1388
streamspot:g323:n3752,1389
streamspot:g323:n3809,1390
streamspot:g323:n3815,1391
streamspot:g323:n3832,1392
streamspot:g323:n39,1393
streamspot:g323:n3919,1394
streamspot:g323:n3986,1395
streamspot:g323:n4096,1396
streamspot:g323:n4101,1397
streamspot:g323:n4145,1398
streamspot:g323:n4154,1399
streamspot:g323:n4207,1400
streamspot:g323:n4291,1401
streamspot:g323:n4371,1402
streamspot:g323:n4450,1403
streamspot:g323:n4524,1404
streamspot:g323:n4674,1405
streamspot:g323:n4678,1406
streamspot:g323:n4715,1407
streamspot:g323:n4838,1408
streamspot:g323:n5073,1409
streamspot:g323:n5154,1410
streamspot:g323:n5175,1411
streamspot:g323:n5188,1412
streamspot:g323:n5307,1413
streamspot:g323:n5419,1414
streamspot:g323:n5665,1415
streamspot:g323:n574,1416
streamspot:g323:n5872,1417
streamspot:g323:n6,1418
streamspot:g323:n6087,1419
streamspot:g323:n6174,1420
streamspot:g323:n6182,1421
streamspot:g323:n6238,1422
streamspot:g323:n6261,1423
streamspot:g323:n6270,1424
streamspot:g323:n6291,1425
streamspot:g323:n6297,1426
streamspot:g323:n6317,1427
streamspot:g323:n6334,1428
streamspot:g323:n6338,1429
streamspot:g323:n6359,1430
streamspot:g323:n6370,1431
streamspot:g323:n6416,1432
streamspot:g323:n6435,1433
streamspot:g323:n6442,1434
streamspot:g323:n6449,1435
streamspot:g323:n6458,1436
streamspot:g323:n6591,1437
streamspot:g323:n6629,1438
streamspot:g323:n6630,1439
streamspot:g323:n6633,1440
streamspot:g323:n6669,1441
streamspot:g323:n6732,1442
streamspot:g323:n6774,1443
streamspot:g323:n6784,1444
streamspot:g323:n6830,1445
streamspot:g323:n6857,1446
streamspot:g323:n6894,1447
streamspot:g323:n6899,1448
streamspot:g323:n7169,1449
streamspot:g323:n7548,1450
streamspot:g323:n7598,1451
streamspot:g323:n7599,1452
streamspot:g323:n7855,1453
streamspot:g323:n8130,1454
streamspot:g323:n8384,1455
streamspot:g323:n8448,1456
streamspot:g323:n847,1457
streamspot:g323:n8504,1458
streamspot:g323:n8519,1459
streamspot:g323:n8740,1460
streamspot:g323:n880,1461
streamspot:g323:n8865,1462
streamspot:g331:n0,1463
streamspot:g331:n1168,1464
streamspot:g331:n1262,1465
streamspot:g331:n1276,1466
streamspot:g331:n129,1467
streamspot:g331:n1346,1468
streamspot:g331:n1384,1469
streamspot:g331:n1415,1470
streamspot:g331:n1478,1471
streamspot:g331:n1635,1472
streamspot:g331:n2073,1473
streamspot:g331:n2124,1474
streamspot:g331:n2134,1475
streamspot:g331:n217,1476
streamspot:g331:n2241,1477
streamspot:g331:n2250,1478
streamspot:g331:n2266,1479
streamspot:g331:n2269,1480
streamspot:g331:n2283,1481
streamspot:g331:n2293,1482
streamspot:g331:n2294,1483
streamspot:g331:n2297,1484
streamspot:g331:n2299,1485
streamspot:g331:n2316,1486
streamspot:g331:n2326,1487
streamspot:g331:n2346,1488
streamspot:g331:n2354,1489
streamspot:g331:n2420,1490
streamspot:g331:n2467,1491
streamspot:g331:n2519,1492
streamspot:g331:n2692,1493
streamspot:g331:n2764,1494
streamspot:g331:n282,1495
streamspot:g331:n3074,1496
streamspot:g331:n3198,1497
streamspot:g331:n321,1498
streamspot:g331:n3219,1499
streamspot:g331:n3231,1500
streamspot:g331:n3274,1501
streamspot:g331:n3294,1502
streamspot:g331:n3347,1503
streamspot:g331:n3374,1504
streamspot:g331:n3548,1505
streamspot:g331:n3550,1506
streamspot:g331:n3559,1507
streamspot:g331:n3577,1508
streamspot:g331:n3591,1509
streamspot:g331:n3626,1510
streamspot:g331:n3639,1511
streamspot:g331:n3710,1512
streamspot:g331:n372,1513
streamspot:g331:n38,1514
streamspot:g331:n3833,1515
streamspot:g331:n3887,1516
streamspot:g331:n3929,1517
streamspot:g331:n3971,1518
streamspot:g331:n3979,1519
streamspot:g331:n4022,1520
streamspot:g331:n4082,1521
streamspot:g331:n4232,1522
streamspot:g331:n4300,1523
streamspot:g331:n4357,1524
streamspot:g331:n436,1525
streamspot:g331:n441,1526
streamspot:g331:n443,1527
streamspot:g331:n4492,1528
streamspot:g331:n4536,1529
streamspot:g331:n4600,1530
streamspot:g331:n4634,1531
streamspot:g331:n4660,1532
streamspot:g331:n4676,1533
streamspot:g331:n4700,1534
streamspot:g331:n4831,1535
streamspot:g331:n494,1536
streamspot:g331:n5054,1537
streamspot:g331:n5213,1538
streamspot:g331:n5370,1539
streamspot:g331:n5676,1540
streamspot:g331:n572,1541
streamspot:g331:n5799,1542
streamspot:g331:n586,1543
streamspot:g331:n5893,1544
streamspot:g331:n5966,1545
streamspot:g331:n5974,1546
streamspot:g331:n5993,1547
streamspot:g331:n6090,1548
streamspot:g331:n6195,1549
streamspot:g331:n6196,1550
streamspot:g331:n6209,1551
streamspot:g331:n6319,1552
streamspot:g331:n6382,1553
streamspot:g331:n6390,1554
streamspot:g331:n6392,1555
streamspot:g331:n6417,1556
streamspot:g331:n6419,1557
streamspot:g331:n6522,1558
streamspot:g331:n6584,1559
streamspot:g331:n6725,1560
streamspot:g331:n6742,1561
streamspot:g331:n6767,1562
streamspot:g331:n6831,1563
streamspot:g331:n6973,1564
streamspot:g331:n718,1565
streamspot:g331:n7564,1566
streamspot:g331:n7664,1567
streamspot:g331:n7773,1568
streamspot:g331:n806,1569
streamspot:g331:n834,1570
streamspot:g331:n883,1571
streamspot:g331:n915,1572
streamspot:g331:n935,1573
streamspot:g334:n0,1574
streamspot:g334:n1210,1575
streamspot:g334:n1216,1576
streamspot:g334:n1244,1577
streamspot:g334:n1393,1578
streamspot:g334:n1661,1579
streamspot:g334:n179,1580
streamspot:g334:n1830,1581
streamspot:g334:n1929,1582
streamspot:g334:n1944,1583
streamspot:g334:n2008,1584
streamspot:g334:n2082,1585
streamspot:g334:n21,1586
streamspot:g334:n2124,1587
streamspot:g334:n2277,1588
streamspot:g334:n2283,1589
streamspot:g334:n2290,1590
streamspot:g334:n2306,1591
streamspot:g334:n2310,1592
streamspot:g334:n2312,1593
streamspot:g334:n2338,1594
streamspot:g334:n2371,1595
streamspot:g334:n2425,1596
streamspot:g334:n2622,1597
streamspot:g334:n2721,1598
streamspot:g334:n2757,1599
streamspot:g334:n2819,1600
streamspot:g334:n2856,1601
streamspot:g334:n2938,1602
streamspot:g334:n2991,1603
streamspot:g334:n3028,1604
streamspot:g334:n3047,1605
streamspot:g334:n3190,1606
streamspot:g334:n3192,1607
streamspot:g334:n3222,1608
streamspot:g334:n3226,1609
streamspot:g334:n3283,1610
streamspot:g334:n3284,1611
streamspot:g334:n3347,1612
streamspot:g334:n3398,1613
streamspot:g334:n3461,1614
streamspot:g334:n3532,1615
streamspot:g334:n3581,1616
streamspot:g334:n3594,1617
streamspot:g334:n3597,1618
streamspot:g334:n3598,1619
streamspot:g334:n3639,1620
streamspot:g334:n3647,1621
streamspot:g334:n3716,1622
streamspot:g334:n3736,1623
streamspot:g334:n3739,1624
streamspot:g334:n3819,1625
streamspot:g334:n3828,1626
streamspot:g334:n387,1627
streamspot:g334:n3933,1628
streamspot:g334:n401,1629
streamspot:g334:n4020,1630
streamspot:g334:n4071,1631
streamspot:g334:n4095,1632
streamspot:g334:n4210,1633
streamspot:g334:n4389,1634
streamspot:g334:n4495,1635
streamspot:g334:n4529,1636
streamspot:g334:n4535,1637
streamspot:g334:n4546,1638
streamspot:g334:n4673,1639
streamspot:g334:n4682,1640
streamspot:g334:n4685,1641
streamspot:g334:n4717,1642
streamspot:g334:n4799,1643
streamspot:g334:n4836,1644
streamspot:g334:n50,1645
streamspot:g334:n5001,1646
streamspot:g334:n5450,1647
streamspot:g334:n5507,1648
streamspot:g334:n5600,1649
streamspot:g334:n569,1650
streamspot:g334:n5881,1651
streamspot:g334:n5900,1652
streamspot:g334:n5903,1653
streamspot:g334:n5932,1654
streamspot:g334:n6024,1655
streamspot:g334:n6044,1656
streamspot:g334:n6083,1657
streamspot:g334:n6096,1658
streamspot:g334:n6103,1659
streamspot:g334:n6226,1660
streamspot:g334:n6234,1661
streamspot:g334:n6293,1662
streamspot:g334:n6384,1663
streamspot:g334:n640,1664
streamspot:g334:n6590,1665
streamspot:g334:n6612,1666
streamspot:g334:n6667,1667
streamspot:g334:n6675,1668
streamspot:g334:n6731,1669
streamspot:g334:n6773,1670
streamspot:g334:n6783,1671
streamspot:g334:n6844,1672
streamspot:g334:n7199,1673
streamspot:g334:n727,1674
streamspot:g334:n7344,1675
streamspot:g334:n7508,1676
streamspot:g334:n7517,1677
streamspot:g334:n7559,1678
streamspot:g334:n7623,1679
streamspot:g334:n766,1680
streamspot:g334:n7715,1681
streamspot:g334:n7736,1682
streamspot:g334:n7751,1683
streamspot:g334:n7774,1684
streamspot:g334:n7816,1685
streamspot:g334:n971,1686
streamspot:g339:n0,1687
streamspot:g339:n1312,1688
streamspot:g339:n1465,1689
streamspot:g339:n1545,1690
streamspot:g339:n1619,1691
streamspot:g339:n1718,1692
streamspot:g339:n1847,1693
streamspot:g339:n1917,1694
streamspot:g339:n1963,1695
streamspot:g339:n200,1696
streamspot:g339:n2134,1697
streamspot:g339:n2135,1698
streamspot:g339:n2226,1699
streamspot:g339:n2255,1700
streamspot:g339:n2283,1701
streamspot:g339:n2293,1702
streamspot:g339:n2311,1703
streamspot:g339:n2313,1704
streamspot:g339:n2315,1705
streamspot:g339:n2326,1706
streamspot:g339:n2360,1707
streamspot:g339:n2375,1708
streamspot:g339:n2384,1709
streamspot:g339:n2399,1710
streamspot:g339:n2403,1711
streamspot:g339:n2480,1712
streamspot:g339:n2613,1713
streamspot:g339:n2743,1714
streamspot:g339:n2749,1715
streamspot:g339:n2799,1716
streamspot:g339:n2814,1717
streamspot:g339:n2862,1718
streamspot:g339:n2942,1719
streamspot:g339:n2989,1720
streamspot:g339:n3093,1721
streamspot:g339:n3095,1722
streamspot:g339:n3105,1723
streamspot:g339:n3160,1724
streamspot:g339:n3221,1725
streamspot:g339:n3247,1726
streamspot:g339:n3314,1727
streamspot:g339:n3325,1728
streamspot:g339:n3530,1729
streamspot:g339:n3583,1730
streamspot:g339:n3593,1731
streamspot:g339:n3603,1732
streamspot:g339:n3605,1733
streamspot:g339:n3639,1734
streamspot:g339:n3841,1735
streamspot:g339:n3911,1736
streamspot:g339:n3944,1737
streamspot:g339:n3976,1738
streamspot:g339:n400,1739
streamspot:g339:n414,1740
streamspot:g339:n4148,1741
streamspot:g339:n4151,1742
streamspot:g339:n4188,1743
streamspot:g339:n4237,1744
streamspot:g339:n4287,1745
streamspot:g339:n4429,1746
streamspot:g339:n4443,1747
streamspot:g339:n4451,1748
streamspot:g339:n4484,1749
streamspot:g339:n4662,1750
streamspot:g339:n4669,1751
streamspot:g339:n4809,1752
streamspot:g339:n4841,1753
streamspot:g339:n491,1754
streamspot:g339:n4931,1755
streamspot:g339:n5,1756
streamspot:g339:n5008,1757
streamspot:g339:n5014,1758
streamspot:g339:n5153,1759
streamspot:g339:n5402,1760
streamspot:g339:n543,1761
streamspot:g339:n5442,1762
streamspot:g339:n5780,1763
streamspot:g339:n58,1764
streamspot:g339:n6211,1765
streamspot:g339:n6244,1766
streamspot:g339:n626,1767
streamspot:g339:n6270,1768
streamspot:g339:n6316,1769
streamspot:g339:n6321,1770
streamspot:g339:n6350,1771
streamspot:g339:n6457,1772
streamspot:g339:n6467,1773
streamspot:g339:n6474,1774
streamspot:g339:n6478,1775
streamspot:g339:n6595,1776
streamspot:g339:n6666,1777
streamspot:g339:n6720,1778
streamspot:g339:n6736,1779
streamspot:g339:n6753,1780
streamspot:g339:n6778,1781
streamspot:g339:n6800,1782
streamspot:g339:n7172,1783
streamspot:g339:n7348,1784
streamspot:g339:n738,1785
streamspot:g339:n7443,1786
streamspot:g339:n7510,1787
streamspot:g339:n7581,1788
streamspot:g339:n7736,1789
streamspot:g339:n7859,1790
streamspot:g339:n7907,1791
streamspot:g339:n7936,1792
streamspot:g339:n814,1793
streamspot:g339:n8512,1794
streamspot:g339:n8667,1795
streamspot:g339:n8759,1796
streamspot:g339:n8907,1797
streamspot:g342:n0,1798
streamspot:g342:n1044,1799
streamspot:g342:n1401,1800
streamspot:g342:n1489,1801
streamspot:g342:n1572,1802
streamspot:g342:n1588,1803
streamspot:g342:n171,1804
streamspot:g342:n2039,1805
streamspot:g342:n2041,1806
streamspot:g342:n2283,1807
streamspot:g342:n2302,1808
streamspot:g342:n2369,1809
streamspot:g342:n2372,1810
streamspot:g342:n2377,1811
streamspot:g342:n2453,1812
streamspot:g342:n2463,1813
streamspot:g342:n2467,1814
streamspot:g342:n2545,1815
streamspot:g342:n2838,1816
streamspot:g342:n2847,1817
streamspot:g342:n2876,1818
streamspot:g342:n2883,1819
streamspot:g342:n2972,1820
streamspot:g342:n2973,1821
streamspot:g342:n3002,1822
streamspot:g342:n3020,1823
streamspot:g342:n3033,1824
streamspot:g342:n3050,1825
streamspot:g342:n3077,1826
streamspot:g342:n3095,1827
streamspot:g342:n3107,1828
streamspot:g342:n3229,1829
streamspot:g342:n3236,1830
streamspot:g342:n3277,1831
streamspot:g342:n3302,1832
streamspot:g342:n3310,1833
streamspot:g342:n3321,1834
streamspot:g342:n3347,1835
streamspot:g342:n338,1836
streamspot:g342:n3473,1837
streamspot:g342:n3538,1838
streamspot:g342:n3550,1839
streamspot:g342:n3563,1840
streamspot:g342:n3576,1841
streamspot:g342:n3587,1842
streamspot:g342:n3627,1843
streamspot:g342:n3639,1844
streamspot:g342:n3711,1845
streamspot:g342:n3712,1846
streamspot:g342:n3818,1847
streamspot:g342:n3859,1848
streamspot:g342:n3935,1849
streamspot:g342:n3949,1850
streamspot:g342:n3957,1851
streamspot:g342:n4031,1852
streamspot:g342:n4227,1853
streamspot:g342:n4235,1854
streamspot:g342:n4469,1855
streamspot:g342:n4509,1856
streamspot:g342:n4511,1857
streamspot:g342:n4546,1858
streamspot:g342:n4658,1859
streamspot:g342:n4693,1860
streamspot:g342:n4839,1861
streamspot:g342:n4881,1862
streamspot:g342:n5189,1863
streamspot:g342:n5261,1864
streamspot:g342:n5337,1865
streamspot:g342:n5357,1866
streamspot:g342:n5688,1867
streamspot:g342:n5840,1868
streamspot:g342:n5856,1869
streamspot:g342:n6036,1870
streamspot:g342:n6050,1871
streamspot:g342:n6063,1872
streamspot:g342:n6085,1873
streamspot:g342:n6114,1874
streamspot:g342:n6128,1875
streamspot:g342:n6145,1876
streamspot:g342:n6205,1877
streamspot:g342:n6316,1878
streamspot:g342:n6406,1879
streamspot:g342:n6437,1880
streamspot:g342:n6563,1881
streamspot:g342:n6592,1882
streamspot:g342:n6666,1883
streamspot:g342:n6678,1884
streamspot:g342:n6733,1885
streamspot:g342:n6775,1886
streamspot:g342:n6918,1887
streamspot:g342:n709,1888
streamspot:g342:n7139,1889
streamspot:g342:n7173,1890
streamspot:g342:n7207,1891
streamspot:g342:n7242,1892
streamspot:g342:n7438,1893
streamspot:g342:n7441,1894
streamspot:g342:n7521,1895
streamspot:g342:n761,1896
streamspot:g342:n7696,1897
streamspot:g342:n7856,1898
streamspot:g342:n7920,1899
streamspot:g342:n7954,1900
streamspot:g342:n8001,1901
streamspot:g342:n807,1902
streamspot:g342:n814,1903
streamspot:g342:n8270,1904
streamspot:g342:n8467,1905
streamspot:g342:n8662,1906
streamspot:g342:n8915,1907
streamspot:g342:n933,1908
streamspot:g343:n0,1909
streamspot:g343:n1013,1910
streamspot:g343:n1044,1911
streamspot:g343:n1243,1912
streamspot:g343:n132,1913
streamspot:g343:n1326,1914
streamspot:g343:n152,1915
streamspot:g343:n1603,1916
streamspot:g343:n162,1917
streamspot:g343:n1684,1918
streamspot:g343:n1730,1919
streamspot:g343:n1954,1920
streamspot:g343:n20,1921
streamspot:g343:n2183,1922
streamspot:g343:n2202,1923
streamspot:g343:n2239,1924
streamspot:g343:n2283,1925
streamspot:g343:n2315,1926
streamspot:g343:n2330,1927
streamspot:g343:n2335,1928
streamspot:g343:n2364,1929
streamspot:g343:n2373,1930
streamspot:g343:n2376,1931
streamspot:g343:n2402,1932
streamspot:g343:n2467,1933
streamspot:g343:n2542,1934
streamspot:g343:n2605,1935
streamspot:g343:n2822,1936
streamspot:g343:n2825,1937
streamspot:g343:n2906,1938
streamspot:g343:n2927,1939
streamspot:g343:n3054,1940
streamspot:g343:n3088,1941
streamspot:g343:n3092,1942
streamspot:g343:n3130,1943
streamspot:g343:n3147,1944
streamspot:g343:n3213,1945
streamspot:g343:n3347,1946
streamspot:g343:n337,1947
streamspot:g343:n3384,1948
streamspot:g343:n3452,1949
streamspot:g343:n3458,1950
streamspot:g343:n3582,1951
streamspot:g343:n3597,1952
streamspot:g343:n3601,1953
streamspot:g343:n3606,1954
streamspot:g343:n3639,1955
streamspot:g343:n3661,1956
streamspot:g343:n3666,1957
streamspot:g343:n3753,1958
streamspot:g343:n3911,1959
streamspot:g343:n3923,1960
streamspot:g343:n3926,1961
streamspot:g343:n3957,1962
streamspot:g343:n3984,1963
streamspot:g343:n3986,1964
streamspot:g343:n4049,1965
streamspot:g343:n4078,1966
streamspot:g343:n4227,1967
streamspot:g343:n4275,1968
streamspot:g343:n4535,1969
streamspot:g343:n4692,1970
streamspot:g343:n4716,1971
streamspot:g343:n4837,1972
streamspot:g343:n5094,1973
streamspot:g343:n528,1974
streamspot:g343:n5342,1975
streamspot:g343:n5489,1976
streamspot:g343:n5637,1977
streamspot:g343:n5650,1978
streamspot:g343:n5869,1979
streamspot:g343:n5927,1980
streamspot:g343:n6039,1981
streamspot:g343:n6059,1982
streamspot:g343:n611,1983
streamspot:g343:n617,1984
streamspot:g343:n619,1985
streamspot:g343:n6190,1986
streamspot:g343:n6227,1987
streamspot:g343:n6446,1988
streamspot:g343:n6558,1989
streamspot:g343:n656,1990
streamspot:g343:n6590,1991
streamspot:g343:n6603,1992
streamspot:g343:n6660,1993
streamspot:g343:n6668,1994
streamspot:g343:n6731,1995
streamspot:g343:n6738,1996
streamspot:g343:n6748,1997
streamspot:g343:n6773,1998
streamspot:g343:n6783,1999
streamspot:g343:n6853,2000
streamspot:g343:n7063,2001
streamspot:g343:n7115,2002
streamspot:g343:n7284,2003
streamspot:g343:n7345,2004
streamspot:g343:n735,2005
streamspot:g343:n7499,2006
streamspot:g343:n7627,2007
streamspot:g343:n7687,2008
streamspot:g343:n7700,2009
streamspot:g343:n7758,2010
streamspot:g343:n7854,2011
streamspot:g343:n7971,2012
streamspot:g343:n8101,2013
streamspot:g343:n8169,2014
streamspot:g343:n8437,2015
streamspot:g343:n8641,2016
streamspot:g343:n8677,2017
streamspot:g343:n8712,2018
streamspot:g343:n8835,2019
streamspot:g343:n8934,2020
streamspot:g343:n901,2021
streamspot:g350:n0,2022
streamspot:g350:n1142,2023
streamspot:g350:n1355,2024
streamspot:g350:n1418,2025
streamspot:g350:n1422,2026
streamspot:g350:n1426,2027
streamspot:g350:n1547,2028
streamspot:g350:n1616,2029
streamspot:g350:n1907,2030
streamspot:g350:n2164,2031
streamspot:g350:n219,2032
streamspot:g350:n2191,2033
streamspot:g350:n2283,2034
streamspot:g350:n2312,2035
streamspot:g350:n2334,2036
streamspot:g350:n2461,2037
streamspot:g350:n2484,2038
streamspot:g350:n2500,2039
streamspot:g350:n2524,2040
streamspot:g350:n2566,2041
streamspot:g350:n2578,2042
streamspot:g350:n2702,2043
streamspot:g350:n2740,2044
streamspot:g350:n2849,2045
streamspot:g350:n285,2046
streamspot:g350:n2965,2047
streamspot:g350:n299,2048
streamspot:g350:n301,2049
streamspot:g350:n3212,2050
streamspot:g350:n3235,2051
streamspot:g350:n3243,2052
streamspot:g350:n3292,2053
streamspot:g350:n3293,2054
streamspot:g350:n3301,2055
streamspot:g350:n3303,2056
streamspot:g350:n3347,2057
streamspot:g350:n3363,2058
streamspot:g350:n3373,2059
streamspot:g350:n3397,2060
streamspot:g350:n3425,2061
streamspot:g350:n3460,2062
streamspot:g350:n3503,2063
streamspot:g350:n3571,2064
streamspot:g350:n3588,2065
streamspot:g350:n3600,2066
streamspot:g350:n3639,2067
streamspot:g350:n3701,2068
streamspot:g350:n3893,2069
streamspot:g350:n3897,2070
streamspot:g350:n3997,2071
streamspot:g350:n4145,2072
streamspot:g350:n4181,2073
streamspot:g350:n4227,2074
streamspot:g350:n431,2075
streamspot:g350:n4480,2076
streamspot:g350:n4514,2077
streamspot:g350:n4534,2078
streamspot:g350:n4550,2079
streamspot:g350:n4610,2080
streamspot:g350:n4652,2081
streamspot:g350:n4661,2082
streamspot:g350:n4699,2083
streamspot:g350:n4824,2084
streamspot:g350:n4839,2085
streamspot:g350:n4862,2086
streamspot:g350:n4906,2087
streamspot:g350:n4934,2088
streamspot:g350:n5014,2089
streamspot:g350:n5025,2090
streamspot:g350:n5122,2091
streamspot:g350:n5347,2092
streamspot:g350:n5449,2093
streamspot:g350:n5558,2094
streamspot:g350:n5573,2095
streamspot:g350:n5653,2096
streamspot:g350:n5796,2097
streamspot:g350:n6044,2098
streamspot:g350:n6115,2099
streamspot:g350:n6133,2100
streamspot:g350:n6164,2101
streamspot:g350:n6267,2102
streamspot:g350:n627,2103
streamspot:g350:n6394,2104
streamspot:g350:n6531,2105
streamspot:g350:n6592,2106
streamspot:g350:n6628,2107
streamspot:g350:n6632,2108
streamspot:g350:n6658,2109
streamspot:g350:n6733,2110
streamspot:g350:n6750,2111
streamspot:g350:n6775,2112
streamspot:g350:n6785,2113
streamspot:g350:n6869,2114
streamspot:g350:n6877,2115
streamspot:g350:n691,2116
streamspot:g350:n7021,2117
streamspot:g350:n7092,2118
streamspot:g350:n713,2119
streamspot:g350:n7376,2120
streamspot:g350:n7472,2121
streamspot:g350:n7502,2122
streamspot:g350:n7571,2123
streamspot:g350:n7762,2124
streamspot:g350:n7856,2125
streamspot:g350:n7878,2126
streamspot:g350:n8048,2127
streamspot:g350:n8165,2128
streamspot:g350:n8177,2129
streamspot:g350:n8396,2130
streamspot:g350:n8440,2131
streamspot:g350:n8566,2132
streamspot:g350:n8606,2133
streamspot:g350:n8806,2134
streamspot:g354:n0,2135
streamspot:g354:n11,2136
streamspot:g354:n1135,2137
streamspot:g354:n1208,2138
streamspot:g354:n1377,2139
streamspot:g354:n1388,2140
streamspot:g354:n139,2141
streamspot:g354:n1401,2142
streamspot:g354:n1501,2143
streamspot:g354:n155,2144
streamspot:g354:n1555,2145
streamspot:g354:n1768,2146
streamspot:g354:n1955,2147
streamspot:g354:n201,2148
streamspot:g354:n2280,2149
streamspot:g354:n2283,2150
streamspot:g354:n2291,2151
streamspot:g354:n2310,2152
streamspot:g354:n2326,2153
streamspot:g354:n2327,2154
streamspot:g354:n2339,2155
streamspot:g354:n2340,2156
streamspot:g354:n2348,2157
streamspot:g354:n2373,2158
streamspot:g354:n239,2159
streamspot:g354:n2440,2160
streamspot:g354:n2458,2161
streamspot:g354:n2464,2162
streamspot:g354:n2525,2163
streamspot:g354:n2711,2164
streamspot:g354:n2738,2165
streamspot:g354:n2740,2166
streamspot:g354:n2756,2167
streamspot:g354:n2837,2168
streamspot:g354:n2887,2169
streamspot:g354:n2888,2170
streamspot:g354:n2983,2171
streamspot:g354:n3151,2172
streamspot:g354:n320,2173
streamspot:g354:n3235,2174
streamspot:g354:n3284,2175
streamspot:g354:n3306,2176
streamspot:g354:n3347,2177
streamspot:g354:n3447,2178
streamspot:g354:n3457,2179
streamspot:g354:n3559,2180
streamspot:g354:n3606,2181
streamspot:g354:n3616,2182
streamspot:g354:n3635,2183
streamspot:g354:n3636,2184
streamspot:g354:n3637,2185
streamspot:g354:n3639,2186
streamspot:g354:n3664,2187
streamspot:g354:n3679,2188
streamspot:g354:n3725,2189
streamspot:g354:n3747,2190
streamspot:g354:n3970,2191
streamspot:g354:n4145,2192
streamspot:g354:n4186,2193
streamspot:g354:n4228,2194
streamspot:g354:n4298,2195
streamspot:g354:n4513,2196
streamspot:g354:n4537,2197
streamspot:g354:n4671,2198
streamspot:g354:n4719,2199
streamspot:g354:n4838,2200
streamspot:g354:n4942,2201
streamspot:g354:n5039,2202
streamspot:g354:n5100,2203
streamspot:g354:n5155,2204
streamspot:g354:n5443,2205
streamspot:g354:n5535,2206
streamspot:g354:n558,2207
streamspot:g354:n5647,2208
streamspot:g354:n5715,2209
streamspot:g354:n5805,2210
streamspot:g354:n5901,2211
streamspot:g354:n5905,2212
streamspot:g354:n5985,2213
streamspot:g354:n600,2214
streamspot:g354:n6002,2215
streamspot:g354:n6067,2216
streamspot:g354:n6130,2217
streamspot:g354:n6300,2218
streamspot:g354:n6341,2219
streamspot:g354:n6353,2220
streamspot:g354:n6591,2221
streamspot:g354:n6630,2222
streamspot:g354:n6650,2223
streamspot:g354:n6676,2224
streamspot:g354:n671,2225
streamspot:g354:n6732,2226
streamspot:g354:n6774,2227
streamspot:g354:n702,2228
streamspot:g354:n7114,2229
streamspot:g354:n7252,2230
streamspot:g354:n7366,2231
streamspot:g354:n7520,2232
streamspot:g354:n7533,2233
streamspot:g354:n7807,2234
streamspot:g354:n7855,2235
streamspot:g354:n7889,2236
streamspot:g354:n795,2237
streamspot:g354:n8085,2238
streamspot:g354:n8178,2239
streamspot:g354:n8357,2240
streamspot:g354:n8358,2241
streamspot:g354:n8389,2242
streamspot:g354:n8640,2243
streamspot:g354:n8830,2244
streamspot:g354:n8907,2245
streamspot:g360:n0,2246
streamspot:g360:n1064,2247
streamspot:g360:n1204,2248
streamspot:g360:n1324,2249
streamspot:g360:n1375,2250
streamspot:g360:n1393,2251
streamspot:g360:n1502,2252
streamspot:g360:n1525,2253
streamspot:g360:n1601,2254
streamspot:g360:n1750,2255
streamspot:g360:n1881,2256
streamspot:g360:n2123,2257
streamspot:g360:n2145,2258
streamspot:g360:n2245,2259
streamspot:g360:n2283,2260
streamspot:g360:n2309,2261
streamspot:g360:n2317,2262
streamspot:g360:n2328,2263
streamspot:g360:n2346,2264
streamspot:g360:n2411,2265
streamspot:g360:n2430,2266
streamspot:g360:n2449,2267
streamspot:g360:n2456,2268
streamspot:g360:n2459,2269
streamspot:g360:n2463,2270
streamspot:g360:n2477,2271
streamspot:g360:n2529,2272
streamspot:g360:n2546,2273
streamspot:g360:n2572,2274
streamspot:g360:n2735,2275
streamspot:g360:n2768,2276
streamspot:g360:n2824,2277
streamspot:g360:n2932,2278
streamspot:g360:n2949,2279
streamspot:g360:n307,2280
streamspot:g360:n3096,2281
streamspot:g360:n3169,2282
streamspot:g360:n3210,2283
streamspot:g360:n3237,2284
streamspot:g360:n3263,2285
streamspot:g360:n3347,2286
streamspot:g360:n3390,2287
streamspot:g360:n3511,2288
streamspot:g360:n3526,2289
streamspot:g360:n3561,2290
streamspot:g360:n3610,2291
streamspot:g360:n3637,2292
streamspot:g360:n3639,2293
streamspot:g360:n364,2294
streamspot:g360:n3641,2295
streamspot:g360:n3686,2296
streamspot:g360:n3714,2297
streamspot:g360:n3809,2298
streamspot:g360:n3814,2299
streamspot:g360:n3873,2300
streamspot:g360:n3916,2301
streamspot:g360:n3964,2302
streamspot:g360:n4164,2303
streamspot:g360:n4310,2304
streamspot:g360:n4337,2305
streamspot:g360:n4368,2306
streamspot:g360:n4501,2307
streamspot:g360:n4527,2308
streamspot:g360:n4535,2309
streamspot:g360:n4717,2310
streamspot:g360:n4838,2311
streamspot:g360:n4850,2312
streamspot:g360:n4945,2313
streamspot:g360:n497,2314
streamspot:g360:n4993,2315
streamspot:g360:n5135,2316
streamspot:g360:n5237,2317
streamspot:g360:n5607,2318
streamspot:g360:n5622,2319
streamspot:g360:n5644,2320
streamspot:g360:n5856,2321
streamspot:g360:n5920,2322
streamspot:g360:n5958,2323
streamspot:g360:n6001,2324
streamspot:g360:n6006,2325
streamspot:g360:n6011,2326
streamspot:g360:n6057,2327
streamspot:g360:n6212,2328
streamspot:g360:n6327,2329
streamspot:g360:n6401,2330
streamspot:g360:n6493,2331
streamspot:g360:n6503,2332
streamspot:g360:n6522,2333
streamspot:g360:n6591,2334
streamspot:g360:n6629,2335
streamspot:g360:n6669,2336
streamspot:g360:n6732,2337
streamspot:g360:n6749,2338
streamspot:g360:n6774,2339
streamspot:g360:n7054,2340
streamspot:g360:n7113,2341
streamspot:g360:n7589,2342
streamspot:g360:n7608,2343
streamspot:g360:n7797,2344
streamspot:g360:n7855,2345
streamspot:g360:n804,2346
streamspot:g360:n8120,2347
streamspot:g360:n815,2348
streamspot:g360:n8158,2349
streamspot:g360:n8384,2350
streamspot:g360:n8485,2351
streamspot:g360:n849,2352
streamspot:g360:n8605,2353
streamspot:g360:n8796,2354
streamspot:g360:n8804,2355
streamspot:g360:n967,2356
streamspot:g362:n0,2357
streamspot:g362:n1011,2358
streamspot:g362:n1037,2359
streamspot:g362:n1272,2360
streamspot:g362:n1309,2361
streamspot:g362:n1396,2362
streamspot:g362:n1506,2363
streamspot:g362:n1578,2364
streamspot:g362:n1587,2365
streamspot:g362:n1985,2366
streamspot:g362:n2042,2367
streamspot:g362:n2072,2368
streamspot:g362:n2181,2369
streamspot:g362:n2235,2370
streamspot:g362:n2283,2371
streamspot:g362:n2319,2372
streamspot:g362:n2320,2373
streamspot:g362:n2367,2374
streamspot:g362:n2434,2375
streamspot:g362:n2457,2376
streamspot:g362:n2465,2377
streamspot:g362:n2490,2378
streamspot:g362:n2497,2379
streamspot:g362:n2521,2380
streamspot:g362:n2599,2381
streamspot:g362:n28,2382
streamspot:g362:n2838,2383
streamspot:g362:n2890,2384
streamspot:g362:n3205,2385
streamspot:g362:n3284,2386
streamspot:g362:n3293,2387
streamspot:g362:n33,2388
streamspot:g362:n3300,2389
streamspot:g362:n3314,2390
streamspot:g362:n3336,2391
streamspot:g362:n3347,2392
streamspot:g362:n3349,2393
streamspot:g362:n3397,2394
streamspot:g362:n3494,2395
streamspot:g362:n3569,2396
streamspot:g362:n3582,2397
streamspot:g362:n3589,2398
streamspot:g362:n3591,2399
streamspot:g362:n3639,2400
streamspot:g362:n3744,2401
streamspot:g362:n3788,2402
streamspot:g362:n3873,2403
streamspot:g362:n3944,2404
streamspot:g362:n3964,2405
streamspot:g362:n3972,2406
streamspot:g362:n4001,2407
streamspot:g362:n4002,2408
streamspot:g362:n4019,2409
streamspot:g362:n4163,2410
streamspot:g362:n4190,2411
streamspot:g362:n4375,2412
streamspot:g362:n4379,2413
streamspot:g362:n4380,2414
streamspot:g362:n4529,2415
streamspot:g362:n4610,2416
streamspot:g362:n4630,2417
streamspot:g362:n4843,2418
streamspot:g362:n520,2419
streamspot:g362:n5268,2420
streamspot:g362:n5281,2421
streamspot:g362:n5478,2422
streamspot:g362:n5537,2423
streamspot:g362:n5584,2424
streamspot:g362:n5690,2425
streamspot:g362:n5809,2426
streamspot:g362:n5864,2427
streamspot:g362:n5889,2428
streamspot:g362:n5961,2429
streamspot:g362:n6039,2430
streamspot:g362:n6047,2431
streamspot:g362:n608,2432
streamspot:g362:n6238,2433
streamspot:g362:n6243,2434
streamspot:g362:n6294,2435
streamspot:g362:n6402,2436
streamspot:g362:n6440,2437
streamspot:g362:n6547,2438
streamspot:g362:n6596,2439
streamspot:g362:n6695,2440
streamspot:g362:n6737,2441
streamspot:g362:n6779,2442
streamspot:g362:n6789,2443
streamspot:g362:n6795,2444
streamspot:g362:n6812,2445
streamspot:g362:n6988,2446
streamspot:g362:n7127,2447
streamspot:g362:n7141,2448
streamspot:g362:n7310,2449
streamspot:g362:n7388,2450
streamspot:g362:n7705,2451
streamspot:g362:n7721,2452
streamspot:g362:n7810,2453
streamspot:g362:n7820,2454
streamspot:g362:n7860,2455
streamspot:g362:n7927,2456
streamspot:g362:n8107,2457
streamspot:g362:n8133,2458
streamspot:g362:n8207,2459
streamspot:g362:n8459,2460
streamspot:g362:n8513,2461
streamspot:g362:n8568,2462
streamspot:g362:n8579,2463
streamspot:g362:n8822,2464
streamspot:g362:n90,2465
streamspot:g362:n935,2466
streamspot:g368:n0,2467
streamspot:g368:n1052,2468
streamspot:g368:n1144,2469
streamspot:g368:n1217,2470
streamspot:g368:n128,2471
streamspot:g368:n1314,2472
streamspot:g368:n1555,2473
streamspot:g368:n1762,2474
streamspot:g368:n1884,2475
streamspot:g368:n204,2476
streamspot:g368:n2116,2477
streamspot:g368:n2133,2478
streamspot:g368:n2134,2479
streamspot:g368:n2260,2480
streamspot:g368:n2272,2481
streamspot:g368:n2277,2482
streamspot:g368:n2283,2483
streamspot:g368:n2308,2484
streamspot:g368:n2310,2485
streamspot:g368:n2359,2486
streamspot:g368:n2462,2487
streamspot:g368:n2621,2488
streamspot:g368:n2695,2489
streamspot:g368:n2885,2490
streamspot:g368:n3018,2491
streamspot:g368:n3293,2492
streamspot:g368:n3315,2493
streamspot:g368:n3347,2494
streamspot:g368:n3411,2495
streamspot:g368:n3412,2496
streamspot:g368:n3497,2497
streamspot:g368:n3538,2498
streamspot:g368:n3549,2499
streamspot:g368:n3639,2500
streamspot:g368:n3677,2501
streamspot:g368:n389,2502
streamspot:g368:n3915,2503
streamspot:g368:n4045,2504
streamspot:g368:n4079,2505
streamspot:g368:n4188,2506
streamspot:g368:n4192,2507
streamspot:g368:n4195,2508
streamspot:g368:n4414,2509
streamspot:g368:n465,2510
streamspot:g368:n4662,2511
streamspot:g368:n4717,2512
streamspot:g368:n4773,2513
streamspot:g368:n4816,2514
streamspot:g368:n4837,2515
streamspot:g368:n4875,2516
streamspot:g368:n5,2517
streamspot:g368:n5015,2518
streamspot:g368:n5050,2519
streamspot:g368:n5197,2520
streamspot:g368:n5236,2521
streamspot:g368:n5246,2522
streamspot:g368:n5442,2523
streamspot:g368:n5473,2524
streamspot:g368:n5561,2525
streamspot:g368:n5570,2526
streamspot:g368:n5603,2527
streamspot:g368:n5638,2528
streamspot:g368:n5697,2529
streamspot:g368:n580,2530
streamspot:g368:n5840,2531
streamspot:g368:n5886,2532
streamspot:g368:n5970,2533
streamspot:g368:n5975,2534
streamspot:g368:n603,2535
streamspot:g368:n6057,2536
streamspot:g368:n6081,2537
streamspot:g368:n6082,2538
streamspot:g368:n6149,2539
streamspot:g368:n6175,2540
streamspot:g368:n6273,2541
streamspot:g368:n6344,2542
streamspot:g368:n6432,2543
streamspot:g368:n6434,2544
streamspot:g368:n6466,2545
streamspot:g368:n6504,2546
streamspot:g368:n6565,2547
streamspot:g368:n658,2548
streamspot:g368:n6590,2549
streamspot:g368:n6655,2550
streamspot:g368:n6664,2551
streamspot:g368:n6669,2552
streamspot:g368:n6731,2553
streamspot:g368:n6748,2554
streamspot:g368:n6773,2555
streamspot:g368:n6783,2556
streamspot:g368:n6803,2557
streamspot:g368:n6871,2558
streamspot:g368:n6940,2559
streamspot:g368:n7028,2560
streamspot:g368:n7058,2561
streamspot:g368:n7180,2562
streamspot:g368:n7282,2563
streamspot:g368:n7430,2564
streamspot:g368:n7507,2565
streamspot:g368:n754,2566
streamspot:g368:n7592,2567
streamspot:g368:n7729,2568
streamspot:g368:n7803,2569
streamspot:g368:n7836,2570
streamspot:g368:n7854,2571
streamspot:g368:n7944,2572
streamspot:g368:n8034,2573
streamspot:g368:n8195,2574
streamspot:g368:n8396,2575
streamspot:g368:n8578,2576
streamspot:g368:n8694,2577
streamspot:g368:n956,2578
streamspot:g368:n985,2579
streamspot:g369:n0,2580
streamspot:g369:n1247,2581
streamspot:g369:n1256,2582
streamspot:g369:n1271,2583
streamspot:g369:n1374,2584
streamspot:g369:n1379,2585
streamspot:g369:n14,2586
streamspot:g369:n1485,2587
streamspot:g369:n1546,2588
streamspot:g369:n1700,2589
streamspot:g369:n1702,2590
streamspot:g369:n1733,2591
streamspot:g369:n1803,2592
streamspot:g369:n1957,2593
streamspot:g369:n2119,2594
streamspot:g369:n2124,2595
streamspot:g369:n2260,2596
streamspot:g369:n2280,2597
streamspot:g369:n2283,2598
streamspot:g369:n2331,2599
streamspot:g369:n2349,2600
streamspot:g369:n2384,2601
streamspot:g369:n2397,2602
streamspot:g369:n2399,2603
streamspot:g369:n2540,2604
streamspot:g369:n266,2605
streamspot:g369:n2715,2606
streamspot:g369:n2782,2607
streamspot:g369:n2791,2608
streamspot:g369:n2797,2609
streamspot:g369:n2799,2610
streamspot:g369:n2822,2611
streamspot:g369:n2872,2612
streamspot:g369:n2958,2613
streamspot:g369:n3011,2614
streamspot:g369:n3041,2615
streamspot:g369:n3176,2616
streamspot:g369:n3208,2617
streamspot:g369:n3231,2618
streamspot:g369:n3335,2619
streamspot:g369:n3395,2620
streamspot:g369:n3538,2621
streamspot:g369:n3542,2622
streamspot:g369:n3639,2623
streamspot:g369:n3653,2624
streamspot:g369:n3723,2625
streamspot:g369:n382,2626
streamspot:g369:n3865,2627
streamspot:g369:n3883,2628
streamspot:g369:n3890,2629
streamspot:g369:n4056,2630
streamspot:g369:n4077,2631
streamspot:g369:n4173,2632
streamspot:g369:n4181,2633
streamspot:g369:n4205,2634
streamspot:g369:n4248,2635
streamspot:g369:n4363,2636
streamspot:g369:n4430,2637
streamspot:g369:n4522,2638
streamspot:g369:n4545,2639
streamspot:g369:n4582,2640
streamspot:g369:n4589,2641
streamspot:g369:n4661,2642
streamspot:g369:n4706,2643
streamspot:g369:n4735,2644
streamspot:g369:n4742,2645
streamspot:g369:n4843,2646
streamspot:g369:n4919,2647
streamspot:g369:n4923,2648
streamspot:g369:n4978,2649
streamspot:g369:n5163,2650
streamspot:g369:n5277,2651
streamspot:g369:n5507,2652
streamspot:g369:n5520,2653
streamspot:g369:n5590,2654
streamspot:g369:n5618,2655
streamspot:g369:n5797,2656
streamspot:g369:n6000,2657
streamspot:g369:n6170,2658
streamspot:g369:n6357,2659
streamspot:g369:n6370,2660
streamspot:g369:n6408,2661
streamspot:g369:n6409,2662
streamspot:g369:n6433,2663
streamspot:g369:n6596,2664
streamspot:g369:n6627,2665
streamspot:g369:n6651,2666
streamspot:g369:n671,2667
streamspot:g369:n6737,2668
streamspot:g369:n6740,2669
streamspot:g369:n6754,2670
streamspot:g369:n6779,2671
streamspot:g369:n7066,2672
streamspot:g369:n7084,2673
streamspot:g369:n732,2674
streamspot:g369:n7343,2675
streamspot:g369:n7493,2676
streamspot:g369:n7607,2677
streamspot:g369:n780,2678
streamspot:g369:n7840,2679
streamspot:g369:n7860,2680
streamspot:g369:n787,2681
streamspot:g369:n7887,2682
streamspot:g369:n7905,2683
streamspot:g369:n7913,2684
streamspot:g369:n8133,2685
streamspot:g369:n8522,2686
streamspot:g369:n8678,2687
streamspot:g369:n8768,2688
streamspot:g369:n8929,2689
streamspot:g369:n8936,2690
streamspot:g369:n8943,2691
streamspot:g369:n916,2692
streamspot:g383:n0,2693
streamspot:g383:n1036,2694
streamspot:g383:n1283,2695
streamspot:g383:n1292,2696
streamspot:g383:n1341,2697
streamspot:g383:n1429,2698
streamspot:g383:n1604,2699
streamspot:g383:n1616,2700
streamspot:g383:n1649,2701
streamspot:g383:n181,2702
streamspot:g383:n1862,2703
streamspot:g383:n1985,2704
streamspot:g383:n2033,2705
streamspot:g383:n2085,2706
streamspot:g383:n2123,2707
streamspot:g383:n2268,2708
streamspot:g383:n2283,2709
streamspot:g383:n2291,2710
streamspot:g383:n2297,2711
streamspot:g383:n2302,2712
streamspot:g383:n2309,2713
streamspot:g383:n2338,2714
streamspot:g383:n2417,2715
streamspot:g383:n2462,2716
streamspot:g383:n2669,2717
streamspot:g383:n2686,2718
streamspot:g383:n2690,2719
streamspot:g383:n2730,2720
streamspot:g383:n2734,2721
streamspot:g383:n2804,2722
streamspot:g383:n2878,2723
streamspot:g383:n3043,2724
streamspot:g383:n3069,2725
streamspot:g383:n3091,2726
streamspot:g383:n3188,2727
streamspot:g383:n3228,2728
streamspot:g383:n3294,2729
streamspot:g383:n3347,2730
streamspot:g383:n337,2731
streamspot:g383:n3536,2732
streamspot:g383:n3566,2733
streamspot:g383:n3579,2734
streamspot:g383:n3580,2735
streamspot:g383:n3582,2736
streamspot:g383:n3602,2737
streamspot:g383:n3607,2738
streamspot:g383:n3639,2739
streamspot:g383:n3657,2740
streamspot:g383:n3745,2741
streamspot:g383:n3819,2742
streamspot:g383:n3836,2743
streamspot:g383:n3842,2744
streamspot:g383:n3843,2745
streamspot:g383:n3851,2746
streamspot:g383:n3887,2747
streamspot:g383:n3969,2748
streamspot:g383:n4137,2749
streamspot:g383:n4228,2750
streamspot:g383:n4379,2751
streamspot:g383:n4387,2752
streamspot:g383:n4536,2753
streamspot:g383:n4547,2754
streamspot:g383:n4661,2755
streamspot:g383:n468,2756
streamspot:g383:n4691,2757
streamspot:g383:n4744,2758
streamspot:g383:n4792,2759
streamspot:g383:n4799,2760
streamspot:g383:n4840,2761
streamspot:g383:n491,2762
streamspot:g383:n5101,2763
streamspot:g383:n5153,2764
streamspot:g383:n53,2765
streamspot:g383:n5321,2766
streamspot:g383:n5458,2767
streamspot:g383:n5549,2768
streamspot:g383:n5567,2769
streamspot:g383:n5711,2770
streamspot:g383:n5718,2771
streamspot:g383:n5805,2772
streamspot:g383:n5897,2773
streamspot:g383:n6,2774
streamspot:g383:n6068,2775
streamspot:g383:n6155,2776
streamspot:g383:n6247,2777
streamspot:g383:n6296,2778
streamspot:g383:n6303,2779
streamspot:g383:n6331,2780
streamspot:g383:n6353,2781
streamspot:g383:n6455,2782
streamspot:g383:n6578,2783
streamspot:g383:n6593,2784
streamspot:g383:n6655,2785
streamspot:g383:n6731,2786
streamspot:g383:n6734,2787
streamspot:g383:n6751,2788
streamspot:g383:n6776,2789
streamspot:g383:n6785,2790
streamspot:g383:n6786,2791
streamspot:g383:n6820,2792
streamspot:g383:n6885,2793
streamspot:g383:n7010,2794
streamspot:g383:n7038,2795
streamspot:g383:n7081,2796
streamspot:g383:n7108,2797
streamspot:g383:n7137,2798
streamspot:g383:n7428,2799
streamspot:g383:n7466,2800
streamspot:g383:n7507,2801
streamspot:g383:n7529,2802
streamspot:g383:n7752,2803
streamspot:g383:n897,2804
streamspot:g383:n914,2805
streamspot:g383:n928,2806
streamspot:g386:n0,2807
streamspot:g386:n1147,2808
streamspot:g386:n14,2809
streamspot:g386:n1499,2810
streamspot:g386:n1708,2811
streamspot:g386:n171,2812
streamspot:g386:n1750,2813
streamspot:g386:n1860,2814
streamspot:g386:n1886,2815
streamspot:g386:n2003,2816
streamspot:g386:n2232,2817
streamspot:g386:n2262,2818
streamspot:g386:n2283,2819
streamspot:g386:n2295,2820
streamspot:g386:n2461,2821
streamspot:g386:n2462,2822
streamspot:g386:n2473,2823
streamspot:g386:n2514,2824
streamspot:g386:n2672,2825
streamspot:g386:n2701,2826
streamspot:g386:n2718,2827
streamspot:g386:n286,2828
streamspot:g386:n2984,2829
streamspot:g386:n3078,2830
streamspot:g386:n3083,2831
streamspot:g386:n3171,2832
streamspot:g386:n3263,2833
streamspot:g386:n3285,2834
streamspot:g386:n3286,2835
streamspot:g386:n3345,2836
streamspot:g386:n3347,2837
streamspot:g386:n3418,2838
streamspot:g386:n3428,2839
streamspot:g386:n3556,2840
streamspot:g386:n3652,2841
streamspot:g386:n3727,2842
streamspot:g386:n3728,2843
streamspot:g386:n3739,2844
streamspot:g386:n3818,2845
streamspot:g386:n3832,2846
streamspot:g386:n3869,2847
streamspot:g386:n3933,2848
streamspot:g386:n3938,2849
streamspot:g386:n3965,2850
streamspot:g386:n3985,2851
streamspot:g386:n4043,2852
streamspot:g386:n4160,2853
streamspot:g386:n4227,2854
streamspot:g386:n4228,2855
streamspot:g386:n4266,2856
streamspot:g386:n4424,2857
streamspot:g386:n4430,2858
streamspot:g386:n4547,2859
streamspot:g386:n4591,2860
streamspot:g386:n4718,2861
streamspot:g386:n479,2862
streamspot:g386:n4792,2863
streamspot:g386:n4818,2864
streamspot:g386:n4843,2865
streamspot:g386:n4862,2866
streamspot:g386:n4927,2867
streamspot:g386:n5142,2868
streamspot:g386:n5198,2869
streamspot:g386:n5211,2870
streamspot:g386:n5324,2871
streamspot:g386:n5338,2872
streamspot:g386:n54,2873
streamspot:g386:n5465,2874
streamspot:g386:n5502,2875
streamspot:g386:n5568,2876
streamspot:g386:n5901,2877
streamspot:g386:n5910,2878
streamspot:g386:n5911,2879
streamspot:g386:n6020,2880
streamspot:g386:n6047,2881
streamspot:g386:n6088,2882
streamspot:g386:n6115,2883
streamspot:g386:n6130,2884
streamspot:g386:n6160,2885
streamspot:g386:n6181,2886
streamspot:g386:n6254,2887
streamspot:g386:n626,2888
streamspot:g386:n6577,2889
streamspot:g386:n6596,2890
streamspot:g386:n6600,2891
streamspot:g386:n6659,2892
streamspot:g386:n6722,2893
streamspot:g386:n6737,2894
streamspot:g386:n6779,2895
streamspot:g386:n6943,2896
streamspot:g386:n7098,2897
streamspot:g386:n7106,2898
streamspot:g386:n7264,2899
streamspot:g386:n73,2900
streamspot:g386:n735,2901
streamspot:g386:n7515,2902
streamspot:g386:n7525,2903
streamspot:g386:n7860,2904
streamspot:g386:n7939,2905
streamspot:g386:n7948,2906
streamspot:g386:n7963,2907
streamspot:g386:n7975,2908
streamspot:g386:n799,2909
streamspot:g386:n8018,2910
streamspot:g386:n8165,2911
streamspot:g386:n8246,2912
streamspot:g386:n8341,2913
streamspot:g386:n8420,2914
streamspot:g386:n8598,2915
streamspot:g386:n8709,2916
streamspot:g390:n0,2917
streamspot:g390:n1079,2918
streamspot:g390:n1339,2919
streamspot:g390:n1448,2920
streamspot:g390:n1479,2921
streamspot:g390:n1861,2922
streamspot:g390:n2054,2923
streamspot:g390:n2057,2924
streamspot:g390:n2178,2925
streamspot:g390:n2221,2926
streamspot:g390:n2271,2927
streamspot:g390:n2283,2928
streamspot:g390:n2293,2929
streamspot:g390:n2337,2930
streamspot:g390:n2360,2931
streamspot:g390:n2379,2932
streamspot:g390:n2463,2933
streamspot:g390:n2486,2934
streamspot:g390:n2559,2935
streamspot:g390:n2691,2936
streamspot:g390:n2713,2937
streamspot:g390:n2844,2938
streamspot:g390:n2953,2939
streamspot:g390:n2969,2940
streamspot:g390:n3094,2941
streamspot:g390:n3157,2942
streamspot:g390:n3181,2943
streamspot:g390:n3182,2944
streamspot:g390:n3276,2945
streamspot:g390:n3347,2946
streamspot:g390:n3375,2947
streamspot:g390:n3488,2948
streamspot:g390:n3509,2949
streamspot:g390:n3529,2950
streamspot:g390:n3565,2951
streamspot:g390:n3747,2952
streamspot:g390:n3917,2953
streamspot:g390:n394,2954
streamspot:g390:n3958,2955
streamspot:g390:n3984,2956
streamspot:g390:n3987,2957
streamspot:g390:n3993,2958
streamspot:g390:n3995,2959
streamspot:g390:n4031,2960
streamspot:g390:n4074,2961
streamspot:g390:n4142,2962
streamspot:g390:n4168,2963
streamspot:g390:n4187,2964
streamspot:g390:n4237,2965
streamspot:g390:n4302,2966
streamspot:g390:n4349,2967
streamspot:g390:n4400,2968
streamspot:g390:n4411,2969
streamspot:g390:n4425,2970
streamspot:g390:n4553,2971
streamspot:g390:n4625,2972
streamspot:g390:n4720,2973
streamspot:g390:n4836,2974
streamspot:g390:n4916,2975
streamspot:g390:n4955,2976
streamspot:g390:n5083,2977
streamspot:g390:n5136,2978
streamspot:g390:n5256,2979
streamspot:g390:n5285,2980
streamspot:g390:n5448,2981
streamspot:g390:n5723,2982
streamspot:g390:n5724,2983
streamspot:g390:n6162,2984
streamspot:g390:n633,2985
streamspot:g390:n6345,2986
streamspot:g390:n6415,2987
streamspot:g390:n6420,2988
streamspot:g390:n6444,2989
streamspot:g390:n6468,2990
streamspot:g390:n6507,2991
streamspot:g390:n6528,2992
streamspot:g390:n6589,2993
streamspot:g390:n6601,2994
streamspot:g390:n6730,2995
streamspot:g390:n6772,2996
streamspot:g390:n6782,2997
streamspot:g390:n6790,2998
streamspot:g390:n6913,2999
streamspot:g390:n6931,3000
streamspot:g390:n7014,3001
streamspot:g390:n7068,3002
streamspot:g390:n7107,3003
streamspot:g390:n7153,3004
streamspot:g390:n7240,3005
streamspot:g390:n7248,3006
streamspot:g390:n7292,3007
streamspot:g390:n730,3008
streamspot:g390:n7402,3009
streamspot:g390:n7443,3010
streamspot:g390:n760,3011
streamspot:g390:n7687,3012
streamspot:g390:n7824,3013
streamspot:g390:n7853,3014
streamspot:g390:n7906,3015
streamspot:g390:n7973,3016
streamspot:g390:n8093,3017
streamspot:g390:n8121,3018
streamspot:g390:n8133,3019
streamspot:g390:n8348,3020
streamspot:g390:n8378,3021
streamspot:g390:n8457,3022
streamspot:g390:n8488,3023
streamspot:g391:n0,3024
streamspot:g391:n1021,3025
streamspot:g391:n1215,3026
streamspot:g391:n1244,3027
streamspot:g391:n1280,3028
streamspot:g391:n1585,3029
streamspot:g391:n1673,3030
streamspot:g391:n1842,3031
streamspot:g391:n1843,3032
streamspot:g391:n1922,3033
streamspot:g391:n2068,3034
streamspot:g391:n2283,3035
streamspot:g391:n2292,3036
streamspot:g391:n2303,3037
streamspot:g391:n2307,3038
streamspot:g391:n2344,3039
streamspot:g391:n2386,3040
streamspot:g391:n2510,3041
streamspot:g391:n2535,3042
streamspot:g391:n2597,3043
streamspot:g391:n2648,3044
streamspot:g391:n2686,3045
streamspot:g391:n2791,3046
streamspot:g391:n2906,3047
streamspot:g391:n2954,3048
streamspot:g391:n3010,3049
streamspot:g391:n3062,3050
streamspot:g391:n3069,3051
streamspot:g391:n3142,3052
streamspot:g391:n3185,3053
streamspot:g391:n3217,3054
streamspot:g391:n3263,3055
streamspot:g391:n3305,3056
streamspot:g391:n3316,3057
streamspot:g391:n3320,3058
streamspot:g391:n3347,3059
streamspot:g391:n3375,3060
streamspot:g391:n3404,3061
streamspot:g391:n3425,3062
streamspot:g391:n3531,3063
streamspot:g391:n3535,3064
streamspot:g391:n3563,3065
streamspot:g391:n3582,3066
streamspot:g391:n3583,3067
streamspot:g391:n3585,3068
streamspot:g391:n3639,3069
streamspot:g391:n3698,3070
streamspot:g391:n3715,3071
streamspot:g391:n3927,3072
streamspot:g391:n4068,3073
streamspot:g391:n4240,3074
streamspot:g391:n4260,3075
streamspot:g391:n4309,3076
streamspot:g391:n4462,3077
streamspot:g391:n4536,3078
streamspot:g391:n4619,3079
streamspot:g391:n4658,3080
streamspot:g391:n4662,3081
streamspot:g391:n4686,3082
streamspot:g391:n4710,3083
streamspot:g391:n4837,3084
streamspot:g391:n4907,3085
streamspot:g391:n4983,3086
streamspot:g391:n5007,3087
streamspot:g391:n5166,3088
streamspot:g391:n5269,3089
streamspot:g391:n5614,3090
streamspot:g391:n562,3091
streamspot:g391:n57,3092
streamspot:g391:n5729,3093
streamspot:g391:n5887,3094
streamspot:g391:n5900,3095
streamspot:g391:n5946,3096
streamspot:g391:n5975,3097
streamspot:g391:n6,3098
streamspot:g391:n6043,3099
streamspot:g391:n62,3100
streamspot:g391:n6222,3101
streamspot:g391:n6347,3102
streamspot:g391:n6387,3103
streamspot:g391:n6415,3104
streamspot:g391:n6446,3105
streamspot:g391:n6591,3106
streamspot:g391:n6643,3107
streamspot:g391:n6646,3108
streamspot:g391:n6647,3109
streamspot:g391:n6659,3110
streamspot:g391:n6732,3111
streamspot:g391:n6774,3112
streamspot:g391:n6784,3113
streamspot:g391:n6806,3114
streamspot:g391:n7011,3115
streamspot:g391:n7063,3116
streamspot:g391:n7083,3117
streamspot:g391:n7098,3118
streamspot:g391:n716,3119
streamspot:g391:n7223,3120
streamspot:g391:n725,3121
streamspot:g391:n74,3122
streamspot:g391:n761,3123
streamspot:g391:n7723,3124
streamspot:g391:n7855,3125
streamspot:g391:n7861,3126
streamspot:g391:n813,3127
streamspot:g391:n8251,3128
streamspot:g391:n8283,3129
streamspot:g391:n8290,3130
streamspot:g391:n8301,3131
streamspot:g391:n8426,3132
streamspot:g391:n859,3133
streamspot:g391:n8701,3134
streamspot:g391:n8863,3135
streamspot:g391:n8872,3136
streamspot:g399:n0,3137
streamspot:g399:n1106,3138
streamspot:g399:n122,3139
streamspot:g399:n1251,3140
streamspot:g399:n1284,3141
streamspot:g399:n1505,3142
streamspot:g399:n1728,3143
streamspot:g399:n195,3144
streamspot:g399:n2098,3145
streamspot:g399:n2256,3146
streamspot:g399:n2283,3147
streamspot:g399:n2289,3148
streamspot:g399:n2312,3149
streamspot:g399:n2340,3150
streamspot:g399:n2358,3151
streamspot:g399:n2378,3152
streamspot:g399:n2401,3153
streamspot:g399:n2460,3154
streamspot:g399:n2463,3155
streamspot:g399:n2468,3156
streamspot:g399:n2590,3157
streamspot:g399:n2664,3158
streamspot:g399:n2794,3159
streamspot:g399:n2798,3160
streamspot:g399:n2848,3161
streamspot:g399:n2876,3162
streamspot:g399:n3007,3163
streamspot:g399:n3028,3164
streamspot:g399:n3054,3165
streamspot:g399:n3055,3166
streamspot:g399:n3079,3167
streamspot:g399:n3134,3168
streamspot:g399:n3177,3169
streamspot:g399:n3305,3170
streamspot:g399:n3315,3171
streamspot:g399:n3347,3172
streamspot:g399:n3439,3173
streamspot:g399:n344,3174
streamspot:g399:n3525,3175
streamspot:g399:n3537,3176
streamspot:g399:n3561,3177
streamspot:g399:n3598,3178
streamspot:g399:n3639,3179
streamspot:g399:n3797,3180
streamspot:g399:n3812,3181
streamspot:g399:n3906,3182
streamspot:g399:n3920,3183
streamspot:g399:n4003,3184
streamspot:g399:n4072,3185
streamspot:g399:n4145,3186
streamspot:g399:n4154,3187
streamspot:g399:n4348,3188
streamspot:g399:n4465,3189
streamspot:g399:n452,3190
streamspot:g399:n4546,3191
streamspot:g399:n4554,3192
streamspot:g399:n4655,3193
streamspot:g399:n4661,3194
streamspot:g399:n4674,3195
streamspot:g399:n4686,3196
streamspot:g399:n4734,3197
streamspot:g399:n4758,3198
streamspot:g399:n4837,3199
streamspot:g399:n4879,3200
streamspot:g399:n4895,3201
streamspot:g399:n5000,3202
streamspot:g399:n5091,3203
streamspot:g399:n5158,3204
streamspot:g399:n5253,3205
streamspot:g399:n5272,3206
streamspot:g399:n5273,3207
streamspot:g399:n5351,3208
streamspot:g399:n5447,3209
streamspot:g399:n5451,3210
streamspot:g399:n5716,3211
streamspot:g399:n5719,3212
streamspot:g399:n5738,3213
streamspot:g399:n5793,3214
streamspot:g399:n5807,3215
streamspot:g399:n5836,3216
streamspot:g399:n5977,3217
streamspot:g399:n6027,3218
streamspot:g399:n6087,3219
streamspot:g399:n6122,3220
streamspot:g399:n6135,3221
streamspot:g399:n6590,3222
streamspot:g399:n6621,3223
streamspot:g399:n6623,3224
streamspot:g399:n6658,3225
streamspot:g399:n6664,3226
streamspot:g399:n6666,3227
streamspot:g399:n6731,3228
streamspot:g399:n6748,3229
streamspot:g399:n6773,3230
streamspot:g399:n6783,3231
streamspot:g399:n6869,3232
streamspot:g399:n6975,3233
streamspot:g399:n7098,3234
streamspot:g399:n7272,3235
streamspot:g399:n7404,3236
streamspot:g399:n7591,3237
streamspot:g399:n7643,3238
streamspot:g399:n7814,3239
streamspot:g399:n7850,3240
streamspot:g399:n7964,3241
streamspot:g399:n8096,3242
streamspot:g399:n8156,3243
streamspot:g399:n8239,3244
streamspot:g399:n8461,3245
streamspot:g399:n8650,3246
streamspot:g399:n8674,3247
streamspot:g399:n8764,3248
streamspot:g399:n8871,3249
streamspot:g399:n9,3250
streamspot:g405:n0,3251
streamspot:g405:n1139,3252
streamspot:g405:n1190,3253
streamspot:g405:n1197,3254
streamspot:g405:n1308,3255
streamspot:g405:n1384,3256
streamspot:g405:n140,3257
streamspot:g405:n1660,3258
streamspot:g405:n1791,3259
streamspot:g405:n2150,3260
streamspot:g405:n2280,3261
streamspot:g405:n2283,3262
streamspot:g405:n2288,3263
streamspot:g405:n2290,3264
streamspot:g405:n2292,3265
streamspot:g405:n2307,3266
streamspot:g405:n2365,3267
streamspot:g405:n2371,3268
streamspot:g405:n2390,3269
streamspot:g405:n2432,3270
streamspot:g405:n2470,3271
streamspot:g405:n2482,3272
streamspot:g405:n2495,3273
streamspot:g405:n2686,3274
streamspot:g405:n2704,3275
streamspot:g405:n2729,3276
streamspot:g405:n2777,3277
streamspot:g405:n2803,3278
streamspot:g405:n2881,3279
streamspot:g405:n2933,3280
streamspot:g405:n2974,3281
streamspot:g405:n3009,3282
streamspot:g405:n3080,3283
streamspot:g405:n3170,3284
streamspot:g405:n3198,3285
streamspot:g405:n3220,3286
streamspot:g405:n3289,3287
streamspot:g405:n3347,3288
streamspot:g405:n3437,3289
streamspot:g405:n3533,3290
streamspot:g405:n3564,3291
streamspot:g405:n3566,3292
streamspot:g405:n3597,3293
streamspot:g405:n3639,3294
streamspot:g405:n364,3295
streamspot:g405:n3658,3296
streamspot:g405:n3759,3297
streamspot:g405:n3823,3298
streamspot:g405:n3964,3299
streamspot:g405:n3996,3300
streamspot:g405:n4001,3301
streamspot:g405:n4037,3302
streamspot:g405:n4145,3303
streamspot:g405:n4182,3304
streamspot:g405:n4211,3305
streamspot:g405:n4227,3306
streamspot:g405:n4282,3307
streamspot:g405:n4354,3308
streamspot:g405:n4378,3309
streamspot:g405:n4386,3310
streamspot:g405:n4407,3311
streamspot:g405:n4432,3312
streamspot:g405:n447,3313
streamspot:g405:n4519,3314
streamspot:g405:n4535,3315
streamspot:g405:n4539,3316
streamspot:g405:n4618,3317
streamspot:g405:n4661,3318
streamspot:g405:n4675,3319
streamspot:g405:n4690,3320
streamspot:g405:n4764,3321
streamspot:g405:n4807,3322
streamspot:g405:n4835,3323
streamspot:g405:n5046,3324
streamspot:g405:n5126,3325
streamspot:g405:n5356,3326
streamspot:g405:n56,3327
streamspot:g405:n5601,3328
streamspot:g405:n5791,3329
streamspot:g405:n5900,3330
streamspot:g405:n5911,3331
streamspot:g405:n5952,3332
streamspot:g405:n5957,3333
streamspot:g405:n5986,3334
streamspot:g405:n6120,3335
streamspot:g405:n6156,3336
streamspot:g405:n6262,3337
streamspot:g405:n6345,3338
streamspot:g405:n6390,3339
streamspot:g405:n6478,3340
streamspot:g405:n650,3341
streamspot:g405:n6689,3342
streamspot:g405:n6716,3343
streamspot:g405:n6747,3344
streamspot:g405:n6871,3345
streamspot:g405:n6872,3346
streamspot:g405:n6885,3347
streamspot:g405:n6900,3348
streamspot:g405:n6960,3349
streamspot:g405:n6977,3350
streamspot:g405:n7002,3351
streamspot:g405:n7056,3352
streamspot:g405:n7526,3353
streamspot:g405:n7585,3354
streamspot:g405:n7594,3355
streamspot:g405:n7641,3356
streamspot:g405:n7839,3357
streamspot:g405:n8009,3358
streamspot:g405:n8121,3359
streamspot:g405:n8170,3360
streamspot:g405:n8184,3361
streamspot:g405:n8195,3362
streamspot:g405:n8319,3363
streamspot:g405:n8401,3364
streamspot:g405:n8481,3365
streamspot:g405:n8509,3366
streamspot:g405:n8589,3367
streamspot:g405:n887,3368
streamspot:g405:n943,3369
streamspot:g435:n0,3370
streamspot:g435:n1031,3371
streamspot:g435:n1095,3372
streamspot:g435:n1198,3373
streamspot:g435:n1428,3374
streamspot:g435:n1519,3375
streamspot:g435:n1697,3376
streamspot:g435:n1719,3377
streamspot:g435:n1774,3378
streamspot:g435:n1990,3379
streamspot:g435:n1995,3380
streamspot:g435:n2090,3381
streamspot:g435:n2206,3382
streamspot:g435:n2232,3383
streamspot:g435:n2283,3384
streamspot:g435:n2309,3385
streamspot:g435:n2310,3386
streamspot:g435:n2315,3387
streamspot:g435:n2318,3388
streamspot:g435:n2319,3389
streamspot:g435:n2320,3390
streamspot:g435:n2326,3391
streamspot:g435:n2342,3392
streamspot:g435:n2356,3393
streamspot:g435:n2367,3394
streamspot:g435:n2373,3395
streamspot:g435:n2380,3396
streamspot:g435:n2421,3397
streamspot:g435:n2466,3398
streamspot:g435:n2471,3399
streamspot:g435:n2566,3400
streamspot:g435:n2586,3401
streamspot:g435:n2599,3402
streamspot:g435:n2727,3403
streamspot:g435:n2832,3404
streamspot:g435:n2916,3405
streamspot:g435:n2933,3406
streamspot:g435:n2974,3407
streamspot:g435:n30,3408
streamspot:g435:n3073,3409
streamspot:g435:n322,3410
streamspot:g435:n3220,3411
streamspot:g435:n3292,3412
streamspot:g435:n3296,3413
streamspot:g435:n3347,3414
streamspot:g435:n3399,3415
streamspot:g435:n3454,3416
streamspot:g435:n3527,3417
streamspot:g435:n3541,3418
streamspot:g435:n3555,3419
streamspot:g435:n3560,3420
streamspot:g435:n3567,3421
streamspot:g435:n3586,3422
streamspot:g435:n3639,3423
streamspot:g435:n3664,3424
streamspot:g435:n3741,3425
streamspot:g435:n3819,3426
streamspot:g435:n3881,3427
streamspot:g435:n3920,3428
streamspot:g435:n3985,3429
streamspot:g435:n4084,3430
streamspot:g435:n4140,3431
streamspot:g435:n4155,3432
streamspot:g435:n4216,3433
streamspot:g435:n4228,3434
streamspot:g435:n435,3435
streamspot:g435:n4544,3436
streamspot:g435:n4611,3437
streamspot:g435:n462,3438
streamspot:g435:n4662,3439
streamspot:g435:n4682,3440
streamspot:g435:n4837,3441
streamspot:g435:n4910,3442
streamspot:g435:n5121,3443
streamspot:g435:n5371,3444
streamspot:g435:n548,3445
streamspot:g435:n5709,3446
streamspot:g435:n5725,3447
streamspot:g435:n5887,3448
streamspot:g435:n5900,3449
streamspot:g435:n5954,3450
streamspot:g435:n5958,3451
streamspot:g435:n5962,3452
streamspot:g435:n598,3453
streamspot:g435:n6090,3454
streamspot:g435:n6141,3455
streamspot:g435:n6275,3456
streamspot:g435:n6336,3457
streamspot:g435:n6346,3458
streamspot:g435:n6370,3459
streamspot:g435:n653,3460
streamspot:g435:n671,3461
streamspot:g435:n6750,3462
streamspot:g435:n6754,3463
streamspot:g435:n6840,3464
streamspot:g435:n6928,3465
streamspot:g435:n6966,3466
streamspot:g435:n6983,3467
streamspot:g435:n7006,3468
streamspot:g435:n7008,3469
streamspot:g435:n7018,3470
streamspot:g435:n7233,3471
streamspot:g435:n7243,3472
streamspot:g435:n7451,3473
streamspot:g435:n7498,3474
streamspot:g435:n7750,3475
streamspot:g435:n8009,3476
streamspot:g435:n8087,3477
streamspot:g435:n8121,3478
streamspot:g435:n8337,3479
streamspot:g435:n8349,3480
streamspot:g435:n8477,3481
streamspot:g435:n8540,3482
streamspot:g435:n8575,3483
streamspot:g435:n8630,3484
streamspot:g435:n990,3485
streamspot:g441:n0,3486
streamspot:g441:n1035,3487
streamspot:g441:n1069,3488
streamspot:g441:n1341,3489
streamspot:g441:n1392,3490
streamspot:g441:n1431,3491
streamspot:g441:n1481,3492
streamspot:g441:n1532,3493
streamspot:g441:n1805,3494
streamspot:g441:n2109,3495
streamspot:g441:n2183,3496
streamspot:g441:n2283,3497
streamspot:g441:n2308,3498
streamspot:g441:n2327,3499
streamspot:g441:n2329,3500
streamspot:g441:n2367,3501
streamspot:g441:n2372,3502
streamspot:g441:n2377,3503
streamspot:g441:n2385,3504
streamspot:g441:n2396,3505
streamspot:g441:n2455,3506
streamspot:g441:n2490,3507
streamspot:g441:n2590,3508
streamspot:g441:n2677,3509
streamspot:g441:n2757,3510
streamspot:g441:n2876,3511
streamspot:g441:n2907,3512
streamspot:g441:n2962,3513
streamspot:g441:n299,3514
streamspot:g441:n3008,3515
streamspot:g441:n3135,3516
streamspot:g441:n3148,3517
streamspot:g441:n3184,3518
streamspot:g441:n3237,3519
streamspot:g441:n3317,3520
streamspot:g441:n3330,3521
streamspot:g441:n3347,3522
streamspot:g441:n337,3523
streamspot:g441:n3396,3524
streamspot:g441:n3540,3525
streamspot:g441:n3546,3526
streamspot:g441:n3576,3527
streamspot:g441:n3597,3528
streamspot:g441:n3602,3529
streamspot:g441:n3629,3530
streamspot:g441:n3639,3531
streamspot:g441:n375,3532
streamspot:g441:n3784,3533
streamspot:g441:n3799,3534
streamspot:g441:n3886,3535
streamspot:g441:n3906,3536
streamspot:g441:n3910,3537
streamspot:g441:n4112,3538
streamspot:g441:n4119,3539
streamspot:g441:n4130,3540
streamspot:g441:n4155,3541
streamspot:g441:n4291,3542
streamspot:g441:n4363,3543
streamspot:g441:n44,3544
streamspot:g441:n4457,3545
streamspot:g441:n4481,3546
streamspot:g441:n4527,3547
streamspot:g441:n4547,3548
streamspot:g441:n4672,3549
streamspot:g441:n4806,3550
streamspot:g441:n4833,3551
streamspot:g441:n4893,3552
streamspot:g441:n5113,3553
streamspot:g441:n5290,3554
streamspot:g441:n5380,3555
streamspot:g441:n5592,3556
streamspot:g441:n5637,3557
streamspot:g441:n5897,3558
streamspot:g441:n6033,3559
streamspot:g441:n6047,3560
streamspot:g441:n6088,3561
streamspot:g441:n6247,3562
streamspot:g441:n6350,3563
streamspot:g441:n6357,3564
streamspot:g441:n6445,3565
streamspot:g441:n6497,3566
streamspot:g441:n6552,3567
streamspot:g441:n6577,3568
streamspot:g441:n6581,3569
streamspot:g441:n6596,3570
streamspot:g441:n6740,3571
streamspot:g441:n6813,3572
streamspot:g441:n6862,3573
streamspot:g441:n6864,3574
streamspot:g441:n6868,3575
streamspot:g441:n6885,3576
streamspot:g441:n6950,3577
streamspot:g441:n6992,3578
streamspot:g441:n7,3579
streamspot:g441:n7002,3580
streamspot:g441:n7179,3581
streamspot:g441:n7315,3582
streamspot:g441:n745,3583
streamspot:g441:n748,3584
streamspot:g441:n7602,3585
streamspot:g441:n7703,3586
streamspot:g441:n7720,3587
streamspot:g441:n7888,3588
streamspot:g441:n7986,3589
streamspot:g441:n8024,3590
streamspot:g441:n8262,3591
streamspot:g441:n834,3592
streamspot:g441:n8341,3593
streamspot:g441:n8350,3594
streamspot:g441:n8415,3595
streamspot:g441:n8471,3596
streamspot:g441:n8502,3597
streamspot:g441:n8548,3598
streamspot:g441:n8673,3599
streamspot:g446:n0,3600
streamspot:g446:n1061,3601
streamspot:g446:n110,3602
streamspot:g446:n1143,3603
streamspot:g446:n1440,3604
streamspot:g446:n1542,3605
streamspot:g446:n1612,3606
streamspot:g446:n1817,3607
streamspot:g446:n1824,3608
streamspot:g446:n1911,3609
streamspot:g446:n1968,3610
streamspot:g446:n2045,3611
streamspot:g446:n2141,3612
streamspot:g446:n2173,3613
streamspot:g446:n2242,3614
streamspot:g446:n2251,3615
streamspot:g446:n2279,3616
streamspot:g446:n2283,3617
streamspot:g446:n2307,3618
streamspot:g446:n2320,3619
streamspot:g446:n2340,3620
streamspot:g446:n2391,3621
streamspot:g446:n241,3622
streamspot:g446:n2434,3623
streamspot:g446:n2447,3624
streamspot:g446:n2459,3625
streamspot:g446:n2464,3626
streamspot:g446:n2466,3627
streamspot:g446:n2564,3628
streamspot:g446:n2598,3629
streamspot:g446:n266,3630
streamspot:g446:n2709,3631
streamspot:g446:n2788,3632
streamspot:g446:n2805,3633
streamspot:g446:n2996,3634
streamspot:g446:n3008,3635
streamspot:g446:n3127,3636
streamspot:g446:n328,3637
streamspot:g446:n3313,3638
streamspot:g446:n3316,3639
streamspot:g446:n3333,3640
streamspot:g446:n3347,3641
streamspot:g446:n3445,3642
streamspot:g446:n3473,3643
streamspot:g446:n3505,3644
streamspot:g446:n3592,3645
streamspot:g446:n3639,3646
streamspot:g446:n3779,3647
streamspot:g446:n3921,3648
streamspot:g446:n3979,3649
streamspot:g446:n3997,3650
streamspot:g446:n4155,3651
streamspot:g446:n4214,3652
streamspot:g446:n4228,3653
streamspot:g446:n4327,3654
streamspot:g446:n4508,3655
streamspot:g446:n4535,3656
streamspot:g446:n4544,3657
streamspot:g446:n4606,3658
streamspot:g446:n4626,3659
streamspot:g446:n4659,3660
streamspot:g446:n4660,3661
streamspot:g446:n4661,3662
streamspot:g446:n4675,3663
streamspot:g446:n4676,3664
streamspot:g446:n4831,3665
streamspot:g446:n4952,3666
streamspot:g446:n5105,3667
streamspot:g446:n5189,3668
streamspot:g446:n5231,3669
streamspot:g446:n5243,3670
streamspot:g446:n5395,3671
streamspot:g446:n5485,3672
streamspot:g446:n5508,3673
streamspot:g446:n5530,3674
streamspot:g446:n561,3675
streamspot:g446:n5670,3676
streamspot:g446:n5732,3677
streamspot:g446:n5738,3678
streamspot:g446:n5876,3679
streamspot:g446:n5890,3680
streamspot:g446:n5894,3681
streamspot:g446:n5896,3682
streamspot:g446:n5906,3683
streamspot:g446:n5909,3684
streamspot:g446:n5947,3685
streamspot:g446:n5962,3686
streamspot:g446:n5985,3687
streamspot:g446:n6008,3688
streamspot:g446:n6081,3689
streamspot:g446:n6082,3690
streamspot:g446:n6120,3691
streamspot:g446:n6188,3692
streamspot:g446:n6269,3693
streamspot:g446:n6377,3694
streamspot:g446:n6441,3695
streamspot:g446:n6520,3696
streamspot:g446:n6559,3697
streamspot:g446:n6579,3698
streamspot:g446:n671,3699
streamspot:g446:n6732,3700
streamspot:g446:n6740,3701
streamspot:g446:n6775,3702
streamspot:g446:n6954,3703
streamspot:g446:n6996,3704
streamspot:g446:n7006,3705
streamspot:g446:n7398,3706
streamspot:g446:n7447,3707
streamspot:g446:n752,3708
streamspot:g446:n7636,3709
streamspot:g446:n7765,3710
streamspot:g446:n7784,3711
streamspot:g446:n8024,3712
streamspot:g446:n8257,3713
streamspot:g446:n8272,3714
streamspot:g446:n8320,3715
streamspot:g446:n8530,3716
streamspot:g446:n996,3717
streamspot:g464:n0,3718
streamspot:g464:n1010,3719
streamspot:g464:n102,3720
streamspot:g464:n1037,3721
streamspot:g464:n1080,3722
streamspot:g464:n1130,3723
streamspot:g464:n1319,3724
streamspot:g464:n1476,3725
streamspot:g464:n1498,3726
streamspot:g464:n1585,3727
streamspot:g464:n1732,3728
streamspot:g464:n2257,3729
streamspot:g464:n2283,3730
streamspot:g464:n2302,3731
streamspot:g464:n2307,3732
streamspot:g464:n2314,3733
streamspot:g464:n2362,3734
streamspot:g464:n2385,3735
streamspot:g464:n240,3736
streamspot:g464:n2425,3737
streamspot:g464:n2435,3738
streamspot:g464:n2459,3739
streamspot:g464:n2471,3740
streamspot:g464:n2522,3741
streamspot:g464:n2564,3742
streamspot:g464:n2585,3743
streamspot:g464:n2597,3744
streamspot:g464:n2713,3745
streamspot:g464:n2803,3746
streamspot:g464:n2840,3747
streamspot:g464:n2906,3748
streamspot:g464:n2916,3749
streamspot:g464:n2940,3750
streamspot:g464:n2943,3751
streamspot:g464:n2979,3752
streamspot:g464:n3014,3753
streamspot:g464:n3073,3754
streamspot:g464:n3149,3755
streamspot:g464:n3234,3756
streamspot:g464:n3301,3757
streamspot:g464:n3347,3758
streamspot:g464:n3382,3759
streamspot:g464:n3390,3760
streamspot:g464:n3430,3761
streamspot:g464:n3506,3762
streamspot:g464:n3525,3763
streamspot:g464:n3532,3764
streamspot:g464:n3560,3765
streamspot:g464:n3636,3766
streamspot:g464:n3639,3767
streamspot:g464:n3773,3768
streamspot:g464:n3954,3769
streamspot:g464:n405,3770
streamspot:g464:n4088,3771
streamspot:g464:n4257,3772
streamspot:g464:n4283,3773
streamspot:g464:n4404,3774
streamspot:g464:n4471,3775
streamspot:g464:n4546,3776
streamspot:g464:n4635,3777
streamspot:g464:n4677,3778
streamspot:g464:n4712,3779
streamspot:g464:n4807,3780
streamspot:g464:n4811,3781
streamspot:g464:n4842,3782
streamspot:g464:n4846,3783
streamspot:g464:n4864,3784
streamspot:g464:n4879,3785
streamspot:g464:n5014,3786
streamspot:g464:n5110,3787
streamspot:g464:n5441,3788
streamspot:g464:n5528,3789
streamspot:g464:n5559,3790
streamspot:g464:n557,3791
streamspot:g464:n575,3792
streamspot:g464:n582,3793
streamspot:g464:n5907,3794
streamspot:g464:n5962,3795
streamspot:g464:n6090,3796
streamspot:g464:n6158,3797
streamspot:g464:n6235,3798
streamspot:g464:n6251,3799
streamspot:g464:n6323,3800
streamspot:g464:n6572,3801
streamspot:g464:n6576,3802
streamspot:g464:n6586,3803
streamspot:g464:n6768,3804
streamspot:g464:n6773,3805
streamspot:g464:n6775,3806
streamspot:g464:n6908,3807
streamspot:g464:n6928,3808
streamspot:g464:n6929,3809
streamspot:g464:n7009,3810
streamspot:g464:n7019,3811
streamspot:g464:n7044,3812
streamspot:g464:n7048,3813
streamspot:g464:n7054,3814
streamspot:g464:n710,3815
streamspot:g464:n7118,3816
streamspot:g464:n7238,3817
streamspot:g464:n7550,3818
streamspot:g464:n7641,3819
streamspot:g464:n7706,3820
streamspot:g464:n7907,3821
streamspot:g464:n8010,3822
streamspot:g464:n8080,3823
streamspot:g464:n8172,3824
streamspot:g464:n8213,3825
streamspot:g464:n8298,3826
streamspot:g464:n8319,3827
streamspot:g464:n8377,3828
streamspot:g464:n8388,3829
streamspot:g464:n8396,3830
streamspot:g464:n8401,3831
streamspot:g464:n8409,3832
streamspot:g464:n8418,3833
streamspot:g464:n847,3834
streamspot:g464:n8564,3835
streamspot:g464:n8643,3836
streamspot:g464:n8819,3837
streamspot:g464:n8915,3838
streamspot:g470:n0,3839
streamspot:g470:n1223,3840
streamspot:g470:n1337,3841
streamspot:g470:n1477,3842
streamspot:g470:n1521,3843
streamspot:g470:n1578,3844
streamspot:g470:n1598,3845
streamspot:g470:n1612,3846
streamspot:g470:n1812,3847
streamspot:g470:n1875,3848
streamspot:g470:n1969,3849
streamspot:g470:n2144,3850
streamspot:g470:n2283,3851
streamspot:g470:n2293,3852
streamspot:g470:n2300,3853
streamspot:g470:n2340,3854
streamspot:g470:n2351,3855
streamspot:g470:n2352,3856
streamspot:g470:n2378,3857
streamspot:g470:n2400,3858
streamspot:g470:n2468,3859
streamspot:g470:n250,3860
streamspot:g470:n2520,3861
streamspot:g470:n255,3862
streamspot:g470:n2570,3863
streamspot:g470:n2639,3864
streamspot:g470:n2656,3865
streamspot:g470:n2842,3866
streamspot:g470:n2957,3867
streamspot:g470:n2958,3868
streamspot:g470:n2978,3869
streamspot:g470:n2995,3870
streamspot:g470:n3012,3871
streamspot:g470:n3074,3872
streamspot:g470:n3159,3873
streamspot:g470:n3161,3874
streamspot:g470:n3228,3875
streamspot:g470:n3525,3876
streamspot:g470:n3531,3877
streamspot:g470:n3533,3878
streamspot:g470:n3539,3879
streamspot:g470:n3581,3880
streamspot:g470:n3583,3881
streamspot:g470:n3639,3882
streamspot:g470:n3647,3883
streamspot:g470:n4070,3884
streamspot:g470:n4154,3885
streamspot:g470:n4289,3886
streamspot:g470:n4296,3887
streamspot:g470:n4354,3888
streamspot:g470:n4395,3889
streamspot:g470:n4514,3890
streamspot:g470:n4535,3891
streamspot:g470:n4553,3892
streamspot:g470:n4699,3893
streamspot:g470:n4706,3894
streamspot:g470:n4756,3895
streamspot:g470:n4773,3896
streamspot:g470:n478,3897
streamspot:g470:n4826,3898
streamspot:g470:n4835,3899
streamspot:g470:n5248,3900
streamspot:g470:n5346,3901
streamspot:g470:n540,3902
streamspot:g470:n5500,3903
streamspot:g470:n5511,3904
streamspot:g470:n5672,3905
streamspot:g470:n5708,3906
streamspot:g470:n5780,3907
streamspot:g470:n5869,3908
streamspot:g470:n595,3909
streamspot:g470:n5951,3910
streamspot:g470:n5958,3911
streamspot:g470:n5962,3912
streamspot:g470:n6,3913
streamspot:g470:n6099,3914
streamspot:g470:n6140,3915
streamspot:g470:n6184,3916
streamspot:g470:n6202,3917
streamspot:g470:n6241,3918
streamspot:g470:n6251,3919
streamspot:g470:n6263,3920
streamspot:g470:n6267,3921
streamspot:g470:n6273,3922
streamspot:g470:n6309,3923
streamspot:g470:n6382,3924
streamspot:g470:n6426,3925
streamspot:g470:n6607,3926
streamspot:g470:n664,3927
streamspot:g470:n6742,3928
streamspot:g470:n6946,3929
streamspot:g470:n6948,3930
streamspot:g470:n6949,3931
streamspot:g470:n6966,3932
streamspot:g470:n6991,3933
streamspot:g470:n7,3934
streamspot:g470:n7001,3935
streamspot:g470:n7040,3936
streamspot:g470:n7053,3937
streamspot:g470:n7119,3938
streamspot:g470:n736,3939
streamspot:g470:n7366,3940
streamspot:g470:n7477,3941
streamspot:g470:n749,3942
streamspot:g470:n7627,3943
streamspot:g470:n7776,3944
streamspot:g470:n7968,3945
streamspot:g470:n8320,3946
streamspot:g470:n8398,3947
streamspot:g470:n8501,3948
streamspot:g470:n8517,3949
streamspot:g470:n8736,3950
streamspot:g470:n8741,3951
streamspot:g470:n8824,3952
streamspot:g470:n896,3953
streamspot:g470:n924,3954
streamspot:g472:n0,3955
streamspot:g472:n1178,3956
streamspot:g472:n1316,3957
streamspot:g472:n1331,3958
streamspot:g472:n1379,3959
streamspot:g472:n1517,3960
streamspot:g472:n1598,3961
streamspot:g472:n1639,3962
streamspot:g472:n1759,3963
streamspot:g472:n1957,3964
streamspot:g472:n2050,3965
streamspot:g472:n2095,3966
streamspot:g472:n2116,3967
streamspot:g472:n2208,3968
streamspot:g472:n2283,3969
streamspot:g472:n2301,3970
streamspot:g472:n2328,3971
streamspot:g472:n2346,3972
streamspot:g472:n2384,3973
streamspot:g472:n2464,3974
streamspot:g472:n2480,3975
streamspot:g472:n2486,3976
streamspot:g472:n249,3977
streamspot:g472:n2491,3978
streamspot:g472:n2537,3979
streamspot:g472:n2585,3980
streamspot:g472:n2593,3981
streamspot:g472:n2599,3982
streamspot:g472:n2666,3983
streamspot:g472:n271,3984
streamspot:g472:n2720,3985
streamspot:g472:n2739,3986
streamspot:g472:n2754,3987
streamspot:g472:n2832,3988
streamspot:g472:n2842,3989
streamspot:g472:n2855,3990
streamspot:g472:n3082,3991
streamspot:g472:n3137,3992
streamspot:g472:n3182,3993
streamspot:g472:n3300,3994
streamspot:g472:n3347,3995
streamspot:g472:n3413,3996
streamspot:g472:n3426,3997
streamspot:g472:n3449,3998
streamspot:g472:n3551,3999
streamspot:g472:n3589,4000
streamspot:g472:n3602,4001
streamspot:g472:n3639,4002
streamspot:g472:n3727,4003
streamspot:g472:n3732,4004
streamspot:g472:n3737,4005
streamspot:g472:n4116,4006
streamspot:g472:n4201,4007
streamspot:g472:n4279,4008
streamspot:g472:n4359,4009
streamspot:g472:n4536,4010
streamspot:g472:n4547,4011
streamspot:g472:n4591,4012
streamspot:g472:n4614,4013
streamspot:g472:n4627,4014
streamspot:g472:n467,4015
streamspot:g472:n4697,4016
streamspot:g472:n4703,4017
streamspot:g472:n4789,4018
streamspot:g472:n4823,4019
streamspot:g472:n4840,4020
streamspot:g472:n5089,4021
streamspot:g472:n5090,4022
streamspot:g472:n5148,4023
streamspot:g472:n5421,4024
streamspot:g472:n5458,4025
streamspot:g472:n5568,4026
streamspot:g472:n566,4027
streamspot:g472:n5813,4028
streamspot:g472:n5835,4029
streamspot:g472:n5838,4030
streamspot:g472:n5851,4031
streamspot:g472:n5905,4032
streamspot:g472:n5966,4033
streamspot:g472:n5991,4034
streamspot:g472:n6095,4035
streamspot:g472:n6112,4036
streamspot:g472:n6117,4037
streamspot:g472:n6180,4038
streamspot:g472:n619,4039
streamspot:g472:n6222,4040
streamspot:g472:n6240,4041
streamspot:g472:n6268,4042
streamspot:g472:n6351,4043
streamspot:g472:n6508,4044
streamspot:g472:n654,4045
streamspot:g472:n6580,4046
streamspot:g472:n6589,4047
streamspot:g472:n6678,4048
streamspot:g472:n6756,4049
streamspot:g472:n6782,4050
streamspot:g472:n6920,4051
streamspot:g472:n6956,4052
streamspot:g472:n6972,4053
streamspot:g472:n6989,4054
streamspot:g472:n7014,4055
streamspot:g472:n7017,4056
streamspot:g472:n7024,4057
streamspot:g472:n73,4058
streamspot:g472:n7576,4059
streamspot:g472:n7775,4060
streamspot:g472:n8034,4061
streamspot:g472:n8063,4062
streamspot:g472:n8183,4063
streamspot:g472:n8307,4064
streamspot:g472:n8330,4065
streamspot:g472:n8387,4066
streamspot:g472:n8423,4067
streamspot:g472:n8447,4068
streamspot:g472:n874,4069
streamspot:g484:n0,4070
streamspot:g484:n1055,4071
streamspot:g484:n1148,4072
streamspot:g484:n1515,4073
streamspot:g484:n1635,4074
streamspot:g484:n1684,4075
streamspot:g484:n1686,4076
streamspot:g484:n1894,4077
streamspot:g484:n206,4078
streamspot:g484:n2067,4079
streamspot:g484:n2098,4080
streamspot:g484:n2118,4081
streamspot:g484:n2189,4082
streamspot:g484:n2283,4083
streamspot:g484:n2294,4084
streamspot:g484:n2308,4085
streamspot:g484:n2310,4086
streamspot:g484:n2312,4087
streamspot:g484:n2347,4088
streamspot:g484:n2361,4089
streamspot:g484:n2362,4090
streamspot:g484:n2364,4091
streamspot:g484:n2371,4092
streamspot:g484:n2378,4093
streamspot:g484:n2380,4094
streamspot:g484:n2385,4095
streamspot:g484:n2463,4096
streamspot:g484:n2562,4097
streamspot:g484:n2570,4098
streamspot:g484:n2588,4099
streamspot:g484:n2646,4100
streamspot:g484:n2816,4101
streamspot:g484:n2819,4102
streamspot:g484:n2871,4103
streamspot:g484:n2906,4104
streamspot:g484:n2911,4105
streamspot:g484:n2913,4106
streamspot:g484:n2998,4107
streamspot:g484:n3019,4108
streamspot:g484:n3030,4109
streamspot:g484:n3168,4110
streamspot:g484:n3228,4111
streamspot:g484:n3289,4112
streamspot:g484:n3293,4113
streamspot:g484:n3297,4114
streamspot:g484:n3298,4115
streamspot:g484:n3347,4116
streamspot:g484:n3498,4117
streamspot:g484:n3571,4118
streamspot:g484:n3580,4119
streamspot:g484:n3586,4120
streamspot:g484:n3591,4121
streamspot:g484:n3596,4122
streamspot:g484:n3639,4123
streamspot:g484:n3780,4124
streamspot:g484:n3806,4125
streamspot:g484:n3869,4126
streamspot:g484:n4028,4127
streamspot:g484:n4093,4128
streamspot:g484:n4155,4129
streamspot:g484:n4198,4130
streamspot:g484:n4297,4131
streamspot:g484:n4514,4132
streamspot:g484:n4802,4133
streamspot:g484:n4833,4134
streamspot:g484:n5056,4135
streamspot:g484:n5119,4136
streamspot:g484:n5386,4137
streamspot:g484:n539,4138
streamspot:g484:n5468,4139
streamspot:g484:n5523,4140
streamspot:g484:n5527,4141
streamspot:g484:n5727,4142
streamspot:g484:n5776,4143
streamspot:g484:n5896,4144
streamspot:g484:n5898,4145
streamspot:g484:n5903,4146
streamspot:g484:n5952,4147
streamspot:g484:n6,4148
streamspot:g484:n6043,4149
streamspot:g484:n6047,4150
streamspot:g484:n6100,4151
streamspot:g484:n6142,4152
streamspot:g484:n6175,4153
streamspot:g484:n632,4154
streamspot:g484:n6326,4155
streamspot:g484:n6525,4156
streamspot:g484:n6553,4157
streamspot:g484:n6743,4158
streamspot:g484:n6844,4159
streamspot:g484:n6947,4160
streamspot:g484:n6957,4161
streamspot:g484:n6999,4162
streamspot:g484:n7286,4163
streamspot:g484:n7394,4164
streamspot:g484:n7686,4165
streamspot:g484:n7891,4166
streamspot:g484:n7982,4167
streamspot:g484:n8176,4168
streamspot:g484:n8221,4169
streamspot:g484:n8294,4170
streamspot:g484:n8353,4171
streamspot:g484:n8383,4172
streamspot:g484:n84,4173
streamspot:g484:n8433,4174
streamspot:g484:n8442,4175
streamspot:g484:n8451,4176
streamspot:g484:n8460,4177
streamspot:g484:n8478,4178
streamspot:g484:n8487,4179
streamspot:g484:n8496,4180
streamspot:g484:n8509,4181
streamspot:g484:n8604,4182
streamspot:g484:n8689,4183
streamspot:g484:n8703,4184
streamspot:g484:n8720,4185
streamspot:g484:n876,4186
streamspot:g484:n994,4187
streamspot:g48:n0,4188
streamspot:g48:n1317,4189
streamspot:g48:n133,4190
streamspot:g48:n1497,4191
streamspot:g48:n1548,4192
streamspot:g48:n1889,4193
streamspot:g48:n1903,4194
streamspot:g48:n1908,4195
streamspot:g48:n1989,4196
streamspot:g48:n2006,4197
streamspot:g48:n2273,4198
streamspot:g48:n228,4199
streamspot:g48:n2283,4200
streamspot:g48:n2312,4201
streamspot:g48:n2318,4202
streamspot:g48:n2407,4203
streamspot:g48:n2582,4204
streamspot:g48:n2601,4205
streamspot:g48:n2669,4206
streamspot:g48:n2774,4207
streamspot:g48:n2836,4208
streamspot:g48:n2865,4209
streamspot:g48:n2867,4210
streamspot:g48:n2886,4211
streamspot:g48:n2920,4212
streamspot:g48:n322,4213
streamspot:g48:n3278,4214
streamspot:g48:n3288,4215
streamspot:g48:n3302,4216
streamspot:g48:n3347,4217
streamspot:g48:n3458,4218
streamspot:g48:n3536,4219
streamspot:g48:n3571,4220
streamspot:g48:n3594,4221
streamspot:g48:n3640,4222
streamspot:g48:n3755,4223
streamspot:g48:n3878,4224
streamspot:g48:n3912,4225
streamspot:g48:n418,4226
streamspot:g48:n4204,4227
streamspot:g48:n4257,4228
streamspot:g48:n4318,4229
streamspot:g48:n4415,4230
streamspot:g48:n4480,4231
streamspot:g48:n4515,4232
streamspot:g48:n4535,4233
streamspot:g48:n4544,4234
streamspot:g48:n4565,4235
streamspot:g48:n4593,4236
streamspot:g48:n4601,4237
streamspot:g48:n4661,4238
streamspot:g48:n4684,4239
streamspot:g48:n4689,4240
streamspot:g48:n4704,4241
streamspot:g48:n4709,4242
streamspot:g48:n4833,4243
streamspot:g48:n4931,4244
streamspot:g48:n4965,4245
streamspot:g48:n4993,4246
streamspot:g48:n5025,4247
streamspot:g48:n5093,4248
streamspot:g48:n5210,4249
streamspot:g48:n523,4250
streamspot:g48:n5259,4251
streamspot:g48:n5295,4252
streamspot:g48:n536,4253
streamspot:g48:n5561,4254
streamspot:g48:n5615,4255
streamspot:g48:n5783,4256
streamspot:g48:n5896,4257
streamspot:g48:n5900,4258
streamspot:g48:n6,4259
streamspot:g48:n6017,4260
streamspot:g48:n6084,4261
streamspot:g48:n6122,4262
streamspot:g48:n6149,4263
streamspot:g48:n6151,4264
streamspot:g48:n620,4265
streamspot:g48:n6237,4266
streamspot:g48:n6239,4267
streamspot:g48:n6298,4268
streamspot:g48:n6316,4269
streamspot:g48:n6333,4270
streamspot:g48:n6348,4271
streamspot:g48:n6378,4272
streamspot:g48:n6382,4273
streamspot:g48:n6446,4274
streamspot:g48:n6497,4275
streamspot:g48:n6569,4276
streamspot:g48:n6631,4277
streamspot:g48:n6703,4278
streamspot:g48:n6780,4279
streamspot:g48:n6787,4280
streamspot:g48:n6797,4281
streamspot:g48:n6822,4282
streamspot:g48:n6832,4283
streamspot:g48:n6892,4284
streamspot:g48:n6916,4285
streamspot:g48:n6935,4286
streamspot:g48:n7054,4287
streamspot:g48:n7129,4288
streamspot:g48:n7274,4289
streamspot:g48:n728,4290
streamspot:g48:n7410,4291
streamspot:g48:n7541,4292
streamspot:g48:n7565,4293
streamspot:g48:n7597,4294
streamspot:g48:n7864,4295
streamspot:g48:n7982,4296
streamspot:g48:n7994,4297
streamspot:g48:n7999,4298
streamspot:g48:n8006,4299
streamspot:g48:n8036,4300
streamspot:g48:n892,4301
streamspot:g48:n980,4302
streamspot:g556:n0,4303
streamspot:g556:n1003,4304
streamspot:g556:n1256,4305
streamspot:g556:n1545,4306
streamspot:g556:n1584,4307
streamspot:g556:n1608,4308
streamspot:g556:n1646,4309
streamspot:g556:n1751,4310
streamspot:g556:n1943,4311
streamspot:g556:n2100,4312
streamspot:g556:n2263,4313
streamspot:g556:n2283,4314
streamspot:g556:n2286,4315
streamspot:g556:n2321,4316
streamspot:g556:n2322,4317
streamspot:g556:n2414,4318
streamspot:g556:n25,4319
streamspot:g556:n2588,4320
streamspot:g556:n2832,4321
streamspot:g556:n2834,4322
streamspot:g556:n2927,4323
streamspot:g556:n2930,4324
streamspot:g556:n3055,4325
streamspot:g556:n3162,4326
streamspot:g556:n3240,4327
streamspot:g556:n3246,4328
streamspot:g556:n3298,4329
streamspot:g556:n3303,4330
streamspot:g556:n3305,4331
streamspot:g556:n3347,4332
streamspot:g556:n3529,4333
streamspot:g556:n3532,4334
streamspot:g556:n3545,4335
streamspot:g556:n3548,4336
streamspot:g556:n3549,4337
streamspot:g556:n3555,4338
streamspot:g556:n3561,4339
streamspot:g556:n3585,4340
streamspot:g556:n3609,4341
streamspot:g556:n3639,4342
streamspot:g556:n3676,4343
streamspot:g556:n370,4344
streamspot:g556:n3713,4345
streamspot:g556:n3781,4346
streamspot:g556:n3839,4347
streamspot:g556:n3884,4348
streamspot:g556:n3977,4349
streamspot:g556:n4023,4350
streamspot:g556:n4125,4351
streamspot:g556:n4130,4352
streamspot:g556:n4214,4353
streamspot:g556:n4244,4354
streamspot:g556:n4270,4355
streamspot:g556:n4318,4356
streamspot:g556:n4358,4357
streamspot:g556:n4435,4358
streamspot:g556:n4475,4359
streamspot:g556:n4528,4360
streamspot:g556:n4545,4361
streamspot:g556:n4546,4362
streamspot:g556:n4611,4363
streamspot:g556:n4619,4364
streamspot:g556:n4672,4365
streamspot:g556:n4686,4366
streamspot:g556:n472,4367
streamspot:g556:n4837,4368
streamspot:g556:n4875,4369
streamspot:g556:n5123,4370
streamspot:g556:n5151,4371
streamspot:g556:n5190,4372
streamspot:g556:n5223,4373
streamspot:g556:n535,4374
streamspot:g556:n5500,4375
streamspot:g556:n5501,4376
streamspot:g556:n5555,4377
streamspot:g556:n5667,4378
streamspot:g556:n5781,4379
streamspot:g556:n5885,4380
streamspot:g556:n5900,4381
streamspot:g556:n5901,4382
streamspot:g556:n5906,4383
streamspot:g556:n5932,4384
streamspot:g556:n5936,4385
streamspot:g556:n6174,4386
streamspot:g556:n6266,4387
streamspot:g556:n6409,4388
streamspot:g556:n647,4389
streamspot:g556:n6531,4390
streamspot:g556:n6583,4391
streamspot:g556:n6743,4392
streamspot:g556:n6795,4393
streamspot:g556:n6850,4394
streamspot:g556:n6961,4395
streamspot:g556:n7020,4396
streamspot:g556:n7138,4397
streamspot:g556:n7153,4398
streamspot:g556:n7160,4399
streamspot:g556:n7195,4400
streamspot:g556:n7241,4401
streamspot:g556:n7376,4402
streamspot:g556:n7395,4403
streamspot:g556:n7482,4404
streamspot:g556:n7499,4405
streamspot:g556:n7645,4406
streamspot:g556:n7794,4407
streamspot:g556:n825,4408
streamspot:g556:n8311,4409
streamspot:g556:n8427,4410
streamspot:g556:n8449,4411
streamspot:g556:n8488,4412
streamspot:g556:n8576,4413
streamspot:g556:n8637,4414
streamspot:g556:n8900,4415
streamspot:g556:n8920,4416
streamspot:g556:n947,4417
streamspot:g564:n0,4418
streamspot:g564:n1385,4419
streamspot:g564:n1431,4420
streamspot:g564:n1524,4421
streamspot:g564:n1585,4422
streamspot:g564:n1631,4423
streamspot:g564:n1666,4424
streamspot:g564:n2283,4425
streamspot:g564:n2299,4426
streamspot:g564:n2304,4427
streamspot:g564:n2306,4428
streamspot:g564:n2309,4429
streamspot:g564:n2369,4430
streamspot:g564:n2371,4431
streamspot:g564:n2375,4432
streamspot:g564:n2412,4433
streamspot:g564:n2432,4434
streamspot:g564:n2493,4435
streamspot:g564:n251,4436
streamspot:g564:n2513,4437
streamspot:g564:n2572,4438
streamspot:g564:n2578,4439
streamspot:g564:n2589,4440
streamspot:g564:n2600,4441
streamspot:g564:n2645,4442
streamspot:g564:n2661,4443
streamspot:g564:n2702,4444
streamspot:g564:n2739,4445
streamspot:g564:n2784,4446
streamspot:g564:n2810,4447
streamspot:g564:n3049,4448
streamspot:g564:n3092,4449
streamspot:g564:n3094,4450
streamspot:g564:n3236,4451
streamspot:g564:n3298,4452
streamspot:g564:n3317,4453
streamspot:g564:n3347,4454
streamspot:g564:n3451,4455
streamspot:g564:n3530,4456
streamspot:g564:n3578,4457
streamspot:g564:n3608,4458
streamspot:g564:n3639,4459
streamspot:g564:n3667,4460
streamspot:g564:n3672,4461
streamspot:g564:n3694,4462
streamspot:g564:n3710,4463
streamspot:g564:n3732,4464
streamspot:g564:n3786,4465
streamspot:g564:n3945,4466
streamspot:g564:n3970,4467
streamspot:g564:n4121,4468
streamspot:g564:n4144,4469
streamspot:g564:n4153,4470
streamspot:g564:n4155,4471
streamspot:g564:n4169,4472
streamspot:g564:n4184,4473
streamspot:g564:n4235,4474
streamspot:g564:n4322,4475
streamspot:g564:n4360,4476
streamspot:g564:n4397,4477
streamspot:g564:n4457,4478
streamspot:g564:n4466,4479
streamspot:g564:n4525,4480
streamspot:g564:n4675,4481
streamspot:g564:n4754,4482
streamspot:g564:n4839,4483
streamspot:g564:n4872,4484
streamspot:g564:n5029,4485
streamspot:g564:n5037,4486
streamspot:g564:n5102,4487
streamspot:g564:n5311,4488
streamspot:g564:n5333,4489
streamspot:g564:n5353,4490
streamspot:g564:n5391,4491
streamspot:g564:n5481,4492
streamspot:g564:n5824,4493
streamspot:g564:n5887,4494
streamspot:g564:n5904,4495
streamspot:g564:n5954,4496
streamspot:g564:n5967,4497
streamspot:g564:n6073,4498
streamspot:g564:n6148,4499
streamspot:g564:n6183,4500
streamspot:g564:n6192,4501
streamspot:g564:n6290,4502
streamspot:g564:n6325,4503
streamspot:g564:n6495,4504
streamspot:g564:n6527,4505
streamspot:g564:n6807,4506
streamspot:g564:n6849,4507
streamspot:g564:n6943,4508
streamspot:g564:n6962,4509
streamspot:g564:n701,4510
streamspot:g564:n7057,4511
streamspot:g564:n7076,4512
streamspot:g564:n7151,4513
streamspot:g564:n7168,4514
streamspot:g564:n7193,4515
streamspot:g564:n7203,4516
streamspot:g564:n7347,4517
streamspot:g564:n7371,4518
streamspot:g564:n7478,4519
streamspot:g564:n7546,4520
streamspot:g564:n7558,4521
streamspot:g564:n7652,4522
streamspot:g564:n7784,4523
streamspot:g564:n7943,4524
streamspot:g564:n8023,4525
streamspot:g564:n8093,4526
streamspot:g564:n8271,4527
streamspot:g564:n8484,4528
streamspot:g564:n8523,4529
streamspot:g564:n8608,4530
streamspot:g564:n8645,4531
streamspot:g564:n8800,4532
streamspot:g564:n8836,4533
