node_id,node_index
darpa_theia:n0,0
darpa_theia:n10003,1
darpa_theia:n100054,2
darpa_theia:n1001,3
darpa_theia:n100120,4
darpa_theia:n10020,5
darpa_theia:n100254,6
darpa_theia:n100273,7
darpa_theia:n100411,8
darpa_theia:n10047,9
darpa_theia:n10048,10
darpa_theia:n10049,11
darpa_theia:n100498,12
darpa_theia:n1005,13
darpa_theia:n10050,14
darpa_theia:n10051,15
darpa_theia:n10052,16
darpa_theia:n10053,17
darpa_theia:n10054,18
darpa_theia:n10055,19
darpa_theia:n100555,20
darpa_theia:n10056,21
darpa_theia:n100565,22
darpa_theia:n10057,23
darpa_theia:n10058,24
darpa_theia:n10059,25
darpa_theia:n100597,26
darpa_theia:n10060,27
darpa_theia:n10061,28
darpa_theia:n10062,29
darpa_theia:n10078,30
darpa_theia:n10079,31
darpa_theia:n10080,32
darpa_theia:n10083,33
darpa_theia:n10085,34
darpa_theia:n100857,35
darpa_theia:n100874,36
darpa_theia:n1009,37
darpa_theia:n100948,38
darpa_theia:n101,39
darpa_theia:n101057,40
darpa_theia:n101078,41
darpa_theia:n101109,42
darpa_theia:n101147,43
darpa_theia:n101280,44
darpa_theia:n1013,45
darpa_theia:n101418,46
darpa_theia:n101438,47
darpa_theia:n101574,48
darpa_theia:n101576,49
darpa_theia:n101583,50
darpa_theia:n101666,51
darpa_theia:n10168,52
darpa_theia:n101693,53
darpa_theia:n1017,54
darpa_theia:n10177,55
darpa_theia:n101785,56
darpa_theia:n101796,57
darpa_theia:n101805,58
darpa_theia:n101825,59
darpa_theia:n101831,60
darpa_theia:n101941,61
darpa_theia:n101971,62
darpa_theia:n102068,63
darpa_theia:n1021,64
darpa_theia:n102102,65
darpa_theia:n102142,66
darpa_theia:n102340,67
darpa_theia:n102352,68
darpa_theia:n102386,69
darpa_theia:n1025,70
darpa_theia:n102513,71
darpa_theia:n102589,72
darpa_theia:n102627,73
darpa_theia:n102713,74
darpa_theia:n102719,75
darpa_theia:n102787,76
darpa_theia:n102821,77
darpa_theia:n102858,78
darpa_theia:n102859,79
darpa_theia:n1029,80
darpa_theia:n102973,81
darpa_theia:n103009,82
darpa_theia:n103014,83
darpa_theia:n103046,84
darpa_theia:n103193,85
darpa_theia:n1032,86
darpa_theia:n1033,87
darpa_theia:n103417,88
darpa_theia:n103434,89
darpa_theia:n103447,90
darpa_theia:n103484,91
darpa_theia:n103502,92
darpa_theia:n103512,93
darpa_theia:n103515,94
darpa_theia:n103521,95
darpa_theia:n103542,96
darpa_theia:n103551,97
darpa_theia:n103567,98
darpa_theia:n103570,99
darpa_theia:n103589,100
darpa_theia:n103646,101
darpa_theia:n103653,102
darpa_theia:n103655,103
darpa_theia:n103677,104
darpa_theia:n103690,105
darpa_theia:n103693,106
darpa_theia:n1037,107
darpa_theia:n103736,108
darpa_theia:n103767,109
darpa_theia:n10380,110
darpa_theia:n103859,111
darpa_theia:n10388,112
darpa_theia:n103888,113
darpa_theia:n103928,114
darpa_theia:n103967,115
darpa_theia:n103993,116
darpa_theia:n104186,117
darpa_theia:n104215,118
darpa_theia:n1045,119
darpa_theia:n104575,120
darpa_theia:n104588,121
darpa_theia:n104709,122
darpa_theia:n104766,123
darpa_theia:n104813,124
darpa_theia:n1049,125
darpa_theia:n104986,126
darpa_theia:n105002,127
darpa_theia:n105007,128
darpa_theia:n105013,129
darpa_theia:n105039,130
darpa_theia:n105108,131
darpa_theia:n105204,132
darpa_theia:n105214,133
darpa_theia:n105233,134
darpa_theia:n105277,135
darpa_theia:n105299,136
darpa_theia:n1053,137
darpa_theia:n1057,138
darpa_theia:n10575,139
darpa_theia:n10577,140
darpa_theia:n105812,141
darpa_theia:n10589,142
darpa_theia:n105892,143
darpa_theia:n105899,144
darpa_theia:n10599,145
darpa_theia:n106085,146
darpa_theia:n1061,147
darpa_theia:n106148,148
darpa_theia:n106203,149
darpa_theia:n106233,150
darpa_theia:n106299,151
darpa_theia:n106394,152
darpa_theia:n106418,153
darpa_theia:n106480,154
darpa_theia:n1065,155
darpa_theia:n106676,156
darpa_theia:n106702,157
darpa_theia:n10673,158
darpa_theia:n106746,159
darpa_theia:n106750,160
darpa_theia:n106861,161
darpa_theia:n1069,162
darpa_theia:n106902,163
darpa_theia:n106929,164
darpa_theia:n106987,165
darpa_theia:n107044,166
darpa_theia:n107045,167
darpa_theia:n10716,168
darpa_theia:n10717,169
darpa_theia:n107260,170
darpa_theia:n1073,171
darpa_theia:n107317,172
darpa_theia:n107347,173
darpa_theia:n107378,174
darpa_theia:n107402,175
darpa_theia:n10744,176
darpa_theia:n107618,177
darpa_theia:n1077,178
darpa_theia:n107714,179
darpa_theia:n107829,180
darpa_theia:n107878,181
darpa_theia:n10800,182
darpa_theia:n108010,183
darpa_theia:n108068,184
darpa_theia:n108098,185
darpa_theia:n1081,186
darpa_theia:n10813,187
darpa_theia:n108142,188
darpa_theia:n108282,189
darpa_theia:n108349,190
darpa_theia:n108366,191
darpa_theia:n108370,192
darpa_theia:n10843,193
darpa_theia:n10844,194
darpa_theia:n108464,195
darpa_theia:n1085,196
darpa_theia:n108508,197
darpa_theia:n108639,198
darpa_theia:n108663,199
darpa_theia:n108713,200
darpa_theia:n10872,201
darpa_theia:n10873,202
darpa_theia:n10875,203
darpa_theia:n108838,204
darpa_theia:n108839,205
darpa_theia:n108846,206
darpa_theia:n108856,207
darpa_theia:n108860,208
darpa_theia:n108862,209
darpa_theia:n108897,210
darpa_theia:n1089,211
darpa_theia:n108916,212
darpa_theia:n108917,213
darpa_theia:n108920,214
darpa_theia:n108926,215
darpa_theia:n108947,216
darpa_theia:n108994,217
darpa_theia:n10903,218
darpa_theia:n109087,219
darpa_theia:n109097,220
darpa_theia:n10911,221
darpa_theia:n109128,222
darpa_theia:n109157,223
darpa_theia:n109306,224
darpa_theia:n109351,225
darpa_theia:n109428,226
darpa_theia:n109604,227
darpa_theia:n1097,228
darpa_theia:n109721,229
darpa_theia:n109745,230
darpa_theia:n109756,231
darpa_theia:n109844,232
darpa_theia:n109920,233
darpa_theia:n109949,234
darpa_theia:n11003,235
darpa_theia:n1101,236
darpa_theia:n11010,237
darpa_theia:n110254,238
darpa_theia:n1105,239
darpa_theia:n110605,240
darpa_theia:n110657,241
darpa_theia:n110744,242
darpa_theia:n110754,243
darpa_theia:n110802,244
darpa_theia:n11088,245
darpa_theia:n1109,246
darpa_theia:n110916,247
darpa_theia:n111150,248
darpa_theia:n111210,249
darpa_theia:n111294,250
darpa_theia:n1113,251
darpa_theia:n111306,252
darpa_theia:n111316,253
darpa_theia:n111423,254
darpa_theia:n11150,255
darpa_theia:n11151,256
darpa_theia:n111538,257
darpa_theia:n11158,258
darpa_theia:n111581,259
darpa_theia:n11159,260
darpa_theia:n111600,261
darpa_theia:n111615,262
darpa_theia:n11167,263
darpa_theia:n1117,264
darpa_theia:n111713,265
darpa_theia:n111881,266
darpa_theia:n111917,267
darpa_theia:n11209,268
darpa_theia:n1121,269
darpa_theia:n11210,270
darpa_theia:n112152,271
darpa_theia:n11216,272
darpa_theia:n1123,273
darpa_theia:n112335,274
darpa_theia:n11234,275
darpa_theia:n11236,276
darpa_theia:n112399,277
darpa_theia:n11240,278
darpa_theia:n112425,279
darpa_theia:n11247,280
darpa_theia:n112471,281
darpa_theia:n112693,282
darpa_theia:n112722,283
darpa_theia:n112725,284
darpa_theia:n112736,285
darpa_theia:n11276,286
darpa_theia:n1128,287
darpa_theia:n11282,288
darpa_theia:n11290,289
darpa_theia:n112935,290
darpa_theia:n11295,291
darpa_theia:n112965,292
darpa_theia:n112984,293
darpa_theia:n113049,294
darpa_theia:n113116,295
darpa_theia:n11315,296
darpa_theia:n113180,297
darpa_theia:n113184,298
darpa_theia:n1132,299
darpa_theia:n113204,300
darpa_theia:n113245,301
darpa_theia:n113246,302
darpa_theia:n113256,303
darpa_theia:n113262,304
darpa_theia:n113263,305
darpa_theia:n113341,306
darpa_theia:n11342,307
darpa_theia:n11344,308
darpa_theia:n113444,309
darpa_theia:n113456,310
darpa_theia:n11346,311
darpa_theia:n113475,312
darpa_theia:n113476,313
darpa_theia:n11348,314
darpa_theia:n113499,315
darpa_theia:n113509,316
darpa_theia:n11351,317
darpa_theia:n113521,318
darpa_theia:n113525,319
darpa_theia:n113587,320
darpa_theia:n1136,321
darpa_theia:n11361,322
darpa_theia:n11362,323
darpa_theia:n11363,324
darpa_theia:n113638,325
darpa_theia:n113641,326
darpa_theia:n11372,327
darpa_theia:n11376,328
darpa_theia:n11377,329
darpa_theia:n11383,330
darpa_theia:n11387,331
darpa_theia:n11388,332
darpa_theia:n113898,333
darpa_theia:n113900,334
darpa_theia:n11391,335
darpa_theia:n11392,336
darpa_theia:n11395,337
darpa_theia:n113957,338
darpa_theia:n113961,339
darpa_theia:n11398,340
darpa_theia:n11399,341
darpa_theia:n1140,342
darpa_theia:n11400,343
darpa_theia:n114003,344
darpa_theia:n114019,345
darpa_theia:n114031,346
darpa_theia:n114127,347
darpa_theia:n114152,348
darpa_theia:n114219,349
darpa_theia:n1144,350
darpa_theia:n114447,351
darpa_theia:n114495,352
darpa_theia:n114686,353
darpa_theia:n11479,354
darpa_theia:n1148,355
darpa_theia:n114817,356
darpa_theia:n114826,357
darpa_theia:n114940,358
darpa_theia:n114953,359
darpa_theia:n114962,360
darpa_theia:n115045,361
darpa_theia:n11519,362
darpa_theia:n1152,363
darpa_theia:n115218,364
darpa_theia:n115298,365
darpa_theia:n115338,366
darpa_theia:n115450,367
darpa_theia:n115510,368
darpa_theia:n115532,369
darpa_theia:n115564,370
darpa_theia:n115576,371
darpa_theia:n11579,372
darpa_theia:n115818,373
darpa_theia:n115821,374
darpa_theia:n11599,375
darpa_theia:n116,376
darpa_theia:n116069,377
darpa_theia:n116080,378
darpa_theia:n11612,379
darpa_theia:n116160,380
darpa_theia:n11619,381
darpa_theia:n116309,382
darpa_theia:n116330,383
darpa_theia:n116398,384
darpa_theia:n116399,385
darpa_theia:n1164,386
darpa_theia:n116419,387
darpa_theia:n116450,388
darpa_theia:n116504,389
darpa_theia:n116511,390
darpa_theia:n11659,391
darpa_theia:n11660,392
darpa_theia:n11663,393
darpa_theia:n11664,394
darpa_theia:n11666,395
darpa_theia:n11667,396
darpa_theia:n11668,397
darpa_theia:n11670,398
darpa_theia:n11671,399
darpa_theia:n11673,400
darpa_theia:n116752,401
darpa_theia:n11678,402
darpa_theia:n11683,403
darpa_theia:n11688,404
darpa_theia:n116996,405
darpa_theia:n1170,406
darpa_theia:n117001,407
darpa_theia:n117003,408
darpa_theia:n117076,409
darpa_theia:n1171,410
darpa_theia:n117134,411
darpa_theia:n117137,412
darpa_theia:n117145,413
darpa_theia:n11716,414
darpa_theia:n117206,415
darpa_theia:n117226,416
darpa_theia:n117227,417
darpa_theia:n117292,418
darpa_theia:n1173,419
darpa_theia:n117347,420
darpa_theia:n117493,421
darpa_theia:n117541,422
darpa_theia:n11759,423
darpa_theia:n11761,424
darpa_theia:n11762,425
darpa_theia:n117694,426
darpa_theia:n11771,427
darpa_theia:n117720,428
darpa_theia:n11773,429
darpa_theia:n11780,430
darpa_theia:n11781,431
darpa_theia:n11783,432
darpa_theia:n11784,433
darpa_theia:n11785,434
darpa_theia:n1179,435
darpa_theia:n11790,436
darpa_theia:n11792,437
darpa_theia:n11793,438
darpa_theia:n11796,439
darpa_theia:n11797,440
darpa_theia:n1180,441
darpa_theia:n11801,442
darpa_theia:n11803,443
darpa_theia:n11804,444
darpa_theia:n11806,445
darpa_theia:n11807,446
darpa_theia:n11809,447
darpa_theia:n1181,448
darpa_theia:n11813,449
darpa_theia:n118132,450
darpa_theia:n11814,451
darpa_theia:n11815,452
darpa_theia:n11819,453
darpa_theia:n11820,454
darpa_theia:n11829,455
darpa_theia:n11834,456
darpa_theia:n11835,457
darpa_theia:n11837,458
darpa_theia:n118388,459
darpa_theia:n118401,460
darpa_theia:n11842,461
darpa_theia:n118424,462
darpa_theia:n11843,463
darpa_theia:n11846,464
darpa_theia:n1185,465
darpa_theia:n11850,466
darpa_theia:n1187,467
darpa_theia:n118779,468
darpa_theia:n118799,469
darpa_theia:n118844,470
darpa_theia:n118848,471
darpa_theia:n118973,472
darpa_theia:n119060,473
darpa_theia:n119106,474
darpa_theia:n119151,475
darpa_theia:n119153,476
darpa_theia:n119156,477
darpa_theia:n119159,478
darpa_theia:n119190,479
darpa_theia:n119211,480
darpa_theia:n119287,481
darpa_theia:n119304,482
darpa_theia:n119342,483
darpa_theia:n119397,484
darpa_theia:n1194,485
darpa_theia:n119436,486
darpa_theia:n1196,487
darpa_theia:n119618,488
darpa_theia:n11963,489
darpa_theia:n119675,490
darpa_theia:n119696,491
darpa_theia:n1197,492
darpa_theia:n119771,493
darpa_theia:n119842,494
darpa_theia:n119893,495
darpa_theia:n1199,496
darpa_theia:n119997,497
darpa_theia:n120096,498
darpa_theia:n120170,499
darpa_theia:n120179,500
darpa_theia:n120191,501
darpa_theia:n120227,502
darpa_theia:n120304,503
darpa_theia:n120326,504
darpa_theia:n120372,505
darpa_theia:n1204,506
darpa_theia:n120417,507
darpa_theia:n120422,508
darpa_theia:n120481,509
darpa_theia:n120514,510
darpa_theia:n120544,511
darpa_theia:n120705,512
darpa_theia:n120752,513
darpa_theia:n120776,514
darpa_theia:n1208,515
darpa_theia:n120931,516
darpa_theia:n1211,517
darpa_theia:n121250,518
darpa_theia:n121336,519
darpa_theia:n121347,520
darpa_theia:n121351,521
darpa_theia:n1215,522
darpa_theia:n121565,523
darpa_theia:n121586,524
darpa_theia:n121606,525
darpa_theia:n121754,526
darpa_theia:n121792,527
darpa_theia:n121811,528
darpa_theia:n121829,529
darpa_theia:n12183,530
darpa_theia:n1219,531
darpa_theia:n12203,532
darpa_theia:n122094,533
darpa_theia:n122123,534
darpa_theia:n122125,535
darpa_theia:n122193,536
darpa_theia:n122292,537
darpa_theia:n122297,538
darpa_theia:n1223,539
darpa_theia:n12235,540
darpa_theia:n122671,541
darpa_theia:n1227,542
darpa_theia:n122752,543
darpa_theia:n122757,544
darpa_theia:n12283,545
darpa_theia:n122875,546
darpa_theia:n122931,547
darpa_theia:n122970,548
darpa_theia:n123,549
darpa_theia:n123063,550
darpa_theia:n123068,551
darpa_theia:n1231,552
darpa_theia:n123151,553
darpa_theia:n123158,554
darpa_theia:n123164,555
darpa_theia:n123228,556
darpa_theia:n123241,557
darpa_theia:n123319,558
darpa_theia:n123353,559
darpa_theia:n12341,560
darpa_theia:n123413,561
darpa_theia:n123425,562
darpa_theia:n12344,563
darpa_theia:n123441,564
darpa_theia:n123443,565
darpa_theia:n123448,566
darpa_theia:n12345,567
darpa_theia:n123475,568
darpa_theia:n123480,569
darpa_theia:n123487,570
darpa_theia:n123497,571
darpa_theia:n123499,572
darpa_theia:n123532,573
darpa_theia:n123550,574
darpa_theia:n123630,575
darpa_theia:n123645,576
darpa_theia:n1237,577
darpa_theia:n123703,578
darpa_theia:n123724,579
darpa_theia:n123725,580
darpa_theia:n123729,581
darpa_theia:n123741,582
darpa_theia:n123758,583
darpa_theia:n123767,584
darpa_theia:n12387,585
darpa_theia:n123883,586
darpa_theia:n123892,587
darpa_theia:n1239,588
darpa_theia:n1240,589
darpa_theia:n124074,590
darpa_theia:n124152,591
darpa_theia:n124166,592
darpa_theia:n12417,593
darpa_theia:n124179,594
darpa_theia:n12427,595
darpa_theia:n12432,596
darpa_theia:n124382,597
darpa_theia:n1244,598
darpa_theia:n124405,599
darpa_theia:n124477,600
darpa_theia:n124489,601
darpa_theia:n124539,602
darpa_theia:n1246,603
darpa_theia:n124609,604
darpa_theia:n124651,605
darpa_theia:n124659,606
darpa_theia:n124660,607
darpa_theia:n124707,608
darpa_theia:n124749,609
darpa_theia:n124764,610
darpa_theia:n1248,611
darpa_theia:n12482,612
darpa_theia:n124934,613
darpa_theia:n12494,614
darpa_theia:n125013,615
darpa_theia:n125059,616
darpa_theia:n125145,617
darpa_theia:n125155,618
darpa_theia:n1252,619
darpa_theia:n125217,620
darpa_theia:n125248,621
darpa_theia:n125329,622
darpa_theia:n12534,623
darpa_theia:n12536,624
darpa_theia:n125397,625
darpa_theia:n125476,626
darpa_theia:n125519,627
darpa_theia:n125573,628
darpa_theia:n125585,629
darpa_theia:n1256,630
darpa_theia:n125644,631
darpa_theia:n125747,632
darpa_theia:n1258,633
darpa_theia:n125830,634
darpa_theia:n125897,635
darpa_theia:n125904,636
darpa_theia:n12601,637
darpa_theia:n126089,638
darpa_theia:n1261,639
darpa_theia:n12617,640
darpa_theia:n126183,641
darpa_theia:n126212,642
darpa_theia:n126215,643
darpa_theia:n126280,644
darpa_theia:n126306,645
darpa_theia:n12631,646
darpa_theia:n12637,647
darpa_theia:n126431,648
darpa_theia:n126478,649
darpa_theia:n126550,650
darpa_theia:n126576,651
darpa_theia:n126604,652
darpa_theia:n126619,653
darpa_theia:n126702,654
darpa_theia:n126808,655
darpa_theia:n126845,656
darpa_theia:n127003,657
darpa_theia:n127120,658
darpa_theia:n12716,659
darpa_theia:n12725,660
darpa_theia:n127300,661
darpa_theia:n12731,662
darpa_theia:n127425,663
darpa_theia:n12745,664
darpa_theia:n1275,665
darpa_theia:n12759,666
darpa_theia:n12763,667
darpa_theia:n127636,668
darpa_theia:n127684,669
darpa_theia:n127717,670
darpa_theia:n1279,671
darpa_theia:n127904,672
darpa_theia:n127965,673
darpa_theia:n128054,674
darpa_theia:n128113,675
darpa_theia:n128147,676
darpa_theia:n128196,677
darpa_theia:n128197,678
darpa_theia:n128249,679
darpa_theia:n128260,680
darpa_theia:n128276,681
darpa_theia:n1283,682
darpa_theia:n128308,683
darpa_theia:n128343,684
darpa_theia:n128438,685
darpa_theia:n128587,686
darpa_theia:n128589,687
darpa_theia:n128607,688
darpa_theia:n128641,689
darpa_theia:n128668,690
darpa_theia:n128674,691
darpa_theia:n128685,692
darpa_theia:n1287,693
darpa_theia:n128781,694
darpa_theia:n128786,695
darpa_theia:n128815,696
darpa_theia:n128844,697
darpa_theia:n128850,698
darpa_theia:n128872,699
darpa_theia:n128890,700
darpa_theia:n128901,701
darpa_theia:n128925,702
darpa_theia:n128930,703
darpa_theia:n128933,704
darpa_theia:n128954,705
darpa_theia:n129006,706
darpa_theia:n129187,707
darpa_theia:n129270,708
darpa_theia:n1293,709
darpa_theia:n129320,710
darpa_theia:n129642,711
darpa_theia:n1297,712
darpa_theia:n129711,713
darpa_theia:n129747,714
darpa_theia:n129762,715
darpa_theia:n13,716
darpa_theia:n130136,717
darpa_theia:n130242,718
darpa_theia:n130332,719
darpa_theia:n130351,720
darpa_theia:n1304,721
darpa_theia:n130423,722
darpa_theia:n130550,723
darpa_theia:n130624,724
darpa_theia:n130670,725
darpa_theia:n130729,726
darpa_theia:n130738,727
darpa_theia:n130759,728
darpa_theia:n1308,729
darpa_theia:n130902,730
darpa_theia:n130923,731
darpa_theia:n130942,732
darpa_theia:n131000,733
darpa_theia:n131211,734
darpa_theia:n131326,735
darpa_theia:n131491,736
darpa_theia:n131576,737
darpa_theia:n131670,738
darpa_theia:n131722,739
darpa_theia:n131847,740
darpa_theia:n131907,741
darpa_theia:n132029,742
darpa_theia:n132085,743
darpa_theia:n132285,744
darpa_theia:n132302,745
darpa_theia:n132603,746
darpa_theia:n132672,747
darpa_theia:n132734,748
darpa_theia:n132763,749
darpa_theia:n132814,750
darpa_theia:n132863,751
darpa_theia:n132880,752
darpa_theia:n132884,753
darpa_theia:n13290,754
darpa_theia:n132988,755
darpa_theia:n133,756
darpa_theia:n133083,757
darpa_theia:n133196,758
darpa_theia:n133357,759
darpa_theia:n133486,760
darpa_theia:n133709,761
darpa_theia:n133928,762
darpa_theia:n133943,763
darpa_theia:n133993,764
darpa_theia:n134004,765
darpa_theia:n134006,766
darpa_theia:n13402,767
darpa_theia:n134032,768
darpa_theia:n134080,769
darpa_theia:n134091,770
darpa_theia:n134151,771
darpa_theia:n134155,772
darpa_theia:n13417,773
darpa_theia:n134202,774
darpa_theia:n134306,775
darpa_theia:n134344,776
darpa_theia:n134354,777
darpa_theia:n134421,778
darpa_theia:n134446,779
darpa_theia:n134501,780
darpa_theia:n134695,781
darpa_theia:n1347,782
darpa_theia:n134721,783
darpa_theia:n134770,784
darpa_theia:n134792,785
darpa_theia:n134824,786
darpa_theia:n134845,787
darpa_theia:n134912,788
darpa_theia:n134966,789
darpa_theia:n134982,790
darpa_theia:n1350,791
darpa_theia:n13500,792
darpa_theia:n135017,793
darpa_theia:n135044,794
darpa_theia:n135052,795
darpa_theia:n13508,796
darpa_theia:n135149,797
darpa_theia:n135151,798
darpa_theia:n135160,799
darpa_theia:n135217,800
darpa_theia:n135332,801
darpa_theia:n135442,802
darpa_theia:n13555,803
darpa_theia:n135627,804
darpa_theia:n135654,805
darpa_theia:n135671,806
darpa_theia:n135680,807
darpa_theia:n135690,808
darpa_theia:n135801,809
darpa_theia:n135942,810
darpa_theia:n13598,811
darpa_theia:n1360,812
darpa_theia:n136003,813
darpa_theia:n136014,814
darpa_theia:n136034,815
darpa_theia:n136048,816
darpa_theia:n136049,817
darpa_theia:n136117,818
darpa_theia:n136169,819
darpa_theia:n136318,820
darpa_theia:n136342,821
darpa_theia:n136444,822
darpa_theia:n1365,823
darpa_theia:n136661,824
darpa_theia:n1367,825
darpa_theia:n136715,826
darpa_theia:n136716,827
darpa_theia:n136725,828
darpa_theia:n136782,829
darpa_theia:n1369,830
darpa_theia:n1370,831
darpa_theia:n137019,832
darpa_theia:n137052,833
darpa_theia:n137230,834
darpa_theia:n137262,835
darpa_theia:n137279,836
darpa_theia:n137336,837
darpa_theia:n137385,838
darpa_theia:n137499,839
darpa_theia:n13750,840
darpa_theia:n13761,841
darpa_theia:n137734,842
darpa_theia:n137745,843
darpa_theia:n137798,844
darpa_theia:n1378,845
darpa_theia:n137807,846
darpa_theia:n137819,847
darpa_theia:n137843,848
darpa_theia:n137866,849
darpa_theia:n137888,850
darpa_theia:n1379,851
darpa_theia:n138058,852
darpa_theia:n138119,853
darpa_theia:n138149,854
darpa_theia:n13818,855
darpa_theia:n138216,856
darpa_theia:n138239,857
darpa_theia:n138286,858
darpa_theia:n138320,859
darpa_theia:n138397,860
darpa_theia:n13840,861
darpa_theia:n138413,862
darpa_theia:n138416,863
darpa_theia:n1385,864
darpa_theia:n138504,865
darpa_theia:n138534,866
darpa_theia:n138543,867
darpa_theia:n138568,868
darpa_theia:n138680,869
darpa_theia:n138691,870
darpa_theia:n138740,871
darpa_theia:n138792,872
darpa_theia:n138794,873
darpa_theia:n138800,874
darpa_theia:n138807,875
darpa_theia:n138817,876
darpa_theia:n138914,877
darpa_theia:n138919,878
darpa_theia:n138943,879
darpa_theia:n138950,880
darpa_theia:n139125,881
darpa_theia:n13917,882
darpa_theia:n13919,883
darpa_theia:n139278,884
darpa_theia:n139334,885
darpa_theia:n13934,886
darpa_theia:n13939,887
darpa_theia:n139404,888
darpa_theia:n139432,889
darpa_theia:n13945,890
darpa_theia:n139515,891
darpa_theia:n139526,892
darpa_theia:n139571,893
darpa_theia:n139573,894
darpa_theia:n139599,895
darpa_theia:n139609,896
darpa_theia:n139614,897
darpa_theia:n139709,898
darpa_theia:n139795,899
darpa_theia:n139947,900
darpa_theia:n139949,901
darpa_theia:n139959,902
darpa_theia:n140122,903
darpa_theia:n140139,904
darpa_theia:n14019,905
darpa_theia:n14021,906
darpa_theia:n140213,907
darpa_theia:n14039,908
darpa_theia:n14048,909
darpa_theia:n140493,910
darpa_theia:n140498,911
darpa_theia:n140513,912
darpa_theia:n140605,913
darpa_theia:n140652,914
darpa_theia:n140656,915
darpa_theia:n140851,916
darpa_theia:n141002,917
darpa_theia:n141013,918
darpa_theia:n141087,919
darpa_theia:n141094,920
darpa_theia:n141096,921
darpa_theia:n141109,922
darpa_theia:n141158,923
darpa_theia:n141227,924
darpa_theia:n141305,925
darpa_theia:n141309,926
darpa_theia:n141337,927
darpa_theia:n141346,928
darpa_theia:n141364,929
darpa_theia:n141369,930
darpa_theia:n141400,931
darpa_theia:n141419,932
darpa_theia:n141458,933
darpa_theia:n141543,934
darpa_theia:n141558,935
darpa_theia:n14160,936
darpa_theia:n141646,937
darpa_theia:n141743,938
darpa_theia:n141764,939
darpa_theia:n141774,940
darpa_theia:n141802,941
darpa_theia:n141808,942
darpa_theia:n141838,943
darpa_theia:n14187,944
darpa_theia:n142003,945
darpa_theia:n142115,946
darpa_theia:n142142,947
darpa_theia:n142251,948
darpa_theia:n14228,949
darpa_theia:n142287,950
darpa_theia:n14229,951
darpa_theia:n14238,952
darpa_theia:n142394,953
darpa_theia:n142439,954
darpa_theia:n14248,955
darpa_theia:n142491,956
darpa_theia:n142516,957
darpa_theia:n14254,958
darpa_theia:n14258,959
darpa_theia:n14263,960
darpa_theia:n14266,961
darpa_theia:n1427,962
darpa_theia:n14278,963
darpa_theia:n1428,964
darpa_theia:n142844,965
darpa_theia:n142897,966
darpa_theia:n1429,967
darpa_theia:n14290,968
darpa_theia:n143,969
darpa_theia:n1430,970
darpa_theia:n143022,971
darpa_theia:n143142,972
darpa_theia:n143183,973
darpa_theia:n143209,974
darpa_theia:n143339,975
darpa_theia:n143345,976
darpa_theia:n1434,977
darpa_theia:n143424,978
darpa_theia:n143426,979
darpa_theia:n143481,980
darpa_theia:n1435,981
darpa_theia:n143509,982
darpa_theia:n143510,983
darpa_theia:n143537,984
darpa_theia:n143542,985
darpa_theia:n143621,986
darpa_theia:n143625,987
darpa_theia:n143635,988
darpa_theia:n143638,989
darpa_theia:n143641,990
darpa_theia:n143691,991
darpa_theia:n143776,992
darpa_theia:n143781,993
darpa_theia:n143888,994
darpa_theia:n143899,995
darpa_theia:n1439,996
darpa_theia:n143916,997
darpa_theia:n143924,998
darpa_theia:n143930,999
darpa_theia:n143987,1000
darpa_theia:n144015,1001
darpa_theia:n144063,1002
darpa_theia:n144125,1003
darpa_theia:n144168,1004
darpa_theia:n144195,1005
darpa_theia:n144196,1006
darpa_theia:n144197,1007
darpa_theia:n144211,1008
darpa_theia:n144226,1009
darpa_theia:n144239,1010
darpa_theia:n144251,1011
darpa_theia:n1443,1012
darpa_theia:n144320,1013
darpa_theia:n144325,1014
darpa_theia:n144388,1015
darpa_theia:n1444,1016
darpa_theia:n144429,1017
darpa_theia:n144488,1018
darpa_theia:n144489,1019
darpa_theia:n144508,1020
darpa_theia:n144519,1021
darpa_theia:n14457,1022
darpa_theia:n144587,1023
darpa_theia:n14461,1024
darpa_theia:n144686,1025
darpa_theia:n1447,1026
darpa_theia:n144728,1027
darpa_theia:n144761,1028
darpa_theia:n144792,1029
darpa_theia:n144796,1030
darpa_theia:n144852,1031
darpa_theia:n144860,1032
darpa_theia:n144880,1033
darpa_theia:n144885,1034
darpa_theia:n1449,1035
darpa_theia:n144911,1036
darpa_theia:n144916,1037
darpa_theia:n145,1038
darpa_theia:n145091,1039
darpa_theia:n145131,1040
darpa_theia:n145133,1041
darpa_theia:n145144,1042
darpa_theia:n145214,1043
darpa_theia:n145229,1044
darpa_theia:n145265,1045
darpa_theia:n1453,1046
darpa_theia:n145386,1047
darpa_theia:n145393,1048
darpa_theia:n145462,1049
darpa_theia:n145464,1050
darpa_theia:n145506,1051
darpa_theia:n145510,1052
darpa_theia:n1456,1053
darpa_theia:n145636,1054
darpa_theia:n145665,1055
darpa_theia:n145675,1056
darpa_theia:n145679,1057
darpa_theia:n145687,1058
darpa_theia:n145763,1059
darpa_theia:n1458,1060
darpa_theia:n145833,1061
darpa_theia:n145841,1062
darpa_theia:n145847,1063
darpa_theia:n145889,1064
darpa_theia:n1459,1065
darpa_theia:n145900,1066
darpa_theia:n145903,1067
darpa_theia:n145917,1068
darpa_theia:n145973,1069
darpa_theia:n145974,1070
darpa_theia:n1461,1071
darpa_theia:n146113,1072
darpa_theia:n146116,1073
darpa_theia:n146123,1074
darpa_theia:n1462,1075
darpa_theia:n146253,1076
darpa_theia:n146267,1077
darpa_theia:n146268,1078
darpa_theia:n1463,1079
darpa_theia:n146323,1080
darpa_theia:n146330,1081
darpa_theia:n1464,1082
darpa_theia:n146402,1083
darpa_theia:n146409,1084
darpa_theia:n146476,1085
darpa_theia:n146502,1086
darpa_theia:n1466,1087
darpa_theia:n146605,1088
darpa_theia:n146671,1089
darpa_theia:n146683,1090
darpa_theia:n146697,1091
darpa_theia:n1467,1092
darpa_theia:n146707,1093
darpa_theia:n146730,1094
darpa_theia:n146736,1095
darpa_theia:n146739,1096
darpa_theia:n14674,1097
darpa_theia:n1468,1098
darpa_theia:n146879,1099
darpa_theia:n146890,1100
darpa_theia:n1469,1101
darpa_theia:n146959,1102
darpa_theia:n146975,1103
darpa_theia:n146997,1104
darpa_theia:n146998,1105
darpa_theia:n146999,1106
darpa_theia:n1470,1107
darpa_theia:n147002,1108
darpa_theia:n147079,1109
darpa_theia:n147119,1110
darpa_theia:n147198,1111
darpa_theia:n1472,1112
darpa_theia:n147224,1113
darpa_theia:n147257,1114
darpa_theia:n147297,1115
darpa_theia:n1473,1116
darpa_theia:n147306,1117
darpa_theia:n147396,1118
darpa_theia:n1474,1119
darpa_theia:n147403,1120
darpa_theia:n147436,1121
darpa_theia:n147527,1122
darpa_theia:n147559,1123
darpa_theia:n147566,1124
darpa_theia:n147573,1125
darpa_theia:n147585,1126
darpa_theia:n1476,1127
darpa_theia:n147620,1128
darpa_theia:n147624,1129
darpa_theia:n147629,1130
darpa_theia:n147636,1131
darpa_theia:n147651,1132
darpa_theia:n147663,1133
darpa_theia:n147667,1134
darpa_theia:n147678,1135
darpa_theia:n1477,1136
darpa_theia:n147714,1137
darpa_theia:n147727,1138
darpa_theia:n147737,1139
darpa_theia:n147754,1140
darpa_theia:n147758,1141
darpa_theia:n1478,1142
darpa_theia:n147804,1143
darpa_theia:n147814,1144
darpa_theia:n147933,1145
darpa_theia:n147998,1146
darpa_theia:n1480,1147
darpa_theia:n148047,1148
darpa_theia:n1481,1149
darpa_theia:n148138,1150
darpa_theia:n148174,1151
darpa_theia:n148180,1152
darpa_theia:n148182,1153
darpa_theia:n1482,1154
darpa_theia:n148207,1155
darpa_theia:n148261,1156
darpa_theia:n148266,1157
darpa_theia:n148347,1158
darpa_theia:n148356,1159
darpa_theia:n1484,1160
darpa_theia:n148403,1161
darpa_theia:n148406,1162
darpa_theia:n148417,1163
darpa_theia:n148428,1164
darpa_theia:n148431,1165
darpa_theia:n148433,1166
darpa_theia:n148437,1167
darpa_theia:n148487,1168
darpa_theia:n148490,1169
darpa_theia:n1485,1170
darpa_theia:n148571,1171
darpa_theia:n148584,1172
darpa_theia:n148599,1173
darpa_theia:n148605,1174
darpa_theia:n148641,1175
darpa_theia:n14871,1176
darpa_theia:n148711,1177
darpa_theia:n148781,1178
darpa_theia:n148795,1179
darpa_theia:n1488,1180
darpa_theia:n148802,1181
darpa_theia:n148809,1182
darpa_theia:n148816,1183
darpa_theia:n1489,1184
darpa_theia:n148963,1185
darpa_theia:n14899,1186
darpa_theia:n1490,1187
darpa_theia:n149006,1188
darpa_theia:n14904,1189
darpa_theia:n149049,1190
darpa_theia:n149051,1191
darpa_theia:n1491,1192
darpa_theia:n149187,1193
darpa_theia:n149192,1194
darpa_theia:n1492,1195
darpa_theia:n149204,1196
darpa_theia:n149230,1197
darpa_theia:n149273,1198
darpa_theia:n149298,1199
darpa_theia:n149398,1200
darpa_theia:n149400,1201
darpa_theia:n149407,1202
darpa_theia:n149422,1203
darpa_theia:n14948,1204
darpa_theia:n1495,1205
darpa_theia:n149505,1206
darpa_theia:n149525,1207
darpa_theia:n149527,1208
darpa_theia:n1496,1209
darpa_theia:n14960,1210
darpa_theia:n149607,1211
darpa_theia:n14961,1212
darpa_theia:n149667,1213
darpa_theia:n1497,1214
darpa_theia:n14974,1215
darpa_theia:n149748,1216
darpa_theia:n149749,1217
darpa_theia:n149773,1218
darpa_theia:n149846,1219
darpa_theia:n149858,1220
darpa_theia:n1499,1221
darpa_theia:n150025,1222
darpa_theia:n150065,1223
darpa_theia:n150070,1224
darpa_theia:n150077,1225
darpa_theia:n1502,1226
darpa_theia:n1503,1227
darpa_theia:n150339,1228
darpa_theia:n1504,1229
darpa_theia:n1505,1230
darpa_theia:n150534,1231
darpa_theia:n150559,1232
darpa_theia:n1506,1233
darpa_theia:n150650,1234
darpa_theia:n150678,1235
darpa_theia:n150691,1236
darpa_theia:n150711,1237
darpa_theia:n150831,1238
darpa_theia:n150896,1239
darpa_theia:n150918,1240
darpa_theia:n150935,1241
darpa_theia:n1510,1242
darpa_theia:n1511,1243
darpa_theia:n151109,1244
darpa_theia:n15116,1245
darpa_theia:n151182,1246
darpa_theia:n1512,1247
darpa_theia:n15128,1248
darpa_theia:n1513,1249
darpa_theia:n1514,1250
darpa_theia:n151401,1251
darpa_theia:n151420,1252
darpa_theia:n151451,1253
darpa_theia:n151529,1254
darpa_theia:n1516,1255
darpa_theia:n151699,1256
darpa_theia:n1517,1257
darpa_theia:n151767,1258
darpa_theia:n151789,1259
darpa_theia:n1518,1260
darpa_theia:n151805,1261
darpa_theia:n151849,1262
darpa_theia:n1519,1263
darpa_theia:n152083,1264
darpa_theia:n152137,1265
darpa_theia:n152198,1266
darpa_theia:n152293,1267
darpa_theia:n1523,1268
darpa_theia:n152308,1269
darpa_theia:n152328,1270
darpa_theia:n152332,1271
darpa_theia:n152426,1272
darpa_theia:n152428,1273
darpa_theia:n1525,1274
darpa_theia:n152524,1275
darpa_theia:n15255,1276
darpa_theia:n152622,1277
darpa_theia:n152624,1278
darpa_theia:n152626,1279
darpa_theia:n152649,1280
darpa_theia:n15267,1281
darpa_theia:n152672,1282
darpa_theia:n152676,1283
darpa_theia:n1527,1284
darpa_theia:n152766,1285
darpa_theia:n152772,1286
darpa_theia:n1529,1287
darpa_theia:n1530,1288
darpa_theia:n1531,1289
darpa_theia:n153105,1290
darpa_theia:n15311,1291
darpa_theia:n153129,1292
darpa_theia:n153208,1293
darpa_theia:n15323,1294
darpa_theia:n15325,1295
darpa_theia:n153250,1296
darpa_theia:n153300,1297
darpa_theia:n15338,1298
darpa_theia:n153482,1299
darpa_theia:n153524,1300
darpa_theia:n153571,1301
darpa_theia:n153577,1302
darpa_theia:n153699,1303
darpa_theia:n1537,1304
darpa_theia:n153734,1305
darpa_theia:n153823,1306
darpa_theia:n153855,1307
darpa_theia:n153886,1308
darpa_theia:n153891,1309
darpa_theia:n1539,1310
darpa_theia:n154034,1311
darpa_theia:n154083,1312
darpa_theia:n1541,1313
darpa_theia:n154150,1314
darpa_theia:n154154,1315
darpa_theia:n154291,1316
darpa_theia:n1543,1317
darpa_theia:n154303,1318
darpa_theia:n154312,1319
darpa_theia:n15437,1320
darpa_theia:n154372,1321
darpa_theia:n154418,1322
darpa_theia:n15443,1323
darpa_theia:n154470,1324
darpa_theia:n15451,1325
darpa_theia:n154557,1326
darpa_theia:n154626,1327
darpa_theia:n15463,1328
darpa_theia:n154652,1329
darpa_theia:n154682,1330
darpa_theia:n154726,1331
darpa_theia:n154738,1332
darpa_theia:n154739,1333
darpa_theia:n154746,1334
darpa_theia:n154753,1335
darpa_theia:n154783,1336
darpa_theia:n15479,1337
darpa_theia:n154801,1338
darpa_theia:n15493,1339
darpa_theia:n15496,1340
darpa_theia:n154969,1341
darpa_theia:n154982,1342
darpa_theia:n155006,1343
darpa_theia:n155034,1344
darpa_theia:n155038,1345
darpa_theia:n155359,1346
darpa_theia:n155366,1347
darpa_theia:n155485,1348
darpa_theia:n155495,1349
darpa_theia:n155546,1350
darpa_theia:n155563,1351
darpa_theia:n155598,1352
darpa_theia:n155638,1353
darpa_theia:n155668,1354
darpa_theia:n155739,1355
darpa_theia:n155762,1356
darpa_theia:n15577,1357
darpa_theia:n155785,1358
darpa_theia:n155923,1359
darpa_theia:n155924,1360
darpa_theia:n155978,1361
darpa_theia:n155991,1362
darpa_theia:n156022,1363
darpa_theia:n1561,1364
darpa_theia:n156106,1365
darpa_theia:n156109,1366
darpa_theia:n156125,1367
darpa_theia:n156130,1368
darpa_theia:n156270,1369
darpa_theia:n156283,1370
darpa_theia:n156350,1371
darpa_theia:n156403,1372
darpa_theia:n1565,1373
darpa_theia:n156502,1374
darpa_theia:n156533,1375
darpa_theia:n156572,1376
darpa_theia:n156596,1377
darpa_theia:n15689,1378
darpa_theia:n156901,1379
darpa_theia:n156922,1380
darpa_theia:n156940,1381
darpa_theia:n1570,1382
darpa_theia:n157114,1383
darpa_theia:n157148,1384
darpa_theia:n157192,1385
darpa_theia:n157214,1386
darpa_theia:n157246,1387
darpa_theia:n157337,1388
darpa_theia:n157338,1389
darpa_theia:n157412,1390
darpa_theia:n157438,1391
darpa_theia:n157448,1392
darpa_theia:n157458,1393
darpa_theia:n157471,1394
darpa_theia:n157485,1395
darpa_theia:n157538,1396
darpa_theia:n157609,1397
darpa_theia:n15788,1398
darpa_theia:n157978,1399
darpa_theia:n15800,1400
darpa_theia:n158028,1401
darpa_theia:n158038,1402
darpa_theia:n158091,1403
darpa_theia:n158102,1404
darpa_theia:n158124,1405
darpa_theia:n158178,1406
darpa_theia:n15828,1407
darpa_theia:n158323,1408
darpa_theia:n158326,1409
darpa_theia:n15834,1410
darpa_theia:n158409,1411
darpa_theia:n158444,1412
darpa_theia:n158517,1413
darpa_theia:n158598,1414
darpa_theia:n158600,1415
darpa_theia:n158694,1416
darpa_theia:n158812,1417
darpa_theia:n159012,1418
darpa_theia:n159096,1419
darpa_theia:n159191,1420
darpa_theia:n15926,1421
darpa_theia:n159332,1422
darpa_theia:n159395,1423
darpa_theia:n159507,1424
darpa_theia:n159606,1425
darpa_theia:n159655,1426
darpa_theia:n159735,1427
darpa_theia:n159771,1428
darpa_theia:n159874,1429
darpa_theia:n159926,1430
darpa_theia:n15997,1431
darpa_theia:n160053,1432
darpa_theia:n16012,1433
darpa_theia:n160144,1434
darpa_theia:n160182,1435
darpa_theia:n160290,1436
darpa_theia:n160338,1437
darpa_theia:n160408,1438
darpa_theia:n160512,1439
darpa_theia:n160578,1440
darpa_theia:n160733,1441
darpa_theia:n160738,1442
darpa_theia:n160775,1443
darpa_theia:n160938,1444
darpa_theia:n160951,1445
darpa_theia:n161043,1446
darpa_theia:n161086,1447
darpa_theia:n161128,1448
darpa_theia:n16125,1449
darpa_theia:n16130,1450
darpa_theia:n161397,1451
darpa_theia:n161399,1452
darpa_theia:n161420,1453
darpa_theia:n161459,1454
darpa_theia:n16146,1455
darpa_theia:n161678,1456
darpa_theia:n161685,1457
darpa_theia:n161687,1458
darpa_theia:n161728,1459
darpa_theia:n161729,1460
darpa_theia:n161744,1461
darpa_theia:n161759,1462
darpa_theia:n161858,1463
darpa_theia:n162149,1464
darpa_theia:n162168,1465
darpa_theia:n162177,1466
darpa_theia:n162223,1467
darpa_theia:n162297,1468
darpa_theia:n1623,1469
darpa_theia:n16244,1470
darpa_theia:n16246,1471
darpa_theia:n162489,1472
darpa_theia:n162536,1473
darpa_theia:n162567,1474
darpa_theia:n1626,1475
darpa_theia:n162750,1476
darpa_theia:n162761,1477
darpa_theia:n162818,1478
darpa_theia:n162824,1479
darpa_theia:n162851,1480
darpa_theia:n162865,1481
darpa_theia:n162918,1482
darpa_theia:n162929,1483
darpa_theia:n163001,1484
darpa_theia:n163008,1485
darpa_theia:n163045,1486
darpa_theia:n16326,1487
darpa_theia:n163264,1488
darpa_theia:n163305,1489
darpa_theia:n163307,1490
darpa_theia:n163353,1491
darpa_theia:n163361,1492
darpa_theia:n163389,1493
darpa_theia:n163396,1494
darpa_theia:n163398,1495
darpa_theia:n1634,1496
darpa_theia:n163412,1497
darpa_theia:n163464,1498
darpa_theia:n163573,1499
darpa_theia:n163731,1500
darpa_theia:n163758,1501
darpa_theia:n163955,1502
darpa_theia:n164133,1503
darpa_theia:n1642,1504
darpa_theia:n16426,1505
darpa_theia:n164309,1506
darpa_theia:n16444,1507
darpa_theia:n16446,1508
darpa_theia:n164520,1509
darpa_theia:n164544,1510
darpa_theia:n164568,1511
darpa_theia:n164579,1512
darpa_theia:n16458,1513
darpa_theia:n164680,1514
darpa_theia:n1647,1515
darpa_theia:n164700,1516
darpa_theia:n16487,1517
darpa_theia:n164925,1518
darpa_theia:n16506,1519
darpa_theia:n16508,1520
darpa_theia:n165154,1521
darpa_theia:n165171,1522
darpa_theia:n165222,1523
darpa_theia:n165379,1524
darpa_theia:n165393,1525
darpa_theia:n165431,1526
darpa_theia:n165437,1527
darpa_theia:n165480,1528
darpa_theia:n165493,1529
darpa_theia:n165561,1530
darpa_theia:n165613,1531
darpa_theia:n165662,1532
darpa_theia:n165715,1533
darpa_theia:n165782,1534
darpa_theia:n16585,1535
darpa_theia:n165850,1536
darpa_theia:n16589,1537
darpa_theia:n166041,1538
darpa_theia:n166045,1539
darpa_theia:n166161,1540
darpa_theia:n166288,1541
darpa_theia:n166357,1542
darpa_theia:n166394,1543
darpa_theia:n166419,1544
darpa_theia:n1665,1545
darpa_theia:n166540,1546
darpa_theia:n166593,1547
darpa_theia:n166636,1548
darpa_theia:n166644,1549
darpa_theia:n166650,1550
darpa_theia:n166743,1551
darpa_theia:n1668,1552
darpa_theia:n166838,1553
darpa_theia:n166848,1554
darpa_theia:n166858,1555
darpa_theia:n1669,1556
darpa_theia:n166954,1557
darpa_theia:n167080,1558
darpa_theia:n1671,1559
darpa_theia:n167106,1560
darpa_theia:n167131,1561
darpa_theia:n167163,1562
darpa_theia:n1673,1563
darpa_theia:n167460,1564
darpa_theia:n167779,1565
darpa_theia:n16784,1566
darpa_theia:n16788,1567
darpa_theia:n167894,1568
darpa_theia:n1679,1569
darpa_theia:n167901,1570
darpa_theia:n167946,1571
darpa_theia:n168033,1572
darpa_theia:n1681,1573
darpa_theia:n168131,1574
darpa_theia:n168156,1575
darpa_theia:n1682,1576
darpa_theia:n168225,1577
darpa_theia:n168233,1578
darpa_theia:n168253,1579
darpa_theia:n168263,1580
darpa_theia:n168267,1581
darpa_theia:n168271,1582
darpa_theia:n168278,1583
darpa_theia:n168327,1584
darpa_theia:n1684,1585
darpa_theia:n168451,1586
darpa_theia:n168545,1587
darpa_theia:n168603,1588
darpa_theia:n168791,1589
darpa_theia:n168816,1590
darpa_theia:n168886,1591
darpa_theia:n168897,1592
darpa_theia:n1689,1593
darpa_theia:n168948,1594
darpa_theia:n168951,1595
darpa_theia:n169058,1596
darpa_theia:n169179,1597
darpa_theia:n169188,1598
darpa_theia:n1692,1599
darpa_theia:n169228,1600
darpa_theia:n169239,1601
darpa_theia:n1693,1602
darpa_theia:n16934,1603
darpa_theia:n16943,1604
darpa_theia:n169619,1605
darpa_theia:n16962,1606
darpa_theia:n169647,1607
darpa_theia:n169656,1608
darpa_theia:n169659,1609
darpa_theia:n169692,1610
darpa_theia:n169729,1611
darpa_theia:n169732,1612
darpa_theia:n169781,1613
darpa_theia:n169832,1614
darpa_theia:n169853,1615
darpa_theia:n16989,1616
darpa_theia:n169954,1617
darpa_theia:n170046,1618
darpa_theia:n170049,1619
darpa_theia:n170097,1620
darpa_theia:n170115,1621
darpa_theia:n170123,1622
darpa_theia:n170137,1623
darpa_theia:n170140,1624
darpa_theia:n170147,1625
darpa_theia:n1702,1626
darpa_theia:n170201,1627
darpa_theia:n170221,1628
darpa_theia:n170249,1629
darpa_theia:n1703,1630
darpa_theia:n170334,1631
darpa_theia:n170382,1632
darpa_theia:n170388,1633
darpa_theia:n17060,1634
darpa_theia:n170615,1635
darpa_theia:n170646,1636
darpa_theia:n1708,1637
darpa_theia:n170867,1638
darpa_theia:n1709,1639
darpa_theia:n170931,1640
darpa_theia:n170959,1641
darpa_theia:n171015,1642
darpa_theia:n171021,1643
darpa_theia:n171092,1644
darpa_theia:n1711,1645
darpa_theia:n171114,1646
darpa_theia:n171133,1647
darpa_theia:n171147,1648
darpa_theia:n171247,1649
darpa_theia:n171317,1650
darpa_theia:n171420,1651
darpa_theia:n171441,1652
darpa_theia:n171469,1653
darpa_theia:n1715,1654
darpa_theia:n171559,1655
darpa_theia:n171594,1656
darpa_theia:n171718,1657
darpa_theia:n171740,1658
darpa_theia:n171763,1659
darpa_theia:n171848,1660
darpa_theia:n171952,1661
darpa_theia:n171967,1662
darpa_theia:n171999,1663
darpa_theia:n172021,1664
darpa_theia:n172234,1665
darpa_theia:n1723,1666
darpa_theia:n172434,1667
darpa_theia:n17249,1668
darpa_theia:n17251,1669
darpa_theia:n172599,1670
darpa_theia:n172609,1671
darpa_theia:n172671,1672
darpa_theia:n1727,1673
darpa_theia:n172769,1674
darpa_theia:n172771,1675
darpa_theia:n172895,1676
darpa_theia:n17293,1677
darpa_theia:n172949,1678
darpa_theia:n17296,1679
darpa_theia:n1731,1680
darpa_theia:n173171,1681
darpa_theia:n173265,1682
darpa_theia:n173434,1683
darpa_theia:n173451,1684
darpa_theia:n173462,1685
darpa_theia:n173464,1686
darpa_theia:n1735,1687
darpa_theia:n173501,1688
darpa_theia:n17360,1689
darpa_theia:n173642,1690
darpa_theia:n173781,1691
darpa_theia:n173796,1692
darpa_theia:n173822,1693
darpa_theia:n173831,1694
darpa_theia:n17388,1695
darpa_theia:n1739,1696
darpa_theia:n17395,1697
darpa_theia:n174075,1698
darpa_theia:n174094,1699
darpa_theia:n174108,1700
darpa_theia:n174114,1701
darpa_theia:n174160,1702
darpa_theia:n174166,1703
darpa_theia:n174177,1704
darpa_theia:n174259,1705
darpa_theia:n174361,1706
darpa_theia:n174368,1707
darpa_theia:n174422,1708
darpa_theia:n174465,1709
darpa_theia:n174478,1710
darpa_theia:n174499,1711
darpa_theia:n174601,1712
darpa_theia:n174639,1713
darpa_theia:n174640,1714
darpa_theia:n174679,1715
darpa_theia:n174685,1716
darpa_theia:n1747,1717
darpa_theia:n174717,1718
darpa_theia:n174737,1719
darpa_theia:n174764,1720
darpa_theia:n174775,1721
darpa_theia:n174789,1722
darpa_theia:n174877,1723
darpa_theia:n17488,1724
darpa_theia:n175111,1725
darpa_theia:n175264,1726
darpa_theia:n175451,1727
darpa_theia:n17558,1728
darpa_theia:n175636,1729
darpa_theia:n175706,1730
darpa_theia:n17572,1731
darpa_theia:n175756,1732
darpa_theia:n17580,1733
darpa_theia:n175860,1734
darpa_theia:n1760,1735
darpa_theia:n176034,1736
darpa_theia:n176055,1737
darpa_theia:n176098,1738
darpa_theia:n1762,1739
darpa_theia:n176326,1740
darpa_theia:n176348,1741
darpa_theia:n1764,1742
darpa_theia:n176424,1743
darpa_theia:n176434,1744
darpa_theia:n176499,1745
darpa_theia:n176516,1746
darpa_theia:n176546,1747
darpa_theia:n176572,1748
darpa_theia:n176611,1749
darpa_theia:n176619,1750
darpa_theia:n176632,1751
darpa_theia:n176647,1752
darpa_theia:n176673,1753
darpa_theia:n176822,1754
darpa_theia:n176902,1755
darpa_theia:n177136,1756
darpa_theia:n177204,1757
darpa_theia:n177208,1758
darpa_theia:n177380,1759
darpa_theia:n177394,1760
darpa_theia:n17740,1761
darpa_theia:n177422,1762
darpa_theia:n17745,1763
darpa_theia:n177466,1764
darpa_theia:n1775,1765
darpa_theia:n177501,1766
darpa_theia:n177552,1767
darpa_theia:n17768,1768
darpa_theia:n177728,1769
darpa_theia:n177770,1770
darpa_theia:n177773,1771
darpa_theia:n177807,1772
darpa_theia:n17781,1773
darpa_theia:n177938,1774
darpa_theia:n17796,1775
darpa_theia:n178006,1776
darpa_theia:n178010,1777
darpa_theia:n17803,1778
darpa_theia:n178082,1779
darpa_theia:n178099,1780
darpa_theia:n1781,1781
darpa_theia:n178155,1782
darpa_theia:n1782,1783
darpa_theia:n178261,1784
darpa_theia:n178271,1785
darpa_theia:n178438,1786
darpa_theia:n178507,1787
darpa_theia:n178547,1788
darpa_theia:n178637,1789
darpa_theia:n178650,1790
darpa_theia:n17866,1791
darpa_theia:n178744,1792
darpa_theia:n17878,1793
darpa_theia:n178802,1794
darpa_theia:n178883,1795
darpa_theia:n178893,1796
darpa_theia:n178908,1797
darpa_theia:n178909,1798
darpa_theia:n1790,1799
darpa_theia:n179155,1800
darpa_theia:n179229,1801
darpa_theia:n179252,1802
darpa_theia:n179253,1803
darpa_theia:n179262,1804
darpa_theia:n179264,1805
darpa_theia:n179285,1806
darpa_theia:n179398,1807
darpa_theia:n1794,1808
darpa_theia:n179420,1809
darpa_theia:n179433,1810
darpa_theia:n17950,1811
darpa_theia:n179556,1812
darpa_theia:n179628,1813
darpa_theia:n17978,1814
darpa_theia:n179801,1815
darpa_theia:n179802,1816
darpa_theia:n179826,1817
darpa_theia:n179850,1818
darpa_theia:n179864,1819
darpa_theia:n179865,1820
darpa_theia:n179878,1821
darpa_theia:n17992,1822
darpa_theia:n180,1823
darpa_theia:n1800,1824
darpa_theia:n180098,1825
darpa_theia:n180154,1826
darpa_theia:n180189,1827
darpa_theia:n180250,1828
darpa_theia:n180285,1829
darpa_theia:n180315,1830
darpa_theia:n180320,1831
darpa_theia:n180375,1832
darpa_theia:n180428,1833
darpa_theia:n180475,1834
darpa_theia:n1805,1835
darpa_theia:n1806,1836
darpa_theia:n180602,1837
darpa_theia:n180648,1838
darpa_theia:n1807,1839
darpa_theia:n180724,1840
darpa_theia:n180732,1841
darpa_theia:n180740,1842
darpa_theia:n180884,1843
darpa_theia:n1809,1844
darpa_theia:n18090,1845
darpa_theia:n180919,1846
darpa_theia:n180935,1847
darpa_theia:n180941,1848
darpa_theia:n180960,1849
darpa_theia:n180993,1850
darpa_theia:n180994,1851
darpa_theia:n1810,1852
darpa_theia:n181004,1853
darpa_theia:n1811,1854
darpa_theia:n181188,1855
darpa_theia:n181247,1856
darpa_theia:n18133,1857
darpa_theia:n1814,1858
darpa_theia:n181465,1859
darpa_theia:n181577,1860
darpa_theia:n181587,1861
darpa_theia:n181589,1862
darpa_theia:n181616,1863
darpa_theia:n181662,1864
darpa_theia:n181723,1865
darpa_theia:n181750,1866
darpa_theia:n181782,1867
darpa_theia:n181974,1868
darpa_theia:n182111,1869
darpa_theia:n182122,1870
darpa_theia:n182142,1871
darpa_theia:n182181,1872
darpa_theia:n1822,1873
darpa_theia:n182201,1874
darpa_theia:n182203,1875
darpa_theia:n182215,1876
darpa_theia:n182266,1877
darpa_theia:n18228,1878
darpa_theia:n182309,1879
darpa_theia:n182340,1880
darpa_theia:n182405,1881
darpa_theia:n182415,1882
darpa_theia:n182418,1883
darpa_theia:n182424,1884
darpa_theia:n182432,1885
darpa_theia:n182492,1886
darpa_theia:n182535,1887
darpa_theia:n18256,1888
darpa_theia:n182609,1889
darpa_theia:n182612,1890
darpa_theia:n182614,1891
darpa_theia:n182624,1892
darpa_theia:n182660,1893
darpa_theia:n182814,1894
darpa_theia:n182820,1895
darpa_theia:n183,1896
darpa_theia:n183056,1897
darpa_theia:n183077,1898
darpa_theia:n18314,1899
darpa_theia:n18325,1900
darpa_theia:n183303,1901
darpa_theia:n183317,1902
darpa_theia:n18332,1903
darpa_theia:n183358,1904
darpa_theia:n183378,1905
darpa_theia:n18341,1906
darpa_theia:n183505,1907
darpa_theia:n183689,1908
darpa_theia:n183774,1909
darpa_theia:n183789,1910
darpa_theia:n183886,1911
darpa_theia:n183897,1912
darpa_theia:n183924,1913
darpa_theia:n183928,1914
darpa_theia:n184,1915
darpa_theia:n1840,1916
darpa_theia:n184009,1917
darpa_theia:n184118,1918
darpa_theia:n184208,1919
darpa_theia:n184220,1920
darpa_theia:n18426,1921
darpa_theia:n184282,1922
darpa_theia:n184292,1923
darpa_theia:n18434,1924
darpa_theia:n184375,1925
darpa_theia:n184421,1926
darpa_theia:n1845,1927
darpa_theia:n184550,1928
darpa_theia:n184553,1929
darpa_theia:n184609,1930
darpa_theia:n184623,1931
darpa_theia:n184658,1932
darpa_theia:n184824,1933
darpa_theia:n184835,1934
darpa_theia:n184839,1935
darpa_theia:n184849,1936
darpa_theia:n184853,1937
darpa_theia:n184866,1938
darpa_theia:n184874,1939
darpa_theia:n184945,1940
darpa_theia:n184970,1941
darpa_theia:n184983,1942
darpa_theia:n185032,1943
darpa_theia:n185176,1944
darpa_theia:n185263,1945
darpa_theia:n185265,1946
darpa_theia:n18532,1947
darpa_theia:n185326,1948
darpa_theia:n185375,1949
darpa_theia:n185405,1950
darpa_theia:n185448,1951
darpa_theia:n185462,1952
darpa_theia:n185543,1953
darpa_theia:n18573,1954
darpa_theia:n185774,1955
darpa_theia:n185788,1956
darpa_theia:n185836,1957
darpa_theia:n185905,1958
darpa_theia:n18593,1959
darpa_theia:n185930,1960
darpa_theia:n186,1961
darpa_theia:n186040,1962
darpa_theia:n186061,1963
darpa_theia:n186464,1964
darpa_theia:n186546,1965
darpa_theia:n186677,1966
darpa_theia:n186825,1967
darpa_theia:n186874,1968
darpa_theia:n186892,1969
darpa_theia:n18692,1970
darpa_theia:n186937,1971
darpa_theia:n187247,1972
darpa_theia:n1873,1973
darpa_theia:n187509,1974
darpa_theia:n187654,1975
darpa_theia:n187655,1976
darpa_theia:n1877,1977
darpa_theia:n187737,1978
darpa_theia:n187750,1979
darpa_theia:n187889,1980
darpa_theia:n187923,1981
darpa_theia:n188131,1982
darpa_theia:n1883,1983
darpa_theia:n188422,1984
darpa_theia:n188604,1985
darpa_theia:n18872,1986
darpa_theia:n188877,1987
darpa_theia:n189179,1988
darpa_theia:n189925,1989
darpa_theia:n189982,1990
darpa_theia:n190019,1991
darpa_theia:n190303,1992
darpa_theia:n190305,1993
darpa_theia:n190316,1994
darpa_theia:n190390,1995
darpa_theia:n190401,1996
darpa_theia:n190409,1997
darpa_theia:n190413,1998
darpa_theia:n19050,1999
darpa_theia:n190501,2000
darpa_theia:n190513,2001
darpa_theia:n190516,2002
darpa_theia:n190630,2003
darpa_theia:n190644,2004
darpa_theia:n190676,2005
darpa_theia:n190745,2006
darpa_theia:n190803,2007
darpa_theia:n190974,2008
darpa_theia:n190992,2009
darpa_theia:n190999,2010
darpa_theia:n191,2011
darpa_theia:n191003,2012
darpa_theia:n191032,2013
darpa_theia:n191076,2014
darpa_theia:n19110,2015
darpa_theia:n19122,2016
darpa_theia:n191404,2017
darpa_theia:n19150,2018
darpa_theia:n191691,2019
darpa_theia:n191816,2020
darpa_theia:n19190,2021
darpa_theia:n192,2022
darpa_theia:n192283,2023
darpa_theia:n1925,2024
darpa_theia:n192665,2025
darpa_theia:n193123,2026
darpa_theia:n193165,2027
darpa_theia:n193264,2028
darpa_theia:n193368,2029
darpa_theia:n19345,2030
darpa_theia:n19362,2031
darpa_theia:n1937,2032
darpa_theia:n193960,2033
darpa_theia:n19399,2034
darpa_theia:n194,2035
darpa_theia:n19403,2036
darpa_theia:n19405,2037
darpa_theia:n194125,2038
darpa_theia:n19414,2039
darpa_theia:n194159,2040
darpa_theia:n194194,2041
darpa_theia:n1944,2042
darpa_theia:n19451,2043
darpa_theia:n19466,2044
darpa_theia:n194669,2045
darpa_theia:n19478,2046
darpa_theia:n195,2047
darpa_theia:n195154,2048
darpa_theia:n19524,2049
darpa_theia:n195259,2050
darpa_theia:n195494,2051
darpa_theia:n195734,2052
darpa_theia:n19575,2053
darpa_theia:n196,2054
darpa_theia:n196046,2055
darpa_theia:n196057,2056
darpa_theia:n196263,2057
darpa_theia:n1963,2058
darpa_theia:n19735,2059
darpa_theia:n19741,2060
darpa_theia:n197563,2061
darpa_theia:n197698,2062
darpa_theia:n197753,2063
darpa_theia:n197927,2064
darpa_theia:n19806,2065
darpa_theia:n19812,2066
darpa_theia:n198227,2067
darpa_theia:n198729,2068
darpa_theia:n198742,2069
darpa_theia:n198780,2070
darpa_theia:n198824,2071
darpa_theia:n198871,2072
darpa_theia:n199,2073
darpa_theia:n199233,2074
darpa_theia:n19934,2075
darpa_theia:n19945,2076
darpa_theia:n199453,2077
darpa_theia:n199641,2078
darpa_theia:n199648,2079
darpa_theia:n199660,2080
darpa_theia:n199686,2081
darpa_theia:n199687,2082
darpa_theia:n199702,2083
darpa_theia:n199731,2084
darpa_theia:n199745,2085
darpa_theia:n199902,2086
darpa_theia:n200487,2087
darpa_theia:n200747,2088
darpa_theia:n2010,2089
darpa_theia:n201094,2090
darpa_theia:n201100,2091
darpa_theia:n201148,2092
darpa_theia:n201207,2093
darpa_theia:n201220,2094
darpa_theia:n201270,2095
darpa_theia:n201272,2096
darpa_theia:n201294,2097
darpa_theia:n201302,2098
darpa_theia:n201396,2099
darpa_theia:n201409,2100
darpa_theia:n201488,2101
darpa_theia:n201774,2102
darpa_theia:n202198,2103
darpa_theia:n202218,2104
darpa_theia:n202224,2105
darpa_theia:n202238,2106
darpa_theia:n202315,2107
darpa_theia:n202321,2108
darpa_theia:n202339,2109
darpa_theia:n202397,2110
darpa_theia:n202411,2111
darpa_theia:n202437,2112
darpa_theia:n202558,2113
darpa_theia:n202565,2114
darpa_theia:n202570,2115
darpa_theia:n202571,2116
darpa_theia:n202609,2117
darpa_theia:n202615,2118
darpa_theia:n202631,2119
darpa_theia:n202646,2120
darpa_theia:n202650,2121
darpa_theia:n202658,2122
darpa_theia:n202699,2123
darpa_theia:n202710,2124
darpa_theia:n202750,2125
darpa_theia:n2028,2126
darpa_theia:n202807,2127
darpa_theia:n202843,2128
darpa_theia:n202871,2129
darpa_theia:n202879,2130
darpa_theia:n202884,2131
darpa_theia:n2029,2132
darpa_theia:n2030,2133
darpa_theia:n203072,2134
darpa_theia:n203163,2135
darpa_theia:n203175,2136
darpa_theia:n203216,2137
darpa_theia:n203236,2138
darpa_theia:n20326,2139
darpa_theia:n203292,2140
darpa_theia:n20340,2141
darpa_theia:n20342,2142
darpa_theia:n20368,2143
darpa_theia:n203701,2144
darpa_theia:n203723,2145
darpa_theia:n203783,2146
darpa_theia:n203873,2147
darpa_theia:n2039,2148
darpa_theia:n20396,2149
darpa_theia:n20405,2150
darpa_theia:n20438,2151
darpa_theia:n20443,2152
darpa_theia:n20466,2153
darpa_theia:n20468,2154
darpa_theia:n204699,2155
darpa_theia:n204743,2156
darpa_theia:n204752,2157
darpa_theia:n20480,2158
darpa_theia:n20492,2159
darpa_theia:n204920,2160
darpa_theia:n20493,2161
darpa_theia:n2052,2162
darpa_theia:n205227,2163
darpa_theia:n205239,2164
darpa_theia:n2053,2165
darpa_theia:n205351,2166
darpa_theia:n205372,2167
darpa_theia:n205390,2168
darpa_theia:n205410,2169
darpa_theia:n20551,2170
darpa_theia:n206055,2171
darpa_theia:n206074,2172
darpa_theia:n206107,2173
darpa_theia:n206193,2174
darpa_theia:n206220,2175
darpa_theia:n206263,2176
darpa_theia:n206276,2177
darpa_theia:n206296,2178
darpa_theia:n206298,2179
darpa_theia:n206356,2180
darpa_theia:n206389,2181
darpa_theia:n206506,2182
darpa_theia:n206584,2183
darpa_theia:n20674,2184
darpa_theia:n20678,2185
darpa_theia:n20689,2186
darpa_theia:n2071,2187
darpa_theia:n20717,2188
darpa_theia:n207227,2189
darpa_theia:n20723,2190
darpa_theia:n207267,2191
darpa_theia:n207284,2192
darpa_theia:n20732,2193
darpa_theia:n207344,2194
darpa_theia:n20739,2195
darpa_theia:n207446,2196
darpa_theia:n207471,2197
darpa_theia:n207486,2198
darpa_theia:n2075,2199
darpa_theia:n207507,2200
darpa_theia:n207541,2201
darpa_theia:n207561,2202
darpa_theia:n207862,2203
darpa_theia:n207976,2204
darpa_theia:n207989,2205
darpa_theia:n20818,2206
darpa_theia:n208266,2207
darpa_theia:n208368,2208
darpa_theia:n208459,2209
darpa_theia:n208506,2210
darpa_theia:n208575,2211
darpa_theia:n208624,2212
darpa_theia:n208740,2213
darpa_theia:n208762,2214
darpa_theia:n20884,2215
darpa_theia:n208856,2216
darpa_theia:n208896,2217
darpa_theia:n2089,2218
darpa_theia:n20890,2219
darpa_theia:n209000,2220
darpa_theia:n209024,2221
darpa_theia:n209041,2222
darpa_theia:n209112,2223
darpa_theia:n209116,2224
darpa_theia:n209148,2225
darpa_theia:n20931,2226
darpa_theia:n20936,2227
darpa_theia:n209373,2228
darpa_theia:n209441,2229
darpa_theia:n20952,2230
darpa_theia:n209566,2231
darpa_theia:n209727,2232
darpa_theia:n209754,2233
darpa_theia:n209768,2234
darpa_theia:n209790,2235
darpa_theia:n209794,2236
darpa_theia:n209849,2237
darpa_theia:n210013,2238
darpa_theia:n21013,2239
darpa_theia:n210137,2240
darpa_theia:n210219,2241
darpa_theia:n210423,2242
darpa_theia:n210483,2243
darpa_theia:n210487,2244
darpa_theia:n210585,2245
darpa_theia:n210668,2246
darpa_theia:n21070,2247
darpa_theia:n21072,2248
darpa_theia:n210816,2249
darpa_theia:n210903,2250
darpa_theia:n210917,2251
darpa_theia:n211035,2252
darpa_theia:n211044,2253
darpa_theia:n211072,2254
darpa_theia:n211118,2255
darpa_theia:n211259,2256
darpa_theia:n211266,2257
darpa_theia:n211267,2258
darpa_theia:n211287,2259
darpa_theia:n21132,2260
darpa_theia:n211543,2261
darpa_theia:n211569,2262
darpa_theia:n2116,2263
darpa_theia:n2117,2264
darpa_theia:n211828,2265
darpa_theia:n211912,2266
darpa_theia:n21192,2267
darpa_theia:n21199,2268
darpa_theia:n21202,2269
darpa_theia:n212070,2270
darpa_theia:n212078,2271
darpa_theia:n212152,2272
darpa_theia:n212269,2273
darpa_theia:n21232,2274
darpa_theia:n212345,2275
darpa_theia:n212568,2276
darpa_theia:n212903,2277
darpa_theia:n21292,2278
darpa_theia:n212927,2279
darpa_theia:n213196,2280
darpa_theia:n2132,2281
darpa_theia:n213231,2282
darpa_theia:n213269,2283
darpa_theia:n213353,2284
darpa_theia:n213537,2285
darpa_theia:n213539,2286
darpa_theia:n213592,2287
darpa_theia:n2136,2288
darpa_theia:n213632,2289
darpa_theia:n213650,2290
darpa_theia:n21371,2291
darpa_theia:n21375,2292
darpa_theia:n213792,2293
darpa_theia:n21380,2294
darpa_theia:n213925,2295
darpa_theia:n213938,2296
darpa_theia:n214065,2297
darpa_theia:n214084,2298
darpa_theia:n21411,2299
darpa_theia:n214174,2300
darpa_theia:n214187,2301
darpa_theia:n214197,2302
darpa_theia:n2142,2303
darpa_theia:n214256,2304
darpa_theia:n214286,2305
darpa_theia:n214310,2306
darpa_theia:n214337,2307
darpa_theia:n214358,2308
darpa_theia:n2145,2309
darpa_theia:n214506,2310
darpa_theia:n214509,2311
darpa_theia:n214532,2312
darpa_theia:n2146,2313
darpa_theia:n214658,2314
darpa_theia:n214680,2315
darpa_theia:n214783,2316
darpa_theia:n2148,2317
darpa_theia:n214852,2318
darpa_theia:n2149,2319
darpa_theia:n21490,2320
darpa_theia:n214906,2321
darpa_theia:n21497,2322
darpa_theia:n215073,2323
darpa_theia:n215135,2324
darpa_theia:n215372,2325
darpa_theia:n2154,2326
darpa_theia:n215412,2327
darpa_theia:n215428,2328
darpa_theia:n215435,2329
darpa_theia:n215563,2330
darpa_theia:n215673,2331
darpa_theia:n215675,2332
darpa_theia:n215699,2333
darpa_theia:n21570,2334
darpa_theia:n215710,2335
darpa_theia:n21576,2336
darpa_theia:n215815,2337
darpa_theia:n215837,2338
darpa_theia:n215854,2339
darpa_theia:n215866,2340
darpa_theia:n215888,2341
darpa_theia:n215917,2342
darpa_theia:n2160,2343
darpa_theia:n216112,2344
darpa_theia:n21630,2345
darpa_theia:n216303,2346
darpa_theia:n216305,2347
darpa_theia:n21631,2348
darpa_theia:n21636,2349
darpa_theia:n2164,2350
darpa_theia:n216459,2351
darpa_theia:n216472,2352
darpa_theia:n21650,2353
darpa_theia:n216591,2354
darpa_theia:n21662,2355
darpa_theia:n216900,2356
darpa_theia:n216943,2357
darpa_theia:n216950,2358
darpa_theia:n217,2359
darpa_theia:n217081,2360
darpa_theia:n217151,2361
darpa_theia:n217443,2362
darpa_theia:n217516,2363
darpa_theia:n217518,2364
darpa_theia:n217593,2365
darpa_theia:n217595,2366
darpa_theia:n217629,2367
darpa_theia:n217659,2368
darpa_theia:n217814,2369
darpa_theia:n217879,2370
darpa_theia:n217919,2371
darpa_theia:n21818,2372
darpa_theia:n218182,2373
darpa_theia:n218221,2374
darpa_theia:n21829,2375
darpa_theia:n218337,2376
darpa_theia:n218367,2377
darpa_theia:n218394,2378
darpa_theia:n218482,2379
darpa_theia:n21856,2380
darpa_theia:n21858,2381
darpa_theia:n218601,2382
darpa_theia:n218610,2383
darpa_theia:n218622,2384
darpa_theia:n21865,2385
darpa_theia:n21877,2386
darpa_theia:n218842,2387
darpa_theia:n218849,2388
darpa_theia:n21892,2389
darpa_theia:n218922,2390
darpa_theia:n218930,2391
darpa_theia:n219064,2392
darpa_theia:n219117,2393
darpa_theia:n219347,2394
darpa_theia:n219389,2395
darpa_theia:n219505,2396
darpa_theia:n219512,2397
darpa_theia:n219622,2398
darpa_theia:n219855,2399
darpa_theia:n219948,2400
darpa_theia:n219976,2401
darpa_theia:n219991,2402
darpa_theia:n220067,2403
darpa_theia:n220074,2404
darpa_theia:n220150,2405
darpa_theia:n220203,2406
darpa_theia:n220238,2407
darpa_theia:n22027,2408
darpa_theia:n220321,2409
darpa_theia:n220418,2410
darpa_theia:n220429,2411
darpa_theia:n220528,2412
darpa_theia:n220538,2413
darpa_theia:n220556,2414
darpa_theia:n220666,2415
darpa_theia:n220750,2416
darpa_theia:n220786,2417
darpa_theia:n22081,2418
darpa_theia:n220841,2419
darpa_theia:n220864,2420
darpa_theia:n220977,2421
darpa_theia:n221112,2422
darpa_theia:n221134,2423
darpa_theia:n2212,2424
darpa_theia:n221205,2425
darpa_theia:n221282,2426
darpa_theia:n221323,2427
darpa_theia:n221416,2428
darpa_theia:n22147,2429
darpa_theia:n221524,2430
darpa_theia:n221570,2431
darpa_theia:n22163,2432
darpa_theia:n22165,2433
darpa_theia:n221843,2434
darpa_theia:n22191,2435
darpa_theia:n221918,2436
darpa_theia:n221955,2437
darpa_theia:n222087,2438
darpa_theia:n22212,2439
darpa_theia:n222217,2440
darpa_theia:n222380,2441
darpa_theia:n2224,2442
darpa_theia:n222439,2443
darpa_theia:n222455,2444
darpa_theia:n222461,2445
darpa_theia:n222582,2446
darpa_theia:n222592,2447
darpa_theia:n2226,2448
darpa_theia:n222787,2449
darpa_theia:n222812,2450
darpa_theia:n222841,2451
darpa_theia:n222843,2452
darpa_theia:n222854,2453
darpa_theia:n222897,2454
darpa_theia:n222922,2455
darpa_theia:n222984,2456
darpa_theia:n22305,2457
darpa_theia:n2231,2458
darpa_theia:n223335,2459
darpa_theia:n223390,2460
darpa_theia:n223440,2461
darpa_theia:n2235,2462
darpa_theia:n223619,2463
darpa_theia:n223673,2464
darpa_theia:n2237,2465
darpa_theia:n223803,2466
darpa_theia:n223869,2467
darpa_theia:n22389,2468
darpa_theia:n223891,2469
darpa_theia:n223913,2470
darpa_theia:n22398,2471
darpa_theia:n224016,2472
darpa_theia:n224025,2473
darpa_theia:n224070,2474
darpa_theia:n22417,2475
darpa_theia:n224360,2476
darpa_theia:n224369,2477
darpa_theia:n224393,2478
darpa_theia:n22459,2479
darpa_theia:n224596,2480
darpa_theia:n224629,2481
darpa_theia:n22463,2482
darpa_theia:n224693,2483
darpa_theia:n224735,2484
darpa_theia:n22487,2485
darpa_theia:n22499,2486
darpa_theia:n225001,2487
darpa_theia:n225021,2488
darpa_theia:n225150,2489
darpa_theia:n225157,2490
darpa_theia:n22529,2491
darpa_theia:n225307,2492
darpa_theia:n22539,2493
darpa_theia:n225419,2494
darpa_theia:n225502,2495
darpa_theia:n22557,2496
darpa_theia:n22560,2497
darpa_theia:n225630,2498
darpa_theia:n22571,2499
darpa_theia:n225718,2500
darpa_theia:n22581,2501
darpa_theia:n225873,2502
darpa_theia:n225874,2503
darpa_theia:n225971,2504
darpa_theia:n226073,2505
darpa_theia:n226243,2506
darpa_theia:n226245,2507
darpa_theia:n226347,2508
darpa_theia:n226357,2509
darpa_theia:n226368,2510
darpa_theia:n226379,2511
darpa_theia:n226435,2512
darpa_theia:n226458,2513
darpa_theia:n226555,2514
darpa_theia:n226603,2515
darpa_theia:n226619,2516
darpa_theia:n226739,2517
darpa_theia:n226745,2518
darpa_theia:n226778,2519
darpa_theia:n22683,2520
darpa_theia:n22686,2521
darpa_theia:n226905,2522
darpa_theia:n22694,2523
darpa_theia:n226985,2524
darpa_theia:n227141,2525
darpa_theia:n227175,2526
darpa_theia:n227253,2527
darpa_theia:n227301,2528
darpa_theia:n227395,2529
darpa_theia:n227442,2530
darpa_theia:n22753,2531
darpa_theia:n227561,2532
darpa_theia:n227563,2533
darpa_theia:n227570,2534
darpa_theia:n227583,2535
darpa_theia:n227651,2536
darpa_theia:n22781,2537
darpa_theia:n22785,2538
darpa_theia:n227887,2539
darpa_theia:n227948,2540
darpa_theia:n22795,2541
darpa_theia:n227985,2542
darpa_theia:n228026,2543
darpa_theia:n22809,2544
darpa_theia:n228134,2545
darpa_theia:n228156,2546
darpa_theia:n228215,2547
darpa_theia:n228362,2548
darpa_theia:n228425,2549
darpa_theia:n228472,2550
darpa_theia:n228640,2551
darpa_theia:n22865,2552
darpa_theia:n228674,2553
darpa_theia:n228749,2554
darpa_theia:n228756,2555
darpa_theia:n228765,2556
darpa_theia:n228864,2557
darpa_theia:n229094,2558
darpa_theia:n229222,2559
darpa_theia:n229232,2560
darpa_theia:n229401,2561
darpa_theia:n22949,2562
darpa_theia:n229847,2563
darpa_theia:n229958,2564
darpa_theia:n230000,2565
darpa_theia:n23007,2566
darpa_theia:n2303,2567
darpa_theia:n230658,2568
darpa_theia:n230938,2569
darpa_theia:n23101,2570
darpa_theia:n231062,2571
darpa_theia:n231132,2572
darpa_theia:n232158,2573
darpa_theia:n232296,2574
darpa_theia:n232409,2575
darpa_theia:n232423,2576
darpa_theia:n232773,2577
darpa_theia:n233163,2578
darpa_theia:n233191,2579
darpa_theia:n233206,2580
darpa_theia:n23322,2581
darpa_theia:n23324,2582
darpa_theia:n233448,2583
darpa_theia:n233469,2584
darpa_theia:n23364,2585
darpa_theia:n23393,2586
darpa_theia:n23394,2587
darpa_theia:n233966,2588
darpa_theia:n234277,2589
darpa_theia:n234315,2590
darpa_theia:n23453,2591
darpa_theia:n234533,2592
darpa_theia:n23454,2593
darpa_theia:n234615,2594
darpa_theia:n234771,2595
darpa_theia:n234911,2596
darpa_theia:n23504,2597
darpa_theia:n23510,2598
darpa_theia:n23511,2599
darpa_theia:n235345,2600
darpa_theia:n235526,2601
darpa_theia:n235554,2602
darpa_theia:n235612,2603
darpa_theia:n235655,2604
darpa_theia:n235789,2605
darpa_theia:n23664,2606
darpa_theia:n236885,2607
darpa_theia:n2376,2608
darpa_theia:n23763,2609
darpa_theia:n237737,2610
darpa_theia:n237804,2611
darpa_theia:n2380,2612
darpa_theia:n238110,2613
darpa_theia:n238229,2614
darpa_theia:n23823,2615
darpa_theia:n2383,2616
darpa_theia:n23851,2617
darpa_theia:n238596,2618
darpa_theia:n239090,2619
darpa_theia:n239389,2620
darpa_theia:n239460,2621
darpa_theia:n239685,2622
darpa_theia:n23982,2623
darpa_theia:n2400,2624
darpa_theia:n240162,2625
darpa_theia:n240343,2626
darpa_theia:n24042,2627
darpa_theia:n240429,2628
darpa_theia:n240563,2629
darpa_theia:n24058,2630
darpa_theia:n2406,2631
darpa_theia:n240653,2632
darpa_theia:n241162,2633
darpa_theia:n241700,2634
darpa_theia:n24177,2635
darpa_theia:n241771,2636
darpa_theia:n241898,2637
darpa_theia:n242192,2638
darpa_theia:n24228,2639
darpa_theia:n242682,2640
darpa_theia:n24275,2641
darpa_theia:n242874,2642
darpa_theia:n243034,2643
darpa_theia:n24320,2644
darpa_theia:n24346,2645
darpa_theia:n243809,2646
darpa_theia:n244264,2647
darpa_theia:n244501,2648
darpa_theia:n244627,2649
darpa_theia:n245131,2650
darpa_theia:n245280,2651
darpa_theia:n24582,2652
darpa_theia:n246156,2653
darpa_theia:n246710,2654
darpa_theia:n24688,2655
darpa_theia:n247046,2656
darpa_theia:n247116,2657
darpa_theia:n247185,2658
darpa_theia:n2474,2659
darpa_theia:n247408,2660
darpa_theia:n247451,2661
darpa_theia:n24810,2662
darpa_theia:n2486,2663
darpa_theia:n24864,2664
darpa_theia:n24887,2665
darpa_theia:n24926,2666
darpa_theia:n24963,2667
darpa_theia:n25070,2668
darpa_theia:n25116,2669
darpa_theia:n25140,2670
darpa_theia:n25176,2671
darpa_theia:n25231,2672
darpa_theia:n25361,2673
darpa_theia:n25397,2674
darpa_theia:n25430,2675
darpa_theia:n25453,2676
darpa_theia:n25458,2677
darpa_theia:n25475,2678
darpa_theia:n25532,2679
darpa_theia:n25581,2680
darpa_theia:n25718,2681
darpa_theia:n25726,2682
darpa_theia:n25814,2683
darpa_theia:n25820,2684
darpa_theia:n25844,2685
darpa_theia:n25919,2686
darpa_theia:n25931,2687
darpa_theia:n25934,2688
darpa_theia:n25989,2689
darpa_theia:n26014,2690
darpa_theia:n26027,2691
darpa_theia:n26033,2692
darpa_theia:n26054,2693
darpa_theia:n26058,2694
darpa_theia:n2609,2695
darpa_theia:n26098,2696
darpa_theia:n26144,2697
darpa_theia:n2615,2698
darpa_theia:n26166,2699
darpa_theia:n26168,2700
darpa_theia:n2618,2701
darpa_theia:n26213,2702
darpa_theia:n26246,2703
darpa_theia:n26295,2704
darpa_theia:n2630,2705
darpa_theia:n2649,2706
darpa_theia:n2655,2707
darpa_theia:n26611,2708
darpa_theia:n26619,2709
darpa_theia:n26645,2710
darpa_theia:n26646,2711
darpa_theia:n26656,2712
darpa_theia:n26680,2713
darpa_theia:n2670,2714
darpa_theia:n26702,2715
darpa_theia:n26706,2716
darpa_theia:n26769,2717
darpa_theia:n268552,2718
darpa_theia:n268574,2719
darpa_theia:n2692,2720
darpa_theia:n26925,2721
darpa_theia:n27030,2722
darpa_theia:n27075,2723
darpa_theia:n271199,2724
darpa_theia:n27164,2725
darpa_theia:n271697,2726
darpa_theia:n2718,2727
darpa_theia:n27238,2728
darpa_theia:n272556,2729
darpa_theia:n272584,2730
darpa_theia:n272836,2731
darpa_theia:n272879,2732
darpa_theia:n272922,2733
darpa_theia:n27325,2734
darpa_theia:n273278,2735
darpa_theia:n273280,2736
darpa_theia:n273460,2737
darpa_theia:n27351,2738
darpa_theia:n273540,2739
darpa_theia:n273918,2740
darpa_theia:n274213,2741
darpa_theia:n274423,2742
darpa_theia:n27465,2743
darpa_theia:n27492,2744
darpa_theia:n27506,2745
darpa_theia:n275520,2746
darpa_theia:n27565,2747
darpa_theia:n275696,2748
darpa_theia:n2759,2749
darpa_theia:n276294,2750
darpa_theia:n276354,2751
darpa_theia:n27644,2752
darpa_theia:n27653,2753
darpa_theia:n276777,2754
darpa_theia:n276939,2755
darpa_theia:n276967,2756
darpa_theia:n27699,2757
darpa_theia:n27704,2758
darpa_theia:n27748,2759
darpa_theia:n27762,2760
darpa_theia:n278111,2761
darpa_theia:n27870,2762
darpa_theia:n27875,2763
darpa_theia:n278921,2764
darpa_theia:n279047,2765
darpa_theia:n279184,2766
darpa_theia:n279346,2767
darpa_theia:n279432,2768
darpa_theia:n279614,2769
darpa_theia:n280076,2770
darpa_theia:n28042,2771
darpa_theia:n280519,2772
darpa_theia:n281308,2773
darpa_theia:n281472,2774
darpa_theia:n28152,2775
darpa_theia:n281634,2776
darpa_theia:n28178,2777
darpa_theia:n2818,2778
darpa_theia:n28201,2779
darpa_theia:n282123,2780
darpa_theia:n2825,2781
darpa_theia:n28260,2782
darpa_theia:n282639,2783
darpa_theia:n28279,2784
darpa_theia:n282889,2785
darpa_theia:n282945,2786
darpa_theia:n28301,2787
darpa_theia:n28371,2788
darpa_theia:n2844,2789
darpa_theia:n28457,2790
darpa_theia:n28459,2791
darpa_theia:n285014,2792
darpa_theia:n285022,2793
darpa_theia:n28523,2794
darpa_theia:n28553,2795
darpa_theia:n285539,2796
darpa_theia:n28591,2797
darpa_theia:n28592,2798
darpa_theia:n28614,2799
darpa_theia:n286160,2800
darpa_theia:n286260,2801
darpa_theia:n28646,2802
darpa_theia:n286735,2803
darpa_theia:n287373,2804
darpa_theia:n287407,2805
darpa_theia:n28747,2806
darpa_theia:n287677,2807
darpa_theia:n287861,2808
darpa_theia:n28820,2809
darpa_theia:n288332,2810
darpa_theia:n288345,2811
darpa_theia:n2887,2812
darpa_theia:n288725,2813
darpa_theia:n288819,2814
darpa_theia:n288950,2815
darpa_theia:n288986,2816
darpa_theia:n28921,2817
darpa_theia:n28942,2818
darpa_theia:n289539,2819
darpa_theia:n289608,2820
darpa_theia:n28983,2821
darpa_theia:n290129,2822
darpa_theia:n2904,2823
darpa_theia:n290410,2824
darpa_theia:n290455,2825
darpa_theia:n290474,2826
darpa_theia:n290489,2827
darpa_theia:n290532,2828
darpa_theia:n290602,2829
darpa_theia:n290635,2830
darpa_theia:n291010,2831
darpa_theia:n29151,2832
darpa_theia:n291730,2833
darpa_theia:n292105,2834
darpa_theia:n29213,2835
darpa_theia:n292216,2836
darpa_theia:n29235,2837
darpa_theia:n29252,2838
darpa_theia:n294355,2839
darpa_theia:n294901,2840
darpa_theia:n29506,2841
darpa_theia:n29561,2842
darpa_theia:n295942,2843
darpa_theia:n296304,2844
darpa_theia:n296361,2845
darpa_theia:n296414,2846
darpa_theia:n29646,2847
darpa_theia:n296497,2848
darpa_theia:n297143,2849
darpa_theia:n297270,2850
darpa_theia:n297316,2851
darpa_theia:n297372,2852
darpa_theia:n297384,2853
darpa_theia:n297478,2854
darpa_theia:n297567,2855
darpa_theia:n29798,2856
darpa_theia:n29812,2857
darpa_theia:n298136,2858
darpa_theia:n298410,2859
darpa_theia:n29846,2860
darpa_theia:n298518,2861
darpa_theia:n29882,2862
darpa_theia:n29899,2863
darpa_theia:n299302,2864
darpa_theia:n299517,2865
darpa_theia:n300,2866
darpa_theia:n300212,2867
darpa_theia:n30055,2868
darpa_theia:n300869,2869
darpa_theia:n300958,2870
darpa_theia:n301,2871
darpa_theia:n30119,2872
darpa_theia:n30149,2873
darpa_theia:n301689,2874
darpa_theia:n301976,2875
darpa_theia:n302424,2876
darpa_theia:n30250,2877
darpa_theia:n30262,2878
darpa_theia:n303207,2879
darpa_theia:n30340,2880
darpa_theia:n303880,2881
darpa_theia:n30403,2882
darpa_theia:n304151,2883
darpa_theia:n304557,2884
darpa_theia:n30462,2885
darpa_theia:n30467,2886
darpa_theia:n304868,2887
darpa_theia:n30489,2888
darpa_theia:n304966,2889
darpa_theia:n304980,2890
darpa_theia:n305200,2891
darpa_theia:n305353,2892
darpa_theia:n305517,2893
darpa_theia:n30555,2894
darpa_theia:n30584,2895
darpa_theia:n305973,2896
darpa_theia:n306323,2897
darpa_theia:n306361,2898
darpa_theia:n306362,2899
darpa_theia:n306436,2900
darpa_theia:n306964,2901
darpa_theia:n307334,2902
darpa_theia:n30787,2903
darpa_theia:n307893,2904
darpa_theia:n308192,2905
darpa_theia:n30822,2906
darpa_theia:n308292,2907
darpa_theia:n308404,2908
darpa_theia:n308964,2909
darpa_theia:n309,2910
darpa_theia:n3090,2911
darpa_theia:n309101,2912
darpa_theia:n309187,2913
darpa_theia:n309289,2914
darpa_theia:n30932,2915
darpa_theia:n30940,2916
darpa_theia:n30942,2917
darpa_theia:n309551,2918
darpa_theia:n309691,2919
darpa_theia:n309731,2920
darpa_theia:n31009,2921
darpa_theia:n31016,2922
darpa_theia:n31022,2923
darpa_theia:n31041,2924
darpa_theia:n31053,2925
darpa_theia:n310633,2926
darpa_theia:n310708,2927
darpa_theia:n31083,2928
darpa_theia:n310850,2929
darpa_theia:n31086,2930
darpa_theia:n311382,2931
darpa_theia:n3114,2932
darpa_theia:n311662,2933
darpa_theia:n311882,2934
darpa_theia:n312518,2935
darpa_theia:n312558,2936
darpa_theia:n312990,2937
darpa_theia:n313121,2938
darpa_theia:n313263,2939
darpa_theia:n31367,2940
darpa_theia:n31384,2941
darpa_theia:n313949,2942
darpa_theia:n31399,2943
darpa_theia:n314267,2944
darpa_theia:n314407,2945
darpa_theia:n3149,2946
darpa_theia:n3150,2947
darpa_theia:n315007,2948
darpa_theia:n31501,2949
darpa_theia:n315270,2950
darpa_theia:n315669,2951
darpa_theia:n315949,2952
darpa_theia:n31599,2953
darpa_theia:n31610,2954
darpa_theia:n316173,2955
darpa_theia:n316342,2956
darpa_theia:n31659,2957
darpa_theia:n316740,2958
darpa_theia:n316742,2959
darpa_theia:n317200,2960
darpa_theia:n317529,2961
darpa_theia:n317540,2962
darpa_theia:n317699,2963
darpa_theia:n31791,2964
darpa_theia:n31798,2965
darpa_theia:n318250,2966
darpa_theia:n318473,2967
darpa_theia:n318501,2968
darpa_theia:n318796,2969
darpa_theia:n318891,2970
darpa_theia:n318949,2971
darpa_theia:n319168,2972
darpa_theia:n319567,2973
darpa_theia:n319967,2974
darpa_theia:n320291,2975
darpa_theia:n320595,2976
darpa_theia:n320707,2977
darpa_theia:n32083,2978
darpa_theia:n320917,2979
darpa_theia:n320931,2980
darpa_theia:n32094,2981
darpa_theia:n321141,2982
darpa_theia:n32155,2983
darpa_theia:n32158,2984
darpa_theia:n321627,2985
darpa_theia:n321927,2986
darpa_theia:n322185,2987
darpa_theia:n322514,2988
darpa_theia:n32282,2989
darpa_theia:n322887,2990
darpa_theia:n322986,2991
darpa_theia:n323,2992
darpa_theia:n323028,2993
darpa_theia:n323070,2994
darpa_theia:n3234,2995
darpa_theia:n323961,2996
darpa_theia:n324017,2997
darpa_theia:n32424,2998
darpa_theia:n32463,2999
darpa_theia:n3248,3000
darpa_theia:n324879,3001
darpa_theia:n3249,3002
darpa_theia:n32515,3003
darpa_theia:n325277,3004
darpa_theia:n32546,3005
darpa_theia:n325473,3006
darpa_theia:n325669,3007
darpa_theia:n325865,3008
darpa_theia:n325907,3009
darpa_theia:n326,3010
darpa_theia:n326173,3011
darpa_theia:n326349,3012
darpa_theia:n32676,3013
darpa_theia:n326987,3014
darpa_theia:n32712,3015
darpa_theia:n32746,3016
darpa_theia:n32775,3017
darpa_theia:n327991,3018
darpa_theia:n328172,3019
darpa_theia:n328354,3020
darpa_theia:n328558,3021
darpa_theia:n328620,3022
darpa_theia:n328734,3023
darpa_theia:n32874,3024
darpa_theia:n328864,3025
darpa_theia:n328887,3026
darpa_theia:n329,3027
darpa_theia:n32920,3028
darpa_theia:n32924,3029
darpa_theia:n32932,3030
darpa_theia:n329455,3031
darpa_theia:n32949,3032
darpa_theia:n329640,3033
darpa_theia:n329895,3034
darpa_theia:n329913,3035
darpa_theia:n330050,3036
darpa_theia:n33006,3037
darpa_theia:n330270,3038
darpa_theia:n330414,3039
darpa_theia:n330924,3040
darpa_theia:n331048,3041
darpa_theia:n331333,3042
darpa_theia:n331406,3043
darpa_theia:n331456,3044
darpa_theia:n331557,3045
darpa_theia:n331578,3046
darpa_theia:n33200,3047
darpa_theia:n332287,3048
darpa_theia:n332371,3049
darpa_theia:n33244,3050
darpa_theia:n332454,3051
darpa_theia:n3326,3052
darpa_theia:n332681,3053
darpa_theia:n33278,3054
darpa_theia:n33303,3055
darpa_theia:n333401,3056
darpa_theia:n333601,3057
darpa_theia:n333645,3058
darpa_theia:n333801,3059
darpa_theia:n33405,3060
darpa_theia:n334055,3061
darpa_theia:n3341,3062
darpa_theia:n33413,3063
darpa_theia:n33416,3064
darpa_theia:n334349,3065
darpa_theia:n334561,3066
darpa_theia:n33477,3067
darpa_theia:n33498,3068
darpa_theia:n335243,3069
darpa_theia:n335384,3070
darpa_theia:n335402,3071
darpa_theia:n33561,3072
darpa_theia:n335797,3073
darpa_theia:n335887,3074
darpa_theia:n336328,3075
darpa_theia:n33636,3076
darpa_theia:n336429,3077
darpa_theia:n33696,3078
darpa_theia:n337347,3079
darpa_theia:n337355,3080
darpa_theia:n3375,3081
darpa_theia:n33784,3082
darpa_theia:n337854,3083
darpa_theia:n3379,3084
darpa_theia:n3380,3085
darpa_theia:n33815,3086
darpa_theia:n33832,3087
darpa_theia:n33846,3088
darpa_theia:n338661,3089
darpa_theia:n338833,3090
darpa_theia:n339055,3091
darpa_theia:n339445,3092
darpa_theia:n33969,3093
darpa_theia:n340247,3094
darpa_theia:n3405,3095
darpa_theia:n340503,3096
darpa_theia:n340516,3097
darpa_theia:n340736,3098
darpa_theia:n34074,3099
darpa_theia:n340884,3100
darpa_theia:n341134,3101
darpa_theia:n341204,3102
darpa_theia:n34135,3103
darpa_theia:n341372,3104
darpa_theia:n34142,3105
darpa_theia:n34247,3106
darpa_theia:n342740,3107
darpa_theia:n343052,3108
darpa_theia:n343143,3109
darpa_theia:n343147,3110
darpa_theia:n343284,3111
darpa_theia:n343285,3112
darpa_theia:n34345,3113
darpa_theia:n344248,3114
darpa_theia:n34470,3115
darpa_theia:n34537,3116
darpa_theia:n34556,3117
darpa_theia:n34575,3118
darpa_theia:n34589,3119
darpa_theia:n34670,3120
darpa_theia:n34769,3121
darpa_theia:n34804,3122
darpa_theia:n34829,3123
darpa_theia:n35095,3124
darpa_theia:n35098,3125
darpa_theia:n35107,3126
darpa_theia:n35206,3127
darpa_theia:n35253,3128
darpa_theia:n35442,3129
darpa_theia:n35454,3130
darpa_theia:n35562,3131
darpa_theia:n35658,3132
darpa_theia:n35682,3133
darpa_theia:n35705,3134
darpa_theia:n3573,3135
darpa_theia:n35749,3136
darpa_theia:n35763,3137
darpa_theia:n35814,3138
darpa_theia:n35843,3139
darpa_theia:n35848,3140
darpa_theia:n3600,3141
darpa_theia:n36010,3142
darpa_theia:n36026,3143
darpa_theia:n36043,3144
darpa_theia:n36153,3145
darpa_theia:n36178,3146
darpa_theia:n3627,3147
darpa_theia:n36299,3148
darpa_theia:n36460,3149
darpa_theia:n36477,3150
darpa_theia:n36496,3151
darpa_theia:n365,3152
darpa_theia:n3654,3153
darpa_theia:n36574,3154
darpa_theia:n36579,3155
darpa_theia:n366,3156
darpa_theia:n36641,3157
darpa_theia:n3675,3158
darpa_theia:n36871,3159
darpa_theia:n36874,3160
darpa_theia:n37051,3161
darpa_theia:n37084,3162
darpa_theia:n37133,3163
darpa_theia:n37265,3164
darpa_theia:n37343,3165
darpa_theia:n37353,3166
darpa_theia:n37356,3167
darpa_theia:n37404,3168
darpa_theia:n37451,3169
darpa_theia:n37598,3170
darpa_theia:n37600,3171
darpa_theia:n37604,3172
darpa_theia:n3762,3173
darpa_theia:n37640,3174
darpa_theia:n37664,3175
darpa_theia:n37687,3176
darpa_theia:n37713,3177
darpa_theia:n3773,3178
darpa_theia:n37783,3179
darpa_theia:n37835,3180
darpa_theia:n3792,3181
darpa_theia:n37926,3182
darpa_theia:n3798,3183
darpa_theia:n38020,3184
darpa_theia:n38078,3185
darpa_theia:n38215,3186
darpa_theia:n3823,3187
darpa_theia:n38322,3188
darpa_theia:n38325,3189
darpa_theia:n38341,3190
darpa_theia:n38375,3191
darpa_theia:n38404,3192
darpa_theia:n38468,3193
darpa_theia:n38606,3194
darpa_theia:n38682,3195
darpa_theia:n3871,3196
darpa_theia:n3874,3197
darpa_theia:n3878,3198
darpa_theia:n38832,3199
darpa_theia:n38834,3200
darpa_theia:n38861,3201
darpa_theia:n38877,3202
darpa_theia:n38903,3203
darpa_theia:n38906,3204
darpa_theia:n38924,3205
darpa_theia:n38946,3206
darpa_theia:n39056,3207
darpa_theia:n39071,3208
darpa_theia:n3911,3209
darpa_theia:n39127,3210
darpa_theia:n39282,3211
darpa_theia:n39300,3212
darpa_theia:n3932,3213
darpa_theia:n39333,3214
darpa_theia:n39360,3215
darpa_theia:n39365,3216
darpa_theia:n39455,3217
darpa_theia:n39526,3218
darpa_theia:n39671,3219
darpa_theia:n39748,3220
darpa_theia:n39754,3221
darpa_theia:n39770,3222
darpa_theia:n3983,3223
darpa_theia:n3984,3224
darpa_theia:n39865,3225
darpa_theia:n3989,3226
darpa_theia:n39926,3227
darpa_theia:n40041,3228
darpa_theia:n40054,3229
darpa_theia:n40095,3230
darpa_theia:n40166,3231
darpa_theia:n40244,3232
darpa_theia:n40305,3233
darpa_theia:n40308,3234
darpa_theia:n40317,3235
darpa_theia:n40349,3236
darpa_theia:n40479,3237
darpa_theia:n4051,3238
darpa_theia:n40629,3239
darpa_theia:n4072,3240
darpa_theia:n40749,3241
darpa_theia:n4080,3242
darpa_theia:n40819,3243
darpa_theia:n40865,3244
darpa_theia:n40879,3245
darpa_theia:n40916,3246
darpa_theia:n40942,3247
darpa_theia:n41002,3248
darpa_theia:n41030,3249
darpa_theia:n41034,3250
darpa_theia:n41058,3251
darpa_theia:n4108,3252
darpa_theia:n41088,3253
darpa_theia:n41122,3254
darpa_theia:n41143,3255
darpa_theia:n41149,3256
darpa_theia:n41167,3257
darpa_theia:n4125,3258
darpa_theia:n41333,3259
darpa_theia:n41475,3260
darpa_theia:n4148,3261
darpa_theia:n4150,3262
darpa_theia:n4151,3263
darpa_theia:n41607,3264
darpa_theia:n41608,3265
darpa_theia:n41610,3266
darpa_theia:n41769,3267
darpa_theia:n41823,3268
darpa_theia:n41923,3269
darpa_theia:n41950,3270
darpa_theia:n42010,3271
darpa_theia:n42061,3272
darpa_theia:n42086,3273
darpa_theia:n4211,3274
darpa_theia:n4216,3275
darpa_theia:n42183,3276
darpa_theia:n42186,3277
darpa_theia:n42341,3278
darpa_theia:n42394,3279
darpa_theia:n42443,3280
darpa_theia:n42499,3281
darpa_theia:n42663,3282
darpa_theia:n42674,3283
darpa_theia:n4270,3284
darpa_theia:n42809,3285
darpa_theia:n42942,3286
darpa_theia:n42989,3287
darpa_theia:n43010,3288
darpa_theia:n43044,3289
darpa_theia:n43062,3290
darpa_theia:n43095,3291
darpa_theia:n43149,3292
darpa_theia:n43172,3293
darpa_theia:n43192,3294
darpa_theia:n43201,3295
darpa_theia:n43213,3296
darpa_theia:n4325,3297
darpa_theia:n4328,3298
darpa_theia:n4329,3299
darpa_theia:n43325,3300
darpa_theia:n4339,3301
darpa_theia:n4340,3302
darpa_theia:n4342,3303
darpa_theia:n43444,3304
darpa_theia:n4352,3305
darpa_theia:n4353,3306
darpa_theia:n43701,3307
darpa_theia:n43719,3308
darpa_theia:n43931,3309
darpa_theia:n43934,3310
darpa_theia:n43963,3311
darpa_theia:n44072,3312
darpa_theia:n44092,3313
darpa_theia:n44161,3314
darpa_theia:n44212,3315
darpa_theia:n443,3316
darpa_theia:n44316,3317
darpa_theia:n44444,3318
darpa_theia:n44489,3319
darpa_theia:n44510,3320
darpa_theia:n44516,3321
darpa_theia:n44735,3322
darpa_theia:n44781,3323
darpa_theia:n44784,3324
darpa_theia:n44800,3325
darpa_theia:n4482,3326
darpa_theia:n44833,3327
darpa_theia:n4485,3328
darpa_theia:n449,3329
darpa_theia:n45123,3330
darpa_theia:n45156,3331
darpa_theia:n45361,3332
darpa_theia:n45390,3333
darpa_theia:n45429,3334
darpa_theia:n45568,3335
darpa_theia:n45595,3336
darpa_theia:n45626,3337
darpa_theia:n45631,3338
darpa_theia:n45672,3339
darpa_theia:n45699,3340
darpa_theia:n45746,3341
darpa_theia:n45758,3342
darpa_theia:n45802,3343
darpa_theia:n45916,3344
darpa_theia:n45956,3345
darpa_theia:n45960,3346
darpa_theia:n45978,3347
darpa_theia:n45991,3348
darpa_theia:n46128,3349
darpa_theia:n46173,3350
darpa_theia:n46220,3351
darpa_theia:n46305,3352
darpa_theia:n46397,3353
darpa_theia:n46400,3354
darpa_theia:n46419,3355
darpa_theia:n46441,3356
darpa_theia:n46542,3357
darpa_theia:n46551,3358
darpa_theia:n46659,3359
darpa_theia:n46812,3360
darpa_theia:n46917,3361
darpa_theia:n46928,3362
darpa_theia:n46930,3363
darpa_theia:n46932,3364
darpa_theia:n46950,3365
darpa_theia:n46952,3366
darpa_theia:n47112,3367
darpa_theia:n47235,3368
darpa_theia:n47260,3369
darpa_theia:n47275,3370
darpa_theia:n4738,3371
darpa_theia:n47446,3372
darpa_theia:n47475,3373
darpa_theia:n47496,3374
darpa_theia:n47551,3375
darpa_theia:n47628,3376
darpa_theia:n47654,3377
darpa_theia:n47670,3378
darpa_theia:n47717,3379
darpa_theia:n47721,3380
darpa_theia:n47735,3381
darpa_theia:n47777,3382
darpa_theia:n47841,3383
darpa_theia:n47898,3384
darpa_theia:n48006,3385
darpa_theia:n48044,3386
darpa_theia:n48067,3387
darpa_theia:n48097,3388
darpa_theia:n48100,3389
darpa_theia:n48103,3390
darpa_theia:n48119,3391
darpa_theia:n48138,3392
darpa_theia:n48165,3393
darpa_theia:n48207,3394
darpa_theia:n48213,3395
darpa_theia:n48217,3396
darpa_theia:n48269,3397
darpa_theia:n48315,3398
darpa_theia:n48324,3399
darpa_theia:n48348,3400
darpa_theia:n48358,3401
darpa_theia:n48359,3402
darpa_theia:n48600,3403
darpa_theia:n4864,3404
darpa_theia:n48767,3405
darpa_theia:n4881,3406
darpa_theia:n48843,3407
darpa_theia:n48929,3408
darpa_theia:n49078,3409
darpa_theia:n49104,3410
darpa_theia:n49140,3411
darpa_theia:n49335,3412
darpa_theia:n4935,3413
darpa_theia:n49365,3414
darpa_theia:n4952,3415
darpa_theia:n49539,3416
darpa_theia:n49560,3417
darpa_theia:n49586,3418
darpa_theia:n49642,3419
darpa_theia:n4979,3420
darpa_theia:n49820,3421
darpa_theia:n49853,3422
darpa_theia:n49886,3423
darpa_theia:n49913,3424
darpa_theia:n49922,3425
darpa_theia:n49950,3426
darpa_theia:n50054,3427
darpa_theia:n50295,3428
darpa_theia:n50399,3429
darpa_theia:n50531,3430
darpa_theia:n50549,3431
darpa_theia:n5058,3432
darpa_theia:n5059,3433
darpa_theia:n50623,3434
darpa_theia:n5064,3435
darpa_theia:n5071,3436
darpa_theia:n50731,3437
darpa_theia:n50737,3438
darpa_theia:n50746,3439
darpa_theia:n5081,3440
darpa_theia:n50838,3441
darpa_theia:n50928,3442
darpa_theia:n50991,3443
darpa_theia:n51036,3444
darpa_theia:n51043,3445
darpa_theia:n51046,3446
darpa_theia:n5112,3447
darpa_theia:n5116,3448
darpa_theia:n5127,3449
darpa_theia:n513,3450
darpa_theia:n51351,3451
darpa_theia:n51378,3452
darpa_theia:n51459,3453
darpa_theia:n51474,3454
darpa_theia:n51496,3455
darpa_theia:n51599,3456
darpa_theia:n51702,3457
darpa_theia:n51747,3458
darpa_theia:n51758,3459
darpa_theia:n51826,3460
darpa_theia:n51923,3461
darpa_theia:n51941,3462
darpa_theia:n52046,3463
darpa_theia:n52069,3464
darpa_theia:n52123,3465
darpa_theia:n52306,3466
darpa_theia:n5239,3467
darpa_theia:n52438,3468
darpa_theia:n52526,3469
darpa_theia:n52542,3470
darpa_theia:n5283,3471
darpa_theia:n52846,3472
darpa_theia:n52862,3473
darpa_theia:n52882,3474
darpa_theia:n52898,3475
darpa_theia:n52906,3476
darpa_theia:n52915,3477
darpa_theia:n52924,3478
darpa_theia:n52935,3479
darpa_theia:n52940,3480
darpa_theia:n52941,3481
darpa_theia:n52953,3482
darpa_theia:n5297,3483
darpa_theia:n5298,3484
darpa_theia:n53012,3485
darpa_theia:n5302,3486
darpa_theia:n53066,3487
darpa_theia:n5307,3488
darpa_theia:n53077,3489
darpa_theia:n5309,3490
darpa_theia:n53149,3491
darpa_theia:n5316,3492
darpa_theia:n53185,3493
darpa_theia:n53211,3494
darpa_theia:n53234,3495
darpa_theia:n53245,3496
darpa_theia:n53247,3497
darpa_theia:n53251,3498
darpa_theia:n53254,3499
darpa_theia:n53260,3500
darpa_theia:n53263,3501
darpa_theia:n53268,3502
darpa_theia:n5329,3503
darpa_theia:n53317,3504
darpa_theia:n53336,3505
darpa_theia:n5338,3506
darpa_theia:n5346,3507
darpa_theia:n5355,3508
darpa_theia:n53711,3509
darpa_theia:n53782,3510
darpa_theia:n53935,3511
darpa_theia:n54022,3512
darpa_theia:n5404,3513
darpa_theia:n54041,3514
darpa_theia:n54084,3515
darpa_theia:n54206,3516
darpa_theia:n54213,3517
darpa_theia:n54256,3518
darpa_theia:n54310,3519
darpa_theia:n54388,3520
darpa_theia:n54406,3521
darpa_theia:n54407,3522
darpa_theia:n54409,3523
darpa_theia:n54410,3524
darpa_theia:n54483,3525
darpa_theia:n54499,3526
darpa_theia:n54559,3527
darpa_theia:n54593,3528
darpa_theia:n54637,3529
darpa_theia:n5466,3530
darpa_theia:n54767,3531
darpa_theia:n54775,3532
darpa_theia:n54794,3533
darpa_theia:n54810,3534
darpa_theia:n54892,3535
darpa_theia:n55037,3536
darpa_theia:n55065,3537
darpa_theia:n55137,3538
darpa_theia:n55221,3539
darpa_theia:n55269,3540
darpa_theia:n55285,3541
darpa_theia:n55334,3542
darpa_theia:n55338,3543
darpa_theia:n55342,3544
darpa_theia:n5541,3545
darpa_theia:n5547,3546
darpa_theia:n55536,3547
darpa_theia:n5560,3548
darpa_theia:n55636,3549
darpa_theia:n55660,3550
darpa_theia:n55664,3551
darpa_theia:n5568,3552
darpa_theia:n55714,3553
darpa_theia:n5572,3554
darpa_theia:n5580,3555
darpa_theia:n55892,3556
darpa_theia:n55895,3557
darpa_theia:n55914,3558
darpa_theia:n55935,3559
darpa_theia:n55987,3560
darpa_theia:n55992,3561
darpa_theia:n55997,3562
darpa_theia:n56014,3563
darpa_theia:n56024,3564
darpa_theia:n56034,3565
darpa_theia:n56083,3566
darpa_theia:n56115,3567
darpa_theia:n56191,3568
darpa_theia:n56274,3569
darpa_theia:n56364,3570
darpa_theia:n56416,3571
darpa_theia:n56470,3572
darpa_theia:n56500,3573
darpa_theia:n56518,3574
darpa_theia:n56925,3575
darpa_theia:n56972,3576
darpa_theia:n57026,3577
darpa_theia:n57033,3578
darpa_theia:n57090,3579
darpa_theia:n57095,3580
darpa_theia:n57096,3581
darpa_theia:n5712,3582
darpa_theia:n57133,3583
darpa_theia:n57142,3584
darpa_theia:n57242,3585
darpa_theia:n57260,3586
darpa_theia:n57307,3587
darpa_theia:n57339,3588
darpa_theia:n57488,3589
darpa_theia:n57496,3590
darpa_theia:n57524,3591
darpa_theia:n57559,3592
darpa_theia:n57781,3593
darpa_theia:n57788,3594
darpa_theia:n57798,3595
darpa_theia:n57839,3596
darpa_theia:n57852,3597
darpa_theia:n57864,3598
darpa_theia:n57880,3599
darpa_theia:n57882,3600
darpa_theia:n57886,3601
darpa_theia:n57908,3602
darpa_theia:n57927,3603
darpa_theia:n5802,3604
darpa_theia:n58039,3605
darpa_theia:n58129,3606
darpa_theia:n58153,3607
darpa_theia:n5818,3608
darpa_theia:n58183,3609
darpa_theia:n5819,3610
darpa_theia:n58215,3611
darpa_theia:n58340,3612
darpa_theia:n58344,3613
darpa_theia:n58366,3614
darpa_theia:n58372,3615
darpa_theia:n58380,3616
darpa_theia:n58406,3617
darpa_theia:n58429,3618
darpa_theia:n58431,3619
darpa_theia:n58432,3620
darpa_theia:n58436,3621
darpa_theia:n58446,3622
darpa_theia:n5846,3623
darpa_theia:n58462,3624
darpa_theia:n58471,3625
darpa_theia:n58473,3626
darpa_theia:n58503,3627
darpa_theia:n58518,3628
darpa_theia:n58804,3629
darpa_theia:n5885,3630
darpa_theia:n58859,3631
darpa_theia:n58865,3632
darpa_theia:n5892,3633
darpa_theia:n59064,3634
darpa_theia:n59085,3635
darpa_theia:n5915,3636
darpa_theia:n5916,3637
darpa_theia:n59164,3638
darpa_theia:n59166,3639
darpa_theia:n59184,3640
darpa_theia:n59237,3641
darpa_theia:n59250,3642
darpa_theia:n59308,3643
darpa_theia:n59319,3644
darpa_theia:n59363,3645
darpa_theia:n59402,3646
darpa_theia:n5941,3647
darpa_theia:n59463,3648
darpa_theia:n59535,3649
darpa_theia:n59658,3650
darpa_theia:n59756,3651
darpa_theia:n59813,3652
darpa_theia:n59836,3653
darpa_theia:n5984,3654
darpa_theia:n59927,3655
darpa_theia:n5993,3656
darpa_theia:n59949,3657
darpa_theia:n59981,3658
darpa_theia:n60000,3659
darpa_theia:n60034,3660
darpa_theia:n60038,3661
darpa_theia:n6007,3662
darpa_theia:n60127,3663
darpa_theia:n60191,3664
darpa_theia:n60208,3665
darpa_theia:n60242,3666
darpa_theia:n60328,3667
darpa_theia:n6052,3668
darpa_theia:n60597,3669
darpa_theia:n60602,3670
darpa_theia:n60624,3671
darpa_theia:n60712,3672
darpa_theia:n60849,3673
darpa_theia:n6087,3674
darpa_theia:n60967,3675
darpa_theia:n6102,3676
darpa_theia:n61105,3677
darpa_theia:n61189,3678
darpa_theia:n61191,3679
darpa_theia:n61269,3680
darpa_theia:n61270,3681
darpa_theia:n61271,3682
darpa_theia:n6129,3683
darpa_theia:n61292,3684
darpa_theia:n61295,3685
darpa_theia:n6132,3686
darpa_theia:n61321,3687
darpa_theia:n61326,3688
darpa_theia:n61467,3689
darpa_theia:n61515,3690
darpa_theia:n61572,3691
darpa_theia:n6168,3692
darpa_theia:n6177,3693
darpa_theia:n61774,3694
darpa_theia:n61796,3695
darpa_theia:n61913,3696
darpa_theia:n61961,3697
darpa_theia:n6206,3698
darpa_theia:n6213,3699
darpa_theia:n6214,3700
darpa_theia:n62155,3701
darpa_theia:n6217,3702
darpa_theia:n6221,3703
darpa_theia:n62227,3704
darpa_theia:n62249,3705
darpa_theia:n62352,3706
darpa_theia:n62563,3707
darpa_theia:n6259,3708
darpa_theia:n62601,3709
darpa_theia:n62613,3710
darpa_theia:n62638,3711
darpa_theia:n62683,3712
darpa_theia:n62744,3713
darpa_theia:n6278,3714
darpa_theia:n62782,3715
darpa_theia:n6315,3716
darpa_theia:n63199,3717
darpa_theia:n6320,3718
darpa_theia:n63229,3719
darpa_theia:n63296,3720
darpa_theia:n63322,3721
darpa_theia:n63331,3722
darpa_theia:n63360,3723
darpa_theia:n63407,3724
darpa_theia:n63439,3725
darpa_theia:n63487,3726
darpa_theia:n63492,3727
darpa_theia:n63617,3728
darpa_theia:n63679,3729
darpa_theia:n63680,3730
darpa_theia:n63686,3731
darpa_theia:n63702,3732
darpa_theia:n63715,3733
darpa_theia:n63732,3734
darpa_theia:n63757,3735
darpa_theia:n6379,3736
darpa_theia:n63827,3737
darpa_theia:n63923,3738
darpa_theia:n63954,3739
darpa_theia:n64113,3740
darpa_theia:n64131,3741
darpa_theia:n64144,3742
darpa_theia:n64201,3743
darpa_theia:n64220,3744
darpa_theia:n64296,3745
darpa_theia:n64314,3746
darpa_theia:n64481,3747
darpa_theia:n64498,3748
darpa_theia:n64505,3749
darpa_theia:n64522,3750
darpa_theia:n64524,3751
darpa_theia:n64597,3752
darpa_theia:n64646,3753
darpa_theia:n64695,3754
darpa_theia:n64716,3755
darpa_theia:n64752,3756
darpa_theia:n64862,3757
darpa_theia:n64930,3758
darpa_theia:n64986,3759
darpa_theia:n65005,3760
darpa_theia:n6501,3761
darpa_theia:n65073,3762
darpa_theia:n65127,3763
darpa_theia:n65162,3764
darpa_theia:n652,3765
darpa_theia:n6528,3766
darpa_theia:n65286,3767
darpa_theia:n65292,3768
darpa_theia:n65308,3769
darpa_theia:n65364,3770
darpa_theia:n65457,3771
darpa_theia:n6549,3772
darpa_theia:n65526,3773
darpa_theia:n65640,3774
darpa_theia:n658,3775
darpa_theia:n65847,3776
darpa_theia:n65867,3777
darpa_theia:n66019,3778
darpa_theia:n66094,3779
darpa_theia:n66153,3780
darpa_theia:n66157,3781
darpa_theia:n66161,3782
darpa_theia:n66179,3783
darpa_theia:n66204,3784
darpa_theia:n66219,3785
darpa_theia:n66222,3786
darpa_theia:n66240,3787
darpa_theia:n66259,3788
darpa_theia:n66271,3789
darpa_theia:n66306,3790
darpa_theia:n66346,3791
darpa_theia:n66349,3792
darpa_theia:n66373,3793
darpa_theia:n66376,3794
darpa_theia:n66453,3795
darpa_theia:n66480,3796
darpa_theia:n66564,3797
darpa_theia:n66577,3798
darpa_theia:n66626,3799
darpa_theia:n66717,3800
darpa_theia:n66789,3801
darpa_theia:n66872,3802
darpa_theia:n6688,3803
darpa_theia:n66883,3804
darpa_theia:n669,3805
darpa_theia:n66924,3806
darpa_theia:n67082,3807
darpa_theia:n67088,3808
darpa_theia:n67160,3809
darpa_theia:n67174,3810
darpa_theia:n6719,3811
darpa_theia:n67244,3812
darpa_theia:n67454,3813
darpa_theia:n67460,3814
darpa_theia:n675,3815
darpa_theia:n6752,3816
darpa_theia:n67552,3817
darpa_theia:n67671,3818
darpa_theia:n6769,3819
darpa_theia:n67720,3820
darpa_theia:n6776,3821
darpa_theia:n67851,3822
darpa_theia:n67879,3823
darpa_theia:n67912,3824
darpa_theia:n6792,3825
darpa_theia:n67939,3826
darpa_theia:n6795,3827
darpa_theia:n68004,3828
darpa_theia:n68160,3829
darpa_theia:n68189,3830
darpa_theia:n68191,3831
darpa_theia:n68210,3832
darpa_theia:n68239,3833
darpa_theia:n68281,3834
darpa_theia:n68288,3835
darpa_theia:n68290,3836
darpa_theia:n68292,3837
darpa_theia:n68312,3838
darpa_theia:n68325,3839
darpa_theia:n68326,3840
darpa_theia:n6834,3841
darpa_theia:n68352,3842
darpa_theia:n68363,3843
darpa_theia:n68376,3844
darpa_theia:n68396,3845
darpa_theia:n68399,3846
darpa_theia:n68402,3847
darpa_theia:n68414,3848
darpa_theia:n68436,3849
darpa_theia:n6844,3850
darpa_theia:n68446,3851
darpa_theia:n68503,3852
darpa_theia:n68504,3853
darpa_theia:n68547,3854
darpa_theia:n68554,3855
darpa_theia:n68565,3856
darpa_theia:n68592,3857
darpa_theia:n6860,3858
darpa_theia:n68607,3859
darpa_theia:n68664,3860
darpa_theia:n6873,3861
darpa_theia:n68768,3862
darpa_theia:n68787,3863
darpa_theia:n68792,3864
darpa_theia:n68933,3865
darpa_theia:n68949,3866
darpa_theia:n68954,3867
darpa_theia:n69009,3868
darpa_theia:n69193,3869
darpa_theia:n69202,3870
darpa_theia:n69225,3871
darpa_theia:n69328,3872
darpa_theia:n69450,3873
darpa_theia:n6954,3874
darpa_theia:n69731,3875
darpa_theia:n69748,3876
darpa_theia:n69759,3877
darpa_theia:n70014,3878
darpa_theia:n70022,3879
darpa_theia:n70040,3880
darpa_theia:n70072,3881
darpa_theia:n70163,3882
darpa_theia:n70165,3883
darpa_theia:n70303,3884
darpa_theia:n70381,3885
darpa_theia:n70408,3886
darpa_theia:n7047,3887
darpa_theia:n70500,3888
darpa_theia:n70529,3889
darpa_theia:n70709,3890
darpa_theia:n70779,3891
darpa_theia:n70804,3892
darpa_theia:n70888,3893
darpa_theia:n70945,3894
darpa_theia:n70947,3895
darpa_theia:n7110,3896
darpa_theia:n71130,3897
darpa_theia:n7114,3898
darpa_theia:n71157,3899
darpa_theia:n7118,3900
darpa_theia:n7120,3901
darpa_theia:n7122,3902
darpa_theia:n71236,3903
darpa_theia:n71247,3904
darpa_theia:n7126,3905
darpa_theia:n71282,3906
darpa_theia:n71456,3907
darpa_theia:n71555,3908
darpa_theia:n7156,3909
darpa_theia:n7160,3910
darpa_theia:n71715,3911
darpa_theia:n71768,3912
darpa_theia:n7179,3913
darpa_theia:n71880,3914
darpa_theia:n72028,3915
darpa_theia:n72046,3916
darpa_theia:n72074,3917
darpa_theia:n72219,3918
darpa_theia:n72226,3919
darpa_theia:n72553,3920
darpa_theia:n72570,3921
darpa_theia:n72578,3922
darpa_theia:n72602,3923
darpa_theia:n7262,3924
darpa_theia:n72733,3925
darpa_theia:n7274,3926
darpa_theia:n72740,3927
darpa_theia:n72771,3928
darpa_theia:n72820,3929
darpa_theia:n72852,3930
darpa_theia:n72898,3931
darpa_theia:n72926,3932
darpa_theia:n7305,3933
darpa_theia:n73087,3934
darpa_theia:n73102,3935
darpa_theia:n73116,3936
darpa_theia:n73120,3937
darpa_theia:n73126,3938
darpa_theia:n73128,3939
darpa_theia:n73182,3940
darpa_theia:n73343,3941
darpa_theia:n73369,3942
darpa_theia:n73430,3943
darpa_theia:n73488,3944
darpa_theia:n73570,3945
darpa_theia:n73593,3946
darpa_theia:n73782,3947
darpa_theia:n73861,3948
darpa_theia:n73862,3949
darpa_theia:n73895,3950
darpa_theia:n73932,3951
darpa_theia:n73965,3952
darpa_theia:n7397,3953
darpa_theia:n73983,3954
darpa_theia:n74033,3955
darpa_theia:n7404,3956
darpa_theia:n74088,3957
darpa_theia:n74106,3958
darpa_theia:n74132,3959
darpa_theia:n74243,3960
darpa_theia:n74258,3961
darpa_theia:n74279,3962
darpa_theia:n74280,3963
darpa_theia:n7432,3964
darpa_theia:n7441,3965
darpa_theia:n7446,3966
darpa_theia:n74475,3967
darpa_theia:n74549,3968
darpa_theia:n74562,3969
darpa_theia:n74568,3970
darpa_theia:n74601,3971
darpa_theia:n7465,3972
darpa_theia:n74767,3973
darpa_theia:n74792,3974
darpa_theia:n74840,3975
darpa_theia:n74854,3976
darpa_theia:n7489,3977
darpa_theia:n7496,3978
darpa_theia:n7497,3979
darpa_theia:n74994,3980
darpa_theia:n7502,3981
darpa_theia:n75045,3982
darpa_theia:n7510,3983
darpa_theia:n7514,3984
darpa_theia:n75254,3985
darpa_theia:n75298,3986
darpa_theia:n75443,3987
darpa_theia:n75449,3988
darpa_theia:n75529,3989
darpa_theia:n75582,3990
darpa_theia:n7563,3991
darpa_theia:n7566,3992
darpa_theia:n7567,3993
darpa_theia:n75677,3994
darpa_theia:n75692,3995
darpa_theia:n75696,3996
darpa_theia:n75700,3997
darpa_theia:n75751,3998
darpa_theia:n7584,3999
darpa_theia:n75874,4000
darpa_theia:n75880,4001
darpa_theia:n75881,4002
darpa_theia:n7589,4003
darpa_theia:n7590,4004
darpa_theia:n75912,4005
darpa_theia:n7593,4006
darpa_theia:n75967,4007
darpa_theia:n76,4008
darpa_theia:n76088,4009
darpa_theia:n76132,4010
darpa_theia:n76206,4011
darpa_theia:n76210,4012
darpa_theia:n7628,4013
darpa_theia:n7629,4014
darpa_theia:n76336,4015
darpa_theia:n76369,4016
darpa_theia:n76388,4017
darpa_theia:n76391,4018
darpa_theia:n76476,4019
darpa_theia:n76553,4020
darpa_theia:n76658,4021
darpa_theia:n7666,4022
darpa_theia:n7669,4023
darpa_theia:n76723,4024
darpa_theia:n76747,4025
darpa_theia:n76749,4026
darpa_theia:n7687,4027
darpa_theia:n76928,4028
darpa_theia:n76957,4029
darpa_theia:n77037,4030
darpa_theia:n77047,4031
darpa_theia:n77051,4032
darpa_theia:n7711,4033
darpa_theia:n77152,4034
darpa_theia:n77311,4035
darpa_theia:n77333,4036
darpa_theia:n77391,4037
darpa_theia:n77410,4038
darpa_theia:n77416,4039
darpa_theia:n77532,4040
darpa_theia:n77540,4041
darpa_theia:n77630,4042
darpa_theia:n77640,4043
darpa_theia:n7769,4044
darpa_theia:n7780,4045
darpa_theia:n77824,4046
darpa_theia:n77825,4047
darpa_theia:n77834,4048
darpa_theia:n77838,4049
darpa_theia:n77858,4050
darpa_theia:n77863,4051
darpa_theia:n77907,4052
darpa_theia:n77917,4053
darpa_theia:n77924,4054
darpa_theia:n77934,4055
darpa_theia:n77937,4056
darpa_theia:n77938,4057
darpa_theia:n77952,4058
darpa_theia:n77956,4059
darpa_theia:n77979,4060
darpa_theia:n77993,4061
darpa_theia:n78014,4062
darpa_theia:n78028,4063
darpa_theia:n78038,4064
darpa_theia:n78041,4065
darpa_theia:n78042,4066
darpa_theia:n78076,4067
darpa_theia:n78081,4068
darpa_theia:n78092,4069
darpa_theia:n78150,4070
darpa_theia:n78171,4071
darpa_theia:n78274,4072
darpa_theia:n78406,4073
darpa_theia:n78485,4074
darpa_theia:n78564,4075
darpa_theia:n78586,4076
darpa_theia:n78646,4077
darpa_theia:n78798,4078
darpa_theia:n78808,4079
darpa_theia:n78900,4080
darpa_theia:n78914,4081
darpa_theia:n78934,4082
darpa_theia:n79003,4083
darpa_theia:n79049,4084
darpa_theia:n79099,4085
darpa_theia:n79122,4086
darpa_theia:n79125,4087
darpa_theia:n79146,4088
darpa_theia:n79318,4089
darpa_theia:n79361,4090
darpa_theia:n79365,4091
darpa_theia:n79373,4092
darpa_theia:n79441,4093
darpa_theia:n79594,4094
darpa_theia:n79614,4095
darpa_theia:n79757,4096
darpa_theia:n79809,4097
darpa_theia:n79838,4098
darpa_theia:n79889,4099
darpa_theia:n80006,4100
darpa_theia:n80009,4101
darpa_theia:n8024,4102
darpa_theia:n80282,4103
darpa_theia:n80289,4104
darpa_theia:n80377,4105
darpa_theia:n80390,4106
darpa_theia:n80402,4107
darpa_theia:n80412,4108
darpa_theia:n80417,4109
darpa_theia:n80549,4110
darpa_theia:n80610,4111
darpa_theia:n80619,4112
darpa_theia:n80659,4113
darpa_theia:n80782,4114
darpa_theia:n8082,4115
darpa_theia:n80854,4116
darpa_theia:n80856,4117
darpa_theia:n80914,4118
darpa_theia:n80915,4119
darpa_theia:n80937,4120
darpa_theia:n80958,4121
darpa_theia:n81001,4122
darpa_theia:n81031,4123
darpa_theia:n81035,4124
darpa_theia:n81051,4125
darpa_theia:n81054,4126
darpa_theia:n81177,4127
darpa_theia:n81360,4128
darpa_theia:n81400,4129
darpa_theia:n81421,4130
darpa_theia:n81493,4131
darpa_theia:n81494,4132
darpa_theia:n81544,4133
darpa_theia:n81616,4134
darpa_theia:n81624,4135
darpa_theia:n81649,4136
darpa_theia:n81651,4137
darpa_theia:n81798,4138
darpa_theia:n81822,4139
darpa_theia:n82113,4140
darpa_theia:n82135,4141
darpa_theia:n82150,4142
darpa_theia:n82204,4143
darpa_theia:n82235,4144
darpa_theia:n82349,4145
darpa_theia:n82360,4146
darpa_theia:n82427,4147
darpa_theia:n82564,4148
darpa_theia:n82674,4149
darpa_theia:n82928,4150
darpa_theia:n82974,4151
darpa_theia:n82981,4152
darpa_theia:n83003,4153
darpa_theia:n8316,4154
darpa_theia:n83212,4155
darpa_theia:n83256,4156
darpa_theia:n83297,4157
darpa_theia:n83300,4158
darpa_theia:n83332,4159
darpa_theia:n83491,4160
darpa_theia:n83594,4161
darpa_theia:n83597,4162
darpa_theia:n83610,4163
darpa_theia:n83626,4164
darpa_theia:n83670,4165
darpa_theia:n8371,4166
darpa_theia:n83713,4167
darpa_theia:n83796,4168
darpa_theia:n83811,4169
darpa_theia:n83949,4170
darpa_theia:n8395,4171
darpa_theia:n83982,4172
darpa_theia:n84009,4173
darpa_theia:n84087,4174
darpa_theia:n84160,4175
darpa_theia:n84228,4176
darpa_theia:n84387,4177
darpa_theia:n84513,4178
darpa_theia:n84647,4179
darpa_theia:n84710,4180
darpa_theia:n84867,4181
darpa_theia:n84991,4182
darpa_theia:n85074,4183
darpa_theia:n85115,4184
darpa_theia:n85121,4185
darpa_theia:n85128,4186
darpa_theia:n85151,4187
darpa_theia:n85156,4188
darpa_theia:n85193,4189
darpa_theia:n85210,4190
darpa_theia:n85244,4191
darpa_theia:n85249,4192
darpa_theia:n85277,4193
darpa_theia:n85301,4194
darpa_theia:n85346,4195
darpa_theia:n85382,4196
darpa_theia:n85388,4197
darpa_theia:n85389,4198
darpa_theia:n85436,4199
darpa_theia:n85454,4200
darpa_theia:n85468,4201
darpa_theia:n85472,4202
darpa_theia:n85502,4203
darpa_theia:n85538,4204
darpa_theia:n85579,4205
darpa_theia:n85627,4206
darpa_theia:n8576,4207
darpa_theia:n85842,4208
darpa_theia:n85885,4209
darpa_theia:n8609,4210
darpa_theia:n86105,4211
darpa_theia:n86163,4212
darpa_theia:n86253,4213
darpa_theia:n86257,4214
darpa_theia:n8629,4215
darpa_theia:n86322,4216
darpa_theia:n86328,4217
darpa_theia:n86343,4218
darpa_theia:n86379,4219
darpa_theia:n86401,4220
darpa_theia:n86438,4221
darpa_theia:n8644,4222
darpa_theia:n86456,4223
darpa_theia:n86483,4224
darpa_theia:n86494,4225
darpa_theia:n86656,4226
darpa_theia:n86677,4227
darpa_theia:n86684,4228
darpa_theia:n86735,4229
darpa_theia:n86908,4230
darpa_theia:n86939,4231
darpa_theia:n86948,4232
darpa_theia:n86964,4233
darpa_theia:n86967,4234
darpa_theia:n86987,4235
darpa_theia:n87089,4236
darpa_theia:n8709,4237
darpa_theia:n87244,4238
darpa_theia:n87250,4239
darpa_theia:n87279,4240
darpa_theia:n87292,4241
darpa_theia:n8731,4242
darpa_theia:n87324,4243
darpa_theia:n87349,4244
darpa_theia:n874,4245
darpa_theia:n875,4246
darpa_theia:n87533,4247
darpa_theia:n87535,4248
darpa_theia:n87639,4249
darpa_theia:n877,4250
darpa_theia:n87834,4251
darpa_theia:n87842,4252
darpa_theia:n87851,4253
darpa_theia:n88088,4254
darpa_theia:n881,4255
darpa_theia:n88123,4256
darpa_theia:n88124,4257
darpa_theia:n88177,4258
darpa_theia:n88236,4259
darpa_theia:n88252,4260
darpa_theia:n88253,4261
darpa_theia:n8827,4262
darpa_theia:n88291,4263
darpa_theia:n88292,4264
darpa_theia:n88301,4265
darpa_theia:n88331,4266
darpa_theia:n885,4267
darpa_theia:n88512,4268
darpa_theia:n88586,4269
darpa_theia:n88761,4270
darpa_theia:n88887,4271
darpa_theia:n88922,4272
darpa_theia:n88991,4273
darpa_theia:n89033,4274
darpa_theia:n89035,4275
darpa_theia:n89051,4276
darpa_theia:n891,4277
darpa_theia:n89151,4278
darpa_theia:n893,4279
darpa_theia:n89337,4280
darpa_theia:n89404,4281
darpa_theia:n895,4282
darpa_theia:n89514,4283
darpa_theia:n89548,4284
darpa_theia:n89597,4285
darpa_theia:n89659,4286
darpa_theia:n89729,4287
darpa_theia:n89770,4288
darpa_theia:n8980,4289
darpa_theia:n899,4290
darpa_theia:n89967,4291
darpa_theia:n90079,4292
darpa_theia:n90105,4293
darpa_theia:n90152,4294
darpa_theia:n90161,4295
darpa_theia:n90172,4296
darpa_theia:n90174,4297
darpa_theia:n90186,4298
darpa_theia:n90201,4299
darpa_theia:n90226,4300
darpa_theia:n90239,4301
darpa_theia:n90250,4302
darpa_theia:n90262,4303
darpa_theia:n90272,4304
darpa_theia:n90289,4305
darpa_theia:n90334,4306
darpa_theia:n90336,4307
darpa_theia:n90346,4308
darpa_theia:n90416,4309
darpa_theia:n90423,4310
darpa_theia:n9045,4311
darpa_theia:n90465,4312
darpa_theia:n90522,4313
darpa_theia:n90562,4314
darpa_theia:n90565,4315
darpa_theia:n906,4316
darpa_theia:n90601,4317
darpa_theia:n90602,4318
darpa_theia:n90608,4319
darpa_theia:n90615,4320
darpa_theia:n90661,4321
darpa_theia:n90678,4322
darpa_theia:n90718,4323
darpa_theia:n90722,4324
darpa_theia:n90790,4325
darpa_theia:n90798,4326
darpa_theia:n90817,4327
darpa_theia:n90881,4328
darpa_theia:n90952,4329
darpa_theia:n910,4330
darpa_theia:n91030,4331
darpa_theia:n91098,4332
darpa_theia:n91258,4333
darpa_theia:n91263,4334
darpa_theia:n91283,4335
darpa_theia:n91311,4336
darpa_theia:n91314,4337
darpa_theia:n9136,4338
darpa_theia:n91376,4339
darpa_theia:n9138,4340
darpa_theia:n914,4341
darpa_theia:n91483,4342
darpa_theia:n91543,4343
darpa_theia:n91567,4344
darpa_theia:n91619,4345
darpa_theia:n91625,4346
darpa_theia:n91635,4347
darpa_theia:n91660,4348
darpa_theia:n91746,4349
darpa_theia:n91752,4350
darpa_theia:n91761,4351
darpa_theia:n91766,4352
darpa_theia:n91787,4353
darpa_theia:n918,4354
darpa_theia:n91824,4355
darpa_theia:n91880,4356
darpa_theia:n91928,4357
darpa_theia:n91977,4358
darpa_theia:n92010,4359
darpa_theia:n92105,4360
darpa_theia:n92109,4361
darpa_theia:n92116,4362
darpa_theia:n92151,4363
darpa_theia:n92156,4364
darpa_theia:n92186,4365
darpa_theia:n92357,4366
darpa_theia:n92428,4367
darpa_theia:n9244,4368
darpa_theia:n92497,4369
darpa_theia:n92525,4370
darpa_theia:n92562,4371
darpa_theia:n92589,4372
darpa_theia:n92630,4373
darpa_theia:n92781,4374
darpa_theia:n92785,4375
darpa_theia:n92810,4376
darpa_theia:n92831,4377
darpa_theia:n92833,4378
darpa_theia:n92884,4379
darpa_theia:n92929,4380
darpa_theia:n92954,4381
darpa_theia:n92961,4382
darpa_theia:n92965,4383
darpa_theia:n93072,4384
darpa_theia:n931,4385
darpa_theia:n93100,4386
darpa_theia:n93142,4387
darpa_theia:n93162,4388
darpa_theia:n93169,4389
darpa_theia:n93191,4390
darpa_theia:n93289,4391
darpa_theia:n93413,4392
darpa_theia:n93483,4393
darpa_theia:n93590,4394
darpa_theia:n93657,4395
darpa_theia:n93704,4396
darpa_theia:n93820,4397
darpa_theia:n93857,4398
darpa_theia:n93875,4399
darpa_theia:n93894,4400
darpa_theia:n93977,4401
darpa_theia:n9404,4402
darpa_theia:n94049,4403
darpa_theia:n94059,4404
darpa_theia:n94093,4405
darpa_theia:n94094,4406
darpa_theia:n94123,4407
darpa_theia:n94126,4408
darpa_theia:n94128,4409
darpa_theia:n94130,4410
darpa_theia:n94148,4411
darpa_theia:n942,4412
darpa_theia:n94369,4413
darpa_theia:n9443,4414
darpa_theia:n94452,4415
darpa_theia:n94521,4416
darpa_theia:n94530,4417
darpa_theia:n946,4418
darpa_theia:n94642,4419
darpa_theia:n94746,4420
darpa_theia:n94789,4421
darpa_theia:n94843,4422
darpa_theia:n94859,4423
darpa_theia:n94919,4424
darpa_theia:n94920,4425
darpa_theia:n94999,4426
darpa_theia:n950,4427
darpa_theia:n95040,4428
darpa_theia:n95234,4429
darpa_theia:n953,4430
darpa_theia:n95331,4431
darpa_theia:n95457,4432
darpa_theia:n95459,4433
darpa_theia:n95522,4434
darpa_theia:n95559,4435
darpa_theia:n95595,4436
darpa_theia:n956,4437
darpa_theia:n95660,4438
darpa_theia:n95726,4439
darpa_theia:n959,4440
darpa_theia:n96103,4441
darpa_theia:n96145,4442
darpa_theia:n96193,4443
darpa_theia:n962,4444
darpa_theia:n9623,4445
darpa_theia:n96233,4446
darpa_theia:n9630,4447
darpa_theia:n96316,4448
darpa_theia:n96332,4449
darpa_theia:n96353,4450
darpa_theia:n96386,4451
darpa_theia:n96391,4452
darpa_theia:n96522,4453
darpa_theia:n96540,4454
darpa_theia:n9657,4455
darpa_theia:n96576,4456
darpa_theia:n96581,4457
darpa_theia:n96589,4458
darpa_theia:n96683,4459
darpa_theia:n96777,4460
darpa_theia:n96800,4461
darpa_theia:n9682,4462
darpa_theia:n96843,4463
darpa_theia:n96876,4464
darpa_theia:n969,4465
darpa_theia:n9701,4466
darpa_theia:n97019,4467
darpa_theia:n97075,4468
darpa_theia:n97086,4469
darpa_theia:n97126,4470
darpa_theia:n973,4471
darpa_theia:n97322,4472
darpa_theia:n97461,4473
darpa_theia:n97503,4474
darpa_theia:n97507,4475
darpa_theia:n9753,4476
darpa_theia:n97533,4477
darpa_theia:n9754,4478
darpa_theia:n9755,4479
darpa_theia:n97559,4480
darpa_theia:n97656,4481
darpa_theia:n977,4482
darpa_theia:n97703,4483
darpa_theia:n9771,4484
darpa_theia:n97719,4485
darpa_theia:n9780,4486
darpa_theia:n97802,4487
darpa_theia:n9782,4488
darpa_theia:n97821,4489
darpa_theia:n9786,4490
darpa_theia:n97915,4491
darpa_theia:n97919,4492
darpa_theia:n9794,4493
darpa_theia:n9801,4494
darpa_theia:n9809,4495
darpa_theia:n981,4496
darpa_theia:n98134,4497
darpa_theia:n9818,4498
darpa_theia:n9826,4499
darpa_theia:n9829,4500
darpa_theia:n98324,4501
darpa_theia:n98433,4502
darpa_theia:n98454,4503
darpa_theia:n98467,4504
darpa_theia:n985,4505
darpa_theia:n98518,4506
darpa_theia:n98529,4507
darpa_theia:n98557,4508
darpa_theia:n98561,4509
darpa_theia:n98563,4510
darpa_theia:n98575,4511
darpa_theia:n98593,4512
darpa_theia:n98617,4513
darpa_theia:n98649,4514
darpa_theia:n98718,4515
darpa_theia:n9875,4516
darpa_theia:n98754,4517
darpa_theia:n98758,4518
darpa_theia:n98764,4519
darpa_theia:n98857,4520
darpa_theia:n98882,4521
darpa_theia:n989,4522
darpa_theia:n9891,4523
darpa_theia:n9895,4524
darpa_theia:n99101,4525
darpa_theia:n99137,4526
darpa_theia:n99192,4527
darpa_theia:n9929,4528
darpa_theia:n99343,4529
darpa_theia:n99369,4530
darpa_theia:n9937,4531
darpa_theia:n99564,4532
darpa_theia:n9963,4533
darpa_theia:n99635,4534
darpa_theia:n99686,4535
darpa_theia:n997,4536
darpa_theia:n9970,4537
darpa_theia:n99790,4538
darpa_theia:n99878,4539
darpa_theia:n99889,4540
darpa_theia:n9989,4541
darpa_theia:n99917,4542
darpa_theia:n99964,4543
darpa_theia:n9997,4544
