timestamp,src_id,dst_id,src_type,dst_type,relation,edge_label,node_label,src_node_label,dst_node_label,campaign_id,campaign_label,feat_original_edge_index
1.0,darpa_cadets:n0,darpa_cadets:n234717,type_1,type_0,rel_5,0,0,0,0,train:window_0,0,116.0
2.0,darpa_cadets:n3,darpa_cadets:n1526,type_0,type_0,rel_8,0,0,0,0,train:window_0,0,352.0
3.0,darpa_cadets:n3,darpa_cadets:n1738,type_0,type_0,rel_8,0,0,0,0,train:window_0,0,361.0
4.0,darpa_cadets:n3,darpa_cadets:n3235,type_0,type_3,rel_1,0,0,0,0,train:window_0,0,447.0
5.0,darpa_cadets:n3,darpa_cadets:n12857,type_0,type_0,rel_8,0,0,0,0,train:window_0,0,923.0
6.0,darpa_cadets:n3,darpa_cadets:n13595,type_0,type_0,rel_8,0,0,0,0,train:window_0,0,971.0
7.0,darpa_cadets:n3,darpa_cadets:n13909,type_0,type_0,rel_8,0,0,0,0,train:window_0,0,1003.0
8.0,darpa_cadets:n3,darpa_cadets:n14829,type_0,type_0,rel_8,0,0,0,0,train:window_0,0,1057.0
9.0,darpa_cadets:n3,darpa_cadets:n14963,type_0,type_0,rel_8,0,0,0,0,train:window_0,0,1068.0
10.0,darpa_cadets:n3,darpa_cadets:n16091,type_0,type_0,rel_8,0,0,0,0,train:window_0,0,1146.0
11.0,darpa_cadets:n3,darpa_cadets:n16353,type_0,type_0,rel_8,0,0,0,0,train:window_0,0,1163.0
12.0,darpa_cadets:n3,darpa_cadets:n16815,type_0,type_0,rel_8,0,0,0,0,train:window_0,0,1199.0
13.0,darpa_cadets:n3,darpa_cadets:n20238,type_0,type_0,rel_8,0,0,0,0,train:window_0,0,1427.0
14.0,darpa_cadets:n3,darpa_cadets:n23913,type_0,type_0,rel_8,0,0,0,0,train:window_0,0,1686.0
15.0,darpa_cadets:n3,darpa_cadets:n24340,type_0,type_0,rel_8,0,0,0,0,train:window_0,0,1718.0
16.0,darpa_cadets:n3,darpa_cadets:n25030,type_0,type_0,rel_8,0,0,0,0,train:window_0,0,1764.0
17.0,darpa_cadets:n3,darpa_cadets:n26188,type_0,type_0,rel_8,0,0,0,0,train:window_0,0,1843.0
18.0,darpa_cadets:n3,darpa_cadets:n27094,type_0,type_0,rel_8,0,0,0,0,train:window_0,0,1886.0
19.0,darpa_cadets:n3,darpa_cadets:n29926,type_0,type_0,rel_8,0,0,0,0,train:window_0,0,2038.0
20.0,darpa_cadets:n3,darpa_cadets:n32548,type_0,type_0,rel_8,0,0,0,0,train:window_0,0,2232.0
21.0,darpa_cadets:n3,darpa_cadets:n39379,type_0,type_0,rel_8,0,0,0,0,train:window_0,0,2733.0
22.0,darpa_cadets:n3,darpa_cadets:n42887,type_0,type_0,rel_8,0,0,0,0,train:window_0,0,3004.0
23.0,darpa_cadets:n3,darpa_cadets:n44737,type_0,type_3,rel_1,0,0,0,0,train:window_0,0,3142.0
24.0,darpa_cadets:n3,darpa_cadets:n45402,type_0,type_0,rel_8,0,0,0,0,train:window_0,0,3188.0
25.0,darpa_cadets:n3,darpa_cadets:n50701,type_0,type_0,rel_8,0,0,0,0,train:window_0,0,3579.0
26.0,darpa_cadets:n3,darpa_cadets:n52896,type_0,type_0,rel_8,0,0,0,0,train:window_0,0,3749.0
27.0,darpa_cadets:n3,darpa_cadets:n56092,type_0,type_0,rel_8,0,0,0,0,train:window_0,0,3982.0
28.0,darpa_cadets:n3,darpa_cadets:n57764,type_0,type_0,rel_8,0,0,0,0,train:window_0,0,4106.0
29.0,darpa_cadets:n3,darpa_cadets:n58098,type_0,type_3,rel_1,0,0,0,0,train:window_0,0,4132.0
30.0,darpa_cadets:n3,darpa_cadets:n59577,type_0,type_0,rel_8,0,0,0,0,train:window_0,0,4245.0
31.0,darpa_cadets:n3,darpa_cadets:n61605,type_0,type_0,rel_8,0,0,0,0,train:window_0,0,4401.0
32.0,darpa_cadets:n3,darpa_cadets:n86613,type_0,type_0,rel_8,0,0,0,0,train:window_0,0,4495.0
33.0,darpa_cadets:n3,darpa_cadets:n105453,type_0,type_0,rel_8,0,0,0,0,train:window_0,0,4529.0
34.0,darpa_cadets:n3,darpa_cadets:n106600,type_0,type_0,rel_8,0,0,0,0,train:window_0,0,4624.0
35.0,darpa_cadets:n3,darpa_cadets:n109860,type_0,type_0,rel_8,0,0,0,0,train:window_0,0,4868.0
36.0,darpa_cadets:n3,darpa_cadets:n139009,type_0,type_0,rel_8,0,0,0,0,train:window_0,0,5439.0
37.0,darpa_cadets:n3,darpa_cadets:n140832,type_0,type_0,rel_8,0,0,0,0,train:window_0,0,5574.0
38.0,darpa_cadets:n3,darpa_cadets:n144258,type_0,type_0,rel_8,0,0,0,0,train:window_0,0,5837.0
39.0,darpa_cadets:n3,darpa_cadets:n152000,type_0,type_0,rel_8,0,0,0,0,train:window_0,0,6436.0
40.0,darpa_cadets:n3,darpa_cadets:n153283,type_0,type_0,rel_8,0,0,0,0,train:window_0,0,6536.0
41.0,darpa_cadets:n3,darpa_cadets:n156699,type_0,type_0,rel_8,0,0,0,0,train:window_0,0,6802.0
42.0,darpa_cadets:n3,darpa_cadets:n156829,type_0,type_0,rel_8,0,0,0,0,train:window_0,0,6808.0
43.0,darpa_cadets:n3,darpa_cadets:n161263,type_0,type_0,rel_8,0,0,0,0,train:window_0,0,7153.0
44.0,darpa_cadets:n3,darpa_cadets:n163808,type_0,type_0,rel_8,0,0,0,0,train:window_0,0,7345.0
45.0,darpa_cadets:n3,darpa_cadets:n170550,type_0,type_0,rel_8,0,0,0,0,train:window_0,0,7868.0
46.0,darpa_cadets:n3,darpa_cadets:n171704,type_0,type_3,rel_1,0,0,0,0,train:window_0,0,7953.0
47.0,darpa_cadets:n3,darpa_cadets:n173406,type_0,type_0,rel_8,0,0,0,0,train:window_0,0,8091.0
48.0,darpa_cadets:n3,darpa_cadets:n175261,type_0,type_0,rel_8,0,0,0,0,train:window_0,0,8232.0
49.0,darpa_cadets:n3,darpa_cadets:n175663,type_0,type_0,rel_8,0,0,0,0,train:window_0,0,8260.0
50.0,darpa_cadets:n3,darpa_cadets:n178362,type_0,type_0,rel_8,0,0,0,0,train:window_0,0,8467.0
51.0,darpa_cadets:n3,darpa_cadets:n188216,type_0,type_0,rel_8,0,0,0,0,train:window_0,0,9231.0
52.0,darpa_cadets:n3,darpa_cadets:n188360,type_0,type_0,rel_8,0,0,0,0,train:window_0,0,9245.0
53.0,darpa_cadets:n3,darpa_cadets:n188503,type_0,type_0,rel_8,0,0,0,0,train:window_0,0,9250.0
54.0,darpa_cadets:n3,darpa_cadets:n194598,type_0,type_0,rel_8,0,0,0,0,train:window_0,0,9717.0
55.0,darpa_cadets:n3,darpa_cadets:n196582,type_0,type_0,rel_8,0,0,0,0,train:window_0,0,9820.0
56.0,darpa_cadets:n3,darpa_cadets:n197721,type_0,type_0,rel_8,0,0,0,0,train:window_0,0,9905.0
57.0,darpa_cadets:n3,darpa_cadets:n198625,type_0,type_0,rel_8,0,0,0,0,train:window_0,0,9972.0
58.0,darpa_cadets:n3,darpa_cadets:n200779,type_0,type_0,rel_8,0,0,0,0,train:window_0,0,10128.0
59.0,darpa_cadets:n3,darpa_cadets:n201212,type_0,type_3,rel_1,0,0,0,0,train:window_0,0,10164.0
60.0,darpa_cadets:n3,darpa_cadets:n205752,type_0,type_0,rel_8,0,0,0,0,train:window_0,0,10509.0
61.0,darpa_cadets:n3,darpa_cadets:n206146,type_0,type_0,rel_8,0,0,0,0,train:window_0,0,10536.0
62.0,darpa_cadets:n3,darpa_cadets:n210195,type_0,type_0,rel_8,0,0,0,0,train:window_0,0,10826.0
63.0,darpa_cadets:n3,darpa_cadets:n211469,type_0,type_0,rel_8,0,0,0,0,train:window_0,0,10909.0
64.0,darpa_cadets:n3,darpa_cadets:n217806,type_0,type_0,rel_8,0,0,0,0,train:window_0,0,11323.0
65.0,darpa_cadets:n3,darpa_cadets:n222302,type_0,type_0,rel_8,0,0,0,0,train:window_0,0,11606.0
66.0,darpa_cadets:n3,darpa_cadets:n222875,type_0,type_0,rel_8,0,0,0,0,train:window_0,0,11634.0
67.0,darpa_cadets:n3,darpa_cadets:n226001,type_0,type_3,rel_1,0,0,0,0,train:window_0,0,11836.0
68.0,darpa_cadets:n3,darpa_cadets:n232914,type_0,type_0,rel_8,0,0,0,0,train:window_0,0,12275.0
69.0,darpa_cadets:n3,darpa_cadets:n234532,type_0,type_0,rel_8,0,0,0,0,train:window_0,0,12390.0
70.0,darpa_cadets:n3,darpa_cadets:n236250,type_0,type_0,rel_8,0,0,0,0,train:window_0,0,12493.0
71.0,darpa_cadets:n3,darpa_cadets:n240266,type_0,type_0,rel_8,0,0,0,0,train:window_0,0,12753.0
72.0,darpa_cadets:n3,darpa_cadets:n245685,type_0,type_0,rel_8,0,0,0,0,train:window_0,0,13139.0
73.0,darpa_cadets:n3,darpa_cadets:n245940,type_0,type_0,rel_8,0,0,0,0,train:window_0,0,13152.0
74.0,darpa_cadets:n3,darpa_cadets:n245951,type_0,type_0,rel_8,0,0,0,0,train:window_0,0,13159.0
75.0,darpa_cadets:n3,darpa_cadets:n246093,type_0,type_0,rel_8,0,0,0,0,train:window_0,0,13171.0
76.0,darpa_cadets:n3,darpa_cadets:n246551,type_0,type_0,rel_8,0,0,0,0,train:window_0,0,13203.0
77.0,darpa_cadets:n3,darpa_cadets:n247286,type_0,type_3,rel_1,0,0,0,0,train:window_0,0,13244.0
78.0,darpa_cadets:n3,darpa_cadets:n250219,type_0,type_3,rel_1,0,0,0,0,train:window_0,0,13464.0
79.0,darpa_cadets:n3,darpa_cadets:n250533,type_0,type_0,rel_8,0,0,0,0,train:window_0,0,13491.0
80.0,darpa_cadets:n3,darpa_cadets:n253875,type_0,type_0,rel_8,0,0,0,0,train:window_0,0,13722.0
81.0,darpa_cadets:n3,darpa_cadets:n254917,type_0,type_0,rel_8,0,0,0,0,train:window_0,0,13791.0
82.0,darpa_cadets:n3,darpa_cadets:n262942,type_0,type_0,rel_8,0,0,0,0,train:window_0,0,14293.0
83.0,darpa_cadets:n3,darpa_cadets:n263351,type_0,type_0,rel_8,0,0,0,0,train:window_0,0,14314.0
84.0,darpa_cadets:n3,darpa_cadets:n264106,type_0,type_0,rel_8,0,0,0,0,train:window_0,0,14358.0
85.0,darpa_cadets:n3,darpa_cadets:n267253,type_0,type_0,rel_8,0,0,0,0,train:window_0,0,14533.0
86.0,darpa_cadets:n3,darpa_cadets:n267914,type_0,type_0,rel_8,0,0,0,0,train:window_0,0,14578.0
87.0,darpa_cadets:n3,darpa_cadets:n268893,type_0,type_0,rel_8,0,0,0,0,train:window_0,0,14632.0
88.0,darpa_cadets:n3,darpa_cadets:n286356,type_0,type_0,rel_8,0,0,0,0,train:window_0,0,14954.0
89.0,darpa_cadets:n3,darpa_cadets:n289643,type_0,type_0,rel_8,0,0,0,0,train:window_0,0,15206.0
90.0,darpa_cadets:n3,darpa_cadets:n295622,type_0,type_0,rel_8,0,0,0,0,train:window_0,0,15625.0
91.0,darpa_cadets:n3,darpa_cadets:n305897,type_0,type_0,rel_8,0,0,0,0,train:window_0,0,16275.0
92.0,darpa_cadets:n3,darpa_cadets:n308153,type_0,type_0,rel_8,0,0,0,0,train:window_0,0,16426.0
93.0,darpa_cadets:n3,darpa_cadets:n309412,type_0,type_0,rel_8,0,0,0,0,train:window_0,0,16491.0
94.0,darpa_cadets:n3,darpa_cadets:n310826,type_0,type_0,rel_8,0,0,0,0,train:window_0,0,16584.0
95.0,darpa_cadets:n3,darpa_cadets:n311146,type_0,type_0,rel_8,0,0,0,0,train:window_0,0,16609.0
96.0,darpa_cadets:n3,darpa_cadets:n313376,type_0,type_0,rel_8,0,0,0,0,train:window_0,0,16751.0
97.0,darpa_cadets:n3,darpa_cadets:n313380,type_0,type_3,rel_1,0,0,0,0,train:window_0,0,16753.0
98.0,darpa_cadets:n3,darpa_cadets:n324534,type_0,type_0,rel_8,0,0,0,0,train:window_0,0,17459.0
99.0,darpa_cadets:n3,darpa_cadets:n326114,type_0,type_0,rel_8,0,0,0,0,train:window_0,0,17539.0
100.0,darpa_cadets:n3,darpa_cadets:n330470,type_0,type_0,rel_8,0,0,0,0,train:window_0,0,17844.0
101.0,darpa_cadets:n3,darpa_cadets:n330626,type_0,type_0,rel_8,0,0,0,0,train:window_1,0,17856.0
102.0,darpa_cadets:n3,darpa_cadets:n337601,type_0,type_0,rel_8,0,0,0,0,train:window_1,0,18303.0
103.0,darpa_cadets:n3,darpa_cadets:n337752,type_0,type_0,rel_8,0,0,0,0,train:window_1,0,18320.0
104.0,darpa_cadets:n3,darpa_cadets:n338339,type_0,type_0,rel_8,0,0,0,0,train:window_1,0,18361.0
105.0,darpa_cadets:n3,darpa_cadets:n339657,type_0,type_0,rel_8,0,0,0,0,train:window_1,0,18456.0
106.0,darpa_cadets:n3,darpa_cadets:n342990,type_0,type_0,rel_8,0,0,0,0,train:window_1,0,18699.0
107.0,darpa_cadets:n3,darpa_cadets:n345791,type_0,type_0,rel_8,0,0,0,0,train:window_1,0,18913.0
108.0,darpa_cadets:n3,darpa_cadets:n346820,type_0,type_0,rel_8,0,0,0,0,train:window_1,0,18990.0
109.0,darpa_cadets:n3,darpa_cadets:n348107,type_0,type_0,rel_8,0,0,0,0,train:window_1,0,19081.0
110.0,darpa_cadets:n3,darpa_cadets:n348597,type_0,type_0,rel_8,0,0,0,0,train:window_1,0,19122.0
111.0,darpa_cadets:n3,darpa_cadets:n355133,type_0,type_0,rel_8,0,0,0,0,train:window_1,0,19598.0
112.0,darpa_cadets:n3,darpa_cadets:n355720,type_0,type_0,rel_8,0,0,0,0,train:window_1,0,19649.0
113.0,darpa_cadets:n8,darpa_cadets:n1338,type_1,type_0,rel_5,1,0,1,0,train:window_1,1,19860.0
114.0,darpa_cadets:n8,darpa_cadets:n4850,type_1,type_0,rel_5,1,0,1,0,train:window_1,1,20161.0
115.0,darpa_cadets:n8,darpa_cadets:n5741,type_1,type_0,rel_5,1,0,1,0,train:window_1,1,20232.0
116.0,darpa_cadets:n8,darpa_cadets:n7523,type_1,type_0,rel_5,1,0,1,0,train:window_1,1,20343.0
117.0,darpa_cadets:n8,darpa_cadets:n7738,type_1,type_0,rel_5,1,0,1,0,train:window_1,1,20351.0
118.0,darpa_cadets:n8,darpa_cadets:n8169,type_1,type_0,rel_5,1,0,1,0,train:window_1,1,20397.0
119.0,darpa_cadets:n8,darpa_cadets:n10916,type_1,type_0,rel_5,1,0,1,0,train:window_1,1,20636.0
120.0,darpa_cadets:n8,darpa_cadets:n12078,type_1,type_0,rel_5,1,0,1,0,train:window_1,1,20724.0
121.0,darpa_cadets:n8,darpa_cadets:n16641,type_1,type_0,rel_5,1,0,1,0,train:window_1,1,21115.0
122.0,darpa_cadets:n8,darpa_cadets:n18307,type_1,type_0,rel_5,1,0,1,0,train:window_1,1,21255.0
123.0,darpa_cadets:n8,darpa_cadets:n18828,type_1,type_0,rel_5,1,0,1,0,train:window_1,1,21308.0
124.0,darpa_cadets:n8,darpa_cadets:n18958,type_1,type_0,rel_5,1,0,1,0,train:window_1,1,21314.0
125.0,darpa_cadets:n8,darpa_cadets:n22766,type_1,type_0,rel_5,1,0,1,0,train:window_1,1,21628.0
126.0,darpa_cadets:n8,darpa_cadets:n25576,type_1,type_0,rel_5,1,0,1,0,train:window_1,1,21859.0
127.0,darpa_cadets:n8,darpa_cadets:n26084,type_1,type_0,rel_5,1,0,1,0,train:window_1,1,21915.0
128.0,darpa_cadets:n8,darpa_cadets:n26681,type_1,type_0,rel_5,1,0,1,0,train:window_1,1,21961.0
129.0,darpa_cadets:n8,darpa_cadets:n27758,type_1,type_0,rel_5,1,0,1,0,train:window_1,1,22058.0
130.0,darpa_cadets:n8,darpa_cadets:n28975,type_1,type_0,rel_5,1,0,1,0,train:window_1,1,22170.0
131.0,darpa_cadets:n8,darpa_cadets:n30409,type_1,type_0,rel_5,1,0,1,0,train:window_1,1,22258.0
132.0,darpa_cadets:n8,darpa_cadets:n31952,type_1,type_0,rel_5,1,0,1,0,train:window_1,1,22392.0
133.0,darpa_cadets:n8,darpa_cadets:n32242,type_1,type_0,rel_5,1,0,1,0,train:window_1,1,22423.0
134.0,darpa_cadets:n8,darpa_cadets:n32958,type_1,type_0,rel_5,1,0,1,0,train:window_1,1,22470.0
135.0,darpa_cadets:n8,darpa_cadets:n33151,type_1,type_0,rel_5,1,0,1,0,train:window_1,1,22494.0
136.0,darpa_cadets:n8,darpa_cadets:n34628,type_1,type_0,rel_5,1,0,1,0,train:window_1,1,22613.0
137.0,darpa_cadets:n8,darpa_cadets:n35666,type_1,type_0,rel_5,1,0,1,0,train:window_1,1,22701.0
138.0,darpa_cadets:n8,darpa_cadets:n38487,type_1,type_0,rel_5,1,0,1,0,train:window_1,1,22931.0
139.0,darpa_cadets:n8,darpa_cadets:n42303,type_1,type_0,rel_5,1,0,1,0,train:window_1,1,23245.0
140.0,darpa_cadets:n8,darpa_cadets:n43278,type_1,type_0,rel_5,1,0,1,0,train:window_1,1,23322.0
141.0,darpa_cadets:n8,darpa_cadets:n44740,type_1,type_0,rel_5,1,0,1,0,train:window_1,1,23446.0
142.0,darpa_cadets:n8,darpa_cadets:n45545,type_1,type_0,rel_5,1,0,1,0,train:window_1,1,23525.0
143.0,darpa_cadets:n8,darpa_cadets:n54326,type_1,type_0,rel_5,1,0,1,0,train:window_1,1,24260.0
144.0,darpa_cadets:n8,darpa_cadets:n61753,type_1,type_0,rel_5,1,0,1,0,train:window_1,1,24866.0
145.0,darpa_cadets:n8,darpa_cadets:n62371,type_1,type_0,rel_5,1,0,1,0,train:window_1,1,24926.0
146.0,darpa_cadets:n8,darpa_cadets:n135581,type_1,type_0,rel_5,1,0,1,0,train:window_1,1,25856.0
147.0,darpa_cadets:n8,darpa_cadets:n136082,type_1,type_0,rel_5,1,0,1,0,train:window_1,1,25897.0
148.0,darpa_cadets:n8,darpa_cadets:n138833,type_1,type_0,rel_5,1,0,1,0,train:window_1,1,26115.0
149.0,darpa_cadets:n8,darpa_cadets:n139204,type_1,type_0,rel_5,1,0,1,0,train:window_1,1,26150.0
150.0,darpa_cadets:n8,darpa_cadets:n139280,type_1,type_0,rel_5,1,0,1,0,train:window_1,1,26157.0
151.0,darpa_cadets:n8,darpa_cadets:n144533,type_1,type_0,rel_5,1,0,1,0,train:window_1,1,26575.0
152.0,darpa_cadets:n8,darpa_cadets:n145976,type_1,type_0,rel_5,1,0,1,0,train:window_1,1,26696.0
153.0,darpa_cadets:n8,darpa_cadets:n146972,type_1,type_0,rel_5,1,0,1,0,train:window_1,1,26775.0
154.0,darpa_cadets:n8,darpa_cadets:n151500,type_1,type_0,rel_5,1,0,1,0,train:window_1,1,27149.0
155.0,darpa_cadets:n8,darpa_cadets:n155691,type_1,type_0,rel_5,1,0,1,0,train:window_1,1,27489.0
156.0,darpa_cadets:n8,darpa_cadets:n156975,type_1,type_0,rel_5,1,0,1,0,train:window_1,1,27593.0
157.0,darpa_cadets:n8,darpa_cadets:n157390,type_1,type_0,rel_5,1,0,1,0,train:window_1,1,27618.0
158.0,darpa_cadets:n8,darpa_cadets:n159380,type_1,type_0,rel_5,1,0,1,0,train:window_1,1,27785.0
159.0,darpa_cadets:n8,darpa_cadets:n162407,type_1,type_0,rel_5,1,0,1,0,train:window_1,1,28034.0
160.0,darpa_cadets:n8,darpa_cadets:n163262,type_1,type_0,rel_5,1,0,1,0,train:window_1,1,28108.0
161.0,darpa_cadets:n8,darpa_cadets:n164240,type_1,type_0,rel_5,1,0,1,0,train:window_1,1,28177.0
162.0,darpa_cadets:n8,darpa_cadets:n167062,type_1,type_0,rel_5,1,0,1,0,train:window_1,1,28406.0
163.0,darpa_cadets:n8,darpa_cadets:n171117,type_1,type_0,rel_5,1,0,1,0,train:window_1,1,28746.0
164.0,darpa_cadets:n8,darpa_cadets:n171407,type_1,type_0,rel_5,1,0,1,0,train:window_1,1,28775.0
165.0,darpa_cadets:n8,darpa_cadets:n173825,type_1,type_0,rel_5,1,0,1,0,train:window_1,1,28969.0
166.0,darpa_cadets:n8,darpa_cadets:n175662,type_1,type_0,rel_5,1,0,1,0,train:window_1,1,29114.0
167.0,darpa_cadets:n8,darpa_cadets:n177106,type_1,type_0,rel_5,1,0,1,0,train:window_1,1,29243.0
168.0,darpa_cadets:n8,darpa_cadets:n179245,type_1,type_0,rel_5,1,0,1,0,train:window_1,1,29411.0
169.0,darpa_cadets:n8,darpa_cadets:n181671,type_1,type_0,rel_5,1,0,1,0,train:window_1,1,29610.0
170.0,darpa_cadets:n8,darpa_cadets:n182372,type_1,type_0,rel_5,1,0,1,0,train:window_1,1,29662.0
171.0,darpa_cadets:n8,darpa_cadets:n185966,type_1,type_0,rel_5,1,0,1,0,train:window_1,1,29961.0
172.0,darpa_cadets:n8,darpa_cadets:n186523,type_1,type_0,rel_5,1,0,1,0,train:window_1,1,29998.0
173.0,darpa_cadets:n8,darpa_cadets:n187810,type_1,type_0,rel_5,1,0,1,0,train:window_1,1,30104.0
174.0,darpa_cadets:n8,darpa_cadets:n194439,type_1,type_0,rel_5,1,0,1,0,train:window_1,1,30645.0
175.0,darpa_cadets:n8,darpa_cadets:n195545,type_1,type_0,rel_5,1,0,1,0,train:window_1,1,30734.0
176.0,darpa_cadets:n8,darpa_cadets:n197501,type_1,type_0,rel_5,1,0,1,0,train:window_1,1,30877.0
177.0,darpa_cadets:n8,darpa_cadets:n202513,type_1,type_0,rel_5,1,0,1,0,train:window_1,1,31284.0
178.0,darpa_cadets:n8,darpa_cadets:n206600,type_1,type_0,rel_5,1,0,1,0,train:window_1,1,31623.0
179.0,darpa_cadets:n8,darpa_cadets:n211658,type_1,type_0,rel_5,1,0,1,0,train:window_1,1,32045.0
180.0,darpa_cadets:n8,darpa_cadets:n214051,type_1,type_0,rel_5,1,0,1,0,train:window_1,1,32258.0
181.0,darpa_cadets:n8,darpa_cadets:n215455,type_1,type_0,rel_5,1,0,1,0,train:window_1,1,32377.0
182.0,darpa_cadets:n8,darpa_cadets:n219276,type_1,type_0,rel_5,1,0,1,0,train:window_1,1,32708.0
183.0,darpa_cadets:n8,darpa_cadets:n221343,type_1,type_0,rel_5,1,0,1,0,train:window_1,1,32882.0
184.0,darpa_cadets:n8,darpa_cadets:n221925,type_1,type_0,rel_5,1,0,1,0,train:window_1,1,32931.0
185.0,darpa_cadets:n8,darpa_cadets:n226164,type_1,type_0,rel_5,1,0,1,0,train:window_1,1,33318.0
186.0,darpa_cadets:n8,darpa_cadets:n226464,type_1,type_0,rel_5,1,0,1,0,train:window_1,1,33341.0
187.0,darpa_cadets:n8,darpa_cadets:n227397,type_1,type_0,rel_5,1,0,1,0,train:window_1,1,33424.0
188.0,darpa_cadets:n8,darpa_cadets:n228571,type_1,type_0,rel_5,1,0,1,0,train:window_1,1,33522.0
189.0,darpa_cadets:n8,darpa_cadets:n229404,type_1,type_0,rel_5,1,0,1,0,train:window_1,1,33594.0
190.0,darpa_cadets:n8,darpa_cadets:n229481,type_1,type_0,rel_5,1,0,1,0,train:window_1,1,33602.0
191.0,darpa_cadets:n8,darpa_cadets:n229551,type_1,type_0,rel_5,1,0,1,0,train:window_1,1,33604.0
192.0,darpa_cadets:n8,darpa_cadets:n229904,type_1,type_0,rel_5,1,0,1,0,train:window_1,1,33637.0
193.0,darpa_cadets:n8,darpa_cadets:n230337,type_1,type_0,rel_5,1,0,1,0,train:window_1,1,33681.0
194.0,darpa_cadets:n8,darpa_cadets:n230416,type_1,type_0,rel_5,1,0,1,0,train:window_1,1,33685.0
195.0,darpa_cadets:n8,darpa_cadets:n232305,type_1,type_0,rel_5,1,0,1,0,train:window_1,1,33851.0
196.0,darpa_cadets:n8,darpa_cadets:n234221,type_1,type_0,rel_5,1,0,1,0,train:window_1,1,34018.0
197.0,darpa_cadets:n8,darpa_cadets:n235690,type_1,type_0,rel_5,1,0,1,0,train:window_1,1,34145.0
198.0,darpa_cadets:n8,darpa_cadets:n239944,type_1,type_0,rel_5,1,0,1,0,train:window_1,1,34514.0
199.0,darpa_cadets:n8,darpa_cadets:n244083,type_1,type_0,rel_5,1,0,1,0,train:window_1,1,34867.0
200.0,darpa_cadets:n8,darpa_cadets:n244482,type_1,type_0,rel_5,1,0,1,0,train:window_1,1,34894.0
201.0,darpa_cadets:n8,darpa_cadets:n246530,type_1,type_0,rel_5,1,0,1,0,train:window_2,1,35066.0
202.0,darpa_cadets:n8,darpa_cadets:n249150,type_1,type_0,rel_5,1,0,1,0,train:window_2,1,35284.0
203.0,darpa_cadets:n8,darpa_cadets:n250139,type_1,type_0,rel_5,1,0,1,0,train:window_2,1,35370.0
204.0,darpa_cadets:n8,darpa_cadets:n251283,type_1,type_0,rel_5,1,0,1,0,train:window_2,1,35460.0
205.0,darpa_cadets:n8,darpa_cadets:n251289,type_1,type_0,rel_5,1,0,1,0,train:window_2,1,35466.0
206.0,darpa_cadets:n8,darpa_cadets:n251995,type_1,type_0,rel_5,1,0,1,0,train:window_2,1,35521.0
207.0,darpa_cadets:n8,darpa_cadets:n252452,type_1,type_0,rel_5,1,0,1,0,train:window_2,1,35572.0
208.0,darpa_cadets:n8,darpa_cadets:n253733,type_1,type_0,rel_5,1,0,1,0,train:window_2,1,35672.0
209.0,darpa_cadets:n8,darpa_cadets:n254175,type_1,type_0,rel_5,1,0,1,0,train:window_2,1,35713.0
210.0,darpa_cadets:n8,darpa_cadets:n256321,type_1,type_0,rel_5,1,0,1,0,train:window_2,1,35890.0
211.0,darpa_cadets:n8,darpa_cadets:n257197,type_1,type_0,rel_5,1,0,1,0,train:window_2,1,35968.0
212.0,darpa_cadets:n8,darpa_cadets:n257697,type_1,type_0,rel_5,1,0,1,0,train:window_2,1,36018.0
213.0,darpa_cadets:n8,darpa_cadets:n258287,type_1,type_0,rel_5,1,0,1,0,train:window_2,1,36073.0
214.0,darpa_cadets:n8,darpa_cadets:n258731,type_1,type_0,rel_5,1,0,1,0,train:window_2,1,36109.0
215.0,darpa_cadets:n8,darpa_cadets:n259789,type_1,type_0,rel_5,1,0,1,0,train:window_2,1,36205.0
216.0,darpa_cadets:n8,darpa_cadets:n260029,type_1,type_0,rel_5,1,0,1,0,train:window_2,1,36229.0
217.0,darpa_cadets:n8,darpa_cadets:n262764,type_1,type_0,rel_5,1,0,1,0,train:window_2,1,36472.0
218.0,darpa_cadets:n8,darpa_cadets:n263649,type_1,type_0,rel_5,1,0,1,0,train:window_2,1,36551.0
219.0,darpa_cadets:n8,darpa_cadets:n265120,type_1,type_0,rel_5,1,0,1,0,train:window_2,1,36687.0
220.0,darpa_cadets:n8,darpa_cadets:n267400,type_1,type_0,rel_5,1,0,1,0,train:window_2,1,36872.0
221.0,darpa_cadets:n8,darpa_cadets:n268001,type_1,type_0,rel_5,1,0,1,0,train:window_2,1,36916.0
222.0,darpa_cadets:n8,darpa_cadets:n288192,type_1,type_0,rel_5,1,0,1,0,train:window_2,1,37548.0
223.0,darpa_cadets:n8,darpa_cadets:n290085,type_1,type_0,rel_5,1,0,1,0,train:window_2,1,37702.0
224.0,darpa_cadets:n8,darpa_cadets:n290389,type_1,type_0,rel_5,1,0,1,0,train:window_2,1,37724.0
225.0,darpa_cadets:n8,darpa_cadets:n292730,type_1,type_0,rel_5,1,0,1,0,train:window_2,1,37914.0
226.0,darpa_cadets:n8,darpa_cadets:n296997,type_1,type_0,rel_5,1,0,1,0,train:window_2,1,38290.0
227.0,darpa_cadets:n8,darpa_cadets:n298268,type_1,type_0,rel_5,1,0,1,0,train:window_2,1,38396.0
228.0,darpa_cadets:n8,darpa_cadets:n299713,type_1,type_0,rel_5,1,0,1,0,train:window_2,1,38510.0
229.0,darpa_cadets:n8,darpa_cadets:n300244,type_1,type_0,rel_5,1,0,1,0,train:window_2,1,38558.0
230.0,darpa_cadets:n8,darpa_cadets:n303201,type_1,type_0,rel_5,1,0,1,0,train:window_2,1,38788.0
231.0,darpa_cadets:n8,darpa_cadets:n304092,type_1,type_0,rel_5,1,0,1,0,train:window_2,1,38863.0
232.0,darpa_cadets:n8,darpa_cadets:n304564,type_1,type_0,rel_5,1,0,1,0,train:window_2,1,38913.0
233.0,darpa_cadets:n8,darpa_cadets:n313066,type_1,type_0,rel_5,1,0,1,0,train:window_2,1,39660.0
234.0,darpa_cadets:n8,darpa_cadets:n315370,type_1,type_0,rel_5,1,0,1,0,train:window_2,1,39861.0
235.0,darpa_cadets:n8,darpa_cadets:n316384,type_1,type_0,rel_5,1,0,1,0,train:window_2,1,39961.0
236.0,darpa_cadets:n8,darpa_cadets:n318841,type_1,type_0,rel_5,1,0,1,0,train:window_2,1,40170.0
237.0,darpa_cadets:n8,darpa_cadets:n318979,type_1,type_0,rel_5,1,0,1,0,train:window_2,1,40180.0
238.0,darpa_cadets:n8,darpa_cadets:n319192,type_1,type_0,rel_5,1,0,1,0,train:window_2,1,40197.0
239.0,darpa_cadets:n8,darpa_cadets:n320147,type_1,type_0,rel_5,1,0,1,0,train:window_2,1,40289.0
240.0,darpa_cadets:n8,darpa_cadets:n320333,type_1,type_0,rel_5,1,0,1,0,train:window_2,1,40302.0
241.0,darpa_cadets:n8,darpa_cadets:n321011,type_1,type_0,rel_5,1,0,1,0,train:window_2,1,40359.0
242.0,darpa_cadets:n8,darpa_cadets:n321017,type_1,type_0,rel_5,1,0,1,0,train:window_2,1,40362.0
243.0,darpa_cadets:n8,darpa_cadets:n324661,type_1,type_0,rel_5,1,0,1,0,train:window_2,1,40660.0
244.0,darpa_cadets:n8,darpa_cadets:n325182,type_1,type_0,rel_5,1,0,1,0,train:window_2,1,40727.0
245.0,darpa_cadets:n8,darpa_cadets:n325840,type_1,type_0,rel_5,1,0,1,0,train:window_2,1,40782.0
246.0,darpa_cadets:n8,darpa_cadets:n327031,type_1,type_0,rel_5,1,0,1,0,train:window_2,1,40888.0
247.0,darpa_cadets:n8,darpa_cadets:n327186,type_1,type_0,rel_5,1,0,1,0,train:window_2,1,40900.0
248.0,darpa_cadets:n8,darpa_cadets:n328218,type_1,type_0,rel_5,1,0,1,0,train:window_2,1,40990.0
249.0,darpa_cadets:n8,darpa_cadets:n328661,type_1,type_0,rel_5,1,0,1,0,train:window_2,1,41022.0
250.0,darpa_cadets:n8,darpa_cadets:n329434,type_1,type_0,rel_5,1,0,1,0,train:window_2,1,41089.0
251.0,darpa_cadets:n8,darpa_cadets:n335414,type_1,type_0,rel_5,1,0,1,0,train:window_2,1,41554.0
252.0,darpa_cadets:n8,darpa_cadets:n336562,type_1,type_0,rel_5,1,0,1,0,train:window_2,1,41646.0
253.0,darpa_cadets:n8,darpa_cadets:n343838,type_1,type_0,rel_5,1,0,1,0,train:window_2,1,42246.0
254.0,darpa_cadets:n8,darpa_cadets:n344894,type_1,type_0,rel_5,1,0,1,0,train:window_2,1,42348.0
255.0,darpa_cadets:n8,darpa_cadets:n344932,type_1,type_0,rel_5,1,0,1,0,train:window_2,1,42349.0
256.0,darpa_cadets:n8,darpa_cadets:n345780,type_1,type_0,rel_5,1,0,1,0,train:window_2,1,42409.0
257.0,darpa_cadets:n8,darpa_cadets:n350629,type_1,type_0,rel_5,1,0,1,0,train:window_2,1,42808.0
258.0,darpa_cadets:n8,darpa_cadets:n351390,type_1,type_0,rel_5,1,0,1,0,train:window_2,1,42878.0
259.0,darpa_cadets:n8,darpa_cadets:n351860,type_1,type_0,rel_5,1,0,1,0,train:window_2,1,42919.0
260.0,darpa_cadets:n8,darpa_cadets:n354262,type_1,type_0,rel_5,1,0,1,0,train:window_2,1,43131.0
261.0,darpa_cadets:n8,darpa_cadets:n355578,type_1,type_0,rel_5,1,0,1,0,train:window_2,1,43238.0
262.0,darpa_cadets:n9,darpa_cadets:n557,type_1,type_0,rel_5,0,0,0,0,train:window_2,0,43411.0
263.0,darpa_cadets:n9,darpa_cadets:n8283,type_1,type_0,rel_5,0,0,0,0,train:window_2,0,44018.0
264.0,darpa_cadets:n9,darpa_cadets:n8564,type_1,type_0,rel_5,0,0,0,0,train:window_2,0,44038.0
265.0,darpa_cadets:n9,darpa_cadets:n10533,type_1,type_0,rel_5,0,0,0,0,train:window_2,0,44223.0
266.0,darpa_cadets:n9,darpa_cadets:n10593,type_1,type_0,rel_5,0,0,0,0,train:window_2,0,44227.0
267.0,darpa_cadets:n9,darpa_cadets:n11615,type_1,type_0,rel_5,0,0,0,0,train:window_2,0,44300.0
268.0,darpa_cadets:n9,darpa_cadets:n15243,type_1,type_0,rel_5,0,0,0,0,train:window_2,0,44608.0
269.0,darpa_cadets:n9,darpa_cadets:n16223,type_1,type_0,rel_5,0,0,0,0,train:window_2,0,44707.0
270.0,darpa_cadets:n9,darpa_cadets:n16603,type_1,type_0,rel_5,0,0,0,0,train:window_2,0,44730.0
271.0,darpa_cadets:n9,darpa_cadets:n18486,type_1,type_0,rel_5,0,0,0,0,train:window_2,0,44901.0
272.0,darpa_cadets:n9,darpa_cadets:n19083,type_1,type_0,rel_5,0,0,0,0,train:window_2,0,44947.0
273.0,darpa_cadets:n9,darpa_cadets:n19878,type_1,type_0,rel_5,0,0,0,0,train:window_2,0,45008.0
274.0,darpa_cadets:n9,darpa_cadets:n22059,type_1,type_0,rel_5,0,0,0,0,train:window_2,0,45198.0
275.0,darpa_cadets:n9,darpa_cadets:n22203,type_1,type_0,rel_5,0,0,0,0,train:window_2,0,45213.0
276.0,darpa_cadets:n9,darpa_cadets:n24904,type_1,type_0,rel_5,0,0,0,0,train:window_2,0,45429.0
277.0,darpa_cadets:n9,darpa_cadets:n30661,type_1,type_0,rel_5,0,0,0,0,train:window_2,0,45917.0
278.0,darpa_cadets:n9,darpa_cadets:n33893,type_1,type_0,rel_5,0,0,0,0,train:window_2,0,46190.0
279.0,darpa_cadets:n9,darpa_cadets:n38949,type_1,type_0,rel_5,0,0,0,0,train:window_2,0,46606.0
280.0,darpa_cadets:n9,darpa_cadets:n43719,type_1,type_0,rel_5,0,0,0,0,train:window_2,0,46997.0
281.0,darpa_cadets:n9,darpa_cadets:n46732,type_1,type_0,rel_5,0,0,0,0,train:window_2,0,47266.0
282.0,darpa_cadets:n9,darpa_cadets:n49178,type_1,type_0,rel_5,0,0,0,0,train:window_2,0,47456.0
283.0,darpa_cadets:n9,darpa_cadets:n57511,type_1,type_0,rel_5,0,0,0,0,train:window_2,0,48166.0
284.0,darpa_cadets:n9,darpa_cadets:n57775,type_1,type_0,rel_5,0,0,0,0,train:window_2,0,48183.0
285.0,darpa_cadets:n9,darpa_cadets:n61471,type_1,type_0,rel_5,0,0,0,0,train:window_2,0,48490.0
286.0,darpa_cadets:n9,darpa_cadets:n95645,type_1,type_0,rel_5,0,0,0,0,train:window_2,0,48713.0
287.0,darpa_cadets:n9,darpa_cadets:n96253,type_1,type_0,rel_5,0,0,0,0,train:window_2,0,48717.0
288.0,darpa_cadets:n12,darpa_cadets:n6089,type_1,type_0,rel_5,0,0,0,0,train:window_2,0,48886.0
289.0,darpa_cadets:n12,darpa_cadets:n8287,type_1,type_0,rel_5,0,0,0,0,train:window_2,0,48928.0
290.0,darpa_cadets:n12,darpa_cadets:n8707,type_1,type_0,rel_5,0,0,0,0,train:window_2,0,48935.0
291.0,darpa_cadets:n12,darpa_cadets:n23040,type_1,type_0,rel_5,0,0,0,0,train:window_2,0,49239.0
292.0,darpa_cadets:n12,darpa_cadets:n25589,type_1,type_0,rel_5,0,0,0,0,train:window_2,0,49294.0
293.0,darpa_cadets:n12,darpa_cadets:n27775,type_1,type_0,rel_5,0,0,0,0,train:window_2,0,49356.0
294.0,darpa_cadets:n12,darpa_cadets:n32969,type_1,type_0,rel_5,0,0,0,0,train:window_2,0,49454.0
295.0,darpa_cadets:n12,darpa_cadets:n39233,type_1,type_0,rel_5,0,0,0,0,train:window_2,0,49552.0
296.0,darpa_cadets:n12,darpa_cadets:n43894,type_1,type_0,rel_5,0,0,0,0,train:window_2,0,49621.0
297.0,darpa_cadets:n12,darpa_cadets:n56226,type_1,type_0,rel_5,0,0,0,0,train:window_2,0,49814.0
298.0,darpa_cadets:n12,darpa_cadets:n135297,type_1,type_0,rel_5,0,0,0,0,train:window_2,0,50046.0
299.0,darpa_cadets:n12,darpa_cadets:n145431,type_1,type_0,rel_5,0,0,0,0,train:window_2,0,50195.0
300.0,darpa_cadets:n12,darpa_cadets:n154004,type_1,type_0,rel_5,0,0,0,0,train:window_2,0,50324.0
301.0,darpa_cadets:n12,darpa_cadets:n160838,type_1,type_0,rel_5,0,0,0,0,train:window_3,0,50425.0
302.0,darpa_cadets:n12,darpa_cadets:n164222,type_1,type_0,rel_5,0,0,0,0,train:window_3,0,50472.0
303.0,darpa_cadets:n12,darpa_cadets:n171980,type_1,type_0,rel_5,0,0,0,0,train:window_3,0,50588.0
304.0,darpa_cadets:n12,darpa_cadets:n172411,type_1,type_0,rel_5,0,0,0,0,train:window_3,0,50595.0
305.0,darpa_cadets:n12,darpa_cadets:n174386,type_1,type_0,rel_5,0,0,0,0,train:window_3,0,50622.0
306.0,darpa_cadets:n12,darpa_cadets:n214923,type_1,type_0,rel_5,0,0,0,0,train:window_3,0,51294.0
307.0,darpa_cadets:n12,darpa_cadets:n229851,type_1,type_0,rel_5,0,0,0,0,train:window_3,0,51601.0
308.0,darpa_cadets:n12,darpa_cadets:n230550,type_1,type_0,rel_5,0,0,0,0,train:window_3,0,51619.0
309.0,darpa_cadets:n12,darpa_cadets:n234666,type_1,type_0,rel_5,0,0,0,0,train:window_3,0,51709.0
310.0,darpa_cadets:n12,darpa_cadets:n235532,type_1,type_0,rel_5,0,0,0,0,train:window_3,0,51721.0
311.0,darpa_cadets:n12,darpa_cadets:n240687,type_1,type_0,rel_5,0,0,0,0,train:window_3,0,51842.0
312.0,darpa_cadets:n12,darpa_cadets:n253286,type_1,type_0,rel_5,0,0,0,0,train:window_3,0,52070.0
313.0,darpa_cadets:n12,darpa_cadets:n258380,type_1,type_0,rel_5,0,0,0,0,train:window_3,0,52176.0
314.0,darpa_cadets:n12,darpa_cadets:n263645,type_1,type_0,rel_5,0,0,0,0,train:window_3,0,52300.0
315.0,darpa_cadets:n12,darpa_cadets:n290810,type_1,type_0,rel_5,0,0,0,0,train:window_3,0,52571.0
316.0,darpa_cadets:n12,darpa_cadets:n292879,type_1,type_0,rel_5,0,0,0,0,train:window_3,0,52601.0
317.0,darpa_cadets:n12,darpa_cadets:n295148,type_1,type_0,rel_5,0,0,0,0,train:window_3,0,52655.0
318.0,darpa_cadets:n12,darpa_cadets:n296590,type_1,type_0,rel_5,0,0,0,0,train:window_3,0,52680.0
319.0,darpa_cadets:n12,darpa_cadets:n301194,type_1,type_0,rel_5,0,0,0,0,train:window_3,0,52767.0
320.0,darpa_cadets:n12,darpa_cadets:n313386,type_1,type_0,rel_5,0,0,0,0,train:window_3,0,53013.0
321.0,darpa_cadets:n12,darpa_cadets:n318231,type_1,type_0,rel_5,0,0,0,0,train:window_3,0,53141.0
322.0,darpa_cadets:n12,darpa_cadets:n323130,type_1,type_0,rel_5,0,0,0,0,train:window_3,0,53269.0
323.0,darpa_cadets:n12,darpa_cadets:n338891,type_1,type_0,rel_5,0,0,0,0,train:window_3,0,53584.0
324.0,darpa_cadets:n13,darpa_cadets:n25723,type_1,type_0,rel_5,0,0,0,0,train:window_3,0,54435.0
325.0,darpa_cadets:n13,darpa_cadets:n30745,type_1,type_0,rel_5,0,0,0,0,train:window_3,0,54557.0
326.0,darpa_cadets:n13,darpa_cadets:n32546,type_1,type_0,rel_5,0,0,0,0,train:window_3,0,54588.0
327.0,darpa_cadets:n13,darpa_cadets:n32704,type_1,type_0,rel_5,0,0,0,0,train:window_3,0,54591.0
328.0,darpa_cadets:n13,darpa_cadets:n34918,type_1,type_0,rel_5,0,0,0,0,train:window_3,0,54625.0
329.0,darpa_cadets:n13,darpa_cadets:n54487,type_1,type_0,rel_5,0,0,0,0,train:window_3,0,54930.0
330.0,darpa_cadets:n13,darpa_cadets:n107875,type_1,type_0,rel_5,0,0,0,0,train:window_3,0,55102.0
331.0,darpa_cadets:n13,darpa_cadets:n137285,type_1,type_0,rel_5,0,0,0,0,train:window_3,0,55216.0
332.0,darpa_cadets:n13,darpa_cadets:n141423,type_1,type_0,rel_5,0,0,0,0,train:window_3,0,55277.0
333.0,darpa_cadets:n13,darpa_cadets:n174522,type_1,type_0,rel_5,0,0,0,0,train:window_3,0,55764.0
334.0,darpa_cadets:n13,darpa_cadets:n190659,type_1,type_0,rel_5,0,0,0,0,train:window_3,0,56004.0
335.0,darpa_cadets:n13,darpa_cadets:n198024,type_1,type_0,rel_5,0,0,0,0,train:window_3,0,56132.0
336.0,darpa_cadets:n13,darpa_cadets:n198887,type_1,type_0,rel_5,0,0,0,0,train:window_3,0,56143.0
337.0,darpa_cadets:n13,darpa_cadets:n207723,type_1,type_0,rel_5,0,0,0,0,train:window_3,0,56284.0
338.0,darpa_cadets:n13,darpa_cadets:n218836,type_1,type_0,rel_5,0,0,0,0,train:window_3,0,56514.0
339.0,darpa_cadets:n13,darpa_cadets:n237215,type_1,type_0,rel_5,0,0,0,0,train:window_3,0,56912.0
340.0,darpa_cadets:n13,darpa_cadets:n263877,type_1,type_0,rel_5,0,0,0,0,train:window_3,0,57445.0
341.0,darpa_cadets:n13,darpa_cadets:n307675,type_1,type_0,rel_5,0,0,0,0,train:window_3,0,58032.0
342.0,darpa_cadets:n13,darpa_cadets:n315953,type_1,type_0,rel_5,0,0,0,0,train:window_3,0,58228.0
343.0,darpa_cadets:n13,darpa_cadets:n320325,type_1,type_0,rel_5,0,0,0,0,train:window_3,0,58340.0
344.0,darpa_cadets:n13,darpa_cadets:n323125,type_1,type_0,rel_5,0,0,0,0,train:window_3,0,58408.0
345.0,darpa_cadets:n13,darpa_cadets:n336706,type_1,type_0,rel_5,0,0,0,0,train:window_3,0,58689.0
346.0,darpa_cadets:n13,darpa_cadets:n354267,type_1,type_0,rel_5,0,0,0,0,train:window_3,0,58965.0
347.0,darpa_cadets:n21,darpa_cadets:n21025,type_1,type_0,rel_5,0,0,0,0,train:window_3,0,59169.0
348.0,darpa_cadets:n21,darpa_cadets:n139430,type_1,type_0,rel_5,0,0,0,0,train:window_3,0,59530.0
349.0,darpa_cadets:n21,darpa_cadets:n143577,type_1,type_0,rel_5,0,0,0,0,train:window_3,0,59559.0
350.0,darpa_cadets:n21,darpa_cadets:n145997,type_1,type_0,rel_5,0,0,0,0,train:window_3,0,59576.0
351.0,darpa_cadets:n21,darpa_cadets:n146853,type_1,type_0,rel_5,0,0,0,0,train:window_3,0,59582.0
352.0,darpa_cadets:n21,darpa_cadets:n151735,type_1,type_0,rel_5,0,0,0,0,train:window_3,0,59616.0
353.0,darpa_cadets:n21,darpa_cadets:n158543,type_1,type_0,rel_5,0,0,0,0,train:window_3,0,59664.0
354.0,darpa_cadets:n21,darpa_cadets:n174662,type_1,type_0,rel_5,0,0,0,0,train:window_3,0,59777.0
355.0,darpa_cadets:n21,darpa_cadets:n284186,type_1,type_0,rel_5,0,0,0,0,train:window_3,0,60377.0
356.0,darpa_cadets:n21,darpa_cadets:n285910,type_1,type_0,rel_5,0,0,0,0,train:window_3,0,60389.0
357.0,darpa_cadets:n21,darpa_cadets:n312180,type_1,type_0,rel_5,0,0,0,0,train:window_3,0,60549.0
358.0,darpa_cadets:n21,darpa_cadets:n313082,type_1,type_0,rel_5,0,0,0,0,train:window_3,0,60554.0
359.0,darpa_cadets:n22,darpa_cadets:n1280,type_1,type_0,rel_5,0,0,0,0,train:window_3,0,60858.0
360.0,darpa_cadets:n22,darpa_cadets:n6089,type_1,type_0,rel_5,0,0,0,0,train:window_3,0,61062.0
361.0,darpa_cadets:n22,darpa_cadets:n10757,type_1,type_0,rel_5,0,0,0,0,train:window_3,0,61215.0
362.0,darpa_cadets:n22,darpa_cadets:n11586,type_1,type_0,rel_5,0,0,0,0,train:window_3,0,61231.0
363.0,darpa_cadets:n22,darpa_cadets:n11919,type_1,type_0,rel_5,0,0,0,0,train:window_3,0,61252.0
364.0,darpa_cadets:n22,darpa_cadets:n18459,type_1,type_0,rel_5,0,0,0,0,train:window_3,0,61423.0
365.0,darpa_cadets:n22,darpa_cadets:n30886,type_1,type_0,rel_5,0,0,0,0,train:window_3,0,61759.0
366.0,darpa_cadets:n22,darpa_cadets:n31950,type_1,type_0,rel_5,0,0,0,0,train:window_3,0,61782.0
367.0,darpa_cadets:n22,darpa_cadets:n39080,type_1,type_0,rel_5,0,0,0,0,train:window_3,0,61906.0
368.0,darpa_cadets:n22,darpa_cadets:n39233,type_1,type_0,rel_5,0,0,0,0,train:window_3,0,61908.0
369.0,darpa_cadets:n22,darpa_cadets:n45383,type_1,type_0,rel_5,0,0,0,0,train:window_3,0,62010.0
370.0,darpa_cadets:n22,darpa_cadets:n59365,type_1,type_0,rel_5,0,0,0,0,train:window_3,0,62257.0
371.0,darpa_cadets:n22,darpa_cadets:n107151,type_1,type_0,rel_5,0,0,0,0,train:window_3,0,62348.0
372.0,darpa_cadets:n22,darpa_cadets:n134228,type_1,type_0,rel_5,0,0,0,0,train:window_3,0,62432.0
373.0,darpa_cadets:n22,darpa_cadets:n137280,type_1,type_0,rel_5,0,0,0,0,train:window_3,0,62478.0
374.0,darpa_cadets:n22,darpa_cadets:n145835,type_1,type_0,rel_5,0,0,0,0,train:window_3,0,62612.0
375.0,darpa_cadets:n22,darpa_cadets:n169700,type_1,type_0,rel_5,0,0,0,0,train:window_3,0,62989.0
376.0,darpa_cadets:n22,darpa_cadets:n180391,type_1,type_0,rel_5,0,0,0,0,train:window_3,0,63157.0
377.0,darpa_cadets:n22,darpa_cadets:n206290,type_1,type_0,rel_5,0,0,0,0,train:window_3,0,63601.0
378.0,darpa_cadets:n22,darpa_cadets:n214051,type_1,type_0,rel_5,0,0,0,0,train:window_3,0,63808.0
379.0,darpa_cadets:n22,darpa_cadets:n215644,type_1,type_0,rel_5,0,0,0,0,train:window_3,0,63844.0
380.0,darpa_cadets:n22,darpa_cadets:n218450,type_1,type_0,rel_5,0,0,0,0,train:window_3,0,63919.0
381.0,darpa_cadets:n22,darpa_cadets:n220286,type_1,type_0,rel_5,0,0,0,0,train:window_3,0,63983.0
382.0,darpa_cadets:n22,darpa_cadets:n221679,type_1,type_0,rel_5,0,0,0,0,train:window_3,0,64019.0
383.0,darpa_cadets:n22,darpa_cadets:n227986,type_1,type_0,rel_5,0,0,0,0,train:window_3,0,64171.0
384.0,darpa_cadets:n22,darpa_cadets:n233186,type_1,type_0,rel_5,0,0,0,0,train:window_3,0,64348.0
385.0,darpa_cadets:n22,darpa_cadets:n236326,type_1,type_0,rel_5,0,0,0,0,train:window_3,0,64439.0
386.0,darpa_cadets:n22,darpa_cadets:n237784,type_1,type_0,rel_5,0,0,0,0,train:window_3,0,64484.0
387.0,darpa_cadets:n22,darpa_cadets:n238691,type_1,type_0,rel_5,0,0,0,0,train:window_3,0,64504.0
388.0,darpa_cadets:n22,darpa_cadets:n250817,type_1,type_0,rel_5,0,0,0,0,train:window_3,0,64758.0
389.0,darpa_cadets:n22,darpa_cadets:n252160,type_1,type_0,rel_5,0,0,0,0,train:window_3,0,64784.0
390.0,darpa_cadets:n22,darpa_cadets:n254043,type_1,type_0,rel_5,0,0,0,0,train:window_3,0,64832.0
391.0,darpa_cadets:n22,darpa_cadets:n258384,type_1,type_0,rel_5,0,0,0,0,train:window_3,0,64958.0
392.0,darpa_cadets:n22,darpa_cadets:n258737,type_1,type_0,rel_5,0,0,0,0,train:window_3,0,64974.0
393.0,darpa_cadets:n22,darpa_cadets:n265240,type_1,type_0,rel_5,0,0,0,0,train:window_3,0,65189.0
394.0,darpa_cadets:n22,darpa_cadets:n307982,type_1,type_0,rel_5,0,0,0,0,train:window_3,0,65863.0
395.0,darpa_cadets:n22,darpa_cadets:n320585,type_1,type_0,rel_5,0,0,0,0,train:window_3,0,66268.0
396.0,darpa_cadets:n22,darpa_cadets:n326080,type_1,type_0,rel_5,0,0,0,0,train:window_3,0,66448.0
397.0,darpa_cadets:n22,darpa_cadets:n330183,type_1,type_0,rel_5,0,0,0,0,train:window_3,0,66546.0
398.0,darpa_cadets:n22,darpa_cadets:n338030,type_1,type_0,rel_5,0,0,0,0,train:window_3,0,66704.0
399.0,darpa_cadets:n22,darpa_cadets:n339949,type_1,type_0,rel_5,0,0,0,0,train:window_3,0,66739.0
400.0,darpa_cadets:n22,darpa_cadets:n346340,type_1,type_0,rel_5,0,0,0,0,train:window_3,0,66854.0
401.0,darpa_cadets:n22,darpa_cadets:n346508,type_1,type_0,rel_5,0,0,0,0,train:window_4,0,66856.0
402.0,darpa_cadets:n22,darpa_cadets:n351255,type_1,type_0,rel_5,0,0,0,0,train:window_4,0,66940.0
403.0,darpa_cadets:n22,darpa_cadets:n354696,type_1,type_0,rel_5,0,0,0,0,train:window_4,0,66997.0
404.0,darpa_cadets:n23,darpa_cadets:n687,type_1,type_0,rel_5,0,0,0,0,train:window_4,0,67051.0
405.0,darpa_cadets:n23,darpa_cadets:n3717,type_1,type_0,rel_5,0,0,0,0,train:window_4,0,67118.0
406.0,darpa_cadets:n23,darpa_cadets:n6089,type_1,type_0,rel_5,0,0,0,0,train:window_4,0,67172.0
407.0,darpa_cadets:n23,darpa_cadets:n12224,type_1,type_0,rel_5,0,0,0,0,train:window_4,0,67289.0
408.0,darpa_cadets:n23,darpa_cadets:n33723,type_1,type_0,rel_5,0,0,0,0,train:window_4,0,67671.0
409.0,darpa_cadets:n23,darpa_cadets:n47002,type_1,type_0,rel_5,0,0,0,0,train:window_4,0,67875.0
410.0,darpa_cadets:n23,darpa_cadets:n60297,type_1,type_0,rel_5,0,0,0,0,train:window_4,0,68086.0
411.0,darpa_cadets:n23,darpa_cadets:n111172,type_1,type_0,rel_5,0,0,0,0,train:window_4,0,68212.0
412.0,darpa_cadets:n23,darpa_cadets:n148005,type_1,type_0,rel_5,0,0,0,0,train:window_4,0,68429.0
413.0,darpa_cadets:n23,darpa_cadets:n166364,type_1,type_0,rel_5,0,0,0,0,train:window_4,0,68697.0
414.0,darpa_cadets:n23,darpa_cadets:n174528,type_1,type_0,rel_5,0,0,0,0,train:window_4,0,68815.0
415.0,darpa_cadets:n23,darpa_cadets:n187809,type_1,type_0,rel_5,0,0,0,0,train:window_4,0,69008.0
416.0,darpa_cadets:n23,darpa_cadets:n199081,type_1,type_0,rel_5,0,0,0,0,train:window_4,0,69183.0
417.0,darpa_cadets:n23,darpa_cadets:n208372,type_1,type_0,rel_5,0,0,0,0,train:window_4,0,69330.0
418.0,darpa_cadets:n23,darpa_cadets:n250076,type_1,type_0,rel_5,0,0,0,0,train:window_4,0,70092.0
419.0,darpa_cadets:n23,darpa_cadets:n260593,type_1,type_0,rel_5,0,0,0,0,train:window_4,0,70293.0
420.0,darpa_cadets:n23,darpa_cadets:n266294,type_1,type_0,rel_5,0,0,0,0,train:window_4,0,70409.0
421.0,darpa_cadets:n23,darpa_cadets:n298272,type_1,type_0,rel_5,0,0,0,0,train:window_4,0,70726.0
422.0,darpa_cadets:n23,darpa_cadets:n312174,type_1,type_0,rel_5,0,0,0,0,train:window_4,0,70981.0
423.0,darpa_cadets:n23,darpa_cadets:n318113,type_1,type_0,rel_5,0,0,0,0,train:window_4,0,71111.0
424.0,darpa_cadets:n23,darpa_cadets:n320147,type_1,type_0,rel_5,0,0,0,0,train:window_4,0,71157.0
425.0,darpa_cadets:n23,darpa_cadets:n322078,type_1,type_0,rel_5,0,0,0,0,train:window_4,0,71196.0
426.0,darpa_cadets:n23,darpa_cadets:n324061,type_1,type_0,rel_5,0,0,0,0,train:window_4,0,71234.0
427.0,darpa_cadets:n23,darpa_cadets:n325480,type_1,type_0,rel_5,0,0,0,0,train:window_4,0,71274.0
428.0,darpa_cadets:n23,darpa_cadets:n325349,type_1,type_0,rel_5,0,0,0,0,train:window_4,0,71277.0
429.0,darpa_cadets:n23,darpa_cadets:n335569,type_1,type_0,rel_5,0,0,0,0,train:window_4,0,71448.0
430.0,darpa_cadets:n23,darpa_cadets:n335705,type_1,type_0,rel_5,0,0,0,0,train:window_4,0,71450.0
431.0,darpa_cadets:n23,darpa_cadets:n347540,type_1,type_0,rel_5,0,0,0,0,train:window_4,0,71639.0
432.0,darpa_cadets:n23,darpa_cadets:n350772,type_1,type_0,rel_5,0,0,0,0,train:window_4,0,71690.0
433.0,darpa_cadets:n23,darpa_cadets:n353627,type_1,type_0,rel_5,0,0,0,0,train:window_4,0,71734.0
434.0,darpa_cadets:n25,darpa_cadets:n841,type_0,type_2,rel_1,0,0,0,0,train:window_4,0,72283.0
435.0,darpa_cadets:n25,darpa_cadets:n1622,type_0,type_2,rel_1,0,0,0,0,train:window_4,0,72683.0
436.0,darpa_cadets:n25,darpa_cadets:n1629,type_0,type_2,rel_1,0,0,0,0,train:window_4,0,72690.0
437.0,darpa_cadets:n25,darpa_cadets:n2045,type_0,type_2,rel_1,0,0,0,0,train:window_4,0,72964.0
438.0,darpa_cadets:n25,darpa_cadets:n2083,type_0,type_2,rel_1,0,0,0,0,train:window_4,0,73001.0
439.0,darpa_cadets:n25,darpa_cadets:n2257,type_0,type_2,rel_1,0,0,0,0,train:window_4,0,73145.0
440.0,darpa_cadets:n25,darpa_cadets:n2428,type_0,type_2,rel_1,0,0,0,0,train:window_4,0,73270.0
441.0,darpa_cadets:n25,darpa_cadets:n2505,type_0,type_2,rel_1,0,0,0,0,train:window_4,0,73342.0
442.0,darpa_cadets:n25,darpa_cadets:n3274,type_0,type_2,rel_1,0,0,0,0,train:window_4,0,73763.0
443.0,darpa_cadets:n25,darpa_cadets:n4526,type_0,type_2,rel_1,0,0,0,0,train:window_4,0,74275.0
444.0,darpa_cadets:n25,darpa_cadets:n4538,type_0,type_2,rel_1,0,0,0,0,train:window_4,0,74285.0
445.0,darpa_cadets:n25,darpa_cadets:n4600,type_0,type_2,rel_1,0,0,0,0,train:window_4,0,74331.0
446.0,darpa_cadets:n25,darpa_cadets:n4835,type_0,type_2,rel_1,0,0,0,0,train:window_4,0,74450.0
447.0,darpa_cadets:n25,darpa_cadets:n5650,type_0,type_2,rel_1,0,0,0,0,train:window_4,0,74756.0
448.0,darpa_cadets:n25,darpa_cadets:n6982,type_0,type_2,rel_1,0,0,0,0,train:window_4,0,75307.0
449.0,darpa_cadets:n25,darpa_cadets:n7036,type_0,type_2,rel_1,0,0,0,0,train:window_4,0,75322.0
450.0,darpa_cadets:n25,darpa_cadets:n7392,type_0,type_2,rel_1,0,0,0,0,train:window_4,0,75511.0
451.0,darpa_cadets:n25,darpa_cadets:n7884,type_0,type_2,rel_1,0,0,0,0,train:window_4,0,75737.0
452.0,darpa_cadets:n25,darpa_cadets:n7888,type_0,type_2,rel_1,0,0,0,0,train:window_4,0,75741.0
453.0,darpa_cadets:n25,darpa_cadets:n8034,type_0,type_2,rel_1,0,0,0,0,train:window_4,0,75834.0
454.0,darpa_cadets:n25,darpa_cadets:n8148,type_0,type_2,rel_1,0,0,0,0,train:window_4,0,75934.0
455.0,darpa_cadets:n25,darpa_cadets:n8211,type_0,type_2,rel_1,0,0,0,0,train:window_4,0,75963.0
456.0,darpa_cadets:n25,darpa_cadets:n8450,type_0,type_2,rel_1,0,0,0,0,train:window_4,0,76160.0
457.0,darpa_cadets:n25,darpa_cadets:n9525,type_0,type_2,rel_1,0,0,0,0,train:window_4,0,76849.0
458.0,darpa_cadets:n25,darpa_cadets:n9573,type_0,type_2,rel_1,0,0,0,0,train:window_4,0,76885.0
459.0,darpa_cadets:n25,darpa_cadets:n9594,type_0,type_2,rel_1,0,0,0,0,train:window_4,0,76906.0
460.0,darpa_cadets:n25,darpa_cadets:n9821,type_0,type_2,rel_1,0,0,0,0,train:window_4,0,77112.0
461.0,darpa_cadets:n25,darpa_cadets:n10690,type_0,type_2,rel_1,0,0,0,0,train:window_4,0,77542.0
462.0,darpa_cadets:n25,darpa_cadets:n10830,type_0,type_2,rel_1,0,0,0,0,train:window_4,0,77653.0
463.0,darpa_cadets:n25,darpa_cadets:n11116,type_0,type_2,rel_1,0,0,0,0,train:window_4,0,77870.0
464.0,darpa_cadets:n25,darpa_cadets:n11119,type_0,type_2,rel_1,0,0,0,0,train:window_4,0,77873.0
465.0,darpa_cadets:n25,darpa_cadets:n11213,type_0,type_2,rel_1,0,0,0,0,train:window_4,0,77959.0
466.0,darpa_cadets:n25,darpa_cadets:n12422,type_0,type_2,rel_1,0,0,0,0,train:window_4,0,78585.0
467.0,darpa_cadets:n25,darpa_cadets:n12819,type_0,type_2,rel_1,0,0,0,0,train:window_4,0,78907.0
468.0,darpa_cadets:n25,darpa_cadets:n13407,type_0,type_2,rel_1,0,0,0,0,train:window_4,0,79376.0
469.0,darpa_cadets:n25,darpa_cadets:n13643,type_0,type_2,rel_1,0,0,0,0,train:window_4,0,79559.0
470.0,darpa_cadets:n25,darpa_cadets:n14161,type_0,type_2,rel_1,0,0,0,0,train:window_4,0,79891.0
471.0,darpa_cadets:n25,darpa_cadets:n14681,type_0,type_2,rel_1,0,0,0,0,train:window_4,0,80267.0
472.0,darpa_cadets:n25,darpa_cadets:n15501,type_0,type_2,rel_1,0,0,0,0,train:window_4,0,80935.0
473.0,darpa_cadets:n25,darpa_cadets:n15706,type_0,type_2,rel_1,0,0,0,0,train:window_4,0,81055.0
474.0,darpa_cadets:n25,darpa_cadets:n16139,type_0,type_2,rel_1,0,0,0,0,train:window_4,0,81407.0
475.0,darpa_cadets:n25,darpa_cadets:n16198,type_0,type_2,rel_1,0,0,0,0,train:window_4,0,81466.0
476.0,darpa_cadets:n25,darpa_cadets:n16257,type_0,type_2,rel_1,0,0,0,0,train:window_4,0,81511.0
477.0,darpa_cadets:n25,darpa_cadets:n16306,type_0,type_2,rel_1,0,0,0,0,train:window_4,0,81560.0
478.0,darpa_cadets:n25,darpa_cadets:n16326,type_0,type_2,rel_1,0,0,0,0,train:window_4,0,81580.0
479.0,darpa_cadets:n25,darpa_cadets:n16518,type_0,type_2,rel_1,0,0,0,0,train:window_4,0,81744.0
480.0,darpa_cadets:n25,darpa_cadets:n16688,type_0,type_2,rel_1,0,0,0,0,train:window_4,0,81873.0
481.0,darpa_cadets:n25,darpa_cadets:n16876,type_0,type_2,rel_1,0,0,0,0,train:window_4,0,82020.0
482.0,darpa_cadets:n25,darpa_cadets:n16880,type_0,type_2,rel_1,0,0,0,0,train:window_4,0,82024.0
483.0,darpa_cadets:n25,darpa_cadets:n17004,type_0,type_2,rel_1,0,0,0,0,train:window_4,0,82134.0
484.0,darpa_cadets:n25,darpa_cadets:n17134,type_0,type_2,rel_1,0,0,0,0,train:window_4,0,82250.0
485.0,darpa_cadets:n25,darpa_cadets:n17954,type_0,type_2,rel_1,0,0,0,0,train:window_4,0,82692.0
486.0,darpa_cadets:n25,darpa_cadets:n17982,type_0,type_2,rel_1,0,0,0,0,train:window_4,0,82715.0
487.0,darpa_cadets:n25,darpa_cadets:n17988,type_0,type_2,rel_1,0,0,0,0,train:window_4,0,82721.0
488.0,darpa_cadets:n25,darpa_cadets:n18063,type_0,type_2,rel_1,0,0,0,0,train:window_4,0,82796.0
489.0,darpa_cadets:n25,darpa_cadets:n18254,type_0,type_2,rel_1,0,0,0,0,train:window_4,0,82959.0
490.0,darpa_cadets:n25,darpa_cadets:n18327,type_0,type_2,rel_1,0,0,0,0,train:window_4,0,82988.0
491.0,darpa_cadets:n25,darpa_cadets:n18394,type_0,type_2,rel_1,0,0,0,0,train:window_4,0,83048.0
492.0,darpa_cadets:n25,darpa_cadets:n18737,type_0,type_2,rel_1,0,0,0,0,train:window_4,0,83219.0
493.0,darpa_cadets:n25,darpa_cadets:n18748,type_0,type_2,rel_1,0,0,0,0,train:window_4,0,83230.0
494.0,darpa_cadets:n25,darpa_cadets:n18837,type_0,type_2,rel_1,0,0,0,0,train:window_4,0,83305.0
495.0,darpa_cadets:n25,darpa_cadets:n18887,type_0,type_2,rel_1,0,0,0,0,train:window_4,0,83355.0
496.0,darpa_cadets:n25,darpa_cadets:n19103,type_0,type_2,rel_1,0,0,0,0,train:window_4,0,83543.0
497.0,darpa_cadets:n25,darpa_cadets:n19160,type_0,type_2,rel_1,0,0,0,0,train:window_4,0,83600.0
498.0,darpa_cadets:n25,darpa_cadets:n19242,type_0,type_2,rel_1,0,0,0,0,train:window_4,0,83663.0
499.0,darpa_cadets:n25,darpa_cadets:n19284,type_0,type_2,rel_1,0,0,0,0,train:window_4,0,83705.0
500.0,darpa_cadets:n25,darpa_cadets:n19678,type_0,type_2,rel_1,0,0,0,0,train:window_4,0,84040.0
501.0,darpa_cadets:n25,darpa_cadets:n20158,type_0,type_2,rel_1,0,0,0,0,train:window_5,0,84451.0
502.0,darpa_cadets:n25,darpa_cadets:n20423,type_0,type_2,rel_1,0,0,0,0,train:window_5,0,84671.0
503.0,darpa_cadets:n25,darpa_cadets:n20593,type_0,type_2,rel_1,0,0,0,0,train:window_5,0,84742.0
504.0,darpa_cadets:n25,darpa_cadets:n20981,type_0,type_2,rel_1,0,0,0,0,train:window_5,0,84960.0
505.0,darpa_cadets:n25,darpa_cadets:n21048,type_0,type_2,rel_1,0,0,0,0,train:window_5,0,85013.0
506.0,darpa_cadets:n25,darpa_cadets:n21249,type_0,type_2,rel_1,0,0,0,0,train:window_5,0,85200.0
507.0,darpa_cadets:n25,darpa_cadets:n21621,type_0,type_2,rel_1,0,0,0,0,train:window_5,0,85504.0
508.0,darpa_cadets:n25,darpa_cadets:n21752,type_0,type_2,rel_1,0,0,0,0,train:window_5,0,85602.0
509.0,darpa_cadets:n25,darpa_cadets:n21924,type_0,type_2,rel_1,0,0,0,0,train:window_5,0,85739.0
510.0,darpa_cadets:n25,darpa_cadets:n21965,type_0,type_2,rel_1,0,0,0,0,train:window_5,0,85764.0
511.0,darpa_cadets:n25,darpa_cadets:n22136,type_0,type_2,rel_1,0,0,0,0,train:window_5,0,85904.0
512.0,darpa_cadets:n25,darpa_cadets:n22230,type_0,type_2,rel_1,0,0,0,0,train:window_5,0,85984.0
513.0,darpa_cadets:n25,darpa_cadets:n22239,type_0,type_2,rel_1,0,0,0,0,train:window_5,0,85993.0
514.0,darpa_cadets:n25,darpa_cadets:n22365,type_0,type_2,rel_1,0,0,0,0,train:window_5,0,86100.0
515.0,darpa_cadets:n25,darpa_cadets:n22425,type_0,type_2,rel_1,0,0,0,0,train:window_5,0,86145.0
516.0,darpa_cadets:n25,darpa_cadets:n22553,type_0,type_2,rel_1,0,0,0,0,train:window_5,0,86257.0
517.0,darpa_cadets:n25,darpa_cadets:n22789,type_0,type_2,rel_1,0,0,0,0,train:window_5,0,86465.0
518.0,darpa_cadets:n25,darpa_cadets:n22966,type_0,type_2,rel_1,0,0,0,0,train:window_5,0,86623.0
519.0,darpa_cadets:n25,darpa_cadets:n23065,type_0,type_2,rel_1,0,0,0,0,train:window_5,0,86708.0
520.0,darpa_cadets:n25,darpa_cadets:n23226,type_0,type_2,rel_1,0,0,0,0,train:window_5,0,86838.0
521.0,darpa_cadets:n25,darpa_cadets:n23399,type_0,type_2,rel_1,0,0,0,0,train:window_5,0,86992.0
522.0,darpa_cadets:n25,darpa_cadets:n23419,type_0,type_2,rel_1,0,0,0,0,train:window_5,0,87010.0
523.0,darpa_cadets:n25,darpa_cadets:n23582,type_0,type_2,rel_1,0,0,0,0,train:window_5,0,87142.0
524.0,darpa_cadets:n25,darpa_cadets:n23877,type_0,type_2,rel_1,0,0,0,0,train:window_5,0,87371.0
525.0,darpa_cadets:n25,darpa_cadets:n24027,type_0,type_2,rel_1,0,0,0,0,train:window_5,0,87507.0
526.0,darpa_cadets:n25,darpa_cadets:n24033,type_0,type_2,rel_1,0,0,0,0,train:window_5,0,87513.0
527.0,darpa_cadets:n25,darpa_cadets:n24415,type_0,type_2,rel_1,0,0,0,0,train:window_5,0,87724.0
528.0,darpa_cadets:n25,darpa_cadets:n24606,type_0,type_2,rel_1,0,0,0,0,train:window_5,0,87894.0
529.0,darpa_cadets:n25,darpa_cadets:n25070,type_0,type_2,rel_1,0,0,0,0,train:window_5,0,88284.0
530.0,darpa_cadets:n25,darpa_cadets:n25188,type_0,type_2,rel_1,0,0,0,0,train:window_5,0,88388.0
531.0,darpa_cadets:n25,darpa_cadets:n25366,type_0,type_2,rel_1,0,0,0,0,train:window_5,0,88529.0
532.0,darpa_cadets:n25,darpa_cadets:n25795,type_0,type_2,rel_1,0,0,0,0,train:window_5,0,88806.0
533.0,darpa_cadets:n25,darpa_cadets:n25817,type_0,type_2,rel_1,0,0,0,0,train:window_5,0,88828.0
534.0,darpa_cadets:n25,darpa_cadets:n25921,type_0,type_2,rel_1,0,0,0,0,train:window_5,0,88920.0
535.0,darpa_cadets:n25,darpa_cadets:n26503,type_0,type_2,rel_1,0,0,0,0,train:window_5,0,89262.0
536.0,darpa_cadets:n25,darpa_cadets:n26535,type_0,type_2,rel_1,0,0,0,0,train:window_5,0,89292.0
537.0,darpa_cadets:n25,darpa_cadets:n26791,type_0,type_2,rel_1,0,0,0,0,train:window_5,0,89462.0
538.0,darpa_cadets:n25,darpa_cadets:n27084,type_0,type_2,rel_1,0,0,0,0,train:window_5,0,89582.0
539.0,darpa_cadets:n25,darpa_cadets:n27226,type_0,type_2,rel_1,0,0,0,0,train:window_5,0,89619.0
540.0,darpa_cadets:n25,darpa_cadets:n27584,type_0,type_2,rel_1,0,0,0,0,train:window_5,0,89831.0
541.0,darpa_cadets:n25,darpa_cadets:n27680,type_0,type_2,rel_1,0,0,0,0,train:window_5,0,89915.0
542.0,darpa_cadets:n25,darpa_cadets:n27957,type_0,type_2,rel_1,0,0,0,0,train:window_5,0,90047.0
543.0,darpa_cadets:n25,darpa_cadets:n28282,type_0,type_2,rel_1,0,0,0,0,train:window_5,0,90270.0
544.0,darpa_cadets:n25,darpa_cadets:n28605,type_0,type_2,rel_1,0,0,0,0,train:window_5,0,90408.0
545.0,darpa_cadets:n25,darpa_cadets:n29166,type_0,type_2,rel_1,0,0,0,0,train:window_5,0,90714.0
546.0,darpa_cadets:n25,darpa_cadets:n29284,type_0,type_2,rel_1,0,0,0,0,train:window_5,0,90799.0
547.0,darpa_cadets:n25,darpa_cadets:n29542,type_0,type_2,rel_1,0,0,0,0,train:window_5,0,90980.0
548.0,darpa_cadets:n25,darpa_cadets:n30088,type_0,type_2,rel_1,0,0,0,0,train:window_5,0,91402.0
549.0,darpa_cadets:n25,darpa_cadets:n30129,type_0,type_2,rel_1,0,0,0,0,train:window_5,0,91427.0
550.0,darpa_cadets:n25,darpa_cadets:n30275,type_0,type_2,rel_1,0,0,0,0,train:window_5,0,91544.0
551.0,darpa_cadets:n25,darpa_cadets:n30621,type_0,type_2,rel_1,0,0,0,0,train:window_5,0,91822.0
552.0,darpa_cadets:n25,darpa_cadets:n31144,type_0,type_2,rel_1,0,0,0,0,train:window_5,0,92220.0
553.0,darpa_cadets:n25,darpa_cadets:n31956,type_0,type_2,rel_1,0,0,0,0,train:window_5,0,92865.0
554.0,darpa_cadets:n25,darpa_cadets:n31958,type_0,type_2,rel_1,0,0,0,0,train:window_5,0,92867.0
555.0,darpa_cadets:n25,darpa_cadets:n31959,type_0,type_2,rel_1,0,0,0,0,train:window_5,0,92868.0
556.0,darpa_cadets:n25,darpa_cadets:n32361,type_0,type_2,rel_1,0,0,0,0,train:window_5,0,93183.0
557.0,darpa_cadets:n25,darpa_cadets:n32745,type_0,type_2,rel_1,0,0,0,0,train:window_5,0,93503.0
558.0,darpa_cadets:n25,darpa_cadets:n32784,type_0,type_2,rel_1,0,0,0,0,train:window_5,0,93542.0
559.0,darpa_cadets:n25,darpa_cadets:n32875,type_0,type_2,rel_1,0,0,0,0,train:window_5,0,93619.0
560.0,darpa_cadets:n25,darpa_cadets:n33215,type_0,type_2,rel_1,0,0,0,0,train:window_5,0,93891.0
561.0,darpa_cadets:n25,darpa_cadets:n33315,type_0,type_2,rel_1,0,0,0,0,train:window_5,0,93962.0
562.0,darpa_cadets:n25,darpa_cadets:n33324,type_0,type_2,rel_1,0,0,0,0,train:window_5,0,93969.0
563.0,darpa_cadets:n25,darpa_cadets:n33416,type_0,type_2,rel_1,0,0,0,0,train:window_5,0,94061.0
564.0,darpa_cadets:n25,darpa_cadets:n33707,type_0,type_2,rel_1,0,0,0,0,train:window_5,0,94307.0
565.0,darpa_cadets:n25,darpa_cadets:n33750,type_0,type_2,rel_1,0,0,0,0,train:window_5,0,94336.0
566.0,darpa_cadets:n25,darpa_cadets:n33797,type_0,type_2,rel_1,0,0,0,0,train:window_5,0,94383.0
567.0,darpa_cadets:n25,darpa_cadets:n33827,type_0,type_2,rel_1,0,0,0,0,train:window_5,0,94408.0
568.0,darpa_cadets:n25,darpa_cadets:n33849,type_0,type_2,rel_1,0,0,0,0,train:window_5,0,94425.0
569.0,darpa_cadets:n25,darpa_cadets:n33887,type_0,type_2,rel_1,0,0,0,0,train:window_5,0,94449.0
570.0,darpa_cadets:n25,darpa_cadets:n34109,type_0,type_2,rel_1,0,0,0,0,train:window_5,0,94624.0
571.0,darpa_cadets:n25,darpa_cadets:n34243,type_0,type_2,rel_1,0,0,0,0,train:window_5,0,94705.0
572.0,darpa_cadets:n25,darpa_cadets:n34523,type_0,type_2,rel_1,0,0,0,0,train:window_5,0,94945.0
573.0,darpa_cadets:n25,darpa_cadets:n34585,type_0,type_2,rel_1,0,0,0,0,train:window_5,0,95007.0
574.0,darpa_cadets:n25,darpa_cadets:n34789,type_0,type_2,rel_1,0,0,0,0,train:window_5,0,95163.0
575.0,darpa_cadets:n25,darpa_cadets:n34934,type_0,type_2,rel_1,0,0,0,0,train:window_5,0,95292.0
576.0,darpa_cadets:n25,darpa_cadets:n34947,type_0,type_2,rel_1,0,0,0,0,train:window_5,0,95305.0
577.0,darpa_cadets:n25,darpa_cadets:n35236,type_0,type_2,rel_1,0,0,0,0,train:window_5,0,95566.0
578.0,darpa_cadets:n25,darpa_cadets:n35428,type_0,type_2,rel_1,0,0,0,0,train:window_5,0,95706.0
579.0,darpa_cadets:n25,darpa_cadets:n36473,type_0,type_2,rel_1,0,0,0,0,train:window_5,0,96536.0
580.0,darpa_cadets:n25,darpa_cadets:n36494,type_0,type_2,rel_1,0,0,0,0,train:window_5,0,96557.0
581.0,darpa_cadets:n25,darpa_cadets:n37088,type_0,type_2,rel_1,0,0,0,0,train:window_5,0,97038.0
582.0,darpa_cadets:n25,darpa_cadets:n37342,type_0,type_2,rel_1,0,0,0,0,train:window_5,0,97259.0
583.0,darpa_cadets:n25,darpa_cadets:n37363,type_0,type_2,rel_1,0,0,0,0,train:window_5,0,97280.0
584.0,darpa_cadets:n25,darpa_cadets:n37400,type_0,type_2,rel_1,0,0,0,0,train:window_5,0,97317.0
585.0,darpa_cadets:n25,darpa_cadets:n37656,type_0,type_2,rel_1,0,0,0,0,train:window_5,0,97540.0
586.0,darpa_cadets:n25,darpa_cadets:n37713,type_0,type_2,rel_1,0,0,0,0,train:window_5,0,97563.0
587.0,darpa_cadets:n25,darpa_cadets:n37973,type_0,type_2,rel_1,0,0,0,0,train:window_5,0,97795.0
588.0,darpa_cadets:n25,darpa_cadets:n38044,type_0,type_2,rel_1,0,0,0,0,train:window_5,0,97852.0
589.0,darpa_cadets:n25,darpa_cadets:n38201,type_0,type_2,rel_1,0,0,0,0,train:window_5,0,97995.0
590.0,darpa_cadets:n25,darpa_cadets:n38548,type_0,type_2,rel_1,0,0,0,0,train:window_5,0,98241.0
591.0,darpa_cadets:n25,darpa_cadets:n38783,type_0,type_2,rel_1,0,0,0,0,train:window_5,0,98443.0
592.0,darpa_cadets:n25,darpa_cadets:n38811,type_0,type_2,rel_1,0,0,0,0,train:window_5,0,98471.0
593.0,darpa_cadets:n25,darpa_cadets:n38846,type_0,type_2,rel_1,0,0,0,0,train:window_5,0,98506.0
594.0,darpa_cadets:n25,darpa_cadets:n38884,type_0,type_2,rel_1,0,0,0,0,train:window_5,0,98542.0
595.0,darpa_cadets:n25,darpa_cadets:n39511,type_0,type_2,rel_1,0,0,0,0,train:window_5,0,99030.0
596.0,darpa_cadets:n25,darpa_cadets:n39838,type_0,type_2,rel_1,0,0,0,0,train:window_5,0,99313.0
597.0,darpa_cadets:n25,darpa_cadets:n40279,type_0,type_2,rel_1,0,0,0,0,train:window_5,0,99690.0
598.0,darpa_cadets:n25,darpa_cadets:n40500,type_0,type_2,rel_1,0,0,0,0,train:window_5,0,99874.0
599.0,darpa_cadets:n25,darpa_cadets:n40526,type_0,type_2,rel_1,0,0,0,0,train:window_5,0,99888.0
600.0,darpa_cadets:n25,darpa_cadets:n40792,type_0,type_2,rel_1,0,0,0,0,train:window_5,0,100074.0
601.0,darpa_cadets:n25,darpa_cadets:n41311,type_0,type_2,rel_1,0,0,0,0,train:window_6,0,100515.0
602.0,darpa_cadets:n25,darpa_cadets:n41732,type_0,type_2,rel_1,0,0,0,0,train:window_6,0,100877.0
603.0,darpa_cadets:n25,darpa_cadets:n41801,type_0,type_2,rel_1,0,0,0,0,train:window_6,0,100905.0
604.0,darpa_cadets:n25,darpa_cadets:n42004,type_0,type_2,rel_1,0,0,0,0,train:window_6,0,101087.0
605.0,darpa_cadets:n25,darpa_cadets:n42053,type_0,type_2,rel_1,0,0,0,0,train:window_6,0,101124.0
606.0,darpa_cadets:n25,darpa_cadets:n42333,type_0,type_2,rel_1,0,0,0,0,train:window_6,0,101359.0
607.0,darpa_cadets:n25,darpa_cadets:n42562,type_0,type_2,rel_1,0,0,0,0,train:window_6,0,101555.0
608.0,darpa_cadets:n25,darpa_cadets:n42631,type_0,type_2,rel_1,0,0,0,0,train:window_6,0,101612.0
609.0,darpa_cadets:n25,darpa_cadets:n43237,type_0,type_2,rel_1,0,0,0,0,train:window_6,0,102138.0
610.0,darpa_cadets:n25,darpa_cadets:n43411,type_0,type_2,rel_1,0,0,0,0,train:window_6,0,102288.0
611.0,darpa_cadets:n25,darpa_cadets:n43476,type_0,type_2,rel_1,0,0,0,0,train:window_6,0,102341.0
612.0,darpa_cadets:n25,darpa_cadets:n43500,type_0,type_2,rel_1,0,0,0,0,train:window_6,0,102350.0
613.0,darpa_cadets:n25,darpa_cadets:n43541,type_0,type_2,rel_1,0,0,0,0,train:window_6,0,102387.0
614.0,darpa_cadets:n25,darpa_cadets:n43602,type_0,type_2,rel_1,0,0,0,0,train:window_6,0,102436.0
615.0,darpa_cadets:n25,darpa_cadets:n43638,type_0,type_2,rel_1,0,0,0,0,train:window_6,0,102472.0
616.0,darpa_cadets:n25,darpa_cadets:n44010,type_0,type_2,rel_1,0,0,0,0,train:window_6,0,102779.0
617.0,darpa_cadets:n25,darpa_cadets:n44526,type_0,type_2,rel_1,0,0,0,0,train:window_6,0,103202.0
618.0,darpa_cadets:n25,darpa_cadets:n44661,type_0,type_2,rel_1,0,0,0,0,train:window_6,0,103323.0
619.0,darpa_cadets:n25,darpa_cadets:n44879,type_0,type_2,rel_1,0,0,0,0,train:window_6,0,103477.0
620.0,darpa_cadets:n25,darpa_cadets:n45001,type_0,type_2,rel_1,0,0,0,0,train:window_6,0,103565.0
621.0,darpa_cadets:n25,darpa_cadets:n45020,type_0,type_2,rel_1,0,0,0,0,train:window_6,0,103575.0
622.0,darpa_cadets:n25,darpa_cadets:n45074,type_0,type_2,rel_1,0,0,0,0,train:window_6,0,103627.0
623.0,darpa_cadets:n25,darpa_cadets:n45689,type_0,type_2,rel_1,0,0,0,0,train:window_6,0,104126.0
624.0,darpa_cadets:n25,darpa_cadets:n45690,type_0,type_2,rel_1,0,0,0,0,train:window_6,0,104127.0
625.0,darpa_cadets:n25,darpa_cadets:n46208,type_0,type_2,rel_1,0,0,0,0,train:window_6,0,104584.0
626.0,darpa_cadets:n25,darpa_cadets:n46313,type_0,type_2,rel_1,0,0,0,0,train:window_6,0,104665.0
627.0,darpa_cadets:n25,darpa_cadets:n46324,type_0,type_2,rel_1,0,0,0,0,train:window_6,0,104676.0
628.0,darpa_cadets:n25,darpa_cadets:n46589,type_0,type_2,rel_1,0,0,0,0,train:window_6,0,104881.0
629.0,darpa_cadets:n25,darpa_cadets:n46832,type_0,type_2,rel_1,0,0,0,0,train:window_6,0,105065.0
630.0,darpa_cadets:n25,darpa_cadets:n46927,type_0,type_2,rel_1,0,0,0,0,train:window_6,0,105146.0
631.0,darpa_cadets:n25,darpa_cadets:n47409,type_0,type_2,rel_1,0,0,0,0,train:window_6,0,105548.0
632.0,darpa_cadets:n25,darpa_cadets:n47441,type_0,type_2,rel_1,0,0,0,0,train:window_6,0,105572.0
633.0,darpa_cadets:n25,darpa_cadets:n47638,type_0,type_2,rel_1,0,0,0,0,train:window_6,0,105749.0
634.0,darpa_cadets:n25,darpa_cadets:n47731,type_0,type_2,rel_1,0,0,0,0,train:window_6,0,105825.0
635.0,darpa_cadets:n25,darpa_cadets:n48694,type_0,type_2,rel_1,0,0,0,0,train:window_6,0,106641.0
636.0,darpa_cadets:n25,darpa_cadets:n49135,type_0,type_2,rel_1,0,0,0,0,train:window_6,0,106989.0
637.0,darpa_cadets:n25,darpa_cadets:n49438,type_0,type_2,rel_1,0,0,0,0,train:window_6,0,107230.0
638.0,darpa_cadets:n25,darpa_cadets:n50244,type_0,type_2,rel_1,0,0,0,0,train:window_6,0,107863.0
639.0,darpa_cadets:n25,darpa_cadets:n50308,type_0,type_2,rel_1,0,0,0,0,train:window_6,0,107913.0
640.0,darpa_cadets:n25,darpa_cadets:n50698,type_0,type_2,rel_1,0,0,0,0,train:window_6,0,108230.0
641.0,darpa_cadets:n25,darpa_cadets:n50738,type_0,type_2,rel_1,0,0,0,0,train:window_6,0,108256.0
642.0,darpa_cadets:n25,darpa_cadets:n50794,type_0,type_2,rel_1,0,0,0,0,train:window_6,0,108312.0
643.0,darpa_cadets:n25,darpa_cadets:n50890,type_0,type_2,rel_1,0,0,0,0,train:window_6,0,108377.0
644.0,darpa_cadets:n25,darpa_cadets:n50931,type_0,type_2,rel_1,0,0,0,0,train:window_6,0,108418.0
645.0,darpa_cadets:n25,darpa_cadets:n50953,type_0,type_2,rel_1,0,0,0,0,train:window_6,0,108440.0
646.0,darpa_cadets:n25,darpa_cadets:n51422,type_0,type_2,rel_1,0,0,0,0,train:window_6,0,108841.0
647.0,darpa_cadets:n25,darpa_cadets:n51524,type_0,type_2,rel_1,0,0,0,0,train:window_6,0,108933.0
648.0,darpa_cadets:n25,darpa_cadets:n51742,type_0,type_2,rel_1,0,0,0,0,train:window_6,0,109106.0
649.0,darpa_cadets:n25,darpa_cadets:n51769,type_0,type_2,rel_1,0,0,0,0,train:window_6,0,109133.0
650.0,darpa_cadets:n25,darpa_cadets:n51891,type_0,type_2,rel_1,0,0,0,0,train:window_6,0,109241.0
651.0,darpa_cadets:n25,darpa_cadets:n52620,type_0,type_2,rel_1,0,0,0,0,train:window_6,0,109822.0
652.0,darpa_cadets:n25,darpa_cadets:n52810,type_0,type_2,rel_1,0,0,0,0,train:window_6,0,109998.0
653.0,darpa_cadets:n25,darpa_cadets:n52825,type_0,type_2,rel_1,0,0,0,0,train:window_6,0,110013.0
654.0,darpa_cadets:n25,darpa_cadets:n53434,type_0,type_2,rel_1,0,0,0,0,train:window_6,0,110527.0
655.0,darpa_cadets:n25,darpa_cadets:n54235,type_0,type_2,rel_1,0,0,0,0,train:window_6,0,111057.0
656.0,darpa_cadets:n25,darpa_cadets:n54399,type_0,type_2,rel_1,0,0,0,0,train:window_6,0,111207.0
657.0,darpa_cadets:n25,darpa_cadets:n54901,type_0,type_2,rel_1,0,0,0,0,train:window_6,0,111628.0
658.0,darpa_cadets:n25,darpa_cadets:n54964,type_0,type_2,rel_1,0,0,0,0,train:window_6,0,111683.0
659.0,darpa_cadets:n25,darpa_cadets:n55078,type_0,type_2,rel_1,0,0,0,0,train:window_6,0,111783.0
660.0,darpa_cadets:n25,darpa_cadets:n55298,type_0,type_2,rel_1,0,0,0,0,train:window_6,0,111952.0
661.0,darpa_cadets:n25,darpa_cadets:n55582,type_0,type_2,rel_1,0,0,0,0,train:window_6,0,112201.0
662.0,darpa_cadets:n25,darpa_cadets:n56421,type_0,type_2,rel_1,0,0,0,0,train:window_6,0,112898.0
663.0,darpa_cadets:n25,darpa_cadets:n57017,type_0,type_2,rel_1,0,0,0,0,train:window_6,0,113394.0
664.0,darpa_cadets:n25,darpa_cadets:n57108,type_0,type_2,rel_1,0,0,0,0,train:window_6,0,113471.0
665.0,darpa_cadets:n25,darpa_cadets:n57302,type_0,type_2,rel_1,0,0,0,0,train:window_6,0,113646.0
666.0,darpa_cadets:n25,darpa_cadets:n57356,type_0,type_2,rel_1,0,0,0,0,train:window_6,0,113690.0
667.0,darpa_cadets:n25,darpa_cadets:n57476,type_0,type_2,rel_1,0,0,0,0,train:window_6,0,113787.0
668.0,darpa_cadets:n25,darpa_cadets:n57546,type_0,type_2,rel_1,0,0,0,0,train:window_6,0,113845.0
669.0,darpa_cadets:n25,darpa_cadets:n57956,type_0,type_2,rel_1,0,0,0,0,train:window_6,0,114178.0
670.0,darpa_cadets:n25,darpa_cadets:n58350,type_0,type_2,rel_1,0,0,0,0,train:window_6,0,114483.0
671.0,darpa_cadets:n25,darpa_cadets:n58361,type_0,type_2,rel_1,0,0,0,0,train:window_6,0,114494.0
672.0,darpa_cadets:n25,darpa_cadets:n58735,type_0,type_2,rel_1,0,0,0,0,train:window_6,0,114804.0
673.0,darpa_cadets:n25,darpa_cadets:n58836,type_0,type_2,rel_1,0,0,0,0,train:window_6,0,114896.0
674.0,darpa_cadets:n25,darpa_cadets:n58860,type_0,type_2,rel_1,0,0,0,0,train:window_6,0,114910.0
675.0,darpa_cadets:n25,darpa_cadets:n58950,type_0,type_2,rel_1,0,0,0,0,train:window_6,0,114981.0
676.0,darpa_cadets:n25,darpa_cadets:n59058,type_0,type_2,rel_1,0,0,0,0,train:window_6,0,115077.0
677.0,darpa_cadets:n25,darpa_cadets:n59202,type_0,type_2,rel_1,0,0,0,0,train:window_6,0,115207.0
678.0,darpa_cadets:n25,darpa_cadets:n59369,type_0,type_2,rel_1,0,0,0,0,train:window_6,0,115328.0
679.0,darpa_cadets:n25,darpa_cadets:n59399,type_0,type_2,rel_1,0,0,0,0,train:window_6,0,115353.0
680.0,darpa_cadets:n25,darpa_cadets:n59437,type_0,type_2,rel_1,0,0,0,0,train:window_6,0,115383.0
681.0,darpa_cadets:n25,darpa_cadets:n59610,type_0,type_2,rel_1,0,0,0,0,train:window_6,0,115533.0
682.0,darpa_cadets:n25,darpa_cadets:n60201,type_0,type_2,rel_1,0,0,0,0,train:window_6,0,116025.0
683.0,darpa_cadets:n25,darpa_cadets:n60218,type_0,type_2,rel_1,0,0,0,0,train:window_6,0,116037.0
684.0,darpa_cadets:n25,darpa_cadets:n61630,type_0,type_2,rel_1,0,0,0,0,train:window_6,0,117218.0
685.0,darpa_cadets:n25,darpa_cadets:n61939,type_0,type_2,rel_1,0,0,0,0,train:window_6,0,117460.0
686.0,darpa_cadets:n25,darpa_cadets:n62017,type_0,type_2,rel_1,0,0,0,0,train:window_6,0,117536.0
687.0,darpa_cadets:n25,darpa_cadets:n62344,type_0,type_2,rel_1,0,0,0,0,train:window_6,0,117823.0
688.0,darpa_cadets:n25,darpa_cadets:n62649,type_0,type_2,rel_1,0,0,0,0,train:window_6,0,117960.0
689.0,darpa_cadets:n25,darpa_cadets:n64449,type_0,type_2,rel_1,0,0,0,0,train:window_6,0,118010.0
690.0,darpa_cadets:n25,darpa_cadets:n81399,type_0,type_2,rel_1,0,0,0,0,train:window_6,0,118152.0
691.0,darpa_cadets:n25,darpa_cadets:n84686,type_0,type_2,rel_1,0,0,0,0,train:window_6,0,118196.0
692.0,darpa_cadets:n25,darpa_cadets:n95537,type_0,type_2,rel_1,0,0,0,0,train:window_6,0,118294.0
693.0,darpa_cadets:n25,darpa_cadets:n101079,type_0,type_2,rel_1,0,0,0,0,train:window_6,0,118389.0
694.0,darpa_cadets:n25,darpa_cadets:n103154,type_0,type_2,rel_1,0,0,0,0,train:window_6,0,118408.0
695.0,darpa_cadets:n25,darpa_cadets:n104752,type_0,type_2,rel_1,0,0,0,0,train:window_6,0,118443.0
696.0,darpa_cadets:n25,darpa_cadets:n105127,type_0,type_2,rel_1,0,0,0,0,train:window_6,0,118449.0
697.0,darpa_cadets:n25,darpa_cadets:n105637,type_0,type_2,rel_1,0,0,0,0,train:window_6,0,118800.0
698.0,darpa_cadets:n25,darpa_cadets:n105664,type_0,type_2,rel_1,0,0,0,0,train:window_6,0,118825.0
699.0,darpa_cadets:n25,darpa_cadets:n105794,type_0,type_2,rel_1,0,0,0,0,train:window_6,0,118936.0
700.0,darpa_cadets:n25,darpa_cadets:n106397,type_0,type_2,rel_1,0,0,0,0,train:window_6,0,119442.0
701.0,darpa_cadets:n25,darpa_cadets:n106515,type_0,type_2,rel_1,0,0,0,0,train:window_7,0,119541.0
702.0,darpa_cadets:n25,darpa_cadets:n106560,type_0,type_2,rel_1,0,0,0,0,train:window_7,0,119586.0
703.0,darpa_cadets:n25,darpa_cadets:n106676,type_0,type_2,rel_1,0,0,0,0,train:window_7,0,119666.0
704.0,darpa_cadets:n25,darpa_cadets:n106845,type_0,type_2,rel_1,0,0,0,0,train:window_7,0,119821.0
705.0,darpa_cadets:n25,darpa_cadets:n106884,type_0,type_2,rel_1,0,0,0,0,train:window_7,0,119852.0
706.0,darpa_cadets:n25,darpa_cadets:n106903,type_0,type_2,rel_1,0,0,0,0,train:window_7,0,119867.0
707.0,darpa_cadets:n25,darpa_cadets:n106952,type_0,type_2,rel_1,0,0,0,0,train:window_7,0,119914.0
708.0,darpa_cadets:n25,darpa_cadets:n107377,type_0,type_2,rel_1,0,0,0,0,train:window_7,0,120275.0
709.0,darpa_cadets:n25,darpa_cadets:n107392,type_0,type_2,rel_1,0,0,0,0,train:window_7,0,120290.0
710.0,darpa_cadets:n25,darpa_cadets:n107533,type_0,type_2,rel_1,0,0,0,0,train:window_7,0,120401.0
711.0,darpa_cadets:n25,darpa_cadets:n107548,type_0,type_2,rel_1,0,0,0,0,train:window_7,0,120416.0
712.0,darpa_cadets:n25,darpa_cadets:n107677,type_0,type_2,rel_1,0,0,0,0,train:window_7,0,120531.0
713.0,darpa_cadets:n25,darpa_cadets:n108037,type_0,type_2,rel_1,0,0,0,0,train:window_7,0,120831.0
714.0,darpa_cadets:n25,darpa_cadets:n108046,type_0,type_2,rel_1,0,0,0,0,train:window_7,0,120838.0
715.0,darpa_cadets:n25,darpa_cadets:n108111,type_0,type_2,rel_1,0,0,0,0,train:window_7,0,120901.0
716.0,darpa_cadets:n25,darpa_cadets:n108381,type_0,type_2,rel_1,0,0,0,0,train:window_7,0,121138.0
717.0,darpa_cadets:n25,darpa_cadets:n108620,type_0,type_2,rel_1,0,0,0,0,train:window_7,0,121329.0
718.0,darpa_cadets:n25,darpa_cadets:n108635,type_0,type_2,rel_1,0,0,0,0,train:window_7,0,121344.0
719.0,darpa_cadets:n25,darpa_cadets:n108764,type_0,type_2,rel_1,0,0,0,0,train:window_7,0,121439.0
720.0,darpa_cadets:n25,darpa_cadets:n108839,type_0,type_2,rel_1,0,0,0,0,train:window_7,0,121510.0
721.0,darpa_cadets:n25,darpa_cadets:n108874,type_0,type_2,rel_1,0,0,0,0,train:window_7,0,121543.0
722.0,darpa_cadets:n25,darpa_cadets:n108988,type_0,type_2,rel_1,0,0,0,0,train:window_7,0,121645.0
723.0,darpa_cadets:n25,darpa_cadets:n109187,type_0,type_2,rel_1,0,0,0,0,train:window_7,0,121802.0
724.0,darpa_cadets:n25,darpa_cadets:n109659,type_0,type_2,rel_1,0,0,0,0,train:window_7,0,122208.0
725.0,darpa_cadets:n25,darpa_cadets:n109714,type_0,type_2,rel_1,0,0,0,0,train:window_7,0,122258.0
726.0,darpa_cadets:n25,darpa_cadets:n109781,type_0,type_2,rel_1,0,0,0,0,train:window_7,0,122311.0
727.0,darpa_cadets:n25,darpa_cadets:n110767,type_0,type_2,rel_1,0,0,0,0,train:window_7,0,123140.0
728.0,darpa_cadets:n25,darpa_cadets:n111376,type_0,type_2,rel_1,0,0,0,0,train:window_7,0,123671.0
729.0,darpa_cadets:n25,darpa_cadets:n111578,type_0,type_2,rel_1,0,0,0,0,train:window_7,0,123837.0
730.0,darpa_cadets:n25,darpa_cadets:n111582,type_0,type_2,rel_1,0,0,0,0,train:window_7,0,123841.0
731.0,darpa_cadets:n25,darpa_cadets:n111627,type_0,type_2,rel_1,0,0,0,0,train:window_7,0,123872.0
732.0,darpa_cadets:n25,darpa_cadets:n111824,type_0,type_2,rel_1,0,0,0,0,train:window_7,0,124055.0
733.0,darpa_cadets:n25,darpa_cadets:n111831,type_0,type_2,rel_1,0,0,0,0,train:window_7,0,124062.0
734.0,darpa_cadets:n25,darpa_cadets:n111889,type_0,type_2,rel_1,0,0,0,0,train:window_7,0,124106.0
735.0,darpa_cadets:n25,darpa_cadets:n112057,type_0,type_2,rel_1,0,0,0,0,train:window_7,0,124260.0
736.0,darpa_cadets:n25,darpa_cadets:n134977,type_0,type_2,rel_1,0,0,0,0,train:window_7,0,125136.0
737.0,darpa_cadets:n25,darpa_cadets:n134989,type_0,type_2,rel_1,0,0,0,0,train:window_7,0,125148.0
738.0,darpa_cadets:n25,darpa_cadets:n135210,type_0,type_2,rel_1,0,0,0,0,train:window_7,0,125341.0
739.0,darpa_cadets:n25,darpa_cadets:n135675,type_0,type_2,rel_1,0,0,0,0,train:window_7,0,125742.0
740.0,darpa_cadets:n25,darpa_cadets:n136193,type_0,type_2,rel_1,0,0,0,0,train:window_7,0,126161.0
741.0,darpa_cadets:n25,darpa_cadets:n136449,type_0,type_2,rel_1,0,0,0,0,train:window_7,0,126389.0
742.0,darpa_cadets:n25,darpa_cadets:n136555,type_0,type_2,rel_1,0,0,0,0,train:window_7,0,126493.0
743.0,darpa_cadets:n25,darpa_cadets:n136582,type_0,type_2,rel_1,0,0,0,0,train:window_7,0,126508.0
744.0,darpa_cadets:n25,darpa_cadets:n136745,type_0,type_2,rel_1,0,0,0,0,train:window_7,0,126636.0
745.0,darpa_cadets:n25,darpa_cadets:n136974,type_0,type_2,rel_1,0,0,0,0,train:window_7,0,126834.0
746.0,darpa_cadets:n25,darpa_cadets:n137081,type_0,type_2,rel_1,0,0,0,0,train:window_7,0,126927.0
747.0,darpa_cadets:n25,darpa_cadets:n137273,type_0,type_2,rel_1,0,0,0,0,train:window_7,0,127101.0
748.0,darpa_cadets:n25,darpa_cadets:n137777,type_0,type_2,rel_1,0,0,0,0,train:window_7,0,127506.0
749.0,darpa_cadets:n25,darpa_cadets:n137959,type_0,type_2,rel_1,0,0,0,0,train:window_7,0,127674.0
750.0,darpa_cadets:n25,darpa_cadets:n137969,type_0,type_2,rel_1,0,0,0,0,train:window_7,0,127682.0
751.0,darpa_cadets:n25,darpa_cadets:n138266,type_0,type_2,rel_1,0,0,0,0,train:window_7,0,127929.0
752.0,darpa_cadets:n25,darpa_cadets:n138664,type_0,type_2,rel_1,0,0,0,0,train:window_7,0,128285.0
753.0,darpa_cadets:n25,darpa_cadets:n138725,type_0,type_2,rel_1,0,0,0,0,train:window_7,0,128334.0
754.0,darpa_cadets:n25,darpa_cadets:n138791,type_0,type_2,rel_1,0,0,0,0,train:window_7,0,128395.0
755.0,darpa_cadets:n25,darpa_cadets:n138872,type_0,type_2,rel_1,0,0,0,0,train:window_7,0,128462.0
756.0,darpa_cadets:n25,darpa_cadets:n139237,type_0,type_2,rel_1,0,0,0,0,train:window_7,0,128753.0
757.0,darpa_cadets:n25,darpa_cadets:n139648,type_0,type_2,rel_1,0,0,0,0,train:window_7,0,129102.0
758.0,darpa_cadets:n25,darpa_cadets:n140440,type_0,type_2,rel_1,0,0,0,0,train:window_7,0,129781.0
759.0,darpa_cadets:n25,darpa_cadets:n140824,type_0,type_2,rel_1,0,0,0,0,train:window_7,0,130118.0
760.0,darpa_cadets:n25,darpa_cadets:n140844,type_0,type_2,rel_1,0,0,0,0,train:window_7,0,130130.0
761.0,darpa_cadets:n25,darpa_cadets:n141076,type_0,type_2,rel_1,0,0,0,0,train:window_7,0,130306.0
762.0,darpa_cadets:n25,darpa_cadets:n141107,type_0,type_2,rel_1,0,0,0,0,train:window_7,0,130335.0
763.0,darpa_cadets:n25,darpa_cadets:n141142,type_0,type_2,rel_1,0,0,0,0,train:window_7,0,130368.0
764.0,darpa_cadets:n25,darpa_cadets:n141215,type_0,type_2,rel_1,0,0,0,0,train:window_7,0,130431.0
765.0,darpa_cadets:n25,darpa_cadets:n141632,type_0,type_2,rel_1,0,0,0,0,train:window_7,0,130799.0
766.0,darpa_cadets:n25,darpa_cadets:n141698,type_0,type_2,rel_1,0,0,0,0,train:window_7,0,130857.0
767.0,darpa_cadets:n25,darpa_cadets:n142138,type_0,type_2,rel_1,0,0,0,0,train:window_7,0,131229.0
768.0,darpa_cadets:n25,darpa_cadets:n142236,type_0,type_2,rel_1,0,0,0,0,train:window_7,0,131325.0
769.0,darpa_cadets:n25,darpa_cadets:n142429,type_0,type_2,rel_1,0,0,0,0,train:window_7,0,131470.0
770.0,darpa_cadets:n25,darpa_cadets:n142432,type_0,type_2,rel_1,0,0,0,0,train:window_7,0,131473.0
771.0,darpa_cadets:n25,darpa_cadets:n143048,type_0,type_2,rel_1,0,0,0,0,train:window_7,0,131989.0
772.0,darpa_cadets:n25,darpa_cadets:n143198,type_0,type_2,rel_1,0,0,0,0,train:window_7,0,132099.0
773.0,darpa_cadets:n25,darpa_cadets:n143315,type_0,type_2,rel_1,0,0,0,0,train:window_7,0,132195.0
774.0,darpa_cadets:n25,darpa_cadets:n143347,type_0,type_2,rel_1,0,0,0,0,train:window_7,0,132227.0
775.0,darpa_cadets:n25,darpa_cadets:n143989,type_0,type_2,rel_1,0,0,0,0,train:window_7,0,132789.0
776.0,darpa_cadets:n25,darpa_cadets:n144253,type_0,type_2,rel_1,0,0,0,0,train:window_7,0,133025.0
777.0,darpa_cadets:n25,darpa_cadets:n144327,type_0,type_2,rel_1,0,0,0,0,train:window_7,0,133085.0
778.0,darpa_cadets:n25,darpa_cadets:n144528,type_0,type_2,rel_1,0,0,0,0,train:window_7,0,133267.0
779.0,darpa_cadets:n25,darpa_cadets:n144553,type_0,type_2,rel_1,0,0,0,0,train:window_7,0,133280.0
780.0,darpa_cadets:n25,darpa_cadets:n144741,type_0,type_2,rel_1,0,0,0,0,train:window_7,0,133415.0
781.0,darpa_cadets:n25,darpa_cadets:n144851,type_0,type_2,rel_1,0,0,0,0,train:window_7,0,133519.0
782.0,darpa_cadets:n25,darpa_cadets:n144984,type_0,type_2,rel_1,0,0,0,0,train:window_7,0,133638.0
783.0,darpa_cadets:n25,darpa_cadets:n145613,type_0,type_2,rel_1,0,0,0,0,train:window_7,0,134163.0
784.0,darpa_cadets:n25,darpa_cadets:n145770,type_0,type_2,rel_1,0,0,0,0,train:window_7,0,134306.0
785.0,darpa_cadets:n25,darpa_cadets:n145817,type_0,type_2,rel_1,0,0,0,0,train:window_7,0,134353.0
786.0,darpa_cadets:n25,darpa_cadets:n146068,type_0,type_2,rel_1,0,0,0,0,train:window_7,0,134554.0
787.0,darpa_cadets:n25,darpa_cadets:n146256,type_0,type_2,rel_1,0,0,0,0,train:window_7,0,134706.0
788.0,darpa_cadets:n25,darpa_cadets:n146734,type_0,type_2,rel_1,0,0,0,0,train:window_7,0,135108.0
789.0,darpa_cadets:n25,darpa_cadets:n146776,type_0,type_2,rel_1,0,0,0,0,train:window_7,0,135148.0
790.0,darpa_cadets:n25,darpa_cadets:n146910,type_0,type_2,rel_1,0,0,0,0,train:window_7,0,135268.0
791.0,darpa_cadets:n25,darpa_cadets:n147484,type_0,type_2,rel_1,0,0,0,0,train:window_7,0,135741.0
792.0,darpa_cadets:n25,darpa_cadets:n147597,type_0,type_2,rel_1,0,0,0,0,train:window_7,0,135840.0
793.0,darpa_cadets:n25,darpa_cadets:n147605,type_0,type_2,rel_1,0,0,0,0,train:window_7,0,135848.0
794.0,darpa_cadets:n25,darpa_cadets:n148301,type_0,type_2,rel_1,0,0,0,0,train:window_7,0,136432.0
795.0,darpa_cadets:n25,darpa_cadets:n148349,type_0,type_2,rel_1,0,0,0,0,train:window_7,0,136478.0
796.0,darpa_cadets:n25,darpa_cadets:n148621,type_0,type_2,rel_1,0,0,0,0,train:window_7,0,136722.0
797.0,darpa_cadets:n25,darpa_cadets:n148715,type_0,type_2,rel_1,0,0,0,0,train:window_7,0,136799.0
798.0,darpa_cadets:n25,darpa_cadets:n148768,type_0,type_2,rel_1,0,0,0,0,train:window_7,0,136850.0
799.0,darpa_cadets:n25,darpa_cadets:n149010,type_0,type_2,rel_1,0,0,0,0,train:window_7,0,137047.0
800.0,darpa_cadets:n25,darpa_cadets:n149011,type_0,type_2,rel_1,0,0,0,0,train:window_7,0,137048.0
801.0,darpa_cadets:n25,darpa_cadets:n149052,type_0,type_2,rel_1,0,0,0,0,train:window_8,0,137089.0
802.0,darpa_cadets:n25,darpa_cadets:n149066,type_0,type_2,rel_1,0,0,0,0,train:window_8,0,137103.0
803.0,darpa_cadets:n25,darpa_cadets:n149162,type_0,type_2,rel_1,0,0,0,0,train:window_8,0,137180.0
804.0,darpa_cadets:n25,darpa_cadets:n149289,type_0,type_2,rel_1,0,0,0,0,train:window_8,0,137278.0
805.0,darpa_cadets:n25,darpa_cadets:n149480,type_0,type_2,rel_1,0,0,0,0,train:window_8,0,137448.0
806.0,darpa_cadets:n25,darpa_cadets:n149765,type_0,type_2,rel_1,0,0,0,0,train:window_8,0,137688.0
807.0,darpa_cadets:n25,darpa_cadets:n149776,type_0,type_2,rel_1,0,0,0,0,train:window_8,0,137699.0
808.0,darpa_cadets:n25,darpa_cadets:n149842,type_0,type_2,rel_1,0,0,0,0,train:window_8,0,137757.0
809.0,darpa_cadets:n25,darpa_cadets:n149881,type_0,type_2,rel_1,0,0,0,0,train:window_8,0,137790.0
810.0,darpa_cadets:n25,darpa_cadets:n149983,type_0,type_2,rel_1,0,0,0,0,train:window_8,0,137880.0
811.0,darpa_cadets:n25,darpa_cadets:n150168,type_0,type_2,rel_1,0,0,0,0,train:window_8,0,138044.0
812.0,darpa_cadets:n25,darpa_cadets:n150438,type_0,type_2,rel_1,0,0,0,0,train:window_8,0,138269.0
813.0,darpa_cadets:n25,darpa_cadets:n150453,type_0,type_2,rel_1,0,0,0,0,train:window_8,0,138284.0
814.0,darpa_cadets:n25,darpa_cadets:n150698,type_0,type_2,rel_1,0,0,0,0,train:window_8,0,138496.0
815.0,darpa_cadets:n25,darpa_cadets:n150887,type_0,type_2,rel_1,0,0,0,0,train:window_8,0,138649.0
816.0,darpa_cadets:n25,darpa_cadets:n151092,type_0,type_2,rel_1,0,0,0,0,train:window_8,0,138823.0
817.0,darpa_cadets:n25,darpa_cadets:n152855,type_0,type_2,rel_1,0,0,0,0,train:window_8,0,140308.0
818.0,darpa_cadets:n25,darpa_cadets:n152925,type_0,type_2,rel_1,0,0,0,0,train:window_8,0,140373.0
819.0,darpa_cadets:n25,darpa_cadets:n153615,type_0,type_2,rel_1,0,0,0,0,train:window_8,0,140954.0
820.0,darpa_cadets:n25,darpa_cadets:n153784,type_0,type_2,rel_1,0,0,0,0,train:window_8,0,141088.0
821.0,darpa_cadets:n25,darpa_cadets:n154021,type_0,type_2,rel_1,0,0,0,0,train:window_8,0,141280.0
822.0,darpa_cadets:n25,darpa_cadets:n154221,type_0,type_2,rel_1,0,0,0,0,train:window_8,0,141466.0
823.0,darpa_cadets:n25,darpa_cadets:n154422,type_0,type_2,rel_1,0,0,0,0,train:window_8,0,141634.0
824.0,darpa_cadets:n25,darpa_cadets:n154624,type_0,type_2,rel_1,0,0,0,0,train:window_8,0,141805.0
825.0,darpa_cadets:n25,darpa_cadets:n154649,type_0,type_2,rel_1,0,0,0,0,train:window_8,0,141813.0
826.0,darpa_cadets:n25,darpa_cadets:n154802,type_0,type_2,rel_1,0,0,0,0,train:window_8,0,141952.0
827.0,darpa_cadets:n25,darpa_cadets:n154809,type_0,type_2,rel_1,0,0,0,0,train:window_8,0,141959.0
828.0,darpa_cadets:n25,darpa_cadets:n155182,type_0,type_2,rel_1,0,0,0,0,train:window_8,0,142280.0
829.0,darpa_cadets:n25,darpa_cadets:n155402,type_0,type_2,rel_1,0,0,0,0,train:window_8,0,142467.0
830.0,darpa_cadets:n25,darpa_cadets:n155678,type_0,type_2,rel_1,0,0,0,0,train:window_8,0,142713.0
831.0,darpa_cadets:n25,darpa_cadets:n156493,type_0,type_2,rel_1,0,0,0,0,train:window_8,0,143402.0
832.0,darpa_cadets:n25,darpa_cadets:n157037,type_0,type_2,rel_1,0,0,0,0,train:window_8,0,143868.0
833.0,darpa_cadets:n25,darpa_cadets:n157146,type_0,type_2,rel_1,0,0,0,0,train:window_8,0,143963.0
834.0,darpa_cadets:n25,darpa_cadets:n157859,type_0,type_2,rel_1,0,0,0,0,train:window_8,0,144567.0
835.0,darpa_cadets:n25,darpa_cadets:n158169,type_0,type_2,rel_1,0,0,0,0,train:window_8,0,144806.0
836.0,darpa_cadets:n25,darpa_cadets:n158246,type_0,type_2,rel_1,0,0,0,0,train:window_8,0,144881.0
837.0,darpa_cadets:n25,darpa_cadets:n158297,type_0,type_2,rel_1,0,0,0,0,train:window_8,0,144920.0
838.0,darpa_cadets:n25,darpa_cadets:n158399,type_0,type_2,rel_1,0,0,0,0,train:window_8,0,145016.0
839.0,darpa_cadets:n25,darpa_cadets:n158580,type_0,type_2,rel_1,0,0,0,0,train:window_8,0,145170.0
840.0,darpa_cadets:n25,darpa_cadets:n158590,type_0,type_2,rel_1,0,0,0,0,train:window_8,0,145180.0
841.0,darpa_cadets:n25,darpa_cadets:n158774,type_0,type_2,rel_1,0,0,0,0,train:window_8,0,145331.0
842.0,darpa_cadets:n25,darpa_cadets:n158928,type_0,type_2,rel_1,0,0,0,0,train:window_8,0,145471.0
843.0,darpa_cadets:n25,darpa_cadets:n159007,type_0,type_2,rel_1,0,0,0,0,train:window_8,0,145538.0
844.0,darpa_cadets:n25,darpa_cadets:n159029,type_0,type_2,rel_1,0,0,0,0,train:window_8,0,145560.0
845.0,darpa_cadets:n25,darpa_cadets:n159257,type_0,type_2,rel_1,0,0,0,0,train:window_8,0,145760.0
846.0,darpa_cadets:n25,darpa_cadets:n159298,type_0,type_2,rel_1,0,0,0,0,train:window_8,0,145779.0
847.0,darpa_cadets:n25,darpa_cadets:n159486,type_0,type_2,rel_1,0,0,0,0,train:window_8,0,145934.0
848.0,darpa_cadets:n25,darpa_cadets:n159650,type_0,type_2,rel_1,0,0,0,0,train:window_8,0,146079.0
849.0,darpa_cadets:n25,darpa_cadets:n159667,type_0,type_2,rel_1,0,0,0,0,train:window_8,0,146096.0
850.0,darpa_cadets:n25,darpa_cadets:n160155,type_0,type_2,rel_1,0,0,0,0,train:window_8,0,146487.0
851.0,darpa_cadets:n25,darpa_cadets:n160492,type_0,type_2,rel_1,0,0,0,0,train:window_8,0,146771.0
852.0,darpa_cadets:n25,darpa_cadets:n160741,type_0,type_2,rel_1,0,0,0,0,train:window_8,0,146989.0
853.0,darpa_cadets:n25,darpa_cadets:n160765,type_0,type_2,rel_1,0,0,0,0,train:window_8,0,147011.0
854.0,darpa_cadets:n25,darpa_cadets:n160851,type_0,type_2,rel_1,0,0,0,0,train:window_8,0,147085.0
855.0,darpa_cadets:n25,darpa_cadets:n161072,type_0,type_2,rel_1,0,0,0,0,train:window_8,0,147273.0
856.0,darpa_cadets:n25,darpa_cadets:n161207,type_0,type_2,rel_1,0,0,0,0,train:window_8,0,147389.0
857.0,darpa_cadets:n25,darpa_cadets:n161364,type_0,type_2,rel_1,0,0,0,0,train:window_8,0,147532.0
858.0,darpa_cadets:n25,darpa_cadets:n161739,type_0,type_2,rel_1,0,0,0,0,train:window_8,0,147828.0
859.0,darpa_cadets:n25,darpa_cadets:n161791,type_0,type_2,rel_1,0,0,0,0,train:window_8,0,147878.0
860.0,darpa_cadets:n25,darpa_cadets:n161861,type_0,type_2,rel_1,0,0,0,0,train:window_8,0,147936.0
861.0,darpa_cadets:n25,darpa_cadets:n162154,type_0,type_2,rel_1,0,0,0,0,train:window_8,0,148196.0
862.0,darpa_cadets:n25,darpa_cadets:n162579,type_0,type_2,rel_1,0,0,0,0,train:window_8,0,148562.0
863.0,darpa_cadets:n25,darpa_cadets:n162715,type_0,type_2,rel_1,0,0,0,0,train:window_8,0,148679.0
864.0,darpa_cadets:n25,darpa_cadets:n163003,type_0,type_2,rel_1,0,0,0,0,train:window_8,0,148917.0
865.0,darpa_cadets:n25,darpa_cadets:n163699,type_0,type_2,rel_1,0,0,0,0,train:window_8,0,149506.0
866.0,darpa_cadets:n25,darpa_cadets:n163998,type_0,type_2,rel_1,0,0,0,0,train:window_8,0,149773.0
867.0,darpa_cadets:n25,darpa_cadets:n164004,type_0,type_2,rel_1,0,0,0,0,train:window_8,0,149779.0
868.0,darpa_cadets:n25,darpa_cadets:n164200,type_0,type_2,rel_1,0,0,0,0,train:window_8,0,149956.0
869.0,darpa_cadets:n25,darpa_cadets:n164220,type_0,type_2,rel_1,0,0,0,0,train:window_8,0,149971.0
870.0,darpa_cadets:n25,darpa_cadets:n164301,type_0,type_2,rel_1,0,0,0,0,train:window_8,0,150022.0
871.0,darpa_cadets:n25,darpa_cadets:n164408,type_0,type_2,rel_1,0,0,0,0,train:window_8,0,150102.0
872.0,darpa_cadets:n25,darpa_cadets:n164488,type_0,type_2,rel_1,0,0,0,0,train:window_8,0,150176.0
873.0,darpa_cadets:n25,darpa_cadets:n164518,type_0,type_2,rel_1,0,0,0,0,train:window_8,0,150206.0
874.0,darpa_cadets:n25,darpa_cadets:n164754,type_0,type_2,rel_1,0,0,0,0,train:window_8,0,150397.0
875.0,darpa_cadets:n25,darpa_cadets:n165017,type_0,type_2,rel_1,0,0,0,0,train:window_8,0,150627.0
876.0,darpa_cadets:n25,darpa_cadets:n165043,type_0,type_2,rel_1,0,0,0,0,train:window_8,0,150653.0
877.0,darpa_cadets:n25,darpa_cadets:n165458,type_0,type_2,rel_1,0,0,0,0,train:window_8,0,151009.0
878.0,darpa_cadets:n25,darpa_cadets:n166445,type_0,type_2,rel_1,0,0,0,0,train:window_8,0,151829.0
879.0,darpa_cadets:n25,darpa_cadets:n166661,type_0,type_2,rel_1,0,0,0,0,train:window_8,0,152014.0
880.0,darpa_cadets:n25,darpa_cadets:n166670,type_0,type_2,rel_1,0,0,0,0,train:window_8,0,152023.0
881.0,darpa_cadets:n25,darpa_cadets:n166861,type_0,type_2,rel_1,0,0,0,0,train:window_8,0,152186.0
882.0,darpa_cadets:n25,darpa_cadets:n167001,type_0,type_2,rel_1,0,0,0,0,train:window_8,0,152312.0
883.0,darpa_cadets:n25,darpa_cadets:n167056,type_0,type_2,rel_1,0,0,0,0,train:window_8,0,152367.0
884.0,darpa_cadets:n25,darpa_cadets:n167797,type_0,type_2,rel_1,0,0,0,0,train:window_8,0,152989.0
885.0,darpa_cadets:n25,darpa_cadets:n167839,type_0,type_2,rel_1,0,0,0,0,train:window_8,0,153017.0
886.0,darpa_cadets:n25,darpa_cadets:n167881,type_0,type_2,rel_1,0,0,0,0,train:window_8,0,153059.0
887.0,darpa_cadets:n25,darpa_cadets:n167893,type_0,type_2,rel_1,0,0,0,0,train:window_8,0,153071.0
888.0,darpa_cadets:n25,darpa_cadets:n167965,type_0,type_2,rel_1,0,0,0,0,train:window_8,0,153122.0
889.0,darpa_cadets:n25,darpa_cadets:n168036,type_0,type_2,rel_1,0,0,0,0,train:window_8,0,153183.0
890.0,darpa_cadets:n25,darpa_cadets:n168176,type_0,type_2,rel_1,0,0,0,0,train:window_8,0,153309.0
891.0,darpa_cadets:n25,darpa_cadets:n168416,type_0,type_2,rel_1,0,0,0,0,train:window_8,0,153521.0
892.0,darpa_cadets:n25,darpa_cadets:n168555,type_0,type_2,rel_1,0,0,0,0,train:window_8,0,153619.0
893.0,darpa_cadets:n25,darpa_cadets:n168712,type_0,type_2,rel_1,0,0,0,0,train:window_8,0,153726.0
894.0,darpa_cadets:n25,darpa_cadets:n168736,type_0,type_2,rel_1,0,0,0,0,train:window_8,0,153733.0
895.0,darpa_cadets:n25,darpa_cadets:n168809,type_0,type_2,rel_1,0,0,0,0,train:window_8,0,153805.0
896.0,darpa_cadets:n25,darpa_cadets:n168888,type_0,type_2,rel_1,0,0,0,0,train:window_8,0,153870.0
897.0,darpa_cadets:n25,darpa_cadets:n169044,type_0,type_2,rel_1,0,0,0,0,train:window_8,0,154012.0
898.0,darpa_cadets:n25,darpa_cadets:n169612,type_0,type_2,rel_1,0,0,0,0,train:window_8,0,154502.0
899.0,darpa_cadets:n25,darpa_cadets:n169926,type_0,type_2,rel_1,0,0,0,0,train:window_8,0,154783.0
900.0,darpa_cadets:n25,darpa_cadets:n170040,type_0,type_2,rel_1,0,0,0,0,train:window_8,0,154883.0
901.0,darpa_cadets:n25,darpa_cadets:n170168,type_0,type_2,rel_1,0,0,0,0,train:window_9,0,154963.0
902.0,darpa_cadets:n25,darpa_cadets:n170355,type_0,type_2,rel_1,0,0,0,0,train:window_9,0,155131.0
903.0,darpa_cadets:n25,darpa_cadets:n170370,type_0,type_2,rel_1,0,0,0,0,train:window_9,0,155146.0
904.0,darpa_cadets:n25,darpa_cadets:n170428,type_0,type_2,rel_1,0,0,0,0,train:window_9,0,155190.0
905.0,darpa_cadets:n25,darpa_cadets:n171204,type_0,type_2,rel_1,0,0,0,0,train:window_9,0,155858.0
906.0,darpa_cadets:n25,darpa_cadets:n171496,type_0,type_2,rel_1,0,0,0,0,train:window_9,0,156102.0
907.0,darpa_cadets:n25,darpa_cadets:n171610,type_0,type_2,rel_1,0,0,0,0,train:window_9,0,156200.0
908.0,darpa_cadets:n25,darpa_cadets:n172018,type_0,type_2,rel_1,0,0,0,0,train:window_9,0,156544.0
909.0,darpa_cadets:n25,darpa_cadets:n172112,type_0,type_2,rel_1,0,0,0,0,train:window_9,0,156629.0
910.0,darpa_cadets:n25,darpa_cadets:n172117,type_0,type_2,rel_1,0,0,0,0,train:window_9,0,156632.0
911.0,darpa_cadets:n25,darpa_cadets:n172269,type_0,type_2,rel_1,0,0,0,0,train:window_9,0,156753.0
912.0,darpa_cadets:n25,darpa_cadets:n172288,type_0,type_2,rel_1,0,0,0,0,train:window_9,0,156764.0
913.0,darpa_cadets:n25,darpa_cadets:n172479,type_0,type_2,rel_1,0,0,0,0,train:window_9,0,156941.0
914.0,darpa_cadets:n25,darpa_cadets:n172957,type_0,type_2,rel_1,0,0,0,0,train:window_9,0,157351.0
915.0,darpa_cadets:n25,darpa_cadets:n173198,type_0,type_2,rel_1,0,0,0,0,train:window_9,0,157549.0
916.0,darpa_cadets:n25,darpa_cadets:n173615,type_0,type_2,rel_1,0,0,0,0,train:window_9,0,157899.0
917.0,darpa_cadets:n25,darpa_cadets:n173709,type_0,type_2,rel_1,0,0,0,0,train:window_9,0,157977.0
918.0,darpa_cadets:n25,darpa_cadets:n173854,type_0,type_2,rel_1,0,0,0,0,train:window_9,0,158108.0
919.0,darpa_cadets:n25,darpa_cadets:n173881,type_0,type_2,rel_1,0,0,0,0,train:window_9,0,158135.0
920.0,darpa_cadets:n25,darpa_cadets:n174092,type_0,type_2,rel_1,0,0,0,0,train:window_9,0,158326.0
921.0,darpa_cadets:n25,darpa_cadets:n174161,type_0,type_2,rel_1,0,0,0,0,train:window_9,0,158382.0
922.0,darpa_cadets:n25,darpa_cadets:n174421,type_0,type_2,rel_1,0,0,0,0,train:window_9,0,158597.0
923.0,darpa_cadets:n25,darpa_cadets:n174484,type_0,type_2,rel_1,0,0,0,0,train:window_9,0,158658.0
924.0,darpa_cadets:n25,darpa_cadets:n174606,type_0,type_2,rel_1,0,0,0,0,train:window_9,0,158768.0
925.0,darpa_cadets:n25,darpa_cadets:n175246,type_0,type_2,rel_1,0,0,0,0,train:window_9,0,159290.0
926.0,darpa_cadets:n25,darpa_cadets:n175318,type_0,type_2,rel_1,0,0,0,0,train:window_9,0,159350.0
927.0,darpa_cadets:n25,darpa_cadets:n175396,type_0,type_2,rel_1,0,0,0,0,train:window_9,0,159418.0
928.0,darpa_cadets:n25,darpa_cadets:n175707,type_0,type_2,rel_1,0,0,0,0,train:window_9,0,159692.0
929.0,darpa_cadets:n25,darpa_cadets:n175736,type_0,type_2,rel_1,0,0,0,0,train:window_9,0,159706.0
930.0,darpa_cadets:n25,darpa_cadets:n175843,type_0,type_2,rel_1,0,0,0,0,train:window_9,0,159797.0
931.0,darpa_cadets:n25,darpa_cadets:n176576,type_0,type_2,rel_1,0,0,0,0,train:window_9,0,160416.0
932.0,darpa_cadets:n25,darpa_cadets:n177052,type_0,type_2,rel_1,0,0,0,0,train:window_9,0,160821.0
933.0,darpa_cadets:n25,darpa_cadets:n177124,type_0,type_2,rel_1,0,0,0,0,train:window_9,0,160881.0
934.0,darpa_cadets:n25,darpa_cadets:n177796,type_0,type_2,rel_1,0,0,0,0,train:window_9,0,161462.0
935.0,darpa_cadets:n25,darpa_cadets:n177924,type_0,type_2,rel_1,0,0,0,0,train:window_9,0,161559.0
936.0,darpa_cadets:n25,darpa_cadets:n177942,type_0,type_2,rel_1,0,0,0,0,train:window_9,0,161577.0
937.0,darpa_cadets:n25,darpa_cadets:n178566,type_0,type_2,rel_1,0,0,0,0,train:window_9,0,162096.0
938.0,darpa_cadets:n25,darpa_cadets:n178692,type_0,type_2,rel_1,0,0,0,0,train:window_9,0,162206.0
939.0,darpa_cadets:n25,darpa_cadets:n178713,type_0,type_2,rel_1,0,0,0,0,train:window_9,0,162227.0
940.0,darpa_cadets:n25,darpa_cadets:n178805,type_0,type_2,rel_1,0,0,0,0,train:window_9,0,162317.0
941.0,darpa_cadets:n25,darpa_cadets:n178926,type_0,type_2,rel_1,0,0,0,0,train:window_9,0,162424.0
942.0,darpa_cadets:n25,darpa_cadets:n179185,type_0,type_2,rel_1,0,0,0,0,train:window_9,0,162629.0
943.0,darpa_cadets:n25,darpa_cadets:n179317,type_0,type_2,rel_1,0,0,0,0,train:window_9,0,162732.0
944.0,darpa_cadets:n25,darpa_cadets:n179883,type_0,type_2,rel_1,0,0,0,0,train:window_9,0,163235.0
945.0,darpa_cadets:n25,darpa_cadets:n179887,type_0,type_2,rel_1,0,0,0,0,train:window_9,0,163239.0
946.0,darpa_cadets:n25,darpa_cadets:n179924,type_0,type_2,rel_1,0,0,0,0,train:window_9,0,163276.0
947.0,darpa_cadets:n25,darpa_cadets:n180078,type_0,type_2,rel_1,0,0,0,0,train:window_9,0,163395.0
948.0,darpa_cadets:n25,darpa_cadets:n180126,type_0,type_2,rel_1,0,0,0,0,train:window_9,0,163414.0
949.0,darpa_cadets:n25,darpa_cadets:n180189,type_0,type_2,rel_1,0,0,0,0,train:window_9,0,163475.0
950.0,darpa_cadets:n25,darpa_cadets:n180279,type_0,type_2,rel_1,0,0,0,0,train:window_9,0,163553.0
951.0,darpa_cadets:n25,darpa_cadets:n180345,type_0,type_2,rel_1,0,0,0,0,train:window_9,0,163617.0
952.0,darpa_cadets:n25,darpa_cadets:n180460,type_0,type_2,rel_1,0,0,0,0,train:window_9,0,163718.0
953.0,darpa_cadets:n25,darpa_cadets:n180558,type_0,type_2,rel_1,0,0,0,0,train:window_9,0,163799.0
954.0,darpa_cadets:n25,darpa_cadets:n180596,type_0,type_2,rel_1,0,0,0,0,train:window_9,0,163830.0
955.0,darpa_cadets:n25,darpa_cadets:n180640,type_0,type_2,rel_1,0,0,0,0,train:window_9,0,163874.0
956.0,darpa_cadets:n25,darpa_cadets:n180694,type_0,type_2,rel_1,0,0,0,0,train:window_9,0,163901.0
957.0,darpa_cadets:n25,darpa_cadets:n181098,type_0,type_2,rel_1,0,0,0,0,train:window_9,0,164261.0
958.0,darpa_cadets:n25,darpa_cadets:n181146,type_0,type_2,rel_1,0,0,0,0,train:window_9,0,164307.0
959.0,darpa_cadets:n25,darpa_cadets:n181208,type_0,type_2,rel_1,0,0,0,0,train:window_9,0,164369.0
960.0,darpa_cadets:n25,darpa_cadets:n181309,type_0,type_2,rel_1,0,0,0,0,train:window_9,0,164451.0
961.0,darpa_cadets:n25,darpa_cadets:n181628,type_0,type_2,rel_1,0,0,0,0,train:window_9,0,164723.0
962.0,darpa_cadets:n25,darpa_cadets:n182008,type_0,type_2,rel_1,0,0,0,0,train:window_9,0,165034.0
963.0,darpa_cadets:n25,darpa_cadets:n183126,type_0,type_2,rel_1,0,0,0,0,train:window_9,0,166001.0
964.0,darpa_cadets:n25,darpa_cadets:n183136,type_0,type_2,rel_1,0,0,0,0,train:window_9,0,166011.0
965.0,darpa_cadets:n25,darpa_cadets:n183273,type_0,type_2,rel_1,0,0,0,0,train:window_9,0,166117.0
966.0,darpa_cadets:n25,darpa_cadets:n183593,type_0,type_2,rel_1,0,0,0,0,train:window_9,0,166366.0
967.0,darpa_cadets:n25,darpa_cadets:n183734,type_0,type_2,rel_1,0,0,0,0,train:window_9,0,166493.0
968.0,darpa_cadets:n25,darpa_cadets:n184127,type_0,type_2,rel_1,0,0,0,0,train:window_9,0,166839.0
969.0,darpa_cadets:n25,darpa_cadets:n184202,type_0,type_2,rel_1,0,0,0,0,train:window_9,0,166899.0
970.0,darpa_cadets:n25,darpa_cadets:n184270,type_0,type_2,rel_1,0,0,0,0,train:window_9,0,166951.0
971.0,darpa_cadets:n25,darpa_cadets:n184459,type_0,type_2,rel_1,0,0,0,0,train:window_9,0,167126.0
972.0,darpa_cadets:n25,darpa_cadets:n184787,type_0,type_2,rel_1,0,0,0,0,train:window_9,0,167400.0
973.0,darpa_cadets:n25,darpa_cadets:n184853,type_0,type_2,rel_1,0,0,0,0,train:window_9,0,167456.0
974.0,darpa_cadets:n25,darpa_cadets:n184930,type_0,type_2,rel_1,0,0,0,0,train:window_9,0,167516.0
975.0,darpa_cadets:n25,darpa_cadets:n185184,type_0,type_2,rel_1,0,0,0,0,train:window_9,0,167737.0
976.0,darpa_cadets:n25,darpa_cadets:n185350,type_0,type_2,rel_1,0,0,0,0,train:window_9,0,167885.0
977.0,darpa_cadets:n25,darpa_cadets:n185516,type_0,type_2,rel_1,0,0,0,0,train:window_9,0,167998.0
978.0,darpa_cadets:n25,darpa_cadets:n185565,type_0,type_2,rel_1,0,0,0,0,train:window_9,0,168033.0
979.0,darpa_cadets:n25,darpa_cadets:n185654,type_0,type_2,rel_1,0,0,0,0,train:window_9,0,168107.0
980.0,darpa_cadets:n25,darpa_cadets:n185798,type_0,type_2,rel_1,0,0,0,0,train:window_9,0,168230.0
981.0,darpa_cadets:n25,darpa_cadets:n185859,type_0,type_2,rel_1,0,0,0,0,train:window_9,0,168277.0
982.0,darpa_cadets:n25,darpa_cadets:n186033,type_0,type_2,rel_1,0,0,0,0,train:window_9,0,168437.0
983.0,darpa_cadets:n25,darpa_cadets:n186034,type_0,type_2,rel_1,0,0,0,0,train:window_9,0,168438.0
984.0,darpa_cadets:n25,darpa_cadets:n186110,type_0,type_2,rel_1,0,0,0,0,train:window_9,0,168500.0
985.0,darpa_cadets:n25,darpa_cadets:n186151,type_0,type_2,rel_1,0,0,0,0,train:window_9,0,168541.0
986.0,darpa_cadets:n25,darpa_cadets:n186174,type_0,type_2,rel_1,0,0,0,0,train:window_9,0,168564.0
987.0,darpa_cadets:n25,darpa_cadets:n186373,type_0,type_2,rel_1,0,0,0,0,train:window_9,0,168727.0
988.0,darpa_cadets:n25,darpa_cadets:n186472,type_0,type_2,rel_1,0,0,0,0,train:window_9,0,168807.0
989.0,darpa_cadets:n25,darpa_cadets:n186543,type_0,type_2,rel_1,0,0,0,0,train:window_9,0,168864.0
990.0,darpa_cadets:n25,darpa_cadets:n186613,type_0,type_2,rel_1,0,0,0,0,train:window_9,0,168934.0
991.0,darpa_cadets:n25,darpa_cadets:n187163,type_0,type_2,rel_1,0,0,0,0,train:window_9,0,169389.0
992.0,darpa_cadets:n25,darpa_cadets:n187294,type_0,type_2,rel_1,0,0,0,0,train:window_9,0,169506.0
993.0,darpa_cadets:n25,darpa_cadets:n187520,type_0,type_2,rel_1,0,0,0,0,train:window_9,0,169706.0
994.0,darpa_cadets:n25,darpa_cadets:n187604,type_0,type_2,rel_1,0,0,0,0,train:window_9,0,169783.0
995.0,darpa_cadets:n25,darpa_cadets:n187813,type_0,type_2,rel_1,0,0,0,0,train:window_9,0,169946.0
996.0,darpa_cadets:n25,darpa_cadets:n188009,type_0,type_2,rel_1,0,0,0,0,train:window_9,0,170124.0
997.0,darpa_cadets:n25,darpa_cadets:n188031,type_0,type_2,rel_1,0,0,0,0,train:window_9,0,170146.0
998.0,darpa_cadets:n25,darpa_cadets:n188032,type_0,type_2,rel_1,0,0,0,0,train:window_9,0,170147.0
999.0,darpa_cadets:n25,darpa_cadets:n188115,type_0,type_2,rel_1,0,0,0,0,train:window_9,0,170216.0
1000.0,darpa_cadets:n25,darpa_cadets:n188381,type_0,type_2,rel_1,0,0,0,0,train:window_9,0,170449.0
1001.0,darpa_cadets:n25,darpa_cadets:n189055,type_0,type_2,rel_1,0,0,0,0,train:window_10,0,171026.0
1002.0,darpa_cadets:n25,darpa_cadets:n189176,type_0,type_2,rel_1,0,0,0,0,train:window_10,0,171118.0
1003.0,darpa_cadets:n25,darpa_cadets:n189735,type_0,type_2,rel_1,0,0,0,0,train:window_10,0,171595.0
1004.0,darpa_cadets:n25,darpa_cadets:n189811,type_0,type_2,rel_1,0,0,0,0,train:window_10,0,171657.0
1005.0,darpa_cadets:n25,darpa_cadets:n190100,type_0,type_2,rel_1,0,0,0,0,train:window_10,0,171899.0
1006.0,darpa_cadets:n25,darpa_cadets:n190107,type_0,type_2,rel_1,0,0,0,0,train:window_10,0,171906.0
1007.0,darpa_cadets:n25,darpa_cadets:n190231,type_0,type_2,rel_1,0,0,0,0,train:window_10,0,172003.0
1008.0,darpa_cadets:n25,darpa_cadets:n190258,type_0,type_2,rel_1,0,0,0,0,train:window_10,0,172026.0
1009.0,darpa_cadets:n25,darpa_cadets:n190424,type_0,type_2,rel_1,0,0,0,0,train:window_10,0,172173.0
1010.0,darpa_cadets:n25,darpa_cadets:n190470,type_0,type_2,rel_1,0,0,0,0,train:window_10,0,172217.0
1011.0,darpa_cadets:n25,darpa_cadets:n190550,type_0,type_2,rel_1,0,0,0,0,train:window_10,0,172285.0
1012.0,darpa_cadets:n25,darpa_cadets:n190658,type_0,type_2,rel_1,0,0,0,0,train:window_10,0,172366.0
1013.0,darpa_cadets:n25,darpa_cadets:n191022,type_0,type_2,rel_1,0,0,0,0,train:window_10,0,172693.0
1014.0,darpa_cadets:n25,darpa_cadets:n191103,type_0,type_2,rel_1,0,0,0,0,train:window_10,0,172760.0
1015.0,darpa_cadets:n25,darpa_cadets:n191175,type_0,type_2,rel_1,0,0,0,0,train:window_10,0,172825.0
1016.0,darpa_cadets:n25,darpa_cadets:n191301,type_0,type_2,rel_1,0,0,0,0,train:window_10,0,172922.0
1017.0,darpa_cadets:n25,darpa_cadets:n192657,type_0,type_2,rel_1,0,0,0,0,train:window_10,0,174073.0
1018.0,darpa_cadets:n25,darpa_cadets:n192954,type_0,type_2,rel_1,0,0,0,0,train:window_10,0,174325.0
1019.0,darpa_cadets:n25,darpa_cadets:n193022,type_0,type_2,rel_1,0,0,0,0,train:window_10,0,174391.0
1020.0,darpa_cadets:n25,darpa_cadets:n193437,type_0,type_2,rel_1,0,0,0,0,train:window_10,0,174727.0
1021.0,darpa_cadets:n25,darpa_cadets:n193726,type_0,type_2,rel_1,0,0,0,0,train:window_10,0,174981.0
1022.0,darpa_cadets:n25,darpa_cadets:n193788,type_0,type_2,rel_1,0,0,0,0,train:window_10,0,175031.0
1023.0,darpa_cadets:n25,darpa_cadets:n194121,type_0,type_2,rel_1,0,0,0,0,train:window_10,0,175261.0
1024.0,darpa_cadets:n25,darpa_cadets:n194209,type_0,type_2,rel_1,0,0,0,0,train:window_10,0,175318.0
1025.0,darpa_cadets:n25,darpa_cadets:n194239,type_0,type_2,rel_1,0,0,0,0,train:window_10,0,175339.0
1026.0,darpa_cadets:n25,darpa_cadets:n194424,type_0,type_2,rel_1,0,0,0,0,train:window_10,0,175497.0
1027.0,darpa_cadets:n25,darpa_cadets:n194759,type_0,type_2,rel_1,0,0,0,0,train:window_10,0,175738.0
1028.0,darpa_cadets:n25,darpa_cadets:n194897,type_0,type_2,rel_1,0,0,0,0,train:window_10,0,175857.0
1029.0,darpa_cadets:n25,darpa_cadets:n194995,type_0,type_2,rel_1,0,0,0,0,train:window_10,0,175894.0
1030.0,darpa_cadets:n25,darpa_cadets:n195584,type_0,type_2,rel_1,0,0,0,0,train:window_10,0,176158.0
1031.0,darpa_cadets:n25,darpa_cadets:n195733,type_0,type_2,rel_1,0,0,0,0,train:window_10,0,176249.0
1032.0,darpa_cadets:n25,darpa_cadets:n195771,type_0,type_2,rel_1,0,0,0,0,train:window_10,0,176287.0
1033.0,darpa_cadets:n25,darpa_cadets:n195907,type_0,type_2,rel_1,0,0,0,0,train:window_10,0,176378.0
1034.0,darpa_cadets:n25,darpa_cadets:n196132,type_0,type_2,rel_1,0,0,0,0,train:window_10,0,176513.0
1035.0,darpa_cadets:n25,darpa_cadets:n196153,type_0,type_2,rel_1,0,0,0,0,train:window_10,0,176532.0
1036.0,darpa_cadets:n25,darpa_cadets:n196281,type_0,type_2,rel_1,0,0,0,0,train:window_10,0,176618.0
1037.0,darpa_cadets:n25,darpa_cadets:n196303,type_0,type_2,rel_1,0,0,0,0,train:window_10,0,176640.0
1038.0,darpa_cadets:n25,darpa_cadets:n196928,type_0,type_2,rel_1,0,0,0,0,train:window_10,0,177040.0
1039.0,darpa_cadets:n25,darpa_cadets:n197205,type_0,type_2,rel_1,0,0,0,0,train:window_10,0,177272.0
1040.0,darpa_cadets:n25,darpa_cadets:n197704,type_0,type_2,rel_1,0,0,0,0,train:window_10,0,177684.0
1041.0,darpa_cadets:n25,darpa_cadets:n197967,type_0,type_2,rel_1,0,0,0,0,train:window_10,0,177885.0
1042.0,darpa_cadets:n25,darpa_cadets:n198229,type_0,type_2,rel_1,0,0,0,0,train:window_10,0,178119.0
1043.0,darpa_cadets:n25,darpa_cadets:n198376,type_0,type_2,rel_1,0,0,0,0,train:window_10,0,178247.0
1044.0,darpa_cadets:n25,darpa_cadets:n198392,type_0,type_2,rel_1,0,0,0,0,train:window_10,0,178263.0
1045.0,darpa_cadets:n25,darpa_cadets:n198858,type_0,type_2,rel_1,0,0,0,0,train:window_10,0,178634.0
1046.0,darpa_cadets:n25,darpa_cadets:n199014,type_0,type_2,rel_1,0,0,0,0,train:window_10,0,178771.0
1047.0,darpa_cadets:n25,darpa_cadets:n199219,type_0,type_2,rel_1,0,0,0,0,train:window_10,0,178914.0
1048.0,darpa_cadets:n25,darpa_cadets:n199256,type_0,type_2,rel_1,0,0,0,0,train:window_10,0,178945.0
1049.0,darpa_cadets:n25,darpa_cadets:n199278,type_0,type_2,rel_1,0,0,0,0,train:window_10,0,178967.0
1050.0,darpa_cadets:n25,darpa_cadets:n199401,type_0,type_2,rel_1,0,0,0,0,train:window_10,0,179076.0
1051.0,darpa_cadets:n25,darpa_cadets:n199500,type_0,type_2,rel_1,0,0,0,0,train:window_10,0,179146.0
1052.0,darpa_cadets:n25,darpa_cadets:n199751,type_0,type_2,rel_1,0,0,0,0,train:window_10,0,179349.0
1053.0,darpa_cadets:n25,darpa_cadets:n199976,type_0,type_2,rel_1,0,0,0,0,train:window_10,0,179523.0
1054.0,darpa_cadets:n25,darpa_cadets:n200256,type_0,type_2,rel_1,0,0,0,0,train:window_10,0,179775.0
1055.0,darpa_cadets:n25,darpa_cadets:n200604,type_0,type_2,rel_1,0,0,0,0,train:window_10,0,180083.0
1056.0,darpa_cadets:n25,darpa_cadets:n200693,type_0,type_2,rel_1,0,0,0,0,train:window_10,0,180141.0
1057.0,darpa_cadets:n25,darpa_cadets:n201180,type_0,type_2,rel_1,0,0,0,0,train:window_10,0,180569.0
1058.0,darpa_cadets:n25,darpa_cadets:n201260,type_0,type_2,rel_1,0,0,0,0,train:window_10,0,180630.0
1059.0,darpa_cadets:n25,darpa_cadets:n201702,type_0,type_2,rel_1,0,0,0,0,train:window_10,0,180980.0
1060.0,darpa_cadets:n25,darpa_cadets:n201923,type_0,type_2,rel_1,0,0,0,0,train:window_10,0,181175.0
1061.0,darpa_cadets:n25,darpa_cadets:n201941,type_0,type_2,rel_1,0,0,0,0,train:window_10,0,181193.0
1062.0,darpa_cadets:n25,darpa_cadets:n201970,type_0,type_2,rel_1,0,0,0,0,train:window_10,0,181210.0
1063.0,darpa_cadets:n25,darpa_cadets:n202549,type_0,type_2,rel_1,0,0,0,0,train:window_10,0,181714.0
1064.0,darpa_cadets:n25,darpa_cadets:n202683,type_0,type_2,rel_1,0,0,0,0,train:window_10,0,181814.0
1065.0,darpa_cadets:n25,darpa_cadets:n202879,type_0,type_2,rel_1,0,0,0,0,train:window_10,0,181977.0
1066.0,darpa_cadets:n25,darpa_cadets:n202894,type_0,type_2,rel_1,0,0,0,0,train:window_10,0,181992.0
1067.0,darpa_cadets:n25,darpa_cadets:n203178,type_0,type_2,rel_1,0,0,0,0,train:window_10,0,182248.0
1068.0,darpa_cadets:n25,darpa_cadets:n203625,type_0,type_2,rel_1,0,0,0,0,train:window_10,0,182547.0
1069.0,darpa_cadets:n25,darpa_cadets:n204084,type_0,type_2,rel_1,0,0,0,0,train:window_10,0,182964.0
1070.0,darpa_cadets:n25,darpa_cadets:n204100,type_0,type_2,rel_1,0,0,0,0,train:window_10,0,182975.0
1071.0,darpa_cadets:n25,darpa_cadets:n204590,type_0,type_2,rel_1,0,0,0,0,train:window_10,0,183382.0
1072.0,darpa_cadets:n25,darpa_cadets:n204692,type_0,type_2,rel_1,0,0,0,0,train:window_10,0,183482.0
1073.0,darpa_cadets:n25,darpa_cadets:n205063,type_0,type_2,rel_1,0,0,0,0,train:window_10,0,183767.0
1074.0,darpa_cadets:n25,darpa_cadets:n205190,type_0,type_2,rel_1,0,0,0,0,train:window_10,0,183871.0
1075.0,darpa_cadets:n25,darpa_cadets:n205513,type_0,type_2,rel_1,0,0,0,0,train:window_10,0,184154.0
1076.0,darpa_cadets:n25,darpa_cadets:n205709,type_0,type_2,rel_1,0,0,0,0,train:window_10,0,184316.0
1077.0,darpa_cadets:n25,darpa_cadets:n206061,type_0,type_2,rel_1,0,0,0,0,train:window_10,0,184624.0
1078.0,darpa_cadets:n25,darpa_cadets:n206392,type_0,type_2,rel_1,0,0,0,0,train:window_10,0,184907.0
1079.0,darpa_cadets:n25,darpa_cadets:n206509,type_0,type_2,rel_1,0,0,0,0,train:window_10,0,185003.0
1080.0,darpa_cadets:n25,darpa_cadets:n206517,type_0,type_2,rel_1,0,0,0,0,train:window_10,0,185011.0
1081.0,darpa_cadets:n25,darpa_cadets:n207164,type_0,type_2,rel_1,0,0,0,0,train:window_10,0,185433.0
1082.0,darpa_cadets:n25,darpa_cadets:n207649,type_0,type_2,rel_1,0,0,0,0,train:window_10,0,185850.0
1083.0,darpa_cadets:n25,darpa_cadets:n207708,type_0,type_2,rel_1,0,0,0,0,train:window_10,0,185907.0
1084.0,darpa_cadets:n25,darpa_cadets:n207712,type_0,type_2,rel_1,0,0,0,0,train:window_10,0,185911.0
1085.0,darpa_cadets:n25,darpa_cadets:n208005,type_0,type_2,rel_1,0,0,0,0,train:window_10,0,186134.0
1086.0,darpa_cadets:n25,darpa_cadets:n208196,type_0,type_2,rel_1,0,0,0,0,train:window_10,0,186291.0
1087.0,darpa_cadets:n25,darpa_cadets:n208220,type_0,type_2,rel_1,0,0,0,0,train:window_10,0,186315.0
1088.0,darpa_cadets:n25,darpa_cadets:n208563,type_0,type_2,rel_1,0,0,0,0,train:window_10,0,186484.0
1089.0,darpa_cadets:n25,darpa_cadets:n208932,type_0,type_2,rel_1,0,0,0,0,train:window_10,0,186784.0
1090.0,darpa_cadets:n25,darpa_cadets:n209061,type_0,type_2,rel_1,0,0,0,0,train:window_10,0,186899.0
1091.0,darpa_cadets:n25,darpa_cadets:n209154,type_0,type_2,rel_1,0,0,0,0,train:window_10,0,186990.0
1092.0,darpa_cadets:n25,darpa_cadets:n209434,type_0,type_2,rel_1,0,0,0,0,train:window_10,0,187237.0
1093.0,darpa_cadets:n25,darpa_cadets:n210009,type_0,type_2,rel_1,0,0,0,0,train:window_10,0,187713.0
1094.0,darpa_cadets:n25,darpa_cadets:n210387,type_0,type_2,rel_1,0,0,0,0,train:window_10,0,188008.0
1095.0,darpa_cadets:n25,darpa_cadets:n210537,type_0,type_2,rel_1,0,0,0,0,train:window_10,0,188144.0
1096.0,darpa_cadets:n25,darpa_cadets:n210581,type_0,type_2,rel_1,0,0,0,0,train:window_10,0,188186.0
1097.0,darpa_cadets:n25,darpa_cadets:n211010,type_0,type_2,rel_1,0,0,0,0,train:window_10,0,188551.0
1098.0,darpa_cadets:n25,darpa_cadets:n211046,type_0,type_2,rel_1,0,0,0,0,train:window_10,0,188579.0
1099.0,darpa_cadets:n25,darpa_cadets:n211095,type_0,type_2,rel_1,0,0,0,0,train:window_10,0,188624.0
1100.0,darpa_cadets:n25,darpa_cadets:n211521,type_0,type_2,rel_1,0,0,0,0,train:window_10,0,188856.0
1101.0,darpa_cadets:n25,darpa_cadets:n211593,type_0,type_2,rel_1,0,0,0,0,train:window_11,0,188926.0
1102.0,darpa_cadets:n25,darpa_cadets:n211862,type_0,type_2,rel_1,0,0,0,0,train:window_11,0,189130.0
1103.0,darpa_cadets:n25,darpa_cadets:n211865,type_0,type_2,rel_1,0,0,0,0,train:window_11,0,189133.0
1104.0,darpa_cadets:n25,darpa_cadets:n212300,type_0,type_2,rel_1,0,0,0,0,train:window_11,0,189392.0
1105.0,darpa_cadets:n25,darpa_cadets:n212678,type_0,type_2,rel_1,0,0,0,0,train:window_11,0,189682.0
1106.0,darpa_cadets:n25,darpa_cadets:n213166,type_0,type_2,rel_1,0,0,0,0,train:window_11,0,190018.0
1107.0,darpa_cadets:n25,darpa_cadets:n214245,type_0,type_2,rel_1,0,0,0,0,train:window_11,0,190789.0
1108.0,darpa_cadets:n25,darpa_cadets:n214431,type_0,type_2,rel_1,0,0,0,0,train:window_11,0,190922.0
1109.0,darpa_cadets:n25,darpa_cadets:n214451,type_0,type_2,rel_1,0,0,0,0,train:window_11,0,190942.0
1110.0,darpa_cadets:n25,darpa_cadets:n214469,type_0,type_2,rel_1,0,0,0,0,train:window_11,0,190958.0
1111.0,darpa_cadets:n25,darpa_cadets:n214546,type_0,type_2,rel_1,0,0,0,0,train:window_11,0,191023.0
1112.0,darpa_cadets:n25,darpa_cadets:n214562,type_0,type_2,rel_1,0,0,0,0,train:window_11,0,191039.0
1113.0,darpa_cadets:n25,darpa_cadets:n214732,type_0,type_2,rel_1,0,0,0,0,train:window_11,0,191188.0
1114.0,darpa_cadets:n25,darpa_cadets:n214787,type_0,type_2,rel_1,0,0,0,0,train:window_11,0,191239.0
1115.0,darpa_cadets:n25,darpa_cadets:n214840,type_0,type_2,rel_1,0,0,0,0,train:window_11,0,191284.0
1116.0,darpa_cadets:n25,darpa_cadets:n215214,type_0,type_2,rel_1,0,0,0,0,train:window_11,0,191571.0
1117.0,darpa_cadets:n25,darpa_cadets:n215432,type_0,type_2,rel_1,0,0,0,0,train:window_11,0,191697.0
1118.0,darpa_cadets:n25,darpa_cadets:n215443,type_0,type_2,rel_1,0,0,0,0,train:window_11,0,191708.0
1119.0,darpa_cadets:n25,darpa_cadets:n215664,type_0,type_2,rel_1,0,0,0,0,train:window_11,0,191871.0
1120.0,darpa_cadets:n25,darpa_cadets:n215797,type_0,type_2,rel_1,0,0,0,0,train:window_11,0,191962.0
1121.0,darpa_cadets:n25,darpa_cadets:n216342,type_0,type_2,rel_1,0,0,0,0,train:window_11,0,192414.0
1122.0,darpa_cadets:n25,darpa_cadets:n216350,type_0,type_2,rel_1,0,0,0,0,train:window_11,0,192422.0
1123.0,darpa_cadets:n25,darpa_cadets:n216493,type_0,type_2,rel_1,0,0,0,0,train:window_11,0,192546.0
1124.0,darpa_cadets:n25,darpa_cadets:n216642,type_0,type_2,rel_1,0,0,0,0,train:window_11,0,192633.0
1125.0,darpa_cadets:n25,darpa_cadets:n216735,type_0,type_2,rel_1,0,0,0,0,train:window_11,0,192698.0
1126.0,darpa_cadets:n25,darpa_cadets:n216786,type_0,type_2,rel_1,0,0,0,0,train:window_11,0,192745.0
1127.0,darpa_cadets:n25,darpa_cadets:n216803,type_0,type_2,rel_1,0,0,0,0,train:window_11,0,192762.0
1128.0,darpa_cadets:n25,darpa_cadets:n217081,type_0,type_2,rel_1,0,0,0,0,train:window_11,0,192959.0
1129.0,darpa_cadets:n25,darpa_cadets:n217760,type_0,type_2,rel_1,0,0,0,0,train:window_11,0,193275.0
1130.0,darpa_cadets:n25,darpa_cadets:n217784,type_0,type_2,rel_1,0,0,0,0,train:window_11,0,193295.0
1131.0,darpa_cadets:n25,darpa_cadets:n217869,type_0,type_2,rel_1,0,0,0,0,train:window_11,0,193351.0
1132.0,darpa_cadets:n25,darpa_cadets:n217881,type_0,type_2,rel_1,0,0,0,0,train:window_11,0,193363.0
1133.0,darpa_cadets:n25,darpa_cadets:n218502,type_0,type_2,rel_1,0,0,0,0,train:window_11,0,193866.0
1134.0,darpa_cadets:n25,darpa_cadets:n218517,type_0,type_2,rel_1,0,0,0,0,train:window_11,0,193881.0
1135.0,darpa_cadets:n25,darpa_cadets:n218824,type_0,type_2,rel_1,0,0,0,0,train:window_11,0,194018.0
1136.0,darpa_cadets:n25,darpa_cadets:n218912,type_0,type_2,rel_1,0,0,0,0,train:window_11,0,194089.0
1137.0,darpa_cadets:n25,darpa_cadets:n218963,type_0,type_2,rel_1,0,0,0,0,train:window_11,0,194138.0
1138.0,darpa_cadets:n25,darpa_cadets:n219011,type_0,type_2,rel_1,0,0,0,0,train:window_11,0,194176.0
1139.0,darpa_cadets:n25,darpa_cadets:n219226,type_0,type_2,rel_1,0,0,0,0,train:window_11,0,194354.0
1140.0,darpa_cadets:n25,darpa_cadets:n219462,type_0,type_2,rel_1,0,0,0,0,train:window_11,0,194542.0
1141.0,darpa_cadets:n25,darpa_cadets:n219501,type_0,type_2,rel_1,0,0,0,0,train:window_11,0,194579.0
1142.0,darpa_cadets:n25,darpa_cadets:n219628,type_0,type_2,rel_1,0,0,0,0,train:window_11,0,194692.0
1143.0,darpa_cadets:n25,darpa_cadets:n219833,type_0,type_2,rel_1,0,0,0,0,train:window_11,0,194792.0
1144.0,darpa_cadets:n25,darpa_cadets:n219869,type_0,type_2,rel_1,0,0,0,0,train:window_11,0,194819.0
1145.0,darpa_cadets:n25,darpa_cadets:n220500,type_0,type_2,rel_1,0,0,0,0,train:window_11,0,195089.0
1146.0,darpa_cadets:n25,darpa_cadets:n220579,type_0,type_2,rel_1,0,0,0,0,train:window_11,0,195123.0
1147.0,darpa_cadets:n25,darpa_cadets:n221087,type_0,type_2,rel_1,0,0,0,0,train:window_11,0,195502.0
1148.0,darpa_cadets:n25,darpa_cadets:n221128,type_0,type_2,rel_1,0,0,0,0,train:window_11,0,195541.0
1149.0,darpa_cadets:n25,darpa_cadets:n221586,type_0,type_2,rel_1,0,0,0,0,train:window_11,0,195935.0
1150.0,darpa_cadets:n25,darpa_cadets:n221633,type_0,type_2,rel_1,0,0,0,0,train:window_11,0,195970.0
1151.0,darpa_cadets:n25,darpa_cadets:n221753,type_0,type_2,rel_1,0,0,0,0,train:window_11,0,196044.0
1152.0,darpa_cadets:n25,darpa_cadets:n221788,type_0,type_2,rel_1,0,0,0,0,train:window_11,0,196076.0
1153.0,darpa_cadets:n25,darpa_cadets:n221889,type_0,type_2,rel_1,0,0,0,0,train:window_11,0,196165.0
1154.0,darpa_cadets:n25,darpa_cadets:n222012,type_0,type_2,rel_1,0,0,0,0,train:window_11,0,196204.0
1155.0,darpa_cadets:n25,darpa_cadets:n222027,type_0,type_2,rel_1,0,0,0,0,train:window_11,0,196219.0
1156.0,darpa_cadets:n25,darpa_cadets:n222046,type_0,type_2,rel_1,0,0,0,0,train:window_11,0,196236.0
1157.0,darpa_cadets:n25,darpa_cadets:n222055,type_0,type_2,rel_1,0,0,0,0,train:window_11,0,196245.0
1158.0,darpa_cadets:n25,darpa_cadets:n222376,type_0,type_2,rel_1,0,0,0,0,train:window_11,0,196469.0
1159.0,darpa_cadets:n25,darpa_cadets:n222380,type_0,type_2,rel_1,0,0,0,0,train:window_11,0,196473.0
1160.0,darpa_cadets:n25,darpa_cadets:n222675,type_0,type_2,rel_1,0,0,0,0,train:window_11,0,196643.0
1161.0,darpa_cadets:n25,darpa_cadets:n222724,type_0,type_2,rel_1,0,0,0,0,train:window_11,0,196684.0
1162.0,darpa_cadets:n25,darpa_cadets:n223221,type_0,type_2,rel_1,0,0,0,0,train:window_11,0,197000.0
1163.0,darpa_cadets:n25,darpa_cadets:n223678,type_0,type_2,rel_1,0,0,0,0,train:window_11,0,197314.0
1164.0,darpa_cadets:n25,darpa_cadets:n223749,type_0,type_2,rel_1,0,0,0,0,train:window_11,0,197380.0
1165.0,darpa_cadets:n25,darpa_cadets:n224224,type_0,type_2,rel_1,0,0,0,0,train:window_11,0,197617.0
1166.0,darpa_cadets:n25,darpa_cadets:n224988,type_0,type_2,rel_1,0,0,0,0,train:window_11,0,198165.0
1167.0,darpa_cadets:n25,darpa_cadets:n225546,type_0,type_2,rel_1,0,0,0,0,train:window_11,0,198628.0
1168.0,darpa_cadets:n25,darpa_cadets:n225639,type_0,type_2,rel_1,0,0,0,0,train:window_11,0,198704.0
1169.0,darpa_cadets:n25,darpa_cadets:n226070,type_0,type_2,rel_1,0,0,0,0,train:window_11,0,199044.0
1170.0,darpa_cadets:n25,darpa_cadets:n226125,type_0,type_2,rel_1,0,0,0,0,train:window_11,0,199067.0
1171.0,darpa_cadets:n25,darpa_cadets:n226447,type_0,type_2,rel_1,0,0,0,0,train:window_11,0,199336.0
1172.0,darpa_cadets:n25,darpa_cadets:n226853,type_0,type_2,rel_1,0,0,0,0,train:window_11,0,199679.0
1173.0,darpa_cadets:n25,darpa_cadets:n227090,type_0,type_2,rel_1,0,0,0,0,train:window_11,0,199848.0
1174.0,darpa_cadets:n25,darpa_cadets:n227342,type_0,type_2,rel_1,0,0,0,0,train:window_11,0,200034.0
1175.0,darpa_cadets:n25,darpa_cadets:n227547,type_0,type_2,rel_1,0,0,0,0,train:window_11,0,200206.0
1176.0,darpa_cadets:n25,darpa_cadets:n227777,type_0,type_2,rel_1,0,0,0,0,train:window_11,0,200396.0
1177.0,darpa_cadets:n25,darpa_cadets:n227962,type_0,type_2,rel_1,0,0,0,0,train:window_11,0,200548.0
1178.0,darpa_cadets:n25,darpa_cadets:n227963,type_0,type_2,rel_1,0,0,0,0,train:window_11,0,200549.0
1179.0,darpa_cadets:n25,darpa_cadets:n228045,type_0,type_2,rel_1,0,0,0,0,train:window_11,0,200617.0
1180.0,darpa_cadets:n25,darpa_cadets:n228927,type_0,type_2,rel_1,0,0,0,0,train:window_11,0,201305.0
1181.0,darpa_cadets:n25,darpa_cadets:n229848,type_0,type_2,rel_1,0,0,0,0,train:window_11,0,201767.0
1182.0,darpa_cadets:n25,darpa_cadets:n230287,type_0,type_2,rel_1,0,0,0,0,train:window_11,0,202022.0
1183.0,darpa_cadets:n25,darpa_cadets:n230931,type_0,type_2,rel_1,0,0,0,0,train:window_11,0,202404.0
1184.0,darpa_cadets:n25,darpa_cadets:n231237,type_0,type_2,rel_1,0,0,0,0,train:window_11,0,202625.0
1185.0,darpa_cadets:n25,darpa_cadets:n231264,type_0,type_2,rel_1,0,0,0,0,train:window_11,0,202652.0
1186.0,darpa_cadets:n25,darpa_cadets:n231316,type_0,type_2,rel_1,0,0,0,0,train:window_11,0,202704.0
1187.0,darpa_cadets:n25,darpa_cadets:n231755,type_0,type_2,rel_1,0,0,0,0,train:window_11,0,202963.0
1188.0,darpa_cadets:n25,darpa_cadets:n231847,type_0,type_2,rel_1,0,0,0,0,train:window_11,0,203028.0
1189.0,darpa_cadets:n25,darpa_cadets:n232055,type_0,type_2,rel_1,0,0,0,0,train:window_11,0,203118.0
1190.0,darpa_cadets:n25,darpa_cadets:n232181,type_0,type_2,rel_1,0,0,0,0,train:window_11,0,203230.0
1191.0,darpa_cadets:n25,darpa_cadets:n232527,type_0,type_2,rel_1,0,0,0,0,train:window_11,0,203491.0
1192.0,darpa_cadets:n25,darpa_cadets:n232556,type_0,type_2,rel_1,0,0,0,0,train:window_11,0,203505.0
1193.0,darpa_cadets:n25,darpa_cadets:n232564,type_0,type_2,rel_1,0,0,0,0,train:window_11,0,203513.0
1194.0,darpa_cadets:n25,darpa_cadets:n232945,type_0,type_2,rel_1,0,0,0,0,train:window_11,0,203845.0
1195.0,darpa_cadets:n25,darpa_cadets:n233223,type_0,type_2,rel_1,0,0,0,0,train:window_11,0,204032.0
1196.0,darpa_cadets:n25,darpa_cadets:n233254,type_0,type_2,rel_1,0,0,0,0,train:window_11,0,204044.0
1197.0,darpa_cadets:n25,darpa_cadets:n233978,type_0,type_2,rel_1,0,0,0,0,train:window_11,0,204589.0
1198.0,darpa_cadets:n25,darpa_cadets:n233992,type_0,type_2,rel_1,0,0,0,0,train:window_11,0,204603.0
1199.0,darpa_cadets:n25,darpa_cadets:n234091,type_0,type_2,rel_1,0,0,0,0,train:window_11,0,204688.0
1200.0,darpa_cadets:n25,darpa_cadets:n234125,type_0,type_2,rel_1,0,0,0,0,train:window_11,0,204707.0
1201.0,darpa_cadets:n25,darpa_cadets:n234265,type_0,type_2,rel_1,0,0,0,0,train:window_12,0,204831.0
1202.0,darpa_cadets:n25,darpa_cadets:n234268,type_0,type_2,rel_1,0,0,0,0,train:window_12,0,204834.0
1203.0,darpa_cadets:n25,darpa_cadets:n234369,type_0,type_2,rel_1,0,0,0,0,train:window_12,0,204921.0
1204.0,darpa_cadets:n25,darpa_cadets:n234504,type_0,type_2,rel_1,0,0,0,0,train:window_12,0,205018.0
1205.0,darpa_cadets:n25,darpa_cadets:n234530,type_0,type_2,rel_1,0,0,0,0,train:window_12,0,205036.0
1206.0,darpa_cadets:n25,darpa_cadets:n234550,type_0,type_2,rel_1,0,0,0,0,train:window_12,0,205052.0
1207.0,darpa_cadets:n25,darpa_cadets:n234708,type_0,type_2,rel_1,0,0,0,0,train:window_12,0,205165.0
1208.0,darpa_cadets:n25,darpa_cadets:n234778,type_0,type_2,rel_1,0,0,0,0,train:window_12,0,205218.0
1209.0,darpa_cadets:n25,darpa_cadets:n234790,type_0,type_2,rel_1,0,0,0,0,train:window_12,0,205229.0
1210.0,darpa_cadets:n25,darpa_cadets:n234833,type_0,type_2,rel_1,0,0,0,0,train:window_12,0,205270.0
1211.0,darpa_cadets:n25,darpa_cadets:n234969,type_0,type_2,rel_1,0,0,0,0,train:window_12,0,205358.0
1212.0,darpa_cadets:n25,darpa_cadets:n236568,type_0,type_2,rel_1,0,0,0,0,train:window_12,0,206352.0
1213.0,darpa_cadets:n25,darpa_cadets:n236599,type_0,type_2,rel_1,0,0,0,0,train:window_12,0,206371.0
1214.0,darpa_cadets:n25,darpa_cadets:n237145,type_0,type_2,rel_1,0,0,0,0,train:window_12,0,206834.0
1215.0,darpa_cadets:n25,darpa_cadets:n237229,type_0,type_2,rel_1,0,0,0,0,train:window_12,0,206862.0
1216.0,darpa_cadets:n25,darpa_cadets:n237459,type_0,type_2,rel_1,0,0,0,0,train:window_12,0,206944.0
1217.0,darpa_cadets:n25,darpa_cadets:n237912,type_0,type_2,rel_1,0,0,0,0,train:window_12,0,207331.0
1218.0,darpa_cadets:n25,darpa_cadets:n238083,type_0,type_2,rel_1,0,0,0,0,train:window_12,0,207478.0
1219.0,darpa_cadets:n25,darpa_cadets:n238098,type_0,type_2,rel_1,0,0,0,0,train:window_12,0,207493.0
1220.0,darpa_cadets:n25,darpa_cadets:n238375,type_0,type_2,rel_1,0,0,0,0,train:window_12,0,207701.0
1221.0,darpa_cadets:n25,darpa_cadets:n238394,type_0,type_2,rel_1,0,0,0,0,train:window_12,0,207720.0
1222.0,darpa_cadets:n25,darpa_cadets:n238596,type_0,type_2,rel_1,0,0,0,0,train:window_12,0,207868.0
1223.0,darpa_cadets:n25,darpa_cadets:n238973,type_0,type_2,rel_1,0,0,0,0,train:window_12,0,208053.0
1224.0,darpa_cadets:n25,darpa_cadets:n239094,type_0,type_2,rel_1,0,0,0,0,train:window_12,0,208145.0
1225.0,darpa_cadets:n25,darpa_cadets:n239258,type_0,type_2,rel_1,0,0,0,0,train:window_12,0,208225.0
1226.0,darpa_cadets:n25,darpa_cadets:n239633,type_0,type_2,rel_1,0,0,0,0,train:window_12,0,208545.0
1227.0,darpa_cadets:n25,darpa_cadets:n239671,type_0,type_2,rel_1,0,0,0,0,train:window_12,0,208579.0
1228.0,darpa_cadets:n25,darpa_cadets:n239890,type_0,type_2,rel_1,0,0,0,0,train:window_12,0,208747.0
1229.0,darpa_cadets:n25,darpa_cadets:n240153,type_0,type_2,rel_1,0,0,0,0,train:window_12,0,208927.0
1230.0,darpa_cadets:n25,darpa_cadets:n240259,type_0,type_2,rel_1,0,0,0,0,train:window_12,0,209027.0
1231.0,darpa_cadets:n25,darpa_cadets:n240466,type_0,type_2,rel_1,0,0,0,0,train:window_12,0,209210.0
1232.0,darpa_cadets:n25,darpa_cadets:n241315,type_0,type_2,rel_1,0,0,0,0,train:window_12,0,209824.0
1233.0,darpa_cadets:n25,darpa_cadets:n241349,type_0,type_2,rel_1,0,0,0,0,train:window_12,0,209858.0
1234.0,darpa_cadets:n25,darpa_cadets:n241385,type_0,type_2,rel_1,0,0,0,0,train:window_12,0,209882.0
1235.0,darpa_cadets:n25,darpa_cadets:n241566,type_0,type_2,rel_1,0,0,0,0,train:window_12,0,210042.0
1236.0,darpa_cadets:n25,darpa_cadets:n241731,type_0,type_2,rel_1,0,0,0,0,train:window_12,0,210176.0
1237.0,darpa_cadets:n25,darpa_cadets:n242123,type_0,type_2,rel_1,0,0,0,0,train:window_12,0,210483.0
1238.0,darpa_cadets:n25,darpa_cadets:n242155,type_0,type_2,rel_1,0,0,0,0,train:window_12,0,210513.0
1239.0,darpa_cadets:n25,darpa_cadets:n242347,type_0,type_2,rel_1,0,0,0,0,train:window_12,0,210658.0
1240.0,darpa_cadets:n25,darpa_cadets:n242562,type_0,type_2,rel_1,0,0,0,0,train:window_12,0,210826.0
1241.0,darpa_cadets:n25,darpa_cadets:n242862,type_0,type_2,rel_1,0,0,0,0,train:window_12,0,210955.0
1242.0,darpa_cadets:n25,darpa_cadets:n243224,type_0,type_2,rel_1,0,0,0,0,train:window_12,0,211248.0
1243.0,darpa_cadets:n25,darpa_cadets:n243228,type_0,type_2,rel_1,0,0,0,0,train:window_12,0,211252.0
1244.0,darpa_cadets:n25,darpa_cadets:n243822,type_0,type_2,rel_1,0,0,0,0,train:window_12,0,211718.0
1245.0,darpa_cadets:n25,darpa_cadets:n244138,type_0,type_2,rel_1,0,0,0,0,train:window_12,0,211984.0
1246.0,darpa_cadets:n25,darpa_cadets:n244445,type_0,type_2,rel_1,0,0,0,0,train:window_12,0,212263.0
1247.0,darpa_cadets:n25,darpa_cadets:n244639,type_0,type_2,rel_1,0,0,0,0,train:window_12,0,212426.0
1248.0,darpa_cadets:n25,darpa_cadets:n244749,type_0,type_2,rel_1,0,0,0,0,train:window_12,0,212502.0
1249.0,darpa_cadets:n25,darpa_cadets:n244905,type_0,type_2,rel_1,0,0,0,0,train:window_12,0,212642.0
1250.0,darpa_cadets:n25,darpa_cadets:n245027,type_0,type_2,rel_1,0,0,0,0,train:window_12,0,212718.0
1251.0,darpa_cadets:n25,darpa_cadets:n245135,type_0,type_2,rel_1,0,0,0,0,train:window_12,0,212809.0
1252.0,darpa_cadets:n25,darpa_cadets:n245167,type_0,type_2,rel_1,0,0,0,0,train:window_12,0,212841.0
1253.0,darpa_cadets:n25,darpa_cadets:n245326,type_0,type_2,rel_1,0,0,0,0,train:window_12,0,212981.0
1254.0,darpa_cadets:n25,darpa_cadets:n245410,type_0,type_2,rel_1,0,0,0,0,train:window_12,0,213032.0
1255.0,darpa_cadets:n25,darpa_cadets:n245512,type_0,type_2,rel_1,0,0,0,0,train:window_12,0,213117.0
1256.0,darpa_cadets:n25,darpa_cadets:n245811,type_0,type_2,rel_1,0,0,0,0,train:window_12,0,213382.0
1257.0,darpa_cadets:n25,darpa_cadets:n246295,type_0,type_2,rel_1,0,0,0,0,train:window_12,0,213792.0
1258.0,darpa_cadets:n25,darpa_cadets:n246840,type_0,type_2,rel_1,0,0,0,0,train:window_12,0,214122.0
1259.0,darpa_cadets:n25,darpa_cadets:n246967,type_0,type_2,rel_1,0,0,0,0,train:window_12,0,214201.0
1260.0,darpa_cadets:n25,darpa_cadets:n247361,type_0,type_2,rel_1,0,0,0,0,train:window_12,0,214536.0
1261.0,darpa_cadets:n25,darpa_cadets:n247615,type_0,type_2,rel_1,0,0,0,0,train:window_12,0,214762.0
1262.0,darpa_cadets:n25,darpa_cadets:n248839,type_0,type_2,rel_1,0,0,0,0,train:window_12,0,215776.0
1263.0,darpa_cadets:n25,darpa_cadets:n248982,type_0,type_2,rel_1,0,0,0,0,train:window_12,0,215905.0
1264.0,darpa_cadets:n25,darpa_cadets:n248983,type_0,type_2,rel_1,0,0,0,0,train:window_12,0,215906.0
1265.0,darpa_cadets:n25,darpa_cadets:n249160,type_0,type_2,rel_1,0,0,0,0,train:window_12,0,216050.0
1266.0,darpa_cadets:n25,darpa_cadets:n249436,type_0,type_2,rel_1,0,0,0,0,train:window_12,0,216260.0
1267.0,darpa_cadets:n25,darpa_cadets:n249514,type_0,type_2,rel_1,0,0,0,0,train:window_12,0,216324.0
1268.0,darpa_cadets:n25,darpa_cadets:n249552,type_0,type_2,rel_1,0,0,0,0,train:window_12,0,216362.0
1269.0,darpa_cadets:n25,darpa_cadets:n250419,type_0,type_2,rel_1,0,0,0,0,train:window_12,0,217034.0
1270.0,darpa_cadets:n25,darpa_cadets:n250472,type_0,type_2,rel_1,0,0,0,0,train:window_12,0,217087.0
1271.0,darpa_cadets:n25,darpa_cadets:n251141,type_0,type_2,rel_1,0,0,0,0,train:window_12,0,217664.0
1272.0,darpa_cadets:n25,darpa_cadets:n251217,type_0,type_2,rel_1,0,0,0,0,train:window_12,0,217736.0
1273.0,darpa_cadets:n25,darpa_cadets:n251330,type_0,type_2,rel_1,0,0,0,0,train:window_12,0,217817.0
1274.0,darpa_cadets:n25,darpa_cadets:n251400,type_0,type_2,rel_1,0,0,0,0,train:window_12,0,217873.0
1275.0,darpa_cadets:n25,darpa_cadets:n251427,type_0,type_2,rel_1,0,0,0,0,train:window_12,0,217900.0
1276.0,darpa_cadets:n25,darpa_cadets:n251500,type_0,type_2,rel_1,0,0,0,0,train:window_12,0,217956.0
1277.0,darpa_cadets:n25,darpa_cadets:n251762,type_0,type_2,rel_1,0,0,0,0,train:window_12,0,218190.0
1278.0,darpa_cadets:n25,darpa_cadets:n251827,type_0,type_2,rel_1,0,0,0,0,train:window_12,0,218241.0
1279.0,darpa_cadets:n25,darpa_cadets:n251856,type_0,type_2,rel_1,0,0,0,0,train:window_12,0,218270.0
1280.0,darpa_cadets:n25,darpa_cadets:n251871,type_0,type_2,rel_1,0,0,0,0,train:window_12,0,218285.0
1281.0,darpa_cadets:n25,darpa_cadets:n251874,type_0,type_2,rel_1,0,0,0,0,train:window_12,0,218288.0
1282.0,darpa_cadets:n25,darpa_cadets:n252029,type_0,type_2,rel_1,0,0,0,0,train:window_12,0,218402.0
1283.0,darpa_cadets:n25,darpa_cadets:n252125,type_0,type_2,rel_1,0,0,0,0,train:window_12,0,218482.0
1284.0,darpa_cadets:n25,darpa_cadets:n252347,type_0,type_2,rel_1,0,0,0,0,train:window_12,0,218566.0
1285.0,darpa_cadets:n25,darpa_cadets:n252411,type_0,type_2,rel_1,0,0,0,0,train:window_12,0,218572.0
1286.0,darpa_cadets:n25,darpa_cadets:n252832,type_0,type_2,rel_1,0,0,0,0,train:window_12,0,218836.0
1287.0,darpa_cadets:n25,darpa_cadets:n252870,type_0,type_2,rel_1,0,0,0,0,train:window_12,0,218874.0
1288.0,darpa_cadets:n25,darpa_cadets:n253192,type_0,type_2,rel_1,0,0,0,0,train:window_12,0,219123.0
1289.0,darpa_cadets:n25,darpa_cadets:n253771,type_0,type_2,rel_1,0,0,0,0,train:window_12,0,219585.0
1290.0,darpa_cadets:n25,darpa_cadets:n253852,type_0,type_2,rel_1,0,0,0,0,train:window_12,0,219664.0
1291.0,darpa_cadets:n25,darpa_cadets:n253873,type_0,type_2,rel_1,0,0,0,0,train:window_12,0,219677.0
1292.0,darpa_cadets:n25,darpa_cadets:n254052,type_0,type_2,rel_1,0,0,0,0,train:window_12,0,219804.0
1293.0,darpa_cadets:n25,darpa_cadets:n254290,type_0,type_2,rel_1,0,0,0,0,train:window_12,0,220026.0
1294.0,darpa_cadets:n25,darpa_cadets:n254500,type_0,type_2,rel_1,0,0,0,0,train:window_12,0,220178.0
1295.0,darpa_cadets:n25,darpa_cadets:n254700,type_0,type_2,rel_1,0,0,0,0,train:window_12,0,220320.0
1296.0,darpa_cadets:n25,darpa_cadets:n255146,type_0,type_2,rel_1,0,0,0,0,train:window_12,0,220686.0
1297.0,darpa_cadets:n25,darpa_cadets:n255202,type_0,type_2,rel_1,0,0,0,0,train:window_12,0,220740.0
1298.0,darpa_cadets:n25,darpa_cadets:n255215,type_0,type_2,rel_1,0,0,0,0,train:window_12,0,220753.0
1299.0,darpa_cadets:n25,darpa_cadets:n255274,type_0,type_2,rel_1,0,0,0,0,train:window_12,0,220795.0
1300.0,darpa_cadets:n25,darpa_cadets:n255495,type_0,type_2,rel_1,0,0,0,0,train:window_12,0,220939.0
1301.0,darpa_cadets:n25,darpa_cadets:n255619,type_0,type_2,rel_1,0,0,0,0,train:window_13,0,221032.0
1302.0,darpa_cadets:n25,darpa_cadets:n256064,type_0,type_2,rel_1,0,0,0,0,train:window_13,0,221430.0
1303.0,darpa_cadets:n25,darpa_cadets:n256109,type_0,type_2,rel_1,0,0,0,0,train:window_13,0,221473.0
1304.0,darpa_cadets:n25,darpa_cadets:n256143,type_0,type_2,rel_1,0,0,0,0,train:window_13,0,221495.0
1305.0,darpa_cadets:n25,darpa_cadets:n256185,type_0,type_2,rel_1,0,0,0,0,train:window_13,0,221522.0
1306.0,darpa_cadets:n25,darpa_cadets:n256935,type_0,type_2,rel_1,0,0,0,0,train:window_13,0,222084.0
1307.0,darpa_cadets:n25,darpa_cadets:n257481,type_0,type_2,rel_1,0,0,0,0,train:window_13,0,222332.0
1308.0,darpa_cadets:n25,darpa_cadets:n257895,type_0,type_2,rel_1,0,0,0,0,train:window_13,0,222594.0
1309.0,darpa_cadets:n25,darpa_cadets:n258044,type_0,type_2,rel_1,0,0,0,0,train:window_13,0,222714.0
1310.0,darpa_cadets:n25,darpa_cadets:n258564,type_0,type_2,rel_1,0,0,0,0,train:window_13,0,222974.0
1311.0,darpa_cadets:n25,darpa_cadets:n258977,type_0,type_2,rel_1,0,0,0,0,train:window_13,0,223227.0
1312.0,darpa_cadets:n25,darpa_cadets:n259167,type_0,type_2,rel_1,0,0,0,0,train:window_13,0,223296.0
1313.0,darpa_cadets:n25,darpa_cadets:n259265,type_0,type_2,rel_1,0,0,0,0,train:window_13,0,223359.0
1314.0,darpa_cadets:n25,darpa_cadets:n259305,type_0,type_2,rel_1,0,0,0,0,train:window_13,0,223399.0
1315.0,darpa_cadets:n25,darpa_cadets:n260150,type_0,type_2,rel_1,0,0,0,0,train:window_13,0,224042.0
1316.0,darpa_cadets:n25,darpa_cadets:n260153,type_0,type_2,rel_1,0,0,0,0,train:window_13,0,224045.0
1317.0,darpa_cadets:n25,darpa_cadets:n260390,type_0,type_2,rel_1,0,0,0,0,train:window_13,0,224218.0
1318.0,darpa_cadets:n25,darpa_cadets:n260624,type_0,type_2,rel_1,0,0,0,0,train:window_13,0,224418.0
1319.0,darpa_cadets:n25,darpa_cadets:n260773,type_0,type_2,rel_1,0,0,0,0,train:window_13,0,224536.0
1320.0,darpa_cadets:n25,darpa_cadets:n260937,type_0,type_2,rel_1,0,0,0,0,train:window_13,0,224650.0
1321.0,darpa_cadets:n25,darpa_cadets:n261056,type_0,type_2,rel_1,0,0,0,0,train:window_13,0,224759.0
1322.0,darpa_cadets:n25,darpa_cadets:n261158,type_0,type_2,rel_1,0,0,0,0,train:window_13,0,224855.0
1323.0,darpa_cadets:n25,darpa_cadets:n261393,type_0,type_2,rel_1,0,0,0,0,train:window_13,0,225040.0
1324.0,darpa_cadets:n25,darpa_cadets:n261471,type_0,type_2,rel_1,0,0,0,0,train:window_13,0,225103.0
1325.0,darpa_cadets:n25,darpa_cadets:n262200,type_0,type_2,rel_1,0,0,0,0,train:window_13,0,225482.0
1326.0,darpa_cadets:n25,darpa_cadets:n262346,type_0,type_2,rel_1,0,0,0,0,train:window_13,0,225576.0
1327.0,darpa_cadets:n25,darpa_cadets:n262414,type_0,type_2,rel_1,0,0,0,0,train:window_13,0,225606.0
1328.0,darpa_cadets:n25,darpa_cadets:n262441,type_0,type_2,rel_1,0,0,0,0,train:window_13,0,225611.0
1329.0,darpa_cadets:n25,darpa_cadets:n262584,type_0,type_2,rel_1,0,0,0,0,train:window_13,0,225724.0
1330.0,darpa_cadets:n25,darpa_cadets:n262941,type_0,type_2,rel_1,0,0,0,0,train:window_13,0,225970.0
1331.0,darpa_cadets:n25,darpa_cadets:n262999,type_0,type_2,rel_1,0,0,0,0,train:window_13,0,226022.0
1332.0,darpa_cadets:n25,darpa_cadets:n263298,type_0,type_2,rel_1,0,0,0,0,train:window_13,0,226170.0
1333.0,darpa_cadets:n25,darpa_cadets:n263326,type_0,type_2,rel_1,0,0,0,0,train:window_13,0,226193.0
1334.0,darpa_cadets:n25,darpa_cadets:n263702,type_0,type_2,rel_1,0,0,0,0,train:window_13,0,226379.0
1335.0,darpa_cadets:n25,darpa_cadets:n263844,type_0,type_2,rel_1,0,0,0,0,train:window_13,0,226462.0
1336.0,darpa_cadets:n25,darpa_cadets:n264008,type_0,type_2,rel_1,0,0,0,0,train:window_13,0,226604.0
1337.0,darpa_cadets:n25,darpa_cadets:n264405,type_0,type_2,rel_1,0,0,0,0,train:window_13,0,226905.0
1338.0,darpa_cadets:n25,darpa_cadets:n264554,type_0,type_2,rel_1,0,0,0,0,train:window_13,0,226937.0
1339.0,darpa_cadets:n25,darpa_cadets:n264580,type_0,type_2,rel_1,0,0,0,0,train:window_13,0,226959.0
1340.0,darpa_cadets:n25,darpa_cadets:n264585,type_0,type_2,rel_1,0,0,0,0,train:window_13,0,226962.0
1341.0,darpa_cadets:n25,darpa_cadets:n264785,type_0,type_2,rel_1,0,0,0,0,train:window_13,0,227094.0
1342.0,darpa_cadets:n25,darpa_cadets:n265884,type_0,type_2,rel_1,0,0,0,0,train:window_13,0,227707.0
1343.0,darpa_cadets:n25,darpa_cadets:n266036,type_0,type_2,rel_1,0,0,0,0,train:window_13,0,227840.0
1344.0,darpa_cadets:n25,darpa_cadets:n266502,type_0,type_2,rel_1,0,0,0,0,train:window_13,0,228076.0
1345.0,darpa_cadets:n25,darpa_cadets:n266526,type_0,type_2,rel_1,0,0,0,0,train:window_13,0,228100.0
1346.0,darpa_cadets:n25,darpa_cadets:n266880,type_0,type_2,rel_1,0,0,0,0,train:window_13,0,228298.0
1347.0,darpa_cadets:n25,darpa_cadets:n267303,type_0,type_2,rel_1,0,0,0,0,train:window_13,0,228673.0
1348.0,darpa_cadets:n25,darpa_cadets:n267888,type_0,type_2,rel_1,0,0,0,0,train:window_13,0,229098.0
1349.0,darpa_cadets:n25,darpa_cadets:n268353,type_0,type_2,rel_1,0,0,0,0,train:window_13,0,229431.0
1350.0,darpa_cadets:n25,darpa_cadets:n268382,type_0,type_2,rel_1,0,0,0,0,train:window_13,0,229460.0
1351.0,darpa_cadets:n25,darpa_cadets:n268905,type_0,type_2,rel_1,0,0,0,0,train:window_13,0,229725.0
1352.0,darpa_cadets:n25,darpa_cadets:n269190,type_0,type_2,rel_1,0,0,0,0,train:window_13,0,229878.0
1353.0,darpa_cadets:n25,darpa_cadets:n269312,type_0,type_2,rel_1,0,0,0,0,train:window_13,0,229969.0
1354.0,darpa_cadets:n25,darpa_cadets:n282963,type_0,type_2,rel_1,0,0,0,0,train:window_13,0,230520.0
1355.0,darpa_cadets:n25,darpa_cadets:n283199,type_0,type_2,rel_1,0,0,0,0,train:window_13,0,230726.0
1356.0,darpa_cadets:n25,darpa_cadets:n283621,type_0,type_2,rel_1,0,0,0,0,train:window_13,0,231029.0
1357.0,darpa_cadets:n25,darpa_cadets:n284034,type_0,type_2,rel_1,0,0,0,0,train:window_13,0,231288.0
1358.0,darpa_cadets:n25,darpa_cadets:n284203,type_0,type_2,rel_1,0,0,0,0,train:window_13,0,231431.0
1359.0,darpa_cadets:n25,darpa_cadets:n284238,type_0,type_2,rel_1,0,0,0,0,train:window_13,0,231466.0
1360.0,darpa_cadets:n25,darpa_cadets:n284320,type_0,type_2,rel_1,0,0,0,0,train:window_13,0,231538.0
1361.0,darpa_cadets:n25,darpa_cadets:n284499,type_0,type_2,rel_1,0,0,0,0,train:window_13,0,231694.0
1362.0,darpa_cadets:n25,darpa_cadets:n285036,type_0,type_2,rel_1,0,0,0,0,train:window_13,0,232158.0
1363.0,darpa_cadets:n25,darpa_cadets:n285236,type_0,type_2,rel_1,0,0,0,0,train:window_13,0,232307.0
1364.0,darpa_cadets:n25,darpa_cadets:n285568,type_0,type_2,rel_1,0,0,0,0,train:window_13,0,232607.0
1365.0,darpa_cadets:n25,darpa_cadets:n285608,type_0,type_2,rel_1,0,0,0,0,train:window_13,0,232635.0
1366.0,darpa_cadets:n25,darpa_cadets:n285647,type_0,type_2,rel_1,0,0,0,0,train:window_13,0,232674.0
1367.0,darpa_cadets:n25,darpa_cadets:n285927,type_0,type_2,rel_1,0,0,0,0,train:window_13,0,232883.0
1368.0,darpa_cadets:n25,darpa_cadets:n285931,type_0,type_2,rel_1,0,0,0,0,train:window_13,0,232887.0
1369.0,darpa_cadets:n25,darpa_cadets:n286278,type_0,type_2,rel_1,0,0,0,0,train:window_13,0,233167.0
1370.0,darpa_cadets:n25,darpa_cadets:n286516,type_0,type_2,rel_1,0,0,0,0,train:window_13,0,233377.0
1371.0,darpa_cadets:n25,darpa_cadets:n286701,type_0,type_2,rel_1,0,0,0,0,train:window_13,0,233526.0
1372.0,darpa_cadets:n25,darpa_cadets:n286795,type_0,type_2,rel_1,0,0,0,0,train:window_13,0,233606.0
1373.0,darpa_cadets:n25,darpa_cadets:n287117,type_0,type_2,rel_1,0,0,0,0,train:window_13,0,233900.0
1374.0,darpa_cadets:n25,darpa_cadets:n287150,type_0,type_2,rel_1,0,0,0,0,train:window_13,0,233931.0
1375.0,darpa_cadets:n25,darpa_cadets:n287268,type_0,type_2,rel_1,0,0,0,0,train:window_13,0,234032.0
1376.0,darpa_cadets:n25,darpa_cadets:n287547,type_0,type_2,rel_1,0,0,0,0,train:window_13,0,234249.0
1377.0,darpa_cadets:n25,darpa_cadets:n287668,type_0,type_2,rel_1,0,0,0,0,train:window_13,0,234356.0
1378.0,darpa_cadets:n25,darpa_cadets:n287674,type_0,type_2,rel_1,0,0,0,0,train:window_13,0,234362.0
1379.0,darpa_cadets:n25,darpa_cadets:n287899,type_0,type_2,rel_1,0,0,0,0,train:window_13,0,234563.0
1380.0,darpa_cadets:n25,darpa_cadets:n287906,type_0,type_2,rel_1,0,0,0,0,train:window_13,0,234566.0
1381.0,darpa_cadets:n25,darpa_cadets:n288290,type_0,type_2,rel_1,0,0,0,0,train:window_13,0,234864.0
1382.0,darpa_cadets:n25,darpa_cadets:n288321,type_0,type_2,rel_1,0,0,0,0,train:window_13,0,234893.0
1383.0,darpa_cadets:n25,darpa_cadets:n288333,type_0,type_2,rel_1,0,0,0,0,train:window_13,0,234905.0
1384.0,darpa_cadets:n25,darpa_cadets:n288441,type_0,type_2,rel_1,0,0,0,0,train:window_13,0,235001.0
1385.0,darpa_cadets:n25,darpa_cadets:n288831,type_0,type_2,rel_1,0,0,0,0,train:window_13,0,235327.0
1386.0,darpa_cadets:n25,darpa_cadets:n289052,type_0,type_2,rel_1,0,0,0,0,train:window_13,0,235511.0
1387.0,darpa_cadets:n25,darpa_cadets:n289109,type_0,type_2,rel_1,0,0,0,0,train:window_13,0,235556.0
1388.0,darpa_cadets:n25,darpa_cadets:n289112,type_0,type_2,rel_1,0,0,0,0,train:window_13,0,235559.0
1389.0,darpa_cadets:n25,darpa_cadets:n289468,type_0,type_2,rel_1,0,0,0,0,train:window_13,0,235880.0
1390.0,darpa_cadets:n25,darpa_cadets:n290395,type_0,type_2,rel_1,0,0,0,0,train:window_13,0,236621.0
1391.0,darpa_cadets:n25,darpa_cadets:n290845,type_0,type_2,rel_1,0,0,0,0,train:window_13,0,237005.0
1392.0,darpa_cadets:n25,darpa_cadets:n291020,type_0,type_2,rel_1,0,0,0,0,train:window_13,0,237149.0
1393.0,darpa_cadets:n25,darpa_cadets:n291588,type_0,type_2,rel_1,0,0,0,0,train:window_13,0,237611.0
1394.0,darpa_cadets:n25,darpa_cadets:n291590,type_0,type_2,rel_1,0,0,0,0,train:window_13,0,237613.0
1395.0,darpa_cadets:n25,darpa_cadets:n291779,type_0,type_2,rel_1,0,0,0,0,train:window_13,0,237760.0
1396.0,darpa_cadets:n25,darpa_cadets:n292018,type_0,type_2,rel_1,0,0,0,0,train:window_13,0,237971.0
1397.0,darpa_cadets:n25,darpa_cadets:n292306,type_0,type_2,rel_1,0,0,0,0,train:window_13,0,238209.0
1398.0,darpa_cadets:n25,darpa_cadets:n292480,type_0,type_2,rel_1,0,0,0,0,train:window_13,0,238352.0
1399.0,darpa_cadets:n25,darpa_cadets:n292657,type_0,type_2,rel_1,0,0,0,0,train:window_13,0,238480.0
1400.0,darpa_cadets:n25,darpa_cadets:n292756,type_0,type_2,rel_1,0,0,0,0,train:window_13,0,238565.0
1401.0,darpa_cadets:n25,darpa_cadets:n292763,type_0,type_2,rel_1,0,0,0,0,train:window_14,0,238572.0
1402.0,darpa_cadets:n25,darpa_cadets:n292770,type_0,type_2,rel_1,0,0,0,0,train:window_14,0,238579.0
1403.0,darpa_cadets:n25,darpa_cadets:n292966,type_0,type_2,rel_1,0,0,0,0,train:window_14,0,238759.0
1404.0,darpa_cadets:n25,darpa_cadets:n292971,type_0,type_2,rel_1,0,0,0,0,train:window_14,0,238764.0
1405.0,darpa_cadets:n25,darpa_cadets:n293096,type_0,type_2,rel_1,0,0,0,0,train:window_14,0,238870.0
1406.0,darpa_cadets:n25,darpa_cadets:n293173,type_0,type_2,rel_1,0,0,0,0,train:window_14,0,238920.0
1407.0,darpa_cadets:n25,darpa_cadets:n294711,type_0,type_2,rel_1,0,0,0,0,train:window_14,0,240011.0
1408.0,darpa_cadets:n25,darpa_cadets:n295568,type_0,type_2,rel_1,0,0,0,0,train:window_14,0,240575.0
1409.0,darpa_cadets:n25,darpa_cadets:n295865,type_0,type_2,rel_1,0,0,0,0,train:window_14,0,240810.0
1410.0,darpa_cadets:n25,darpa_cadets:n295942,type_0,type_2,rel_1,0,0,0,0,train:window_14,0,240875.0
1411.0,darpa_cadets:n25,darpa_cadets:n296058,type_0,type_2,rel_1,0,0,0,0,train:window_14,0,240954.0
1412.0,darpa_cadets:n25,darpa_cadets:n296393,type_0,type_2,rel_1,0,0,0,0,train:window_14,0,241211.0
1413.0,darpa_cadets:n25,darpa_cadets:n296507,type_0,type_2,rel_1,0,0,0,0,train:window_14,0,241300.0
1414.0,darpa_cadets:n25,darpa_cadets:n296527,type_0,type_2,rel_1,0,0,0,0,train:window_14,0,241303.0
1415.0,darpa_cadets:n25,darpa_cadets:n296616,type_0,type_2,rel_1,0,0,0,0,train:window_14,0,241363.0
1416.0,darpa_cadets:n25,darpa_cadets:n296654,type_0,type_2,rel_1,0,0,0,0,train:window_14,0,241399.0
1417.0,darpa_cadets:n25,darpa_cadets:n296909,type_0,type_2,rel_1,0,0,0,0,train:window_14,0,241626.0
1418.0,darpa_cadets:n25,darpa_cadets:n296968,type_0,type_2,rel_1,0,0,0,0,train:window_14,0,241685.0
1419.0,darpa_cadets:n25,darpa_cadets:n297007,type_0,type_2,rel_1,0,0,0,0,train:window_14,0,241712.0
1420.0,darpa_cadets:n25,darpa_cadets:n297607,type_0,type_2,rel_1,0,0,0,0,train:window_14,0,242185.0
1421.0,darpa_cadets:n25,darpa_cadets:n297747,type_0,type_2,rel_1,0,0,0,0,train:window_14,0,242276.0
1422.0,darpa_cadets:n25,darpa_cadets:n297833,type_0,type_2,rel_1,0,0,0,0,train:window_14,0,242347.0
1423.0,darpa_cadets:n25,darpa_cadets:n297977,type_0,type_2,rel_1,0,0,0,0,train:window_14,0,242464.0
1424.0,darpa_cadets:n25,darpa_cadets:n298142,type_0,type_2,rel_1,0,0,0,0,train:window_14,0,242595.0
1425.0,darpa_cadets:n25,darpa_cadets:n298399,type_0,type_2,rel_1,0,0,0,0,train:window_14,0,242765.0
1426.0,darpa_cadets:n25,darpa_cadets:n298883,type_0,type_2,rel_1,0,0,0,0,train:window_14,0,243080.0
1427.0,darpa_cadets:n25,darpa_cadets:n299651,type_0,type_2,rel_1,0,0,0,0,train:window_14,0,243706.0
1428.0,darpa_cadets:n25,darpa_cadets:n300017,type_0,type_2,rel_1,0,0,0,0,train:window_14,0,244009.0
1429.0,darpa_cadets:n25,darpa_cadets:n300113,type_0,type_2,rel_1,0,0,0,0,train:window_14,0,244105.0
1430.0,darpa_cadets:n25,darpa_cadets:n300165,type_0,type_2,rel_1,0,0,0,0,train:window_14,0,244143.0
1431.0,darpa_cadets:n25,darpa_cadets:n300365,type_0,type_2,rel_1,0,0,0,0,train:window_14,0,244274.0
1432.0,darpa_cadets:n25,darpa_cadets:n300394,type_0,type_2,rel_1,0,0,0,0,train:window_14,0,244297.0
1433.0,darpa_cadets:n25,darpa_cadets:n301507,type_0,type_2,rel_1,0,0,0,0,train:window_14,0,244963.0
1434.0,darpa_cadets:n25,darpa_cadets:n302184,type_0,type_2,rel_1,0,0,0,0,train:window_14,0,245418.0
1435.0,darpa_cadets:n25,darpa_cadets:n303081,type_0,type_2,rel_1,0,0,0,0,train:window_14,0,246013.0
1436.0,darpa_cadets:n25,darpa_cadets:n303306,type_0,type_2,rel_1,0,0,0,0,train:window_14,0,246108.0
1437.0,darpa_cadets:n25,darpa_cadets:n303492,type_0,type_2,rel_1,0,0,0,0,train:window_14,0,246183.0
1438.0,darpa_cadets:n25,darpa_cadets:n303609,type_0,type_2,rel_1,0,0,0,0,train:window_14,0,246296.0
1439.0,darpa_cadets:n25,darpa_cadets:n303676,type_0,type_2,rel_1,0,0,0,0,train:window_14,0,246353.0
1440.0,darpa_cadets:n25,darpa_cadets:n303709,type_0,type_2,rel_1,0,0,0,0,train:window_14,0,246386.0
1441.0,darpa_cadets:n25,darpa_cadets:n303812,type_0,type_2,rel_1,0,0,0,0,train:window_14,0,246455.0
1442.0,darpa_cadets:n25,darpa_cadets:n303918,type_0,type_2,rel_1,0,0,0,0,train:window_14,0,246531.0
1443.0,darpa_cadets:n25,darpa_cadets:n304813,type_0,type_2,rel_1,0,0,0,0,train:window_14,0,246982.0
1444.0,darpa_cadets:n25,darpa_cadets:n305111,type_0,type_2,rel_1,0,0,0,0,train:window_14,0,247193.0
1445.0,darpa_cadets:n25,darpa_cadets:n305566,type_0,type_2,rel_1,0,0,0,0,train:window_14,0,247464.0
1446.0,darpa_cadets:n25,darpa_cadets:n306343,type_0,type_2,rel_1,0,0,0,0,train:window_14,0,248104.0
1447.0,darpa_cadets:n25,darpa_cadets:n306414,type_0,type_2,rel_1,0,0,0,0,train:window_14,0,248163.0
1448.0,darpa_cadets:n25,darpa_cadets:n306711,type_0,type_2,rel_1,0,0,0,0,train:window_14,0,248427.0
1449.0,darpa_cadets:n25,darpa_cadets:n307139,type_0,type_2,rel_1,0,0,0,0,train:window_14,0,248779.0
1450.0,darpa_cadets:n25,darpa_cadets:n307216,type_0,type_2,rel_1,0,0,0,0,train:window_14,0,248842.0
1451.0,darpa_cadets:n25,darpa_cadets:n307378,type_0,type_2,rel_1,0,0,0,0,train:window_14,0,248985.0
1452.0,darpa_cadets:n25,darpa_cadets:n307430,type_0,type_2,rel_1,0,0,0,0,train:window_14,0,249037.0
1453.0,darpa_cadets:n25,darpa_cadets:n307611,type_0,type_2,rel_1,0,0,0,0,train:window_14,0,249152.0
1454.0,darpa_cadets:n25,darpa_cadets:n307644,type_0,type_2,rel_1,0,0,0,0,train:window_14,0,249183.0
1455.0,darpa_cadets:n25,darpa_cadets:n308723,type_0,type_2,rel_1,0,0,0,0,train:window_14,0,249732.0
1456.0,darpa_cadets:n25,darpa_cadets:n308792,type_0,type_2,rel_1,0,0,0,0,train:window_14,0,249798.0
1457.0,darpa_cadets:n25,darpa_cadets:n308814,type_0,type_2,rel_1,0,0,0,0,train:window_14,0,249810.0
1458.0,darpa_cadets:n25,darpa_cadets:n309235,type_0,type_2,rel_1,0,0,0,0,train:window_14,0,250050.0
1459.0,darpa_cadets:n25,darpa_cadets:n309712,type_0,type_2,rel_1,0,0,0,0,train:window_14,0,250388.0
1460.0,darpa_cadets:n25,darpa_cadets:n309780,type_0,type_2,rel_1,0,0,0,0,train:window_14,0,250444.0
1461.0,darpa_cadets:n25,darpa_cadets:n309826,type_0,type_2,rel_1,0,0,0,0,train:window_14,0,250482.0
1462.0,darpa_cadets:n25,darpa_cadets:n310012,type_0,type_2,rel_1,0,0,0,0,train:window_14,0,250581.0
1463.0,darpa_cadets:n25,darpa_cadets:n310280,type_0,type_2,rel_1,0,0,0,0,train:window_14,0,250816.0
1464.0,darpa_cadets:n25,darpa_cadets:n310479,type_0,type_2,rel_1,0,0,0,0,train:window_14,0,250956.0
1465.0,darpa_cadets:n25,darpa_cadets:n310953,type_0,type_2,rel_1,0,0,0,0,train:window_14,0,251369.0
1466.0,darpa_cadets:n25,darpa_cadets:n311054,type_0,type_2,rel_1,0,0,0,0,train:window_14,0,251414.0
1467.0,darpa_cadets:n25,darpa_cadets:n311531,type_0,type_2,rel_1,0,0,0,0,train:window_14,0,251778.0
1468.0,darpa_cadets:n25,darpa_cadets:n311700,type_0,type_2,rel_1,0,0,0,0,train:window_14,0,251898.0
1469.0,darpa_cadets:n25,darpa_cadets:n311908,type_0,type_2,rel_1,0,0,0,0,train:window_14,0,252051.0
1470.0,darpa_cadets:n25,darpa_cadets:n312256,type_0,type_2,rel_1,0,0,0,0,train:window_14,0,252301.0
1471.0,darpa_cadets:n25,darpa_cadets:n312341,type_0,type_2,rel_1,0,0,0,0,train:window_14,0,252351.0
1472.0,darpa_cadets:n25,darpa_cadets:n312456,type_0,type_2,rel_1,0,0,0,0,train:window_14,0,252412.0
1473.0,darpa_cadets:n25,darpa_cadets:n312461,type_0,type_2,rel_1,0,0,0,0,train:window_14,0,252417.0
1474.0,darpa_cadets:n25,darpa_cadets:n312816,type_0,type_2,rel_1,0,0,0,0,train:window_14,0,252612.0
1475.0,darpa_cadets:n25,darpa_cadets:n312878,type_0,type_2,rel_1,0,0,0,0,train:window_14,0,252672.0
1476.0,darpa_cadets:n25,darpa_cadets:n313178,type_0,type_2,rel_1,0,0,0,0,train:window_14,0,252927.0
1477.0,darpa_cadets:n25,darpa_cadets:n313848,type_0,type_2,rel_1,0,0,0,0,train:window_14,0,253386.0
1478.0,darpa_cadets:n25,darpa_cadets:n314167,type_0,type_2,rel_1,0,0,0,0,train:window_14,0,253517.0
1479.0,darpa_cadets:n25,darpa_cadets:n314259,type_0,type_2,rel_1,0,0,0,0,train:window_14,0,253535.0
1480.0,darpa_cadets:n25,darpa_cadets:n314303,type_0,type_2,rel_1,0,0,0,0,train:window_14,0,253559.0
1481.0,darpa_cadets:n25,darpa_cadets:n314517,type_0,type_2,rel_1,0,0,0,0,train:window_14,0,253665.0
1482.0,darpa_cadets:n25,darpa_cadets:n314718,type_0,type_2,rel_1,0,0,0,0,train:window_14,0,253770.0
1483.0,darpa_cadets:n25,darpa_cadets:n314870,type_0,type_2,rel_1,0,0,0,0,train:window_14,0,253886.0
1484.0,darpa_cadets:n25,darpa_cadets:n314965,type_0,type_2,rel_1,0,0,0,0,train:window_14,0,253952.0
1485.0,darpa_cadets:n25,darpa_cadets:n314968,type_0,type_2,rel_1,0,0,0,0,train:window_14,0,253955.0
1486.0,darpa_cadets:n25,darpa_cadets:n315606,type_0,type_2,rel_1,0,0,0,0,train:window_14,0,254354.0
1487.0,darpa_cadets:n25,darpa_cadets:n315685,type_0,type_2,rel_1,0,0,0,0,train:window_14,0,254366.0
1488.0,darpa_cadets:n25,darpa_cadets:n315821,type_0,type_2,rel_1,0,0,0,0,train:window_14,0,254442.0
1489.0,darpa_cadets:n25,darpa_cadets:n315914,type_0,type_2,rel_1,0,0,0,0,train:window_14,0,254517.0
1490.0,darpa_cadets:n25,darpa_cadets:n316068,type_0,type_2,rel_1,0,0,0,0,train:window_14,0,254634.0
1491.0,darpa_cadets:n25,darpa_cadets:n316279,type_0,type_2,rel_1,0,0,0,0,train:window_14,0,254803.0
1492.0,darpa_cadets:n25,darpa_cadets:n316284,type_0,type_2,rel_1,0,0,0,0,train:window_14,0,254808.0
1493.0,darpa_cadets:n25,darpa_cadets:n316406,type_0,type_2,rel_1,0,0,0,0,train:window_14,0,254916.0
1494.0,darpa_cadets:n25,darpa_cadets:n316612,type_0,type_2,rel_1,0,0,0,0,train:window_14,0,255101.0
1495.0,darpa_cadets:n25,darpa_cadets:n316760,type_0,type_2,rel_1,0,0,0,0,train:window_14,0,255218.0
1496.0,darpa_cadets:n25,darpa_cadets:n317372,type_0,type_2,rel_1,0,0,0,0,train:window_14,0,255721.0
1497.0,darpa_cadets:n25,darpa_cadets:n317387,type_0,type_2,rel_1,0,0,0,0,train:window_14,0,255734.0
1498.0,darpa_cadets:n25,darpa_cadets:n317391,type_0,type_2,rel_1,0,0,0,0,train:window_14,0,255736.0
1499.0,darpa_cadets:n25,darpa_cadets:n317853,type_0,type_2,rel_1,0,0,0,0,train:window_14,0,256012.0
1500.0,darpa_cadets:n25,darpa_cadets:n317869,type_0,type_2,rel_1,0,0,0,0,train:window_14,0,256026.0
1501.0,darpa_cadets:n25,darpa_cadets:n318424,type_0,type_2,rel_1,0,0,0,0,train:window_15,0,256349.0
1502.0,darpa_cadets:n25,darpa_cadets:n318701,type_0,type_2,rel_1,0,0,0,0,train:window_15,0,256598.0
1503.0,darpa_cadets:n25,darpa_cadets:n318931,type_0,type_2,rel_1,0,0,0,0,train:window_15,0,256786.0
1504.0,darpa_cadets:n25,darpa_cadets:n318952,type_0,type_2,rel_1,0,0,0,0,train:window_15,0,256807.0
1505.0,darpa_cadets:n25,darpa_cadets:n319085,type_0,type_2,rel_1,0,0,0,0,train:window_15,0,256911.0
1506.0,darpa_cadets:n25,darpa_cadets:n319145,type_0,type_2,rel_1,0,0,0,0,train:window_15,0,256957.0
1507.0,darpa_cadets:n25,darpa_cadets:n320190,type_0,type_2,rel_1,0,0,0,0,train:window_15,0,257593.0
1508.0,darpa_cadets:n25,darpa_cadets:n320597,type_0,type_2,rel_1,0,0,0,0,train:window_15,0,257825.0
1509.0,darpa_cadets:n25,darpa_cadets:n320837,type_0,type_2,rel_1,0,0,0,0,train:window_15,0,258038.0
1510.0,darpa_cadets:n25,darpa_cadets:n321397,type_0,type_2,rel_1,0,0,0,0,train:window_15,0,258477.0
1511.0,darpa_cadets:n25,darpa_cadets:n322387,type_0,type_2,rel_1,0,0,0,0,train:window_15,0,259111.0
1512.0,darpa_cadets:n25,darpa_cadets:n322532,type_0,type_2,rel_1,0,0,0,0,train:window_15,0,259237.0
1513.0,darpa_cadets:n25,darpa_cadets:n322730,type_0,type_2,rel_1,0,0,0,0,train:window_15,0,259386.0
1514.0,darpa_cadets:n25,darpa_cadets:n322739,type_0,type_2,rel_1,0,0,0,0,train:window_15,0,259395.0
1515.0,darpa_cadets:n25,darpa_cadets:n322820,type_0,type_2,rel_1,0,0,0,0,train:window_15,0,259476.0
1516.0,darpa_cadets:n25,darpa_cadets:n322868,type_0,type_2,rel_1,0,0,0,0,train:window_15,0,259510.0
1517.0,darpa_cadets:n25,darpa_cadets:n323391,type_0,type_2,rel_1,0,0,0,0,train:window_15,0,259952.0
1518.0,darpa_cadets:n25,darpa_cadets:n323522,type_0,type_2,rel_1,0,0,0,0,train:window_15,0,260069.0
1519.0,darpa_cadets:n25,darpa_cadets:n323837,type_0,type_2,rel_1,0,0,0,0,train:window_15,0,260342.0
1520.0,darpa_cadets:n25,darpa_cadets:n324168,type_0,type_2,rel_1,0,0,0,0,train:window_15,0,260506.0
1521.0,darpa_cadets:n25,darpa_cadets:n324226,type_0,type_2,rel_1,0,0,0,0,train:window_15,0,260547.0
1522.0,darpa_cadets:n25,darpa_cadets:n324595,type_0,type_2,rel_1,0,0,0,0,train:window_15,0,260874.0
1523.0,darpa_cadets:n25,darpa_cadets:n324804,type_0,type_2,rel_1,0,0,0,0,train:window_15,0,261026.0
1524.0,darpa_cadets:n25,darpa_cadets:n324915,type_0,type_2,rel_1,0,0,0,0,train:window_15,0,261091.0
1525.0,darpa_cadets:n25,darpa_cadets:n325027,type_0,type_2,rel_1,0,0,0,0,train:window_15,0,261138.0
1526.0,darpa_cadets:n25,darpa_cadets:n325550,type_0,type_2,rel_1,0,0,0,0,train:window_15,0,261373.0
1527.0,darpa_cadets:n25,darpa_cadets:n325796,type_0,type_2,rel_1,0,0,0,0,train:window_15,0,261535.0
1528.0,darpa_cadets:n25,darpa_cadets:n326237,type_0,type_2,rel_1,0,0,0,0,train:window_15,0,261767.0
1529.0,darpa_cadets:n25,darpa_cadets:n326655,type_0,type_2,rel_1,0,0,0,0,train:window_15,0,262077.0
1530.0,darpa_cadets:n25,darpa_cadets:n326831,type_0,type_2,rel_1,0,0,0,0,train:window_15,0,262183.0
1531.0,darpa_cadets:n25,darpa_cadets:n326961,type_0,type_2,rel_1,0,0,0,0,train:window_15,0,262215.0
1532.0,darpa_cadets:n25,darpa_cadets:n327120,type_0,type_2,rel_1,0,0,0,0,train:window_15,0,262331.0
1533.0,darpa_cadets:n25,darpa_cadets:n327149,type_0,type_2,rel_1,0,0,0,0,train:window_15,0,262360.0
1534.0,darpa_cadets:n25,darpa_cadets:n327859,type_0,type_2,rel_1,0,0,0,0,train:window_15,0,262920.0
1535.0,darpa_cadets:n25,darpa_cadets:n327982,type_0,type_2,rel_1,0,0,0,0,train:window_15,0,263027.0
1536.0,darpa_cadets:n25,darpa_cadets:n328152,type_0,type_2,rel_1,0,0,0,0,train:window_15,0,263183.0
1537.0,darpa_cadets:n25,darpa_cadets:n328448,type_0,type_2,rel_1,0,0,0,0,train:window_15,0,263421.0
1538.0,darpa_cadets:n25,darpa_cadets:n328742,type_0,type_2,rel_1,0,0,0,0,train:window_15,0,263670.0
1539.0,darpa_cadets:n25,darpa_cadets:n328836,type_0,type_2,rel_1,0,0,0,0,train:window_15,0,263750.0
1540.0,darpa_cadets:n25,darpa_cadets:n328942,type_0,type_2,rel_1,0,0,0,0,train:window_15,0,263819.0
1541.0,darpa_cadets:n25,darpa_cadets:n329242,type_0,type_2,rel_1,0,0,0,0,train:window_15,0,264062.0
1542.0,darpa_cadets:n25,darpa_cadets:n329723,type_0,type_2,rel_1,0,0,0,0,train:window_15,0,264455.0
1543.0,darpa_cadets:n25,darpa_cadets:n329951,type_0,type_2,rel_1,0,0,0,0,train:window_15,0,264620.0
1544.0,darpa_cadets:n25,darpa_cadets:n329956,type_0,type_2,rel_1,0,0,0,0,train:window_15,0,264625.0
1545.0,darpa_cadets:n25,darpa_cadets:n330418,type_0,type_2,rel_1,0,0,0,0,train:window_15,0,265026.0
1546.0,darpa_cadets:n25,darpa_cadets:n330834,type_0,type_2,rel_1,0,0,0,0,train:window_15,0,265339.0
1547.0,darpa_cadets:n25,darpa_cadets:n330901,type_0,type_2,rel_1,0,0,0,0,train:window_15,0,265403.0
1548.0,darpa_cadets:n25,darpa_cadets:n330952,type_0,type_2,rel_1,0,0,0,0,train:window_15,0,265442.0
1549.0,darpa_cadets:n25,darpa_cadets:n331176,type_0,type_2,rel_1,0,0,0,0,train:window_15,0,265537.0
1550.0,darpa_cadets:n25,darpa_cadets:n331292,type_0,type_2,rel_1,0,0,0,0,train:window_15,0,265584.0
1551.0,darpa_cadets:n25,darpa_cadets:n331793,type_0,type_2,rel_1,0,0,0,0,train:window_15,0,265876.0
1552.0,darpa_cadets:n25,darpa_cadets:n331879,type_0,type_2,rel_1,0,0,0,0,train:window_15,0,265933.0
1553.0,darpa_cadets:n25,darpa_cadets:n331888,type_0,type_2,rel_1,0,0,0,0,train:window_15,0,265942.0
1554.0,darpa_cadets:n25,darpa_cadets:n331949,type_0,type_2,rel_1,0,0,0,0,train:window_15,0,266001.0
1555.0,darpa_cadets:n25,darpa_cadets:n332027,type_0,type_2,rel_1,0,0,0,0,train:window_15,0,266042.0
1556.0,darpa_cadets:n25,darpa_cadets:n332095,type_0,type_2,rel_1,0,0,0,0,train:window_15,0,266090.0
1557.0,darpa_cadets:n25,darpa_cadets:n332144,type_0,type_2,rel_1,0,0,0,0,train:window_15,0,266137.0
1558.0,darpa_cadets:n25,darpa_cadets:n332246,type_0,type_2,rel_1,0,0,0,0,train:window_15,0,266192.0
1559.0,darpa_cadets:n25,darpa_cadets:n332269,type_0,type_2,rel_1,0,0,0,0,train:window_15,0,266215.0
1560.0,darpa_cadets:n25,darpa_cadets:n332326,type_0,type_2,rel_1,0,0,0,0,train:window_15,0,266266.0
1561.0,darpa_cadets:n25,darpa_cadets:n332609,type_0,type_2,rel_1,0,0,0,0,train:window_15,0,266444.0
1562.0,darpa_cadets:n25,darpa_cadets:n332758,type_0,type_2,rel_1,0,0,0,0,train:window_15,0,266529.0
1563.0,darpa_cadets:n25,darpa_cadets:n333109,type_0,type_2,rel_1,0,0,0,0,train:window_15,0,266815.0
1564.0,darpa_cadets:n25,darpa_cadets:n333151,type_0,type_2,rel_1,0,0,0,0,train:window_15,0,266855.0
1565.0,darpa_cadets:n25,darpa_cadets:n333506,type_0,type_2,rel_1,0,0,0,0,train:window_15,0,267099.0
1566.0,darpa_cadets:n25,darpa_cadets:n333567,type_0,type_2,rel_1,0,0,0,0,train:window_15,0,267131.0
1567.0,darpa_cadets:n25,darpa_cadets:n333758,type_0,type_2,rel_1,0,0,0,0,train:window_15,0,267306.0
1568.0,darpa_cadets:n25,darpa_cadets:n334462,type_0,type_2,rel_1,0,0,0,0,train:window_15,0,267790.0
1569.0,darpa_cadets:n25,darpa_cadets:n334480,type_0,type_2,rel_1,0,0,0,0,train:window_15,0,267808.0
1570.0,darpa_cadets:n25,darpa_cadets:n334503,type_0,type_2,rel_1,0,0,0,0,train:window_15,0,267831.0
1571.0,darpa_cadets:n25,darpa_cadets:n335329,type_0,type_2,rel_1,0,0,0,0,train:window_15,0,268397.0
1572.0,darpa_cadets:n25,darpa_cadets:n335472,type_0,type_2,rel_1,0,0,0,0,train:window_15,0,268500.0
1573.0,darpa_cadets:n25,darpa_cadets:n336151,type_0,type_2,rel_1,0,0,0,0,train:window_15,0,268975.0
1574.0,darpa_cadets:n25,darpa_cadets:n336222,type_0,type_2,rel_1,0,0,0,0,train:window_15,0,269013.0
1575.0,darpa_cadets:n25,darpa_cadets:n336380,type_0,type_2,rel_1,0,0,0,0,train:window_15,0,269143.0
1576.0,darpa_cadets:n25,darpa_cadets:n336537,type_0,type_2,rel_1,0,0,0,0,train:window_15,0,269275.0
1577.0,darpa_cadets:n25,darpa_cadets:n337131,type_0,type_2,rel_1,0,0,0,0,train:window_15,0,269756.0
1578.0,darpa_cadets:n25,darpa_cadets:n337177,type_0,type_2,rel_1,0,0,0,0,train:window_15,0,269790.0
1579.0,darpa_cadets:n25,darpa_cadets:n337179,type_0,type_2,rel_1,0,0,0,0,train:window_15,0,269792.0
1580.0,darpa_cadets:n25,darpa_cadets:n337527,type_0,type_2,rel_1,0,0,0,0,train:window_15,0,270102.0
1581.0,darpa_cadets:n25,darpa_cadets:n337673,type_0,type_2,rel_1,0,0,0,0,train:window_15,0,270200.0
1582.0,darpa_cadets:n25,darpa_cadets:n337909,type_0,type_2,rel_1,0,0,0,0,train:window_15,0,270389.0
1583.0,darpa_cadets:n25,darpa_cadets:n337930,type_0,type_2,rel_1,0,0,0,0,train:window_15,0,270410.0
1584.0,darpa_cadets:n25,darpa_cadets:n338129,type_0,type_2,rel_1,0,0,0,0,train:window_15,0,270588.0
1585.0,darpa_cadets:n25,darpa_cadets:n338173,type_0,type_2,rel_1,0,0,0,0,train:window_15,0,270616.0
1586.0,darpa_cadets:n25,darpa_cadets:n338315,type_0,type_2,rel_1,0,0,0,0,train:window_15,0,270729.0
1587.0,darpa_cadets:n25,darpa_cadets:n338350,type_0,type_2,rel_1,0,0,0,0,train:window_15,0,270750.0
1588.0,darpa_cadets:n25,darpa_cadets:n338369,type_0,type_2,rel_1,0,0,0,0,train:window_15,0,270769.0
1589.0,darpa_cadets:n25,darpa_cadets:n338437,type_0,type_2,rel_1,0,0,0,0,train:window_15,0,270835.0
1590.0,darpa_cadets:n25,darpa_cadets:n338622,type_0,type_2,rel_1,0,0,0,0,train:window_15,0,270994.0
1591.0,darpa_cadets:n25,darpa_cadets:n338688,type_0,type_2,rel_1,0,0,0,0,train:window_15,0,271058.0
1592.0,darpa_cadets:n25,darpa_cadets:n339041,type_0,type_2,rel_1,0,0,0,0,train:window_15,0,271324.0
1593.0,darpa_cadets:n25,darpa_cadets:n339310,type_0,type_2,rel_1,0,0,0,0,train:window_15,0,271537.0
1594.0,darpa_cadets:n25,darpa_cadets:n339559,type_0,type_2,rel_1,0,0,0,0,train:window_15,0,271742.0
1595.0,darpa_cadets:n25,darpa_cadets:n339584,type_0,type_2,rel_1,0,0,0,0,train:window_15,0,271767.0
1596.0,darpa_cadets:n25,darpa_cadets:n339691,type_0,type_2,rel_1,0,0,0,0,train:window_15,0,271857.0
1597.0,darpa_cadets:n25,darpa_cadets:n339769,type_0,type_2,rel_1,0,0,0,0,train:window_15,0,271918.0
1598.0,darpa_cadets:n25,darpa_cadets:n340055,type_0,type_2,rel_1,0,0,0,0,train:window_15,0,272174.0
1599.0,darpa_cadets:n25,darpa_cadets:n340179,type_0,type_2,rel_1,0,0,0,0,train:window_15,0,272284.0
1600.0,darpa_cadets:n25,darpa_cadets:n340765,type_0,type_2,rel_1,0,0,0,0,train:window_15,0,272725.0
1601.0,darpa_cadets:n25,darpa_cadets:n341163,type_0,type_2,rel_1,0,0,0,0,train:window_16,0,273059.0
1602.0,darpa_cadets:n25,darpa_cadets:n341178,type_0,type_2,rel_1,0,0,0,0,train:window_16,0,273074.0
1603.0,darpa_cadets:n25,darpa_cadets:n341192,type_0,type_2,rel_1,0,0,0,0,train:window_16,0,273088.0
1604.0,darpa_cadets:n25,darpa_cadets:n341266,type_0,type_2,rel_1,0,0,0,0,train:window_16,0,273145.0
1605.0,darpa_cadets:n25,darpa_cadets:n341364,type_0,type_2,rel_1,0,0,0,0,train:window_16,0,273229.0
1606.0,darpa_cadets:n25,darpa_cadets:n341399,type_0,type_2,rel_1,0,0,0,0,train:window_16,0,273264.0
1607.0,darpa_cadets:n25,darpa_cadets:n341743,type_0,type_2,rel_1,0,0,0,0,train:window_16,0,273563.0
1608.0,darpa_cadets:n25,darpa_cadets:n341863,type_0,type_2,rel_1,0,0,0,0,train:window_16,0,273664.0
1609.0,darpa_cadets:n25,darpa_cadets:n341965,type_0,type_2,rel_1,0,0,0,0,train:window_16,0,273749.0
1610.0,darpa_cadets:n25,darpa_cadets:n342201,type_0,type_2,rel_1,0,0,0,0,train:window_16,0,273894.0
1611.0,darpa_cadets:n25,darpa_cadets:n342349,type_0,type_2,rel_1,0,0,0,0,train:window_16,0,274014.0
1612.0,darpa_cadets:n25,darpa_cadets:n342541,type_0,type_2,rel_1,0,0,0,0,train:window_16,0,274169.0
1613.0,darpa_cadets:n25,darpa_cadets:n342588,type_0,type_2,rel_1,0,0,0,0,train:window_16,0,274211.0
1614.0,darpa_cadets:n25,darpa_cadets:n342607,type_0,type_2,rel_1,0,0,0,0,train:window_16,0,274230.0
1615.0,darpa_cadets:n25,darpa_cadets:n343167,type_0,type_2,rel_1,0,0,0,0,train:window_16,0,274647.0
1616.0,darpa_cadets:n25,darpa_cadets:n343261,type_0,type_2,rel_1,0,0,0,0,train:window_16,0,274736.0
1617.0,darpa_cadets:n25,darpa_cadets:n343421,type_0,type_2,rel_1,0,0,0,0,train:window_16,0,274865.0
1618.0,darpa_cadets:n25,darpa_cadets:n343487,type_0,type_2,rel_1,0,0,0,0,train:window_16,0,274916.0
1619.0,darpa_cadets:n25,darpa_cadets:n343592,type_0,type_2,rel_1,0,0,0,0,train:window_16,0,275005.0
1620.0,darpa_cadets:n25,darpa_cadets:n343881,type_0,type_2,rel_1,0,0,0,0,train:window_16,0,275261.0
1621.0,darpa_cadets:n25,darpa_cadets:n344006,type_0,type_2,rel_1,0,0,0,0,train:window_16,0,275372.0
1622.0,darpa_cadets:n25,darpa_cadets:n344168,type_0,type_2,rel_1,0,0,0,0,train:window_16,0,275498.0
1623.0,darpa_cadets:n25,darpa_cadets:n344365,type_0,type_2,rel_1,0,0,0,0,train:window_16,0,275629.0
1624.0,darpa_cadets:n25,darpa_cadets:n345018,type_0,type_2,rel_1,0,0,0,0,train:window_16,0,276169.0
1625.0,darpa_cadets:n25,darpa_cadets:n345271,type_0,type_2,rel_1,0,0,0,0,train:window_16,0,276362.0
1626.0,darpa_cadets:n25,darpa_cadets:n345389,type_0,type_2,rel_1,0,0,0,0,train:window_16,0,276463.0
1627.0,darpa_cadets:n25,darpa_cadets:n345561,type_0,type_2,rel_1,0,0,0,0,train:window_16,0,276611.0
1628.0,darpa_cadets:n25,darpa_cadets:n345569,type_0,type_2,rel_1,0,0,0,0,train:window_16,0,276619.0
1629.0,darpa_cadets:n25,darpa_cadets:n345735,type_0,type_2,rel_1,0,0,0,0,train:window_16,0,276754.0
1630.0,darpa_cadets:n25,darpa_cadets:n346423,type_0,type_2,rel_1,0,0,0,0,train:window_16,0,277332.0
1631.0,darpa_cadets:n25,darpa_cadets:n346524,type_0,type_2,rel_1,0,0,0,0,train:window_16,0,277417.0
1632.0,darpa_cadets:n25,darpa_cadets:n346532,type_0,type_2,rel_1,0,0,0,0,train:window_16,0,277425.0
1633.0,darpa_cadets:n25,darpa_cadets:n346538,type_0,type_2,rel_1,0,0,0,0,train:window_16,0,277431.0
1634.0,darpa_cadets:n25,darpa_cadets:n346889,type_0,type_2,rel_1,0,0,0,0,train:window_16,0,277711.0
1635.0,darpa_cadets:n25,darpa_cadets:n346987,type_0,type_2,rel_1,0,0,0,0,train:window_16,0,277790.0
1636.0,darpa_cadets:n25,darpa_cadets:n346993,type_0,type_2,rel_1,0,0,0,0,train:window_16,0,277796.0
1637.0,darpa_cadets:n25,darpa_cadets:n346995,type_0,type_2,rel_1,0,0,0,0,train:window_16,0,277798.0
1638.0,darpa_cadets:n25,darpa_cadets:n347349,type_0,type_2,rel_1,0,0,0,0,train:window_16,0,278086.0
1639.0,darpa_cadets:n25,darpa_cadets:n347443,type_0,type_2,rel_1,0,0,0,0,train:window_16,0,278166.0
1640.0,darpa_cadets:n25,darpa_cadets:n347716,type_0,type_2,rel_1,0,0,0,0,train:window_16,0,278403.0
1641.0,darpa_cadets:n25,darpa_cadets:n348810,type_0,type_2,rel_1,0,0,0,0,train:window_16,0,279271.0
1642.0,darpa_cadets:n25,darpa_cadets:n349311,type_0,type_2,rel_1,0,0,0,0,train:window_16,0,279669.0
1643.0,darpa_cadets:n25,darpa_cadets:n349458,type_0,type_2,rel_1,0,0,0,0,train:window_16,0,279780.0
1644.0,darpa_cadets:n25,darpa_cadets:n349731,type_0,type_2,rel_1,0,0,0,0,train:window_16,0,280008.0
1645.0,darpa_cadets:n25,darpa_cadets:n349923,type_0,type_2,rel_1,0,0,0,0,train:window_16,0,280182.0
1646.0,darpa_cadets:n25,darpa_cadets:n349961,type_0,type_2,rel_1,0,0,0,0,train:window_16,0,280205.0
1647.0,darpa_cadets:n25,darpa_cadets:n349991,type_0,type_2,rel_1,0,0,0,0,train:window_16,0,280235.0
1648.0,darpa_cadets:n25,darpa_cadets:n349995,type_0,type_2,rel_1,0,0,0,0,train:window_16,0,280239.0
1649.0,darpa_cadets:n25,darpa_cadets:n350305,type_0,type_2,rel_1,0,0,0,0,train:window_16,0,280499.0
1650.0,darpa_cadets:n25,darpa_cadets:n350485,type_0,type_2,rel_1,0,0,0,0,train:window_16,0,280663.0
1651.0,darpa_cadets:n25,darpa_cadets:n350575,type_0,type_2,rel_1,0,0,0,0,train:window_16,0,280738.0
1652.0,darpa_cadets:n25,darpa_cadets:n350786,type_0,type_2,rel_1,0,0,0,0,train:window_16,0,280892.0
1653.0,darpa_cadets:n25,darpa_cadets:n350891,type_0,type_2,rel_1,0,0,0,0,train:window_16,0,280968.0
1654.0,darpa_cadets:n25,darpa_cadets:n350990,type_0,type_2,rel_1,0,0,0,0,train:window_16,0,281053.0
1655.0,darpa_cadets:n25,darpa_cadets:n351072,type_0,type_2,rel_1,0,0,0,0,train:window_16,0,281133.0
1656.0,darpa_cadets:n25,darpa_cadets:n351178,type_0,type_2,rel_1,0,0,0,0,train:window_16,0,281225.0
1657.0,darpa_cadets:n25,darpa_cadets:n351195,type_0,type_2,rel_1,0,0,0,0,train:window_16,0,281242.0
1658.0,darpa_cadets:n25,darpa_cadets:n351345,type_0,type_2,rel_1,0,0,0,0,train:window_16,0,281361.0
1659.0,darpa_cadets:n25,darpa_cadets:n351641,type_0,type_2,rel_1,0,0,0,0,train:window_16,0,281573.0
1660.0,darpa_cadets:n25,darpa_cadets:n351867,type_0,type_2,rel_1,0,0,0,0,train:window_16,0,281766.0
1661.0,darpa_cadets:n25,darpa_cadets:n351968,type_0,type_2,rel_1,0,0,0,0,train:window_16,0,281865.0
1662.0,darpa_cadets:n25,darpa_cadets:n352532,type_0,type_2,rel_1,0,0,0,0,train:window_16,0,282348.0
1663.0,darpa_cadets:n25,darpa_cadets:n352535,type_0,type_2,rel_1,0,0,0,0,train:window_16,0,282351.0
1664.0,darpa_cadets:n25,darpa_cadets:n352664,type_0,type_2,rel_1,0,0,0,0,train:window_16,0,282466.0
1665.0,darpa_cadets:n25,darpa_cadets:n352935,type_0,type_2,rel_1,0,0,0,0,train:window_16,0,282687.0
1666.0,darpa_cadets:n25,darpa_cadets:n353114,type_0,type_2,rel_1,0,0,0,0,train:window_16,0,282835.0
1667.0,darpa_cadets:n25,darpa_cadets:n353219,type_0,type_2,rel_1,0,0,0,0,train:window_16,0,282926.0
1668.0,darpa_cadets:n25,darpa_cadets:n353902,type_0,type_2,rel_1,0,0,0,0,train:window_16,0,283374.0
1669.0,darpa_cadets:n25,darpa_cadets:n354082,type_0,type_2,rel_1,0,0,0,0,train:window_16,0,283534.0
1670.0,darpa_cadets:n25,darpa_cadets:n354265,type_0,type_2,rel_1,0,0,0,0,train:window_16,0,283695.0
1671.0,darpa_cadets:n25,darpa_cadets:n354574,type_0,type_2,rel_1,0,0,0,0,train:window_16,0,283950.0
1672.0,darpa_cadets:n25,darpa_cadets:n354646,type_0,type_2,rel_1,0,0,0,0,train:window_16,0,284020.0
1673.0,darpa_cadets:n25,darpa_cadets:n354662,type_0,type_2,rel_1,0,0,0,0,train:window_16,0,284036.0
1674.0,darpa_cadets:n25,darpa_cadets:n354674,type_0,type_2,rel_1,0,0,0,0,train:window_16,0,284048.0
1675.0,darpa_cadets:n25,darpa_cadets:n355226,type_0,type_2,rel_1,0,0,0,0,train:window_16,0,284496.0
1676.0,darpa_cadets:n25,darpa_cadets:n355742,type_0,type_2,rel_1,0,0,0,0,train:window_16,0,284924.0
1677.0,darpa_cadets:n25,darpa_cadets:n356074,type_0,type_2,rel_1,0,0,0,0,train:window_16,0,285171.0
1678.0,darpa_cadets:n25,darpa_cadets:n356391,type_0,type_2,rel_1,0,0,0,0,train:window_16,0,285458.0
1679.0,darpa_cadets:n25,darpa_cadets:n356611,type_0,type_2,rel_1,0,0,0,0,train:window_16,0,285639.0
1680.0,darpa_cadets:n25,darpa_cadets:n356645,type_0,type_2,rel_1,0,0,0,0,train:window_16,0,285671.0
1681.0,darpa_cadets:n25,darpa_cadets:n357057,type_0,type_2,rel_1,0,0,0,0,train:window_16,0,285989.0
1682.0,darpa_cadets:n25,darpa_cadets:n357166,type_0,type_2,rel_1,0,0,0,0,train:window_16,0,286084.0
1683.0,darpa_cadets:n36,darpa_cadets:n2011,type_0,type_1,rel_0,0,0,0,0,train:window_16,0,286130.0
1684.0,darpa_cadets:n36,darpa_cadets:n2013,type_0,type_1,rel_0,0,0,0,0,train:window_16,0,286132.0
1685.0,darpa_cadets:n36,darpa_cadets:n12101,type_0,type_1,rel_0,0,0,0,0,train:window_16,0,286268.0
1686.0,darpa_cadets:n36,darpa_cadets:n17778,type_0,type_1,rel_0,0,0,0,0,train:window_16,0,286372.0
1687.0,darpa_cadets:n36,darpa_cadets:n28392,type_0,type_1,rel_0,0,0,0,0,train:window_16,0,286562.0
1688.0,darpa_cadets:n36,darpa_cadets:n30291,type_0,type_1,rel_0,0,0,0,0,train:window_16,0,286601.0
1689.0,darpa_cadets:n36,darpa_cadets:n32559,type_0,type_1,rel_0,0,0,0,0,train:window_16,0,286640.0
1690.0,darpa_cadets:n36,darpa_cadets:n32565,type_0,type_1,rel_0,0,0,0,0,train:window_16,0,286646.0
1691.0,darpa_cadets:n36,darpa_cadets:n40597,type_0,type_1,rel_0,0,0,0,0,train:window_16,0,286804.0
1692.0,darpa_cadets:n36,darpa_cadets:n108720,type_0,type_1,rel_0,0,0,0,0,train:window_16,0,287329.0
1693.0,darpa_cadets:n36,darpa_cadets:n110846,type_0,type_1,rel_0,0,0,0,0,train:window_16,0,287369.0
1694.0,darpa_cadets:n36,darpa_cadets:n138207,type_0,type_1,rel_0,0,0,0,0,train:window_16,0,287489.0
1695.0,darpa_cadets:n36,darpa_cadets:n138216,type_0,type_1,rel_0,0,0,0,0,train:window_16,0,287498.0
1696.0,darpa_cadets:n36,darpa_cadets:n140329,type_0,type_1,rel_0,0,0,0,0,train:window_16,0,287546.0
1697.0,darpa_cadets:n36,darpa_cadets:n141056,type_0,type_1,rel_0,0,0,0,0,train:window_16,0,287563.0
1698.0,darpa_cadets:n36,darpa_cadets:n147406,type_0,type_1,rel_0,0,0,0,0,train:window_16,0,287691.0
1699.0,darpa_cadets:n36,darpa_cadets:n165095,type_0,type_1,rel_0,0,0,0,0,train:window_16,0,288074.0
1700.0,darpa_cadets:n36,darpa_cadets:n170794,type_0,type_1,rel_0,0,0,0,0,train:window_16,0,288196.0
1701.0,darpa_cadets:n36,darpa_cadets:n192687,type_0,type_1,rel_0,0,0,0,0,train:window_17,0,288656.0
1702.0,darpa_cadets:n36,darpa_cadets:n199928,type_0,type_1,rel_0,0,0,0,0,train:window_17,0,288792.0
1703.0,darpa_cadets:n36,darpa_cadets:n201327,type_0,type_1,rel_0,0,0,0,0,train:window_17,0,288815.0
1704.0,darpa_cadets:n36,darpa_cadets:n204967,type_0,type_1,rel_0,0,0,0,0,train:window_17,0,288900.0
1705.0,darpa_cadets:n36,darpa_cadets:n207951,type_0,type_1,rel_0,0,0,0,0,train:window_17,0,288951.0
1706.0,darpa_cadets:n36,darpa_cadets:n210246,type_0,type_1,rel_0,0,0,0,0,train:window_17,0,288996.0
1707.0,darpa_cadets:n36,darpa_cadets:n251433,type_0,type_1,rel_0,0,0,0,0,train:window_17,0,289751.0
1708.0,darpa_cadets:n36,darpa_cadets:n259175,type_0,type_1,rel_0,0,0,0,0,train:window_17,0,289882.0
1709.0,darpa_cadets:n36,darpa_cadets:n288798,type_0,type_1,rel_0,0,0,0,0,train:window_17,0,290190.0
1710.0,darpa_cadets:n36,darpa_cadets:n293136,type_0,type_1,rel_0,0,0,0,0,train:window_17,0,290279.0
1711.0,darpa_cadets:n36,darpa_cadets:n314903,type_0,type_1,rel_0,0,0,0,0,train:window_17,0,290661.0
1712.0,darpa_cadets:n36,darpa_cadets:n321668,type_0,type_1,rel_0,0,0,0,0,train:window_17,0,290777.0
1713.0,darpa_cadets:n36,darpa_cadets:n326165,type_0,type_1,rel_0,0,0,0,0,train:window_17,0,290854.0
1714.0,darpa_cadets:n36,darpa_cadets:n327094,type_0,type_1,rel_0,0,0,0,0,train:window_17,0,290873.0
1715.0,darpa_cadets:n36,darpa_cadets:n333526,type_0,type_1,rel_0,0,0,0,0,train:window_17,0,290990.0
1716.0,darpa_cadets:n36,darpa_cadets:n334338,type_0,type_1,rel_0,0,0,0,0,train:window_17,0,291006.0
1717.0,darpa_cadets:n53,darpa_cadets:n3430,type_1,type_0,rel_5,0,0,0,0,train:window_17,0,291557.0
1718.0,darpa_cadets:n53,darpa_cadets:n3606,type_1,type_0,rel_5,0,0,0,0,train:window_17,0,291562.0
1719.0,darpa_cadets:n53,darpa_cadets:n24196,type_1,type_0,rel_5,0,0,0,0,train:window_17,0,291951.0
1720.0,darpa_cadets:n53,darpa_cadets:n38557,type_1,type_0,rel_5,0,0,0,0,train:window_17,0,292137.0
1721.0,darpa_cadets:n53,darpa_cadets:n157864,type_1,type_0,rel_5,0,0,0,0,train:window_17,0,292378.0
1722.0,darpa_cadets:n53,darpa_cadets:n195180,type_1,type_0,rel_5,0,0,0,0,train:window_17,0,292547.0
1723.0,darpa_cadets:n53,darpa_cadets:n220071,type_1,type_0,rel_5,0,0,0,0,train:window_17,0,292815.0
1724.0,darpa_cadets:n53,darpa_cadets:n231895,type_1,type_0,rel_5,0,0,0,0,train:window_17,0,293018.0
1725.0,darpa_cadets:n53,darpa_cadets:n235715,type_1,type_0,rel_5,0,0,0,0,train:window_17,0,293066.0
1726.0,darpa_cadets:n53,darpa_cadets:n238253,type_1,type_0,rel_5,0,0,0,0,train:window_17,0,293119.0
1727.0,darpa_cadets:n53,darpa_cadets:n276889,type_1,type_0,rel_5,0,0,0,0,train:window_17,0,293534.0
1728.0,darpa_cadets:n53,darpa_cadets:n290093,type_1,type_0,rel_5,0,0,0,0,train:window_17,0,293598.0
1729.0,darpa_cadets:n53,darpa_cadets:n297872,type_1,type_0,rel_5,0,0,0,0,train:window_17,0,293672.0
1730.0,darpa_cadets:n53,darpa_cadets:n315220,type_1,type_0,rel_5,0,0,0,0,train:window_17,0,293913.0
1731.0,darpa_cadets:n53,darpa_cadets:n315428,type_1,type_0,rel_5,0,0,0,0,train:window_17,0,293928.0
1732.0,darpa_cadets:n53,darpa_cadets:n319320,type_1,type_0,rel_5,0,0,0,0,train:window_17,0,294015.0
1733.0,darpa_cadets:n53,darpa_cadets:n319963,type_1,type_0,rel_5,0,0,0,0,train:window_17,0,294039.0
1734.0,darpa_cadets:n53,darpa_cadets:n323883,type_1,type_0,rel_5,0,0,0,0,train:window_17,0,294102.0
1735.0,darpa_cadets:n53,darpa_cadets:n329176,type_1,type_0,rel_5,0,0,0,0,train:window_17,0,294233.0
1736.0,darpa_cadets:n53,darpa_cadets:n349365,type_1,type_0,rel_5,0,0,0,0,train:window_17,0,294375.0
1737.0,darpa_cadets:n53,darpa_cadets:n353635,type_1,type_0,rel_5,0,0,0,0,train:window_17,0,294392.0
1738.0,darpa_cadets:n64,darpa_cadets:n10489,type_1,type_0,rel_5,0,0,0,0,train:window_17,0,294571.0
1739.0,darpa_cadets:n64,darpa_cadets:n18229,type_1,type_0,rel_5,0,0,0,0,train:window_17,0,294656.0
1740.0,darpa_cadets:n64,darpa_cadets:n27159,type_1,type_0,rel_5,0,0,0,0,train:window_17,0,294767.0
1741.0,darpa_cadets:n64,darpa_cadets:n29780,type_1,type_0,rel_5,0,0,0,0,train:window_17,0,294799.0
1742.0,darpa_cadets:n64,darpa_cadets:n134428,type_1,type_0,rel_5,0,0,0,0,train:window_17,0,295131.0
1743.0,darpa_cadets:n64,darpa_cadets:n151509,type_1,type_0,rel_5,0,0,0,0,train:window_17,0,295259.0
1744.0,darpa_cadets:n64,darpa_cadets:n154005,type_1,type_0,rel_5,0,0,0,0,train:window_17,0,295280.0
1745.0,darpa_cadets:n64,darpa_cadets:n206875,type_1,type_0,rel_5,0,0,0,0,train:window_17,0,295689.0
1746.0,darpa_cadets:n64,darpa_cadets:n216875,type_1,type_0,rel_5,0,0,0,0,train:window_17,0,295795.0
1747.0,darpa_cadets:n64,darpa_cadets:n233325,type_1,type_0,rel_5,0,0,0,0,train:window_17,0,295998.0
1748.0,darpa_cadets:n64,darpa_cadets:n249476,type_1,type_0,rel_5,0,0,0,0,train:window_17,0,296161.0
1749.0,darpa_cadets:n64,darpa_cadets:n303163,type_1,type_0,rel_5,0,0,0,0,train:window_17,0,296595.0
1750.0,darpa_cadets:n64,darpa_cadets:n303757,type_1,type_0,rel_5,0,0,0,0,train:window_17,0,296606.0
1751.0,darpa_cadets:n64,darpa_cadets:n313387,type_1,type_0,rel_5,0,0,0,0,train:window_17,0,296711.0
1752.0,darpa_cadets:n64,darpa_cadets:n317573,type_1,type_0,rel_5,0,0,0,0,train:window_17,0,296778.0
1753.0,darpa_cadets:n64,darpa_cadets:n326428,type_1,type_0,rel_5,0,0,0,0,train:window_17,0,296924.0
1754.0,darpa_cadets:n65,darpa_cadets:n837,type_1,type_0,rel_5,0,0,0,0,train:window_17,0,297198.0
1755.0,darpa_cadets:n65,darpa_cadets:n13330,type_1,type_0,rel_5,0,0,0,0,train:window_17,0,297406.0
1756.0,darpa_cadets:n65,darpa_cadets:n33869,type_1,type_0,rel_5,0,0,0,0,train:window_17,0,297651.0
1757.0,darpa_cadets:n65,darpa_cadets:n37576,type_1,type_0,rel_5,0,0,0,0,train:window_17,0,297684.0
1758.0,darpa_cadets:n65,darpa_cadets:n61921,type_1,type_0,rel_5,0,0,0,0,train:window_17,0,297886.0
1759.0,darpa_cadets:n65,darpa_cadets:n173404,type_1,type_0,rel_5,0,0,0,0,train:window_17,0,298253.0
1760.0,darpa_cadets:n65,darpa_cadets:n201401,type_1,type_0,rel_5,0,0,0,0,train:window_17,0,298484.0
1761.0,darpa_cadets:n65,darpa_cadets:n246732,type_1,type_0,rel_5,0,0,0,0,train:window_17,0,299003.0
1762.0,darpa_cadets:n65,darpa_cadets:n249870,type_1,type_0,rel_5,0,0,0,0,train:window_17,0,299027.0
1763.0,darpa_cadets:n65,darpa_cadets:n254043,type_1,type_0,rel_5,0,0,0,0,train:window_17,0,299070.0
1764.0,darpa_cadets:n65,darpa_cadets:n261615,type_1,type_0,rel_5,0,0,0,0,train:window_17,0,299174.0
1765.0,darpa_cadets:n65,darpa_cadets:n285461,type_1,type_0,rel_5,0,0,0,0,train:window_17,0,299311.0
1766.0,darpa_cadets:n65,darpa_cadets:n308432,type_1,type_0,rel_5,0,0,0,0,train:window_17,0,299558.0
1767.0,darpa_cadets:n65,darpa_cadets:n322207,type_1,type_0,rel_5,0,0,0,0,train:window_17,0,299769.0
1768.0,darpa_cadets:n65,darpa_cadets:n333547,type_1,type_0,rel_5,0,0,0,0,train:window_17,0,299922.0
1769.0,darpa_cadets:n65,darpa_cadets:n340383,type_1,type_0,rel_5,0,0,0,0,train:window_17,0,299981.0
1770.0,darpa_cadets:n65,darpa_cadets:n347677,type_1,type_0,rel_5,0,0,0,0,train:window_17,0,300042.0
1771.0,darpa_cadets:n65,darpa_cadets:n349649,type_1,type_0,rel_5,0,0,0,0,train:window_17,0,300061.0
1772.0,darpa_cadets:n68,darpa_cadets:n217838,type_0,type_0,rel_8,0,0,0,0,train:window_17,0,300199.0
1773.0,darpa_cadets:n76,darpa_cadets:n6011,type_1,type_0,rel_5,0,0,0,0,train:window_17,0,300338.0
1774.0,darpa_cadets:n76,darpa_cadets:n234985,type_1,type_0,rel_5,0,0,0,0,train:window_17,0,300643.0
1775.0,darpa_cadets:n76,darpa_cadets:n305253,type_1,type_0,rel_5,0,0,0,0,train:window_17,0,300816.0
1776.0,darpa_cadets:n108,darpa_cadets:n27879,type_1,type_0,rel_5,0,0,0,0,train:window_17,0,301462.0
1777.0,darpa_cadets:n108,darpa_cadets:n53886,type_1,type_0,rel_5,0,0,0,0,train:window_17,0,301612.0
1778.0,darpa_cadets:n108,darpa_cadets:n225720,type_1,type_0,rel_5,0,0,0,0,train:window_17,0,302179.0
1779.0,darpa_cadets:n108,darpa_cadets:n257606,type_1,type_0,rel_5,0,0,0,0,train:window_17,0,302525.0
1780.0,darpa_cadets:n108,darpa_cadets:n314191,type_1,type_0,rel_5,0,0,0,0,train:window_17,0,303075.0
1781.0,darpa_cadets:n124,darpa_cadets:n297954,type_1,type_0,rel_5,1,0,1,0,train:window_17,1,303593.0
1782.0,darpa_cadets:n129,darpa_cadets:n9255,type_0,type_3,rel_1,0,0,0,0,train:window_17,0,303661.0
1783.0,darpa_cadets:n129,darpa_cadets:n17595,type_0,type_3,rel_1,0,0,0,0,train:window_17,0,303691.0
1784.0,darpa_cadets:n129,darpa_cadets:n58451,type_0,type_3,rel_1,0,0,0,0,train:window_17,0,303802.0
1785.0,darpa_cadets:n129,darpa_cadets:n195608,type_0,type_3,rel_1,0,0,0,0,train:window_17,0,303954.0
1786.0,darpa_cadets:n129,darpa_cadets:n218875,type_0,type_3,rel_1,0,0,0,0,train:window_17,0,304023.0
1787.0,darpa_cadets:n129,darpa_cadets:n233292,type_0,type_0,rel_8,0,0,0,0,train:window_17,0,304133.0
1788.0,darpa_cadets:n224,darpa_cadets:n5256,type_0,type_2,rel_2,0,0,0,0,train:window_17,0,304352.0
1789.0,darpa_cadets:n224,darpa_cadets:n16805,type_0,type_2,rel_2,0,0,0,0,train:window_17,0,304488.0
1790.0,darpa_cadets:n224,darpa_cadets:n18444,type_0,type_0,rel_8,0,0,0,0,train:window_17,0,304512.0
1791.0,darpa_cadets:n224,darpa_cadets:n39051,type_0,type_2,rel_2,0,0,0,0,train:window_17,0,304735.0
1792.0,darpa_cadets:n224,darpa_cadets:n153818,type_0,type_2,rel_2,0,0,0,0,train:window_17,0,305163.0
1793.0,darpa_cadets:n224,darpa_cadets:n158069,type_0,type_2,rel_2,0,0,0,0,train:window_17,0,305200.0
1794.0,darpa_cadets:n224,darpa_cadets:n167238,type_0,type_2,rel_2,0,0,0,0,train:window_17,0,305278.0
1795.0,darpa_cadets:n224,darpa_cadets:n179587,type_0,type_2,rel_2,0,0,0,0,train:window_17,0,305383.0
1796.0,darpa_cadets:n224,darpa_cadets:n214111,type_0,type_0,rel_8,0,0,0,0,train:window_17,0,305725.0
1797.0,darpa_cadets:n224,darpa_cadets:n231381,type_0,type_0,rel_8,0,0,0,0,train:window_17,0,305933.0
1798.0,darpa_cadets:n224,darpa_cadets:n232262,type_0,type_2,rel_2,0,0,0,0,train:window_17,0,305954.0
1799.0,darpa_cadets:n224,darpa_cadets:n257253,type_0,type_0,rel_8,0,0,0,0,train:window_17,0,306220.0
1800.0,darpa_cadets:n224,darpa_cadets:n259026,type_0,type_0,rel_8,0,0,0,0,train:window_17,0,306246.0
1801.0,darpa_cadets:n224,darpa_cadets:n264471,type_0,type_2,rel_2,0,0,0,0,train:window_18,0,306320.0
1802.0,darpa_cadets:n224,darpa_cadets:n290462,type_0,type_2,rel_2,0,0,0,0,train:window_18,0,306467.0
1803.0,darpa_cadets:n224,darpa_cadets:n292452,type_0,type_2,rel_2,0,0,0,0,train:window_18,0,306483.0
1804.0,darpa_cadets:n224,darpa_cadets:n322078,type_0,type_0,rel_8,0,0,0,0,train:window_18,0,306850.0
1805.0,darpa_cadets:n224,darpa_cadets:n326031,type_0,type_0,rel_8,0,0,0,0,train:window_18,0,306907.0
1806.0,darpa_cadets:n224,darpa_cadets:n343829,type_0,type_2,rel_2,0,0,0,0,train:window_18,0,307075.0
1807.0,darpa_cadets:n224,darpa_cadets:n354547,type_0,type_2,rel_2,0,0,0,0,train:window_18,0,307163.0
1808.0,darpa_cadets:n287,darpa_cadets:n1590,type_1,type_0,rel_5,0,0,0,0,train:window_18,0,307344.0
1809.0,darpa_cadets:n287,darpa_cadets:n10910,type_1,type_0,rel_5,0,0,0,0,train:window_18,0,307395.0
1810.0,darpa_cadets:n287,darpa_cadets:n27429,type_1,type_0,rel_5,0,0,0,0,train:window_18,0,307506.0
1811.0,darpa_cadets:n287,darpa_cadets:n30409,type_1,type_0,rel_5,0,0,0,0,train:window_18,0,307523.0
1812.0,darpa_cadets:n287,darpa_cadets:n45535,type_1,type_0,rel_5,0,0,0,0,train:window_18,0,307641.0
1813.0,darpa_cadets:n287,darpa_cadets:n46097,type_1,type_0,rel_5,0,0,0,0,train:window_18,0,307645.0
1814.0,darpa_cadets:n287,darpa_cadets:n50394,type_1,type_0,rel_5,0,0,0,0,train:window_18,0,307677.0
1815.0,darpa_cadets:n287,darpa_cadets:n143846,type_1,type_0,rel_5,0,0,0,0,train:window_18,0,307889.0
1816.0,darpa_cadets:n287,darpa_cadets:n161125,type_1,type_0,rel_5,0,0,0,0,train:window_18,0,308010.0
1817.0,darpa_cadets:n287,darpa_cadets:n179532,type_1,type_0,rel_5,0,0,0,0,train:window_18,0,308139.0
1818.0,darpa_cadets:n287,darpa_cadets:n254307,type_1,type_0,rel_5,0,0,0,0,train:window_18,0,308698.0
1819.0,darpa_cadets:n287,darpa_cadets:n266106,type_1,type_0,rel_5,0,0,0,0,train:window_18,0,308794.0
1820.0,darpa_cadets:n287,darpa_cadets:n284455,type_1,type_0,rel_5,0,0,0,0,train:window_18,0,308829.0
1821.0,darpa_cadets:n287,darpa_cadets:n321587,type_1,type_0,rel_5,0,0,0,0,train:window_18,0,309104.0
1822.0,darpa_cadets:n287,darpa_cadets:n332541,type_1,type_0,rel_5,0,0,0,0,train:window_18,0,309174.0
1823.0,darpa_cadets:n293,darpa_cadets:n4010,type_1,type_0,rel_5,0,0,0,0,train:window_18,0,309459.0
1824.0,darpa_cadets:n293,darpa_cadets:n13025,type_1,type_0,rel_5,0,0,0,0,train:window_18,0,309604.0
1825.0,darpa_cadets:n293,darpa_cadets:n26258,type_1,type_0,rel_5,0,0,0,0,train:window_18,0,309755.0
1826.0,darpa_cadets:n293,darpa_cadets:n27766,type_1,type_0,rel_5,0,0,0,0,train:window_18,0,309786.0
1827.0,darpa_cadets:n293,darpa_cadets:n35673,type_1,type_0,rel_5,0,0,0,0,train:window_18,0,309871.0
1828.0,darpa_cadets:n293,darpa_cadets:n51291,type_1,type_0,rel_5,0,0,0,0,train:window_18,0,309998.0
1829.0,darpa_cadets:n293,darpa_cadets:n60726,type_1,type_0,rel_5,0,0,0,0,train:window_18,0,310075.0
1830.0,darpa_cadets:n293,darpa_cadets:n62325,type_1,type_0,rel_5,0,0,0,0,train:window_18,0,310087.0
1831.0,darpa_cadets:n293,darpa_cadets:n228734,type_1,type_0,rel_5,0,0,0,0,train:window_18,0,310972.0
1832.0,darpa_cadets:n293,darpa_cadets:n238906,type_1,type_0,rel_5,0,0,0,0,train:window_18,0,311128.0
1833.0,darpa_cadets:n293,darpa_cadets:n260278,type_1,type_0,rel_5,0,0,0,0,train:window_18,0,311353.0
1834.0,darpa_cadets:n293,darpa_cadets:n339821,type_1,type_0,rel_5,0,0,0,0,train:window_18,0,312169.0
1835.0,darpa_cadets:n293,darpa_cadets:n349800,type_1,type_0,rel_5,0,0,0,0,train:window_18,0,312257.0
1836.0,darpa_cadets:n326,darpa_cadets:n15240,type_0,type_3,rel_1,0,0,0,0,train:window_18,0,312409.0
1837.0,darpa_cadets:n326,darpa_cadets:n196672,type_0,type_2,rel_1,0,0,0,0,train:window_18,0,312541.0
1838.0,darpa_cadets:n326,darpa_cadets:n253544,type_0,type_4,rel_3,0,0,0,0,train:window_18,0,312838.0
1839.0,darpa_cadets:n326,darpa_cadets:n265818,type_0,type_3,rel_1,0,0,0,0,train:window_18,0,312969.0
1840.0,darpa_cadets:n332,darpa_cadets:n336,type_0,type_1,rel_6,0,0,0,0,train:window_18,0,313052.0
1841.0,darpa_cadets:n368,darpa_cadets:n3670,type_1,type_0,rel_5,0,0,0,0,train:window_18,0,313161.0
1842.0,darpa_cadets:n368,darpa_cadets:n14371,type_1,type_0,rel_5,0,0,0,0,train:window_18,0,313246.0
1843.0,darpa_cadets:n368,darpa_cadets:n26681,type_1,type_0,rel_5,0,0,0,0,train:window_18,0,313308.0
1844.0,darpa_cadets:n368,darpa_cadets:n54430,type_1,type_0,rel_5,0,0,0,0,train:window_18,0,313429.0
1845.0,darpa_cadets:n368,darpa_cadets:n184740,type_1,type_0,rel_5,0,0,0,0,train:window_18,0,313621.0
1846.0,darpa_cadets:n368,darpa_cadets:n223803,type_1,type_0,rel_5,0,0,0,0,train:window_18,0,313780.0
1847.0,darpa_cadets:n368,darpa_cadets:n229727,type_1,type_0,rel_5,0,0,0,0,train:window_18,0,313804.0
1848.0,darpa_cadets:n368,darpa_cadets:n258824,type_1,type_0,rel_5,0,0,0,0,train:window_18,0,313950.0
1849.0,darpa_cadets:n389,darpa_cadets:n431,type_0,type_2,rel_2,0,0,0,0,train:window_18,0,314408.0
1850.0,darpa_cadets:n396,darpa_cadets:n41779,type_1,type_0,rel_5,0,0,0,0,train:window_18,0,314464.0
1851.0,darpa_cadets:n396,darpa_cadets:n54153,type_1,type_0,rel_5,0,0,0,0,train:window_18,0,314471.0
1852.0,darpa_cadets:n396,darpa_cadets:n344272,type_1,type_0,rel_5,0,0,0,0,train:window_18,0,314618.0
1853.0,darpa_cadets:n402,darpa_cadets:n256387,type_1,type_0,rel_5,0,0,0,0,train:window_18,0,314940.0
1854.0,darpa_cadets:n402,darpa_cadets:n338961,type_1,type_0,rel_5,0,0,0,0,train:window_18,0,315014.0
1855.0,darpa_cadets:n403,darpa_cadets:n14452,type_1,type_0,rel_5,0,0,0,0,train:window_18,0,315043.0
1856.0,darpa_cadets:n403,darpa_cadets:n268874,type_1,type_0,rel_5,0,0,0,0,train:window_18,0,315156.0
1857.0,darpa_cadets:n530,darpa_cadets:n360,type_0,type_1,rel_6,0,0,0,0,train:window_18,0,315438.0
1858.0,darpa_cadets:n560,darpa_cadets:n559,type_0,type_1,rel_6,0,0,0,0,train:window_18,0,315569.0
1859.0,darpa_cadets:n673,darpa_cadets:n8,type_0,type_1,rel_6,1,1,0,1,train:window_18,1,315595.0
1860.0,darpa_cadets:n750,darpa_cadets:n162123,type_0,type_0,rel_8,0,0,0,0,train:window_18,0,315917.0
1861.0,darpa_cadets:n750,darpa_cadets:n203354,type_0,type_0,rel_8,0,0,0,0,train:window_18,0,316007.0
1862.0,darpa_cadets:n750,darpa_cadets:n219248,type_0,type_0,rel_8,0,0,0,0,train:window_18,0,316038.0
1863.0,darpa_cadets:n750,darpa_cadets:n318925,type_0,type_0,rel_8,0,0,0,0,train:window_18,0,316203.0
1864.0,darpa_cadets:n925,darpa_cadets:n2775,type_0,type_1,rel_18,0,0,0,0,train:window_18,0,316470.0
1865.0,darpa_cadets:n925,darpa_cadets:n3947,type_0,type_2,rel_2,0,0,0,0,train:window_18,0,316520.0
1866.0,darpa_cadets:n925,darpa_cadets:n25416,type_0,type_2,rel_2,0,0,0,0,train:window_18,0,316919.0
1867.0,darpa_cadets:n925,darpa_cadets:n28542,type_0,type_2,rel_3,0,0,0,0,train:window_18,0,317008.0
1868.0,darpa_cadets:n925,darpa_cadets:n58199,type_0,type_2,rel_3,0,0,0,0,train:window_18,0,317077.0
1869.0,darpa_cadets:n925,darpa_cadets:n140349,type_0,type_2,rel_3,0,0,0,0,train:window_18,0,317101.0
1870.0,darpa_cadets:n925,darpa_cadets:n229281,type_0,type_2,rel_2,0,0,0,0,train:window_18,0,317498.0
1871.0,darpa_cadets:n925,darpa_cadets:n238879,type_0,type_2,rel_2,0,0,0,0,train:window_18,0,317659.0
1872.0,darpa_cadets:n925,darpa_cadets:n246682,type_0,type_2,rel_2,0,0,0,0,train:window_18,0,317710.0
1873.0,darpa_cadets:n925,darpa_cadets:n246696,type_0,type_2,rel_2,0,0,0,0,train:window_18,0,317712.0
1874.0,darpa_cadets:n925,darpa_cadets:n261791,type_0,type_2,rel_2,0,0,0,0,train:window_18,0,317850.0
1875.0,darpa_cadets:n925,darpa_cadets:n283696,type_0,type_2,rel_2,0,0,0,0,train:window_18,0,318044.0
1876.0,darpa_cadets:n925,darpa_cadets:n293479,type_0,type_2,rel_2,0,0,0,0,train:window_18,0,318070.0
1877.0,darpa_cadets:n1007,darpa_cadets:n13191,type_1,type_0,rel_5,0,0,0,0,train:window_18,0,318803.0
1878.0,darpa_cadets:n1007,darpa_cadets:n14829,type_1,type_0,rel_5,0,0,0,0,train:window_18,0,318813.0
1879.0,darpa_cadets:n1007,darpa_cadets:n31950,type_1,type_0,rel_5,0,0,0,0,train:window_18,0,318916.0
1880.0,darpa_cadets:n1007,darpa_cadets:n44187,type_1,type_0,rel_5,0,0,0,0,train:window_18,0,318999.0
1881.0,darpa_cadets:n1007,darpa_cadets:n44744,type_1,type_0,rel_5,0,0,0,0,train:window_18,0,319003.0
1882.0,darpa_cadets:n1007,darpa_cadets:n55495,type_1,type_0,rel_5,0,0,0,0,train:window_18,0,319075.0
1883.0,darpa_cadets:n1052,darpa_cadets:n3414,type_0,type_0,rel_8,0,0,0,0,train:window_18,0,319170.0
1884.0,darpa_cadets:n1052,darpa_cadets:n3916,type_0,type_4,rel_3,0,0,0,0,train:window_18,0,319181.0
1885.0,darpa_cadets:n1052,darpa_cadets:n18289,type_0,type_4,rel_3,0,0,0,0,train:window_18,0,319339.0
1886.0,darpa_cadets:n1052,darpa_cadets:n23725,type_0,type_0,rel_8,0,0,0,0,train:window_18,0,319368.0
1887.0,darpa_cadets:n1052,darpa_cadets:n108564,type_0,type_4,rel_3,0,0,0,0,train:window_18,0,319517.0
1888.0,darpa_cadets:n1052,darpa_cadets:n194537,type_0,type_4,rel_3,0,0,0,0,train:window_18,0,319595.0
1889.0,darpa_cadets:n1052,darpa_cadets:n208340,type_0,type_4,rel_3,0,0,0,0,train:window_18,0,319639.0
1890.0,darpa_cadets:n1052,darpa_cadets:n233156,type_0,type_4,rel_3,0,0,0,0,train:window_18,0,319791.0
1891.0,darpa_cadets:n1052,darpa_cadets:n264262,type_0,type_4,rel_3,0,0,0,0,train:window_18,0,319974.0
1892.0,darpa_cadets:n1052,darpa_cadets:n326761,type_0,type_4,rel_3,0,0,0,0,train:window_18,0,320366.0
1893.0,darpa_cadets:n1055,darpa_cadets:n13,type_0,type_1,rel_6,0,0,0,0,train:window_18,0,320500.0
1894.0,darpa_cadets:n1060,darpa_cadets:n47039,type_1,type_0,rel_5,0,0,0,0,train:window_18,0,320704.0
1895.0,darpa_cadets:n1060,darpa_cadets:n211133,type_1,type_0,rel_5,0,0,0,0,train:window_18,0,320791.0
1896.0,darpa_cadets:n1060,darpa_cadets:n222900,type_1,type_0,rel_5,0,0,0,0,train:window_18,0,320831.0
1897.0,darpa_cadets:n1060,darpa_cadets:n242581,type_1,type_0,rel_5,0,0,0,0,train:window_18,0,320893.0
1898.0,darpa_cadets:n1060,darpa_cadets:n315220,type_1,type_0,rel_5,0,0,0,0,train:window_18,0,321064.0
1899.0,darpa_cadets:n1064,darpa_cadets:n264690,type_1,type_0,rel_5,0,0,0,0,train:window_18,0,321627.0
1900.0,darpa_cadets:n1064,darpa_cadets:n264705,type_1,type_0,rel_5,0,0,0,0,train:window_18,0,321629.0
1901.0,darpa_cadets:n1065,darpa_cadets:n23727,type_1,type_0,rel_5,0,0,0,0,train:window_19,0,321988.0
1902.0,darpa_cadets:n1065,darpa_cadets:n31616,type_1,type_0,rel_5,0,0,0,0,train:window_19,0,322025.0
1903.0,darpa_cadets:n1065,darpa_cadets:n210127,type_1,type_0,rel_5,0,0,0,0,train:window_19,0,322124.0
1904.0,darpa_cadets:n1065,darpa_cadets:n295037,type_1,type_0,rel_5,0,0,0,0,train:window_19,0,322333.0
1905.0,darpa_cadets:n1065,darpa_cadets:n325000,type_1,type_0,rel_5,0,0,0,0,train:window_19,0,322462.0
1906.0,darpa_cadets:n1065,darpa_cadets:n328419,type_1,type_0,rel_5,0,0,0,0,train:window_19,0,322490.0
1907.0,darpa_cadets:n1107,darpa_cadets:n340,type_0,type_1,rel_6,0,0,0,0,train:window_19,0,322770.0
1908.0,darpa_cadets:n1114,darpa_cadets:n319203,type_1,type_0,rel_5,0,0,0,0,train:window_19,0,322856.0
1909.0,darpa_cadets:n1223,darpa_cadets:n10,type_0,type_1,rel_6,1,1,0,1,train:window_19,1,323050.0
1910.0,darpa_cadets:n1240,darpa_cadets:n3323,type_1,type_0,rel_5,0,0,0,0,train:window_19,0,323159.0
1911.0,darpa_cadets:n1240,darpa_cadets:n4414,type_1,type_0,rel_5,0,0,0,0,train:window_19,0,323174.0
1912.0,darpa_cadets:n1240,darpa_cadets:n196001,type_1,type_0,rel_5,0,0,0,0,train:window_19,0,323345.0
1913.0,darpa_cadets:n1240,darpa_cadets:n230671,type_1,type_0,rel_5,0,0,0,0,train:window_19,0,323472.0
1914.0,darpa_cadets:n1240,darpa_cadets:n261655,type_1,type_0,rel_5,0,0,0,0,train:window_19,0,323593.0
1915.0,darpa_cadets:n1240,darpa_cadets:n308432,type_1,type_0,rel_5,0,0,0,0,train:window_19,0,323747.0
1916.0,darpa_cadets:n1240,darpa_cadets:n353914,type_1,type_0,rel_5,0,0,0,0,train:window_19,0,323894.0
1917.0,darpa_cadets:n1242,darpa_cadets:n151713,type_1,type_0,rel_5,0,0,0,0,train:window_19,0,324085.0
1918.0,darpa_cadets:n1242,darpa_cadets:n207035,type_1,type_0,rel_5,0,0,0,0,train:window_19,0,324107.0
1919.0,darpa_cadets:n1244,darpa_cadets:n18459,type_1,type_0,rel_5,0,0,0,0,train:window_19,0,324775.0
1920.0,darpa_cadets:n1244,darpa_cadets:n217157,type_1,type_0,rel_5,0,0,0,0,train:window_19,0,324918.0
1921.0,darpa_cadets:n1244,darpa_cadets:n229006,type_1,type_0,rel_5,0,0,0,0,train:window_19,0,324973.0
1922.0,darpa_cadets:n1244,darpa_cadets:n236377,type_1,type_0,rel_5,0,0,0,0,train:window_19,0,325032.0
1923.0,darpa_cadets:n1244,darpa_cadets:n326872,type_1,type_0,rel_5,0,0,0,0,train:window_19,0,325386.0
1924.0,darpa_cadets:n1248,darpa_cadets:n1246,type_0,type_5,rel_11,0,0,0,0,train:window_19,0,325447.0
1925.0,darpa_cadets:n1251,darpa_cadets:n1223,type_4,type_0,rel_16,0,0,0,0,train:window_19,0,325452.0
1926.0,darpa_cadets:n1266,darpa_cadets:n246738,type_1,type_0,rel_5,0,0,0,0,train:window_19,0,325869.0
1927.0,darpa_cadets:n1266,darpa_cadets:n263070,type_1,type_0,rel_5,0,0,0,0,train:window_19,0,325898.0
1928.0,darpa_cadets:n1266,darpa_cadets:n266674,type_1,type_0,rel_5,0,0,0,0,train:window_19,0,325922.0
1929.0,darpa_cadets:n1267,darpa_cadets:n308407,type_1,type_0,rel_5,0,0,0,0,train:window_19,0,326277.0
1930.0,darpa_cadets:n1312,darpa_cadets:n257219,type_1,type_0,rel_5,0,0,0,0,train:window_19,0,326515.0
1931.0,darpa_cadets:n1312,darpa_cadets:n283651,type_1,type_0,rel_5,0,0,0,0,train:window_19,0,326526.0
1932.0,darpa_cadets:n1324,darpa_cadets:n1377,type_0,type_1,rel_6,0,0,0,0,train:window_19,0,326619.0
1933.0,darpa_cadets:n1522,darpa_cadets:n7,type_0,type_1,rel_9,1,1,0,1,train:window_19,1,326968.0
1934.0,darpa_cadets:n1526,darpa_cadets:n11,type_0,type_1,rel_6,1,1,0,1,train:window_19,1,326988.0
1935.0,darpa_cadets:n1644,darpa_cadets:n171624,type_1,type_0,rel_5,0,0,0,0,train:window_19,0,327407.0
1936.0,darpa_cadets:n1646,darpa_cadets:n171624,type_1,type_0,rel_5,0,0,0,0,train:window_19,0,327770.0
1937.0,darpa_cadets:n1647,darpa_cadets:n173166,type_1,type_0,rel_5,0,0,0,0,train:window_19,0,327954.0
1938.0,darpa_cadets:n1661,darpa_cadets:n142310,type_1,type_0,rel_5,0,0,0,0,train:window_19,0,328182.0
1939.0,darpa_cadets:n1743,darpa_cadets:n5,type_0,type_1,rel_0,0,0,0,0,train:window_19,0,328478.0
1940.0,darpa_cadets:n1745,darpa_cadets:n1745,type_0,type_0,rel_7,0,0,0,0,train:window_19,0,328507.0
1941.0,darpa_cadets:n1859,darpa_cadets:n73,type_0,type_1,rel_0,0,0,0,0,train:window_19,0,328537.0
1942.0,darpa_cadets:n1870,darpa_cadets:n212,type_0,type_1,rel_6,0,0,0,0,train:window_19,0,328612.0
1943.0,darpa_cadets:n1901,darpa_cadets:n285,type_0,type_1,rel_6,0,0,0,0,train:window_19,0,328722.0
1944.0,darpa_cadets:n1906,darpa_cadets:n1007,type_0,type_1,rel_6,0,0,0,0,train:window_19,0,328764.0
1945.0,darpa_cadets:n1922,darpa_cadets:n1925,type_0,type_2,rel_1,0,0,0,0,train:window_19,0,328826.0
1946.0,darpa_cadets:n2092,darpa_cadets:n13,type_0,type_1,rel_6,0,0,0,0,train:window_19,0,329008.0
1947.0,darpa_cadets:n2232,darpa_cadets:n5,type_0,type_1,rel_0,0,0,0,0,train:window_19,0,329154.0
1948.0,darpa_cadets:n2364,darpa_cadets:n2445,type_0,type_2,rel_2,0,0,0,0,train:window_19,0,329321.0
1949.0,darpa_cadets:n2405,darpa_cadets:n16,type_0,type_1,rel_9,0,0,0,0,train:window_19,0,329471.0
1950.0,darpa_cadets:n2537,darpa_cadets:n382,type_0,type_1,rel_6,0,0,0,0,train:window_19,0,329596.0
1951.0,darpa_cadets:n2758,darpa_cadets:n1238,type_0,type_1,rel_6,0,0,0,0,train:window_19,0,330341.0
1952.0,darpa_cadets:n2784,darpa_cadets:n7,type_0,type_1,rel_9,1,1,0,1,train:window_19,1,330471.0
1953.0,darpa_cadets:n2784,darpa_cadets:n1341,type_0,type_1,rel_6,0,0,0,0,train:window_19,0,330511.0
1954.0,darpa_cadets:n2838,darpa_cadets:n1243,type_0,type_1,rel_6,0,0,0,0,train:window_19,0,330750.0
1955.0,darpa_cadets:n2861,darpa_cadets:n10,type_0,type_1,rel_6,1,1,0,1,train:window_19,1,330786.0
1956.0,darpa_cadets:n2864,darpa_cadets:n11,type_0,type_1,rel_6,1,1,0,1,train:window_19,1,330815.0
1957.0,darpa_cadets:n2874,darpa_cadets:n293,type_0,type_1,rel_6,0,0,0,0,train:window_19,0,330882.0
1958.0,darpa_cadets:n2910,darpa_cadets:n2907,type_0,type_3,rel_4,0,0,0,0,train:window_19,0,330912.0
1959.0,darpa_cadets:n3033,darpa_cadets:n10,type_0,type_1,rel_6,1,1,0,1,train:window_19,1,331003.0
1960.0,darpa_cadets:n3138,darpa_cadets:n215,type_0,type_1,rel_6,0,0,0,0,train:window_19,0,331200.0
1961.0,darpa_cadets:n3167,darpa_cadets:n3171,type_0,type_1,rel_6,0,0,0,0,train:window_19,0,331343.0
1962.0,darpa_cadets:n3281,darpa_cadets:n1233,type_0,type_1,rel_6,0,0,0,0,train:window_19,0,331588.0
1963.0,darpa_cadets:n3281,darpa_cadets:n3282,type_0,type_2,rel_2,0,0,0,0,train:window_19,0,331602.0
1964.0,darpa_cadets:n3300,darpa_cadets:n1240,type_0,type_1,rel_6,0,0,0,0,train:window_19,0,331686.0
1965.0,darpa_cadets:n3323,darpa_cadets:n23,type_0,type_1,rel_6,0,0,0,0,train:window_19,0,331824.0
1966.0,darpa_cadets:n3372,darpa_cadets:n8,type_0,type_1,rel_6,1,1,0,1,train:window_19,1,331903.0
1967.0,darpa_cadets:n3511,darpa_cadets:n3514,type_0,type_4,rel_2,0,0,0,0,train:window_19,0,332270.0
1968.0,darpa_cadets:n3709,darpa_cadets:n9,type_0,type_1,rel_6,0,0,0,0,train:window_19,0,332685.0
1969.0,darpa_cadets:n3712,darpa_cadets:n17,type_0,type_1,rel_6,0,0,0,0,train:window_19,0,332696.0
1970.0,darpa_cadets:n3742,darpa_cadets:n3754,type_0,type_2,rel_2,0,0,0,0,train:window_19,0,332836.0
1971.0,darpa_cadets:n3745,darpa_cadets:n3742,type_2,type_0,rel_5,0,0,0,0,train:window_19,0,332911.0
1972.0,darpa_cadets:n3763,darpa_cadets:n3765,type_0,type_1,rel_0,0,0,0,0,train:window_19,0,333107.0
1973.0,darpa_cadets:n3777,darpa_cadets:n1235,type_0,type_1,rel_6,0,0,0,0,train:window_19,0,333159.0
1974.0,darpa_cadets:n3891,darpa_cadets:n7,type_0,type_1,rel_9,1,1,0,1,train:window_19,1,333545.0
1975.0,darpa_cadets:n3892,darpa_cadets:n1653,type_0,type_1,rel_9,0,0,0,0,train:window_19,0,333552.0
1976.0,darpa_cadets:n4010,darpa_cadets:n4022,type_0,type_3,rel_1,0,0,0,0,train:window_19,0,333827.0
1977.0,darpa_cadets:n4220,darpa_cadets:n368,type_0,type_1,rel_6,0,0,0,0,train:window_19,0,334259.0
1978.0,darpa_cadets:n4390,darpa_cadets:n1334,type_0,type_2,rel_3,0,0,0,0,train:window_19,0,334763.0
1979.0,darpa_cadets:n4395,darpa_cadets:n53,type_0,type_1,rel_6,0,0,0,0,train:window_19,0,334833.0
1980.0,darpa_cadets:n4445,darpa_cadets:n4472,type_0,type_4,rel_3,0,0,0,0,train:window_19,0,335011.0
1981.0,darpa_cadets:n4583,darpa_cadets:n1269,type_0,type_4,rel_3,0,0,0,0,train:window_19,0,335152.0
1982.0,darpa_cadets:n4645,darpa_cadets:n1242,type_0,type_1,rel_6,0,0,0,0,train:window_19,0,335393.0
1983.0,darpa_cadets:n4689,darpa_cadets:n8,type_0,type_1,rel_6,1,1,0,1,train:window_19,1,335541.0
1984.0,darpa_cadets:n4689,darpa_cadets:n10,type_0,type_1,rel_6,1,1,0,1,train:window_19,1,335543.0
1985.0,darpa_cadets:n4705,darpa_cadets:n10,type_0,type_1,rel_6,1,1,0,1,train:window_19,1,335588.0
1986.0,darpa_cadets:n4946,darpa_cadets:n49,type_0,type_1,rel_6,1,1,0,1,train:window_19,1,335986.0
1987.0,darpa_cadets:n4962,darpa_cadets:n213,type_0,type_1,rel_6,0,0,0,0,train:window_19,0,336041.0
1988.0,darpa_cadets:n5174,darpa_cadets:n143004,type_1,type_0,rel_5,0,0,0,0,train:window_19,0,336595.0
1989.0,darpa_cadets:n5180,darpa_cadets:n9,type_0,type_1,rel_6,0,0,0,0,train:window_19,0,336697.0
1990.0,darpa_cadets:n5274,darpa_cadets:n5276,type_3,type_0,rel_5,0,0,0,0,train:window_19,0,336989.0
1991.0,darpa_cadets:n5326,darpa_cadets:n753,type_0,type_1,rel_0,0,0,0,0,train:window_19,0,337068.0
1992.0,darpa_cadets:n5358,darpa_cadets:n10,type_0,type_1,rel_6,1,1,0,1,train:window_19,1,337150.0
1993.0,darpa_cadets:n5393,darpa_cadets:n6293,type_0,type_2,rel_3,0,0,0,0,train:window_19,0,337299.0
1994.0,darpa_cadets:n5416,darpa_cadets:n1236,type_0,type_1,rel_6,0,0,0,0,train:window_19,0,337463.0
1995.0,darpa_cadets:n5432,darpa_cadets:n6511,type_0,type_1,rel_6,0,0,0,0,train:window_19,0,337637.0
1996.0,darpa_cadets:n5457,darpa_cadets:n7625,type_0,type_1,rel_6,0,0,0,0,train:window_19,0,337754.0
1997.0,darpa_cadets:n5554,darpa_cadets:n5416,type_2,type_0,rel_5,0,0,0,0,train:window_19,0,337988.0
1998.0,darpa_cadets:n5675,darpa_cadets:n194212,type_1,type_0,rel_5,0,0,0,0,train:window_19,0,338092.0
1999.0,darpa_cadets:n5743,darpa_cadets:n7,type_0,type_1,rel_9,1,1,0,1,train:window_19,1,338249.0
2000.0,darpa_cadets:n5821,darpa_cadets:n76,type_0,type_1,rel_6,0,0,0,0,train:window_19,0,338343.0
2001.0,darpa_cadets:n5821,darpa_cadets:n1058,type_0,type_1,rel_6,0,0,0,0,train:window_20,0,338352.0
2002.0,darpa_cadets:n6011,darpa_cadets:n1058,type_0,type_1,rel_6,0,0,0,0,train:window_20,0,338704.0
2003.0,darpa_cadets:n6063,darpa_cadets:n6064,type_0,type_0,rel_8,0,0,0,0,train:window_20,0,338882.0
2004.0,darpa_cadets:n6108,darpa_cadets:n1269,type_0,type_4,rel_3,0,0,0,0,train:window_20,0,339047.0
2005.0,darpa_cadets:n6127,darpa_cadets:n65,type_0,type_1,rel_6,0,0,0,0,train:window_20,0,339116.0
2006.0,darpa_cadets:n6352,darpa_cadets:n8,type_0,type_1,rel_6,1,1,0,1,train:window_20,1,339557.0
2007.0,darpa_cadets:n6390,darpa_cadets:n11,type_0,type_1,rel_6,1,1,0,1,train:window_20,1,339642.0
2008.0,darpa_cadets:n6398,darpa_cadets:n6398,type_0,type_0,rel_7,0,0,0,0,train:window_20,0,339708.0
2009.0,darpa_cadets:n6539,darpa_cadets:n6278,type_4,type_0,rel_5,0,0,0,0,train:window_20,0,339858.0
2010.0,darpa_cadets:n6828,darpa_cadets:n226,type_2,type_0,rel_5,0,0,0,0,train:window_20,0,340335.0
2011.0,darpa_cadets:n6968,darpa_cadets:n7226,type_0,type_2,rel_3,0,0,0,0,train:window_20,0,340500.0
2012.0,darpa_cadets:n6984,darpa_cadets:n23,type_0,type_1,rel_6,0,0,0,0,train:window_20,0,340552.0
2013.0,darpa_cadets:n7165,darpa_cadets:n3746,type_2,type_0,rel_5,0,0,0,0,train:window_20,0,340795.0
2014.0,darpa_cadets:n7218,darpa_cadets:n5550,type_2,type_0,rel_5,0,0,0,0,train:window_20,0,340851.0
2015.0,darpa_cadets:n7276,darpa_cadets:n7276,type_0,type_0,rel_7,0,0,0,0,train:window_20,0,340943.0
2016.0,darpa_cadets:n7523,darpa_cadets:n10,type_0,type_1,rel_6,1,1,0,1,train:window_20,1,341428.0
2017.0,darpa_cadets:n7523,darpa_cadets:n13,type_0,type_1,rel_6,0,0,0,0,train:window_20,0,341435.0
2018.0,darpa_cadets:n7639,darpa_cadets:n1246,type_0,type_5,rel_11,0,0,0,0,train:window_20,0,341662.0
2019.0,darpa_cadets:n7647,darpa_cadets:n7639,type_4,type_0,rel_16,0,0,0,0,train:window_20,0,341697.0
2020.0,darpa_cadets:n7675,darpa_cadets:n8,type_0,type_1,rel_6,1,1,0,1,train:window_20,1,341740.0
2021.0,darpa_cadets:n7675,darpa_cadets:n65,type_0,type_1,rel_6,0,0,0,0,train:window_20,0,341756.0
2022.0,darpa_cadets:n7681,darpa_cadets:n7675,type_4,type_0,rel_16,0,0,0,0,train:window_20,0,341782.0
2023.0,darpa_cadets:n7799,darpa_cadets:n8,type_0,type_1,rel_6,1,1,0,1,train:window_20,1,341950.0
2024.0,darpa_cadets:n7808,darpa_cadets:n10,type_0,type_1,rel_6,1,1,0,1,train:window_20,1,341998.0
2025.0,darpa_cadets:n7809,darpa_cadets:n293,type_0,type_1,rel_6,0,0,0,0,train:window_20,0,342020.0
2026.0,darpa_cadets:n7936,darpa_cadets:n7929,type_4,type_0,rel_16,0,0,0,0,train:window_20,0,342145.0
2027.0,darpa_cadets:n7956,darpa_cadets:n559,type_0,type_1,rel_6,0,0,0,0,train:window_20,0,342213.0
2028.0,darpa_cadets:n8159,darpa_cadets:n761,type_0,type_1,rel_6,0,0,0,0,train:window_20,0,342529.0
2029.0,darpa_cadets:n8207,darpa_cadets:n226,type_2,type_0,rel_5,0,0,0,0,train:window_20,0,342616.0
2030.0,darpa_cadets:n8289,darpa_cadets:n9,type_0,type_1,rel_6,0,0,0,0,train:window_20,0,342697.0
2031.0,darpa_cadets:n8345,darpa_cadets:n211,type_0,type_1,rel_6,0,0,0,0,train:window_20,0,342773.0
2032.0,darpa_cadets:n8443,darpa_cadets:n1007,type_0,type_1,rel_6,0,0,0,0,train:window_20,0,342936.0
2033.0,darpa_cadets:n8709,darpa_cadets:n11,type_0,type_1,rel_6,1,1,0,1,train:window_20,1,343160.0
2034.0,darpa_cadets:n8713,darpa_cadets:n22,type_0,type_1,rel_6,0,0,0,0,train:window_20,0,343186.0
2035.0,darpa_cadets:n8743,darpa_cadets:n9,type_0,type_1,rel_6,0,0,0,0,train:window_20,0,343220.0
2036.0,darpa_cadets:n8822,darpa_cadets:n8833,type_0,type_3,rel_1,0,0,0,0,train:window_20,0,343432.0
2037.0,darpa_cadets:n8842,darpa_cadets:n11,type_0,type_1,rel_6,1,1,0,1,train:window_20,1,343489.0
2038.0,darpa_cadets:n8865,darpa_cadets:n8846,type_2,type_0,rel_5,0,0,0,0,train:window_20,0,343624.0
2039.0,darpa_cadets:n8887,darpa_cadets:n1246,type_0,type_5,rel_11,0,0,0,0,train:window_20,0,343756.0
2040.0,darpa_cadets:n8937,darpa_cadets:n340,type_0,type_1,rel_6,0,0,0,0,train:window_20,0,343960.0
2041.0,darpa_cadets:n8937,darpa_cadets:n211,type_0,type_1,rel_6,0,0,0,0,train:window_20,0,343974.0
2042.0,darpa_cadets:n8984,darpa_cadets:n340,type_0,type_1,rel_6,0,0,0,0,train:window_20,0,344067.0
2043.0,darpa_cadets:n9010,darpa_cadets:n18,type_0,type_1,rel_6,0,0,0,0,train:window_20,0,344180.0
2044.0,darpa_cadets:n9015,darpa_cadets:n181,type_0,type_1,rel_6,1,1,0,1,train:window_20,1,344198.0
2045.0,darpa_cadets:n9031,darpa_cadets:n9031,type_0,type_0,rel_11,0,0,0,0,train:window_20,0,344283.0
2046.0,darpa_cadets:n9124,darpa_cadets:n925,type_2,type_0,rel_5,0,0,0,0,train:window_20,0,344369.0
2047.0,darpa_cadets:n9273,darpa_cadets:n9276,type_0,type_1,rel_0,0,0,0,0,train:window_20,0,344639.0
2048.0,darpa_cadets:n9422,darpa_cadets:n8,type_0,type_1,rel_6,1,1,0,1,train:window_20,1,344775.0
2049.0,darpa_cadets:n9688,darpa_cadets:n10,type_0,type_1,rel_6,1,1,0,1,train:window_20,1,345005.0
2050.0,darpa_cadets:n9692,darpa_cadets:n277,type_0,type_1,rel_6,0,0,0,0,train:window_20,0,345018.0
2051.0,darpa_cadets:n9827,darpa_cadets:n5,type_0,type_1,rel_0,0,0,0,0,train:window_20,0,345146.0
2052.0,darpa_cadets:n10070,darpa_cadets:n13,type_0,type_1,rel_6,0,0,0,0,train:window_20,0,345806.0
2053.0,darpa_cadets:n10087,darpa_cadets:n10,type_0,type_1,rel_6,1,1,0,1,train:window_20,1,345874.0
2054.0,darpa_cadets:n10097,darpa_cadets:n1303,type_0,type_1,rel_9,0,0,0,0,train:window_20,0,345944.0
2055.0,darpa_cadets:n10158,darpa_cadets:n1242,type_0,type_1,rel_6,0,0,0,0,train:window_20,0,346209.0
2056.0,darpa_cadets:n10192,darpa_cadets:n10,type_0,type_1,rel_6,1,1,0,1,train:window_20,1,346308.0
2057.0,darpa_cadets:n10229,darpa_cadets:n7,type_0,type_1,rel_9,1,1,0,1,train:window_20,1,346451.0
2058.0,darpa_cadets:n10233,darpa_cadets:n1653,type_0,type_1,rel_9,0,0,0,0,train:window_20,0,346482.0
2059.0,darpa_cadets:n10349,darpa_cadets:n10,type_0,type_1,rel_6,1,1,0,1,train:window_20,1,346574.0
2060.0,darpa_cadets:n10360,darpa_cadets:n10,type_0,type_1,rel_6,1,1,0,1,train:window_20,1,346636.0
2061.0,darpa_cadets:n10472,darpa_cadets:n11,type_0,type_1,rel_6,1,1,0,1,train:window_20,1,346768.0
2062.0,darpa_cadets:n10480,darpa_cadets:n10,type_0,type_1,rel_6,1,1,0,1,train:window_20,1,346807.0
2063.0,darpa_cadets:n10480,darpa_cadets:n1065,type_0,type_1,rel_6,0,0,0,0,train:window_20,0,346827.0
2064.0,darpa_cadets:n10489,darpa_cadets:n10619,type_0,type_1,rel_6,0,0,0,0,train:window_20,0,346884.0
2065.0,darpa_cadets:n10578,darpa_cadets:n1233,type_0,type_1,rel_6,0,0,0,0,train:window_20,0,347023.0
2066.0,darpa_cadets:n10639,darpa_cadets:n925,type_2,type_0,rel_5,0,0,0,0,train:window_20,0,347329.0
2067.0,darpa_cadets:n10905,darpa_cadets:n10905,type_0,type_0,rel_7,0,0,0,0,train:window_20,0,347635.0
2068.0,darpa_cadets:n10918,darpa_cadets:n10,type_0,type_1,rel_6,1,1,0,1,train:window_20,1,347720.0
2069.0,darpa_cadets:n11280,darpa_cadets:n11328,type_0,type_4,rel_2,0,0,0,0,train:window_20,0,348379.0
2070.0,darpa_cadets:n11284,darpa_cadets:n237284,type_1,type_0,rel_5,0,0,0,0,train:window_20,0,348515.0
2071.0,darpa_cadets:n11284,darpa_cadets:n301965,type_1,type_0,rel_5,0,0,0,0,train:window_20,0,348524.0
2072.0,darpa_cadets:n11383,darpa_cadets:n11280,type_4,type_0,rel_16,0,0,0,0,train:window_20,0,348630.0
2073.0,darpa_cadets:n11609,darpa_cadets:n10,type_0,type_1,rel_6,1,1,0,1,train:window_20,1,349002.0
2074.0,darpa_cadets:n11687,darpa_cadets:n1271,type_0,type_1,rel_4,0,0,0,0,train:window_20,0,349141.0
2075.0,darpa_cadets:n11700,darpa_cadets:n11687,type_4,type_0,rel_16,0,0,0,0,train:window_20,0,349187.0
2076.0,darpa_cadets:n11727,darpa_cadets:n108,type_0,type_1,rel_6,0,0,0,0,train:window_20,0,349346.0
2077.0,darpa_cadets:n11727,darpa_cadets:n1244,type_0,type_1,rel_6,0,0,0,0,train:window_20,0,349350.0
2078.0,darpa_cadets:n11760,darpa_cadets:n1237,type_0,type_1,rel_6,0,0,0,0,train:window_20,0,349512.0
2079.0,darpa_cadets:n11866,darpa_cadets:n11868,type_3,type_0,rel_5,0,0,0,0,train:window_20,0,349685.0
2080.0,darpa_cadets:n12004,darpa_cadets:n345,type_0,type_1,rel_6,0,0,0,0,train:window_20,0,349934.0
2081.0,darpa_cadets:n12057,darpa_cadets:n10,type_0,type_1,rel_6,1,1,0,1,train:window_20,1,350136.0
2082.0,darpa_cadets:n12224,darpa_cadets:n76,type_0,type_1,rel_6,0,0,0,0,train:window_20,0,350328.0
2083.0,darpa_cadets:n12337,darpa_cadets:n65,type_0,type_1,rel_6,0,0,0,0,train:window_20,0,350498.0
2084.0,darpa_cadets:n12397,darpa_cadets:n10,type_0,type_1,rel_6,1,1,0,1,train:window_20,1,350632.0
2085.0,darpa_cadets:n12416,darpa_cadets:n8,type_0,type_1,rel_6,1,1,0,1,train:window_20,1,350740.0
2086.0,darpa_cadets:n12542,darpa_cadets:n7,type_0,type_1,rel_9,1,1,0,1,train:window_20,1,350836.0
2087.0,darpa_cadets:n12628,darpa_cadets:n9,type_0,type_1,rel_6,0,0,0,0,train:window_20,0,351021.0
2088.0,darpa_cadets:n12711,darpa_cadets:n5,type_0,type_1,rel_0,0,0,0,0,train:window_20,0,351118.0
2089.0,darpa_cadets:n12721,darpa_cadets:n14,type_0,type_1,rel_4,0,0,0,0,train:window_20,0,351188.0
2090.0,darpa_cadets:n12999,darpa_cadets:n13162,type_1,type_0,rel_5,0,0,0,0,train:window_20,0,351389.0
2091.0,darpa_cadets:n13136,darpa_cadets:n13,type_0,type_1,rel_6,0,0,0,0,train:window_20,0,351581.0
2092.0,darpa_cadets:n13316,darpa_cadets:n7,type_0,type_1,rel_9,1,1,0,1,train:window_20,1,351822.0
2093.0,darpa_cadets:n13454,darpa_cadets:n272,type_0,type_1,rel_6,0,0,0,0,train:window_20,0,351956.0
2094.0,darpa_cadets:n13463,darpa_cadets:n13462,type_0,type_3,rel_4,0,0,0,0,train:window_20,0,352013.0
2095.0,darpa_cadets:n13464,darpa_cadets:n13464,type_0,type_0,rel_7,0,0,0,0,train:window_20,0,352023.0
2096.0,darpa_cadets:n13466,darpa_cadets:n13469,type_0,type_0,rel_8,0,0,0,0,train:window_20,0,352036.0
2097.0,darpa_cadets:n13645,darpa_cadets:n1228,type_0,type_1,rel_6,0,0,0,0,train:window_20,0,352229.0
2098.0,darpa_cadets:n13645,darpa_cadets:n1246,type_0,type_5,rel_11,0,0,0,0,train:window_20,0,352257.0
2099.0,darpa_cadets:n13902,darpa_cadets:n10,type_0,type_1,rel_6,1,1,0,1,train:window_20,1,352579.0
2100.0,darpa_cadets:n13968,darpa_cadets:n13983,type_0,type_1,rel_6,0,0,0,0,train:window_20,0,352782.0
2101.0,darpa_cadets:n14050,darpa_cadets:n181,type_0,type_1,rel_6,1,1,0,1,train:window_21,1,352895.0
2102.0,darpa_cadets:n14054,darpa_cadets:n1244,type_0,type_1,rel_6,0,0,0,0,train:window_21,0,352957.0
2103.0,darpa_cadets:n14069,darpa_cadets:n22,type_0,type_1,rel_6,0,0,0,0,train:window_21,0,353030.0
2104.0,darpa_cadets:n14091,darpa_cadets:n14124,type_0,type_2,rel_3,0,0,0,0,train:window_21,0,353156.0
2105.0,darpa_cadets:n14100,darpa_cadets:n13,type_0,type_1,rel_6,0,0,0,0,train:window_21,0,353188.0
2106.0,darpa_cadets:n14154,darpa_cadets:n1078,type_0,type_1,rel_11,0,0,0,0,train:window_21,0,353310.0
2107.0,darpa_cadets:n14184,darpa_cadets:n14184,type_0,type_0,rel_7,0,0,0,0,train:window_21,0,353414.0
2108.0,darpa_cadets:n14190,darpa_cadets:n11,type_0,type_1,rel_6,1,1,0,1,train:window_21,1,353456.0
2109.0,darpa_cadets:n14206,darpa_cadets:n7,type_0,type_1,rel_9,1,1,0,1,train:window_21,1,353532.0
2110.0,darpa_cadets:n14424,darpa_cadets:n108,type_0,type_1,rel_6,0,0,0,0,train:window_21,0,353884.0
2111.0,darpa_cadets:n14552,darpa_cadets:n11,type_0,type_1,rel_6,1,1,0,1,train:window_21,1,354096.0
2112.0,darpa_cadets:n14552,darpa_cadets:n14552,type_0,type_0,rel_7,0,0,0,0,train:window_21,0,354097.0
2113.0,darpa_cadets:n14678,darpa_cadets:n8,type_0,type_1,rel_6,1,1,0,1,train:window_21,1,354153.0
2114.0,darpa_cadets:n14814,darpa_cadets:n49,type_0,type_1,rel_6,1,1,0,1,train:window_21,1,354285.0
2115.0,darpa_cadets:n14828,darpa_cadets:n10,type_0,type_1,rel_6,1,1,0,1,train:window_21,1,354364.0
2116.0,darpa_cadets:n15098,darpa_cadets:n277,type_0,type_1,rel_6,0,0,0,0,train:window_21,0,354594.0
2117.0,darpa_cadets:n15243,darpa_cadets:n358,type_0,type_1,rel_6,0,0,0,0,train:window_21,0,354734.0
2118.0,darpa_cadets:n15243,darpa_cadets:n15263,type_0,type_2,rel_1,0,0,0,0,train:window_21,0,354772.0
2119.0,darpa_cadets:n15267,darpa_cadets:n9,type_0,type_1,rel_6,0,0,0,0,train:window_21,0,354814.0
2120.0,darpa_cadets:n15274,darpa_cadets:n11283,type_0,type_1,rel_6,0,0,0,0,train:window_21,0,354864.0
2121.0,darpa_cadets:n15296,darpa_cadets:n285,type_0,type_1,rel_6,0,0,0,0,train:window_21,0,354986.0
2122.0,darpa_cadets:n15296,darpa_cadets:n8,type_0,type_1,rel_6,1,1,0,1,train:window_21,1,354989.0
2123.0,darpa_cadets:n15429,darpa_cadets:n10,type_0,type_1,rel_6,1,1,0,1,train:window_21,1,355088.0
2124.0,darpa_cadets:n15434,darpa_cadets:n10,type_0,type_1,rel_6,1,1,0,1,train:window_21,1,355118.0
2125.0,darpa_cadets:n15530,darpa_cadets:n376,type_0,type_1,rel_6,0,0,0,0,train:window_21,0,355232.0
2126.0,darpa_cadets:n15559,darpa_cadets:n10,type_0,type_1,rel_6,1,1,0,1,train:window_21,1,355331.0
2127.0,darpa_cadets:n15623,darpa_cadets:n341,type_0,type_1,rel_6,0,0,0,0,train:window_21,0,355483.0
2128.0,darpa_cadets:n15623,darpa_cadets:n207,type_0,type_1,rel_6,0,0,0,0,train:window_21,0,355522.0
2129.0,darpa_cadets:n15769,darpa_cadets:n48,type_0,type_1,rel_6,0,0,0,0,train:window_21,0,355681.0
2130.0,darpa_cadets:n15892,darpa_cadets:n15892,type_0,type_0,rel_13,0,0,0,0,train:window_21,0,355792.0
2131.0,darpa_cadets:n15925,darpa_cadets:n49,type_0,type_1,rel_6,1,1,0,1,train:window_21,1,355956.0
2132.0,darpa_cadets:n16083,darpa_cadets:n12,type_0,type_1,rel_6,0,0,0,0,train:window_21,0,356113.0
2133.0,darpa_cadets:n16223,darpa_cadets:n20,type_0,type_1,rel_6,0,0,0,0,train:window_21,0,356282.0
2134.0,darpa_cadets:n16348,darpa_cadets:n10,type_0,type_1,rel_6,1,1,0,1,train:window_21,1,356336.0
2135.0,darpa_cadets:n16604,darpa_cadets:n9,type_0,type_1,rel_6,0,0,0,0,train:window_21,0,356615.0
2136.0,darpa_cadets:n16797,darpa_cadets:n5,type_0,type_1,rel_0,0,0,0,0,train:window_21,0,356880.0
2137.0,darpa_cadets:n16808,darpa_cadets:n22,type_0,type_1,rel_6,0,0,0,0,train:window_21,0,356940.0
2138.0,darpa_cadets:n17092,darpa_cadets:n64,type_0,type_1,rel_6,0,0,0,0,train:window_21,0,357272.0
2139.0,darpa_cadets:n17247,darpa_cadets:n5,type_0,type_1,rel_0,0,0,0,0,train:window_21,0,357487.0
2140.0,darpa_cadets:n17255,darpa_cadets:n17257,type_3,type_0,rel_5,0,0,0,0,train:window_21,0,357533.0
2141.0,darpa_cadets:n17272,darpa_cadets:n12,type_0,type_1,rel_6,0,0,0,0,train:window_21,0,357674.0
2142.0,darpa_cadets:n17331,darpa_cadets:n17338,type_0,type_0,rel_8,0,0,0,0,train:window_21,0,357898.0
2143.0,darpa_cadets:n17339,darpa_cadets:n17339,type_0,type_0,rel_11,0,0,0,0,train:window_21,0,357914.0
2144.0,darpa_cadets:n17368,darpa_cadets:n1235,type_0,type_1,rel_6,0,0,0,0,train:window_21,0,358059.0
2145.0,darpa_cadets:n17397,darpa_cadets:n1346,type_0,type_1,rel_6,0,0,0,0,train:window_21,0,358285.0
2146.0,darpa_cadets:n17413,darpa_cadets:n181,type_0,type_1,rel_6,1,1,0,1,train:window_21,1,358315.0
2147.0,darpa_cadets:n17659,darpa_cadets:n8,type_0,type_1,rel_6,1,1,0,1,train:window_21,1,358745.0
2148.0,darpa_cadets:n17959,darpa_cadets:n65,type_0,type_1,rel_6,0,0,0,0,train:window_21,0,359083.0
2149.0,darpa_cadets:n18212,darpa_cadets:n18,type_0,type_1,rel_6,0,0,0,0,train:window_21,0,359235.0
2150.0,darpa_cadets:n18231,darpa_cadets:n31,type_0,type_1,rel_9,0,0,0,0,train:window_21,0,359341.0
2151.0,darpa_cadets:n18365,darpa_cadets:n10,type_0,type_1,rel_6,1,1,0,1,train:window_21,1,359614.0
2152.0,darpa_cadets:n18514,darpa_cadets:n18516,type_3,type_0,rel_5,0,0,0,0,train:window_21,0,360148.0
2153.0,darpa_cadets:n18521,darpa_cadets:n18518,type_0,type_3,rel_4,0,0,0,0,train:window_21,0,360180.0
2154.0,darpa_cadets:n18822,darpa_cadets:n181,type_0,type_1,rel_6,1,1,0,1,train:window_21,1,360518.0
2155.0,darpa_cadets:n19087,darpa_cadets:n48,type_0,type_1,rel_6,0,0,0,0,train:window_21,0,360749.0
2156.0,darpa_cadets:n19092,darpa_cadets:n13,type_0,type_1,rel_6,0,0,0,0,train:window_21,0,360781.0
2157.0,darpa_cadets:n19186,darpa_cadets:n108,type_0,type_1,rel_6,0,0,0,0,train:window_21,0,360851.0
2158.0,darpa_cadets:n19235,darpa_cadets:n5,type_0,type_1,rel_0,0,0,0,0,train:window_21,0,360945.0
2159.0,darpa_cadets:n19528,darpa_cadets:n7,type_0,type_1,rel_9,1,1,0,1,train:window_21,1,361241.0
2160.0,darpa_cadets:n19792,darpa_cadets:n9,type_0,type_1,rel_6,0,0,0,0,train:window_21,0,361454.0
2161.0,darpa_cadets:n20150,darpa_cadets:n22,type_0,type_1,rel_6,0,0,0,0,train:window_21,0,361789.0
2162.0,darpa_cadets:n20183,darpa_cadets:n10,type_0,type_1,rel_6,1,1,0,1,train:window_21,1,361894.0
2163.0,darpa_cadets:n20461,darpa_cadets:n12,type_0,type_1,rel_6,0,0,0,0,train:window_21,0,362279.0
2164.0,darpa_cadets:n20490,darpa_cadets:n1228,type_0,type_1,rel_6,0,0,0,0,train:window_21,0,362445.0
2165.0,darpa_cadets:n20490,darpa_cadets:n1235,type_0,type_1,rel_6,0,0,0,0,train:window_21,0,362453.0
2166.0,darpa_cadets:n20498,darpa_cadets:n20530,type_0,type_2,rel_3,0,0,0,0,train:window_21,0,362568.0
2167.0,darpa_cadets:n20519,darpa_cadets:n20490,type_2,type_0,rel_5,0,0,0,0,train:window_21,0,362594.0
2168.0,darpa_cadets:n20530,darpa_cadets:n20498,type_2,type_0,rel_5,0,0,0,0,train:window_21,0,362658.0
2169.0,darpa_cadets:n20826,darpa_cadets:n925,type_2,type_0,rel_5,0,0,0,0,train:window_21,0,363193.0
2170.0,darpa_cadets:n20927,darpa_cadets:n1432,type_0,type_1,rel_0,0,0,0,0,train:window_21,0,363321.0
2171.0,darpa_cadets:n21156,darpa_cadets:n285,type_0,type_1,rel_6,0,0,0,0,train:window_21,0,363530.0
2172.0,darpa_cadets:n21157,darpa_cadets:n11,type_0,type_1,rel_6,1,1,0,1,train:window_21,1,363544.0
2173.0,darpa_cadets:n21161,darpa_cadets:n21,type_0,type_1,rel_6,0,0,0,0,train:window_21,0,363569.0
2174.0,darpa_cadets:n21280,darpa_cadets:n21280,type_0,type_0,rel_7,0,0,0,0,train:window_21,0,363602.0
2175.0,darpa_cadets:n21816,darpa_cadets:n22,type_0,type_1,rel_6,0,0,0,0,train:window_21,0,364361.0
2176.0,darpa_cadets:n21901,darpa_cadets:n21901,type_0,type_0,rel_11,0,0,0,0,train:window_21,0,364473.0
2177.0,darpa_cadets:n22198,darpa_cadets:n19,type_0,type_1,rel_6,0,0,0,0,train:window_21,0,364905.0
2178.0,darpa_cadets:n22340,darpa_cadets:n7,type_0,type_1,rel_9,1,1,0,1,train:window_21,1,365066.0
2179.0,darpa_cadets:n22347,darpa_cadets:n5,type_0,type_1,rel_0,0,0,0,0,train:window_21,0,365113.0
2180.0,darpa_cadets:n22490,darpa_cadets:n12,type_0,type_1,rel_6,0,0,0,0,train:window_21,0,365186.0
2181.0,darpa_cadets:n22621,darpa_cadets:n272,type_0,type_1,rel_6,0,0,0,0,train:window_21,0,365280.0
2182.0,darpa_cadets:n22626,darpa_cadets:n23,type_0,type_1,rel_6,0,0,0,0,train:window_21,0,365309.0
2183.0,darpa_cadets:n22633,darpa_cadets:n22632,type_4,type_0,rel_16,0,0,0,0,train:window_21,0,365365.0
2184.0,darpa_cadets:n22755,darpa_cadets:n11,type_0,type_1,rel_6,1,1,0,1,train:window_21,1,365411.0
2185.0,darpa_cadets:n22770,darpa_cadets:n8,type_0,type_1,rel_6,1,1,0,1,train:window_21,1,365495.0
2186.0,darpa_cadets:n22891,darpa_cadets:n22891,type_0,type_0,rel_7,0,0,0,0,train:window_21,0,365538.0
2187.0,darpa_cadets:n23194,darpa_cadets:n64,type_0,type_1,rel_6,0,0,0,0,train:window_21,0,365894.0
2188.0,darpa_cadets:n23330,darpa_cadets:n19,type_0,type_1,rel_6,0,0,0,0,train:window_21,0,366010.0
2189.0,darpa_cadets:n23455,darpa_cadets:n7,type_0,type_1,rel_9,1,1,0,1,train:window_21,1,366066.0
2190.0,darpa_cadets:n23455,darpa_cadets:n8,type_0,type_1,rel_6,1,1,0,1,train:window_21,1,366067.0
2191.0,darpa_cadets:n23678,darpa_cadets:n759,type_0,type_5,rel_11,0,0,0,0,train:window_21,0,366435.0
2192.0,darpa_cadets:n23777,darpa_cadets:n21,type_0,type_1,rel_6,0,0,0,0,train:window_21,0,366658.0
2193.0,darpa_cadets:n24040,darpa_cadets:n24279,type_0,type_0,rel_8,0,0,0,0,train:window_21,0,366856.0
2194.0,darpa_cadets:n24202,darpa_cadets:n1232,type_0,type_1,rel_6,0,0,0,0,train:window_21,0,367265.0
2195.0,darpa_cadets:n24231,darpa_cadets:n1242,type_0,type_1,rel_6,0,0,0,0,train:window_21,0,367449.0
2196.0,darpa_cadets:n24372,darpa_cadets:n22,type_0,type_1,rel_6,0,0,0,0,train:window_21,0,367703.0
2197.0,darpa_cadets:n24479,darpa_cadets:n7,type_0,type_1,rel_9,1,1,0,1,train:window_21,1,367829.0
2198.0,darpa_cadets:n24764,darpa_cadets:n24764,type_0,type_0,rel_7,0,0,0,0,train:window_21,0,368064.0
2199.0,darpa_cadets:n24905,darpa_cadets:n23,type_0,type_1,rel_6,0,0,0,0,train:window_21,0,368224.0
2200.0,darpa_cadets:n24935,darpa_cadets:n8,type_0,type_1,rel_6,1,1,0,1,train:window_21,1,368247.0
2201.0,darpa_cadets:n25174,darpa_cadets:n287,type_0,type_1,rel_6,0,0,0,0,train:window_22,0,368446.0
2202.0,darpa_cadets:n25408,darpa_cadets:n22,type_0,type_1,rel_6,0,0,0,0,train:window_22,0,369069.0
2203.0,darpa_cadets:n25427,darpa_cadets:n925,type_2,type_0,rel_5,0,0,0,0,train:window_22,0,369170.0
2204.0,darpa_cadets:n25585,darpa_cadets:n9,type_0,type_1,rel_6,0,0,0,0,train:window_22,0,369344.0
2205.0,darpa_cadets:n25859,darpa_cadets:n23,type_0,type_1,rel_6,0,0,0,0,train:window_22,0,369601.0
2206.0,darpa_cadets:n26060,darpa_cadets:n752,type_0,type_1,rel_0,0,0,0,0,train:window_22,0,369907.0
2207.0,darpa_cadets:n26123,darpa_cadets:n1056,type_0,type_1,rel_0,0,0,0,0,train:window_22,0,370129.0
2208.0,darpa_cadets:n26123,darpa_cadets:n12,type_0,type_1,rel_6,0,0,0,0,train:window_22,0,370147.0
2209.0,darpa_cadets:n26267,darpa_cadets:n22,type_0,type_1,rel_6,0,0,0,0,train:window_22,0,370619.0
2210.0,darpa_cadets:n26383,darpa_cadets:n13645,type_2,type_0,rel_5,0,0,0,0,train:window_22,0,370787.0
2211.0,darpa_cadets:n26449,darpa_cadets:n7,type_0,type_1,rel_9,1,1,0,1,train:window_22,1,370830.0
2212.0,darpa_cadets:n26623,darpa_cadets:n129,type_3,type_0,rel_5,0,0,0,0,train:window_22,0,371081.0
2213.0,darpa_cadets:n26729,darpa_cadets:n1057,type_0,type_1,rel_9,0,0,0,0,train:window_22,0,371305.0
2214.0,darpa_cadets:n26770,darpa_cadets:n342,type_0,type_1,rel_6,1,1,0,1,train:window_22,1,371365.0
2215.0,darpa_cadets:n26800,darpa_cadets:n26801,type_0,type_0,rel_8,0,0,0,0,train:window_22,0,371474.0
2216.0,darpa_cadets:n26800,darpa_cadets:n26802,type_0,type_0,rel_8,0,0,0,0,train:window_22,0,371475.0
2217.0,darpa_cadets:n26870,darpa_cadets:n342,type_0,type_1,rel_6,1,1,0,1,train:window_22,1,371771.0
2218.0,darpa_cadets:n26889,darpa_cadets:n181,type_0,type_1,rel_6,1,1,0,1,train:window_22,1,371859.0
2219.0,darpa_cadets:n26902,darpa_cadets:n114,type_0,type_1,rel_6,0,0,0,0,train:window_22,0,371977.0
2220.0,darpa_cadets:n26926,darpa_cadets:n293,type_0,type_1,rel_6,0,0,0,0,train:window_22,0,372113.0
2221.0,darpa_cadets:n27099,darpa_cadets:n19,type_0,type_1,rel_6,0,0,0,0,train:window_22,0,372469.0
2222.0,darpa_cadets:n27101,darpa_cadets:n7,type_0,type_1,rel_9,1,1,0,1,train:window_22,1,372486.0
2223.0,darpa_cadets:n27130,darpa_cadets:n10,type_0,type_1,rel_6,1,1,0,1,train:window_22,1,372567.0
2224.0,darpa_cadets:n27130,darpa_cadets:n27112,type_0,type_1,rel_6,0,0,0,0,train:window_22,0,372593.0
2225.0,darpa_cadets:n27192,darpa_cadets:n129,type_3,type_0,rel_5,0,0,0,0,train:window_22,0,372708.0
2226.0,darpa_cadets:n27195,darpa_cadets:n7,type_0,type_1,rel_9,1,1,0,1,train:window_22,1,372714.0
2227.0,darpa_cadets:n27195,darpa_cadets:n27192,type_0,type_3,rel_4,0,0,0,0,train:window_22,0,372724.0
2228.0,darpa_cadets:n27236,darpa_cadets:n1064,type_0,type_1,rel_6,0,0,0,0,train:window_22,0,372887.0
2229.0,darpa_cadets:n27377,darpa_cadets:n342,type_0,type_1,rel_6,1,1,0,1,train:window_22,1,373034.0
2230.0,darpa_cadets:n27591,darpa_cadets:n11,type_0,type_1,rel_6,1,1,0,1,train:window_22,1,373322.0
2231.0,darpa_cadets:n27729,darpa_cadets:n27724,type_3,type_0,rel_5,0,0,0,0,train:window_22,0,373475.0
2232.0,darpa_cadets:n27775,darpa_cadets:n27780,type_0,type_1,rel_6,0,0,0,0,train:window_22,0,373717.0
2233.0,darpa_cadets:n27862,darpa_cadets:n1232,type_0,type_1,rel_6,0,0,0,0,train:window_22,0,373734.0
2234.0,darpa_cadets:n27862,darpa_cadets:n1235,type_0,type_1,rel_6,0,0,0,0,train:window_22,0,373740.0
2235.0,darpa_cadets:n27908,darpa_cadets:n27931,type_0,type_1,rel_6,0,0,0,0,train:window_22,0,374025.0
2236.0,darpa_cadets:n28010,darpa_cadets:n8,type_0,type_1,rel_6,1,1,0,1,train:window_22,1,374289.0
2237.0,darpa_cadets:n28075,darpa_cadets:n28076,type_0,type_0,rel_8,0,0,0,0,train:window_22,0,374401.0
2238.0,darpa_cadets:n28122,darpa_cadets:n28123,type_0,type_2,rel_2,0,0,0,0,train:window_22,0,374458.0
2239.0,darpa_cadets:n28127,darpa_cadets:n1060,type_0,type_1,rel_6,0,0,0,0,train:window_22,0,374495.0
2240.0,darpa_cadets:n28185,darpa_cadets:n28185,type_0,type_0,rel_7,0,0,0,0,train:window_22,0,374652.0
2241.0,darpa_cadets:n28195,darpa_cadets:n11,type_0,type_1,rel_6,1,1,0,1,train:window_22,1,374712.0
2242.0,darpa_cadets:n28382,darpa_cadets:n28382,type_0,type_0,rel_7,0,0,0,0,train:window_22,0,375025.0
2243.0,darpa_cadets:n28417,darpa_cadets:n28418,type_0,type_0,rel_8,0,0,0,0,train:window_22,0,375110.0
2244.0,darpa_cadets:n28477,darpa_cadets:n12,type_0,type_1,rel_6,0,0,0,0,train:window_22,0,375182.0
2245.0,darpa_cadets:n28493,darpa_cadets:n1232,type_0,type_1,rel_6,0,0,0,0,train:window_22,0,375357.0
2246.0,darpa_cadets:n28566,darpa_cadets:n108,type_0,type_1,rel_6,0,0,0,0,train:window_22,0,375697.0
2247.0,darpa_cadets:n28687,darpa_cadets:n7,type_0,type_1,rel_9,1,1,0,1,train:window_22,1,376020.0
2248.0,darpa_cadets:n28707,darpa_cadets:n1077,type_0,type_1,rel_9,0,0,0,0,train:window_22,0,376101.0
2249.0,darpa_cadets:n28729,darpa_cadets:n1227,type_0,type_1,rel_9,0,0,0,0,train:window_22,0,376113.0
2250.0,darpa_cadets:n28822,darpa_cadets:n1057,type_0,type_1,rel_9,0,0,0,0,train:window_22,0,376409.0
2251.0,darpa_cadets:n29459,darpa_cadets:n7,type_0,type_1,rel_9,1,1,0,1,train:window_22,1,377125.0
2252.0,darpa_cadets:n29598,darpa_cadets:n28729,type_4,type_0,rel_16,0,0,0,0,train:window_22,0,377202.0
2253.0,darpa_cadets:n29643,darpa_cadets:n7,type_0,type_1,rel_9,1,1,0,1,train:window_22,1,377295.0
2254.0,darpa_cadets:n30398,darpa_cadets:n270,type_0,type_1,rel_9,0,0,0,0,train:window_22,0,378073.0
2255.0,darpa_cadets:n30415,darpa_cadets:n14,type_0,type_1,rel_4,0,0,0,0,train:window_22,0,378186.0
2256.0,darpa_cadets:n30437,darpa_cadets:n11456,type_0,type_1,rel_9,0,0,0,0,train:window_22,0,378243.0
2257.0,darpa_cadets:n30566,darpa_cadets:n30567,type_0,type_4,rel_2,0,0,0,0,train:window_22,0,378432.0
2258.0,darpa_cadets:n30631,darpa_cadets:n357,type_0,type_1,rel_6,0,0,0,0,train:window_22,0,378483.0
2259.0,darpa_cadets:n30676,darpa_cadets:n10,type_0,type_1,rel_6,1,1,0,1,train:window_22,1,378651.0
2260.0,darpa_cadets:n30902,darpa_cadets:n19,type_0,type_1,rel_0,0,0,0,0,train:window_22,0,378953.0
2261.0,darpa_cadets:n31038,darpa_cadets:n17,type_0,type_1,rel_6,0,0,0,0,train:window_22,0,379088.0
2262.0,darpa_cadets:n31459,darpa_cadets:n10,type_0,type_1,rel_6,1,1,0,1,train:window_22,1,379468.0
2263.0,darpa_cadets:n31459,darpa_cadets:n20,type_0,type_1,rel_6,0,0,0,0,train:window_22,0,379473.0
2264.0,darpa_cadets:n31521,darpa_cadets:n31522,type_0,type_2,rel_2,0,0,0,0,train:window_22,0,379517.0
2265.0,darpa_cadets:n31642,darpa_cadets:n11,type_0,type_1,rel_6,1,1,0,1,train:window_22,1,379841.0
2266.0,darpa_cadets:n31780,darpa_cadets:n48,type_0,type_1,rel_6,0,0,0,0,train:window_22,0,379981.0
2267.0,darpa_cadets:n31935,darpa_cadets:n49,type_0,type_1,rel_6,1,1,0,1,train:window_22,1,380117.0
2268.0,darpa_cadets:n32086,darpa_cadets:n65,type_0,type_1,rel_6,0,0,0,0,train:window_22,0,380345.0
2269.0,darpa_cadets:n32101,darpa_cadets:n1653,type_0,type_1,rel_9,0,0,0,0,train:window_22,0,380445.0
2270.0,darpa_cadets:n32231,darpa_cadets:n271,type_0,type_1,rel_6,0,0,0,0,train:window_22,0,380527.0
2271.0,darpa_cadets:n32269,darpa_cadets:n32269,type_0,type_0,rel_7,0,0,0,0,train:window_22,0,380721.0
2272.0,darpa_cadets:n32275,darpa_cadets:n32276,type_0,type_0,rel_8,0,0,0,0,train:window_22,0,380751.0
2273.0,darpa_cadets:n32277,darpa_cadets:n0,type_0,type_1,rel_4,0,0,0,0,train:window_22,0,380773.0
2274.0,darpa_cadets:n32409,darpa_cadets:n32409,type_0,type_0,rel_7,0,0,0,0,train:window_22,0,380879.0
2275.0,darpa_cadets:n32692,darpa_cadets:n17,type_0,type_1,rel_6,0,0,0,0,train:window_22,0,381105.0
2276.0,darpa_cadets:n32834,darpa_cadets:n9,type_0,type_1,rel_6,0,0,0,0,train:window_22,0,381273.0
2277.0,darpa_cadets:n32838,darpa_cadets:n10,type_0,type_1,rel_6,1,1,0,1,train:window_22,1,381290.0
2278.0,darpa_cadets:n32965,darpa_cadets:n10,type_0,type_1,rel_6,1,1,0,1,train:window_22,1,381370.0
2279.0,darpa_cadets:n33026,darpa_cadets:n33042,type_0,type_2,rel_2,0,0,0,0,train:window_22,0,381519.0
2280.0,darpa_cadets:n33134,darpa_cadets:n762,type_0,type_1,rel_9,0,0,0,0,train:window_22,0,381669.0
2281.0,darpa_cadets:n33149,darpa_cadets:n21,type_0,type_1,rel_6,0,0,0,0,train:window_22,0,381757.0
2282.0,darpa_cadets:n33149,darpa_cadets:n22,type_0,type_1,rel_6,0,0,0,0,train:window_22,0,381758.0
2283.0,darpa_cadets:n33300,darpa_cadets:n14,type_0,type_1,rel_4,0,0,0,0,train:window_22,0,381891.0
2284.0,darpa_cadets:n33863,darpa_cadets:n33863,type_0,type_0,rel_7,0,0,0,0,train:window_22,0,382512.0
2285.0,darpa_cadets:n34187,darpa_cadets:n34191,type_0,type_2,rel_1,0,0,0,0,train:window_22,0,382974.0
2286.0,darpa_cadets:n34331,darpa_cadets:n272,type_0,type_1,rel_6,0,0,0,0,train:window_22,0,383146.0
2287.0,darpa_cadets:n34484,darpa_cadets:n8,type_0,type_1,rel_6,1,1,0,1,train:window_22,1,383329.0
2288.0,darpa_cadets:n34766,darpa_cadets:n5,type_0,type_1,rel_0,0,0,0,0,train:window_22,0,383558.0
2289.0,darpa_cadets:n35045,darpa_cadets:n35045,type_0,type_0,rel_7,0,0,0,0,train:window_22,0,383856.0
2290.0,darpa_cadets:n35049,darpa_cadets:n19,type_0,type_1,rel_6,0,0,0,0,train:window_22,0,383872.0
2291.0,darpa_cadets:n35050,darpa_cadets:n9,type_0,type_1,rel_6,0,0,0,0,train:window_22,0,383883.0
2292.0,darpa_cadets:n35178,darpa_cadets:n5,type_0,type_1,rel_0,0,0,0,0,train:window_22,0,383960.0
2293.0,darpa_cadets:n35299,darpa_cadets:n1645,type_0,type_1,rel_6,0,0,0,0,train:window_22,0,384092.0
2294.0,darpa_cadets:n35363,darpa_cadets:n8,type_0,type_1,rel_6,1,1,0,1,train:window_22,1,384411.0
2295.0,darpa_cadets:n35505,darpa_cadets:n9,type_0,type_1,rel_6,0,0,0,0,train:window_22,0,384476.0
2296.0,darpa_cadets:n35673,darpa_cadets:n10,type_0,type_1,rel_6,1,1,0,1,train:window_22,1,384787.0
2297.0,darpa_cadets:n36073,darpa_cadets:n10,type_0,type_1,rel_6,1,1,0,1,train:window_22,1,385184.0
2298.0,darpa_cadets:n36109,darpa_cadets:n36109,type_0,type_0,rel_7,0,0,0,0,train:window_22,0,385276.0
2299.0,darpa_cadets:n36414,darpa_cadets:n10,type_0,type_1,rel_6,1,1,0,1,train:window_22,1,385590.0
2300.0,darpa_cadets:n36414,darpa_cadets:n11,type_0,type_1,rel_6,1,1,0,1,train:window_22,1,385592.0
2301.0,darpa_cadets:n36418,darpa_cadets:n49,type_0,type_1,rel_6,1,1,0,1,train:window_23,1,385612.0
2302.0,darpa_cadets:n36423,darpa_cadets:n19,type_0,type_1,rel_6,0,0,0,0,train:window_23,0,385640.0
2303.0,darpa_cadets:n36534,darpa_cadets:n10,type_0,type_1,rel_6,1,1,0,1,train:window_23,1,385718.0
2304.0,darpa_cadets:n36534,darpa_cadets:n36541,type_0,type_4,rel_2,0,0,0,0,train:window_23,0,385755.0
2305.0,darpa_cadets:n36534,darpa_cadets:n36552,type_0,type_2,rel_1,0,0,0,0,train:window_23,0,385771.0
2306.0,darpa_cadets:n36596,darpa_cadets:n11,type_0,type_1,rel_6,1,1,0,1,train:window_23,1,385956.0
2307.0,darpa_cadets:n36597,darpa_cadets:n1007,type_0,type_1,rel_6,0,0,0,0,train:window_23,0,385976.0
2308.0,darpa_cadets:n36724,darpa_cadets:n31,type_0,type_1,rel_9,0,0,0,0,train:window_23,0,386032.0
2309.0,darpa_cadets:n36734,darpa_cadets:n64,type_0,type_1,rel_6,0,0,0,0,train:window_23,0,386107.0
2310.0,darpa_cadets:n37011,darpa_cadets:n270,type_0,type_1,rel_9,0,0,0,0,train:window_23,0,386274.0
2311.0,darpa_cadets:n37020,darpa_cadets:n7,type_0,type_1,rel_9,1,1,0,1,train:window_23,1,386321.0
2312.0,darpa_cadets:n37026,darpa_cadets:n293,type_0,type_1,rel_6,0,0,0,0,train:window_23,0,386383.0
2313.0,darpa_cadets:n37300,darpa_cadets:n7,type_0,type_1,rel_9,1,1,0,1,train:window_23,1,386627.0
2314.0,darpa_cadets:n37420,darpa_cadets:n18,type_0,type_1,rel_6,0,0,0,0,train:window_23,0,386679.0
2315.0,darpa_cadets:n37740,darpa_cadets:n22,type_0,type_1,rel_6,0,0,0,0,train:window_23,0,387127.0
2316.0,darpa_cadets:n37742,darpa_cadets:n10,type_0,type_1,rel_6,1,1,0,1,train:window_23,1,387149.0
2317.0,darpa_cadets:n37874,darpa_cadets:n37874,type_0,type_0,rel_7,0,0,0,0,train:window_23,0,387260.0
2318.0,darpa_cadets:n37880,darpa_cadets:n10,type_0,type_1,rel_6,1,1,0,1,train:window_23,1,387295.0
2319.0,darpa_cadets:n38015,darpa_cadets:n8,type_0,type_1,rel_6,1,1,0,1,train:window_23,1,387407.0
2320.0,darpa_cadets:n38015,darpa_cadets:n13,type_0,type_1,rel_6,0,0,0,0,train:window_23,0,387412.0
2321.0,darpa_cadets:n38144,darpa_cadets:n8,type_0,type_1,rel_6,1,1,0,1,train:window_23,1,387496.0
2322.0,darpa_cadets:n38144,darpa_cadets:n38143,type_0,type_3,rel_4,0,0,0,0,train:window_23,0,387511.0
2323.0,darpa_cadets:n38287,darpa_cadets:n49,type_0,type_1,rel_6,1,1,0,1,train:window_23,1,387840.0
2324.0,darpa_cadets:n38620,darpa_cadets:n11,type_0,type_1,rel_6,1,1,0,1,train:window_23,1,388163.0
2325.0,darpa_cadets:n38906,darpa_cadets:n7,type_0,type_1,rel_9,1,1,0,1,train:window_23,1,388513.0
2326.0,darpa_cadets:n39071,darpa_cadets:n18,type_0,type_1,rel_6,0,0,0,0,train:window_23,0,388781.0
2327.0,darpa_cadets:n39659,darpa_cadets:n12,type_0,type_1,rel_6,0,0,0,0,train:window_23,0,389487.0
2328.0,darpa_cadets:n39956,darpa_cadets:n31,type_0,type_1,rel_9,0,0,0,0,train:window_23,0,389793.0
2329.0,darpa_cadets:n40088,darpa_cadets:n40088,type_0,type_0,rel_11,0,0,0,0,train:window_23,0,389906.0
2330.0,darpa_cadets:n40216,darpa_cadets:n8,type_0,type_1,rel_6,1,1,0,1,train:window_23,1,389971.0
2331.0,darpa_cadets:n40216,darpa_cadets:n271,type_0,type_1,rel_6,0,0,0,0,train:window_23,0,389973.0
2332.0,darpa_cadets:n40223,darpa_cadets:n10,type_0,type_1,rel_6,1,1,0,1,train:window_23,1,390025.0
2333.0,darpa_cadets:n40668,darpa_cadets:n7,type_0,type_1,rel_9,1,1,0,1,train:window_23,1,390522.0
2334.0,darpa_cadets:n40674,darpa_cadets:n40674,type_0,type_0,rel_7,0,0,0,0,train:window_23,0,390565.0
2335.0,darpa_cadets:n40786,darpa_cadets:n11454,type_0,type_1,rel_9,0,0,0,0,train:window_23,0,390807.0
2336.0,darpa_cadets:n40840,darpa_cadets:n10,type_0,type_1,rel_6,1,1,0,1,train:window_23,1,390848.0
2337.0,darpa_cadets:n40996,darpa_cadets:n11,type_0,type_1,rel_6,1,1,0,1,train:window_23,1,391112.0
2338.0,darpa_cadets:n41558,darpa_cadets:n8,type_0,type_1,rel_6,1,1,0,1,train:window_23,1,391634.0
2339.0,darpa_cadets:n41569,darpa_cadets:n16,type_0,type_1,rel_9,0,0,0,0,train:window_23,0,391703.0
2340.0,darpa_cadets:n41694,darpa_cadets:n272,type_0,type_1,rel_6,0,0,0,0,train:window_23,0,391764.0
2341.0,darpa_cadets:n41705,darpa_cadets:n9,type_0,type_1,rel_6,0,0,0,0,train:window_23,0,391832.0
2342.0,darpa_cadets:n41753,darpa_cadets:n41768,type_0,type_2,rel_2,0,0,0,0,train:window_23,0,391942.0
2343.0,darpa_cadets:n42016,darpa_cadets:n11,type_0,type_1,rel_6,1,1,0,1,train:window_23,1,392284.0
2344.0,darpa_cadets:n42439,darpa_cadets:n42439,type_0,type_0,rel_7,0,0,0,0,train:window_23,0,392664.0
2345.0,darpa_cadets:n42507,darpa_cadets:n1653,type_0,type_1,rel_9,0,0,0,0,train:window_23,0,392817.0
2346.0,darpa_cadets:n42647,darpa_cadets:n19,type_0,type_1,rel_0,0,0,0,0,train:window_23,0,392970.0
2347.0,darpa_cadets:n42647,darpa_cadets:n53,type_0,type_1,rel_6,0,0,0,0,train:window_23,0,392974.0
2348.0,darpa_cadets:n42881,darpa_cadets:n42881,type_0,type_0,rel_7,0,0,0,0,train:window_23,0,393182.0
2349.0,darpa_cadets:n43006,darpa_cadets:n10,type_0,type_1,rel_6,1,1,0,1,train:window_23,1,393253.0
2350.0,darpa_cadets:n43142,darpa_cadets:n11,type_0,type_1,rel_6,1,1,0,1,train:window_23,1,393381.0
2351.0,darpa_cadets:n43287,darpa_cadets:n22,type_0,type_1,rel_6,0,0,0,0,train:window_23,0,393553.0
2352.0,darpa_cadets:n43423,darpa_cadets:n9,type_0,type_1,rel_6,0,0,0,0,train:window_23,0,393682.0
2353.0,darpa_cadets:n43779,darpa_cadets:n368,type_0,type_1,rel_6,0,0,0,0,train:window_23,0,394137.0
2354.0,darpa_cadets:n43895,darpa_cadets:n21,type_0,type_1,rel_6,0,0,0,0,train:window_23,0,394321.0
2355.0,darpa_cadets:n44023,darpa_cadets:n19,type_0,type_1,rel_6,0,0,0,0,train:window_23,0,394401.0
2356.0,darpa_cadets:n44075,darpa_cadets:n49,type_0,type_1,rel_6,1,1,0,1,train:window_23,1,394527.0
2357.0,darpa_cadets:n44085,darpa_cadets:n39328,type_0,type_1,rel_18,0,0,0,0,train:window_23,0,394584.0
2358.0,darpa_cadets:n44172,darpa_cadets:n11,type_0,type_1,rel_6,1,1,0,1,train:window_23,1,394627.0
2359.0,darpa_cadets:n44181,darpa_cadets:n44180,type_0,type_3,rel_4,0,0,0,0,train:window_23,0,394679.0
2360.0,darpa_cadets:n44324,darpa_cadets:n5,type_0,type_1,rel_0,0,0,0,0,train:window_23,0,394756.0
2361.0,darpa_cadets:n44459,darpa_cadets:n271,type_0,type_1,rel_6,0,0,0,0,train:window_23,0,394873.0
2362.0,darpa_cadets:n44460,darpa_cadets:n10,type_0,type_1,rel_6,1,1,0,1,train:window_23,1,394887.0
2363.0,darpa_cadets:n44473,darpa_cadets:n9,type_0,type_1,rel_6,0,0,0,0,train:window_23,0,394955.0
2364.0,darpa_cadets:n44597,darpa_cadets:n49,type_0,type_1,rel_6,1,1,0,1,train:window_23,1,395026.0
2365.0,darpa_cadets:n44609,darpa_cadets:n14,type_0,type_1,rel_4,0,0,0,0,train:window_23,0,395086.0
2366.0,darpa_cadets:n44733,darpa_cadets:n10,type_0,type_1,rel_6,1,1,0,1,train:window_23,1,395153.0
2367.0,darpa_cadets:n44733,darpa_cadets:n18,type_0,type_1,rel_6,0,0,0,0,train:window_23,0,395154.0
2368.0,darpa_cadets:n44824,darpa_cadets:n44822,type_4,type_0,rel_16,0,0,0,0,train:window_23,0,395481.0
2369.0,darpa_cadets:n44837,darpa_cadets:n22,type_0,type_1,rel_6,0,0,0,0,train:window_23,0,395539.0
2370.0,darpa_cadets:n45034,darpa_cadets:n5695,type_0,type_5,rel_6,0,0,0,0,train:window_23,0,395855.0
2371.0,darpa_cadets:n45079,darpa_cadets:n10,type_0,type_1,rel_6,1,1,0,1,train:window_23,1,395868.0
2372.0,darpa_cadets:n45080,darpa_cadets:n9,type_0,type_1,rel_6,0,0,0,0,train:window_23,0,395876.0
2373.0,darpa_cadets:n45228,darpa_cadets:n8,type_0,type_1,rel_6,1,1,0,1,train:window_23,1,396081.0
2374.0,darpa_cadets:n45375,darpa_cadets:n217,type_0,type_1,rel_0,0,0,0,0,train:window_23,0,396223.0
2375.0,darpa_cadets:n45378,darpa_cadets:n45381,type_0,type_5,rel_1,0,0,0,0,train:window_23,0,396271.0
2376.0,darpa_cadets:n45383,darpa_cadets:n12,type_0,type_1,rel_6,0,0,0,0,train:window_23,0,396311.0
2377.0,darpa_cadets:n45402,darpa_cadets:n8,type_0,type_1,rel_6,1,1,0,1,train:window_23,1,396403.0
2378.0,darpa_cadets:n45540,darpa_cadets:n13,type_0,type_1,rel_6,0,0,0,0,train:window_23,0,396550.0
2379.0,darpa_cadets:n45827,darpa_cadets:n18,type_0,type_1,rel_6,0,0,0,0,train:window_23,0,396794.0
2380.0,darpa_cadets:n45969,darpa_cadets:n19,type_0,type_1,rel_6,0,0,0,0,train:window_23,0,396967.0
2381.0,darpa_cadets:n46373,darpa_cadets:n11,type_0,type_1,rel_6,1,1,0,1,train:window_23,1,397328.0
2382.0,darpa_cadets:n46378,darpa_cadets:n8,type_0,type_1,rel_6,1,1,0,1,train:window_23,1,397355.0
2383.0,darpa_cadets:n46387,darpa_cadets:n8,type_0,type_1,rel_6,1,1,0,1,train:window_23,1,397404.0
2384.0,darpa_cadets:n46418,darpa_cadets:n7,type_0,type_1,rel_9,1,1,0,1,train:window_23,1,397497.0
2385.0,darpa_cadets:n46856,darpa_cadets:n31,type_0,type_1,rel_9,0,0,0,0,train:window_23,0,398047.0
2386.0,darpa_cadets:n46868,darpa_cadets:n10,type_0,type_1,rel_6,1,1,0,1,train:window_23,1,398130.0
2387.0,darpa_cadets:n46985,darpa_cadets:n8,type_0,type_1,rel_6,1,1,0,1,train:window_23,1,398138.0
2388.0,darpa_cadets:n47157,darpa_cadets:n5,type_0,type_1,rel_0,0,0,0,0,train:window_23,0,398483.0
2389.0,darpa_cadets:n47439,darpa_cadets:n10,type_0,type_1,rel_6,1,1,0,1,train:window_23,1,398714.0
2390.0,darpa_cadets:n47854,darpa_cadets:n17,type_0,type_1,rel_6,0,0,0,0,train:window_23,0,399116.0
2391.0,darpa_cadets:n47997,darpa_cadets:n10,type_0,type_1,rel_6,1,1,0,1,train:window_23,1,399209.0
2392.0,darpa_cadets:n48025,darpa_cadets:n48032,type_0,type_0,rel_8,0,0,0,0,train:window_23,0,399346.0
2393.0,darpa_cadets:n48030,darpa_cadets:n9,type_0,type_1,rel_6,0,0,0,0,train:window_23,0,399372.0
2394.0,darpa_cadets:n48424,darpa_cadets:n10,type_0,type_1,rel_6,1,1,0,1,train:window_23,1,399732.0
2395.0,darpa_cadets:n48829,darpa_cadets:n48831,type_0,type_1,rel_0,0,0,0,0,train:window_23,0,400181.0
2396.0,darpa_cadets:n48901,darpa_cadets:n21,type_0,type_1,rel_6,0,0,0,0,train:window_23,0,400412.0
2397.0,darpa_cadets:n48903,darpa_cadets:n5,type_0,type_1,rel_0,0,0,0,0,train:window_23,0,400422.0
2398.0,darpa_cadets:n49021,darpa_cadets:n17,type_0,type_1,rel_6,0,0,0,0,train:window_23,0,400438.0
2399.0,darpa_cadets:n49030,darpa_cadets:n50,type_0,type_1,rel_6,0,0,0,0,train:window_23,0,400483.0
2400.0,darpa_cadets:n49326,darpa_cadets:n17,type_0,type_1,rel_6,0,0,0,0,train:window_23,0,400819.0
2401.0,darpa_cadets:n49511,darpa_cadets:n108,type_0,type_1,rel_6,0,0,0,0,train:window_24,0,401170.0
2402.0,darpa_cadets:n49827,darpa_cadets:n10,type_0,type_1,rel_6,1,1,0,1,train:window_24,1,401716.0
2403.0,darpa_cadets:n50265,darpa_cadets:n11,type_0,type_1,rel_6,1,1,0,1,train:window_24,1,402177.0
2404.0,darpa_cadets:n50692,darpa_cadets:n9,type_0,type_1,rel_6,0,0,0,0,train:window_24,0,402671.0
2405.0,darpa_cadets:n50717,darpa_cadets:n16,type_0,type_1,rel_9,0,0,0,0,train:window_24,0,402776.0
2406.0,darpa_cadets:n50866,darpa_cadets:n21,type_0,type_1,rel_6,0,0,0,0,train:window_24,0,402913.0
2407.0,darpa_cadets:n51293,darpa_cadets:n8,type_0,type_1,rel_6,1,1,0,1,train:window_24,1,403427.0
2408.0,darpa_cadets:n51703,darpa_cadets:n11,type_0,type_1,rel_6,1,1,0,1,train:window_24,1,403733.0
2409.0,darpa_cadets:n51707,darpa_cadets:n11,type_0,type_1,rel_6,1,1,0,1,train:window_24,1,403756.0
2410.0,darpa_cadets:n52000,darpa_cadets:n355,type_0,type_1,rel_6,0,0,0,0,train:window_24,0,404126.0
2411.0,darpa_cadets:n52133,darpa_cadets:n108,type_0,type_1,rel_6,0,0,0,0,train:window_24,0,404310.0
2412.0,darpa_cadets:n52157,darpa_cadets:n11,type_0,type_1,rel_6,1,1,0,1,train:window_24,1,404363.0
2413.0,darpa_cadets:n52477,darpa_cadets:n31,type_0,type_1,rel_9,0,0,0,0,train:window_24,0,404732.0
2414.0,darpa_cadets:n52737,darpa_cadets:n7,type_0,type_1,rel_9,1,1,0,1,train:window_24,1,404915.0
2415.0,darpa_cadets:n53043,darpa_cadets:n9,type_0,type_1,rel_6,0,0,0,0,train:window_24,0,405295.0
2416.0,darpa_cadets:n53182,darpa_cadets:n50,type_0,type_1,rel_6,0,0,0,0,train:window_24,0,405445.0
2417.0,darpa_cadets:n53443,darpa_cadets:n5,type_0,type_1,rel_0,0,0,0,0,train:window_24,0,405645.0
2418.0,darpa_cadets:n53554,darpa_cadets:n10,type_0,type_1,rel_6,1,1,0,1,train:window_24,1,405802.0
2419.0,darpa_cadets:n53566,darpa_cadets:n8,type_0,type_1,rel_6,1,1,0,1,train:window_24,1,405895.0
2420.0,darpa_cadets:n53651,darpa_cadets:n1056,type_0,type_1,rel_0,0,0,0,0,train:window_24,0,406123.0
2421.0,darpa_cadets:n53849,darpa_cadets:n9,type_0,type_1,rel_6,0,0,0,0,train:window_24,0,406484.0
2422.0,darpa_cadets:n53886,darpa_cadets:n53886,type_0,type_0,rel_13,0,0,0,0,train:window_24,0,406577.0
2423.0,darpa_cadets:n53996,darpa_cadets:n9,type_0,type_1,rel_6,0,0,0,0,train:window_24,0,406693.0
2424.0,darpa_cadets:n54010,darpa_cadets:n19,type_0,type_1,rel_6,0,0,0,0,train:window_24,0,406778.0
2425.0,darpa_cadets:n54153,darpa_cadets:n54154,type_0,type_0,rel_8,0,0,0,0,train:window_24,0,407029.0
2426.0,darpa_cadets:n54195,darpa_cadets:n181,type_0,type_1,rel_6,1,1,0,1,train:window_24,1,407166.0
2427.0,darpa_cadets:n54197,darpa_cadets:n7,type_0,type_1,rel_9,1,1,0,1,train:window_24,1,407191.0
2428.0,darpa_cadets:n54898,darpa_cadets:n7,type_0,type_1,rel_9,1,1,0,1,train:window_24,1,407812.0
2429.0,darpa_cadets:n55040,darpa_cadets:n286,type_0,type_1,rel_9,0,0,0,0,train:window_24,0,407981.0
2430.0,darpa_cadets:n55264,darpa_cadets:n55267,type_0,type_0,rel_8,0,0,0,0,train:window_24,0,408216.0
2431.0,darpa_cadets:n56633,darpa_cadets:n8,type_0,type_1,rel_6,1,1,0,1,train:window_24,1,409770.0
2432.0,darpa_cadets:n56633,darpa_cadets:n11,type_0,type_1,rel_6,1,1,0,1,train:window_24,1,409773.0
2433.0,darpa_cadets:n56638,darpa_cadets:n5,type_0,type_1,rel_0,0,0,0,0,train:window_24,0,409794.0
2434.0,darpa_cadets:n56783,darpa_cadets:n284,type_0,type_1,rel_9,0,0,0,0,train:window_24,0,409874.0
2435.0,darpa_cadets:n56784,darpa_cadets:n56784,type_0,type_0,rel_7,0,0,0,0,train:window_24,0,409901.0
2436.0,darpa_cadets:n56872,darpa_cadets:n10,type_0,type_1,rel_6,1,1,0,1,train:window_24,1,410067.0
2437.0,darpa_cadets:n56941,darpa_cadets:n50,type_0,type_1,rel_6,0,0,0,0,train:window_24,0,410143.0
2438.0,darpa_cadets:n56947,darpa_cadets:n22,type_0,type_1,rel_6,0,0,0,0,train:window_24,0,410199.0
2439.0,darpa_cadets:n57066,darpa_cadets:n18,type_0,type_1,rel_6,0,0,0,0,train:window_24,0,410229.0
2440.0,darpa_cadets:n57202,darpa_cadets:n9,type_0,type_1,rel_6,0,0,0,0,train:window_24,0,410348.0
2441.0,darpa_cadets:n57345,darpa_cadets:n49,type_0,type_1,rel_6,1,1,0,1,train:window_24,1,410528.0
2442.0,darpa_cadets:n57645,darpa_cadets:n5,type_0,type_1,rel_0,0,0,0,0,train:window_24,0,410843.0
2443.0,darpa_cadets:n58404,darpa_cadets:n7,type_0,type_1,rel_9,1,1,0,1,train:window_24,1,411837.0
2444.0,darpa_cadets:n58405,darpa_cadets:n10,type_0,type_1,rel_6,1,1,0,1,train:window_24,1,411854.0
2445.0,darpa_cadets:n58453,darpa_cadets:n53,type_0,type_1,rel_6,0,0,0,0,train:window_24,0,411948.0
2446.0,darpa_cadets:n58485,darpa_cadets:n8,type_0,type_1,rel_6,1,1,0,1,train:window_24,1,412042.0
2447.0,darpa_cadets:n58567,darpa_cadets:n11,type_0,type_1,rel_6,1,1,0,1,train:window_24,1,412134.0
2448.0,darpa_cadets:n58707,darpa_cadets:n16,type_0,type_1,rel_9,0,0,0,0,train:window_24,0,412298.0
2449.0,darpa_cadets:n59121,darpa_cadets:n7,type_0,type_1,rel_9,1,1,0,1,train:window_24,1,412624.0
2450.0,darpa_cadets:n59266,darpa_cadets:n7,type_0,type_1,rel_9,1,1,0,1,train:window_24,1,412803.0
2451.0,darpa_cadets:n59670,darpa_cadets:n181,type_0,type_1,rel_6,1,1,0,1,train:window_24,1,413323.0
2452.0,darpa_cadets:n59995,darpa_cadets:n10,type_0,type_1,rel_6,1,1,0,1,train:window_24,1,413730.0
2453.0,darpa_cadets:n59995,darpa_cadets:n59995,type_0,type_0,rel_7,0,0,0,0,train:window_24,0,413733.0
2454.0,darpa_cadets:n60154,darpa_cadets:n31,type_0,type_1,rel_9,0,0,0,0,train:window_24,0,414000.0
2455.0,darpa_cadets:n60293,darpa_cadets:n7,type_0,type_1,rel_9,1,1,0,1,train:window_24,1,414153.0
2456.0,darpa_cadets:n60298,darpa_cadets:n5,type_0,type_1,rel_0,0,0,0,0,train:window_24,0,414180.0
2457.0,darpa_cadets:n60301,darpa_cadets:n8,type_0,type_1,rel_6,1,1,0,1,train:window_24,1,414192.0
2458.0,darpa_cadets:n60862,darpa_cadets:n9,type_0,type_1,rel_6,0,0,0,0,train:window_24,0,414717.0
2459.0,darpa_cadets:n60953,darpa_cadets:n11285,type_0,type_1,rel_6,0,0,0,0,train:window_24,0,414946.0
2460.0,darpa_cadets:n61320,darpa_cadets:n270,type_0,type_1,rel_9,0,0,0,0,train:window_24,0,415256.0
2461.0,darpa_cadets:n61640,darpa_cadets:n753,type_0,type_1,rel_0,0,0,0,0,train:window_24,0,415655.0
2462.0,darpa_cadets:n61770,darpa_cadets:n10,type_0,type_1,rel_6,1,1,0,1,train:window_24,1,415919.0
2463.0,darpa_cadets:n61904,darpa_cadets:n270,type_0,type_1,rel_9,0,0,0,0,train:window_24,0,415926.0
2464.0,darpa_cadets:n62041,darpa_cadets:n10,type_0,type_1,rel_6,1,1,0,1,train:window_24,1,416070.0
2465.0,darpa_cadets:n62310,darpa_cadets:n269,type_0,type_1,rel_6,0,0,0,0,train:window_24,0,416303.0
2466.0,darpa_cadets:n62325,darpa_cadets:n23,type_0,type_1,rel_6,0,0,0,0,train:window_24,0,416411.0
2467.0,darpa_cadets:n62368,darpa_cadets:n9,type_0,type_1,rel_6,0,0,0,0,train:window_24,0,416561.0
2468.0,darpa_cadets:n62388,darpa_cadets:n62384,type_4,type_0,rel_16,0,0,0,0,train:window_24,0,416690.0
2469.0,darpa_cadets:n62494,darpa_cadets:n8,type_0,type_1,rel_6,1,1,0,1,train:window_24,1,416753.0
2470.0,darpa_cadets:n62566,darpa_cadets:n11,type_0,type_1,rel_6,1,1,0,1,train:window_24,1,417112.0
2471.0,darpa_cadets:n62578,darpa_cadets:n8,type_0,type_1,rel_6,1,1,0,1,train:window_24,1,417165.0
2472.0,darpa_cadets:n62624,darpa_cadets:n9,type_0,type_1,rel_6,0,0,0,0,train:window_24,0,417320.0
2473.0,darpa_cadets:n62724,darpa_cadets:n10,type_0,type_1,rel_6,1,1,0,1,train:window_24,1,417792.0
2474.0,darpa_cadets:n62734,darpa_cadets:n62733,type_1,type_0,rel_5,0,0,0,0,train:window_24,0,417867.0
2475.0,darpa_cadets:n62738,darpa_cadets:n186,type_0,type_1,rel_6,0,0,0,0,train:window_24,0,417882.0
2476.0,darpa_cadets:n62744,darpa_cadets:n62536,type_0,type_1,rel_6,0,0,0,0,train:window_24,0,417944.0
2477.0,darpa_cadets:n62747,darpa_cadets:n62750,type_0,type_3,rel_1,0,0,0,0,train:window_24,0,417955.0
2478.0,darpa_cadets:n62766,darpa_cadets:n359,type_0,type_5,rel_11,0,0,0,0,train:window_24,0,418039.0
2479.0,darpa_cadets:n62788,darpa_cadets:n62793,type_0,type_3,rel_1,0,0,0,0,train:window_24,0,418062.0
2480.0,darpa_cadets:n62790,darpa_cadets:n62798,type_0,type_4,rel_2,0,0,0,0,train:window_24,0,418086.0
2481.0,darpa_cadets:n62792,darpa_cadets:n11,type_0,type_1,rel_6,1,1,0,1,train:window_24,1,418102.0
2482.0,darpa_cadets:n62846,darpa_cadets:n62535,type_0,type_1,rel_0,0,0,0,0,train:window_24,0,418281.0
2483.0,darpa_cadets:n62860,darpa_cadets:n63087,type_0,type_1,rel_6,0,0,0,0,train:window_24,0,418596.0
2484.0,darpa_cadets:n62860,darpa_cadets:n63274,type_0,type_1,rel_6,0,0,0,0,train:window_24,0,418783.0
2485.0,darpa_cadets:n62860,darpa_cadets:n63363,type_0,type_1,rel_6,0,0,0,0,train:window_24,0,418872.0
2486.0,darpa_cadets:n62860,darpa_cadets:n63826,type_0,type_1,rel_6,0,0,0,0,train:window_24,0,419338.0
2487.0,darpa_cadets:n62860,darpa_cadets:n64241,type_0,type_1,rel_6,0,0,0,0,train:window_24,0,419751.0
2488.0,darpa_cadets:n62860,darpa_cadets:n64983,type_0,type_1,rel_6,0,0,0,0,train:window_24,0,420487.0
2489.0,darpa_cadets:n62860,darpa_cadets:n65610,type_0,type_1,rel_6,0,0,0,0,train:window_24,0,421108.0
2490.0,darpa_cadets:n62860,darpa_cadets:n65687,type_0,type_1,rel_6,0,0,0,0,train:window_24,0,421185.0
2491.0,darpa_cadets:n62860,darpa_cadets:n66035,type_0,type_1,rel_6,0,0,0,0,train:window_24,0,421529.0
2492.0,darpa_cadets:n62860,darpa_cadets:n66402,type_0,type_1,rel_6,0,0,0,0,train:window_24,0,421892.0
2493.0,darpa_cadets:n62860,darpa_cadets:n66766,type_0,type_1,rel_6,0,0,0,0,train:window_24,0,422257.0
2494.0,darpa_cadets:n62860,darpa_cadets:n66778,type_0,type_1,rel_6,0,0,0,0,train:window_24,0,422269.0
2495.0,darpa_cadets:n62860,darpa_cadets:n66960,type_0,type_1,rel_6,0,0,0,0,train:window_24,0,422449.0
2496.0,darpa_cadets:n62860,darpa_cadets:n67201,type_0,type_1,rel_6,0,0,0,0,train:window_24,0,422688.0
2497.0,darpa_cadets:n62860,darpa_cadets:n67350,type_0,type_1,rel_6,0,0,0,0,train:window_24,0,422836.0
2498.0,darpa_cadets:n62860,darpa_cadets:n67445,type_0,type_1,rel_6,0,0,0,0,train:window_24,0,422931.0
2499.0,darpa_cadets:n62860,darpa_cadets:n67717,type_0,type_1,rel_6,0,0,0,0,train:window_24,0,423199.0
2500.0,darpa_cadets:n62860,darpa_cadets:n67989,type_0,type_1,rel_6,0,0,0,0,train:window_24,0,423469.0
2501.0,darpa_cadets:n62860,darpa_cadets:n68134,type_0,type_1,rel_6,0,0,0,0,train:window_25,0,423612.0
2502.0,darpa_cadets:n62860,darpa_cadets:n68459,type_0,type_1,rel_6,0,0,0,0,train:window_25,0,423931.0
2503.0,darpa_cadets:n62860,darpa_cadets:n68591,type_0,type_1,rel_6,0,0,0,0,train:window_25,0,424055.0
2504.0,darpa_cadets:n62860,darpa_cadets:n68733,type_0,type_1,rel_6,0,0,0,0,train:window_25,0,424195.0
2505.0,darpa_cadets:n62860,darpa_cadets:n68875,type_0,type_1,rel_6,0,0,0,0,train:window_25,0,424333.0
2506.0,darpa_cadets:n62860,darpa_cadets:n69009,type_0,type_1,rel_6,0,0,0,0,train:window_25,0,424467.0
2507.0,darpa_cadets:n62860,darpa_cadets:n69018,type_0,type_1,rel_6,0,0,0,0,train:window_25,0,424476.0
2508.0,darpa_cadets:n62860,darpa_cadets:n69339,type_0,type_1,rel_6,0,0,0,0,train:window_25,0,424795.0
2509.0,darpa_cadets:n62860,darpa_cadets:n69358,type_0,type_1,rel_6,0,0,0,0,train:window_25,0,424814.0
2510.0,darpa_cadets:n62860,darpa_cadets:n69474,type_0,type_1,rel_6,0,0,0,0,train:window_25,0,424928.0
2511.0,darpa_cadets:n62860,darpa_cadets:n69588,type_0,type_1,rel_6,0,0,0,0,train:window_25,0,425042.0
2512.0,darpa_cadets:n62860,darpa_cadets:n69802,type_0,type_1,rel_6,0,0,0,0,train:window_25,0,425255.0
2513.0,darpa_cadets:n62860,darpa_cadets:n69806,type_0,type_1,rel_6,0,0,0,0,train:window_25,0,425259.0
2514.0,darpa_cadets:n62860,darpa_cadets:n69971,type_0,type_1,rel_6,0,0,0,0,train:window_25,0,425422.0
2515.0,darpa_cadets:n62860,darpa_cadets:n70040,type_0,type_1,rel_6,0,0,0,0,train:window_25,0,425491.0
2516.0,darpa_cadets:n62860,darpa_cadets:n70063,type_0,type_1,rel_6,0,0,0,0,train:window_25,0,425514.0
2517.0,darpa_cadets:n62860,darpa_cadets:n70065,type_0,type_1,rel_6,0,0,0,0,train:window_25,0,425516.0
2518.0,darpa_cadets:n62860,darpa_cadets:n70268,type_0,type_1,rel_6,0,0,0,0,train:window_25,0,425715.0
2519.0,darpa_cadets:n62860,darpa_cadets:n70796,type_0,type_1,rel_6,0,0,0,0,train:window_25,0,426231.0
2520.0,darpa_cadets:n62860,darpa_cadets:n70807,type_0,type_1,rel_6,0,0,0,0,train:window_25,0,426242.0
2521.0,darpa_cadets:n62860,darpa_cadets:n70890,type_0,type_1,rel_6,0,0,0,0,train:window_25,0,426325.0
2522.0,darpa_cadets:n62860,darpa_cadets:n71161,type_0,type_1,rel_6,0,0,0,0,train:window_25,0,426594.0
2523.0,darpa_cadets:n62860,darpa_cadets:n71317,type_0,type_1,rel_6,0,0,0,0,train:window_25,0,426750.0
2524.0,darpa_cadets:n62860,darpa_cadets:n71396,type_0,type_1,rel_6,0,0,0,0,train:window_25,0,426829.0
2525.0,darpa_cadets:n62860,darpa_cadets:n71469,type_0,type_1,rel_6,0,0,0,0,train:window_25,0,426902.0
2526.0,darpa_cadets:n62860,darpa_cadets:n71543,type_0,type_1,rel_6,0,0,0,0,train:window_25,0,426974.0
2527.0,darpa_cadets:n62860,darpa_cadets:n71629,type_0,type_1,rel_6,0,0,0,0,train:window_25,0,427060.0
2528.0,darpa_cadets:n62860,darpa_cadets:n71766,type_0,type_1,rel_6,0,0,0,0,train:window_25,0,427197.0
2529.0,darpa_cadets:n62860,darpa_cadets:n71828,type_0,type_1,rel_6,0,0,0,0,train:window_25,0,427259.0
2530.0,darpa_cadets:n62860,darpa_cadets:n72154,type_0,type_1,rel_6,0,0,0,0,train:window_25,0,427581.0
2531.0,darpa_cadets:n62860,darpa_cadets:n72524,type_0,type_1,rel_6,0,0,0,0,train:window_25,0,427943.0
2532.0,darpa_cadets:n62860,darpa_cadets:n72576,type_0,type_1,rel_6,0,0,0,0,train:window_25,0,427995.0
2533.0,darpa_cadets:n62860,darpa_cadets:n73251,type_0,type_1,rel_6,0,0,0,0,train:window_25,0,428656.0
2534.0,darpa_cadets:n62860,darpa_cadets:n73373,type_0,type_1,rel_6,0,0,0,0,train:window_25,0,428778.0
2535.0,darpa_cadets:n62860,darpa_cadets:n73384,type_0,type_1,rel_6,0,0,0,0,train:window_25,0,428789.0
2536.0,darpa_cadets:n62860,darpa_cadets:n73430,type_0,type_1,rel_6,0,0,0,0,train:window_25,0,428831.0
2537.0,darpa_cadets:n62860,darpa_cadets:n73790,type_0,type_1,rel_6,0,0,0,0,train:window_25,0,429189.0
2538.0,darpa_cadets:n62860,darpa_cadets:n73975,type_0,type_1,rel_6,0,0,0,0,train:window_25,0,429374.0
2539.0,darpa_cadets:n62860,darpa_cadets:n74129,type_0,type_1,rel_6,0,0,0,0,train:window_25,0,429526.0
2540.0,darpa_cadets:n62860,darpa_cadets:n74607,type_0,type_1,rel_6,0,0,0,0,train:window_25,0,430002.0
2541.0,darpa_cadets:n62860,darpa_cadets:n74786,type_0,type_1,rel_6,0,0,0,0,train:window_25,0,430181.0
2542.0,darpa_cadets:n62860,darpa_cadets:n75165,type_0,type_1,rel_6,0,0,0,0,train:window_25,0,430560.0
2543.0,darpa_cadets:n62860,darpa_cadets:n75192,type_0,type_1,rel_0,0,0,0,0,train:window_25,0,430587.0
2544.0,darpa_cadets:n62860,darpa_cadets:n75345,type_0,type_1,rel_6,0,0,0,0,train:window_25,0,430740.0
2545.0,darpa_cadets:n62860,darpa_cadets:n75989,type_0,type_1,rel_6,0,0,0,0,train:window_25,0,431380.0
2546.0,darpa_cadets:n62860,darpa_cadets:n76064,type_0,type_1,rel_6,0,0,0,0,train:window_25,0,431455.0
2547.0,darpa_cadets:n62860,darpa_cadets:n76275,type_0,type_1,rel_6,0,0,0,0,train:window_25,0,431664.0
2548.0,darpa_cadets:n62860,darpa_cadets:n76579,type_0,type_1,rel_6,0,0,0,0,train:window_25,0,431966.0
2549.0,darpa_cadets:n62860,darpa_cadets:n76632,type_0,type_1,rel_6,0,0,0,0,train:window_25,0,432019.0
2550.0,darpa_cadets:n62860,darpa_cadets:n76918,type_0,type_1,rel_6,0,0,0,0,train:window_25,0,432303.0
2551.0,darpa_cadets:n62860,darpa_cadets:n76984,type_0,type_1,rel_6,0,0,0,0,train:window_25,0,432369.0
2552.0,darpa_cadets:n62860,darpa_cadets:n77420,type_0,type_1,rel_6,0,0,0,0,train:window_25,0,432803.0
2553.0,darpa_cadets:n62860,darpa_cadets:n77616,type_0,type_1,rel_6,0,0,0,0,train:window_25,0,432997.0
2554.0,darpa_cadets:n62860,darpa_cadets:n78135,type_0,type_1,rel_6,0,0,0,0,train:window_25,0,433516.0
2555.0,darpa_cadets:n62860,darpa_cadets:n78569,type_0,type_1,rel_6,0,0,0,0,train:window_25,0,433931.0
2556.0,darpa_cadets:n62860,darpa_cadets:n78664,type_0,type_1,rel_6,0,0,0,0,train:window_25,0,434026.0
2557.0,darpa_cadets:n62860,darpa_cadets:n78670,type_0,type_1,rel_6,0,0,0,0,train:window_25,0,434032.0
2558.0,darpa_cadets:n62860,darpa_cadets:n78764,type_0,type_1,rel_6,0,0,0,0,train:window_25,0,434126.0
2559.0,darpa_cadets:n62860,darpa_cadets:n78781,type_0,type_1,rel_6,0,0,0,0,train:window_25,0,434141.0
2560.0,darpa_cadets:n62860,darpa_cadets:n78947,type_0,type_1,rel_6,0,0,0,0,train:window_25,0,434307.0
2561.0,darpa_cadets:n62860,darpa_cadets:n79048,type_0,type_1,rel_6,0,0,0,0,train:window_25,0,434408.0
2562.0,darpa_cadets:n62860,darpa_cadets:n79120,type_0,type_1,rel_6,0,0,0,0,train:window_25,0,434478.0
2563.0,darpa_cadets:n62860,darpa_cadets:n79414,type_0,type_1,rel_6,0,0,0,0,train:window_25,0,434770.0
2564.0,darpa_cadets:n62860,darpa_cadets:n79480,type_0,type_1,rel_6,0,0,0,0,train:window_25,0,434836.0
2565.0,darpa_cadets:n62860,darpa_cadets:n79850,type_0,type_1,rel_6,0,0,0,0,train:window_25,0,435204.0
2566.0,darpa_cadets:n62860,darpa_cadets:n79868,type_0,type_1,rel_6,0,0,0,0,train:window_25,0,435222.0
2567.0,darpa_cadets:n62860,darpa_cadets:n80073,type_0,type_1,rel_6,0,0,0,0,train:window_25,0,435425.0
2568.0,darpa_cadets:n62860,darpa_cadets:n80414,type_0,type_1,rel_6,0,0,0,0,train:window_25,0,435764.0
2569.0,darpa_cadets:n62860,darpa_cadets:n80445,type_0,type_1,rel_6,0,0,0,0,train:window_25,0,435795.0
2570.0,darpa_cadets:n62860,darpa_cadets:n80580,type_0,type_1,rel_6,0,0,0,0,train:window_25,0,435930.0
2571.0,darpa_cadets:n62860,darpa_cadets:n80587,type_0,type_1,rel_6,0,0,0,0,train:window_25,0,435937.0
2572.0,darpa_cadets:n62860,darpa_cadets:n80838,type_0,type_1,rel_6,0,0,0,0,train:window_25,0,436188.0
2573.0,darpa_cadets:n62860,darpa_cadets:n80972,type_0,type_1,rel_6,0,0,0,0,train:window_25,0,436322.0
2574.0,darpa_cadets:n62860,darpa_cadets:n81171,type_0,type_1,rel_6,0,0,0,0,train:window_25,0,436520.0
2575.0,darpa_cadets:n62860,darpa_cadets:n81353,type_0,type_1,rel_6,0,0,0,0,train:window_25,0,436698.0
2576.0,darpa_cadets:n62860,darpa_cadets:n81442,type_0,type_1,rel_6,0,0,0,0,train:window_25,0,436785.0
2577.0,darpa_cadets:n62860,darpa_cadets:n81530,type_0,type_1,rel_6,0,0,0,0,train:window_25,0,436873.0
2578.0,darpa_cadets:n62860,darpa_cadets:n81666,type_0,type_1,rel_6,0,0,0,0,train:window_25,0,437007.0
2579.0,darpa_cadets:n62860,darpa_cadets:n81885,type_0,type_1,rel_6,0,0,0,0,train:window_25,0,437224.0
2580.0,darpa_cadets:n62860,darpa_cadets:n82184,type_0,type_1,rel_6,0,0,0,0,train:window_25,0,437521.0
2581.0,darpa_cadets:n62860,darpa_cadets:n82432,type_0,type_1,rel_6,0,0,0,0,train:window_25,0,437765.0
2582.0,darpa_cadets:n62860,darpa_cadets:n82577,type_0,type_1,rel_6,0,0,0,0,train:window_25,0,437910.0
2583.0,darpa_cadets:n62860,darpa_cadets:n82804,type_0,type_1,rel_6,0,0,0,0,train:window_25,0,438135.0
2584.0,darpa_cadets:n62860,darpa_cadets:n82859,type_0,type_1,rel_6,0,0,0,0,train:window_25,0,438188.0
2585.0,darpa_cadets:n62860,darpa_cadets:n83050,type_0,type_1,rel_6,0,0,0,0,train:window_25,0,438375.0
2586.0,darpa_cadets:n62860,darpa_cadets:n83770,type_0,type_1,rel_6,0,0,0,0,train:window_25,0,439097.0
2587.0,darpa_cadets:n62860,darpa_cadets:n83789,type_0,type_1,rel_6,0,0,0,0,train:window_25,0,439116.0
2588.0,darpa_cadets:n62860,darpa_cadets:n84010,type_0,type_1,rel_6,0,0,0,0,train:window_25,0,439337.0
2589.0,darpa_cadets:n62860,darpa_cadets:n84016,type_0,type_1,rel_6,0,0,0,0,train:window_25,0,439343.0
2590.0,darpa_cadets:n62860,darpa_cadets:n84027,type_0,type_1,rel_6,0,0,0,0,train:window_25,0,439354.0
2591.0,darpa_cadets:n62860,darpa_cadets:n84208,type_0,type_1,rel_6,0,0,0,0,train:window_25,0,439531.0
2592.0,darpa_cadets:n62860,darpa_cadets:n84266,type_0,type_1,rel_6,0,0,0,0,train:window_25,0,439587.0
2593.0,darpa_cadets:n62860,darpa_cadets:n84343,type_0,type_1,rel_6,0,0,0,0,train:window_25,0,439664.0
2594.0,darpa_cadets:n62860,darpa_cadets:n84376,type_0,type_1,rel_6,0,0,0,0,train:window_25,0,439697.0
2595.0,darpa_cadets:n62860,darpa_cadets:n84494,type_0,type_1,rel_6,0,0,0,0,train:window_25,0,439813.0
2596.0,darpa_cadets:n62860,darpa_cadets:n84795,type_0,type_1,rel_6,0,0,0,0,train:window_25,0,440110.0
2597.0,darpa_cadets:n62860,darpa_cadets:n84884,type_0,type_1,rel_6,0,0,0,0,train:window_25,0,440199.0
2598.0,darpa_cadets:n62860,darpa_cadets:n84963,type_0,type_1,rel_6,0,0,0,0,train:window_25,0,440278.0
2599.0,darpa_cadets:n62860,darpa_cadets:n85158,type_0,type_1,rel_6,0,0,0,0,train:window_25,0,440469.0
2600.0,darpa_cadets:n62860,darpa_cadets:n85407,type_0,type_1,rel_6,0,0,0,0,train:window_25,0,440718.0
2601.0,darpa_cadets:n62860,darpa_cadets:n85613,type_0,type_1,rel_6,0,0,0,0,train:window_26,0,440920.0
2602.0,darpa_cadets:n62860,darpa_cadets:n85751,type_0,type_1,rel_6,0,0,0,0,train:window_26,0,441056.0
2603.0,darpa_cadets:n62860,darpa_cadets:n86071,type_0,type_1,rel_6,0,0,0,0,train:window_26,0,441372.0
2604.0,darpa_cadets:n62860,darpa_cadets:n86139,type_0,type_1,rel_6,0,0,0,0,train:window_26,0,441438.0
2605.0,darpa_cadets:n62860,darpa_cadets:n86208,type_0,type_1,rel_6,0,0,0,0,train:window_26,0,441505.0
2606.0,darpa_cadets:n62860,darpa_cadets:n86342,type_0,type_1,rel_6,0,0,0,0,train:window_26,0,441637.0
2607.0,darpa_cadets:n62860,darpa_cadets:n86357,type_0,type_1,rel_6,0,0,0,0,train:window_26,0,441652.0
2608.0,darpa_cadets:n62860,darpa_cadets:n86461,type_0,type_1,rel_6,0,0,0,0,train:window_26,0,441752.0
2609.0,darpa_cadets:n62860,darpa_cadets:n86695,type_0,type_1,rel_6,0,0,0,0,train:window_26,0,441979.0
2610.0,darpa_cadets:n62860,darpa_cadets:n86794,type_0,type_1,rel_6,0,0,0,0,train:window_26,0,442078.0
2611.0,darpa_cadets:n62860,darpa_cadets:n86925,type_0,type_1,rel_6,0,0,0,0,train:window_26,0,442209.0
2612.0,darpa_cadets:n62860,darpa_cadets:n86975,type_0,type_1,rel_6,0,0,0,0,train:window_26,0,442259.0
2613.0,darpa_cadets:n62860,darpa_cadets:n87075,type_0,type_1,rel_6,0,0,0,0,train:window_26,0,442359.0
2614.0,darpa_cadets:n62860,darpa_cadets:n87149,type_0,type_1,rel_6,0,0,0,0,train:window_26,0,442433.0
2615.0,darpa_cadets:n62860,darpa_cadets:n87557,type_0,type_1,rel_6,0,0,0,0,train:window_26,0,442837.0
2616.0,darpa_cadets:n62860,darpa_cadets:n87592,type_0,type_1,rel_6,0,0,0,0,train:window_26,0,442872.0
2617.0,darpa_cadets:n62860,darpa_cadets:n87947,type_0,type_1,rel_6,0,0,0,0,train:window_26,0,443223.0
2618.0,darpa_cadets:n62860,darpa_cadets:n88171,type_0,type_1,rel_6,0,0,0,0,train:window_26,0,443445.0
2619.0,darpa_cadets:n62860,darpa_cadets:n88186,type_0,type_1,rel_6,0,0,0,0,train:window_26,0,443458.0
2620.0,darpa_cadets:n62860,darpa_cadets:n88399,type_0,type_1,rel_6,0,0,0,0,train:window_26,0,443669.0
2621.0,darpa_cadets:n62860,darpa_cadets:n88486,type_0,type_1,rel_6,0,0,0,0,train:window_26,0,443754.0
2622.0,darpa_cadets:n62860,darpa_cadets:n88682,type_0,type_1,rel_6,0,0,0,0,train:window_26,0,443950.0
2623.0,darpa_cadets:n62860,darpa_cadets:n88745,type_0,type_1,rel_6,0,0,0,0,train:window_26,0,444013.0
2624.0,darpa_cadets:n62860,darpa_cadets:n89075,type_0,type_1,rel_6,0,0,0,0,train:window_26,0,444337.0
2625.0,darpa_cadets:n62860,darpa_cadets:n89219,type_0,type_1,rel_6,0,0,0,0,train:window_26,0,444481.0
2626.0,darpa_cadets:n62860,darpa_cadets:n89438,type_0,type_1,rel_6,0,0,0,0,train:window_26,0,444698.0
2627.0,darpa_cadets:n62860,darpa_cadets:n89482,type_0,type_1,rel_6,0,0,0,0,train:window_26,0,444742.0
2628.0,darpa_cadets:n62860,darpa_cadets:n89505,type_0,type_1,rel_6,0,0,0,0,train:window_26,0,444765.0
2629.0,darpa_cadets:n62860,darpa_cadets:n89579,type_0,type_1,rel_6,0,0,0,0,train:window_26,0,444839.0
2630.0,darpa_cadets:n62860,darpa_cadets:n89680,type_0,type_1,rel_6,0,0,0,0,train:window_26,0,444940.0
2631.0,darpa_cadets:n62860,darpa_cadets:n90173,type_0,type_1,rel_6,0,0,0,0,train:window_26,0,445425.0
2632.0,darpa_cadets:n62860,darpa_cadets:n90361,type_0,type_1,rel_6,0,0,0,0,train:window_26,0,445609.0
2633.0,darpa_cadets:n62860,darpa_cadets:n90408,type_0,type_1,rel_6,0,0,0,0,train:window_26,0,445656.0
2634.0,darpa_cadets:n62860,darpa_cadets:n90599,type_0,type_1,rel_6,0,0,0,0,train:window_26,0,445845.0
2635.0,darpa_cadets:n62860,darpa_cadets:n90758,type_0,type_1,rel_6,0,0,0,0,train:window_26,0,446004.0
2636.0,darpa_cadets:n62860,darpa_cadets:n90969,type_0,type_1,rel_6,0,0,0,0,train:window_26,0,446213.0
2637.0,darpa_cadets:n62860,darpa_cadets:n91237,type_0,type_1,rel_6,0,0,0,0,train:window_26,0,446479.0
2638.0,darpa_cadets:n62860,darpa_cadets:n91778,type_0,type_1,rel_6,0,0,0,0,train:window_26,0,447012.0
2639.0,darpa_cadets:n62860,darpa_cadets:n91843,type_0,type_1,rel_6,0,0,0,0,train:window_26,0,447077.0
2640.0,darpa_cadets:n62860,darpa_cadets:n91916,type_0,type_1,rel_6,0,0,0,0,train:window_26,0,447150.0
2641.0,darpa_cadets:n62860,darpa_cadets:n92305,type_0,type_1,rel_6,0,0,0,0,train:window_26,0,447529.0
2642.0,darpa_cadets:n62860,darpa_cadets:n92584,type_0,type_1,rel_0,0,0,0,0,train:window_26,0,447806.0
2643.0,darpa_cadets:n62860,darpa_cadets:n92728,type_0,type_1,rel_6,0,0,0,0,train:window_26,0,447950.0
2644.0,darpa_cadets:n62860,darpa_cadets:n92767,type_0,type_1,rel_6,0,0,0,0,train:window_26,0,447989.0
2645.0,darpa_cadets:n62860,darpa_cadets:n92769,type_0,type_1,rel_6,0,0,0,0,train:window_26,0,447991.0
2646.0,darpa_cadets:n62860,darpa_cadets:n93026,type_0,type_1,rel_6,0,0,0,0,train:window_26,0,448244.0
2647.0,darpa_cadets:n62860,darpa_cadets:n93087,type_0,type_1,rel_6,0,0,0,0,train:window_26,0,448305.0
2648.0,darpa_cadets:n62860,darpa_cadets:n93089,type_0,type_1,rel_6,0,0,0,0,train:window_26,0,448307.0
2649.0,darpa_cadets:n62860,darpa_cadets:n93234,type_0,type_1,rel_6,0,0,0,0,train:window_26,0,448450.0
2650.0,darpa_cadets:n62860,darpa_cadets:n93393,type_0,type_1,rel_6,0,0,0,0,train:window_26,0,448609.0
2651.0,darpa_cadets:n62860,darpa_cadets:n93921,type_0,type_1,rel_6,0,0,0,0,train:window_26,0,449135.0
2652.0,darpa_cadets:n62860,darpa_cadets:n93929,type_0,type_1,rel_6,0,0,0,0,train:window_26,0,449143.0
2653.0,darpa_cadets:n62860,darpa_cadets:n94050,type_0,type_1,rel_6,0,0,0,0,train:window_26,0,449264.0
2654.0,darpa_cadets:n62860,darpa_cadets:n94245,type_0,type_1,rel_6,0,0,0,0,train:window_26,0,449459.0
2655.0,darpa_cadets:n62860,darpa_cadets:n94434,type_0,type_1,rel_6,0,0,0,0,train:window_26,0,449648.0
2656.0,darpa_cadets:n62860,darpa_cadets:n94694,type_0,type_1,rel_6,0,0,0,0,train:window_26,0,449908.0
2657.0,darpa_cadets:n62860,darpa_cadets:n94986,type_0,type_1,rel_6,0,0,0,0,train:window_26,0,450200.0
2658.0,darpa_cadets:n62860,darpa_cadets:n95005,type_0,type_1,rel_6,0,0,0,0,train:window_26,0,450219.0
2659.0,darpa_cadets:n62860,darpa_cadets:n95246,type_0,type_1,rel_6,0,0,0,0,train:window_26,0,450460.0
2660.0,darpa_cadets:n62860,darpa_cadets:n95304,type_0,type_1,rel_6,0,0,0,0,train:window_26,0,450514.0
2661.0,darpa_cadets:n62860,darpa_cadets:n95344,type_0,type_1,rel_6,0,0,0,0,train:window_26,0,450554.0
2662.0,darpa_cadets:n62860,darpa_cadets:n95415,type_0,type_1,rel_6,0,0,0,0,train:window_26,0,450625.0
2663.0,darpa_cadets:n62860,darpa_cadets:n95489,type_0,type_1,rel_6,0,0,0,0,train:window_26,0,450699.0
2664.0,darpa_cadets:n62860,darpa_cadets:n95587,type_0,type_1,rel_6,0,0,0,0,train:window_26,0,450793.0
2665.0,darpa_cadets:n62860,darpa_cadets:n95743,type_0,type_1,rel_6,0,0,0,0,train:window_26,0,450945.0
2666.0,darpa_cadets:n62860,darpa_cadets:n95935,type_0,type_1,rel_6,0,0,0,0,train:window_26,0,451135.0
2667.0,darpa_cadets:n62860,darpa_cadets:n95970,type_0,type_1,rel_6,0,0,0,0,train:window_26,0,451170.0
2668.0,darpa_cadets:n62860,darpa_cadets:n96279,type_0,type_1,rel_6,0,0,0,0,train:window_26,0,451468.0
2669.0,darpa_cadets:n62860,darpa_cadets:n96474,type_0,type_1,rel_6,0,0,0,0,train:window_26,0,451661.0
2670.0,darpa_cadets:n62860,darpa_cadets:n96807,type_0,type_1,rel_6,0,0,0,0,train:window_26,0,451988.0
2671.0,darpa_cadets:n62860,darpa_cadets:n97098,type_0,type_1,rel_6,0,0,0,0,train:window_26,0,452277.0
2672.0,darpa_cadets:n62860,darpa_cadets:n97228,type_0,type_1,rel_6,0,0,0,0,train:window_26,0,452407.0
2673.0,darpa_cadets:n68235,darpa_cadets:n11,type_0,type_1,rel_6,1,1,0,1,train:window_26,1,452675.0
2674.0,darpa_cadets:n86023,darpa_cadets:n18,type_0,type_1,rel_6,0,0,0,0,train:window_26,0,452777.0
2675.0,darpa_cadets:n86195,darpa_cadets:n8,type_0,type_1,rel_6,1,1,0,1,train:window_26,1,452792.0
2676.0,darpa_cadets:n96253,darpa_cadets:n10,type_0,type_1,rel_6,1,1,0,1,train:window_26,1,452915.0
2677.0,darpa_cadets:n96591,darpa_cadets:n9,type_0,type_1,rel_6,0,0,0,0,train:window_26,0,452958.0
2678.0,darpa_cadets:n97478,darpa_cadets:n66447,type_0,type_1,rel_6,0,0,0,0,train:window_26,0,453439.0
2679.0,darpa_cadets:n97478,darpa_cadets:n68837,type_0,type_1,rel_6,0,0,0,0,train:window_26,0,453452.0
2680.0,darpa_cadets:n97478,darpa_cadets:n97526,type_0,type_1,rel_6,0,0,0,0,train:window_26,0,453497.0
2681.0,darpa_cadets:n97478,darpa_cadets:n69053,type_0,type_1,rel_6,0,0,0,0,train:window_26,0,453854.0
2682.0,darpa_cadets:n97478,darpa_cadets:n97677,type_0,type_1,rel_6,0,0,0,0,train:window_26,0,453948.0
2683.0,darpa_cadets:n97478,darpa_cadets:n70275,type_0,type_1,rel_6,0,0,0,0,train:window_26,0,454188.0
2684.0,darpa_cadets:n97478,darpa_cadets:n97799,type_0,type_1,rel_6,0,0,0,0,train:window_26,0,454226.0
2685.0,darpa_cadets:n97478,darpa_cadets:n98136,type_0,type_1,rel_6,0,0,0,0,train:window_26,0,454559.0
2686.0,darpa_cadets:n97478,darpa_cadets:n72409,type_0,type_1,rel_6,0,0,0,0,train:window_26,0,454609.0
2687.0,darpa_cadets:n97478,darpa_cadets:n98483,type_0,type_1,rel_6,0,0,0,0,train:window_26,0,454981.0
2688.0,darpa_cadets:n97478,darpa_cadets:n98504,type_0,type_1,rel_6,0,0,0,0,train:window_26,0,455002.0
2689.0,darpa_cadets:n97478,darpa_cadets:n98672,type_0,type_1,rel_6,0,0,0,0,train:window_26,0,455190.0
2690.0,darpa_cadets:n97478,darpa_cadets:n99477,type_0,type_1,rel_6,0,0,0,0,train:window_26,0,456261.0
2691.0,darpa_cadets:n97478,darpa_cadets:n99871,type_0,type_1,rel_6,0,0,0,0,train:window_26,0,456654.0
2692.0,darpa_cadets:n97478,darpa_cadets:n100096,type_0,type_1,rel_6,0,0,0,0,train:window_26,0,456960.0
2693.0,darpa_cadets:n97478,darpa_cadets:n80961,type_0,type_1,rel_6,0,0,0,0,train:window_26,0,457060.0
2694.0,darpa_cadets:n97478,darpa_cadets:n80987,type_0,type_1,rel_6,0,0,0,0,train:window_26,0,457086.0
2695.0,darpa_cadets:n97478,darpa_cadets:n100458,type_0,type_1,rel_6,0,0,0,0,train:window_26,0,457458.0
2696.0,darpa_cadets:n97478,darpa_cadets:n100528,type_0,type_1,rel_6,0,0,0,0,train:window_26,0,457528.0
2697.0,darpa_cadets:n97478,darpa_cadets:n100966,type_0,type_1,rel_6,0,0,0,0,train:window_26,0,457968.0
2698.0,darpa_cadets:n97478,darpa_cadets:n101237,type_0,type_1,rel_6,0,0,0,0,train:window_26,0,458631.0
2699.0,darpa_cadets:n97478,darpa_cadets:n101621,type_0,type_1,rel_6,0,0,0,0,train:window_26,0,459046.0
2700.0,darpa_cadets:n97478,darpa_cadets:n101766,type_0,type_1,rel_6,0,0,0,0,train:window_26,0,459191.0
2701.0,darpa_cadets:n97478,darpa_cadets:n101980,type_0,type_1,rel_6,0,0,0,0,train:window_27,0,459403.0
2702.0,darpa_cadets:n97478,darpa_cadets:n102286,type_0,type_1,rel_6,0,0,0,0,train:window_27,0,459709.0
2703.0,darpa_cadets:n97478,darpa_cadets:n102763,type_0,type_1,rel_6,0,0,0,0,train:window_27,0,460182.0
2704.0,darpa_cadets:n97478,darpa_cadets:n102786,type_0,type_1,rel_6,0,0,0,0,train:window_27,0,460205.0
2705.0,darpa_cadets:n97478,darpa_cadets:n102808,type_0,type_1,rel_6,0,0,0,0,train:window_27,0,460227.0
2706.0,darpa_cadets:n97478,darpa_cadets:n102897,type_0,type_1,rel_6,0,0,0,0,train:window_27,0,460315.0
2707.0,darpa_cadets:n97478,darpa_cadets:n83748,type_0,type_1,rel_6,0,0,0,0,train:window_27,0,460630.0
2708.0,darpa_cadets:n97478,darpa_cadets:n83795,type_0,type_1,rel_6,0,0,0,0,train:window_27,0,460677.0
2709.0,darpa_cadets:n97478,darpa_cadets:n103140,type_0,type_1,rel_6,0,0,0,0,train:window_27,0,460755.0
2710.0,darpa_cadets:n97478,darpa_cadets:n84125,type_0,type_1,rel_0,0,0,0,0,train:window_27,0,460896.0
2711.0,darpa_cadets:n97478,darpa_cadets:n103180,type_0,type_1,rel_6,0,0,0,0,train:window_27,0,461352.0
2712.0,darpa_cadets:n97478,darpa_cadets:n103441,type_0,type_1,rel_6,0,0,0,0,train:window_27,0,461769.0
2713.0,darpa_cadets:n97478,darpa_cadets:n103612,type_0,type_1,rel_6,0,0,0,0,train:window_27,0,462011.0
2714.0,darpa_cadets:n97478,darpa_cadets:n91679,type_0,type_1,rel_6,0,0,0,0,train:window_27,0,462152.0
2715.0,darpa_cadets:n97478,darpa_cadets:n103653,type_0,type_1,rel_6,0,0,0,0,train:window_27,0,462227.0
2716.0,darpa_cadets:n97478,darpa_cadets:n103661,type_0,type_1,rel_6,0,0,0,0,train:window_27,0,462235.0
2717.0,darpa_cadets:n97478,darpa_cadets:n91771,type_0,type_1,rel_6,0,0,0,0,train:window_27,0,462321.0
2718.0,darpa_cadets:n97478,darpa_cadets:n103811,type_0,type_1,rel_6,0,0,0,0,train:window_27,0,462610.0
2719.0,darpa_cadets:n97478,darpa_cadets:n103916,type_0,type_1,rel_6,0,0,0,0,train:window_27,0,462718.0
2720.0,darpa_cadets:n97478,darpa_cadets:n104007,type_0,type_1,rel_6,0,0,0,0,train:window_27,0,462810.0
2721.0,darpa_cadets:n97478,darpa_cadets:n104092,type_0,type_1,rel_6,0,0,0,0,train:window_27,0,462895.0
2722.0,darpa_cadets:n97478,darpa_cadets:n104101,type_0,type_1,rel_6,0,0,0,0,train:window_27,0,462904.0
2723.0,darpa_cadets:n97478,darpa_cadets:n104112,type_0,type_1,rel_6,0,0,0,0,train:window_27,0,462915.0
2724.0,darpa_cadets:n97478,darpa_cadets:n104204,type_0,type_1,rel_6,0,0,0,0,train:window_27,0,463007.0
2725.0,darpa_cadets:n97478,darpa_cadets:n104209,type_0,type_1,rel_6,0,0,0,0,train:window_27,0,463012.0
2726.0,darpa_cadets:n97478,darpa_cadets:n105034,type_0,type_1,rel_6,0,0,0,0,train:window_27,0,463888.0
2727.0,darpa_cadets:n103053,darpa_cadets:n109312,type_1,type_0,rel_5,1,0,1,0,train:window_27,1,464366.0
2728.0,darpa_cadets:n103053,darpa_cadets:n111738,type_1,type_0,rel_5,1,0,1,0,train:window_27,1,464557.0
2729.0,darpa_cadets:n103053,darpa_cadets:n135988,type_1,type_0,rel_5,1,0,1,0,train:window_27,1,464791.0
2730.0,darpa_cadets:n103053,darpa_cadets:n136297,type_1,type_0,rel_5,1,0,1,0,train:window_27,1,464824.0
2731.0,darpa_cadets:n103053,darpa_cadets:n137574,type_1,type_0,rel_5,1,0,1,0,train:window_27,1,464919.0
2732.0,darpa_cadets:n103053,darpa_cadets:n141280,type_1,type_0,rel_5,1,0,1,0,train:window_27,1,465224.0
2733.0,darpa_cadets:n103053,darpa_cadets:n144572,type_1,type_0,rel_5,1,0,1,0,train:window_27,1,465498.0
2734.0,darpa_cadets:n103053,darpa_cadets:n146137,type_1,type_0,rel_5,1,0,1,0,train:window_27,1,465616.0
2735.0,darpa_cadets:n103053,darpa_cadets:n149384,type_1,type_0,rel_5,1,0,1,0,train:window_27,1,465883.0
2736.0,darpa_cadets:n103053,darpa_cadets:n153638,type_1,type_0,rel_5,1,0,1,0,train:window_27,1,466231.0
2737.0,darpa_cadets:n103053,darpa_cadets:n154844,type_1,type_0,rel_5,1,0,1,0,train:window_27,1,466329.0
2738.0,darpa_cadets:n103053,darpa_cadets:n159682,type_1,type_0,rel_5,1,0,1,0,train:window_27,1,466718.0
2739.0,darpa_cadets:n103053,darpa_cadets:n161400,type_1,type_0,rel_5,1,0,1,0,train:window_27,1,466858.0
2740.0,darpa_cadets:n103053,darpa_cadets:n164083,type_1,type_0,rel_5,1,0,1,0,train:window_27,1,467070.0
2741.0,darpa_cadets:n103053,darpa_cadets:n165845,type_1,type_0,rel_5,1,0,1,0,train:window_27,1,467217.0
2742.0,darpa_cadets:n103053,darpa_cadets:n166558,type_1,type_0,rel_5,1,0,1,0,train:window_27,1,467281.0
2743.0,darpa_cadets:n103053,darpa_cadets:n167960,type_1,type_0,rel_5,1,0,1,0,train:window_27,1,467388.0
2744.0,darpa_cadets:n103053,darpa_cadets:n169140,type_1,type_0,rel_5,1,0,1,0,train:window_27,1,467504.0
2745.0,darpa_cadets:n103053,darpa_cadets:n169260,type_1,type_0,rel_5,1,0,1,0,train:window_27,1,467506.0
2746.0,darpa_cadets:n103053,darpa_cadets:n174231,type_1,type_0,rel_5,1,0,1,0,train:window_27,1,467905.0
2747.0,darpa_cadets:n103053,darpa_cadets:n175384,type_1,type_0,rel_5,1,0,1,0,train:window_27,1,467999.0
2748.0,darpa_cadets:n103053,darpa_cadets:n181809,type_1,type_0,rel_5,1,0,1,0,train:window_27,1,468529.0
2749.0,darpa_cadets:n103053,darpa_cadets:n186102,type_1,type_0,rel_5,1,0,1,0,train:window_27,1,468878.0
2750.0,darpa_cadets:n103053,darpa_cadets:n187029,type_1,type_0,rel_5,1,0,1,0,train:window_27,1,468948.0
2751.0,darpa_cadets:n103053,darpa_cadets:n188998,type_1,type_0,rel_5,1,0,1,0,train:window_27,1,469108.0
2752.0,darpa_cadets:n103053,darpa_cadets:n189363,type_1,type_0,rel_5,1,0,1,0,train:window_27,1,469136.0
2753.0,darpa_cadets:n103053,darpa_cadets:n193974,type_1,type_0,rel_5,1,0,1,0,train:window_27,1,469521.0
2754.0,darpa_cadets:n103053,darpa_cadets:n196420,type_1,type_0,rel_5,1,0,1,0,train:window_27,1,469703.0
2755.0,darpa_cadets:n103053,darpa_cadets:n198020,type_1,type_0,rel_5,1,0,1,0,train:window_27,1,469834.0
2756.0,darpa_cadets:n103053,darpa_cadets:n198021,type_1,type_0,rel_5,1,0,1,0,train:window_27,1,469836.0
2757.0,darpa_cadets:n103053,darpa_cadets:n202628,type_1,type_0,rel_5,1,0,1,0,train:window_27,1,470210.0
2758.0,darpa_cadets:n103053,darpa_cadets:n203087,type_1,type_0,rel_5,1,0,1,0,train:window_27,1,470246.0
2759.0,darpa_cadets:n103053,darpa_cadets:n203256,type_1,type_0,rel_5,1,0,1,0,train:window_27,1,470261.0
2760.0,darpa_cadets:n103053,darpa_cadets:n203377,type_1,type_0,rel_5,1,0,1,0,train:window_27,1,470278.0
2761.0,darpa_cadets:n103053,darpa_cadets:n203725,type_1,type_0,rel_5,1,0,1,0,train:window_27,1,470304.0
2762.0,darpa_cadets:n103053,darpa_cadets:n204135,type_1,type_0,rel_5,1,0,1,0,train:window_27,1,470336.0
2763.0,darpa_cadets:n103053,darpa_cadets:n208255,type_1,type_0,rel_5,1,0,1,0,train:window_27,1,470678.0
2764.0,darpa_cadets:n103053,darpa_cadets:n209176,type_1,type_0,rel_5,1,0,1,0,train:window_27,1,470754.0
2765.0,darpa_cadets:n103053,darpa_cadets:n210034,type_1,type_0,rel_5,1,0,1,0,train:window_27,1,470828.0
2766.0,darpa_cadets:n103053,darpa_cadets:n211291,type_1,type_0,rel_5,1,0,1,0,train:window_27,1,470928.0
2767.0,darpa_cadets:n103053,darpa_cadets:n212171,type_1,type_0,rel_5,1,0,1,0,train:window_27,1,471011.0
2768.0,darpa_cadets:n103053,darpa_cadets:n214066,type_1,type_0,rel_5,1,0,1,0,train:window_27,1,471177.0
2769.0,darpa_cadets:n103053,darpa_cadets:n214344,type_1,type_0,rel_5,1,0,1,0,train:window_27,1,471201.0
2770.0,darpa_cadets:n103053,darpa_cadets:n214383,type_1,type_0,rel_5,1,0,1,0,train:window_27,1,471213.0
2771.0,darpa_cadets:n103053,darpa_cadets:n215799,type_1,type_0,rel_5,1,0,1,0,train:window_27,1,471329.0
2772.0,darpa_cadets:n103053,darpa_cadets:n219551,type_1,type_0,rel_5,1,0,1,0,train:window_27,1,471648.0
2773.0,darpa_cadets:n103053,darpa_cadets:n220352,type_1,type_0,rel_5,1,0,1,0,train:window_27,1,471722.0
2774.0,darpa_cadets:n103053,darpa_cadets:n224123,type_1,type_0,rel_5,1,0,1,0,train:window_27,1,472080.0
2775.0,darpa_cadets:n103053,darpa_cadets:n224952,type_1,type_0,rel_5,1,0,1,0,train:window_27,1,472158.0
2776.0,darpa_cadets:n103053,darpa_cadets:n225993,type_1,type_0,rel_5,1,0,1,0,train:window_27,1,472240.0
2777.0,darpa_cadets:n103053,darpa_cadets:n226627,type_1,type_0,rel_5,1,0,1,0,train:window_27,1,472305.0
2778.0,darpa_cadets:n103053,darpa_cadets:n227663,type_1,type_0,rel_5,1,0,1,0,train:window_27,1,472384.0
2779.0,darpa_cadets:n103053,darpa_cadets:n228116,type_1,type_0,rel_5,1,0,1,0,train:window_27,1,472421.0
2780.0,darpa_cadets:n103053,darpa_cadets:n228849,type_1,type_0,rel_5,1,0,1,0,train:window_27,1,472484.0
2781.0,darpa_cadets:n103053,darpa_cadets:n233111,type_1,type_0,rel_5,1,0,1,0,train:window_27,1,472874.0
2782.0,darpa_cadets:n103053,darpa_cadets:n233934,type_1,type_0,rel_5,1,0,1,0,train:window_27,1,472947.0
2783.0,darpa_cadets:n103053,darpa_cadets:n235162,type_1,type_0,rel_5,1,0,1,0,train:window_27,1,473051.0
2784.0,darpa_cadets:n103053,darpa_cadets:n236582,type_1,type_0,rel_5,1,0,1,0,train:window_27,1,473171.0
2785.0,darpa_cadets:n103053,darpa_cadets:n239495,type_1,type_0,rel_5,1,0,1,0,train:window_27,1,473429.0
2786.0,darpa_cadets:n103053,darpa_cadets:n240526,type_1,type_0,rel_5,1,0,1,0,train:window_27,1,473513.0
2787.0,darpa_cadets:n103053,darpa_cadets:n240683,type_1,type_0,rel_5,1,0,1,0,train:window_27,1,473531.0
2788.0,darpa_cadets:n103053,darpa_cadets:n243359,type_1,type_0,rel_5,1,0,1,0,train:window_27,1,473771.0
2789.0,darpa_cadets:n103053,darpa_cadets:n244354,type_1,type_0,rel_5,1,0,1,0,train:window_27,1,473849.0
2790.0,darpa_cadets:n103053,darpa_cadets:n255257,type_1,type_0,rel_5,1,0,1,0,train:window_27,1,474772.0
2791.0,darpa_cadets:n103053,darpa_cadets:n255565,type_1,type_0,rel_5,1,0,1,0,train:window_27,1,474794.0
2792.0,darpa_cadets:n103053,darpa_cadets:n257544,type_1,type_0,rel_5,1,0,1,0,train:window_27,1,474982.0
2793.0,darpa_cadets:n103053,darpa_cadets:n257843,type_1,type_0,rel_5,1,0,1,0,train:window_27,1,475004.0
2794.0,darpa_cadets:n103053,darpa_cadets:n258720,type_1,type_0,rel_5,1,0,1,0,train:window_27,1,475085.0
2795.0,darpa_cadets:n103053,darpa_cadets:n261333,type_1,type_0,rel_5,1,0,1,0,train:window_27,1,475317.0
2796.0,darpa_cadets:n103053,darpa_cadets:n261887,type_1,type_0,rel_5,1,0,1,0,train:window_27,1,475368.0
2797.0,darpa_cadets:n103053,darpa_cadets:n265794,type_1,type_0,rel_5,1,0,1,0,train:window_27,1,475727.0
2798.0,darpa_cadets:n103053,darpa_cadets:n265968,type_1,type_0,rel_5,1,0,1,0,train:window_27,1,475742.0
2799.0,darpa_cadets:n103053,darpa_cadets:n267737,type_1,type_0,rel_5,1,0,1,0,train:window_27,1,475890.0
2800.0,darpa_cadets:n103053,darpa_cadets:n268947,type_1,type_0,rel_5,1,0,1,0,train:window_27,1,476017.0
2801.0,darpa_cadets:n103053,darpa_cadets:n282688,type_1,type_0,rel_5,1,0,1,0,train:window_28,1,476098.0
2802.0,darpa_cadets:n103053,darpa_cadets:n284054,type_1,type_0,rel_5,1,0,1,0,train:window_28,1,476217.0
2803.0,darpa_cadets:n103053,darpa_cadets:n285592,type_1,type_0,rel_5,1,0,1,0,train:window_28,1,476336.0
2804.0,darpa_cadets:n103053,darpa_cadets:n286080,type_1,type_0,rel_5,1,0,1,0,train:window_28,1,476384.0
2805.0,darpa_cadets:n103053,darpa_cadets:n286339,type_1,type_0,rel_5,1,0,1,0,train:window_28,1,476400.0
2806.0,darpa_cadets:n103053,darpa_cadets:n290669,type_1,type_0,rel_5,1,0,1,0,train:window_28,1,476756.0
2807.0,darpa_cadets:n103053,darpa_cadets:n291363,type_1,type_0,rel_5,1,0,1,0,train:window_28,1,476805.0
2808.0,darpa_cadets:n103053,darpa_cadets:n298500,type_1,type_0,rel_5,1,0,1,0,train:window_28,1,477431.0
2809.0,darpa_cadets:n103053,darpa_cadets:n299410,type_1,type_0,rel_5,1,0,1,0,train:window_28,1,477498.0
2810.0,darpa_cadets:n103053,darpa_cadets:n299842,type_1,type_0,rel_5,1,0,1,0,train:window_28,1,477531.0
2811.0,darpa_cadets:n103053,darpa_cadets:n300249,type_1,type_0,rel_5,1,0,1,0,train:window_28,1,477575.0
2812.0,darpa_cadets:n103053,darpa_cadets:n302818,type_1,type_0,rel_5,1,0,1,0,train:window_28,1,477775.0
2813.0,darpa_cadets:n103053,darpa_cadets:n303191,type_1,type_0,rel_5,1,0,1,0,train:window_28,1,477805.0
2814.0,darpa_cadets:n103053,darpa_cadets:n303925,type_1,type_0,rel_5,1,0,1,0,train:window_28,1,477863.0
2815.0,darpa_cadets:n103053,darpa_cadets:n306771,type_1,type_0,rel_5,1,0,1,0,train:window_28,1,478127.0
2816.0,darpa_cadets:n103053,darpa_cadets:n308617,type_1,type_0,rel_5,1,0,1,0,train:window_28,1,478297.0
2817.0,darpa_cadets:n103053,darpa_cadets:n309966,type_1,type_0,rel_5,1,0,1,0,train:window_28,1,478428.0
2818.0,darpa_cadets:n103053,darpa_cadets:n310375,type_1,type_0,rel_5,1,0,1,0,train:window_28,1,478459.0
2819.0,darpa_cadets:n103053,darpa_cadets:n313522,type_1,type_0,rel_5,1,0,1,0,train:window_28,1,478744.0
2820.0,darpa_cadets:n103053,darpa_cadets:n316943,type_1,type_0,rel_5,1,0,1,0,train:window_28,1,479042.0
2821.0,darpa_cadets:n103053,darpa_cadets:n321151,type_1,type_0,rel_5,1,0,1,0,train:window_28,1,479413.0
2822.0,darpa_cadets:n103053,darpa_cadets:n323043,type_1,type_0,rel_5,1,0,1,0,train:window_28,1,479575.0
2823.0,darpa_cadets:n103053,darpa_cadets:n323120,type_1,type_0,rel_5,1,0,1,0,train:window_28,1,479587.0
2824.0,darpa_cadets:n103053,darpa_cadets:n323191,type_1,type_0,rel_5,1,0,1,0,train:window_28,1,479595.0
2825.0,darpa_cadets:n103053,darpa_cadets:n323547,type_1,type_0,rel_5,1,0,1,0,train:window_28,1,479619.0
2826.0,darpa_cadets:n103053,darpa_cadets:n325687,type_1,type_0,rel_5,1,0,1,0,train:window_28,1,479815.0
2827.0,darpa_cadets:n103053,darpa_cadets:n325912,type_1,type_0,rel_5,1,0,1,0,train:window_28,1,479838.0
2828.0,darpa_cadets:n103053,darpa_cadets:n331653,type_1,type_0,rel_5,1,0,1,0,train:window_28,1,480321.0
2829.0,darpa_cadets:n103053,darpa_cadets:n333904,type_1,type_0,rel_5,1,0,1,0,train:window_28,1,480484.0
2830.0,darpa_cadets:n103053,darpa_cadets:n335569,type_1,type_0,rel_5,1,0,1,0,train:window_28,1,480613.0
2831.0,darpa_cadets:n103053,darpa_cadets:n337540,type_1,type_0,rel_5,1,0,1,0,train:window_28,1,480775.0
2832.0,darpa_cadets:n103053,darpa_cadets:n337543,type_1,type_0,rel_5,1,0,1,0,train:window_28,1,480778.0
2833.0,darpa_cadets:n103053,darpa_cadets:n338329,type_1,type_0,rel_5,1,0,1,0,train:window_28,1,480841.0
2834.0,darpa_cadets:n103053,darpa_cadets:n338343,type_1,type_0,rel_5,1,0,1,0,train:window_28,1,480848.0
2835.0,darpa_cadets:n103053,darpa_cadets:n340224,type_1,type_0,rel_5,1,0,1,0,train:window_28,1,481001.0
2836.0,darpa_cadets:n103053,darpa_cadets:n340801,type_1,type_0,rel_5,1,0,1,0,train:window_28,1,481056.0
2837.0,darpa_cadets:n103053,darpa_cadets:n342351,type_1,type_0,rel_5,1,0,1,0,train:window_28,1,481183.0
2838.0,darpa_cadets:n103053,darpa_cadets:n343837,type_1,type_0,rel_5,1,0,1,0,train:window_28,1,481302.0
2839.0,darpa_cadets:n103053,darpa_cadets:n346375,type_1,type_0,rel_5,1,0,1,0,train:window_28,1,481519.0
2840.0,darpa_cadets:n103053,darpa_cadets:n346380,type_1,type_0,rel_5,1,0,1,0,train:window_28,1,481524.0
2841.0,darpa_cadets:n103053,darpa_cadets:n347394,type_1,type_0,rel_5,1,0,1,0,train:window_28,1,481603.0
2842.0,darpa_cadets:n103053,darpa_cadets:n347529,type_1,type_0,rel_5,1,0,1,0,train:window_28,1,481612.0
2843.0,darpa_cadets:n103053,darpa_cadets:n347539,type_1,type_0,rel_5,1,0,1,0,train:window_28,1,481617.0
2844.0,darpa_cadets:n103053,darpa_cadets:n348001,type_1,type_0,rel_5,1,0,1,0,train:window_28,1,481661.0
2845.0,darpa_cadets:n103053,darpa_cadets:n350352,type_1,type_0,rel_5,1,0,1,0,train:window_28,1,481848.0
2846.0,darpa_cadets:n103053,darpa_cadets:n351099,type_1,type_0,rel_5,1,0,1,0,train:window_28,1,481910.0
2847.0,darpa_cadets:n103053,darpa_cadets:n351235,type_1,type_0,rel_5,1,0,1,0,train:window_28,1,481924.0
2848.0,darpa_cadets:n103053,darpa_cadets:n351588,type_1,type_0,rel_5,1,0,1,0,train:window_28,1,481962.0
2849.0,darpa_cadets:n103053,darpa_cadets:n352994,type_1,type_0,rel_5,1,0,1,0,train:window_28,1,482071.0
2850.0,darpa_cadets:n103053,darpa_cadets:n353847,type_1,type_0,rel_5,1,0,1,0,train:window_28,1,482167.0
2851.0,darpa_cadets:n103053,darpa_cadets:n354543,type_1,type_0,rel_5,1,0,1,0,train:window_28,1,482214.0
2852.0,darpa_cadets:n103053,darpa_cadets:n355134,type_1,type_0,rel_5,1,0,1,0,train:window_28,1,482262.0
2853.0,darpa_cadets:n103053,darpa_cadets:n356053,type_1,type_0,rel_5,1,0,1,0,train:window_28,1,482347.0
2854.0,darpa_cadets:n103053,darpa_cadets:n356449,type_1,type_0,rel_5,1,0,1,0,train:window_28,1,482372.0
2855.0,darpa_cadets:n103364,darpa_cadets:n64,type_0,type_1,rel_6,0,0,0,0,train:window_28,0,482487.0
2856.0,darpa_cadets:n103365,darpa_cadets:n103364,type_4,type_0,rel_16,0,0,0,0,train:window_28,0,482491.0
2857.0,darpa_cadets:n105188,darpa_cadets:n105185,type_1,type_0,rel_5,0,0,0,0,train:window_28,0,482727.0
2858.0,darpa_cadets:n105239,darpa_cadets:n62894,type_0,type_1,rel_6,0,0,0,0,train:window_28,0,482911.0
2859.0,darpa_cadets:n105316,darpa_cadets:n277,type_0,type_1,rel_6,0,0,0,0,train:window_28,0,482991.0
2860.0,darpa_cadets:n105328,darpa_cadets:n142842,type_1,type_0,rel_5,0,0,0,0,train:window_28,0,483192.0
2861.0,darpa_cadets:n105328,darpa_cadets:n150270,type_1,type_0,rel_5,0,0,0,0,train:window_28,0,483244.0
2862.0,darpa_cadets:n105328,darpa_cadets:n154141,type_1,type_0,rel_5,0,0,0,0,train:window_28,0,483271.0
2863.0,darpa_cadets:n105328,darpa_cadets:n184083,type_1,type_0,rel_5,0,0,0,0,train:window_28,0,483481.0
2864.0,darpa_cadets:n105328,darpa_cadets:n192228,type_1,type_0,rel_5,0,0,0,0,train:window_28,0,483538.0
2865.0,darpa_cadets:n105328,darpa_cadets:n223652,type_1,type_0,rel_5,0,0,0,0,train:window_28,0,483733.0
2866.0,darpa_cadets:n105328,darpa_cadets:n244084,type_1,type_0,rel_5,0,0,0,0,train:window_28,0,483854.0
2867.0,darpa_cadets:n105328,darpa_cadets:n250076,type_1,type_0,rel_5,0,0,0,0,train:window_28,0,483894.0
2868.0,darpa_cadets:n105328,darpa_cadets:n257494,type_1,type_0,rel_5,0,0,0,0,train:window_28,0,483940.0
2869.0,darpa_cadets:n105328,darpa_cadets:n321318,type_1,type_0,rel_5,0,0,0,0,train:window_28,0,484238.0
2870.0,darpa_cadets:n105328,darpa_cadets:n330774,type_1,type_0,rel_5,0,0,0,0,train:window_28,0,484295.0
2871.0,darpa_cadets:n105328,darpa_cadets:n341998,type_1,type_0,rel_5,0,0,0,0,train:window_28,0,484365.0
2872.0,darpa_cadets:n105592,darpa_cadets:n103053,type_0,type_1,rel_6,1,1,0,1,train:window_28,1,484654.0
2873.0,darpa_cadets:n105897,darpa_cadets:n105898,type_0,type_1,rel_18,0,0,0,0,train:window_28,0,485075.0
2874.0,darpa_cadets:n106183,darpa_cadets:n13,type_0,type_1,rel_6,0,0,0,0,train:window_28,0,485348.0
2875.0,darpa_cadets:n106306,darpa_cadets:n103053,type_0,type_1,rel_6,1,1,0,1,train:window_28,1,485401.0
2876.0,darpa_cadets:n106309,darpa_cadets:n106309,type_0,type_0,rel_7,0,0,0,0,train:window_28,0,485419.0
2877.0,darpa_cadets:n106466,darpa_cadets:n763,type_0,type_5,rel_11,0,0,0,0,train:window_28,0,485658.0
2878.0,darpa_cadets:n106590,darpa_cadets:n106590,type_0,type_0,rel_7,0,0,0,0,train:window_28,0,485722.0
2879.0,darpa_cadets:n106745,darpa_cadets:n17,type_0,type_1,rel_6,0,0,0,0,train:window_28,0,485858.0
2880.0,darpa_cadets:n107020,darpa_cadets:n6,type_0,type_1,rel_9,0,0,0,0,train:window_28,0,486141.0
2881.0,darpa_cadets:n107151,darpa_cadets:n50,type_0,type_1,rel_6,0,0,0,0,train:window_28,0,486234.0
2882.0,darpa_cadets:n107157,darpa_cadets:n7,type_0,type_1,rel_9,1,1,0,1,train:window_28,1,486279.0
2883.0,darpa_cadets:n107444,darpa_cadets:n5,type_0,type_1,rel_0,0,0,0,0,train:window_28,0,486528.0
2884.0,darpa_cadets:n107455,darpa_cadets:n8,type_0,type_1,rel_6,1,1,0,1,train:window_28,1,486610.0
2885.0,darpa_cadets:n107595,darpa_cadets:n284,type_0,type_1,rel_9,0,0,0,0,train:window_28,0,486757.0
2886.0,darpa_cadets:n107720,darpa_cadets:n8,type_0,type_1,rel_6,1,1,0,1,train:window_28,1,486839.0
2887.0,darpa_cadets:n107721,darpa_cadets:n5,type_0,type_1,rel_0,0,0,0,0,train:window_28,0,486850.0
2888.0,darpa_cadets:n107735,darpa_cadets:n16,type_0,type_1,rel_9,0,0,0,0,train:window_28,0,486931.0
2889.0,darpa_cadets:n107866,darpa_cadets:n11,type_0,type_1,rel_6,1,1,0,1,train:window_28,1,487031.0
2890.0,darpa_cadets:n107875,darpa_cadets:n5,type_0,type_1,rel_0,0,0,0,0,train:window_28,0,487071.0
2891.0,darpa_cadets:n107996,darpa_cadets:n7,type_0,type_1,rel_9,1,1,0,1,train:window_28,1,487130.0
2892.0,darpa_cadets:n108153,darpa_cadets:n48,type_0,type_1,rel_6,0,0,0,0,train:window_28,0,487266.0
2893.0,darpa_cadets:n108296,darpa_cadets:n287,type_0,type_1,rel_6,0,0,0,0,train:window_28,0,487445.0
2894.0,darpa_cadets:n108302,darpa_cadets:n20,type_0,type_1,rel_6,0,0,0,0,train:window_28,0,487489.0
2895.0,darpa_cadets:n108306,darpa_cadets:n10,type_0,type_1,rel_6,1,1,0,1,train:window_28,1,487505.0
2896.0,darpa_cadets:n108423,darpa_cadets:n270,type_0,type_1,rel_9,0,0,0,0,train:window_28,0,487511.0
2897.0,darpa_cadets:n108578,darpa_cadets:n7,type_0,type_1,rel_9,1,1,0,1,train:window_28,1,487780.0
2898.0,darpa_cadets:n108592,darpa_cadets:n11,type_0,type_1,rel_6,1,1,0,1,train:window_28,1,487866.0
2899.0,darpa_cadets:n108875,darpa_cadets:n103053,type_0,type_1,rel_6,1,1,0,1,train:window_28,1,488075.0
2900.0,darpa_cadets:n108880,darpa_cadets:n11,type_0,type_1,rel_6,1,1,0,1,train:window_28,1,488105.0
2901.0,darpa_cadets:n109600,darpa_cadets:n20,type_0,type_1,rel_6,0,0,0,0,train:window_29,0,488932.0
2902.0,darpa_cadets:n109874,darpa_cadets:n8,type_0,type_1,rel_6,1,1,0,1,train:window_29,1,489182.0
2903.0,darpa_cadets:n109983,darpa_cadets:n10,type_0,type_1,rel_6,1,1,0,1,train:window_29,1,489240.0
2904.0,darpa_cadets:n110012,darpa_cadets:n103053,type_0,type_1,rel_6,1,1,0,1,train:window_29,1,489327.0
2905.0,darpa_cadets:n110012,darpa_cadets:n11,type_0,type_1,rel_6,1,1,0,1,train:window_29,1,489329.0
2906.0,darpa_cadets:n110016,darpa_cadets:n17,type_0,type_1,rel_6,0,0,0,0,train:window_29,0,489347.0
2907.0,darpa_cadets:n110157,darpa_cadets:n11,type_0,type_1,rel_6,1,1,0,1,train:window_29,1,489418.0
2908.0,darpa_cadets:n110162,darpa_cadets:n10,type_0,type_1,rel_6,1,1,0,1,train:window_29,1,489447.0
2909.0,darpa_cadets:n110431,darpa_cadets:n103053,type_0,type_1,rel_6,1,1,0,1,train:window_29,1,489677.0
2910.0,darpa_cadets:n110432,darpa_cadets:n5,type_0,type_1,rel_0,0,0,0,0,train:window_29,0,489693.0
2911.0,darpa_cadets:n110547,darpa_cadets:n10,type_0,type_1,rel_6,1,1,0,1,train:window_29,1,489819.0
2912.0,darpa_cadets:n110549,darpa_cadets:n105908,type_0,type_1,rel_18,0,0,0,0,train:window_29,0,489837.0
2913.0,darpa_cadets:n110550,darpa_cadets:n7,type_0,type_1,rel_9,1,1,0,1,train:window_29,1,489840.0
2914.0,darpa_cadets:n110591,darpa_cadets:n11,type_0,type_1,rel_6,1,1,0,1,train:window_29,1,489997.0
2915.0,darpa_cadets:n110696,darpa_cadets:n1065,type_0,type_1,rel_6,0,0,0,0,train:window_29,0,490059.0
2916.0,darpa_cadets:n110700,darpa_cadets:n212,type_0,type_1,rel_6,0,0,0,0,train:window_29,0,490082.0
2917.0,darpa_cadets:n110738,darpa_cadets:n103053,type_0,type_1,rel_6,1,1,0,1,train:window_29,1,490179.0
2918.0,darpa_cadets:n110882,darpa_cadets:n10,type_0,type_1,rel_6,1,1,0,1,train:window_29,1,490266.0
2919.0,darpa_cadets:n111031,darpa_cadets:n8,type_0,type_1,rel_6,1,1,0,1,train:window_29,1,490479.0
2920.0,darpa_cadets:n111291,darpa_cadets:n7,type_0,type_1,rel_9,1,1,0,1,train:window_29,1,490653.0
2921.0,darpa_cadets:n111449,darpa_cadets:n111449,type_0,type_0,rel_11,0,0,0,0,train:window_29,0,490908.0
2922.0,darpa_cadets:n111574,darpa_cadets:n925,type_2,type_0,rel_5,0,0,0,0,train:window_29,0,490928.0
2923.0,darpa_cadets:n111720,darpa_cadets:n7,type_0,type_1,rel_9,1,1,0,1,train:window_29,1,491072.0
2924.0,darpa_cadets:n111853,darpa_cadets:n18,type_0,type_1,rel_6,0,0,0,0,train:window_29,0,491193.0
2925.0,darpa_cadets:n111864,darpa_cadets:n13,type_0,type_1,rel_6,0,0,0,0,train:window_29,0,491246.0
2926.0,darpa_cadets:n112006,darpa_cadets:n112007,type_0,type_4,rel_2,0,0,0,0,train:window_29,0,491421.0
2927.0,darpa_cadets:n112182,darpa_cadets:n103053,type_0,type_1,rel_6,1,1,0,1,train:window_29,1,491765.0
2928.0,darpa_cadets:n112268,darpa_cadets:n112580,type_0,type_1,rel_6,0,0,0,0,train:window_29,0,492281.0
2929.0,darpa_cadets:n112268,darpa_cadets:n112998,type_0,type_1,rel_6,0,0,0,0,train:window_29,0,492697.0
2930.0,darpa_cadets:n112268,darpa_cadets:n113023,type_0,type_1,rel_6,0,0,0,0,train:window_29,0,492720.0
2931.0,darpa_cadets:n112268,darpa_cadets:n113267,type_0,type_1,rel_6,0,0,0,0,train:window_29,0,492964.0
2932.0,darpa_cadets:n112268,darpa_cadets:n113271,type_0,type_1,rel_6,0,0,0,0,train:window_29,0,492968.0
2933.0,darpa_cadets:n112268,darpa_cadets:n113759,type_0,type_1,rel_6,0,0,0,0,train:window_29,0,493454.0
2934.0,darpa_cadets:n112268,darpa_cadets:n113805,type_0,type_1,rel_6,0,0,0,0,train:window_29,0,493500.0
2935.0,darpa_cadets:n112268,darpa_cadets:n114147,type_0,type_1,rel_6,0,0,0,0,train:window_29,0,493840.0
2936.0,darpa_cadets:n112268,darpa_cadets:n114186,type_0,type_1,rel_6,0,0,0,0,train:window_29,0,493879.0
2937.0,darpa_cadets:n112268,darpa_cadets:n114486,type_0,type_1,rel_6,0,0,0,0,train:window_29,0,494177.0
2938.0,darpa_cadets:n112268,darpa_cadets:n114555,type_0,type_1,rel_6,0,0,0,0,train:window_29,0,494246.0
2939.0,darpa_cadets:n112268,darpa_cadets:n114760,type_0,type_1,rel_6,0,0,0,0,train:window_29,0,494451.0
2940.0,darpa_cadets:n112268,darpa_cadets:n114853,type_0,type_1,rel_6,0,0,0,0,train:window_29,0,494544.0
2941.0,darpa_cadets:n112268,darpa_cadets:n114917,type_0,type_1,rel_6,0,0,0,0,train:window_29,0,494608.0
2942.0,darpa_cadets:n112268,darpa_cadets:n115176,type_0,type_1,rel_6,0,0,0,0,train:window_29,0,494865.0
2943.0,darpa_cadets:n112268,darpa_cadets:n115559,type_0,type_1,rel_6,0,0,0,0,train:window_29,0,495237.0
2944.0,darpa_cadets:n112268,darpa_cadets:n115624,type_0,type_1,rel_6,0,0,0,0,train:window_29,0,495302.0
2945.0,darpa_cadets:n112268,darpa_cadets:n115868,type_0,type_1,rel_6,0,0,0,0,train:window_29,0,495531.0
2946.0,darpa_cadets:n112268,darpa_cadets:n116055,type_0,type_1,rel_6,0,0,0,0,train:window_29,0,495700.0
2947.0,darpa_cadets:n112268,darpa_cadets:n116575,type_0,type_1,rel_6,0,0,0,0,train:window_29,0,496219.0
2948.0,darpa_cadets:n112268,darpa_cadets:n117056,type_0,type_1,rel_6,0,0,0,0,train:window_29,0,496696.0
2949.0,darpa_cadets:n112268,darpa_cadets:n117078,type_0,type_1,rel_6,0,0,0,0,train:window_29,0,496718.0
2950.0,darpa_cadets:n112268,darpa_cadets:n117085,type_0,type_1,rel_6,0,0,0,0,train:window_29,0,496725.0
2951.0,darpa_cadets:n112268,darpa_cadets:n117480,type_0,type_1,rel_6,0,0,0,0,train:window_29,0,497118.0
2952.0,darpa_cadets:n112268,darpa_cadets:n117827,type_0,type_1,rel_6,0,0,0,0,train:window_29,0,497465.0
2953.0,darpa_cadets:n112268,darpa_cadets:n117889,type_0,type_1,rel_6,0,0,0,0,train:window_29,0,497527.0
2954.0,darpa_cadets:n112268,darpa_cadets:n118598,type_0,type_1,rel_6,0,0,0,0,train:window_29,0,498217.0
2955.0,darpa_cadets:n112268,darpa_cadets:n118805,type_0,type_1,rel_6,0,0,0,0,train:window_29,0,498420.0
2956.0,darpa_cadets:n112268,darpa_cadets:n118981,type_0,type_1,rel_6,0,0,0,0,train:window_29,0,498596.0
2957.0,darpa_cadets:n112268,darpa_cadets:n119517,type_0,type_1,rel_6,0,0,0,0,train:window_29,0,499130.0
2958.0,darpa_cadets:n112268,darpa_cadets:n119533,type_0,type_1,rel_6,0,0,0,0,train:window_29,0,499146.0
2959.0,darpa_cadets:n112268,darpa_cadets:n119716,type_0,type_1,rel_6,0,0,0,0,train:window_29,0,499327.0
2960.0,darpa_cadets:n112268,darpa_cadets:n119878,type_0,type_1,rel_6,0,0,0,0,train:window_29,0,499489.0
2961.0,darpa_cadets:n112268,darpa_cadets:n120000,type_0,type_1,rel_6,0,0,0,0,train:window_29,0,499611.0
2962.0,darpa_cadets:n112268,darpa_cadets:n120001,type_0,type_1,rel_6,0,0,0,0,train:window_29,0,499612.0
2963.0,darpa_cadets:n112268,darpa_cadets:n120486,type_0,type_1,rel_6,0,0,0,0,train:window_29,0,500079.0
2964.0,darpa_cadets:n112268,darpa_cadets:n120782,type_0,type_1,rel_6,0,0,0,0,train:window_29,0,500375.0
2965.0,darpa_cadets:n112268,darpa_cadets:n120915,type_0,type_1,rel_6,0,0,0,0,train:window_29,0,500506.0
2966.0,darpa_cadets:n112268,darpa_cadets:n120950,type_0,type_1,rel_6,0,0,0,0,train:window_29,0,500541.0
2967.0,darpa_cadets:n112268,darpa_cadets:n120995,type_0,type_1,rel_6,0,0,0,0,train:window_29,0,500586.0
2968.0,darpa_cadets:n112268,darpa_cadets:n121167,type_0,type_1,rel_6,0,0,0,0,train:window_29,0,500746.0
2969.0,darpa_cadets:n112268,darpa_cadets:n121307,type_0,type_1,rel_6,0,0,0,0,train:window_29,0,500886.0
2970.0,darpa_cadets:n112268,darpa_cadets:n121416,type_0,type_1,rel_6,0,0,0,0,train:window_29,0,500995.0
2971.0,darpa_cadets:n112268,darpa_cadets:n121537,type_0,type_1,rel_6,0,0,0,0,train:window_29,0,501114.0
2972.0,darpa_cadets:n112268,darpa_cadets:n121625,type_0,type_1,rel_6,0,0,0,0,train:window_29,0,501202.0
2973.0,darpa_cadets:n112268,darpa_cadets:n121719,type_0,type_1,rel_6,0,0,0,0,train:window_29,0,501296.0
2974.0,darpa_cadets:n112268,darpa_cadets:n121865,type_0,type_1,rel_6,0,0,0,0,train:window_29,0,501440.0
2975.0,darpa_cadets:n112268,darpa_cadets:n122934,type_0,type_1,rel_0,0,0,0,0,train:window_29,0,502497.0
2976.0,darpa_cadets:n112268,darpa_cadets:n123039,type_0,type_1,rel_6,0,0,0,0,train:window_29,0,502600.0
2977.0,darpa_cadets:n112268,darpa_cadets:n123491,type_0,type_1,rel_6,0,0,0,0,train:window_29,0,503040.0
2978.0,darpa_cadets:n112268,darpa_cadets:n124184,type_0,type_1,rel_6,0,0,0,0,train:window_29,0,503723.0
2979.0,darpa_cadets:n112268,darpa_cadets:n124252,type_0,type_1,rel_6,0,0,0,0,train:window_29,0,503789.0
2980.0,darpa_cadets:n112268,darpa_cadets:n124358,type_0,type_1,rel_6,0,0,0,0,train:window_29,0,503895.0
2981.0,darpa_cadets:n112268,darpa_cadets:n124384,type_0,type_1,rel_6,0,0,0,0,train:window_29,0,503921.0
2982.0,darpa_cadets:n112268,darpa_cadets:n124667,type_0,type_1,rel_6,0,0,0,0,train:window_29,0,504200.0
2983.0,darpa_cadets:n112268,darpa_cadets:n124818,type_0,type_1,rel_6,0,0,0,0,train:window_29,0,504345.0
2984.0,darpa_cadets:n112268,darpa_cadets:n124845,type_0,type_1,rel_6,0,0,0,0,train:window_29,0,504372.0
2985.0,darpa_cadets:n112268,darpa_cadets:n124960,type_0,type_1,rel_6,0,0,0,0,train:window_29,0,504487.0
2986.0,darpa_cadets:n112268,darpa_cadets:n125092,type_0,type_1,rel_6,0,0,0,0,train:window_29,0,504617.0
2987.0,darpa_cadets:n112268,darpa_cadets:n125163,type_0,type_1,rel_6,0,0,0,0,train:window_29,0,504688.0
2988.0,darpa_cadets:n112268,darpa_cadets:n125179,type_0,type_1,rel_6,0,0,0,0,train:window_29,0,504704.0
2989.0,darpa_cadets:n112268,darpa_cadets:n125226,type_0,type_1,rel_6,0,0,0,0,train:window_29,0,504751.0
2990.0,darpa_cadets:n112268,darpa_cadets:n125256,type_0,type_1,rel_6,0,0,0,0,train:window_29,0,504781.0
2991.0,darpa_cadets:n112268,darpa_cadets:n125526,type_0,type_1,rel_6,0,0,0,0,train:window_29,0,505041.0
2992.0,darpa_cadets:n112268,darpa_cadets:n126280,type_0,type_1,rel_6,0,0,0,0,train:window_29,0,505768.0
2993.0,darpa_cadets:n112268,darpa_cadets:n126298,type_0,type_1,rel_6,0,0,0,0,train:window_29,0,505786.0
2994.0,darpa_cadets:n112268,darpa_cadets:n126332,type_0,type_1,rel_6,0,0,0,0,train:window_29,0,505820.0
2995.0,darpa_cadets:n112268,darpa_cadets:n126644,type_0,type_1,rel_6,0,0,0,0,train:window_29,0,506128.0
2996.0,darpa_cadets:n112268,darpa_cadets:n126776,type_0,type_1,rel_6,0,0,0,0,train:window_29,0,506260.0
2997.0,darpa_cadets:n112268,darpa_cadets:n127516,type_0,type_1,rel_6,0,0,0,0,train:window_29,0,506994.0
2998.0,darpa_cadets:n112268,darpa_cadets:n127587,type_0,type_1,rel_6,0,0,0,0,train:window_29,0,507065.0
2999.0,darpa_cadets:n112268,darpa_cadets:n127643,type_0,type_1,rel_6,0,0,0,0,train:window_29,0,507121.0
3000.0,darpa_cadets:n112268,darpa_cadets:n128099,type_0,type_1,rel_6,0,0,0,0,train:window_29,0,507572.0
3001.0,darpa_cadets:n112268,darpa_cadets:n128241,type_0,type_1,rel_6,0,0,0,0,train:window_30,0,507714.0
3002.0,darpa_cadets:n112268,darpa_cadets:n128253,type_0,type_1,rel_6,0,0,0,0,train:window_30,0,507726.0
3003.0,darpa_cadets:n112268,darpa_cadets:n128336,type_0,type_1,rel_6,0,0,0,0,train:window_30,0,507809.0
3004.0,darpa_cadets:n112268,darpa_cadets:n128464,type_0,type_1,rel_6,0,0,0,0,train:window_30,0,507935.0
3005.0,darpa_cadets:n112268,darpa_cadets:n128481,type_0,type_1,rel_6,0,0,0,0,train:window_30,0,507952.0
3006.0,darpa_cadets:n112268,darpa_cadets:n128552,type_0,type_1,rel_6,0,0,0,0,train:window_30,0,508023.0
3007.0,darpa_cadets:n112268,darpa_cadets:n128574,type_0,type_1,rel_6,0,0,0,0,train:window_30,0,508045.0
3008.0,darpa_cadets:n112268,darpa_cadets:n128852,type_0,type_1,rel_6,0,0,0,0,train:window_30,0,508323.0
3009.0,darpa_cadets:n112268,darpa_cadets:n128867,type_0,type_1,rel_6,0,0,0,0,train:window_30,0,508338.0
3010.0,darpa_cadets:n112268,darpa_cadets:n128906,type_0,type_1,rel_6,0,0,0,0,train:window_30,0,508377.0
3011.0,darpa_cadets:n112268,darpa_cadets:n129179,type_0,type_1,rel_0,0,0,0,0,train:window_30,0,508645.0
3012.0,darpa_cadets:n112268,darpa_cadets:n129369,type_0,type_1,rel_6,0,0,0,0,train:window_30,0,508835.0
3013.0,darpa_cadets:n112268,darpa_cadets:n129477,type_0,type_1,rel_6,0,0,0,0,train:window_30,0,508943.0
3014.0,darpa_cadets:n112268,darpa_cadets:n129544,type_0,type_1,rel_6,0,0,0,0,train:window_30,0,509010.0
3015.0,darpa_cadets:n112268,darpa_cadets:n129607,type_0,type_1,rel_6,0,0,0,0,train:window_30,0,509071.0
3016.0,darpa_cadets:n112268,darpa_cadets:n129628,type_0,type_1,rel_6,0,0,0,0,train:window_30,0,509092.0
3017.0,darpa_cadets:n112268,darpa_cadets:n129742,type_0,type_1,rel_6,0,0,0,0,train:window_30,0,509206.0
3018.0,darpa_cadets:n112268,darpa_cadets:n130036,type_0,type_1,rel_6,0,0,0,0,train:window_30,0,509500.0
3019.0,darpa_cadets:n112268,darpa_cadets:n130152,type_0,type_1,rel_6,0,0,0,0,train:window_30,0,509611.0
3020.0,darpa_cadets:n112268,darpa_cadets:n130181,type_0,type_1,rel_6,0,0,0,0,train:window_30,0,509640.0
3021.0,darpa_cadets:n112268,darpa_cadets:n130713,type_0,type_1,rel_6,0,0,0,0,train:window_30,0,510167.0
3022.0,darpa_cadets:n112268,darpa_cadets:n130719,type_0,type_1,rel_6,0,0,0,0,train:window_30,0,510173.0
3023.0,darpa_cadets:n112268,darpa_cadets:n130970,type_0,type_1,rel_6,0,0,0,0,train:window_30,0,510422.0
3024.0,darpa_cadets:n112268,darpa_cadets:n131155,type_0,type_1,rel_6,0,0,0,0,train:window_30,0,510605.0
3025.0,darpa_cadets:n112268,darpa_cadets:n131729,type_0,type_1,rel_6,0,0,0,0,train:window_30,0,511175.0
3026.0,darpa_cadets:n112268,darpa_cadets:n131823,type_0,type_1,rel_6,0,0,0,0,train:window_30,0,511269.0
3027.0,darpa_cadets:n112268,darpa_cadets:n131840,type_0,type_1,rel_6,0,0,0,0,train:window_30,0,511286.0
3028.0,darpa_cadets:n112268,darpa_cadets:n131852,type_0,type_1,rel_6,0,0,0,0,train:window_30,0,511298.0
3029.0,darpa_cadets:n112268,darpa_cadets:n132053,type_0,type_1,rel_6,0,0,0,0,train:window_30,0,511497.0
3030.0,darpa_cadets:n112268,darpa_cadets:n132055,type_0,type_1,rel_6,0,0,0,0,train:window_30,0,511499.0
3031.0,darpa_cadets:n112268,darpa_cadets:n132467,type_0,type_1,rel_6,0,0,0,0,train:window_30,0,511909.0
3032.0,darpa_cadets:n112268,darpa_cadets:n132599,type_0,type_1,rel_0,0,0,0,0,train:window_30,0,512040.0
3033.0,darpa_cadets:n112268,darpa_cadets:n132783,type_0,type_1,rel_6,0,0,0,0,train:window_30,0,512215.0
3034.0,darpa_cadets:n112268,darpa_cadets:n133110,type_0,type_1,rel_6,0,0,0,0,train:window_30,0,512534.0
3035.0,darpa_cadets:n112268,darpa_cadets:n133137,type_0,type_1,rel_6,0,0,0,0,train:window_30,0,512561.0
3036.0,darpa_cadets:n112268,darpa_cadets:n133142,type_0,type_1,rel_6,0,0,0,0,train:window_30,0,512566.0
3037.0,darpa_cadets:n112268,darpa_cadets:n133523,type_0,type_1,rel_6,0,0,0,0,train:window_30,0,512943.0
3038.0,darpa_cadets:n112268,darpa_cadets:n133637,type_0,type_1,rel_6,0,0,0,0,train:window_30,0,513057.0
3039.0,darpa_cadets:n112268,darpa_cadets:n133865,type_0,type_1,rel_6,0,0,0,0,train:window_30,0,513285.0
3040.0,darpa_cadets:n112268,darpa_cadets:n133883,type_0,type_1,rel_6,0,0,0,0,train:window_30,0,513303.0
3041.0,darpa_cadets:n112268,darpa_cadets:n133900,type_0,type_1,rel_6,0,0,0,0,train:window_30,0,513320.0
3042.0,darpa_cadets:n112268,darpa_cadets:n134008,type_0,type_1,rel_6,0,0,0,0,train:window_30,0,513426.0
3043.0,darpa_cadets:n112268,darpa_cadets:n134036,type_0,type_1,rel_6,0,0,0,0,train:window_30,0,513454.0
3044.0,darpa_cadets:n112478,darpa_cadets:n112268,type_1,type_0,rel_5,0,0,0,0,train:window_30,0,513853.0
3045.0,darpa_cadets:n112732,darpa_cadets:n112268,type_1,type_0,rel_5,0,0,0,0,train:window_30,0,514103.0
3046.0,darpa_cadets:n112855,darpa_cadets:n112268,type_1,type_0,rel_5,0,0,0,0,train:window_30,0,514226.0
3047.0,darpa_cadets:n112897,darpa_cadets:n112268,type_1,type_0,rel_5,0,0,0,0,train:window_30,0,514268.0
3048.0,darpa_cadets:n113012,darpa_cadets:n112268,type_1,type_0,rel_5,0,0,0,0,train:window_30,0,514383.0
3049.0,darpa_cadets:n113320,darpa_cadets:n112268,type_1,type_0,rel_5,0,0,0,0,train:window_30,0,514689.0
3050.0,darpa_cadets:n113324,darpa_cadets:n112268,type_1,type_0,rel_5,0,0,0,0,train:window_30,0,514693.0
3051.0,darpa_cadets:n113476,darpa_cadets:n112268,type_1,type_0,rel_5,0,0,0,0,train:window_30,0,514845.0
3052.0,darpa_cadets:n113681,darpa_cadets:n112268,type_1,type_0,rel_5,0,0,0,0,train:window_30,0,515048.0
3053.0,darpa_cadets:n114006,darpa_cadets:n112268,type_1,type_0,rel_5,0,0,0,0,train:window_30,0,515371.0
3054.0,darpa_cadets:n114344,darpa_cadets:n112268,type_1,type_0,rel_5,0,0,0,0,train:window_30,0,515709.0
3055.0,darpa_cadets:n114443,darpa_cadets:n112268,type_1,type_0,rel_5,0,0,0,0,train:window_30,0,515806.0
3056.0,darpa_cadets:n114700,darpa_cadets:n112268,type_1,type_0,rel_5,0,0,0,0,train:window_30,0,516063.0
3057.0,darpa_cadets:n114942,darpa_cadets:n112268,type_1,type_0,rel_5,0,0,0,0,train:window_30,0,516305.0
3058.0,darpa_cadets:n114989,darpa_cadets:n112268,type_1,type_0,rel_5,0,0,0,0,train:window_30,0,516350.0
3059.0,darpa_cadets:n115033,darpa_cadets:n112268,type_1,type_0,rel_5,0,0,0,0,train:window_30,0,516394.0
3060.0,darpa_cadets:n115126,darpa_cadets:n112268,type_1,type_0,rel_5,0,0,0,0,train:window_30,0,516486.0
3061.0,darpa_cadets:n115169,darpa_cadets:n112268,type_1,type_0,rel_5,0,0,0,0,train:window_30,0,516529.0
3062.0,darpa_cadets:n115210,darpa_cadets:n112268,type_1,type_0,rel_5,0,0,0,0,train:window_30,0,516570.0
3063.0,darpa_cadets:n115226,darpa_cadets:n112268,type_1,type_0,rel_5,0,0,0,0,train:window_30,0,516586.0
3064.0,darpa_cadets:n115382,darpa_cadets:n112268,type_1,type_0,rel_5,0,0,0,0,train:window_30,0,516731.0
3065.0,darpa_cadets:n115412,darpa_cadets:n112268,type_1,type_0,rel_5,0,0,0,0,train:window_30,0,516759.0
3066.0,darpa_cadets:n115413,darpa_cadets:n112268,type_1,type_0,rel_5,0,0,0,0,train:window_30,0,516760.0
3067.0,darpa_cadets:n116155,darpa_cadets:n112268,type_1,type_0,rel_5,0,0,0,0,train:window_30,0,517462.0
3068.0,darpa_cadets:n116254,darpa_cadets:n112268,type_1,type_0,rel_5,0,0,0,0,train:window_30,0,517560.0
3069.0,darpa_cadets:n116374,darpa_cadets:n112268,type_1,type_0,rel_5,0,0,0,0,train:window_30,0,517677.0
3070.0,darpa_cadets:n116513,darpa_cadets:n112268,type_1,type_0,rel_5,0,0,0,0,train:window_30,0,517816.0
3071.0,darpa_cadets:n116582,darpa_cadets:n112268,type_1,type_0,rel_5,0,0,0,0,train:window_30,0,517885.0
3072.0,darpa_cadets:n116665,darpa_cadets:n112268,type_1,type_0,rel_5,0,0,0,0,train:window_30,0,517968.0
3073.0,darpa_cadets:n116775,darpa_cadets:n112268,type_1,type_0,rel_5,0,0,0,0,train:window_30,0,518078.0
3074.0,darpa_cadets:n116801,darpa_cadets:n112268,type_1,type_0,rel_5,0,0,0,0,train:window_30,0,518104.0
3075.0,darpa_cadets:n116802,darpa_cadets:n112268,type_1,type_0,rel_5,0,0,0,0,train:window_30,0,518105.0
3076.0,darpa_cadets:n116851,darpa_cadets:n112268,type_1,type_0,rel_5,0,0,0,0,train:window_30,0,518154.0
3077.0,darpa_cadets:n117193,darpa_cadets:n112268,type_1,type_0,rel_5,0,0,0,0,train:window_30,0,518492.0
3078.0,darpa_cadets:n117234,darpa_cadets:n112268,type_1,type_0,rel_5,0,0,0,0,train:window_30,0,518533.0
3079.0,darpa_cadets:n117695,darpa_cadets:n112268,type_1,type_0,rel_5,0,0,0,0,train:window_30,0,518990.0
3080.0,darpa_cadets:n117702,darpa_cadets:n112268,type_1,type_0,rel_5,0,0,0,0,train:window_30,0,518997.0
3081.0,darpa_cadets:n118079,darpa_cadets:n112268,type_1,type_0,rel_5,0,0,0,0,train:window_30,0,519362.0
3082.0,darpa_cadets:n118263,darpa_cadets:n112268,type_1,type_0,rel_5,0,0,0,0,train:window_30,0,519544.0
3083.0,darpa_cadets:n118268,darpa_cadets:n59670,type_2,type_0,rel_5,0,0,0,0,train:window_30,0,519549.0
3084.0,darpa_cadets:n118508,darpa_cadets:n112268,type_1,type_0,rel_5,0,0,0,0,train:window_30,0,519800.0
3085.0,darpa_cadets:n118647,darpa_cadets:n112268,type_1,type_0,rel_5,0,0,0,0,train:window_30,0,519938.0
3086.0,darpa_cadets:n119237,darpa_cadets:n112268,type_1,type_0,rel_5,0,0,0,0,train:window_30,0,520521.0
3087.0,darpa_cadets:n119770,darpa_cadets:n112268,type_1,type_0,rel_5,0,0,0,0,train:window_30,0,521052.0
3088.0,darpa_cadets:n119787,darpa_cadets:n112268,type_1,type_0,rel_5,0,0,0,0,train:window_30,0,521069.0
3089.0,darpa_cadets:n120118,darpa_cadets:n112268,type_1,type_0,rel_5,0,0,0,0,train:window_30,0,521397.0
3090.0,darpa_cadets:n120155,darpa_cadets:n112268,type_1,type_0,rel_5,0,0,0,0,train:window_30,0,521429.0
3091.0,darpa_cadets:n120387,darpa_cadets:n112268,type_1,type_0,rel_5,0,0,0,0,train:window_30,0,521642.0
3092.0,darpa_cadets:n120563,darpa_cadets:n112268,type_1,type_0,rel_5,0,0,0,0,train:window_30,0,521816.0
3093.0,darpa_cadets:n120675,darpa_cadets:n112268,type_1,type_0,rel_5,0,0,0,0,train:window_30,0,521928.0
3094.0,darpa_cadets:n120745,darpa_cadets:n112268,type_1,type_0,rel_5,0,0,0,0,train:window_30,0,521998.0
3095.0,darpa_cadets:n120852,darpa_cadets:n112268,type_1,type_0,rel_5,0,0,0,0,train:window_30,0,522103.0
3096.0,darpa_cadets:n121085,darpa_cadets:n112268,type_1,type_0,rel_5,0,0,0,0,train:window_30,0,522332.0
3097.0,darpa_cadets:n121113,darpa_cadets:n112268,type_1,type_0,rel_5,0,0,0,0,train:window_30,0,522360.0
3098.0,darpa_cadets:n121339,darpa_cadets:n112268,type_1,type_0,rel_5,0,0,0,0,train:window_30,0,522572.0
3099.0,darpa_cadets:n121398,darpa_cadets:n112268,type_1,type_0,rel_5,0,0,0,0,train:window_30,0,522631.0
3100.0,darpa_cadets:n121450,darpa_cadets:n112268,type_1,type_0,rel_5,0,0,0,0,train:window_30,0,522683.0
3101.0,darpa_cadets:n121486,darpa_cadets:n112268,type_1,type_0,rel_5,0,0,0,0,train:window_31,0,522717.0
3102.0,darpa_cadets:n121762,darpa_cadets:n112268,type_1,type_0,rel_5,0,0,0,0,train:window_31,0,522993.0
3103.0,darpa_cadets:n122247,darpa_cadets:n112268,type_1,type_0,rel_5,0,0,0,0,train:window_31,0,523472.0
3104.0,darpa_cadets:n122277,darpa_cadets:n112268,type_1,type_0,rel_5,0,0,0,0,train:window_31,0,523502.0
3105.0,darpa_cadets:n122313,darpa_cadets:n112268,type_1,type_0,rel_5,0,0,0,0,train:window_31,0,523538.0
3106.0,darpa_cadets:n122669,darpa_cadets:n112268,type_1,type_0,rel_5,0,0,0,0,train:window_31,0,523886.0
3107.0,darpa_cadets:n122724,darpa_cadets:n112268,type_1,type_0,rel_5,0,0,0,0,train:window_31,0,523939.0
3108.0,darpa_cadets:n123224,darpa_cadets:n112268,type_1,type_0,rel_5,0,0,0,0,train:window_31,0,524392.0
3109.0,darpa_cadets:n123273,darpa_cadets:n112268,type_1,type_0,rel_5,0,0,0,0,train:window_31,0,524440.0
3110.0,darpa_cadets:n123301,darpa_cadets:n112268,type_1,type_0,rel_5,0,0,0,0,train:window_31,0,524466.0
3111.0,darpa_cadets:n123323,darpa_cadets:n112268,type_1,type_0,rel_5,0,0,0,0,train:window_31,0,524488.0
3112.0,darpa_cadets:n123399,darpa_cadets:n112268,type_1,type_0,rel_5,0,0,0,0,train:window_31,0,524564.0
3113.0,darpa_cadets:n123456,darpa_cadets:n112268,type_1,type_0,rel_5,0,0,0,0,train:window_31,0,524619.0
3114.0,darpa_cadets:n123601,darpa_cadets:n112268,type_1,type_0,rel_5,0,0,0,0,train:window_31,0,524764.0
3115.0,darpa_cadets:n123677,darpa_cadets:n112268,type_1,type_0,rel_5,0,0,0,0,train:window_31,0,524838.0
3116.0,darpa_cadets:n123687,darpa_cadets:n112268,type_1,type_0,rel_5,0,0,0,0,train:window_31,0,524848.0
3117.0,darpa_cadets:n123712,darpa_cadets:n112268,type_1,type_0,rel_5,0,0,0,0,train:window_31,0,524873.0
3118.0,darpa_cadets:n123877,darpa_cadets:n112268,type_1,type_0,rel_5,0,0,0,0,train:window_31,0,525036.0
3119.0,darpa_cadets:n124066,darpa_cadets:n112268,type_1,type_0,rel_5,0,0,0,0,train:window_31,0,525219.0
3120.0,darpa_cadets:n124115,darpa_cadets:n112268,type_1,type_0,rel_5,0,0,0,0,train:window_31,0,525268.0
3121.0,darpa_cadets:n124167,darpa_cadets:n112268,type_1,type_0,rel_5,0,0,0,0,train:window_31,0,525318.0
3122.0,darpa_cadets:n124336,darpa_cadets:n112268,type_1,type_0,rel_5,0,0,0,0,train:window_31,0,525481.0
3123.0,darpa_cadets:n124338,darpa_cadets:n112268,type_1,type_0,rel_5,0,0,0,0,train:window_31,0,525483.0
3124.0,darpa_cadets:n124385,darpa_cadets:n112268,type_1,type_0,rel_5,0,0,0,0,train:window_31,0,525530.0
3125.0,darpa_cadets:n124470,darpa_cadets:n112268,type_1,type_0,rel_5,0,0,0,0,train:window_31,0,525609.0
3126.0,darpa_cadets:n124478,darpa_cadets:n112268,type_1,type_0,rel_5,0,0,0,0,train:window_31,0,525617.0
3127.0,darpa_cadets:n124524,darpa_cadets:n112268,type_1,type_0,rel_5,0,0,0,0,train:window_31,0,525658.0
3128.0,darpa_cadets:n125374,darpa_cadets:n112268,type_1,type_0,rel_5,0,0,0,0,train:window_31,0,526476.0
3129.0,darpa_cadets:n125479,darpa_cadets:n112268,type_1,type_0,rel_5,0,0,0,0,train:window_31,0,526599.0
3130.0,darpa_cadets:n126176,darpa_cadets:n112268,type_1,type_0,rel_5,0,0,0,0,train:window_31,0,527287.0
3131.0,darpa_cadets:n126693,darpa_cadets:n112268,type_1,type_0,rel_5,0,0,0,0,train:window_31,0,527794.0
3132.0,darpa_cadets:n126801,darpa_cadets:n112268,type_1,type_0,rel_5,0,0,0,0,train:window_31,0,527890.0
3133.0,darpa_cadets:n127078,darpa_cadets:n112268,type_1,type_0,rel_5,0,0,0,0,train:window_31,0,528161.0
3134.0,darpa_cadets:n127107,darpa_cadets:n112268,type_1,type_0,rel_5,0,0,0,0,train:window_31,0,528189.0
3135.0,darpa_cadets:n127484,darpa_cadets:n112268,type_1,type_0,rel_5,0,0,0,0,train:window_31,0,528558.0
3136.0,darpa_cadets:n127837,darpa_cadets:n112268,type_1,type_0,rel_5,0,0,0,0,train:window_31,0,528907.0
3137.0,darpa_cadets:n127906,darpa_cadets:n112268,type_1,type_0,rel_5,0,0,0,0,train:window_31,0,528976.0
3138.0,darpa_cadets:n127917,darpa_cadets:n112268,type_1,type_0,rel_5,0,0,0,0,train:window_31,0,528987.0
3139.0,darpa_cadets:n127928,darpa_cadets:n112268,type_1,type_0,rel_5,0,0,0,0,train:window_31,0,528998.0
3140.0,darpa_cadets:n128158,darpa_cadets:n112268,type_1,type_0,rel_5,0,0,0,0,train:window_31,0,529226.0
3141.0,darpa_cadets:n128561,darpa_cadets:n112268,type_1,type_0,rel_5,0,0,0,0,train:window_31,0,529627.0
3142.0,darpa_cadets:n128598,darpa_cadets:n112268,type_1,type_0,rel_5,0,0,0,0,train:window_31,0,529664.0
3143.0,darpa_cadets:n128624,darpa_cadets:n112268,type_1,type_0,rel_5,0,0,0,0,train:window_31,0,529690.0
3144.0,darpa_cadets:n128817,darpa_cadets:n112268,type_1,type_0,rel_5,0,0,0,0,train:window_31,0,529883.0
3145.0,darpa_cadets:n128996,darpa_cadets:n112268,type_1,type_0,rel_5,0,0,0,0,train:window_31,0,530060.0
3146.0,darpa_cadets:n129191,darpa_cadets:n112268,type_1,type_0,rel_5,0,0,0,0,train:window_31,0,530250.0
3147.0,darpa_cadets:n129635,darpa_cadets:n112268,type_1,type_0,rel_5,0,0,0,0,train:window_31,0,530686.0
3148.0,darpa_cadets:n129678,darpa_cadets:n112268,type_1,type_0,rel_5,0,0,0,0,train:window_31,0,530725.0
3149.0,darpa_cadets:n129733,darpa_cadets:n112268,type_1,type_0,rel_5,0,0,0,0,train:window_31,0,530780.0
3150.0,darpa_cadets:n129872,darpa_cadets:n112268,type_1,type_0,rel_5,0,0,0,0,train:window_31,0,530919.0
3151.0,darpa_cadets:n130092,darpa_cadets:n112268,type_1,type_0,rel_5,0,0,0,0,train:window_31,0,531123.0
3152.0,darpa_cadets:n130298,darpa_cadets:n112268,type_1,type_0,rel_5,0,0,0,0,train:window_31,0,531322.0
3153.0,darpa_cadets:n130363,darpa_cadets:n112268,type_1,type_0,rel_5,0,0,0,0,train:window_31,0,531384.0
3154.0,darpa_cadets:n130399,darpa_cadets:n112268,type_1,type_0,rel_5,0,0,0,0,train:window_31,0,531420.0
3155.0,darpa_cadets:n130451,darpa_cadets:n112268,type_1,type_0,rel_5,0,0,0,0,train:window_31,0,531468.0
3156.0,darpa_cadets:n130549,darpa_cadets:n112268,type_1,type_0,rel_5,0,0,0,0,train:window_31,0,531566.0
3157.0,darpa_cadets:n130599,darpa_cadets:n112268,type_1,type_0,rel_5,0,0,0,0,train:window_31,0,531616.0
3158.0,darpa_cadets:n130955,darpa_cadets:n112268,type_1,type_0,rel_5,0,0,0,0,train:window_31,0,531970.0
3159.0,darpa_cadets:n131100,darpa_cadets:n112268,type_1,type_0,rel_5,0,0,0,0,train:window_31,0,532115.0
3160.0,darpa_cadets:n131108,darpa_cadets:n112268,type_1,type_0,rel_5,0,0,0,0,train:window_31,0,532123.0
3161.0,darpa_cadets:n131335,darpa_cadets:n112268,type_1,type_0,rel_5,0,0,0,0,train:window_31,0,532345.0
3162.0,darpa_cadets:n131504,darpa_cadets:n112268,type_1,type_0,rel_5,0,0,0,0,train:window_31,0,532513.0
3163.0,darpa_cadets:n131651,darpa_cadets:n112268,type_1,type_0,rel_5,0,0,0,0,train:window_31,0,532658.0
3164.0,darpa_cadets:n132272,darpa_cadets:n112268,type_1,type_0,rel_5,0,0,0,0,train:window_31,0,533263.0
3165.0,darpa_cadets:n132317,darpa_cadets:n112268,type_1,type_0,rel_5,0,0,0,0,train:window_31,0,533307.0
3166.0,darpa_cadets:n132337,darpa_cadets:n112268,type_1,type_0,rel_5,0,0,0,0,train:window_31,0,533322.0
3167.0,darpa_cadets:n132427,darpa_cadets:n112268,type_1,type_0,rel_5,0,0,0,0,train:window_31,0,533412.0
3168.0,darpa_cadets:n132592,darpa_cadets:n112268,type_1,type_0,rel_5,0,0,0,0,train:window_31,0,533570.0
3169.0,darpa_cadets:n132595,darpa_cadets:n112268,type_1,type_0,rel_5,0,0,0,0,train:window_31,0,533572.0
3170.0,darpa_cadets:n132777,darpa_cadets:n112268,type_1,type_0,rel_5,0,0,0,0,train:window_31,0,533710.0
3171.0,darpa_cadets:n132897,darpa_cadets:n112268,type_1,type_0,rel_5,0,0,0,0,train:window_31,0,533830.0
3172.0,darpa_cadets:n132929,darpa_cadets:n11,type_0,type_1,rel_6,1,1,0,1,train:window_31,1,533880.0
3173.0,darpa_cadets:n133158,darpa_cadets:n112268,type_1,type_0,rel_5,0,0,0,0,train:window_31,0,534124.0
3174.0,darpa_cadets:n133218,darpa_cadets:n112268,type_1,type_0,rel_5,0,0,0,0,train:window_31,0,534182.0
3175.0,darpa_cadets:n133744,darpa_cadets:n112268,type_1,type_0,rel_5,0,0,0,0,train:window_31,0,534706.0
3176.0,darpa_cadets:n133838,darpa_cadets:n112268,type_1,type_0,rel_5,0,0,0,0,train:window_31,0,534800.0
3177.0,darpa_cadets:n134186,darpa_cadets:n112268,type_1,type_0,rel_5,0,0,0,0,train:window_31,0,535146.0
3178.0,darpa_cadets:n134239,darpa_cadets:n6,type_0,type_1,rel_9,0,0,0,0,train:window_31,0,535287.0
3179.0,darpa_cadets:n134267,darpa_cadets:n7,type_0,type_1,rel_9,1,1,0,1,train:window_31,1,535422.0
3180.0,darpa_cadets:n134267,darpa_cadets:n359,type_0,type_5,rel_11,0,0,0,0,train:window_31,0,535435.0
3181.0,darpa_cadets:n134354,darpa_cadets:n134357,type_0,type_1,rel_6,0,0,0,0,train:window_31,0,535701.0
3182.0,darpa_cadets:n134418,darpa_cadets:n10,type_0,type_1,rel_6,1,1,0,1,train:window_31,1,535755.0
3183.0,darpa_cadets:n134422,darpa_cadets:n17,type_0,type_1,rel_6,0,0,0,0,train:window_31,0,535766.0
3184.0,darpa_cadets:n134521,darpa_cadets:n11,type_0,type_1,rel_6,1,1,0,1,train:window_31,1,535898.0
3185.0,darpa_cadets:n134536,darpa_cadets:n10,type_0,type_1,rel_6,1,1,0,1,train:window_31,1,536014.0
3186.0,darpa_cadets:n134747,darpa_cadets:n103053,type_0,type_1,rel_6,1,1,0,1,train:window_31,1,536263.0
3187.0,darpa_cadets:n134751,darpa_cadets:n5,type_0,type_1,rel_0,0,0,0,0,train:window_31,0,536275.0
3188.0,darpa_cadets:n134752,darpa_cadets:n8,type_0,type_1,rel_6,1,1,0,1,train:window_31,1,536289.0
3189.0,darpa_cadets:n135151,darpa_cadets:n10,type_0,type_1,rel_6,1,1,0,1,train:window_31,1,536629.0
3190.0,darpa_cadets:n135294,darpa_cadets:n31,type_0,type_1,rel_9,0,0,0,0,train:window_31,0,536802.0
3191.0,darpa_cadets:n135297,darpa_cadets:n8,type_0,type_1,rel_6,1,1,0,1,train:window_31,1,536812.0
3192.0,darpa_cadets:n135435,darpa_cadets:n8,type_0,type_1,rel_6,1,1,0,1,train:window_31,1,536870.0
3193.0,darpa_cadets:n135443,darpa_cadets:n19,type_0,type_1,rel_6,0,0,0,0,train:window_31,0,536913.0
3194.0,darpa_cadets:n135995,darpa_cadets:n10,type_0,type_1,rel_6,1,1,0,1,train:window_31,1,537480.0
3195.0,darpa_cadets:n136421,darpa_cadets:n271,type_0,type_1,rel_6,0,0,0,0,train:window_31,0,537906.0
3196.0,darpa_cadets:n136653,darpa_cadets:n53,type_0,type_1,rel_6,0,0,0,0,train:window_31,0,538223.0
3197.0,darpa_cadets:n136653,darpa_cadets:n136656,type_0,type_4,rel_2,0,0,0,0,train:window_31,0,538243.0
3198.0,darpa_cadets:n136653,darpa_cadets:n1065,type_0,type_1,rel_6,0,0,0,0,train:window_31,0,538249.0
3199.0,darpa_cadets:n136728,darpa_cadets:n6,type_0,type_1,rel_9,0,0,0,0,train:window_31,0,538365.0
3200.0,darpa_cadets:n136729,darpa_cadets:n65,type_0,type_1,rel_6,0,0,0,0,train:window_31,0,538392.0
3201.0,darpa_cadets:n136865,darpa_cadets:n49,type_0,type_1,rel_6,1,1,0,1,train:window_32,1,538417.0
3202.0,darpa_cadets:n137152,darpa_cadets:n31,type_0,type_1,rel_9,0,0,0,0,train:window_32,0,538777.0
3203.0,darpa_cadets:n137424,darpa_cadets:n10,type_0,type_1,rel_6,1,1,0,1,train:window_32,1,539010.0
3204.0,darpa_cadets:n137541,darpa_cadets:n13646,type_0,type_1,rel_9,0,0,0,0,train:window_32,0,539080.0
3205.0,darpa_cadets:n137541,darpa_cadets:n137829,type_0,type_2,rel_3,0,0,0,0,train:window_32,0,539118.0
3206.0,darpa_cadets:n137581,darpa_cadets:n17,type_0,type_1,rel_6,0,0,0,0,train:window_32,0,539271.0
3207.0,darpa_cadets:n137587,darpa_cadets:n103053,type_0,type_1,rel_6,1,1,0,1,train:window_32,1,539316.0
3208.0,darpa_cadets:n137655,darpa_cadets:n10,type_0,type_1,rel_6,1,1,0,1,train:window_32,1,539393.0
3209.0,darpa_cadets:n137722,darpa_cadets:n49,type_0,type_1,rel_6,1,1,0,1,train:window_32,1,539475.0
3210.0,darpa_cadets:n138009,darpa_cadets:n5,type_0,type_1,rel_0,0,0,0,0,train:window_32,0,539834.0
3211.0,darpa_cadets:n138069,darpa_cadets:n368,type_0,type_1,rel_6,0,0,0,0,train:window_32,0,539852.0
3212.0,darpa_cadets:n138138,darpa_cadets:n5,type_0,type_1,rel_0,0,0,0,0,train:window_32,0,539907.0
3213.0,darpa_cadets:n138142,darpa_cadets:n138141,type_0,type_3,rel_4,0,0,0,0,train:window_32,0,539934.0
3214.0,darpa_cadets:n138288,darpa_cadets:n103053,type_0,type_1,rel_6,1,1,0,1,train:window_32,1,540024.0
3215.0,darpa_cadets:n138425,darpa_cadets:n5,type_0,type_1,rel_0,0,0,0,0,train:window_32,0,540160.0
3216.0,darpa_cadets:n138437,darpa_cadets:n5,type_0,type_1,rel_0,0,0,0,0,train:window_32,0,540239.0
3217.0,darpa_cadets:n138554,darpa_cadets:n269,type_0,type_1,rel_6,0,0,0,0,train:window_32,0,540249.0
3218.0,darpa_cadets:n138565,darpa_cadets:n7,type_0,type_1,rel_9,1,1,0,1,train:window_32,1,540326.0
3219.0,darpa_cadets:n138838,darpa_cadets:n8,type_0,type_1,rel_6,1,1,0,1,train:window_32,1,540576.0
3220.0,darpa_cadets:n138840,darpa_cadets:n103053,type_0,type_1,rel_6,1,1,0,1,train:window_32,1,540606.0
3221.0,darpa_cadets:n138846,darpa_cadets:n5,type_0,type_1,rel_0,0,0,0,0,train:window_32,0,540643.0
3222.0,darpa_cadets:n139207,darpa_cadets:n8,type_0,type_1,rel_6,1,1,0,1,train:window_32,1,541049.0
3223.0,darpa_cadets:n139207,darpa_cadets:n105906,type_0,type_1,rel_18,0,0,0,0,train:window_32,0,541053.0
3224.0,darpa_cadets:n139279,darpa_cadets:n10,type_0,type_1,rel_6,1,1,0,1,train:window_32,1,541086.0
3225.0,darpa_cadets:n139482,darpa_cadets:n139483,type_0,type_2,rel_2,0,0,0,0,train:window_32,0,541333.0
3226.0,darpa_cadets:n139717,darpa_cadets:n285,type_0,type_1,rel_6,0,0,0,0,train:window_32,0,541548.0
3227.0,darpa_cadets:n139854,darpa_cadets:n8,type_0,type_1,rel_6,1,1,0,1,train:window_32,1,541685.0
3228.0,darpa_cadets:n140267,darpa_cadets:n64,type_0,type_1,rel_6,0,0,0,0,train:window_32,0,542124.0
3229.0,darpa_cadets:n140559,darpa_cadets:n20,type_0,type_1,rel_6,0,0,0,0,train:window_32,0,542386.0
3230.0,darpa_cadets:n140748,darpa_cadets:n140748,type_0,type_0,rel_7,0,0,0,0,train:window_32,0,542641.0
3231.0,darpa_cadets:n140905,darpa_cadets:n140906,type_0,type_0,rel_8,0,0,0,0,train:window_32,0,542892.0
3232.0,darpa_cadets:n141286,darpa_cadets:n10,type_0,type_1,rel_6,1,1,0,1,train:window_32,1,543242.0
3233.0,darpa_cadets:n141417,darpa_cadets:n141419,type_3,type_0,rel_5,0,0,0,0,train:window_32,0,543333.0
3234.0,darpa_cadets:n141420,darpa_cadets:n7,type_0,type_1,rel_9,1,1,0,1,train:window_32,1,543365.0
3235.0,darpa_cadets:n141559,darpa_cadets:n14,type_0,type_1,rel_4,0,0,0,0,train:window_32,0,543506.0
3236.0,darpa_cadets:n141701,darpa_cadets:n8,type_0,type_1,rel_6,1,1,0,1,train:window_32,1,543663.0
3237.0,darpa_cadets:n141717,darpa_cadets:n1078,type_0,type_1,rel_11,0,0,0,0,train:window_32,0,543704.0
3238.0,darpa_cadets:n142113,darpa_cadets:n31,type_0,type_1,rel_9,0,0,0,0,train:window_32,0,543977.0
3239.0,darpa_cadets:n142117,darpa_cadets:n142117,type_0,type_0,rel_7,0,0,0,0,train:window_32,0,544006.0
3240.0,darpa_cadets:n142296,darpa_cadets:n142301,type_0,type_0,rel_8,0,0,0,0,train:window_32,0,544246.0
3241.0,darpa_cadets:n142304,darpa_cadets:n1653,type_0,type_1,rel_9,0,0,0,0,train:window_32,0,544301.0
3242.0,darpa_cadets:n142844,darpa_cadets:n8,type_0,type_1,rel_6,1,1,0,1,train:window_32,1,544860.0
3243.0,darpa_cadets:n142975,darpa_cadets:n142975,type_0,type_0,rel_7,0,0,0,0,train:window_32,0,544960.0
3244.0,darpa_cadets:n143009,darpa_cadets:n1646,type_0,type_1,rel_6,0,0,0,0,train:window_32,0,545056.0
3245.0,darpa_cadets:n143133,darpa_cadets:n10,type_0,type_1,rel_6,1,1,0,1,train:window_32,1,545230.0
3246.0,darpa_cadets:n143169,darpa_cadets:n368,type_0,type_1,rel_6,0,0,0,0,train:window_32,0,545326.0
3247.0,darpa_cadets:n143707,darpa_cadets:n18,type_0,type_1,rel_6,0,0,0,0,train:window_32,0,545801.0
3248.0,darpa_cadets:n143713,darpa_cadets:n11,type_0,type_1,rel_6,1,1,0,1,train:window_32,1,545847.0
3249.0,darpa_cadets:n143846,darpa_cadets:n23,type_0,type_1,rel_6,0,0,0,0,train:window_32,0,545956.0
3250.0,darpa_cadets:n143856,darpa_cadets:n11,type_0,type_1,rel_6,1,1,0,1,train:window_32,1,546019.0
3251.0,darpa_cadets:n144394,darpa_cadets:n144394,type_0,type_0,rel_7,0,0,0,0,train:window_32,0,546415.0
3252.0,darpa_cadets:n144409,darpa_cadets:n20,type_0,type_1,rel_6,0,0,0,0,train:window_32,0,546507.0
3253.0,darpa_cadets:n144702,darpa_cadets:n22,type_0,type_1,rel_6,0,0,0,0,train:window_32,0,546813.0
3254.0,darpa_cadets:n144978,darpa_cadets:n272,type_0,type_1,rel_6,0,0,0,0,train:window_32,0,547079.0
3255.0,darpa_cadets:n144987,darpa_cadets:n10,type_0,type_1,rel_6,1,1,0,1,train:window_32,1,547127.0
3256.0,darpa_cadets:n145278,darpa_cadets:n13,type_0,type_1,rel_6,0,0,0,0,train:window_32,0,547515.0
3257.0,darpa_cadets:n145431,darpa_cadets:n17,type_0,type_1,rel_6,0,0,0,0,train:window_32,0,547632.0
3258.0,darpa_cadets:n145826,darpa_cadets:n269,type_0,type_1,rel_6,0,0,0,0,train:window_32,0,547957.0
3259.0,darpa_cadets:n145830,darpa_cadets:n11,type_0,type_1,rel_6,1,1,0,1,train:window_32,1,547992.0
3260.0,darpa_cadets:n145836,darpa_cadets:n285,type_0,type_1,rel_6,0,0,0,0,train:window_32,0,548024.0
3261.0,darpa_cadets:n145976,darpa_cadets:n103053,type_0,type_1,rel_6,1,1,0,1,train:window_32,1,548159.0
3262.0,darpa_cadets:n146145,darpa_cadets:n10,type_0,type_1,rel_6,1,1,0,1,train:window_32,1,548411.0
3263.0,darpa_cadets:n146565,darpa_cadets:n10,type_0,type_1,rel_6,1,1,0,1,train:window_32,1,548867.0
3264.0,darpa_cadets:n146705,darpa_cadets:n7,type_0,type_1,rel_9,1,1,0,1,train:window_32,1,548944.0
3265.0,darpa_cadets:n146847,darpa_cadets:n146846,type_0,type_3,rel_4,0,0,0,0,train:window_32,0,549096.0
3266.0,darpa_cadets:n146991,darpa_cadets:n31,type_0,type_1,rel_9,0,0,0,0,train:window_32,0,549275.0
3267.0,darpa_cadets:n146991,darpa_cadets:n11,type_0,type_1,rel_6,1,1,0,1,train:window_32,1,549280.0
3268.0,darpa_cadets:n147251,darpa_cadets:n147257,type_0,type_3,rel_1,0,0,0,0,train:window_32,0,549516.0
3269.0,darpa_cadets:n147279,darpa_cadets:n11,type_0,type_1,rel_6,1,1,0,1,train:window_32,1,549627.0
3270.0,darpa_cadets:n147563,darpa_cadets:n272,type_0,type_1,rel_6,0,0,0,0,train:window_32,0,549852.0
3271.0,darpa_cadets:n147576,darpa_cadets:n147576,type_0,type_0,rel_7,0,0,0,0,train:window_32,0,549945.0
3272.0,darpa_cadets:n147693,darpa_cadets:n147699,type_0,type_0,rel_8,0,0,0,0,train:window_32,0,549995.0
3273.0,darpa_cadets:n147720,darpa_cadets:n103053,type_0,type_1,rel_6,1,1,0,1,train:window_32,1,550128.0
3274.0,darpa_cadets:n147723,darpa_cadets:n147725,type_3,type_0,rel_5,0,0,0,0,train:window_32,0,550132.0
3275.0,darpa_cadets:n147855,darpa_cadets:n11,type_0,type_1,rel_6,1,1,0,1,train:window_32,1,550248.0
3276.0,darpa_cadets:n148838,darpa_cadets:n11,type_0,type_1,rel_6,1,1,0,1,train:window_32,1,551168.0
3277.0,darpa_cadets:n148849,darpa_cadets:n8,type_0,type_1,rel_6,1,1,0,1,train:window_32,1,551219.0
3278.0,darpa_cadets:n148854,darpa_cadets:n7,type_0,type_1,rel_9,1,1,0,1,train:window_32,1,551245.0
3279.0,darpa_cadets:n149244,darpa_cadets:n11,type_0,type_1,rel_6,1,1,0,1,train:window_32,1,551651.0
3280.0,darpa_cadets:n149282,darpa_cadets:n149283,type_0,type_4,rel_2,0,0,0,0,train:window_32,0,551778.0
3281.0,darpa_cadets:n149384,darpa_cadets:n10,type_0,type_1,rel_6,1,1,0,1,train:window_32,1,551810.0
3282.0,darpa_cadets:n149844,darpa_cadets:n7,type_0,type_1,rel_9,1,1,0,1,train:window_32,1,552293.0
3283.0,darpa_cadets:n150264,darpa_cadets:n12,type_0,type_1,rel_6,0,0,0,0,train:window_32,0,552664.0
3284.0,darpa_cadets:n150270,darpa_cadets:n8,type_0,type_1,rel_6,1,1,0,1,train:window_32,1,552699.0
3285.0,darpa_cadets:n150391,darpa_cadets:n270,type_0,type_1,rel_9,0,0,0,0,train:window_32,0,552729.0
3286.0,darpa_cadets:n150986,darpa_cadets:n150986,type_0,type_0,rel_7,0,0,0,0,train:window_32,0,553464.0
3287.0,darpa_cadets:n151256,darpa_cadets:n23,type_0,type_1,rel_6,0,0,0,0,train:window_32,0,553710.0
3288.0,darpa_cadets:n151391,darpa_cadets:n285,type_0,type_1,rel_6,0,0,0,0,train:window_32,0,553844.0
3289.0,darpa_cadets:n151502,darpa_cadets:n151502,type_0,type_0,rel_7,0,0,0,0,train:window_32,0,554063.0
3290.0,darpa_cadets:n151720,darpa_cadets:n49,type_0,type_1,rel_6,1,1,0,1,train:window_32,1,554480.0
3291.0,darpa_cadets:n152138,darpa_cadets:n8,type_0,type_1,rel_6,1,1,0,1,train:window_32,1,554931.0
3292.0,darpa_cadets:n152144,darpa_cadets:n10,type_0,type_1,rel_6,1,1,0,1,train:window_32,1,554974.0
3293.0,darpa_cadets:n152224,darpa_cadets:n752,type_0,type_1,rel_0,0,0,0,0,train:window_32,0,554994.0
3294.0,darpa_cadets:n152438,darpa_cadets:n152438,type_0,type_0,rel_7,0,0,0,0,train:window_32,0,555242.0
3295.0,darpa_cadets:n152703,darpa_cadets:n23,type_0,type_1,rel_6,0,0,0,0,train:window_32,0,555460.0
3296.0,darpa_cadets:n152837,darpa_cadets:n23,type_0,type_1,rel_6,0,0,0,0,train:window_32,0,555586.0
3297.0,darpa_cadets:n152969,darpa_cadets:n8,type_0,type_1,rel_6,1,1,0,1,train:window_32,1,555682.0
3298.0,darpa_cadets:n153062,darpa_cadets:n103053,type_0,type_1,rel_6,1,1,0,1,train:window_32,1,555853.0
3299.0,darpa_cadets:n153141,darpa_cadets:n10,type_0,type_1,rel_6,1,1,0,1,train:window_32,1,555961.0
3300.0,darpa_cadets:n153152,darpa_cadets:n7,type_0,type_1,rel_9,1,1,0,1,train:window_32,1,556024.0
3301.0,darpa_cadets:n153273,darpa_cadets:n8,type_0,type_1,rel_6,1,1,0,1,train:window_33,1,556057.0
3302.0,darpa_cadets:n153274,darpa_cadets:n7,type_0,type_1,rel_9,1,1,0,1,train:window_33,1,556070.0
3303.0,darpa_cadets:n153407,darpa_cadets:n11,type_0,type_1,rel_6,1,1,0,1,train:window_33,1,556192.0
3304.0,darpa_cadets:n153411,darpa_cadets:n153411,type_0,type_0,rel_7,0,0,0,0,train:window_33,0,556216.0
3305.0,darpa_cadets:n153416,darpa_cadets:n11,type_0,type_1,rel_6,1,1,0,1,train:window_33,1,556237.0
3306.0,darpa_cadets:n153547,darpa_cadets:n17,type_0,type_1,rel_6,0,0,0,0,train:window_33,0,556335.0
3307.0,darpa_cadets:n153558,darpa_cadets:n18,type_0,type_1,rel_6,0,0,0,0,train:window_33,0,556407.0
3308.0,darpa_cadets:n153560,darpa_cadets:n153560,type_0,type_0,rel_7,0,0,0,0,train:window_33,0,556429.0
3309.0,darpa_cadets:n153640,darpa_cadets:n11,type_0,type_1,rel_6,1,1,0,1,train:window_33,1,556529.0
3310.0,darpa_cadets:n153856,darpa_cadets:n103053,type_0,type_1,rel_6,1,1,0,1,train:window_33,1,556708.0
3311.0,darpa_cadets:n153990,darpa_cadets:n7,type_0,type_1,rel_9,1,1,0,1,train:window_33,1,556832.0
3312.0,darpa_cadets:n153990,darpa_cadets:n272,type_0,type_1,rel_6,0,0,0,0,train:window_33,0,556837.0
3313.0,darpa_cadets:n153994,darpa_cadets:n11,type_0,type_1,rel_6,1,1,0,1,train:window_33,1,556865.0
3314.0,darpa_cadets:n154140,darpa_cadets:n154140,type_0,type_0,rel_7,0,0,0,0,train:window_33,0,557049.0
3315.0,darpa_cadets:n154141,darpa_cadets:n7,type_0,type_1,rel_9,1,1,0,1,train:window_33,1,557052.0
3316.0,darpa_cadets:n154634,darpa_cadets:n11,type_0,type_1,rel_6,1,1,0,1,train:window_33,1,557529.0
3317.0,darpa_cadets:n155280,darpa_cadets:n155282,type_3,type_0,rel_5,0,0,0,0,train:window_33,0,558202.0
3318.0,darpa_cadets:n155281,darpa_cadets:n284,type_0,type_1,rel_9,0,0,0,0,train:window_33,0,558204.0
3319.0,darpa_cadets:n155417,darpa_cadets:n10,type_0,type_1,rel_6,1,1,0,1,train:window_33,1,558363.0
3320.0,darpa_cadets:n155417,darpa_cadets:n11,type_0,type_1,rel_6,1,1,0,1,train:window_33,1,558364.0
3321.0,darpa_cadets:n155691,darpa_cadets:n64,type_0,type_1,rel_6,0,0,0,0,train:window_33,0,558648.0
3322.0,darpa_cadets:n155747,darpa_cadets:n8,type_0,type_1,rel_6,1,1,0,1,train:window_33,1,558675.0
3323.0,darpa_cadets:n156184,darpa_cadets:n11,type_0,type_1,rel_6,1,1,0,1,train:window_33,1,559180.0
3324.0,darpa_cadets:n156403,darpa_cadets:n11,type_0,type_1,rel_6,1,1,0,1,train:window_33,1,559395.0
3325.0,darpa_cadets:n156536,darpa_cadets:n272,type_0,type_1,rel_6,0,0,0,0,train:window_33,0,559504.0
3326.0,darpa_cadets:n156839,darpa_cadets:n17,type_0,type_1,rel_6,0,0,0,0,train:window_33,0,559843.0
3327.0,darpa_cadets:n156839,darpa_cadets:n293,type_0,type_1,rel_6,0,0,0,0,train:window_33,0,559854.0
3328.0,darpa_cadets:n156975,darpa_cadets:n64,type_0,type_1,rel_6,0,0,0,0,train:window_33,0,559983.0
3329.0,darpa_cadets:n157094,darpa_cadets:n49,type_0,type_1,rel_6,1,1,0,1,train:window_33,1,560005.0
3330.0,darpa_cadets:n157236,darpa_cadets:n103053,type_0,type_1,rel_6,1,1,0,1,train:window_33,1,560166.0
3331.0,darpa_cadets:n157527,darpa_cadets:n11,type_0,type_1,rel_6,1,1,0,1,train:window_33,1,560444.0
3332.0,darpa_cadets:n157675,darpa_cadets:n11,type_0,type_1,rel_6,1,1,0,1,train:window_33,1,560649.0
3333.0,darpa_cadets:n157713,darpa_cadets:n1647,type_0,type_1,rel_6,0,0,0,0,train:window_33,0,560676.0
3334.0,darpa_cadets:n157725,darpa_cadets:n19,type_0,type_1,rel_6,0,0,0,0,train:window_33,0,560763.0
3335.0,darpa_cadets:n157826,darpa_cadets:n31,type_0,type_1,rel_9,0,0,0,0,train:window_33,0,560892.0
3336.0,darpa_cadets:n157869,darpa_cadets:n108,type_0,type_1,rel_6,0,0,0,0,train:window_33,0,560929.0
3337.0,darpa_cadets:n157882,darpa_cadets:n368,type_0,type_1,rel_6,0,0,0,0,train:window_33,0,560992.0
3338.0,darpa_cadets:n157980,darpa_cadets:n157980,type_0,type_0,rel_7,0,0,0,0,train:window_33,0,561122.0
3339.0,darpa_cadets:n158542,darpa_cadets:n7,type_0,type_1,rel_9,1,1,0,1,train:window_33,1,561636.0
3340.0,darpa_cadets:n158818,darpa_cadets:n10,type_0,type_1,rel_6,1,1,0,1,train:window_33,1,561840.0
3341.0,darpa_cadets:n158827,darpa_cadets:n7,type_0,type_1,rel_9,1,1,0,1,train:window_33,1,561878.0
3342.0,darpa_cadets:n158964,darpa_cadets:n286,type_0,type_1,rel_9,0,0,0,0,train:window_33,0,562024.0
3343.0,darpa_cadets:n158971,darpa_cadets:n31,type_0,type_1,rel_9,0,0,0,0,train:window_33,0,562073.0
3344.0,darpa_cadets:n159239,darpa_cadets:n103053,type_0,type_1,rel_6,1,1,0,1,train:window_33,1,562306.0
3345.0,darpa_cadets:n159241,darpa_cadets:n10,type_0,type_1,rel_6,1,1,0,1,train:window_33,1,562329.0
3346.0,darpa_cadets:n159558,darpa_cadets:n8,type_0,type_1,rel_6,1,1,0,1,train:window_33,1,562740.0
3347.0,darpa_cadets:n159676,darpa_cadets:n103053,type_0,type_1,rel_6,1,1,0,1,train:window_33,1,562779.0
3348.0,darpa_cadets:n159812,darpa_cadets:n272,type_0,type_1,rel_6,0,0,0,0,train:window_33,0,562908.0
3349.0,darpa_cadets:n159952,darpa_cadets:n286,type_0,type_1,rel_9,0,0,0,0,train:window_33,0,563072.0
3350.0,darpa_cadets:n159952,darpa_cadets:n8,type_0,type_1,rel_6,1,1,0,1,train:window_33,1,563074.0
3351.0,darpa_cadets:n159957,darpa_cadets:n16,type_0,type_1,rel_9,0,0,0,0,train:window_33,0,563099.0
3352.0,darpa_cadets:n159999,darpa_cadets:n103053,type_0,type_1,rel_6,1,1,0,1,train:window_33,1,563254.0
3353.0,darpa_cadets:n160130,darpa_cadets:n160129,type_0,type_3,rel_4,0,0,0,0,train:window_33,0,563478.0
3354.0,darpa_cadets:n160136,darpa_cadets:n10,type_0,type_1,rel_6,1,1,0,1,train:window_33,1,563514.0
3355.0,darpa_cadets:n160138,darpa_cadets:n7,type_0,type_1,rel_9,1,1,0,1,train:window_33,1,563532.0
3356.0,darpa_cadets:n160288,darpa_cadets:n10,type_0,type_1,rel_6,1,1,0,1,train:window_33,1,563621.0
3357.0,darpa_cadets:n160553,darpa_cadets:n18,type_0,type_1,rel_6,0,0,0,0,train:window_33,0,563852.0
3358.0,darpa_cadets:n160695,darpa_cadets:n10,type_0,type_1,rel_6,1,1,0,1,train:window_33,1,564016.0
3359.0,darpa_cadets:n160720,darpa_cadets:n761,type_0,type_1,rel_6,0,0,0,0,train:window_33,0,564086.0
3360.0,darpa_cadets:n160720,darpa_cadets:n763,type_0,type_5,rel_11,0,0,0,0,train:window_33,0,564093.0
3361.0,darpa_cadets:n160838,darpa_cadets:n12,type_0,type_1,rel_6,0,0,0,0,train:window_33,0,564186.0
3362.0,darpa_cadets:n160978,darpa_cadets:n8,type_0,type_1,rel_6,1,1,0,1,train:window_33,1,564240.0
3363.0,darpa_cadets:n160981,darpa_cadets:n5,type_0,type_1,rel_0,0,0,0,0,train:window_33,0,564245.0
3364.0,darpa_cadets:n161414,darpa_cadets:n753,type_0,type_1,rel_0,0,0,0,0,train:window_33,0,564743.0
3365.0,darpa_cadets:n161532,darpa_cadets:n5,type_0,type_1,rel_0,0,0,0,0,train:window_33,0,564807.0
3366.0,darpa_cadets:n161840,darpa_cadets:n8,type_0,type_1,rel_6,1,1,0,1,train:window_33,1,565194.0
3367.0,darpa_cadets:n161846,darpa_cadets:n17,type_0,type_1,rel_6,0,0,0,0,train:window_33,0,565244.0
3368.0,darpa_cadets:n161975,darpa_cadets:n8,type_0,type_1,rel_6,1,1,0,1,train:window_33,1,565341.0
3369.0,darpa_cadets:n161981,darpa_cadets:n161980,type_4,type_0,rel_16,0,0,0,0,train:window_33,0,565386.0
3370.0,darpa_cadets:n162116,darpa_cadets:n65,type_0,type_1,rel_6,0,0,0,0,train:window_33,0,565508.0
3371.0,darpa_cadets:n162391,darpa_cadets:n271,type_0,type_1,rel_6,0,0,0,0,train:window_33,0,565681.0
3372.0,darpa_cadets:n162542,darpa_cadets:n11,type_0,type_1,rel_6,1,1,0,1,train:window_33,1,565904.0
3373.0,darpa_cadets:n162677,darpa_cadets:n162676,type_0,type_3,rel_4,0,0,0,0,train:window_33,0,566009.0
3374.0,darpa_cadets:n163116,darpa_cadets:n11,type_0,type_1,rel_6,1,1,0,1,train:window_33,1,566509.0
3375.0,darpa_cadets:n163126,darpa_cadets:n8,type_0,type_1,rel_6,1,1,0,1,train:window_33,1,566569.0
3376.0,darpa_cadets:n163126,darpa_cadets:n163127,type_0,type_4,rel_2,0,0,0,0,train:window_33,0,566584.0
3377.0,darpa_cadets:n163258,darpa_cadets:n163258,type_0,type_0,rel_7,0,0,0,0,train:window_33,0,566680.0
3378.0,darpa_cadets:n163680,darpa_cadets:n17,type_0,type_1,rel_6,0,0,0,0,train:window_33,0,567055.0
3379.0,darpa_cadets:n163824,darpa_cadets:n64,type_0,type_1,rel_6,0,0,0,0,train:window_33,0,567242.0
3380.0,darpa_cadets:n164248,darpa_cadets:n185,type_0,type_1,rel_6,0,0,0,0,train:window_33,0,567706.0
3381.0,darpa_cadets:n165618,darpa_cadets:n1077,type_0,type_1,rel_9,0,0,0,0,train:window_33,0,569074.0
3382.0,darpa_cadets:n165667,darpa_cadets:n7,type_0,type_1,rel_9,1,1,0,1,train:window_33,1,569182.0
3383.0,darpa_cadets:n165845,darpa_cadets:n174476,type_0,type_2,rel_3,0,0,0,0,train:window_33,0,569461.0
3384.0,darpa_cadets:n165845,darpa_cadets:n174921,type_0,type_2,rel_3,0,0,0,0,train:window_33,0,569464.0
3385.0,darpa_cadets:n166203,darpa_cadets:n1646,type_0,type_1,rel_6,0,0,0,0,train:window_33,0,569777.0
3386.0,darpa_cadets:n166235,darpa_cadets:n11,type_0,type_1,rel_6,1,1,0,1,train:window_33,1,569888.0
3387.0,darpa_cadets:n166250,darpa_cadets:n5,type_0,type_1,rel_0,0,0,0,0,train:window_33,0,569970.0
3388.0,darpa_cadets:n166354,darpa_cadets:n759,type_0,type_5,rel_11,0,0,0,0,train:window_33,0,570014.0
3389.0,darpa_cadets:n166404,darpa_cadets:n7,type_0,type_1,rel_9,1,1,0,1,train:window_33,1,570215.0
3390.0,darpa_cadets:n166817,darpa_cadets:n277,type_0,type_1,rel_6,0,0,0,0,train:window_33,0,570532.0
3391.0,darpa_cadets:n166828,darpa_cadets:n166828,type_0,type_0,rel_11,0,0,0,0,train:window_33,0,570613.0
3392.0,darpa_cadets:n166961,darpa_cadets:n6,type_0,type_1,rel_9,0,0,0,0,train:window_33,0,570719.0
3393.0,darpa_cadets:n167097,darpa_cadets:n17,type_0,type_1,rel_6,0,0,0,0,train:window_33,0,570840.0
3394.0,darpa_cadets:n167384,darpa_cadets:n49,type_0,type_1,rel_6,1,1,0,1,train:window_33,1,571089.0
3395.0,darpa_cadets:n167659,darpa_cadets:n287,type_0,type_1,rel_6,0,0,0,0,train:window_33,0,571370.0
3396.0,darpa_cadets:n167771,darpa_cadets:n11,type_0,type_1,rel_6,1,1,0,1,train:window_33,1,571536.0
3397.0,darpa_cadets:n167811,darpa_cadets:n5,type_0,type_1,rel_0,0,0,0,0,train:window_33,0,571620.0
3398.0,darpa_cadets:n167821,darpa_cadets:n14,type_0,type_1,rel_4,0,0,0,0,train:window_33,0,571697.0
3399.0,darpa_cadets:n168097,darpa_cadets:n18,type_0,type_1,rel_6,0,0,0,0,train:window_33,0,571870.0
3400.0,darpa_cadets:n168240,darpa_cadets:n168240,type_0,type_0,rel_7,0,0,0,0,train:window_33,0,572044.0
3401.0,darpa_cadets:n168246,darpa_cadets:n31,type_0,type_1,rel_9,0,0,0,0,train:window_34,0,572079.0
3402.0,darpa_cadets:n168542,darpa_cadets:n8,type_0,type_1,rel_6,1,1,0,1,train:window_34,1,572483.0
3403.0,darpa_cadets:n168624,darpa_cadets:n168627,type_0,type_3,rel_1,0,0,0,0,train:window_34,0,572531.0
3404.0,darpa_cadets:n168642,darpa_cadets:n7,type_0,type_1,rel_9,1,1,0,1,train:window_34,1,572629.0
3405.0,darpa_cadets:n168851,darpa_cadets:n103053,type_0,type_1,rel_6,1,1,0,1,train:window_34,1,572853.0
3406.0,darpa_cadets:n168985,darpa_cadets:n49,type_0,type_1,rel_6,1,1,0,1,train:window_34,1,572984.0
3407.0,darpa_cadets:n168996,darpa_cadets:n13,type_0,type_1,rel_6,0,0,0,0,train:window_34,0,573039.0
3408.0,darpa_cadets:n169138,darpa_cadets:n20,type_0,type_1,rel_6,0,0,0,0,train:window_34,0,573207.0
3409.0,darpa_cadets:n169220,darpa_cadets:n108,type_0,type_1,rel_6,0,0,0,0,train:window_34,0,573235.0
3410.0,darpa_cadets:n169220,darpa_cadets:n8,type_0,type_1,rel_6,1,1,0,1,train:window_34,1,573242.0
3411.0,darpa_cadets:n169969,darpa_cadets:n169969,type_0,type_0,rel_7,0,0,0,0,train:window_34,0,573976.0
3412.0,darpa_cadets:n170129,darpa_cadets:n7,type_0,type_1,rel_9,1,1,0,1,train:window_34,1,574176.0
3413.0,darpa_cadets:n170407,darpa_cadets:n18,type_0,type_1,rel_6,0,0,0,0,train:window_34,0,574463.0
3414.0,darpa_cadets:n170422,darpa_cadets:n7,type_0,type_1,rel_9,1,1,0,1,train:window_34,1,574547.0
3415.0,darpa_cadets:n170639,darpa_cadets:n10,type_0,type_1,rel_6,1,1,0,1,train:window_34,1,574759.0
3416.0,darpa_cadets:n170703,darpa_cadets:n170702,type_0,type_3,rel_4,0,0,0,0,train:window_34,0,574873.0
3417.0,darpa_cadets:n171117,darpa_cadets:n11,type_0,type_1,rel_6,1,1,0,1,train:window_34,1,575200.0
3418.0,darpa_cadets:n171331,darpa_cadets:n171334,type_0,type_0,rel_8,0,0,0,0,train:window_34,0,575442.0
3419.0,darpa_cadets:n171705,darpa_cadets:n5,type_0,type_1,rel_0,0,0,0,0,train:window_34,0,575887.0
3420.0,darpa_cadets:n171972,darpa_cadets:n10,type_0,type_1,rel_6,1,1,0,1,train:window_34,1,576129.0
3421.0,darpa_cadets:n172542,darpa_cadets:n23,type_0,type_1,rel_6,0,0,0,0,train:window_34,0,576700.0
3422.0,darpa_cadets:n172677,darpa_cadets:n103053,type_0,type_1,rel_6,1,1,0,1,train:window_34,1,576838.0
3423.0,darpa_cadets:n172969,darpa_cadets:n172971,type_3,type_0,rel_5,0,0,0,0,train:window_34,0,577099.0
3424.0,darpa_cadets:n173106,darpa_cadets:n19,type_0,type_1,rel_6,0,0,0,0,train:window_34,0,577240.0
3425.0,darpa_cadets:n173111,darpa_cadets:n10,type_0,type_1,rel_6,1,1,0,1,train:window_34,1,577268.0
3426.0,darpa_cadets:n173696,darpa_cadets:n64,type_0,type_1,rel_6,0,0,0,0,train:window_34,0,577963.0
3427.0,darpa_cadets:n173955,darpa_cadets:n18,type_0,type_1,rel_6,0,0,0,0,train:window_34,0,578136.0
3428.0,darpa_cadets:n174085,darpa_cadets:n5,type_0,type_1,rel_0,0,0,0,0,train:window_34,0,578227.0
3429.0,darpa_cadets:n174148,darpa_cadets:n8,type_0,type_1,rel_6,1,1,0,1,train:window_34,1,578368.0
3430.0,darpa_cadets:n174148,darpa_cadets:n103053,type_0,type_1,rel_6,1,1,0,1,train:window_34,1,578369.0
3431.0,darpa_cadets:n174227,darpa_cadets:n11,type_0,type_1,rel_6,1,1,0,1,train:window_34,1,578400.0
3432.0,darpa_cadets:n174666,darpa_cadets:n7,type_0,type_1,rel_9,1,1,0,1,train:window_34,1,578877.0
3433.0,darpa_cadets:n174767,darpa_cadets:n1432,type_0,type_1,rel_0,0,0,0,0,train:window_34,0,579010.0
3434.0,darpa_cadets:n174862,darpa_cadets:n368,type_0,type_1,rel_6,0,0,0,0,train:window_34,0,579158.0
3435.0,darpa_cadets:n174867,darpa_cadets:n8,type_0,type_1,rel_6,1,1,0,1,train:window_34,1,579184.0
3436.0,darpa_cadets:n174867,darpa_cadets:n1060,type_0,type_1,rel_6,0,0,0,0,train:window_34,0,579195.0
3437.0,darpa_cadets:n175122,darpa_cadets:n284,type_0,type_1,rel_9,0,0,0,0,train:window_34,0,579452.0
3438.0,darpa_cadets:n175247,darpa_cadets:n48,type_0,type_1,rel_6,0,0,0,0,train:window_34,0,579539.0
3439.0,darpa_cadets:n175392,darpa_cadets:n18,type_0,type_1,rel_6,0,0,0,0,train:window_34,0,579713.0
3440.0,darpa_cadets:n176215,darpa_cadets:n49,type_0,type_1,rel_6,1,1,0,1,train:window_34,1,580449.0
3441.0,darpa_cadets:n176269,darpa_cadets:n176264,type_3,type_0,rel_5,0,0,0,0,train:window_34,0,580628.0
3442.0,darpa_cadets:n176272,darpa_cadets:n7,type_0,type_1,rel_9,1,1,0,1,train:window_34,1,580646.0
3443.0,darpa_cadets:n176275,darpa_cadets:n176275,type_0,type_0,rel_7,0,0,0,0,train:window_34,0,580676.0
3444.0,darpa_cadets:n176328,darpa_cadets:n8,type_0,type_1,rel_6,1,1,0,1,train:window_34,1,580720.0
3445.0,darpa_cadets:n176543,darpa_cadets:n11,type_0,type_1,rel_6,1,1,0,1,train:window_34,1,580947.0
3446.0,darpa_cadets:n176976,darpa_cadets:n176973,type_3,type_0,rel_5,0,0,0,0,train:window_34,0,581372.0
3447.0,darpa_cadets:n177107,darpa_cadets:n11,type_0,type_1,rel_6,1,1,0,1,train:window_34,1,581625.0
3448.0,darpa_cadets:n177265,darpa_cadets:n10,type_0,type_1,rel_6,1,1,0,1,train:window_34,1,581776.0
3449.0,darpa_cadets:n177658,darpa_cadets:n177658,type_0,type_0,rel_7,0,0,0,0,train:window_34,0,582087.0
3450.0,darpa_cadets:n177665,darpa_cadets:n10,type_0,type_1,rel_6,1,1,0,1,train:window_34,1,582116.0
3451.0,darpa_cadets:n177804,darpa_cadets:n48,type_0,type_1,rel_6,0,0,0,0,train:window_34,0,582251.0
3452.0,darpa_cadets:n178232,darpa_cadets:n8,type_0,type_1,rel_6,1,1,0,1,train:window_34,1,582662.0
3453.0,darpa_cadets:n178533,darpa_cadets:n1647,type_0,type_1,rel_6,0,0,0,0,train:window_34,0,583049.0
3454.0,darpa_cadets:n178675,darpa_cadets:n31,type_0,type_1,rel_9,0,0,0,0,train:window_34,0,583187.0
3455.0,darpa_cadets:n178816,darpa_cadets:n103053,type_0,type_1,rel_6,1,1,0,1,train:window_34,1,583346.0
3456.0,darpa_cadets:n178955,darpa_cadets:n65,type_0,type_1,rel_6,0,0,0,0,train:window_34,0,583512.0
3457.0,darpa_cadets:n179077,darpa_cadets:n5,type_0,type_1,rel_0,0,0,0,0,train:window_34,0,583541.0
3458.0,darpa_cadets:n179086,darpa_cadets:n286,type_0,type_1,rel_9,0,0,0,0,train:window_34,0,583595.0
3459.0,darpa_cadets:n179087,darpa_cadets:n103053,type_0,type_1,rel_6,1,1,0,1,train:window_34,1,583606.0
3460.0,darpa_cadets:n179091,darpa_cadets:n179092,type_0,type_4,rel_2,0,0,0,0,train:window_34,0,583639.0
3461.0,darpa_cadets:n179403,darpa_cadets:n11,type_0,type_1,rel_6,1,1,0,1,train:window_34,1,584014.0
3462.0,darpa_cadets:n179538,darpa_cadets:n20,type_0,type_1,rel_6,0,0,0,0,train:window_34,0,584156.0
3463.0,darpa_cadets:n179668,darpa_cadets:n103053,type_0,type_1,rel_6,1,1,0,1,train:window_34,1,584227.0
3464.0,darpa_cadets:n179934,darpa_cadets:n179934,type_0,type_0,rel_7,0,0,0,0,train:window_34,0,584468.0
3465.0,darpa_cadets:n179945,darpa_cadets:n5,type_0,type_1,rel_0,0,0,0,0,train:window_34,0,584530.0
3466.0,darpa_cadets:n180012,darpa_cadets:n7,type_0,type_1,rel_9,1,1,0,1,train:window_34,1,584581.0
3467.0,darpa_cadets:n180012,darpa_cadets:n340,type_0,type_1,rel_6,0,0,0,0,train:window_34,0,584589.0
3468.0,darpa_cadets:n180103,darpa_cadets:n752,type_0,type_1,rel_0,0,0,0,0,train:window_34,0,584801.0
3469.0,darpa_cadets:n180246,darpa_cadets:n7,type_0,type_1,rel_9,1,1,0,1,train:window_34,1,584991.0
3470.0,darpa_cadets:n180385,darpa_cadets:n19,type_0,type_1,rel_6,0,0,0,0,train:window_34,0,585152.0
3471.0,darpa_cadets:n180516,darpa_cadets:n103053,type_0,type_1,rel_6,1,1,0,1,train:window_34,1,585245.0
3472.0,darpa_cadets:n180818,darpa_cadets:n22,type_0,type_1,rel_6,0,0,0,0,train:window_34,0,585572.0
3473.0,darpa_cadets:n180943,darpa_cadets:n10,type_0,type_1,rel_6,1,1,0,1,train:window_34,1,585650.0
3474.0,darpa_cadets:n181367,darpa_cadets:n48,type_0,type_1,rel_6,0,0,0,0,train:window_34,0,586052.0
3475.0,darpa_cadets:n181384,darpa_cadets:n22,type_0,type_1,rel_6,0,0,0,0,train:window_34,0,586151.0
3476.0,darpa_cadets:n181511,darpa_cadets:n18,type_0,type_1,rel_6,0,0,0,0,train:window_34,0,586213.0
3477.0,darpa_cadets:n181516,darpa_cadets:n19,type_0,type_1,rel_6,0,0,0,0,train:window_34,0,586239.0
3478.0,darpa_cadets:n181521,darpa_cadets:n7,type_0,type_1,rel_9,1,1,0,1,train:window_34,1,586264.0
3479.0,darpa_cadets:n181521,darpa_cadets:n181521,type_0,type_0,rel_7,0,0,0,0,train:window_34,0,586272.0
3480.0,darpa_cadets:n181662,darpa_cadets:n10,type_0,type_1,rel_6,1,1,0,1,train:window_34,1,586460.0
3481.0,darpa_cadets:n181674,darpa_cadets:n103053,type_0,type_1,rel_6,1,1,0,1,train:window_34,1,586514.0
3482.0,darpa_cadets:n181798,darpa_cadets:n103053,type_0,type_1,rel_6,1,1,0,1,train:window_34,1,586580.0
3483.0,darpa_cadets:n182106,darpa_cadets:n11,type_0,type_1,rel_6,1,1,0,1,train:window_34,1,586970.0
3484.0,darpa_cadets:n182509,darpa_cadets:n13,type_0,type_1,rel_6,0,0,0,0,train:window_34,0,587318.0
3485.0,darpa_cadets:n182510,darpa_cadets:n23,type_0,type_1,rel_6,0,0,0,0,train:window_34,0,587335.0
3486.0,darpa_cadets:n182789,darpa_cadets:n8,type_0,type_1,rel_6,1,1,0,1,train:window_34,1,587531.0
3487.0,darpa_cadets:n183182,darpa_cadets:n183180,type_3,type_0,rel_5,0,0,0,0,train:window_34,0,587921.0
3488.0,darpa_cadets:n183338,darpa_cadets:n49,type_0,type_1,rel_6,1,1,0,1,train:window_34,1,588226.0
3489.0,darpa_cadets:n183528,darpa_cadets:n183528,type_0,type_0,rel_7,0,0,0,0,train:window_34,0,588461.0
3490.0,darpa_cadets:n183535,darpa_cadets:n31,type_0,type_1,rel_9,0,0,0,0,train:window_34,0,588504.0
3491.0,darpa_cadets:n183668,darpa_cadets:n103053,type_0,type_1,rel_6,1,1,0,1,train:window_34,1,588609.0
3492.0,darpa_cadets:n183808,darpa_cadets:n5,type_0,type_1,rel_0,0,0,0,0,train:window_34,0,588750.0
3493.0,darpa_cadets:n183928,darpa_cadets:n31,type_0,type_1,rel_9,0,0,0,0,train:window_34,0,588797.0
3494.0,darpa_cadets:n184370,darpa_cadets:n17,type_0,type_1,rel_6,0,0,0,0,train:window_34,0,589286.0
3495.0,darpa_cadets:n184625,darpa_cadets:n5,type_0,type_1,rel_0,0,0,0,0,train:window_34,0,589438.0
3496.0,darpa_cadets:n184634,darpa_cadets:n13,type_0,type_1,rel_6,0,0,0,0,train:window_34,0,589502.0
3497.0,darpa_cadets:n185352,darpa_cadets:n7,type_0,type_1,rel_9,1,1,0,1,train:window_34,1,590283.0
3498.0,darpa_cadets:n185352,darpa_cadets:n185,type_0,type_1,rel_6,0,0,0,0,train:window_34,0,590289.0
3499.0,darpa_cadets:n185477,darpa_cadets:n53,type_0,type_1,rel_6,0,0,0,0,train:window_34,0,590549.0
3500.0,darpa_cadets:n185490,darpa_cadets:n185490,type_0,type_0,rel_11,0,0,0,0,train:window_34,0,590640.0
3501.0,darpa_cadets:n185830,darpa_cadets:n16,type_0,type_1,rel_9,0,0,0,0,train:window_35,0,591018.0
3502.0,darpa_cadets:n185955,darpa_cadets:n270,type_0,type_1,rel_9,0,0,0,0,train:window_35,0,591073.0
3503.0,darpa_cadets:n185965,darpa_cadets:n8,type_0,type_1,rel_6,1,1,0,1,train:window_35,1,591135.0
3504.0,darpa_cadets:n186089,darpa_cadets:n49,type_0,type_1,rel_6,1,1,0,1,train:window_35,1,591207.0
3505.0,darpa_cadets:n186228,darpa_cadets:n270,type_0,type_1,rel_9,0,0,0,0,train:window_35,0,591351.0
3506.0,darpa_cadets:n186237,darpa_cadets:n7,type_0,type_1,rel_9,1,1,0,1,train:window_35,1,591404.0
3507.0,darpa_cadets:n186242,darpa_cadets:n8,type_0,type_1,rel_6,1,1,0,1,train:window_35,1,591414.0
3508.0,darpa_cadets:n186391,darpa_cadets:n8,type_0,type_1,rel_6,1,1,0,1,train:window_35,1,591520.0
3509.0,darpa_cadets:n186391,darpa_cadets:n13,type_0,type_1,rel_6,0,0,0,0,train:window_35,0,591534.0
3510.0,darpa_cadets:n186529,darpa_cadets:n287,type_0,type_1,rel_6,0,0,0,0,train:window_35,0,591659.0
3511.0,darpa_cadets:n186804,darpa_cadets:n6,type_0,type_1,rel_9,0,0,0,0,train:window_35,0,591934.0
3512.0,darpa_cadets:n187384,darpa_cadets:n7,type_0,type_1,rel_9,1,1,0,1,train:window_35,1,592599.0
3513.0,darpa_cadets:n187512,darpa_cadets:n12,type_0,type_1,rel_6,0,0,0,0,train:window_35,0,592691.0
3514.0,darpa_cadets:n187648,darpa_cadets:n48,type_0,type_1,rel_6,0,0,0,0,train:window_35,0,592812.0
3515.0,darpa_cadets:n187790,darpa_cadets:n1077,type_0,type_1,rel_9,0,0,0,0,train:window_35,0,592911.0
3516.0,darpa_cadets:n187936,darpa_cadets:n269,type_0,type_1,rel_6,0,0,0,0,train:window_35,0,593051.0
3517.0,darpa_cadets:n188664,darpa_cadets:n8,type_0,type_1,rel_6,1,1,0,1,train:window_35,1,593927.0
3518.0,darpa_cadets:n188789,darpa_cadets:n188789,type_0,type_0,rel_7,0,0,0,0,train:window_35,0,593992.0
3519.0,darpa_cadets:n188919,darpa_cadets:n5,type_0,type_1,rel_0,0,0,0,0,train:window_35,0,594081.0
3520.0,darpa_cadets:n189220,darpa_cadets:n189220,type_0,type_0,rel_7,0,0,0,0,train:window_35,0,594414.0
3521.0,darpa_cadets:n189503,darpa_cadets:n105328,type_0,type_1,rel_6,0,0,0,0,train:window_35,0,594739.0
3522.0,darpa_cadets:n189637,darpa_cadets:n16,type_0,type_1,rel_9,0,0,0,0,train:window_35,0,594851.0
3523.0,darpa_cadets:n189700,darpa_cadets:n293,type_0,type_1,rel_6,0,0,0,0,train:window_35,0,594931.0
3524.0,darpa_cadets:n189700,darpa_cadets:n189699,type_0,type_4,rel_4,0,0,0,0,train:window_35,0,594934.0
3525.0,darpa_cadets:n190137,darpa_cadets:n190145,type_0,type_0,rel_8,0,0,0,0,train:window_35,0,595428.0
3526.0,darpa_cadets:n190787,darpa_cadets:n7,type_0,type_1,rel_9,1,1,0,1,train:window_35,1,596083.0
3527.0,darpa_cadets:n191065,darpa_cadets:n7,type_0,type_1,rel_9,1,1,0,1,train:window_35,1,596367.0
3528.0,darpa_cadets:n191067,darpa_cadets:n103053,type_0,type_1,rel_6,1,1,0,1,train:window_35,1,596398.0
3529.0,darpa_cadets:n191070,darpa_cadets:n103053,type_0,type_1,rel_6,1,1,0,1,train:window_35,1,596406.0
3530.0,darpa_cadets:n191206,darpa_cadets:n8,type_0,type_1,rel_6,1,1,0,1,train:window_35,1,596549.0
3531.0,darpa_cadets:n191491,darpa_cadets:n7,type_0,type_1,rel_9,1,1,0,1,train:window_35,1,596772.0
3532.0,darpa_cadets:n191622,darpa_cadets:n103053,type_0,type_1,rel_6,1,1,0,1,train:window_35,1,596877.0
3533.0,darpa_cadets:n191632,darpa_cadets:n6,type_0,type_1,rel_9,0,0,0,0,train:window_35,0,596934.0
3534.0,darpa_cadets:n191680,darpa_cadets:n103053,type_0,type_1,rel_6,1,1,0,1,train:window_35,1,597016.0
3535.0,darpa_cadets:n191783,darpa_cadets:n13,type_0,type_1,rel_6,0,0,0,0,train:window_35,0,597189.0
3536.0,darpa_cadets:n191828,darpa_cadets:n368,type_0,type_1,rel_6,0,0,0,0,train:window_35,0,597232.0
3537.0,darpa_cadets:n191845,darpa_cadets:n191845,type_0,type_0,rel_7,0,0,0,0,train:window_35,0,597336.0
3538.0,darpa_cadets:n191936,darpa_cadets:n103053,type_0,type_1,rel_6,1,1,0,1,train:window_35,1,597423.0
3539.0,darpa_cadets:n192078,darpa_cadets:n31,type_0,type_1,rel_9,0,0,0,0,train:window_35,0,597494.0
3540.0,darpa_cadets:n192081,darpa_cadets:n271,type_0,type_1,rel_6,0,0,0,0,train:window_35,0,597507.0
3541.0,darpa_cadets:n192923,darpa_cadets:n103053,type_0,type_1,rel_6,1,1,0,1,train:window_35,1,598329.0
3542.0,darpa_cadets:n192929,darpa_cadets:n11,type_0,type_1,rel_6,1,1,0,1,train:window_35,1,598381.0
3543.0,darpa_cadets:n192929,darpa_cadets:n23,type_0,type_1,rel_6,0,0,0,0,train:window_35,0,598387.0
3544.0,darpa_cadets:n193188,darpa_cadets:n271,type_0,type_1,rel_6,0,0,0,0,train:window_35,0,598559.0
3545.0,darpa_cadets:n193235,darpa_cadets:n1645,type_0,type_1,rel_6,0,0,0,0,train:window_35,0,598684.0
3546.0,darpa_cadets:n193347,darpa_cadets:n10,type_0,type_1,rel_6,1,1,0,1,train:window_35,1,598847.0
3547.0,darpa_cadets:n193777,darpa_cadets:n8,type_0,type_1,rel_6,1,1,0,1,train:window_35,1,599250.0
3548.0,darpa_cadets:n193779,darpa_cadets:n7,type_0,type_1,rel_9,1,1,0,1,train:window_35,1,599278.0
3549.0,darpa_cadets:n193914,darpa_cadets:n193914,type_0,type_0,rel_7,0,0,0,0,train:window_35,0,599401.0
3550.0,darpa_cadets:n193967,darpa_cadets:n1653,type_0,type_1,rel_9,0,0,0,0,train:window_35,0,599606.0
3551.0,darpa_cadets:n193987,darpa_cadets:n11,type_0,type_1,rel_6,1,1,0,1,train:window_35,1,599728.0
3552.0,darpa_cadets:n194059,darpa_cadets:n209,type_0,type_1,rel_6,0,0,0,0,train:window_35,0,599793.0
3553.0,darpa_cadets:n194292,darpa_cadets:n49,type_0,type_1,rel_6,1,1,0,1,train:window_35,1,600293.0
3554.0,darpa_cadets:n194603,darpa_cadets:n7,type_0,type_1,rel_9,1,1,0,1,train:window_35,1,600749.0
3555.0,darpa_cadets:n194684,darpa_cadets:n342,type_0,type_1,rel_6,1,1,0,1,train:window_35,1,600771.0
3556.0,darpa_cadets:n194925,darpa_cadets:n1057,type_0,type_1,rel_9,0,0,0,0,train:window_35,0,601321.0
3557.0,darpa_cadets:n194979,darpa_cadets:n194979,type_0,type_0,rel_11,0,0,0,0,train:window_35,0,601554.0
3558.0,darpa_cadets:n195108,darpa_cadets:n195152,type_0,type_4,rel_2,0,0,0,0,train:window_35,0,601624.0
3559.0,darpa_cadets:n195130,darpa_cadets:n195108,type_4,type_0,rel_5,0,0,0,0,train:window_35,0,601705.0
3560.0,darpa_cadets:n195174,darpa_cadets:n5,type_0,type_1,rel_0,0,0,0,0,train:window_35,0,601857.0
3561.0,darpa_cadets:n195174,darpa_cadets:n11,type_0,type_1,rel_6,1,1,0,1,train:window_35,1,601863.0
3562.0,darpa_cadets:n195180,darpa_cadets:n195168,type_0,type_1,rel_6,0,0,0,0,train:window_35,0,601907.0
3563.0,darpa_cadets:n195180,darpa_cadets:n1252,type_0,type_1,rel_6,0,0,0,0,train:window_35,0,601920.0
3564.0,darpa_cadets:n195211,darpa_cadets:n1235,type_0,type_1,rel_6,0,0,0,0,train:window_35,0,602075.0
3565.0,darpa_cadets:n195249,darpa_cadets:n196772,type_0,type_4,rel_2,0,0,0,0,train:window_35,0,602310.0
3566.0,darpa_cadets:n195256,darpa_cadets:n195249,type_4,type_0,rel_16,0,0,0,0,train:window_35,0,602314.0
3567.0,darpa_cadets:n195465,darpa_cadets:n342,type_0,type_1,rel_6,1,1,0,1,train:window_35,1,602645.0
3568.0,darpa_cadets:n195605,darpa_cadets:n7,type_0,type_1,rel_9,1,1,0,1,train:window_35,1,602835.0
3569.0,darpa_cadets:n196014,darpa_cadets:n196028,type_0,type_2,rel_2,0,0,0,0,train:window_35,0,603389.0
3570.0,darpa_cadets:n196017,darpa_cadets:n196001,type_4,type_0,rel_16,0,0,0,0,train:window_35,0,603425.0
3571.0,darpa_cadets:n196263,darpa_cadets:n5,type_0,type_1,rel_0,0,0,0,0,train:window_35,0,603811.0
3572.0,darpa_cadets:n196565,darpa_cadets:n195666,type_2,type_0,rel_5,0,0,0,0,train:window_35,0,604029.0
3573.0,darpa_cadets:n196576,darpa_cadets:n195384,type_4,type_0,rel_16,0,0,0,0,train:window_35,0,604038.0
3574.0,darpa_cadets:n196581,darpa_cadets:n196581,type_0,type_0,rel_7,0,0,0,0,train:window_35,0,604057.0
3575.0,darpa_cadets:n196698,darpa_cadets:n7,type_0,type_1,rel_9,1,1,0,1,train:window_35,1,604304.0
3576.0,darpa_cadets:n196789,darpa_cadets:n12,type_0,type_1,rel_6,0,0,0,0,train:window_35,0,604445.0
3577.0,darpa_cadets:n196789,darpa_cadets:n196802,type_0,type_1,rel_6,0,0,0,0,train:window_35,0,604470.0
3578.0,darpa_cadets:n196972,darpa_cadets:n49,type_0,type_1,rel_6,1,1,0,1,train:window_35,1,604774.0
3579.0,darpa_cadets:n197474,darpa_cadets:n197488,type_0,type_2,rel_2,0,0,0,0,train:window_35,0,605329.0
3580.0,darpa_cadets:n197501,darpa_cadets:n19,type_0,type_1,rel_6,0,0,0,0,train:window_35,0,605427.0
3581.0,darpa_cadets:n197580,darpa_cadets:n64,type_0,type_1,rel_6,0,0,0,0,train:window_35,0,605548.0
3582.0,darpa_cadets:n197857,darpa_cadets:n272,type_0,type_1,rel_6,0,0,0,0,train:window_35,0,605721.0
3583.0,darpa_cadets:n197858,darpa_cadets:n31,type_0,type_1,rel_9,0,0,0,0,train:window_35,0,605729.0
3584.0,darpa_cadets:n198015,darpa_cadets:n103053,type_0,type_1,rel_6,1,1,0,1,train:window_35,1,606003.0
3585.0,darpa_cadets:n198295,darpa_cadets:n19,type_0,type_1,rel_0,0,0,0,0,train:window_35,0,606305.0
3586.0,darpa_cadets:n198295,darpa_cadets:n10,type_0,type_1,rel_6,1,1,0,1,train:window_35,1,606316.0
3587.0,darpa_cadets:n198449,darpa_cadets:n293,type_0,type_1,rel_6,0,0,0,0,train:window_35,0,606476.0
3588.0,darpa_cadets:n198474,darpa_cadets:n359,type_0,type_5,rel_11,0,0,0,0,train:window_35,0,606531.0
3589.0,darpa_cadets:n198612,darpa_cadets:n18,type_0,type_1,rel_6,0,0,0,0,train:window_35,0,606709.0
3590.0,darpa_cadets:n198617,darpa_cadets:n287,type_0,type_1,rel_6,0,0,0,0,train:window_35,0,606736.0
3591.0,darpa_cadets:n198747,darpa_cadets:n10,type_0,type_1,rel_6,1,1,0,1,train:window_35,1,606843.0
3592.0,darpa_cadets:n198751,darpa_cadets:n198751,type_0,type_0,rel_7,0,0,0,0,train:window_35,0,606866.0
3593.0,darpa_cadets:n198883,darpa_cadets:n31,type_0,type_1,rel_9,0,0,0,0,train:window_35,0,606965.0
3594.0,darpa_cadets:n198888,darpa_cadets:n286,type_0,type_1,rel_9,0,0,0,0,train:window_35,0,606995.0
3595.0,darpa_cadets:n198934,darpa_cadets:n198934,type_0,type_0,rel_7,0,0,0,0,train:window_35,0,607054.0
3596.0,darpa_cadets:n199031,darpa_cadets:n199031,type_0,type_0,rel_7,0,0,0,0,train:window_35,0,607161.0
3597.0,darpa_cadets:n199036,darpa_cadets:n10,type_0,type_1,rel_6,1,1,0,1,train:window_35,1,607184.0
3598.0,darpa_cadets:n199246,darpa_cadets:n19,type_0,type_1,rel_0,0,0,0,0,train:window_35,0,607454.0
3599.0,darpa_cadets:n199336,darpa_cadets:n185,type_0,type_1,rel_6,0,0,0,0,train:window_35,0,607513.0
3600.0,darpa_cadets:n199485,darpa_cadets:n103053,type_0,type_1,rel_6,1,1,0,1,train:window_35,1,607748.0
3601.0,darpa_cadets:n199630,darpa_cadets:n199629,type_4,type_0,rel_16,0,0,0,0,train:window_36,0,607948.0
3602.0,darpa_cadets:n200349,darpa_cadets:n11,type_0,type_1,rel_6,1,1,0,1,train:window_36,1,608697.0
3603.0,darpa_cadets:n200359,darpa_cadets:n103053,type_0,type_1,rel_6,1,1,0,1,train:window_36,1,608749.0
3604.0,darpa_cadets:n200479,darpa_cadets:n368,type_0,type_1,rel_6,0,0,0,0,train:window_36,0,608814.0
3605.0,darpa_cadets:n200644,darpa_cadets:n103053,type_0,type_1,rel_6,1,1,0,1,train:window_36,1,608984.0
3606.0,darpa_cadets:n200649,darpa_cadets:n13,type_0,type_1,rel_6,0,0,0,0,train:window_36,0,609020.0
3607.0,darpa_cadets:n201082,darpa_cadets:n7,type_0,type_1,rel_9,1,1,0,1,train:window_36,1,609576.0
3608.0,darpa_cadets:n201355,darpa_cadets:n271,type_0,type_1,rel_6,0,0,0,0,train:window_36,0,609741.0
3609.0,darpa_cadets:n201365,darpa_cadets:n285,type_0,type_1,rel_6,0,0,0,0,train:window_36,0,609803.0
3610.0,darpa_cadets:n201535,darpa_cadets:n181,type_0,type_1,rel_6,1,1,0,1,train:window_36,1,610087.0
3611.0,darpa_cadets:n201676,darpa_cadets:n14,type_0,type_1,rel_4,0,0,0,0,train:window_36,0,610253.0
3612.0,darpa_cadets:n201677,darpa_cadets:n19,type_0,type_1,rel_6,0,0,0,0,train:window_36,0,610264.0
3613.0,darpa_cadets:n202108,darpa_cadets:n10,type_0,type_1,rel_6,1,1,0,1,train:window_36,1,610683.0
3614.0,darpa_cadets:n202510,darpa_cadets:n7,type_0,type_1,rel_9,1,1,0,1,train:window_36,1,611038.0
3615.0,darpa_cadets:n202622,darpa_cadets:n10,type_0,type_1,rel_6,1,1,0,1,train:window_36,1,611171.0
3616.0,darpa_cadets:n202627,darpa_cadets:n199475,type_0,type_1,rel_18,0,0,0,0,train:window_36,0,611213.0
3617.0,darpa_cadets:n203397,darpa_cadets:n293,type_0,type_1,rel_6,0,0,0,0,train:window_36,0,612244.0
3618.0,darpa_cadets:n203430,darpa_cadets:n48,type_0,type_1,rel_6,0,0,0,0,train:window_36,0,612353.0
3619.0,darpa_cadets:n203431,darpa_cadets:n10,type_0,type_1,rel_6,1,1,0,1,train:window_36,1,612364.0
3620.0,darpa_cadets:n203614,darpa_cadets:n5694,type_0,type_1,rel_0,0,0,0,0,train:window_36,0,612611.0
3621.0,darpa_cadets:n203740,darpa_cadets:n64,type_0,type_1,rel_6,0,0,0,0,train:window_36,0,612730.0
3622.0,darpa_cadets:n203999,darpa_cadets:n103053,type_0,type_1,rel_6,1,1,0,1,train:window_36,1,612896.0
3623.0,darpa_cadets:n204010,darpa_cadets:n23,type_0,type_1,rel_6,0,0,0,0,train:window_36,0,612977.0
3624.0,darpa_cadets:n204434,darpa_cadets:n103053,type_0,type_1,rel_6,1,1,0,1,train:window_36,1,613304.0
3625.0,darpa_cadets:n204452,darpa_cadets:n103053,type_0,type_1,rel_6,1,1,0,1,train:window_36,1,613406.0
3626.0,darpa_cadets:n204578,darpa_cadets:n7,type_0,type_1,rel_9,1,1,0,1,train:window_36,1,613460.0
3627.0,darpa_cadets:n204578,darpa_cadets:n181,type_0,type_1,rel_6,1,1,0,1,train:window_36,1,613464.0
3628.0,darpa_cadets:n204718,darpa_cadets:n5,type_0,type_1,rel_0,0,0,0,0,train:window_36,0,613632.0
3629.0,darpa_cadets:n204718,darpa_cadets:n8,type_0,type_1,rel_6,1,1,0,1,train:window_36,1,613635.0
3630.0,darpa_cadets:n204718,darpa_cadets:n22,type_0,type_1,rel_6,0,0,0,0,train:window_36,0,613645.0
3631.0,darpa_cadets:n204802,darpa_cadets:n50,type_0,type_1,rel_6,0,0,0,0,train:window_36,0,613683.0
3632.0,darpa_cadets:n204849,darpa_cadets:n7,type_0,type_1,rel_9,1,1,0,1,train:window_36,1,613729.0
3633.0,darpa_cadets:n204861,darpa_cadets:n8,type_0,type_1,rel_6,1,1,0,1,train:window_36,1,613809.0
3634.0,darpa_cadets:n204941,darpa_cadets:n204943,type_0,type_3,rel_1,0,0,0,0,train:window_36,0,613841.0
3635.0,darpa_cadets:n205461,darpa_cadets:n21,type_0,type_1,rel_6,0,0,0,0,train:window_36,0,614462.0
3636.0,darpa_cadets:n206018,darpa_cadets:n8,type_0,type_1,rel_6,1,1,0,1,train:window_36,1,614957.0
3637.0,darpa_cadets:n206146,darpa_cadets:n17,type_0,type_1,rel_6,0,0,0,0,train:window_36,0,615042.0
3638.0,darpa_cadets:n206529,darpa_cadets:n1653,type_0,type_1,rel_9,0,0,0,0,train:window_36,0,615488.0
3639.0,darpa_cadets:n206600,darpa_cadets:n286,type_0,type_1,rel_9,0,0,0,0,train:window_36,0,615625.0
3640.0,darpa_cadets:n206743,darpa_cadets:n103053,type_0,type_1,rel_6,1,1,0,1,train:window_36,1,615803.0
3641.0,darpa_cadets:n206921,darpa_cadets:n206922,type_0,type_1,rel_6,0,0,0,0,train:window_36,0,616006.0
3642.0,darpa_cadets:n206944,darpa_cadets:n1064,type_0,type_1,rel_6,0,0,0,0,train:window_36,0,616071.0
3643.0,darpa_cadets:n207075,darpa_cadets:n108,type_0,type_1,rel_6,0,0,0,0,train:window_36,0,616452.0
3644.0,darpa_cadets:n207085,darpa_cadets:n1327,type_0,type_1,rel_9,0,0,0,0,train:window_36,0,616497.0
3645.0,darpa_cadets:n207157,darpa_cadets:n103053,type_0,type_1,rel_6,1,1,0,1,train:window_36,1,616727.0
3646.0,darpa_cadets:n207166,darpa_cadets:n10,type_0,type_1,rel_6,1,1,0,1,train:window_36,1,616774.0
3647.0,darpa_cadets:n207167,darpa_cadets:n293,type_0,type_1,rel_6,0,0,0,0,train:window_36,0,616796.0
3648.0,darpa_cadets:n207292,darpa_cadets:n53,type_0,type_1,rel_6,0,0,0,0,train:window_36,0,616823.0
3649.0,darpa_cadets:n207309,darpa_cadets:n8,type_0,type_1,rel_6,1,1,0,1,train:window_36,1,616847.0
3650.0,darpa_cadets:n207459,darpa_cadets:n7,type_0,type_1,rel_9,1,1,0,1,train:window_36,1,617052.0
3651.0,darpa_cadets:n207579,darpa_cadets:n5,type_0,type_1,rel_0,0,0,0,0,train:window_36,0,617096.0
3652.0,darpa_cadets:n207808,darpa_cadets:n11,type_0,type_1,rel_6,1,1,0,1,train:window_36,1,617376.0
3653.0,darpa_cadets:n208177,darpa_cadets:n13,type_0,type_1,rel_6,0,0,0,0,train:window_36,0,617823.0
3654.0,darpa_cadets:n208362,darpa_cadets:n7,type_0,type_1,rel_9,1,1,0,1,train:window_36,1,618250.0
3655.0,darpa_cadets:n208442,darpa_cadets:n1246,type_0,type_5,rel_11,0,0,0,0,train:window_36,0,618455.0
3656.0,darpa_cadets:n208469,darpa_cadets:n208493,type_0,type_1,rel_6,0,0,0,0,train:window_36,0,618608.0
3657.0,darpa_cadets:n208496,darpa_cadets:n23,type_0,type_1,rel_6,0,0,0,0,train:window_36,0,618724.0
3658.0,darpa_cadets:n208608,darpa_cadets:n208608,type_0,type_0,rel_7,0,0,0,0,train:window_36,0,618876.0
3659.0,darpa_cadets:n208759,darpa_cadets:n11,type_0,type_1,rel_6,1,1,0,1,train:window_36,1,619086.0
3660.0,darpa_cadets:n208914,darpa_cadets:n7,type_0,type_1,rel_9,1,1,0,1,train:window_36,1,619229.0
3661.0,darpa_cadets:n209165,darpa_cadets:n272,type_0,type_1,rel_6,0,0,0,0,train:window_36,0,619370.0
3662.0,darpa_cadets:n209310,darpa_cadets:n12,type_0,type_1,rel_6,0,0,0,0,train:window_36,0,619551.0
3663.0,darpa_cadets:n209312,darpa_cadets:n7,type_0,type_1,rel_9,1,1,0,1,train:window_36,1,619566.0
3664.0,darpa_cadets:n209368,darpa_cadets:n7,type_0,type_1,rel_9,1,1,0,1,train:window_36,1,619628.0
3665.0,darpa_cadets:n209570,darpa_cadets:n223316,type_0,type_2,rel_3,0,0,0,0,train:window_36,0,619883.0
3666.0,darpa_cadets:n209747,darpa_cadets:n7,type_0,type_1,rel_9,1,1,0,1,train:window_36,1,620124.0
3667.0,darpa_cadets:n209753,darpa_cadets:n5,type_0,type_1,rel_0,0,0,0,0,train:window_36,0,620163.0
3668.0,darpa_cadets:n210481,darpa_cadets:n5,type_0,type_1,rel_0,0,0,0,0,train:window_36,0,620994.0
3669.0,darpa_cadets:n210615,darpa_cadets:n287,type_0,type_1,rel_6,0,0,0,0,train:window_36,0,621135.0
3670.0,darpa_cadets:n210620,darpa_cadets:n12,type_0,type_1,rel_6,0,0,0,0,train:window_36,0,621164.0
3671.0,darpa_cadets:n210752,darpa_cadets:n11,type_0,type_1,rel_6,1,1,0,1,train:window_36,1,621273.0
3672.0,darpa_cadets:n210796,darpa_cadets:n753,type_0,type_1,rel_0,0,0,0,0,train:window_36,0,621325.0
3673.0,darpa_cadets:n210799,darpa_cadets:n10,type_0,type_1,rel_6,1,1,0,1,train:window_36,1,621343.0
3674.0,darpa_cadets:n210799,darpa_cadets:n49,type_0,type_1,rel_6,1,1,0,1,train:window_36,1,621348.0
3675.0,darpa_cadets:n210886,darpa_cadets:n10,type_0,type_1,rel_6,1,1,0,1,train:window_36,1,621394.0
3676.0,darpa_cadets:n211042,darpa_cadets:n10,type_0,type_1,rel_6,1,1,0,1,train:window_36,1,621551.0
3677.0,darpa_cadets:n211226,darpa_cadets:n5,type_0,type_1,rel_0,0,0,0,0,train:window_36,0,621935.0
3678.0,darpa_cadets:n211229,darpa_cadets:n31,type_0,type_1,rel_9,0,0,0,0,train:window_36,0,621969.0
3679.0,darpa_cadets:n211291,darpa_cadets:n1240,type_0,type_1,rel_6,0,0,0,0,train:window_36,0,622125.0
3680.0,darpa_cadets:n211468,darpa_cadets:n269,type_0,type_1,rel_6,0,0,0,0,train:window_36,0,622534.0
3681.0,darpa_cadets:n211468,darpa_cadets:n11,type_0,type_1,rel_6,1,1,0,1,train:window_36,1,622546.0
3682.0,darpa_cadets:n211484,darpa_cadets:n13,type_0,type_1,rel_6,0,0,0,0,train:window_36,0,622625.0
3683.0,darpa_cadets:n211604,darpa_cadets:n10,type_0,type_1,rel_6,1,1,0,1,train:window_36,1,622670.0
3684.0,darpa_cadets:n211621,darpa_cadets:n31,type_0,type_1,rel_9,0,0,0,0,train:window_36,0,622777.0
3685.0,darpa_cadets:n211671,darpa_cadets:n1653,type_0,type_1,rel_9,0,0,0,0,train:window_36,0,622897.0
3686.0,darpa_cadets:n211772,darpa_cadets:n7,type_0,type_1,rel_9,1,1,0,1,train:window_36,1,623003.0
3687.0,darpa_cadets:n211917,darpa_cadets:n103053,type_0,type_1,rel_6,1,1,0,1,train:window_36,1,623088.0
3688.0,darpa_cadets:n211922,darpa_cadets:n22,type_0,type_1,rel_6,0,0,0,0,train:window_36,0,623119.0
3689.0,darpa_cadets:n211923,darpa_cadets:n211923,type_0,type_0,rel_7,0,0,0,0,train:window_36,0,623135.0
3690.0,darpa_cadets:n211927,darpa_cadets:n211927,type_0,type_0,rel_7,0,0,0,0,train:window_36,0,623154.0
3691.0,darpa_cadets:n212054,darpa_cadets:n11,type_0,type_1,rel_6,1,1,0,1,train:window_36,1,623337.0
3692.0,darpa_cadets:n212063,darpa_cadets:n293,type_0,type_1,rel_6,0,0,0,0,train:window_36,0,623389.0
3693.0,darpa_cadets:n212184,darpa_cadets:n64,type_0,type_1,rel_6,0,0,0,0,train:window_36,0,623799.0
3694.0,darpa_cadets:n212184,darpa_cadets:n293,type_0,type_1,rel_6,0,0,0,0,train:window_36,0,623800.0
3695.0,darpa_cadets:n212422,darpa_cadets:n209570,type_2,type_0,rel_5,0,0,0,0,train:window_36,0,624115.0
3696.0,darpa_cadets:n212472,darpa_cadets:n12,type_0,type_1,rel_6,0,0,0,0,train:window_36,0,624179.0
3697.0,darpa_cadets:n212527,darpa_cadets:n8,type_0,type_1,rel_6,1,1,0,1,train:window_36,1,624358.0
3698.0,darpa_cadets:n212795,darpa_cadets:n211,type_0,type_1,rel_6,0,0,0,0,train:window_36,0,624772.0
3699.0,darpa_cadets:n212820,darpa_cadets:n7,type_0,type_1,rel_9,1,1,0,1,train:window_36,1,624803.0
3700.0,darpa_cadets:n212966,darpa_cadets:n0,type_0,type_1,rel_6,0,0,0,0,train:window_36,0,625228.0
3701.0,darpa_cadets:n212988,darpa_cadets:n7,type_0,type_1,rel_9,1,1,0,1,train:window_37,1,625309.0
3702.0,darpa_cadets:n213039,darpa_cadets:n11,type_0,type_1,rel_6,1,1,0,1,train:window_37,1,625365.0
3703.0,darpa_cadets:n213178,darpa_cadets:n272,type_0,type_1,rel_6,0,0,0,0,train:window_37,0,625495.0
3704.0,darpa_cadets:n213325,darpa_cadets:n8,type_0,type_1,rel_6,1,1,0,1,train:window_37,1,625633.0
3705.0,darpa_cadets:n213364,darpa_cadets:n213365,type_0,type_2,rel_2,0,0,0,0,train:window_37,0,625738.0
3706.0,darpa_cadets:n213464,darpa_cadets:n271,type_0,type_1,rel_6,0,0,0,0,train:window_37,0,625787.0
3707.0,darpa_cadets:n213471,darpa_cadets:n10,type_0,type_1,rel_6,1,1,0,1,train:window_37,1,625839.0
3708.0,darpa_cadets:n213783,darpa_cadets:n269,type_0,type_1,rel_6,0,0,0,0,train:window_37,0,626194.0
3709.0,darpa_cadets:n213783,darpa_cadets:n272,type_0,type_1,rel_6,0,0,0,0,train:window_37,0,626201.0
3710.0,darpa_cadets:n213995,darpa_cadets:n212,type_0,type_1,rel_6,0,0,0,0,train:window_37,0,626614.0
3711.0,darpa_cadets:n213995,darpa_cadets:n1065,type_0,type_1,rel_6,0,0,0,0,train:window_37,0,626630.0
3712.0,darpa_cadets:n214047,darpa_cadets:n214049,type_0,type_1,rel_0,0,0,0,0,train:window_37,0,626673.0
3713.0,darpa_cadets:n214066,darpa_cadets:n1059,type_0,type_1,rel_6,0,0,0,0,train:window_37,0,626783.0
3714.0,darpa_cadets:n214072,darpa_cadets:n1243,type_0,type_1,rel_6,0,0,0,0,train:window_37,0,626844.0
3715.0,darpa_cadets:n214085,darpa_cadets:n1246,type_0,type_5,rel_11,0,0,0,0,train:window_37,0,626899.0
3716.0,darpa_cadets:n214095,darpa_cadets:n1332,type_0,type_1,rel_6,0,0,0,0,train:window_37,0,626967.0
3717.0,darpa_cadets:n214095,darpa_cadets:n214131,type_0,type_1,rel_6,0,0,0,0,train:window_37,0,626987.0
3718.0,darpa_cadets:n214095,darpa_cadets:n214135,type_0,type_2,rel_3,0,0,0,0,train:window_37,0,626989.0
3719.0,darpa_cadets:n214111,darpa_cadets:n1237,type_0,type_1,rel_6,0,0,0,0,train:window_37,0,627016.0
3720.0,darpa_cadets:n214205,darpa_cadets:n10,type_0,type_1,rel_6,1,1,0,1,train:window_37,1,627171.0
3721.0,darpa_cadets:n214277,darpa_cadets:n103053,type_0,type_1,rel_6,1,1,0,1,train:window_37,1,627241.0
3722.0,darpa_cadets:n214339,darpa_cadets:n18,type_0,type_1,rel_6,0,0,0,0,train:window_37,0,627286.0
3723.0,darpa_cadets:n214345,darpa_cadets:n7,type_0,type_1,rel_9,1,1,0,1,train:window_37,1,627321.0
3724.0,darpa_cadets:n214377,darpa_cadets:n8,type_0,type_1,rel_6,1,1,0,1,train:window_37,1,627417.0
3725.0,darpa_cadets:n214648,darpa_cadets:n7,type_0,type_1,rel_9,1,1,0,1,train:window_37,1,627675.0
3726.0,darpa_cadets:n215282,darpa_cadets:n185,type_0,type_1,rel_6,0,0,0,0,train:window_37,0,628553.0
3727.0,darpa_cadets:n215360,darpa_cadets:n208,type_0,type_1,rel_6,0,0,0,0,train:window_37,0,628681.0
3728.0,darpa_cadets:n215397,darpa_cadets:n8,type_0,type_1,rel_6,1,1,0,1,train:window_37,1,628839.0
3729.0,darpa_cadets:n215676,darpa_cadets:n215677,type_0,type_1,rel_0,0,0,0,0,train:window_37,0,629301.0
3730.0,darpa_cadets:n215682,darpa_cadets:n215684,type_0,type_1,rel_0,0,0,0,0,train:window_37,0,629358.0
3731.0,darpa_cadets:n215796,darpa_cadets:n215796,type_0,type_0,rel_7,0,0,0,0,train:window_37,0,629466.0
3732.0,darpa_cadets:n215943,darpa_cadets:n181,type_0,type_1,rel_6,1,1,0,1,train:window_37,1,629649.0
3733.0,darpa_cadets:n215943,darpa_cadets:n215943,type_0,type_0,rel_7,0,0,0,0,train:window_37,0,629662.0
3734.0,darpa_cadets:n216114,darpa_cadets:n19,type_0,type_1,rel_0,0,0,0,0,train:window_37,0,629856.0
3735.0,darpa_cadets:n216114,darpa_cadets:n761,type_0,type_1,rel_6,0,0,0,0,train:window_37,0,629866.0
3736.0,darpa_cadets:n216122,darpa_cadets:n1653,type_0,type_1,rel_9,0,0,0,0,train:window_37,0,629927.0
3737.0,darpa_cadets:n216253,darpa_cadets:n103053,type_0,type_1,rel_6,1,1,0,1,train:window_37,1,630070.0
3738.0,darpa_cadets:n216378,darpa_cadets:n49,type_0,type_1,rel_6,1,1,0,1,train:window_37,1,630130.0
3739.0,darpa_cadets:n216546,darpa_cadets:n209,type_0,type_1,rel_6,0,0,0,0,train:window_37,0,630448.0
3740.0,darpa_cadets:n216546,darpa_cadets:n216561,type_0,type_2,rel_2,0,0,0,0,train:window_37,0,630458.0
3741.0,darpa_cadets:n216699,darpa_cadets:n8,type_0,type_1,rel_6,1,1,0,1,train:window_37,1,630642.0
3742.0,darpa_cadets:n216875,darpa_cadets:n65,type_0,type_1,rel_6,0,0,0,0,train:window_37,0,630879.0
3743.0,darpa_cadets:n216917,darpa_cadets:n7,type_0,type_1,rel_9,1,1,0,1,train:window_37,1,630901.0
3744.0,darpa_cadets:n216917,darpa_cadets:n217618,type_0,type_0,rel_8,0,0,0,0,train:window_37,0,630950.0
3745.0,darpa_cadets:n217049,darpa_cadets:n5,type_0,type_1,rel_0,0,0,0,0,train:window_37,0,631205.0
3746.0,darpa_cadets:n217090,darpa_cadets:n342,type_0,type_1,rel_6,1,1,0,1,train:window_37,1,631351.0
3747.0,darpa_cadets:n217157,darpa_cadets:n1376,type_0,type_1,rel_6,0,0,0,0,train:window_37,0,631752.0
3748.0,darpa_cadets:n217219,darpa_cadets:n53,type_0,type_1,rel_6,0,0,0,0,train:window_37,0,631964.0
3749.0,darpa_cadets:n217338,darpa_cadets:n17,type_0,type_1,rel_6,0,0,0,0,train:window_37,0,632184.0
3750.0,darpa_cadets:n217338,darpa_cadets:n185,type_0,type_1,rel_6,0,0,0,0,train:window_37,0,632185.0
3751.0,darpa_cadets:n217543,darpa_cadets:n217543,type_0,type_0,rel_7,0,0,0,0,train:window_37,0,632454.0
3752.0,darpa_cadets:n217613,darpa_cadets:n7,type_0,type_1,rel_9,1,1,0,1,train:window_37,1,632600.0
3753.0,darpa_cadets:n217781,darpa_cadets:n272,type_0,type_1,rel_6,0,0,0,0,train:window_37,0,632827.0
3754.0,darpa_cadets:n217781,darpa_cadets:n48,type_0,type_1,rel_6,0,0,0,0,train:window_37,0,632828.0
3755.0,darpa_cadets:n217807,darpa_cadets:n64,type_0,type_1,rel_6,0,0,0,0,train:window_37,0,632910.0
3756.0,darpa_cadets:n217946,darpa_cadets:n368,type_0,type_1,rel_6,0,0,0,0,train:window_37,0,633027.0
3757.0,darpa_cadets:n218107,darpa_cadets:n218107,type_0,type_0,rel_7,0,0,0,0,train:window_37,0,633279.0
3758.0,darpa_cadets:n218270,darpa_cadets:n218269,type_4,type_0,rel_16,0,0,0,0,train:window_37,0,633592.0
3759.0,darpa_cadets:n218408,darpa_cadets:n10,type_0,type_1,rel_6,1,1,0,1,train:window_37,1,633729.0
3760.0,darpa_cadets:n218522,darpa_cadets:n207,type_0,type_1,rel_6,0,0,0,0,train:window_37,0,633826.0
3761.0,darpa_cadets:n218522,darpa_cadets:n211,type_0,type_1,rel_6,0,0,0,0,train:window_37,0,633830.0
3762.0,darpa_cadets:n218591,darpa_cadets:n7,type_0,type_1,rel_9,1,1,0,1,train:window_37,1,634012.0
3763.0,darpa_cadets:n218595,darpa_cadets:n103053,type_0,type_1,rel_6,1,1,0,1,train:window_37,1,634030.0
3764.0,darpa_cadets:n218781,darpa_cadets:n1234,type_0,type_1,rel_6,0,0,0,0,train:window_37,0,634483.0
3765.0,darpa_cadets:n218781,darpa_cadets:n10,type_0,type_1,rel_6,1,1,0,1,train:window_37,1,634485.0
3766.0,darpa_cadets:n218783,darpa_cadets:n1059,type_0,type_1,rel_6,0,0,0,0,train:window_37,0,634534.0
3767.0,darpa_cadets:n218831,darpa_cadets:n218831,type_0,type_0,rel_7,0,0,0,0,train:window_37,0,634632.0
3768.0,darpa_cadets:n218974,darpa_cadets:n8,type_0,type_1,rel_6,1,1,0,1,train:window_37,1,634788.0
3769.0,darpa_cadets:n219263,darpa_cadets:n5,type_0,type_1,rel_0,0,0,0,0,train:window_37,0,635132.0
3770.0,darpa_cadets:n219270,darpa_cadets:n103053,type_0,type_1,rel_6,1,1,0,1,train:window_37,1,635189.0
3771.0,darpa_cadets:n219274,darpa_cadets:n11,type_0,type_1,rel_6,1,1,0,1,train:window_37,1,635212.0
3772.0,darpa_cadets:n219274,darpa_cadets:n21,type_0,type_1,rel_6,0,0,0,0,train:window_37,0,635216.0
3773.0,darpa_cadets:n219409,darpa_cadets:n11,type_0,type_1,rel_6,1,1,0,1,train:window_37,1,635256.0
3774.0,darpa_cadets:n219412,darpa_cadets:n219412,type_0,type_0,rel_7,0,0,0,0,train:window_37,0,635272.0
3775.0,darpa_cadets:n219560,darpa_cadets:n7,type_0,type_1,rel_9,1,1,0,1,train:window_37,1,635448.0
3776.0,darpa_cadets:n219561,darpa_cadets:n8,type_0,type_1,rel_6,1,1,0,1,train:window_37,1,635460.0
3777.0,darpa_cadets:n219716,darpa_cadets:n219716,type_0,type_0,rel_7,0,0,0,0,train:window_37,0,635686.0
3778.0,darpa_cadets:n219764,darpa_cadets:n12,type_0,type_1,rel_6,0,0,0,0,train:window_37,0,635800.0
3779.0,darpa_cadets:n219764,darpa_cadets:n1066,type_0,type_5,rel_11,0,0,0,0,train:window_37,0,635817.0
3780.0,darpa_cadets:n219837,darpa_cadets:n11035,type_4,type_0,rel_5,0,0,0,0,train:window_37,0,636037.0
3781.0,darpa_cadets:n219919,darpa_cadets:n7,type_0,type_1,rel_9,1,1,0,1,train:window_37,1,636140.0
3782.0,darpa_cadets:n219928,darpa_cadets:n219930,type_0,type_4,rel_2,0,0,0,0,train:window_37,0,636193.0
3783.0,darpa_cadets:n219955,darpa_cadets:n103053,type_0,type_1,rel_6,1,1,0,1,train:window_37,1,636294.0
3784.0,darpa_cadets:n219972,darpa_cadets:n219974,type_0,type_1,rel_0,0,0,0,0,train:window_37,0,636425.0
3785.0,darpa_cadets:n219976,darpa_cadets:n10,type_0,type_1,rel_6,1,1,0,1,train:window_37,1,636468.0
3786.0,darpa_cadets:n220420,darpa_cadets:n7,type_0,type_1,rel_9,1,1,0,1,train:window_37,1,637604.0
3787.0,darpa_cadets:n220545,darpa_cadets:n10,type_0,type_1,rel_6,1,1,0,1,train:window_37,1,637714.0
3788.0,darpa_cadets:n220548,darpa_cadets:n11,type_0,type_1,rel_6,1,1,0,1,train:window_37,1,637723.0
3789.0,darpa_cadets:n220626,darpa_cadets:n11,type_0,type_1,rel_6,1,1,0,1,train:window_37,1,637889.0
3790.0,darpa_cadets:n220626,darpa_cadets:n214,type_0,type_1,rel_6,0,0,0,0,train:window_37,0,637924.0
3791.0,darpa_cadets:n220722,darpa_cadets:n18,type_0,type_1,rel_6,0,0,0,0,train:window_37,0,638056.0
3792.0,darpa_cadets:n220731,darpa_cadets:n8,type_0,type_1,rel_6,1,1,0,1,train:window_37,1,638094.0
3793.0,darpa_cadets:n220845,darpa_cadets:n0,type_0,type_1,rel_6,0,0,0,0,train:window_37,0,638412.0
3794.0,darpa_cadets:n220846,darpa_cadets:n11,type_0,type_1,rel_6,1,1,0,1,train:window_37,1,638419.0
3795.0,darpa_cadets:n221198,darpa_cadets:n8,type_0,type_1,rel_6,1,1,0,1,train:window_37,1,638809.0
3796.0,darpa_cadets:n221333,darpa_cadets:n270,type_0,type_1,rel_9,0,0,0,0,train:window_37,0,638850.0
3797.0,darpa_cadets:n221342,darpa_cadets:n10,type_0,type_1,rel_6,1,1,0,1,train:window_37,1,638904.0
3798.0,darpa_cadets:n221344,darpa_cadets:n11,type_0,type_1,rel_6,1,1,0,1,train:window_37,1,638930.0
3799.0,darpa_cadets:n221649,darpa_cadets:n49,type_0,type_1,rel_6,1,1,0,1,train:window_37,1,639233.0
3800.0,darpa_cadets:n221649,darpa_cadets:n338,type_0,type_1,rel_6,0,0,0,0,train:window_37,0,639238.0
3801.0,darpa_cadets:n221671,darpa_cadets:n209570,type_2,type_0,rel_5,0,0,0,0,train:window_38,0,639325.0
3802.0,darpa_cadets:n221701,darpa_cadets:n221701,type_0,type_0,rel_11,0,0,0,0,train:window_38,0,639455.0
3803.0,darpa_cadets:n221797,darpa_cadets:n8,type_0,type_1,rel_6,1,1,0,1,train:window_38,1,639538.0
3804.0,darpa_cadets:n221894,darpa_cadets:n64,type_0,type_1,rel_6,0,0,0,0,train:window_38,0,639591.0
3805.0,darpa_cadets:n221977,darpa_cadets:n23,type_0,type_1,rel_6,0,0,0,0,train:window_38,0,639873.0
3806.0,darpa_cadets:n221984,darpa_cadets:n270,type_0,type_1,rel_9,0,0,0,0,train:window_38,0,639902.0
3807.0,darpa_cadets:n222289,darpa_cadets:n222291,type_0,type_2,rel_26,0,0,0,0,train:window_38,0,640236.0
3808.0,darpa_cadets:n222461,darpa_cadets:n1246,type_0,type_5,rel_11,0,0,0,0,train:window_38,0,640621.0
3809.0,darpa_cadets:n222475,darpa_cadets:n11,type_0,type_1,rel_6,1,1,0,1,train:window_38,1,640685.0
3810.0,darpa_cadets:n222475,darpa_cadets:n222488,type_0,type_2,rel_3,0,0,0,0,train:window_38,0,640704.0
3811.0,darpa_cadets:n222548,darpa_cadets:n11,type_0,type_1,rel_6,1,1,0,1,train:window_38,1,641051.0
3812.0,darpa_cadets:n222553,darpa_cadets:n925,type_2,type_0,rel_5,0,0,0,0,train:window_38,0,641070.0
3813.0,darpa_cadets:n222577,darpa_cadets:n17,type_0,type_1,rel_6,0,0,0,0,train:window_38,0,641103.0
3814.0,darpa_cadets:n222582,darpa_cadets:n22,type_0,type_1,rel_6,0,0,0,0,train:window_38,0,641132.0
3815.0,darpa_cadets:n222582,darpa_cadets:n13,type_0,type_1,rel_6,0,0,0,0,train:window_38,0,641137.0
3816.0,darpa_cadets:n222716,darpa_cadets:n271,type_0,type_1,rel_6,0,0,0,0,train:window_38,0,641245.0
3817.0,darpa_cadets:n222723,darpa_cadets:n7,type_0,type_1,rel_9,1,1,0,1,train:window_38,1,641294.0
3818.0,darpa_cadets:n223015,darpa_cadets:n8,type_0,type_1,rel_6,1,1,0,1,train:window_38,1,641852.0
3819.0,darpa_cadets:n223023,darpa_cadets:n223023,type_0,type_0,rel_7,0,0,0,0,train:window_38,0,641914.0
3820.0,darpa_cadets:n223101,darpa_cadets:n368,type_0,type_1,rel_6,0,0,0,0,train:window_38,0,642131.0
3821.0,darpa_cadets:n223276,darpa_cadets:n285,type_0,type_1,rel_6,0,0,0,0,train:window_38,0,642419.0
3822.0,darpa_cadets:n223337,darpa_cadets:n925,type_2,type_0,rel_5,0,0,0,0,train:window_38,0,642690.0
3823.0,darpa_cadets:n223364,darpa_cadets:n11,type_0,type_1,rel_6,1,1,0,1,train:window_38,1,642844.0
3824.0,darpa_cadets:n223384,darpa_cadets:n64,type_0,type_1,rel_6,0,0,0,0,train:window_38,0,642895.0
3825.0,darpa_cadets:n223513,darpa_cadets:n7,type_0,type_1,rel_9,1,1,0,1,train:window_38,1,643017.0
3826.0,darpa_cadets:n223785,darpa_cadets:n22,type_0,type_1,rel_6,0,0,0,0,train:window_38,0,643274.0
3827.0,darpa_cadets:n223962,darpa_cadets:n10,type_0,type_1,rel_6,1,1,0,1,train:window_38,1,643683.0
3828.0,darpa_cadets:n223993,darpa_cadets:n23,type_0,type_1,rel_6,0,0,0,0,train:window_38,0,643870.0
3829.0,darpa_cadets:n224073,darpa_cadets:n10,type_0,type_1,rel_6,1,1,0,1,train:window_38,1,644031.0
3830.0,darpa_cadets:n224100,darpa_cadets:n11,type_0,type_1,rel_6,1,1,0,1,train:window_38,1,644156.0
3831.0,darpa_cadets:n224115,darpa_cadets:n22,type_0,type_1,rel_6,0,0,0,0,train:window_38,0,644262.0
3832.0,darpa_cadets:n224346,darpa_cadets:n110,type_0,type_1,rel_6,0,0,0,0,train:window_38,0,644766.0
3833.0,darpa_cadets:n224478,darpa_cadets:n103053,type_0,type_1,rel_6,1,1,0,1,train:window_38,1,644944.0
3834.0,darpa_cadets:n224480,darpa_cadets:n103053,type_0,type_1,rel_6,1,1,0,1,train:window_38,1,644966.0
3835.0,darpa_cadets:n224602,darpa_cadets:n10,type_0,type_1,rel_6,1,1,0,1,train:window_38,1,645014.0
3836.0,darpa_cadets:n224669,darpa_cadets:n224672,type_0,type_2,rel_1,0,0,0,0,train:window_38,0,645144.0
3837.0,darpa_cadets:n225052,darpa_cadets:n402,type_0,type_1,rel_6,0,0,0,0,train:window_38,0,645829.0
3838.0,darpa_cadets:n225384,darpa_cadets:n5,type_0,type_1,rel_0,0,0,0,0,train:window_38,0,646114.0
3839.0,darpa_cadets:n225533,darpa_cadets:n225535,type_3,type_0,rel_5,0,0,0,0,train:window_38,0,646312.0
3840.0,darpa_cadets:n225540,darpa_cadets:n5,type_0,type_1,rel_0,0,0,0,0,train:window_38,0,646361.0
3841.0,darpa_cadets:n225541,darpa_cadets:n225540,type_4,type_0,rel_16,0,0,0,0,train:window_38,0,646382.0
3842.0,darpa_cadets:n225681,darpa_cadets:n8,type_0,type_1,rel_6,1,1,0,1,train:window_38,1,646434.0
3843.0,darpa_cadets:n225684,darpa_cadets:n225686,type_3,type_0,rel_5,0,0,0,0,train:window_38,0,646439.0
3844.0,darpa_cadets:n225700,darpa_cadets:n211,type_0,type_1,rel_6,0,0,0,0,train:window_38,0,646577.0
3845.0,darpa_cadets:n225858,darpa_cadets:n103053,type_0,type_1,rel_6,1,1,0,1,train:window_38,1,646775.0
3846.0,darpa_cadets:n226003,darpa_cadets:n286,type_0,type_1,rel_9,0,0,0,0,train:window_38,0,646951.0
3847.0,darpa_cadets:n226317,darpa_cadets:n8,type_0,type_1,rel_6,1,1,0,1,train:window_38,1,647410.0
3848.0,darpa_cadets:n226471,darpa_cadets:n8,type_0,type_1,rel_6,1,1,0,1,train:window_38,1,647548.0
3849.0,darpa_cadets:n226475,darpa_cadets:n1233,type_0,type_1,rel_6,0,0,0,0,train:window_38,0,647582.0
3850.0,darpa_cadets:n226553,darpa_cadets:n11,type_0,type_1,rel_6,1,1,0,1,train:window_38,1,647764.0
3851.0,darpa_cadets:n226561,darpa_cadets:n19,type_0,type_1,rel_6,0,0,0,0,train:window_38,0,647824.0
3852.0,darpa_cadets:n226619,darpa_cadets:n226621,type_3,type_0,rel_5,0,0,0,0,train:window_38,0,647880.0
3853.0,darpa_cadets:n226620,darpa_cadets:n22,type_0,type_1,rel_6,0,0,0,0,train:window_38,0,647893.0
3854.0,darpa_cadets:n226764,darpa_cadets:n8,type_0,type_1,rel_6,1,1,0,1,train:window_38,1,648059.0
3855.0,darpa_cadets:n226885,darpa_cadets:n8,type_0,type_1,rel_6,1,1,0,1,train:window_38,1,648113.0
3856.0,darpa_cadets:n226951,darpa_cadets:n392,type_0,type_1,rel_6,0,0,0,0,train:window_38,0,648293.0
3857.0,darpa_cadets:n227070,darpa_cadets:n11,type_0,type_1,rel_6,1,1,0,1,train:window_38,1,648483.0
3858.0,darpa_cadets:n227131,darpa_cadets:n200,type_0,type_1,rel_6,0,0,0,0,train:window_38,0,648531.0
3859.0,darpa_cadets:n227388,darpa_cadets:n272,type_0,type_1,rel_6,0,0,0,0,train:window_38,0,648874.0
3860.0,darpa_cadets:n227389,darpa_cadets:n7,type_0,type_1,rel_9,1,1,0,1,train:window_38,1,648883.0
3861.0,darpa_cadets:n227393,darpa_cadets:n12,type_0,type_1,rel_6,0,0,0,0,train:window_38,0,648906.0
3862.0,darpa_cadets:n227400,darpa_cadets:n5,type_0,type_1,rel_0,0,0,0,0,train:window_38,0,648927.0
3863.0,darpa_cadets:n227673,darpa_cadets:n103053,type_0,type_1,rel_6,1,1,0,1,train:window_38,1,649216.0
3864.0,darpa_cadets:n227732,darpa_cadets:n752,type_0,type_1,rel_0,0,0,0,0,train:window_38,0,649220.0
3865.0,darpa_cadets:n227754,darpa_cadets:n227757,type_0,type_4,rel_2,0,0,0,0,train:window_38,0,649283.0
3866.0,darpa_cadets:n227820,darpa_cadets:n270,type_0,type_1,rel_9,0,0,0,0,train:window_38,0,649394.0
3867.0,darpa_cadets:n227978,darpa_cadets:n17,type_0,type_1,rel_6,0,0,0,0,train:window_38,0,649558.0
3868.0,darpa_cadets:n228109,darpa_cadets:n11,type_0,type_1,rel_6,1,1,0,1,train:window_38,1,649666.0
3869.0,darpa_cadets:n228193,darpa_cadets:n228193,type_0,type_0,rel_7,0,0,0,0,train:window_38,0,649865.0
3870.0,darpa_cadets:n228258,darpa_cadets:n336,type_0,type_1,rel_6,0,0,0,0,train:window_38,0,649888.0
3871.0,darpa_cadets:n228307,darpa_cadets:n5,type_0,type_1,rel_0,0,0,0,0,train:window_38,0,650166.0
3872.0,darpa_cadets:n228577,darpa_cadets:n10,type_0,type_1,rel_6,1,1,0,1,train:window_38,1,650409.0
3873.0,darpa_cadets:n228728,darpa_cadets:n12,type_0,type_1,rel_6,0,0,0,0,train:window_38,0,650518.0
3874.0,darpa_cadets:n228875,darpa_cadets:n10,type_0,type_1,rel_6,1,1,0,1,train:window_38,1,650707.0
3875.0,darpa_cadets:n228909,darpa_cadets:n228910,type_0,type_2,rel_2,0,0,0,0,train:window_38,0,650836.0
3876.0,darpa_cadets:n229043,darpa_cadets:n1059,type_0,type_1,rel_6,0,0,0,0,train:window_38,0,651233.0
3877.0,darpa_cadets:n229085,darpa_cadets:n53,type_0,type_1,rel_6,0,0,0,0,train:window_38,0,651459.0
3878.0,darpa_cadets:n229133,darpa_cadets:n229323,type_0,type_3,rel_1,0,0,0,0,train:window_38,0,651594.0
3879.0,darpa_cadets:n229162,darpa_cadets:n18,type_0,type_1,rel_6,0,0,0,0,train:window_38,0,651668.0
3880.0,darpa_cadets:n229261,darpa_cadets:n229043,type_1,type_0,rel_5,0,0,0,0,train:window_38,0,651860.0
3881.0,darpa_cadets:n229369,darpa_cadets:n22,type_0,type_1,rel_6,0,0,0,0,train:window_38,0,652075.0
3882.0,darpa_cadets:n229404,darpa_cadets:n7,type_0,type_1,rel_9,1,1,0,1,train:window_38,1,652131.0
3883.0,darpa_cadets:n229418,darpa_cadets:n1064,type_0,type_1,rel_6,0,0,0,0,train:window_38,0,652236.0
3884.0,darpa_cadets:n229424,darpa_cadets:n229517,type_0,type_1,rel_6,0,0,0,0,train:window_38,0,652295.0
3885.0,darpa_cadets:n229551,darpa_cadets:n7,type_0,type_1,rel_9,1,1,0,1,train:window_38,1,652409.0
3886.0,darpa_cadets:n229638,darpa_cadets:n64,type_0,type_1,rel_6,0,0,0,0,train:window_38,0,652569.0
3887.0,darpa_cadets:n229727,darpa_cadets:n7,type_0,type_1,rel_9,1,1,0,1,train:window_38,1,652589.0
3888.0,darpa_cadets:n229727,darpa_cadets:n49,type_0,type_1,rel_6,1,1,0,1,train:window_38,1,652611.0
3889.0,darpa_cadets:n229797,darpa_cadets:n8,type_0,type_1,rel_6,1,1,0,1,train:window_38,1,652824.0
3890.0,darpa_cadets:n229844,darpa_cadets:n103053,type_0,type_1,rel_6,1,1,0,1,train:window_38,1,652964.0
3891.0,darpa_cadets:n229921,darpa_cadets:n1238,type_0,type_1,rel_6,0,0,0,0,train:window_38,0,653210.0
3892.0,darpa_cadets:n229921,darpa_cadets:n13,type_0,type_1,rel_6,0,0,0,0,train:window_38,0,653213.0
3893.0,darpa_cadets:n229971,darpa_cadets:n925,type_2,type_0,rel_5,0,0,0,0,train:window_38,0,653425.0
3894.0,darpa_cadets:n230095,darpa_cadets:n11,type_0,type_1,rel_6,1,1,0,1,train:window_38,1,653589.0
3895.0,darpa_cadets:n230095,darpa_cadets:n105328,type_0,type_1,rel_6,0,0,0,0,train:window_38,0,653596.0
3896.0,darpa_cadets:n230275,darpa_cadets:n23,type_0,type_1,rel_6,0,0,0,0,train:window_38,0,653953.0
3897.0,darpa_cadets:n230417,darpa_cadets:n5,type_0,type_1,rel_0,0,0,0,0,train:window_38,0,654130.0
3898.0,darpa_cadets:n230429,darpa_cadets:n31,type_0,type_1,rel_9,0,0,0,0,train:window_38,0,654210.0
3899.0,darpa_cadets:n230482,darpa_cadets:n230482,type_0,type_0,rel_7,0,0,0,0,train:window_38,0,654237.0
3900.0,darpa_cadets:n230545,darpa_cadets:n22,type_0,type_1,rel_6,0,0,0,0,train:window_38,0,654370.0
3901.0,darpa_cadets:n230550,darpa_cadets:n230550,type_0,type_0,rel_13,0,0,0,0,train:window_39,0,654394.0
3902.0,darpa_cadets:n230552,darpa_cadets:n230550,type_4,type_0,rel_16,0,0,0,0,train:window_39,0,654437.0
3903.0,darpa_cadets:n230615,darpa_cadets:n10,type_0,type_1,rel_6,1,1,0,1,train:window_39,1,654588.0
3904.0,darpa_cadets:n230625,darpa_cadets:n230625,type_0,type_0,rel_7,0,0,0,0,train:window_39,0,654634.0
3905.0,darpa_cadets:n230706,darpa_cadets:n7,type_0,type_1,rel_9,1,1,0,1,train:window_39,1,654981.0
3906.0,darpa_cadets:n230889,darpa_cadets:n230889,type_0,type_0,rel_7,0,0,0,0,train:window_39,0,655252.0
3907.0,darpa_cadets:n230998,darpa_cadets:n1064,type_0,type_1,rel_6,0,0,0,0,train:window_39,0,655378.0
3908.0,darpa_cadets:n231055,darpa_cadets:n231055,type_0,type_0,rel_7,0,0,0,0,train:window_39,0,655546.0
3909.0,darpa_cadets:n231200,darpa_cadets:n49,type_0,type_1,rel_6,1,1,0,1,train:window_39,1,655738.0
3910.0,darpa_cadets:n231211,darpa_cadets:n48,type_0,type_1,rel_6,0,0,0,0,train:window_39,0,655769.0
3911.0,darpa_cadets:n231358,darpa_cadets:n8,type_0,type_1,rel_6,1,1,0,1,train:window_39,1,655965.0
3912.0,darpa_cadets:n231381,darpa_cadets:n108,type_0,type_1,rel_6,0,0,0,0,train:window_39,0,656038.0
3913.0,darpa_cadets:n231381,darpa_cadets:n1243,type_0,type_1,rel_6,0,0,0,0,train:window_39,0,656041.0
3914.0,darpa_cadets:n231446,darpa_cadets:n231430,type_2,type_0,rel_5,0,0,0,0,train:window_39,0,656400.0
3915.0,darpa_cadets:n231604,darpa_cadets:n7,type_0,type_1,rel_9,1,1,0,1,train:window_39,1,656630.0
3916.0,darpa_cadets:n231765,darpa_cadets:n231765,type_0,type_0,rel_7,0,0,0,0,train:window_39,0,656802.0
3917.0,darpa_cadets:n231895,darpa_cadets:n231903,type_0,type_2,rel_3,0,0,0,0,train:window_39,0,657227.0
3918.0,darpa_cadets:n232037,darpa_cadets:n7,type_0,type_1,rel_9,1,1,0,1,train:window_39,1,657551.0
3919.0,darpa_cadets:n232354,darpa_cadets:n7,type_0,type_1,rel_9,1,1,0,1,train:window_39,1,657883.0
3920.0,darpa_cadets:n232457,darpa_cadets:n287,type_0,type_1,rel_6,0,0,0,0,train:window_39,0,658020.0
3921.0,darpa_cadets:n232651,darpa_cadets:n8,type_0,type_1,rel_6,1,1,0,1,train:window_39,1,658376.0
3922.0,darpa_cadets:n232768,darpa_cadets:n232768,type_0,type_0,rel_7,0,0,0,0,train:window_39,0,658396.0
3923.0,darpa_cadets:n233091,darpa_cadets:n753,type_0,type_1,rel_0,0,0,0,0,train:window_39,0,658777.0
3924.0,darpa_cadets:n233310,darpa_cadets:n11,type_0,type_1,rel_6,1,1,0,1,train:window_39,1,659334.0
3925.0,darpa_cadets:n233311,darpa_cadets:n103053,type_0,type_1,rel_6,1,1,0,1,train:window_39,1,659340.0
3926.0,darpa_cadets:n233518,darpa_cadets:n11,type_0,type_1,rel_6,1,1,0,1,train:window_39,1,659736.0
3927.0,darpa_cadets:n233530,darpa_cadets:n103053,type_0,type_1,rel_6,1,1,0,1,train:window_39,1,659785.0
3928.0,darpa_cadets:n233787,darpa_cadets:n31,type_0,type_1,rel_9,0,0,0,0,train:window_39,0,659965.0
3929.0,darpa_cadets:n233795,darpa_cadets:n10,type_0,type_1,rel_6,1,1,0,1,train:window_39,1,660005.0
3930.0,darpa_cadets:n233931,darpa_cadets:n233931,type_0,type_0,rel_7,0,0,0,0,train:window_39,0,660158.0
3931.0,darpa_cadets:n233935,darpa_cadets:n18,type_0,type_1,rel_6,0,0,0,0,train:window_39,0,660177.0
3932.0,darpa_cadets:n234059,darpa_cadets:n48,type_0,type_1,rel_6,0,0,0,0,train:window_39,0,660236.0
3933.0,darpa_cadets:n234060,darpa_cadets:n103053,type_0,type_1,rel_6,1,1,0,1,train:window_39,1,660246.0
3934.0,darpa_cadets:n234378,darpa_cadets:n234393,type_0,type_2,rel_2,0,0,0,0,train:window_39,0,660672.0
3935.0,darpa_cadets:n234402,darpa_cadets:n396,type_0,type_1,rel_6,0,0,0,0,train:window_39,0,660731.0
3936.0,darpa_cadets:n234402,darpa_cadets:n234403,type_0,type_0,rel_8,0,0,0,0,train:window_39,0,660733.0
3937.0,darpa_cadets:n234725,darpa_cadets:n234727,type_3,type_0,rel_5,0,0,0,0,train:window_39,0,661254.0
3938.0,darpa_cadets:n234846,darpa_cadets:n13,type_0,type_1,rel_6,0,0,0,0,train:window_39,0,661362.0
3939.0,darpa_cadets:n234851,darpa_cadets:n234851,type_0,type_0,rel_7,0,0,0,0,train:window_39,0,661392.0
3940.0,darpa_cadets:n235301,darpa_cadets:n103053,type_0,type_1,rel_6,1,1,0,1,train:window_39,1,661914.0
3941.0,darpa_cadets:n235422,darpa_cadets:n18,type_0,type_1,rel_6,0,0,0,0,train:window_39,0,661953.0
3942.0,darpa_cadets:n235577,darpa_cadets:n17,type_0,type_1,rel_6,0,0,0,0,train:window_39,0,662189.0
3943.0,darpa_cadets:n235587,darpa_cadets:n5,type_0,type_1,rel_0,0,0,0,0,train:window_39,0,662249.0
3944.0,darpa_cadets:n235591,darpa_cadets:n12,type_0,type_1,rel_6,0,0,0,0,train:window_39,0,662273.0
3945.0,darpa_cadets:n235677,darpa_cadets:n1235,type_0,type_1,rel_6,0,0,0,0,train:window_39,0,662415.0
3946.0,darpa_cadets:n235856,darpa_cadets:n7,type_0,type_1,rel_9,1,1,0,1,train:window_39,1,662908.0
3947.0,darpa_cadets:n235952,darpa_cadets:n76,type_0,type_1,rel_6,0,0,0,0,train:window_39,0,663054.0
3948.0,darpa_cadets:n235978,darpa_cadets:n403,type_0,type_1,rel_6,0,0,0,0,train:window_39,0,663157.0
3949.0,darpa_cadets:n236110,darpa_cadets:n7,type_0,type_1,rel_9,1,1,0,1,train:window_39,1,663314.0
3950.0,darpa_cadets:n236158,darpa_cadets:n22,type_0,type_1,rel_6,0,0,0,0,train:window_39,0,663525.0
3951.0,darpa_cadets:n236179,darpa_cadets:n236185,type_0,type_1,rel_0,0,0,0,0,train:window_39,0,663643.0
3952.0,darpa_cadets:n236250,darpa_cadets:n8,type_0,type_1,rel_6,1,1,0,1,train:window_39,1,663821.0
3953.0,darpa_cadets:n236278,darpa_cadets:n7,type_0,type_1,rel_9,1,1,0,1,train:window_39,1,663981.0
3954.0,darpa_cadets:n236278,darpa_cadets:n8,type_0,type_1,rel_6,1,1,0,1,train:window_39,1,663982.0
3955.0,darpa_cadets:n236326,darpa_cadets:n1228,type_0,type_1,rel_6,0,0,0,0,train:window_39,0,664121.0
3956.0,darpa_cadets:n236368,darpa_cadets:n1235,type_0,type_1,rel_6,0,0,0,0,train:window_39,0,664416.0
3957.0,darpa_cadets:n236368,darpa_cadets:n10,type_0,type_1,rel_6,1,1,0,1,train:window_39,1,664417.0
3958.0,darpa_cadets:n236597,darpa_cadets:n236597,type_0,type_0,rel_7,0,0,0,0,train:window_39,0,664800.0
3959.0,darpa_cadets:n236874,darpa_cadets:n8,type_0,type_1,rel_6,1,1,0,1,train:window_39,1,664982.0
3960.0,darpa_cadets:n236881,darpa_cadets:n11,type_0,type_1,rel_6,1,1,0,1,train:window_39,1,665037.0
3961.0,darpa_cadets:n236887,darpa_cadets:n103053,type_0,type_1,rel_6,1,1,0,1,train:window_39,1,665054.0
3962.0,darpa_cadets:n236902,darpa_cadets:n236901,type_0,type_3,rel_4,0,0,0,0,train:window_39,0,665125.0
3963.0,darpa_cadets:n237027,darpa_cadets:n272,type_0,type_1,rel_6,0,0,0,0,train:window_39,0,665234.0
3964.0,darpa_cadets:n237148,darpa_cadets:n1057,type_0,type_1,rel_9,0,0,0,0,train:window_39,0,665337.0
3965.0,darpa_cadets:n237181,darpa_cadets:n65,type_0,type_1,rel_6,0,0,0,0,train:window_39,0,665487.0
3966.0,darpa_cadets:n237198,darpa_cadets:n1058,type_0,type_1,rel_6,0,0,0,0,train:window_39,0,665562.0
3967.0,darpa_cadets:n237206,darpa_cadets:n5,type_0,type_1,rel_0,0,0,0,0,train:window_39,0,665614.0
3968.0,darpa_cadets:n237348,darpa_cadets:n1059,type_0,type_1,rel_6,0,0,0,0,train:window_39,0,665935.0
3969.0,darpa_cadets:n237492,darpa_cadets:n12,type_0,type_1,rel_6,0,0,0,0,train:window_39,0,666431.0
3970.0,darpa_cadets:n237918,darpa_cadets:n284,type_0,type_1,rel_9,0,0,0,0,train:window_39,0,666821.0
3971.0,darpa_cadets:n238201,darpa_cadets:n11,type_0,type_1,rel_6,1,1,0,1,train:window_39,1,667174.0
3972.0,darpa_cadets:n238253,darpa_cadets:n103053,type_0,type_1,rel_6,1,1,0,1,train:window_39,1,667187.0
3973.0,darpa_cadets:n238342,darpa_cadets:n10,type_0,type_1,rel_6,1,1,0,1,train:window_39,1,667319.0
3974.0,darpa_cadets:n238564,darpa_cadets:n19,type_0,type_1,rel_6,0,0,0,0,train:window_39,0,667587.0
3975.0,darpa_cadets:n238564,darpa_cadets:n238568,type_0,type_2,rel_1,0,0,0,0,train:window_39,0,667607.0
3976.0,darpa_cadets:n238703,darpa_cadets:n11,type_0,type_1,rel_6,1,1,0,1,train:window_39,1,667973.0
3977.0,darpa_cadets:n238859,darpa_cadets:n1327,type_0,type_1,rel_9,0,0,0,0,train:window_39,0,668422.0
3978.0,darpa_cadets:n238859,darpa_cadets:n238871,type_0,type_1,rel_6,0,0,0,0,train:window_39,0,668462.0
3979.0,darpa_cadets:n238859,darpa_cadets:n1378,type_0,type_1,rel_6,0,0,0,0,train:window_39,0,668479.0
3980.0,darpa_cadets:n238882,darpa_cadets:n239143,type_0,type_1,rel_6,0,0,0,0,train:window_39,0,668623.0
3981.0,darpa_cadets:n238906,darpa_cadets:n64,type_0,type_1,rel_6,0,0,0,0,train:window_39,0,668682.0
3982.0,darpa_cadets:n238923,darpa_cadets:n1078,type_0,type_1,rel_11,0,0,0,0,train:window_39,0,668706.0
3983.0,darpa_cadets:n239485,darpa_cadets:n10,type_0,type_1,rel_6,1,1,0,1,train:window_39,1,669442.0
3984.0,darpa_cadets:n239635,darpa_cadets:n239635,type_0,type_0,rel_11,0,0,0,0,train:window_39,0,669653.0
3985.0,darpa_cadets:n239782,darpa_cadets:n217,type_0,type_1,rel_0,0,0,0,0,train:window_39,0,669788.0
3986.0,darpa_cadets:n239783,darpa_cadets:n7,type_0,type_1,rel_9,1,1,0,1,train:window_39,1,669809.0
3987.0,darpa_cadets:n239805,darpa_cadets:n10,type_0,type_1,rel_6,1,1,0,1,train:window_39,1,669967.0
3988.0,darpa_cadets:n239939,darpa_cadets:n11,type_0,type_1,rel_6,1,1,0,1,train:window_39,1,670056.0
3989.0,darpa_cadets:n240267,darpa_cadets:n18,type_0,type_1,rel_6,0,0,0,0,train:window_39,0,670524.0
3990.0,darpa_cadets:n240517,darpa_cadets:n50,type_0,type_1,rel_6,0,0,0,0,train:window_39,0,670694.0
3991.0,darpa_cadets:n240517,darpa_cadets:n1651,type_0,type_5,rel_11,0,0,0,0,train:window_39,0,670702.0
3992.0,darpa_cadets:n240549,darpa_cadets:n7,type_0,type_1,rel_9,1,1,0,1,train:window_39,1,670866.0
3993.0,darpa_cadets:n240688,darpa_cadets:n7,type_0,type_1,rel_9,1,1,0,1,train:window_39,1,671018.0
3994.0,darpa_cadets:n240689,darpa_cadets:n240689,type_0,type_0,rel_7,0,0,0,0,train:window_39,0,671031.0
3995.0,darpa_cadets:n240693,darpa_cadets:n8,type_0,type_1,rel_6,1,1,0,1,train:window_39,1,671046.0
3996.0,darpa_cadets:n240795,darpa_cadets:n346,type_0,type_1,rel_6,0,0,0,0,train:window_39,0,671219.0
3997.0,darpa_cadets:n240897,darpa_cadets:n240897,type_0,type_0,rel_11,0,0,0,0,train:window_39,0,671463.0
3998.0,darpa_cadets:n241124,darpa_cadets:n345,type_0,type_1,rel_6,0,0,0,0,train:window_39,0,671806.0
3999.0,darpa_cadets:n241124,darpa_cadets:n346,type_0,type_1,rel_6,0,0,0,0,train:window_39,0,671807.0
4000.0,darpa_cadets:n241376,darpa_cadets:n10,type_0,type_1,rel_6,1,1,0,1,train:window_39,1,672182.0
4001.0,darpa_cadets:n241517,darpa_cadets:n14,type_0,type_1,rel_4,0,0,0,0,validation:window_0,0,672348.0
4002.0,darpa_cadets:n241883,darpa_cadets:n241889,type_0,type_0,rel_8,0,0,0,0,validation:window_0,0,672662.0
4003.0,darpa_cadets:n241883,darpa_cadets:n218,type_0,type_1,rel_6,0,0,0,0,validation:window_0,0,672686.0
4004.0,darpa_cadets:n242106,darpa_cadets:n270,type_0,type_1,rel_9,0,0,0,0,validation:window_0,0,672995.0
4005.0,darpa_cadets:n242247,darpa_cadets:n242247,type_0,type_0,rel_7,0,0,0,0,validation:window_0,0,673224.0
4006.0,darpa_cadets:n242431,darpa_cadets:n185,type_0,type_1,rel_6,0,0,0,0,validation:window_0,0,673441.0
4007.0,darpa_cadets:n242439,darpa_cadets:n242440,type_0,type_4,rel_2,0,0,0,0,validation:window_0,0,673500.0
4008.0,darpa_cadets:n242623,darpa_cadets:n368,type_0,type_1,rel_6,0,0,0,0,validation:window_0,0,673874.0
4009.0,darpa_cadets:n242698,darpa_cadets:n1236,type_0,type_1,rel_6,0,0,0,0,validation:window_0,0,674176.0
4010.0,darpa_cadets:n242721,darpa_cadets:n1336,type_0,type_1,rel_4,0,0,0,0,validation:window_0,0,674311.0
4011.0,darpa_cadets:n242728,darpa_cadets:n13,type_0,type_1,rel_6,0,0,0,0,validation:window_0,0,674351.0
4012.0,darpa_cadets:n242743,darpa_cadets:n1231,type_0,type_1,rel_6,0,0,0,0,validation:window_0,0,674393.0
4013.0,darpa_cadets:n242783,darpa_cadets:n242783,type_0,type_0,rel_11,0,0,0,0,validation:window_0,0,674468.0
4014.0,darpa_cadets:n243015,darpa_cadets:n12,type_0,type_1,rel_6,0,0,0,0,validation:window_0,0,674689.0
4015.0,darpa_cadets:n243129,darpa_cadets:n243129,type_0,type_0,rel_7,0,0,0,0,validation:window_0,0,674830.0
4016.0,darpa_cadets:n243131,darpa_cadets:n1653,type_0,type_1,rel_9,0,0,0,0,validation:window_0,0,674839.0
4017.0,darpa_cadets:n243321,darpa_cadets:n5664,type_0,type_1,rel_6,0,0,0,0,validation:window_0,0,675080.0
4018.0,darpa_cadets:n243410,darpa_cadets:n248594,type_0,type_2,rel_3,0,0,0,0,validation:window_0,0,675482.0
4019.0,darpa_cadets:n243410,darpa_cadets:n252306,type_0,type_2,rel_3,0,0,0,0,validation:window_0,0,675507.0
4020.0,darpa_cadets:n243514,darpa_cadets:n284,type_0,type_1,rel_9,0,0,0,0,validation:window_0,0,675596.0
4021.0,darpa_cadets:n243642,darpa_cadets:n31,type_0,type_1,rel_9,0,0,0,0,validation:window_0,0,675690.0
4022.0,darpa_cadets:n243645,darpa_cadets:n5,type_0,type_1,rel_0,0,0,0,0,validation:window_0,0,675697.0
4023.0,darpa_cadets:n243656,darpa_cadets:n23,type_0,type_1,rel_6,0,0,0,0,validation:window_0,0,675783.0
4024.0,darpa_cadets:n243916,darpa_cadets:n5,type_0,type_1,rel_0,0,0,0,0,validation:window_0,0,675952.0
4025.0,darpa_cadets:n243925,darpa_cadets:n185,type_0,type_1,rel_6,0,0,0,0,validation:window_0,0,676007.0
4026.0,darpa_cadets:n244068,darpa_cadets:n5,type_0,type_1,rel_0,0,0,0,0,validation:window_0,0,676094.0
4027.0,darpa_cadets:n244203,darpa_cadets:n269,type_0,type_1,rel_6,0,0,0,0,validation:window_0,0,676206.0
4028.0,darpa_cadets:n244612,darpa_cadets:n5,type_0,type_1,rel_0,0,0,0,0,validation:window_0,0,676609.0
4029.0,darpa_cadets:n244729,darpa_cadets:n244730,type_0,type_1,rel_6,0,0,0,0,validation:window_0,0,676855.0
4030.0,darpa_cadets:n244796,darpa_cadets:n12,type_0,type_1,rel_6,0,0,0,0,validation:window_0,0,676949.0
4031.0,darpa_cadets:n244917,darpa_cadets:n10,type_0,type_1,rel_6,1,1,0,1,validation:window_0,1,677004.0
4032.0,darpa_cadets:n244992,darpa_cadets:n338,type_0,type_1,rel_6,0,0,0,0,validation:window_0,0,677121.0
4033.0,darpa_cadets:n245016,darpa_cadets:n167,type_0,type_1,rel_9,0,0,0,0,validation:window_0,0,677225.0
4034.0,darpa_cadets:n245016,darpa_cadets:n287,type_0,type_1,rel_6,0,0,0,0,validation:window_0,0,677240.0
4035.0,darpa_cadets:n245350,darpa_cadets:n245345,type_4,type_0,rel_16,0,0,0,0,validation:window_0,0,677606.0
4036.0,darpa_cadets:n245363,darpa_cadets:n215,type_0,type_1,rel_6,0,0,0,0,validation:window_0,0,677675.0
4037.0,darpa_cadets:n245535,darpa_cadets:n245535,type_0,type_0,rel_7,0,0,0,0,validation:window_0,0,677830.0
4038.0,darpa_cadets:n245548,darpa_cadets:n12,type_0,type_1,rel_6,0,0,0,0,validation:window_0,0,677899.0
4039.0,darpa_cadets:n245685,darpa_cadets:n19,type_0,type_1,rel_6,0,0,0,0,validation:window_0,0,678038.0
4040.0,darpa_cadets:n246232,darpa_cadets:n18,type_0,type_1,rel_6,0,0,0,0,validation:window_0,0,678477.0
4041.0,darpa_cadets:n246233,darpa_cadets:n31,type_0,type_1,rel_9,0,0,0,0,validation:window_0,0,678481.0
4042.0,darpa_cadets:n246233,darpa_cadets:n246233,type_0,type_0,rel_7,0,0,0,0,validation:window_0,0,678487.0
4043.0,darpa_cadets:n246555,darpa_cadets:n103053,type_0,type_1,rel_6,1,1,0,1,validation:window_0,1,679047.0
4044.0,darpa_cadets:n246563,darpa_cadets:n1056,type_0,type_1,rel_0,0,0,0,0,validation:window_0,0,679074.0
4045.0,darpa_cadets:n246664,darpa_cadets:n1234,type_0,type_1,rel_6,0,0,0,0,validation:window_0,0,679349.0
4046.0,darpa_cadets:n246664,darpa_cadets:n1246,type_0,type_5,rel_11,0,0,0,0,validation:window_0,0,679370.0
4047.0,darpa_cadets:n246670,darpa_cadets:n340,type_0,type_1,rel_6,0,0,0,0,validation:window_0,0,679389.0
4048.0,darpa_cadets:n246738,darpa_cadets:n10,type_0,type_1,rel_6,1,1,0,1,validation:window_0,1,679676.0
4049.0,darpa_cadets:n246809,darpa_cadets:n269,type_0,type_1,rel_6,0,0,0,0,validation:window_0,0,679735.0
4050.0,darpa_cadets:n246861,darpa_cadets:n345,type_0,type_1,rel_6,0,0,0,0,validation:window_0,0,679882.0
4051.0,darpa_cadets:n246861,darpa_cadets:n246865,type_0,type_2,rel_1,0,0,0,0,validation:window_0,0,679908.0
4052.0,darpa_cadets:n246892,darpa_cadets:n8,type_0,type_1,rel_6,1,1,0,1,validation:window_0,1,680026.0
4053.0,darpa_cadets:n246897,darpa_cadets:n11454,type_0,type_1,rel_9,0,0,0,0,validation:window_0,0,680062.0
4054.0,darpa_cadets:n246997,darpa_cadets:n246997,type_0,type_0,rel_7,0,0,0,0,validation:window_0,0,680146.0
4055.0,darpa_cadets:n248148,darpa_cadets:n103053,type_0,type_1,rel_6,1,1,0,1,validation:window_0,1,681375.0
4056.0,darpa_cadets:n248276,darpa_cadets:n185,type_0,type_1,rel_6,0,0,0,0,validation:window_0,0,681457.0
4057.0,darpa_cadets:n248281,darpa_cadets:n12,type_0,type_1,rel_6,0,0,0,0,validation:window_0,0,681493.0
4058.0,darpa_cadets:n248481,darpa_cadets:n7,type_0,type_1,rel_9,1,1,0,1,validation:window_0,1,681832.0
4059.0,darpa_cadets:n248742,darpa_cadets:n13,type_0,type_1,rel_6,0,0,0,0,validation:window_0,0,682071.0
4060.0,darpa_cadets:n249233,darpa_cadets:n395,type_0,type_1,rel_11,0,0,0,0,validation:window_0,0,682622.0
4061.0,darpa_cadets:n249236,darpa_cadets:n249236,type_0,type_0,rel_7,0,0,0,0,validation:window_0,0,682676.0
4062.0,darpa_cadets:n249335,darpa_cadets:n11,type_0,type_1,rel_6,1,1,0,1,validation:window_0,1,682754.0
4063.0,darpa_cadets:n249873,darpa_cadets:n249874,type_4,type_0,rel_5,0,0,0,0,validation:window_0,0,683370.0
4064.0,darpa_cadets:n249874,darpa_cadets:n249881,type_0,type_1,rel_6,0,0,0,0,validation:window_0,0,683409.0
4065.0,darpa_cadets:n250070,darpa_cadets:n185,type_0,type_1,rel_6,0,0,0,0,validation:window_0,0,683636.0
4066.0,darpa_cadets:n250284,darpa_cadets:n13,type_0,type_1,rel_6,0,0,0,0,validation:window_0,0,684102.0
4067.0,darpa_cadets:n250530,darpa_cadets:n13,type_0,type_1,rel_6,0,0,0,0,validation:window_0,0,684325.0
4068.0,darpa_cadets:n250666,darpa_cadets:n50,type_0,type_1,rel_6,0,0,0,0,validation:window_0,0,684437.0
4069.0,darpa_cadets:n250666,darpa_cadets:n287,type_0,type_1,rel_6,0,0,0,0,validation:window_0,0,684447.0
4070.0,darpa_cadets:n250953,darpa_cadets:n287,type_0,type_1,rel_6,0,0,0,0,validation:window_0,0,684700.0
4071.0,darpa_cadets:n250959,darpa_cadets:n105328,type_0,type_1,rel_6,0,0,0,0,validation:window_0,0,684748.0
4072.0,darpa_cadets:n251082,darpa_cadets:n271,type_0,type_1,rel_6,0,0,0,0,validation:window_0,0,684793.0
4073.0,darpa_cadets:n251095,darpa_cadets:n17,type_0,type_1,rel_6,0,0,0,0,validation:window_0,0,684864.0
4074.0,darpa_cadets:n251218,darpa_cadets:n271,type_0,type_1,rel_6,0,0,0,0,validation:window_0,0,684919.0
4075.0,darpa_cadets:n251389,darpa_cadets:n11,type_0,type_1,rel_6,1,1,0,1,validation:window_0,1,685287.0
4076.0,darpa_cadets:n251527,darpa_cadets:n277,type_0,type_1,rel_6,0,0,0,0,validation:window_0,0,685315.0
4077.0,darpa_cadets:n251527,darpa_cadets:n271,type_0,type_1,rel_6,0,0,0,0,validation:window_0,0,685320.0
4078.0,darpa_cadets:n251931,darpa_cadets:n271,type_0,type_1,rel_6,0,0,0,0,validation:window_0,0,685698.0
4079.0,darpa_cadets:n251981,darpa_cadets:n251989,type_0,type_0,rel_8,0,0,0,0,validation:window_0,0,685810.0
4080.0,darpa_cadets:n251989,darpa_cadets:n200,type_0,type_1,rel_6,0,0,0,0,validation:window_0,0,685858.0
4081.0,darpa_cadets:n252090,darpa_cadets:n272,type_0,type_1,rel_6,0,0,0,0,validation:window_0,0,685985.0
4082.0,darpa_cadets:n252154,darpa_cadets:n252155,type_4,type_0,rel_5,0,0,0,0,validation:window_0,0,686209.0
4083.0,darpa_cadets:n252155,darpa_cadets:n1056,type_0,type_1,rel_0,0,0,0,0,validation:window_0,0,686210.0
4084.0,darpa_cadets:n252160,darpa_cadets:n368,type_0,type_1,rel_6,0,0,0,0,validation:window_0,0,686258.0
4085.0,darpa_cadets:n252245,darpa_cadets:n103053,type_0,type_1,rel_6,1,1,0,1,validation:window_0,1,686523.0
4086.0,darpa_cadets:n252354,darpa_cadets:n1228,type_0,type_1,rel_6,0,0,0,0,validation:window_0,0,686816.0
4087.0,darpa_cadets:n252377,darpa_cadets:n925,type_2,type_0,rel_5,0,0,0,0,validation:window_0,0,686966.0
4088.0,darpa_cadets:n252439,darpa_cadets:n252440,type_0,type_0,rel_8,0,0,0,0,validation:window_0,0,687122.0
4089.0,darpa_cadets:n252440,darpa_cadets:n1078,type_0,type_1,rel_11,0,0,0,0,validation:window_0,0,687134.0
4090.0,darpa_cadets:n252487,darpa_cadets:n252478,type_0,type_1,rel_0,0,0,0,0,validation:window_0,0,687274.0
4091.0,darpa_cadets:n252808,darpa_cadets:n5,type_0,type_1,rel_0,0,0,0,0,validation:window_0,0,687634.0
4092.0,darpa_cadets:n252822,darpa_cadets:n13,type_0,type_1,rel_6,0,0,0,0,validation:window_0,0,687726.0
4093.0,darpa_cadets:n253170,darpa_cadets:n350,type_0,type_1,rel_6,0,0,0,0,validation:window_0,0,688066.0
4094.0,darpa_cadets:n253170,darpa_cadets:n354,type_0,type_1,rel_6,0,0,0,0,validation:window_0,0,688072.0
4095.0,darpa_cadets:n253198,darpa_cadets:n390,type_0,type_1,rel_6,0,0,0,0,validation:window_0,0,688150.0
4096.0,darpa_cadets:n253287,darpa_cadets:n21,type_0,type_1,rel_6,0,0,0,0,validation:window_0,0,688328.0
4097.0,darpa_cadets:n253581,darpa_cadets:n0,type_0,type_1,rel_4,0,0,0,0,validation:window_0,0,688708.0
4098.0,darpa_cadets:n254042,darpa_cadets:n254042,type_0,type_0,rel_7,0,0,0,0,validation:window_0,0,689317.0
4099.0,darpa_cadets:n254432,darpa_cadets:n49,type_0,type_1,rel_6,1,1,0,1,validation:window_0,1,689611.0
4100.0,darpa_cadets:n254432,darpa_cadets:n11,type_0,type_1,rel_6,1,1,0,1,validation:window_0,1,689614.0
4101.0,darpa_cadets:n254444,darpa_cadets:n285,type_0,type_1,rel_6,0,0,0,0,validation:window_1,0,689669.0
4102.0,darpa_cadets:n254448,darpa_cadets:n5,type_0,type_1,rel_0,0,0,0,0,validation:window_1,0,689685.0
4103.0,darpa_cadets:n254638,darpa_cadets:n185,type_0,type_1,rel_6,0,0,0,0,validation:window_1,0,690102.0
4104.0,darpa_cadets:n254791,darpa_cadets:n19,type_0,type_1,rel_6,0,0,0,0,validation:window_1,0,690235.0
4105.0,darpa_cadets:n254926,darpa_cadets:n11,type_0,type_1,rel_6,1,1,0,1,validation:window_1,1,690374.0
4106.0,darpa_cadets:n254931,darpa_cadets:n7,type_0,type_1,rel_9,1,1,0,1,validation:window_1,1,690397.0
4107.0,darpa_cadets:n254931,darpa_cadets:n17,type_0,type_1,rel_6,0,0,0,0,validation:window_1,0,690400.0
4108.0,darpa_cadets:n255041,darpa_cadets:n65,type_0,type_1,rel_6,0,0,0,0,validation:window_1,0,690469.0
4109.0,darpa_cadets:n255094,darpa_cadets:n255096,type_3,type_0,rel_5,0,0,0,0,validation:window_1,0,690704.0
4110.0,darpa_cadets:n255590,darpa_cadets:n752,type_0,type_1,rel_0,0,0,0,0,validation:window_1,0,691417.0
4111.0,darpa_cadets:n255593,darpa_cadets:n108,type_0,type_1,rel_6,0,0,0,0,validation:window_1,0,691426.0
4112.0,darpa_cadets:n255985,darpa_cadets:n5,type_0,type_1,rel_0,0,0,0,0,validation:window_1,0,691815.0
4113.0,darpa_cadets:n256275,darpa_cadets:n348,type_0,type_1,rel_6,0,0,0,0,validation:window_1,0,692095.0
4114.0,darpa_cadets:n256281,darpa_cadets:n256288,type_0,type_1,rel_0,0,0,0,0,validation:window_1,0,692162.0
4115.0,darpa_cadets:n256301,darpa_cadets:n168,type_0,type_1,rel_6,0,0,0,0,validation:window_1,0,692190.0
4116.0,darpa_cadets:n256361,darpa_cadets:n214,type_0,type_1,rel_6,0,0,0,0,validation:window_1,0,692483.0
4117.0,darpa_cadets:n256496,darpa_cadets:n256498,type_3,type_0,rel_5,0,0,0,0,validation:window_1,0,692640.0
4118.0,darpa_cadets:n256765,darpa_cadets:n256765,type_0,type_0,rel_7,0,0,0,0,validation:window_1,0,692912.0
4119.0,darpa_cadets:n256859,darpa_cadets:n11,type_0,type_1,rel_6,1,1,0,1,validation:window_1,1,693025.0
4120.0,darpa_cadets:n256865,darpa_cadets:n256867,type_0,type_1,rel_0,0,0,0,0,validation:window_1,0,693085.0
4121.0,darpa_cadets:n256942,darpa_cadets:n31,type_0,type_1,rel_9,0,0,0,0,validation:window_1,0,693246.0
4122.0,darpa_cadets:n256956,darpa_cadets:n105328,type_0,type_1,rel_6,0,0,0,0,validation:window_1,0,693340.0
4123.0,darpa_cadets:n256956,darpa_cadets:n64,type_0,type_1,rel_6,0,0,0,0,validation:window_1,0,693344.0
4124.0,darpa_cadets:n257040,darpa_cadets:n1065,type_0,type_1,rel_6,0,0,0,0,validation:window_1,0,693397.0
4125.0,darpa_cadets:n257087,darpa_cadets:n12,type_0,type_1,rel_6,0,0,0,0,validation:window_1,0,693578.0
4126.0,darpa_cadets:n257095,darpa_cadets:n257097,type_0,type_4,rel_2,0,0,0,0,validation:window_1,0,693629.0
4127.0,darpa_cadets:n257160,darpa_cadets:n103053,type_0,type_1,rel_6,1,1,0,1,validation:window_1,1,693748.0
4128.0,darpa_cadets:n257219,darpa_cadets:n7,type_0,type_1,rel_9,1,1,0,1,validation:window_1,1,693945.0
4129.0,darpa_cadets:n257232,darpa_cadets:n1234,type_0,type_1,rel_6,0,0,0,0,validation:window_1,0,694010.0
4130.0,darpa_cadets:n257361,darpa_cadets:n22,type_0,type_1,rel_6,0,0,0,0,validation:window_1,0,694414.0
4131.0,darpa_cadets:n257480,darpa_cadets:n5,type_0,type_1,rel_0,0,0,0,0,validation:window_1,0,694612.0
4132.0,darpa_cadets:n257539,darpa_cadets:n1077,type_0,type_1,rel_9,0,0,0,0,validation:window_1,0,694864.0
4133.0,darpa_cadets:n257681,darpa_cadets:n257681,type_0,type_0,rel_7,0,0,0,0,validation:window_1,0,695105.0
4134.0,darpa_cadets:n257734,darpa_cadets:n215,type_0,type_1,rel_6,0,0,0,0,validation:window_1,0,695318.0
4135.0,darpa_cadets:n257734,darpa_cadets:n257738,type_0,type_1,rel_6,0,0,0,0,validation:window_1,0,695323.0
4136.0,darpa_cadets:n257734,darpa_cadets:n257739,type_0,type_3,rel_1,0,0,0,0,validation:window_1,0,695324.0
4137.0,darpa_cadets:n257737,darpa_cadets:n257734,type_4,type_0,rel_16,0,0,0,0,validation:window_1,0,695328.0
4138.0,darpa_cadets:n257852,darpa_cadets:n8,type_0,type_1,rel_6,1,1,0,1,validation:window_1,1,695418.0
4139.0,darpa_cadets:n257859,darpa_cadets:n759,type_0,type_5,rel_11,0,0,0,0,validation:window_1,0,695444.0
4140.0,darpa_cadets:n257861,darpa_cadets:n257861,type_0,type_0,rel_7,0,0,0,0,validation:window_1,0,695467.0
4141.0,darpa_cadets:n258126,darpa_cadets:n390,type_0,type_1,rel_6,0,0,0,0,validation:window_1,0,695830.0
4142.0,darpa_cadets:n258172,darpa_cadets:n8,type_0,type_1,rel_6,1,1,0,1,validation:window_1,1,696017.0
4143.0,darpa_cadets:n258196,darpa_cadets:n108,type_0,type_1,rel_6,0,0,0,0,validation:window_1,0,696092.0
4144.0,darpa_cadets:n258205,darpa_cadets:n1066,type_0,type_5,rel_11,0,0,0,0,validation:window_1,0,696178.0
4145.0,darpa_cadets:n258298,darpa_cadets:n256901,type_0,type_1,rel_18,0,0,0,0,validation:window_1,0,696486.0
4146.0,darpa_cadets:n258298,darpa_cadets:n64,type_0,type_1,rel_6,0,0,0,0,validation:window_1,0,696508.0
4147.0,darpa_cadets:n258380,darpa_cadets:n1234,type_0,type_1,rel_6,0,0,0,0,validation:window_1,0,696562.0
4148.0,darpa_cadets:n258422,darpa_cadets:n1246,type_0,type_5,rel_11,0,0,0,0,validation:window_1,0,696804.0
4149.0,darpa_cadets:n258525,darpa_cadets:n258524,type_0,type_3,rel_4,0,0,0,0,validation:window_1,0,697121.0
4150.0,darpa_cadets:n258633,darpa_cadets:n258653,type_0,type_0,rel_8,0,0,0,0,validation:window_1,0,697267.0
4151.0,darpa_cadets:n258692,darpa_cadets:n200,type_0,type_1,rel_6,0,0,0,0,validation:window_1,0,697374.0
4152.0,darpa_cadets:n258692,darpa_cadets:n368,type_0,type_1,rel_6,0,0,0,0,validation:window_1,0,697422.0
4153.0,darpa_cadets:n258749,darpa_cadets:n22,type_0,type_1,rel_6,0,0,0,0,validation:window_1,0,697660.0
4154.0,darpa_cadets:n258933,darpa_cadets:n5,type_0,type_1,rel_0,0,0,0,0,validation:window_1,0,698051.0
4155.0,darpa_cadets:n258933,darpa_cadets:n23,type_0,type_1,rel_6,0,0,0,0,validation:window_1,0,698065.0
4156.0,darpa_cadets:n259016,darpa_cadets:n259030,type_0,type_2,rel_3,0,0,0,0,validation:window_1,0,698311.0
4157.0,darpa_cadets:n259026,darpa_cadets:n293,type_0,type_1,rel_6,0,0,0,0,validation:window_1,0,698372.0
4158.0,darpa_cadets:n259257,darpa_cadets:n12,type_0,type_1,rel_6,0,0,0,0,validation:window_1,0,698702.0
4159.0,darpa_cadets:n259332,darpa_cadets:n270,type_0,type_1,rel_9,0,0,0,0,validation:window_1,0,698845.0
4160.0,darpa_cadets:n259392,darpa_cadets:n369,type_0,type_1,rel_6,0,0,0,0,validation:window_1,0,698999.0
4161.0,darpa_cadets:n259400,darpa_cadets:n259407,type_0,type_1,rel_0,0,0,0,0,validation:window_1,0,699037.0
4162.0,darpa_cadets:n259418,darpa_cadets:n169,type_0,type_1,rel_6,0,0,0,0,validation:window_1,0,699066.0
4163.0,darpa_cadets:n259512,darpa_cadets:n65,type_0,type_1,rel_6,0,0,0,0,validation:window_1,0,699221.0
4164.0,darpa_cadets:n259636,darpa_cadets:n259636,type_0,type_0,rel_7,0,0,0,0,validation:window_1,0,699289.0
4165.0,darpa_cadets:n259665,darpa_cadets:n105328,type_0,type_1,rel_6,0,0,0,0,validation:window_1,0,699467.0
4166.0,darpa_cadets:n259956,darpa_cadets:n259955,type_4,type_0,rel_16,0,0,0,0,validation:window_1,0,699751.0
4167.0,darpa_cadets:n259990,darpa_cadets:n259992,type_0,type_1,rel_0,0,0,0,0,validation:window_1,0,699847.0
4168.0,darpa_cadets:n260012,darpa_cadets:n395,type_0,type_1,rel_11,0,0,0,0,validation:window_1,0,699875.0
4169.0,darpa_cadets:n260122,darpa_cadets:n8,type_0,type_1,rel_6,1,1,0,1,validation:window_1,1,699997.0
4170.0,darpa_cadets:n260137,darpa_cadets:n22,type_0,type_1,rel_6,0,0,0,0,validation:window_1,0,700101.0
4171.0,darpa_cadets:n260137,darpa_cadets:n14,type_0,type_1,rel_4,0,0,0,0,validation:window_1,0,700108.0
4172.0,darpa_cadets:n260452,darpa_cadets:n185,type_0,type_1,rel_6,0,0,0,0,validation:window_1,0,700505.0
4173.0,darpa_cadets:n260589,darpa_cadets:n5,type_0,type_1,rel_0,0,0,0,0,validation:window_1,0,700640.0
4174.0,darpa_cadets:n261060,darpa_cadets:n5,type_0,type_1,rel_0,0,0,0,0,validation:window_1,0,701280.0
4175.0,darpa_cadets:n261302,darpa_cadets:n261298,type_3,type_0,rel_5,0,0,0,0,validation:window_1,0,701428.0
4176.0,darpa_cadets:n261350,darpa_cadets:n261350,type_0,type_0,rel_11,0,0,0,0,validation:window_1,0,701668.0
4177.0,darpa_cadets:n261475,darpa_cadets:n13,type_0,type_1,rel_6,0,0,0,0,validation:window_1,0,701709.0
4178.0,darpa_cadets:n261543,darpa_cadets:n211,type_0,type_1,rel_6,0,0,0,0,validation:window_1,0,701934.0
4179.0,darpa_cadets:n261575,darpa_cadets:n22,type_0,type_1,rel_6,0,0,0,0,validation:window_1,0,702065.0
4180.0,darpa_cadets:n261577,darpa_cadets:n261566,type_3,type_0,rel_5,0,0,0,0,validation:window_1,0,702071.0
4181.0,darpa_cadets:n261651,darpa_cadets:n12,type_0,type_1,rel_6,0,0,0,0,validation:window_1,0,702304.0
4182.0,darpa_cadets:n261655,darpa_cadets:n1244,type_0,type_1,rel_6,0,0,0,0,validation:window_1,0,702364.0
4183.0,darpa_cadets:n261664,darpa_cadets:n1235,type_0,type_1,rel_6,0,0,0,0,validation:window_1,0,702386.0
4184.0,darpa_cadets:n261664,darpa_cadets:n1246,type_0,type_5,rel_11,0,0,0,0,validation:window_1,0,702406.0
4185.0,darpa_cadets:n261689,darpa_cadets:n1327,type_0,type_1,rel_9,0,0,0,0,validation:window_1,0,702513.0
4186.0,darpa_cadets:n261689,darpa_cadets:n1233,type_0,type_1,rel_6,0,0,0,0,validation:window_1,0,702520.0
4187.0,darpa_cadets:n261725,darpa_cadets:n261699,type_2,type_0,rel_5,0,0,0,0,validation:window_1,0,702719.0
4188.0,darpa_cadets:n261736,darpa_cadets:n261720,type_2,type_0,rel_5,0,0,0,0,validation:window_1,0,702725.0
4189.0,darpa_cadets:n261737,darpa_cadets:n261737,type_0,type_0,rel_11,0,0,0,0,validation:window_1,0,702757.0
4190.0,darpa_cadets:n261799,darpa_cadets:n8,type_0,type_1,rel_6,1,1,0,1,validation:window_1,1,702841.0
4191.0,darpa_cadets:n261799,darpa_cadets:n1332,type_0,type_1,rel_6,0,0,0,0,validation:window_1,0,702869.0
4192.0,darpa_cadets:n261863,darpa_cadets:n11,type_0,type_1,rel_6,1,1,0,1,validation:window_1,1,702900.0
4193.0,darpa_cadets:n261866,darpa_cadets:n261868,type_3,type_0,rel_5,0,0,0,0,validation:window_1,0,702908.0
4194.0,darpa_cadets:n261868,darpa_cadets:n261865,type_0,type_3,rel_4,0,0,0,0,validation:window_1,0,702923.0
4195.0,darpa_cadets:n261882,darpa_cadets:n271,type_0,type_1,rel_6,0,0,0,0,validation:window_1,0,702953.0
4196.0,darpa_cadets:n262045,darpa_cadets:n272,type_0,type_1,rel_6,0,0,0,0,validation:window_1,0,703242.0
4197.0,darpa_cadets:n262067,darpa_cadets:n50,type_0,type_1,rel_6,0,0,0,0,validation:window_1,0,703318.0
4198.0,darpa_cadets:n262362,darpa_cadets:n1651,type_0,type_5,rel_11,0,0,0,0,validation:window_1,0,703826.0
4199.0,darpa_cadets:n262587,darpa_cadets:n284,type_0,type_1,rel_9,0,0,0,0,validation:window_1,0,704224.0
4200.0,darpa_cadets:n262784,darpa_cadets:n211,type_0,type_1,rel_6,0,0,0,0,validation:window_1,0,704653.0
4201.0,darpa_cadets:n262845,darpa_cadets:n200,type_0,type_1,rel_6,0,0,0,0,validation:window_2,0,704750.0
4202.0,darpa_cadets:n263070,darpa_cadets:n8,type_0,type_1,rel_6,1,1,0,1,validation:window_2,1,705019.0
4203.0,darpa_cadets:n263094,darpa_cadets:n263070,type_2,type_0,rel_5,0,0,0,0,validation:window_2,0,705182.0
4204.0,darpa_cadets:n263095,darpa_cadets:n1059,type_0,type_1,rel_6,0,0,0,0,validation:window_2,0,705191.0
4205.0,darpa_cadets:n263140,darpa_cadets:n1243,type_0,type_1,rel_6,0,0,0,0,validation:window_2,0,705436.0
4206.0,darpa_cadets:n263156,darpa_cadets:n263115,type_2,type_0,rel_5,0,0,0,0,validation:window_2,0,705452.0
4207.0,darpa_cadets:n263172,darpa_cadets:n263172,type_0,type_0,rel_7,0,0,0,0,validation:window_2,0,705496.0
4208.0,darpa_cadets:n263275,darpa_cadets:n401,type_0,type_1,rel_9,0,0,0,0,validation:window_2,0,705675.0
4209.0,darpa_cadets:n263467,darpa_cadets:n263472,type_0,type_4,rel_2,0,0,0,0,validation:window_2,0,706063.0
4210.0,darpa_cadets:n263533,darpa_cadets:n1243,type_0,type_1,rel_6,0,0,0,0,validation:window_2,0,706217.0
4211.0,darpa_cadets:n263612,darpa_cadets:n263612,type_0,type_0,rel_7,0,0,0,0,validation:window_2,0,706465.0
4212.0,darpa_cadets:n263618,darpa_cadets:n263619,type_0,type_1,rel_6,0,0,0,0,validation:window_2,0,706494.0
4213.0,darpa_cadets:n263645,darpa_cadets:n19,type_0,type_1,rel_6,0,0,0,0,validation:window_2,0,706558.0
4214.0,darpa_cadets:n263655,darpa_cadets:n11,type_0,type_1,rel_6,1,1,0,1,validation:window_2,1,706620.0
4215.0,darpa_cadets:n263786,darpa_cadets:n263877,type_0,type_0,rel_8,0,0,0,0,validation:window_2,0,706785.0
4216.0,darpa_cadets:n263788,darpa_cadets:n8,type_0,type_1,rel_6,1,1,0,1,validation:window_2,1,706797.0
4217.0,darpa_cadets:n263790,darpa_cadets:n263786,type_1,type_0,rel_5,0,0,0,0,validation:window_2,0,706813.0
4218.0,darpa_cadets:n263819,darpa_cadets:n48,type_0,type_1,rel_6,0,0,0,0,validation:window_2,0,706859.0
4219.0,darpa_cadets:n263834,darpa_cadets:n17,type_0,type_1,rel_6,0,0,0,0,validation:window_2,0,706950.0
4220.0,darpa_cadets:n264109,darpa_cadets:n264109,type_0,type_0,rel_7,0,0,0,0,validation:window_2,0,707232.0
4221.0,darpa_cadets:n264327,darpa_cadets:n264327,type_0,type_0,rel_13,0,0,0,0,validation:window_2,0,707555.0
4222.0,darpa_cadets:n264327,darpa_cadets:n12,type_0,type_1,rel_6,0,0,0,0,validation:window_2,0,707568.0
4223.0,darpa_cadets:n264327,darpa_cadets:n264466,type_0,type_1,rel_6,0,0,0,0,validation:window_2,0,707594.0
4224.0,darpa_cadets:n264448,darpa_cadets:n1303,type_0,type_1,rel_9,0,0,0,0,validation:window_2,0,707899.0
4225.0,darpa_cadets:n264461,darpa_cadets:n264484,type_0,type_1,rel_6,0,0,0,0,validation:window_2,0,708005.0
4226.0,darpa_cadets:n264470,darpa_cadets:n264461,type_2,type_0,rel_5,0,0,0,0,validation:window_2,0,708027.0
4227.0,darpa_cadets:n264497,darpa_cadets:n1233,type_0,type_1,rel_6,0,0,0,0,validation:window_2,0,708169.0
4228.0,darpa_cadets:n264532,darpa_cadets:n264269,type_0,type_1,rel_0,0,0,0,0,validation:window_2,0,708246.0
4229.0,darpa_cadets:n264557,darpa_cadets:n103053,type_0,type_1,rel_6,1,1,0,1,validation:window_2,1,708358.0
4230.0,darpa_cadets:n264658,darpa_cadets:n76,type_0,type_1,rel_6,0,0,0,0,validation:window_2,0,708405.0
4231.0,darpa_cadets:n264679,darpa_cadets:n103053,type_0,type_1,rel_6,1,1,0,1,validation:window_2,1,708500.0
4232.0,darpa_cadets:n264937,darpa_cadets:n264937,type_0,type_0,rel_7,0,0,0,0,validation:window_2,0,708928.0
4233.0,darpa_cadets:n265010,darpa_cadets:n340,type_0,type_1,rel_6,0,0,0,0,validation:window_2,0,709056.0
4234.0,darpa_cadets:n265010,darpa_cadets:n213,type_0,type_1,rel_6,0,0,0,0,validation:window_2,0,709072.0
4235.0,darpa_cadets:n265020,darpa_cadets:n265020,type_0,type_0,rel_11,0,0,0,0,validation:window_2,0,709111.0
4236.0,darpa_cadets:n265029,darpa_cadets:n265029,type_0,type_0,rel_7,0,0,0,0,validation:window_2,0,709135.0
4237.0,darpa_cadets:n265069,darpa_cadets:n200,type_0,type_1,rel_6,0,0,0,0,validation:window_2,0,709163.0
4238.0,darpa_cadets:n265069,darpa_cadets:n2702,type_0,type_1,rel_6,0,0,0,0,validation:window_2,0,709189.0
4239.0,darpa_cadets:n265071,darpa_cadets:n265069,type_4,type_0,rel_16,0,0,0,0,validation:window_2,0,709191.0
4240.0,darpa_cadets:n265077,darpa_cadets:n265231,type_0,type_1,rel_6,0,0,0,0,validation:window_2,0,709239.0
4241.0,darpa_cadets:n265124,darpa_cadets:n10,type_0,type_1,rel_6,1,1,0,1,validation:window_2,1,709344.0
4242.0,darpa_cadets:n265139,darpa_cadets:n1267,type_0,type_1,rel_6,0,0,0,0,validation:window_2,0,709405.0
4243.0,darpa_cadets:n265197,darpa_cadets:n108,type_0,type_1,rel_6,0,0,0,0,validation:window_2,0,709695.0
4244.0,darpa_cadets:n265252,darpa_cadets:n265171,type_1,type_0,rel_5,0,0,0,0,validation:window_2,0,709831.0
4245.0,darpa_cadets:n265329,darpa_cadets:n265351,type_0,type_2,rel_2,0,0,0,0,validation:window_2,0,709985.0
4246.0,darpa_cadets:n265541,darpa_cadets:n265559,type_0,type_0,rel_8,0,0,0,0,validation:window_2,0,710325.0
4247.0,darpa_cadets:n265586,darpa_cadets:n401,type_0,type_1,rel_9,0,0,0,0,validation:window_2,0,710407.0
4248.0,darpa_cadets:n265666,darpa_cadets:n10,type_0,type_1,rel_6,1,1,0,1,validation:window_2,1,710541.0
4249.0,darpa_cadets:n265784,darpa_cadets:n265784,type_0,type_0,rel_7,0,0,0,0,validation:window_2,0,710559.0
4250.0,darpa_cadets:n265855,darpa_cadets:n265866,type_0,type_0,rel_8,0,0,0,0,validation:window_2,0,710806.0
4251.0,darpa_cadets:n265866,darpa_cadets:n10,type_0,type_1,rel_6,1,1,0,1,validation:window_2,1,710831.0
4252.0,darpa_cadets:n265967,darpa_cadets:n284,type_0,type_1,rel_9,0,0,0,0,validation:window_2,0,710883.0
4253.0,darpa_cadets:n265972,darpa_cadets:n6,type_0,type_1,rel_9,0,0,0,0,validation:window_2,0,710920.0
4254.0,darpa_cadets:n265972,darpa_cadets:n10,type_0,type_1,rel_6,1,1,0,1,validation:window_2,1,710924.0
4255.0,darpa_cadets:n266177,darpa_cadets:n266172,type_3,type_0,rel_5,0,0,0,0,validation:window_2,0,711162.0
4256.0,darpa_cadets:n266180,darpa_cadets:n266180,type_0,type_0,rel_11,0,0,0,0,validation:window_2,0,711175.0
4257.0,darpa_cadets:n266213,darpa_cadets:n266216,type_0,type_0,rel_8,0,0,0,0,validation:window_2,0,711217.0
4258.0,darpa_cadets:n266264,darpa_cadets:n357,type_0,type_1,rel_6,0,0,0,0,validation:window_2,0,711343.0
4259.0,darpa_cadets:n266264,darpa_cadets:n266290,type_0,type_2,rel_1,0,0,0,0,validation:window_2,0,711382.0
4260.0,darpa_cadets:n266315,darpa_cadets:n287,type_0,type_1,rel_6,0,0,0,0,validation:window_2,0,711519.0
4261.0,darpa_cadets:n266346,darpa_cadets:n1242,type_0,type_1,rel_6,0,0,0,0,validation:window_2,0,711612.0
4262.0,darpa_cadets:n266365,darpa_cadets:n1299,type_0,type_1,rel_4,0,0,0,0,validation:window_2,0,711749.0
4263.0,darpa_cadets:n266386,darpa_cadets:n1232,type_0,type_1,rel_6,0,0,0,0,validation:window_2,0,711817.0
4264.0,darpa_cadets:n266425,darpa_cadets:n1231,type_0,type_1,rel_6,0,0,0,0,validation:window_2,0,712024.0
4265.0,darpa_cadets:n266488,darpa_cadets:n266488,type_0,type_0,rel_11,0,0,0,0,validation:window_2,0,712200.0
4266.0,darpa_cadets:n266608,darpa_cadets:n266608,type_0,type_0,rel_7,0,0,0,0,validation:window_2,0,712360.0
4267.0,darpa_cadets:n266621,darpa_cadets:n5,type_0,type_1,rel_0,0,0,0,0,validation:window_2,0,712422.0
4268.0,darpa_cadets:n266737,darpa_cadets:n266738,type_0,type_1,rel_6,0,0,0,0,validation:window_2,0,712587.0
4269.0,darpa_cadets:n267490,darpa_cadets:n267517,type_0,type_2,rel_1,0,0,0,0,validation:window_2,0,713458.0
4270.0,darpa_cadets:n267527,darpa_cadets:n336,type_0,type_1,rel_6,0,0,0,0,validation:window_2,0,713490.0
4271.0,darpa_cadets:n267527,darpa_cadets:n267545,type_0,type_0,rel_8,0,0,0,0,validation:window_2,0,713550.0
4272.0,darpa_cadets:n267596,darpa_cadets:n8,type_0,type_1,rel_6,1,1,0,1,validation:window_2,1,713580.0
4273.0,darpa_cadets:n267611,darpa_cadets:n5,type_0,type_1,rel_0,0,0,0,0,validation:window_2,0,713671.0
4274.0,darpa_cadets:n267611,darpa_cadets:n17,type_0,type_1,rel_6,0,0,0,0,validation:window_2,0,713676.0
4275.0,darpa_cadets:n267851,darpa_cadets:n345,type_0,type_1,rel_6,0,0,0,0,validation:window_2,0,713879.0
4276.0,darpa_cadets:n267851,darpa_cadets:n357,type_0,type_1,rel_6,0,0,0,0,validation:window_2,0,713895.0
4277.0,darpa_cadets:n267918,darpa_cadets:n267918,type_0,type_0,rel_11,0,0,0,0,validation:window_2,0,714046.0
4278.0,darpa_cadets:n267985,darpa_cadets:n267985,type_0,type_0,rel_7,0,0,0,0,validation:window_2,0,714072.0
4279.0,darpa_cadets:n268001,darpa_cadets:n64,type_0,type_1,rel_6,0,0,0,0,validation:window_2,0,714154.0
4280.0,darpa_cadets:n268078,darpa_cadets:n293,type_0,type_1,rel_6,0,0,0,0,validation:window_2,0,714326.0
4281.0,darpa_cadets:n268239,darpa_cadets:n268240,type_0,type_5,rel_1,0,0,0,0,validation:window_2,0,714512.0
4282.0,darpa_cadets:n268254,darpa_cadets:n48,type_0,type_1,rel_6,0,0,0,0,validation:window_2,0,714564.0
4283.0,darpa_cadets:n268407,darpa_cadets:n18,type_0,type_1,rel_6,0,0,0,0,validation:window_2,0,714760.0
4284.0,darpa_cadets:n268426,darpa_cadets:n268424,type_0,type_2,rel_0,1,0,1,0,validation:window_2,1,714829.0
4285.0,darpa_cadets:n268506,darpa_cadets:n368,type_0,type_1,rel_6,0,0,0,0,validation:window_2,0,715016.0
4286.0,darpa_cadets:n268559,darpa_cadets:n268560,type_0,type_0,rel_8,0,0,0,0,validation:window_2,0,715124.0
4287.0,darpa_cadets:n268713,darpa_cadets:n1234,type_0,type_1,rel_6,0,0,0,0,validation:window_2,0,715639.0
4288.0,darpa_cadets:n268919,darpa_cadets:n215,type_0,type_1,rel_6,0,0,0,0,validation:window_2,0,716183.0
4289.0,darpa_cadets:n268943,darpa_cadets:n268561,type_0,type_1,rel_0,0,0,0,0,validation:window_2,0,716247.0
4290.0,darpa_cadets:n268998,darpa_cadets:n184,type_0,type_1,rel_6,0,0,0,0,validation:window_2,0,716529.0
4291.0,darpa_cadets:n269002,darpa_cadets:n329887,type_0,type_2,rel_1,0,0,0,0,validation:window_2,0,716801.0
4292.0,darpa_cadets:n269056,darpa_cadets:n269056,type_0,type_0,rel_11,0,0,0,0,validation:window_2,0,716976.0
4293.0,darpa_cadets:n269132,darpa_cadets:n269132,type_0,type_0,rel_7,0,0,0,0,validation:window_2,0,717057.0
4294.0,darpa_cadets:n269150,darpa_cadets:n269414,type_0,type_1,rel_0,1,1,1,1,validation:window_2,1,717245.0
4295.0,darpa_cadets:n269150,darpa_cadets:n269995,type_0,type_1,rel_0,1,1,1,1,validation:window_2,1,717826.0
4296.0,darpa_cadets:n269150,darpa_cadets:n270085,type_0,type_1,rel_0,1,1,1,1,validation:window_2,1,717916.0
4297.0,darpa_cadets:n269150,darpa_cadets:n270096,type_0,type_1,rel_0,1,1,1,1,validation:window_2,1,717927.0
4298.0,darpa_cadets:n269150,darpa_cadets:n270426,type_0,type_1,rel_0,1,1,1,1,validation:window_2,1,718231.0
4299.0,darpa_cadets:n269150,darpa_cadets:n271016,type_0,type_1,rel_0,1,1,1,1,validation:window_2,1,718821.0
4300.0,darpa_cadets:n269150,darpa_cadets:n271411,type_0,type_1,rel_0,1,1,1,1,validation:window_2,1,719212.0
4301.0,darpa_cadets:n269150,darpa_cadets:n271827,type_0,type_1,rel_0,1,1,1,1,validation:window_3,1,719628.0
4302.0,darpa_cadets:n269150,darpa_cadets:n272282,type_0,type_1,rel_0,1,1,1,1,validation:window_3,1,720065.0
4303.0,darpa_cadets:n269150,darpa_cadets:n272441,type_0,type_1,rel_0,1,1,1,1,validation:window_3,1,720224.0
4304.0,darpa_cadets:n269150,darpa_cadets:n272523,type_0,type_1,rel_0,1,1,1,1,validation:window_3,1,720306.0
4305.0,darpa_cadets:n269150,darpa_cadets:n273100,type_0,type_1,rel_0,1,1,1,1,validation:window_3,1,720879.0
4306.0,darpa_cadets:n269150,darpa_cadets:n273172,type_0,type_1,rel_0,1,1,1,1,validation:window_3,1,720951.0
4307.0,darpa_cadets:n269150,darpa_cadets:n273492,type_0,type_1,rel_0,1,1,1,1,validation:window_3,1,721271.0
4308.0,darpa_cadets:n269150,darpa_cadets:n274175,type_0,type_1,rel_0,1,1,1,1,validation:window_3,1,721932.0
4309.0,darpa_cadets:n269150,darpa_cadets:n275512,type_0,type_1,rel_0,1,1,1,1,validation:window_3,1,723265.0
4310.0,darpa_cadets:n269150,darpa_cadets:n276093,type_0,type_1,rel_0,1,1,1,1,validation:window_3,1,723846.0
4311.0,darpa_cadets:n269150,darpa_cadets:n276101,type_0,type_1,rel_0,1,1,1,1,validation:window_3,1,723854.0
4312.0,darpa_cadets:n269150,darpa_cadets:n276534,type_0,type_1,rel_0,1,1,1,1,validation:window_3,1,724287.0
4313.0,darpa_cadets:n269150,darpa_cadets:n276615,type_0,type_1,rel_0,1,1,1,1,validation:window_3,1,724368.0
4314.0,darpa_cadets:n269150,darpa_cadets:n277122,type_0,type_1,rel_0,1,1,1,1,validation:window_3,1,724762.0
4315.0,darpa_cadets:n269150,darpa_cadets:n277135,type_0,type_1,rel_0,1,1,1,1,validation:window_3,1,724775.0
4316.0,darpa_cadets:n269150,darpa_cadets:n277279,type_0,type_1,rel_0,1,1,1,1,validation:window_3,1,724919.0
4317.0,darpa_cadets:n269150,darpa_cadets:n277441,type_0,type_1,rel_0,1,1,1,1,validation:window_3,1,725081.0
4318.0,darpa_cadets:n269150,darpa_cadets:n277576,type_0,type_1,rel_0,1,1,1,1,validation:window_3,1,725216.0
4319.0,darpa_cadets:n269150,darpa_cadets:n278605,type_0,type_1,rel_0,1,1,1,1,validation:window_3,1,726231.0
4320.0,darpa_cadets:n269150,darpa_cadets:n278953,type_0,type_1,rel_0,1,1,1,1,validation:window_3,1,726579.0
4321.0,darpa_cadets:n269150,darpa_cadets:n279310,type_0,type_1,rel_0,1,1,1,1,validation:window_3,1,726936.0
4322.0,darpa_cadets:n269150,darpa_cadets:n279702,type_0,type_1,rel_0,1,1,1,1,validation:window_3,1,727324.0
4323.0,darpa_cadets:n269150,darpa_cadets:n279986,type_0,type_1,rel_0,1,1,1,1,validation:window_3,1,727608.0
4324.0,darpa_cadets:n269150,darpa_cadets:n280168,type_0,type_1,rel_0,1,1,1,1,validation:window_3,1,727790.0
4325.0,darpa_cadets:n269150,darpa_cadets:n280831,type_0,type_1,rel_0,1,1,1,1,validation:window_3,1,728437.0
4326.0,darpa_cadets:n269150,darpa_cadets:n280943,type_0,type_1,rel_0,1,1,1,1,validation:window_3,1,728549.0
4327.0,darpa_cadets:n269150,darpa_cadets:n281349,type_0,type_1,rel_0,1,1,1,1,validation:window_3,1,728955.0
4328.0,darpa_cadets:n269150,darpa_cadets:n281465,type_0,type_1,rel_0,1,1,1,1,validation:window_3,1,729067.0
4329.0,darpa_cadets:n269150,darpa_cadets:n281520,type_0,type_1,rel_0,1,1,1,1,validation:window_3,1,729122.0
4330.0,darpa_cadets:n269150,darpa_cadets:n281547,type_0,type_1,rel_0,1,1,1,1,validation:window_3,1,729149.0
4331.0,darpa_cadets:n276843,darpa_cadets:n276843,type_0,type_0,rel_7,0,0,0,0,validation:window_3,0,730137.0
4332.0,darpa_cadets:n276860,darpa_cadets:n276860,type_0,type_0,rel_7,0,0,0,0,validation:window_3,0,730210.0
4333.0,darpa_cadets:n282455,darpa_cadets:n1242,type_0,type_1,rel_6,0,0,0,0,validation:window_3,0,730731.0
4334.0,darpa_cadets:n282488,darpa_cadets:n282494,type_0,type_2,rel_2,0,0,0,0,validation:window_3,0,730937.0
4335.0,darpa_cadets:n282488,darpa_cadets:n282499,type_0,type_3,rel_1,0,0,0,0,validation:window_3,0,730950.0
4336.0,darpa_cadets:n282488,darpa_cadets:n282515,type_0,type_2,rel_3,0,0,0,0,validation:window_3,0,730965.0
4337.0,darpa_cadets:n282488,darpa_cadets:n282705,type_0,type_1,rel_6,0,0,0,0,validation:window_3,0,730979.0
4338.0,darpa_cadets:n282653,darpa_cadets:n10,type_0,type_1,rel_6,1,1,0,1,validation:window_3,1,731135.0
4339.0,darpa_cadets:n282688,darpa_cadets:n1240,type_0,type_1,rel_6,0,0,0,0,validation:window_3,0,731248.0
4340.0,darpa_cadets:n283019,darpa_cadets:n103053,type_0,type_1,rel_6,1,1,0,1,validation:window_3,1,731563.0
4341.0,darpa_cadets:n283156,darpa_cadets:n283156,type_0,type_0,rel_7,0,0,0,0,validation:window_3,0,731713.0
4342.0,darpa_cadets:n283294,darpa_cadets:n283294,type_0,type_0,rel_7,0,0,0,0,validation:window_3,0,731858.0
4343.0,darpa_cadets:n283348,darpa_cadets:n283349,type_0,type_3,rel_1,0,0,0,0,validation:window_3,0,731891.0
4344.0,darpa_cadets:n283354,darpa_cadets:n1650,type_0,type_1,rel_9,0,0,0,0,validation:window_3,0,731928.0
4345.0,darpa_cadets:n283355,darpa_cadets:n10,type_0,type_1,rel_6,1,1,0,1,validation:window_3,1,731940.0
4346.0,darpa_cadets:n283356,darpa_cadets:n8,type_0,type_1,rel_6,1,1,0,1,validation:window_3,1,731946.0
4347.0,darpa_cadets:n283437,darpa_cadets:n48,type_0,type_1,rel_6,0,0,0,0,validation:window_3,0,732044.0
4348.0,darpa_cadets:n283443,darpa_cadets:n7,type_0,type_1,rel_9,1,1,0,1,validation:window_3,1,732082.0
4349.0,darpa_cadets:n283534,darpa_cadets:n283531,type_1,type_0,rel_5,0,0,0,0,validation:window_3,0,732420.0
4350.0,darpa_cadets:n283573,darpa_cadets:n11,type_0,type_1,rel_6,1,1,0,1,validation:window_3,1,732465.0
4351.0,darpa_cadets:n283664,darpa_cadets:n283702,type_0,type_1,rel_6,0,0,0,0,validation:window_3,0,732848.0
4352.0,darpa_cadets:n283901,darpa_cadets:n18,type_0,type_1,rel_6,0,0,0,0,validation:window_3,0,733161.0
4353.0,darpa_cadets:n283910,darpa_cadets:n10,type_0,type_1,rel_6,1,1,0,1,validation:window_3,1,733205.0
4354.0,darpa_cadets:n284046,darpa_cadets:n12,type_0,type_1,rel_6,0,0,0,0,validation:window_3,0,733338.0
4355.0,darpa_cadets:n284180,darpa_cadets:n287,type_0,type_1,rel_6,0,0,0,0,validation:window_3,0,733463.0
4356.0,darpa_cadets:n284182,darpa_cadets:n103053,type_0,type_1,rel_6,1,1,0,1,validation:window_3,1,733481.0
4357.0,darpa_cadets:n284316,darpa_cadets:n7,type_0,type_1,rel_9,1,1,0,1,validation:window_3,1,733576.0
4358.0,darpa_cadets:n284322,darpa_cadets:n103053,type_0,type_1,rel_6,1,1,0,1,validation:window_3,1,733626.0
4359.0,darpa_cadets:n284608,darpa_cadets:n22,type_0,type_1,rel_6,0,0,0,0,validation:window_3,0,733865.0
4360.0,darpa_cadets:n284734,darpa_cadets:n284734,type_0,type_0,rel_7,0,0,0,0,validation:window_3,0,733954.0
4361.0,darpa_cadets:n284879,darpa_cadets:n286,type_0,type_1,rel_9,0,0,0,0,validation:window_3,0,734127.0
4362.0,darpa_cadets:n285063,darpa_cadets:n285077,type_0,type_0,rel_8,0,0,0,0,validation:window_3,0,734350.0
4363.0,darpa_cadets:n285176,darpa_cadets:n22,type_0,type_1,rel_6,0,0,0,0,validation:window_3,0,734566.0
4364.0,darpa_cadets:n285447,darpa_cadets:n10,type_0,type_1,rel_6,1,1,0,1,validation:window_3,1,734731.0
4365.0,darpa_cadets:n285586,darpa_cadets:n18,type_0,type_1,rel_6,0,0,0,0,validation:window_3,0,734872.0
4366.0,darpa_cadets:n285597,darpa_cadets:n285597,type_0,type_0,rel_11,0,0,0,0,validation:window_3,0,734942.0
4367.0,darpa_cadets:n285777,darpa_cadets:n1644,type_0,type_1,rel_9,0,0,0,0,validation:window_3,0,735150.0
4368.0,darpa_cadets:n285839,darpa_cadets:n13,type_0,type_1,rel_6,0,0,0,0,validation:window_3,0,735352.0
4369.0,darpa_cadets:n286034,darpa_cadets:n76,type_0,type_1,rel_6,0,0,0,0,validation:window_3,0,735565.0
4370.0,darpa_cadets:n286034,darpa_cadets:n108,type_0,type_1,rel_6,0,0,0,0,validation:window_3,0,735566.0
4371.0,darpa_cadets:n286214,darpa_cadets:n5,type_0,type_1,rel_0,0,0,0,0,validation:window_3,0,735800.0
4372.0,darpa_cadets:n286475,darpa_cadets:n10,type_0,type_1,rel_6,1,1,0,1,validation:window_3,1,736016.0
4373.0,darpa_cadets:n286479,darpa_cadets:n5,type_0,type_1,rel_0,0,0,0,0,validation:window_3,0,736028.0
4374.0,darpa_cadets:n286616,darpa_cadets:n18,type_0,type_1,rel_6,0,0,0,0,validation:window_3,0,736169.0
4375.0,darpa_cadets:n286620,darpa_cadets:n48,type_0,type_1,rel_6,0,0,0,0,validation:window_3,0,736189.0
4376.0,darpa_cadets:n286786,darpa_cadets:n286786,type_0,type_0,rel_7,0,0,0,0,validation:window_3,0,736408.0
4377.0,darpa_cadets:n287355,darpa_cadets:n368,type_0,type_1,rel_6,0,0,0,0,validation:window_3,0,736949.0
4378.0,darpa_cadets:n288042,darpa_cadets:n21,type_0,type_1,rel_6,0,0,0,0,validation:window_3,0,737700.0
4379.0,darpa_cadets:n288262,darpa_cadets:n558,type_0,type_1,rel_9,0,0,0,0,validation:window_3,0,738012.0
4380.0,darpa_cadets:n288488,darpa_cadets:n272,type_0,type_1,rel_6,0,0,0,0,validation:window_3,0,738185.0
4381.0,darpa_cadets:n288774,darpa_cadets:n17,type_0,type_1,rel_6,0,0,0,0,validation:window_3,0,738532.0
4382.0,darpa_cadets:n288774,darpa_cadets:n23,type_0,type_1,rel_6,0,0,0,0,validation:window_3,0,738541.0
4383.0,darpa_cadets:n288869,darpa_cadets:n1240,type_0,type_1,rel_6,0,0,0,0,validation:window_3,0,738580.0
4384.0,darpa_cadets:n288931,darpa_cadets:n288932,type_0,type_4,rel_2,0,0,0,0,validation:window_3,0,738808.0
4385.0,darpa_cadets:n288944,darpa_cadets:n753,type_0,type_1,rel_0,0,0,0,0,validation:window_3,0,738821.0
4386.0,darpa_cadets:n288955,darpa_cadets:n1653,type_0,type_1,rel_9,0,0,0,0,validation:window_3,0,738899.0
4387.0,darpa_cadets:n289081,darpa_cadets:n13,type_0,type_1,rel_6,0,0,0,0,validation:window_3,0,739035.0
4388.0,darpa_cadets:n289082,darpa_cadets:n18,type_0,type_1,rel_6,0,0,0,0,validation:window_3,0,739045.0
4389.0,darpa_cadets:n289207,darpa_cadets:n11,type_0,type_1,rel_6,1,1,0,1,validation:window_3,1,739105.0
4390.0,darpa_cadets:n289480,darpa_cadets:n272,type_0,type_1,rel_6,0,0,0,0,validation:window_3,0,739378.0
4391.0,darpa_cadets:n289493,darpa_cadets:n19,type_0,type_1,rel_6,0,0,0,0,validation:window_3,0,739451.0
4392.0,darpa_cadets:n289644,darpa_cadets:n16,type_0,type_1,rel_9,0,0,0,0,validation:window_3,0,739570.0
4393.0,darpa_cadets:n289805,darpa_cadets:n286,type_0,type_1,rel_9,0,0,0,0,validation:window_3,0,739830.0
4394.0,darpa_cadets:n289805,darpa_cadets:n7,type_0,type_1,rel_9,1,1,0,1,validation:window_3,1,739831.0
4395.0,darpa_cadets:n289806,darpa_cadets:n31,type_0,type_1,rel_9,0,0,0,0,validation:window_3,0,739838.0
4396.0,darpa_cadets:n289809,darpa_cadets:n7,type_0,type_1,rel_9,1,1,0,1,validation:window_3,1,739847.0
4397.0,darpa_cadets:n290176,darpa_cadets:n288869,type_2,type_0,rel_5,0,0,0,0,validation:window_3,0,740267.0
4398.0,darpa_cadets:n290225,darpa_cadets:n11,type_0,type_1,rel_6,1,1,0,1,validation:window_3,1,740281.0
4399.0,darpa_cadets:n290236,darpa_cadets:n5,type_0,type_1,rel_0,0,0,0,0,validation:window_3,0,740344.0
4400.0,darpa_cadets:n290290,darpa_cadets:n19,type_0,type_1,rel_0,0,0,0,0,validation:window_3,0,740395.0
4401.0,darpa_cadets:n290524,darpa_cadets:n290524,type_0,type_0,rel_7,0,0,0,0,validation:window_4,0,740604.0
4402.0,darpa_cadets:n290543,darpa_cadets:n285080,type_0,type_1,rel_18,0,0,0,0,validation:window_4,0,740739.0
4403.0,darpa_cadets:n290940,darpa_cadets:n48,type_0,type_1,rel_6,0,0,0,0,validation:window_4,0,741064.0
4404.0,darpa_cadets:n290996,darpa_cadets:n925,type_2,type_0,rel_5,0,0,0,0,validation:window_4,0,741180.0
4405.0,darpa_cadets:n291108,darpa_cadets:n105328,type_0,type_1,rel_6,0,0,0,0,validation:window_4,0,741292.0
4406.0,darpa_cadets:n291242,darpa_cadets:n293,type_0,type_1,rel_6,0,0,0,0,validation:window_4,0,741419.0
4407.0,darpa_cadets:n291410,darpa_cadets:n11,type_0,type_1,rel_6,1,1,0,1,validation:window_4,1,741698.0
4408.0,darpa_cadets:n291547,darpa_cadets:n291547,type_0,type_0,rel_7,0,0,0,0,validation:window_4,0,741832.0
4409.0,darpa_cadets:n291709,darpa_cadets:n270,type_0,type_1,rel_9,0,0,0,0,validation:window_4,0,741962.0
4410.0,darpa_cadets:n291861,darpa_cadets:n8,type_0,type_1,rel_6,1,1,0,1,validation:window_4,1,742174.0
4411.0,darpa_cadets:n291861,darpa_cadets:n14,type_0,type_1,rel_4,0,0,0,0,validation:window_4,0,742180.0
4412.0,darpa_cadets:n291863,darpa_cadets:n291862,type_4,type_0,rel_16,0,0,0,0,validation:window_4,0,742203.0
4413.0,darpa_cadets:n291981,darpa_cadets:n103053,type_0,type_1,rel_6,1,1,0,1,validation:window_4,1,742218.0
4414.0,darpa_cadets:n292113,darpa_cadets:n292111,type_3,type_0,rel_5,0,0,0,0,validation:window_4,0,742345.0
4415.0,darpa_cadets:n292114,darpa_cadets:n292114,type_0,type_0,rel_13,0,0,0,0,validation:window_4,0,742350.0
4416.0,darpa_cadets:n292141,darpa_cadets:n13,type_0,type_1,rel_6,0,0,0,0,validation:window_4,0,742525.0
4417.0,darpa_cadets:n292278,darpa_cadets:n292278,type_0,type_0,rel_7,0,0,0,0,validation:window_4,0,742658.0
4418.0,darpa_cadets:n292422,darpa_cadets:n18,type_0,type_1,rel_6,0,0,0,0,validation:window_4,0,742751.0
4419.0,darpa_cadets:n292592,darpa_cadets:n103053,type_0,type_1,rel_6,1,1,0,1,validation:window_4,1,743032.0
4420.0,darpa_cadets:n292734,darpa_cadets:n31,type_0,type_1,rel_9,0,0,0,0,validation:window_4,0,743193.0
4421.0,darpa_cadets:n292874,darpa_cadets:n5,type_0,type_1,rel_0,0,0,0,0,validation:window_4,0,743327.0
4422.0,darpa_cadets:n293155,darpa_cadets:n270,type_0,type_1,rel_9,0,0,0,0,validation:window_4,0,743560.0
4423.0,darpa_cadets:n293169,darpa_cadets:n13,type_0,type_1,rel_6,0,0,0,0,validation:window_4,0,743650.0
4424.0,darpa_cadets:n293268,darpa_cadets:n1064,type_0,type_1,rel_6,0,0,0,0,validation:window_4,0,743714.0
4425.0,darpa_cadets:n293419,darpa_cadets:n293422,type_0,type_2,rel_2,0,0,0,0,validation:window_4,0,744093.0
4426.0,darpa_cadets:n293423,darpa_cadets:n293424,type_0,type_2,rel_2,0,0,0,0,validation:window_4,0,744131.0
4427.0,darpa_cadets:n293440,darpa_cadets:n293440,type_0,type_0,rel_11,0,0,0,0,validation:window_4,0,744218.0
4428.0,darpa_cadets:n293570,darpa_cadets:n212,type_0,type_1,rel_6,0,0,0,0,validation:window_4,0,744690.0
4429.0,darpa_cadets:n293570,darpa_cadets:n1060,type_0,type_1,rel_6,0,0,0,0,validation:window_4,0,744694.0
4430.0,darpa_cadets:n293570,darpa_cadets:n23,type_0,type_1,rel_6,0,0,0,0,validation:window_4,0,744708.0
4431.0,darpa_cadets:n293622,darpa_cadets:n5,type_0,type_1,rel_0,0,0,0,0,validation:window_4,0,744834.0
4432.0,darpa_cadets:n293704,darpa_cadets:n293469,type_2,type_0,rel_5,0,0,0,0,validation:window_4,0,744962.0
4433.0,darpa_cadets:n293825,darpa_cadets:n12,type_0,type_1,rel_6,0,0,0,0,validation:window_4,0,745075.0
4434.0,darpa_cadets:n293950,darpa_cadets:n287368,type_0,type_1,rel_18,0,0,0,0,validation:window_4,0,745249.0
4435.0,darpa_cadets:n293982,darpa_cadets:n285,type_0,type_1,rel_6,0,0,0,0,validation:window_4,0,745354.0
4436.0,darpa_cadets:n294121,darpa_cadets:n269,type_0,type_1,rel_6,0,0,0,0,validation:window_4,0,745413.0
4437.0,darpa_cadets:n294410,darpa_cadets:n16,type_0,type_1,rel_9,0,0,0,0,validation:window_4,0,745761.0
4438.0,darpa_cadets:n294529,darpa_cadets:n294529,type_0,type_0,rel_7,0,0,0,0,validation:window_4,0,745805.0
4439.0,darpa_cadets:n294707,darpa_cadets:n294708,type_0,type_4,rel_2,0,0,0,0,validation:window_4,0,746212.0
4440.0,darpa_cadets:n294802,darpa_cadets:n294804,type_0,type_0,rel_8,0,0,0,0,validation:window_4,0,746234.0
4441.0,darpa_cadets:n294816,darpa_cadets:n294822,type_0,type_3,rel_1,0,0,0,0,validation:window_4,0,746319.0
4442.0,darpa_cadets:n294817,darpa_cadets:n19,type_0,type_1,rel_6,0,0,0,0,validation:window_4,0,746326.0
4443.0,darpa_cadets:n294825,darpa_cadets:n10,type_0,type_1,rel_6,1,1,0,1,validation:window_4,1,746365.0
4444.0,darpa_cadets:n295001,darpa_cadets:n295249,type_0,type_3,rel_1,0,0,0,0,validation:window_4,0,746581.0
4445.0,darpa_cadets:n295037,darpa_cadets:n23,type_0,type_1,rel_6,0,0,0,0,validation:window_4,0,746719.0
4446.0,darpa_cadets:n295122,darpa_cadets:n1236,type_0,type_1,rel_6,0,0,0,0,validation:window_4,0,746958.0
4447.0,darpa_cadets:n295171,darpa_cadets:n295179,type_0,type_2,rel_2,0,0,0,0,validation:window_4,0,747242.0
4448.0,darpa_cadets:n295191,darpa_cadets:n1236,type_0,type_1,rel_6,0,0,0,0,validation:window_4,0,747345.0
4449.0,darpa_cadets:n295408,darpa_cadets:n295508,type_0,type_4,rel_3,0,0,0,0,validation:window_4,0,747604.0
4450.0,darpa_cadets:n295408,darpa_cadets:n300374,type_0,type_4,rel_4,0,0,0,0,validation:window_4,0,747629.0
4451.0,darpa_cadets:n295442,darpa_cadets:n11035,type_4,type_0,rel_5,0,0,0,0,validation:window_4,0,747647.0
4452.0,darpa_cadets:n295467,darpa_cadets:n5,type_0,type_1,rel_0,0,0,0,0,validation:window_4,0,747727.0
4453.0,darpa_cadets:n295576,darpa_cadets:n295577,type_0,type_3,rel_1,0,0,0,0,validation:window_4,0,747791.0
4454.0,darpa_cadets:n296121,darpa_cadets:n345,type_0,type_1,rel_6,0,0,0,0,validation:window_4,0,748524.0
4455.0,darpa_cadets:n296149,darpa_cadets:n169,type_0,type_1,rel_6,0,0,0,0,validation:window_4,0,748623.0
4456.0,darpa_cadets:n296162,darpa_cadets:n1591,type_0,type_1,rel_9,0,0,0,0,validation:window_4,0,748655.0
4457.0,darpa_cadets:n296168,darpa_cadets:n296168,type_0,type_0,rel_11,0,0,0,0,validation:window_4,0,748713.0
4458.0,darpa_cadets:n296721,darpa_cadets:n5,type_0,type_1,rel_0,0,0,0,0,validation:window_4,0,749325.0
4459.0,darpa_cadets:n296986,darpa_cadets:n271,type_0,type_1,rel_6,0,0,0,0,validation:window_4,0,749559.0
4460.0,darpa_cadets:n297151,darpa_cadets:n50,type_0,type_1,rel_6,0,0,0,0,validation:window_4,0,749856.0
4461.0,darpa_cadets:n297152,darpa_cadets:n10,type_0,type_1,rel_6,1,1,0,1,validation:window_4,1,749877.0
4462.0,darpa_cadets:n297156,darpa_cadets:n5,type_0,type_1,rel_0,0,0,0,0,validation:window_4,0,749888.0
4463.0,darpa_cadets:n297157,darpa_cadets:n297160,type_0,type_4,rel_2,0,0,0,0,validation:window_4,0,749917.0
4464.0,darpa_cadets:n297161,darpa_cadets:n11,type_0,type_1,rel_6,1,1,0,1,validation:window_4,1,749927.0
4465.0,darpa_cadets:n297244,darpa_cadets:n297278,type_0,type_2,rel_1,0,0,0,0,validation:window_4,0,749999.0
4466.0,darpa_cadets:n297601,darpa_cadets:n271,type_0,type_1,rel_6,0,0,0,0,validation:window_4,0,750371.0
4467.0,darpa_cadets:n297612,darpa_cadets:n297612,type_0,type_0,rel_7,0,0,0,0,validation:window_4,0,750448.0
4468.0,darpa_cadets:n297665,darpa_cadets:n199,type_0,type_1,rel_6,0,0,0,0,validation:window_4,0,750499.0
4469.0,darpa_cadets:n297673,darpa_cadets:n297677,type_0,type_1,rel_0,0,0,0,0,validation:window_4,0,750580.0
4470.0,darpa_cadets:n297790,darpa_cadets:n21,type_0,type_1,rel_6,0,0,0,0,validation:window_4,0,750809.0
4471.0,darpa_cadets:n297926,darpa_cadets:n8,type_0,type_1,rel_6,1,1,0,1,validation:window_4,1,750925.0
4472.0,darpa_cadets:n298173,darpa_cadets:n368,type_0,type_1,rel_6,0,0,0,0,validation:window_4,0,751133.0
4473.0,darpa_cadets:n298185,darpa_cadets:n298185,type_0,type_0,rel_7,0,0,0,0,validation:window_4,0,751244.0
4474.0,darpa_cadets:n298203,darpa_cadets:n298206,type_0,type_2,rel_1,0,0,0,0,validation:window_4,0,751292.0
4475.0,darpa_cadets:n298223,darpa_cadets:n298225,type_2,type_0,rel_15,0,0,0,0,validation:window_4,0,751344.0
4476.0,darpa_cadets:n298229,darpa_cadets:n103053,type_0,type_1,rel_6,1,1,0,1,validation:window_4,1,751390.0
4477.0,darpa_cadets:n298550,darpa_cadets:n11,type_0,type_1,rel_6,1,1,0,1,validation:window_4,1,752165.0
4478.0,darpa_cadets:n298589,darpa_cadets:n1244,type_0,type_1,rel_6,0,0,0,0,validation:window_4,0,752300.0
4479.0,darpa_cadets:n298609,darpa_cadets:n11,type_0,type_1,rel_6,1,1,0,1,validation:window_4,1,752334.0
4480.0,darpa_cadets:n298680,darpa_cadets:n11,type_0,type_1,rel_6,1,1,0,1,validation:window_4,1,752362.0
4481.0,darpa_cadets:n298986,darpa_cadets:n17,type_0,type_1,rel_6,0,0,0,0,validation:window_4,0,752720.0
4482.0,darpa_cadets:n299107,darpa_cadets:n341,type_0,type_1,rel_6,0,0,0,0,validation:window_4,0,752762.0
4483.0,darpa_cadets:n299131,darpa_cadets:n299133,type_0,type_0,rel_8,0,0,0,0,validation:window_4,0,752875.0
4484.0,darpa_cadets:n299131,darpa_cadets:n299136,type_0,type_0,rel_8,0,0,0,0,validation:window_4,0,752878.0
4485.0,darpa_cadets:n299137,darpa_cadets:n103053,type_0,type_1,rel_6,1,1,0,1,validation:window_4,1,752922.0
4486.0,darpa_cadets:n299286,darpa_cadets:n5,type_0,type_1,rel_0,0,0,0,0,validation:window_4,0,753111.0
4487.0,darpa_cadets:n299290,darpa_cadets:n5,type_0,type_1,rel_0,0,0,0,0,validation:window_4,0,753128.0
4488.0,darpa_cadets:n299560,darpa_cadets:n13,type_0,type_1,rel_6,0,0,0,0,validation:window_4,0,753386.0
4489.0,darpa_cadets:n300006,darpa_cadets:n300006,type_0,type_0,rel_11,0,0,0,0,validation:window_4,0,753936.0
4490.0,darpa_cadets:n300130,darpa_cadets:n103053,type_0,type_1,rel_6,1,1,0,1,validation:window_4,1,753999.0
4491.0,darpa_cadets:n300220,darpa_cadets:n300220,type_0,type_0,rel_11,0,0,0,0,validation:window_4,0,754149.0
4492.0,darpa_cadets:n300304,darpa_cadets:n5,type_0,type_1,rel_0,0,0,0,0,validation:window_4,0,754284.0
4493.0,darpa_cadets:n300473,darpa_cadets:n300473,type_0,type_0,rel_7,0,0,0,0,validation:window_4,0,754443.0
4494.0,darpa_cadets:n300574,darpa_cadets:n76,type_0,type_1,rel_6,0,0,0,0,validation:window_4,0,754596.0
4495.0,darpa_cadets:n300636,darpa_cadets:n108,type_0,type_1,rel_6,0,0,0,0,validation:window_4,0,754721.0
4496.0,darpa_cadets:n300636,darpa_cadets:n1059,type_0,type_1,rel_6,0,0,0,0,validation:window_4,0,754732.0
4497.0,darpa_cadets:n300656,darpa_cadets:n10,type_0,type_1,rel_6,1,1,0,1,validation:window_4,1,754852.0
4498.0,darpa_cadets:n300702,darpa_cadets:n396,type_0,type_1,rel_6,0,0,0,0,validation:window_4,0,755031.0
4499.0,darpa_cadets:n300931,darpa_cadets:n303116,type_0,type_4,rel_2,0,0,0,0,validation:window_4,0,755547.0
4500.0,darpa_cadets:n301063,darpa_cadets:n10002,type_0,type_1,rel_9,0,0,0,0,validation:window_4,0,755930.0
4501.0,darpa_cadets:n301210,darpa_cadets:n53,type_0,type_1,rel_6,0,0,0,0,test:window_0,0,756307.0
4502.0,darpa_cadets:n301210,darpa_cadets:n1059,type_0,type_1,rel_6,0,0,0,0,test:window_0,0,756315.0
4503.0,darpa_cadets:n301524,darpa_cadets:n288869,type_2,type_0,rel_5,0,0,0,0,test:window_0,0,756850.0
4504.0,darpa_cadets:n301652,darpa_cadets:n185,type_0,type_1,rel_6,0,0,0,0,test:window_0,0,756947.0
4505.0,darpa_cadets:n301892,darpa_cadets:n300931,type_4,type_0,rel_5,0,0,0,0,test:window_0,0,757197.0
4506.0,darpa_cadets:n302226,darpa_cadets:n23,type_0,type_1,rel_6,0,0,0,0,test:window_0,0,757808.0
4507.0,darpa_cadets:n302372,darpa_cadets:n302372,type_0,type_0,rel_7,0,0,0,0,test:window_0,0,757972.0
4508.0,darpa_cadets:n302380,darpa_cadets:n22,type_0,type_1,rel_6,0,0,0,0,test:window_0,0,757998.0
4509.0,darpa_cadets:n302385,darpa_cadets:n302393,type_0,type_1,rel_6,0,0,0,0,test:window_0,0,758075.0
4510.0,darpa_cadets:n302385,darpa_cadets:n302424,type_0,type_1,rel_6,0,0,0,0,test:window_0,0,758106.0
4511.0,darpa_cadets:n302408,darpa_cadets:n302385,type_4,type_0,rel_16,0,0,0,0,test:window_0,0,758130.0
4512.0,darpa_cadets:n302431,darpa_cadets:n302389,type_0,type_5,rel_6,0,0,0,0,test:window_0,0,758155.0
4513.0,darpa_cadets:n302617,darpa_cadets:n17,type_0,type_1,rel_6,0,0,0,0,test:window_0,0,758342.0
4514.0,darpa_cadets:n302637,darpa_cadets:n105328,type_0,type_1,rel_6,0,0,0,0,test:window_0,0,758450.0
4515.0,darpa_cadets:n302808,darpa_cadets:n402,type_0,type_1,rel_6,0,0,0,0,test:window_0,0,758639.0
4516.0,darpa_cadets:n302984,darpa_cadets:n18,type_0,type_1,rel_6,0,0,0,0,test:window_0,0,758824.0
4517.0,darpa_cadets:n303157,darpa_cadets:n185,type_0,type_1,rel_6,0,0,0,0,test:window_0,0,759044.0
4518.0,darpa_cadets:n303181,darpa_cadets:n1066,type_0,type_5,rel_11,0,0,0,0,test:window_0,0,759150.0
4519.0,darpa_cadets:n303196,darpa_cadets:n11,type_0,type_1,rel_6,1,1,0,1,test:window_0,1,759199.0
4520.0,darpa_cadets:n303373,darpa_cadets:n1238,type_0,type_1,rel_6,0,0,0,0,test:window_0,0,759639.0
4521.0,darpa_cadets:n303398,darpa_cadets:n64,type_0,type_1,rel_6,0,0,0,0,test:window_0,0,759791.0
4522.0,darpa_cadets:n303423,darpa_cadets:n303425,type_0,type_1,rel_0,0,0,0,0,test:window_0,0,759830.0
4523.0,darpa_cadets:n303444,darpa_cadets:n22,type_0,type_1,rel_6,0,0,0,0,test:window_0,0,759882.0
4524.0,darpa_cadets:n303746,darpa_cadets:n49,type_0,type_1,rel_6,1,1,0,1,test:window_0,1,760174.0
4525.0,darpa_cadets:n303752,darpa_cadets:n5,type_0,type_1,rel_0,0,0,0,0,test:window_0,0,760208.0
4526.0,darpa_cadets:n303759,darpa_cadets:n103053,type_0,type_1,rel_6,1,1,0,1,test:window_0,1,760262.0
4527.0,darpa_cadets:n303926,darpa_cadets:n303930,type_0,type_1,rel_0,0,0,0,0,test:window_0,0,760599.0
4528.0,darpa_cadets:n303926,darpa_cadets:n108,type_0,type_1,rel_6,0,0,0,0,test:window_0,0,760601.0
4529.0,darpa_cadets:n303965,darpa_cadets:n303977,type_0,type_4,rel_14,0,0,0,0,test:window_0,0,760824.0
4530.0,darpa_cadets:n304053,darpa_cadets:n304055,type_3,type_0,rel_5,0,0,0,0,test:window_0,0,761065.0
4531.0,darpa_cadets:n304100,darpa_cadets:n103053,type_0,type_1,rel_6,1,1,0,1,test:window_0,1,761213.0
4532.0,darpa_cadets:n304101,darpa_cadets:n7,type_0,type_1,rel_9,1,1,0,1,test:window_0,1,761221.0
4533.0,darpa_cadets:n304123,darpa_cadets:n304126,type_0,type_2,rel_1,0,0,0,0,test:window_0,0,761275.0
4534.0,darpa_cadets:n304269,darpa_cadets:n304268,type_0,type_4,rel_4,0,0,0,0,test:window_0,0,761545.0
4535.0,darpa_cadets:n304490,darpa_cadets:n271,type_0,type_1,rel_6,0,0,0,0,test:window_0,0,762092.0
4536.0,darpa_cadets:n304620,darpa_cadets:n304620,type_0,type_0,rel_11,0,0,0,0,test:window_0,0,762517.0
4537.0,darpa_cadets:n304724,darpa_cadets:n49,type_0,type_1,rel_6,1,1,0,1,test:window_0,1,762693.0
4538.0,darpa_cadets:n305000,darpa_cadets:n305000,type_0,type_0,rel_7,0,0,0,0,test:window_0,0,762987.0
4539.0,darpa_cadets:n305005,darpa_cadets:n18,type_0,type_1,rel_6,0,0,0,0,test:window_0,0,763014.0
4540.0,darpa_cadets:n305075,darpa_cadets:n357,type_0,type_1,rel_6,0,0,0,0,test:window_0,0,763257.0
4541.0,darpa_cadets:n305075,darpa_cadets:n305089,type_0,type_2,rel_2,0,0,0,0,test:window_0,0,763285.0
4542.0,darpa_cadets:n305075,darpa_cadets:n385,type_0,type_1,rel_6,0,0,0,0,test:window_0,0,763292.0
4543.0,darpa_cadets:n305147,darpa_cadets:n22,type_0,type_1,rel_6,0,0,0,0,test:window_0,0,763557.0
4544.0,darpa_cadets:n305178,darpa_cadets:n1227,type_0,type_1,rel_9,0,0,0,0,test:window_0,0,763590.0
4545.0,darpa_cadets:n305178,darpa_cadets:n10,type_0,type_1,rel_6,1,1,0,1,test:window_0,1,763604.0
4546.0,darpa_cadets:n305273,darpa_cadets:n19,type_0,type_1,rel_6,0,0,0,0,test:window_0,0,763845.0
4547.0,darpa_cadets:n305287,darpa_cadets:n305253,type_1,type_0,rel_5,0,0,0,0,test:window_0,0,763866.0
4548.0,darpa_cadets:n305420,darpa_cadets:n8,type_0,type_1,rel_6,1,1,0,1,test:window_0,1,763977.0
4549.0,darpa_cadets:n305439,darpa_cadets:n10,type_0,type_1,rel_6,1,1,0,1,test:window_0,1,764123.0
4550.0,darpa_cadets:n305493,darpa_cadets:n305495,type_0,type_0,rel_8,0,0,0,0,test:window_0,0,764366.0
4551.0,darpa_cadets:n305621,darpa_cadets:n10,type_0,type_1,rel_6,1,1,0,1,test:window_0,1,764482.0
4552.0,darpa_cadets:n305627,darpa_cadets:n8,type_0,type_1,rel_6,1,1,0,1,test:window_0,1,764521.0
4553.0,darpa_cadets:n305928,darpa_cadets:n305929,type_0,type_3,rel_1,0,0,0,0,test:window_0,0,764780.0
4554.0,darpa_cadets:n306063,darpa_cadets:n208,type_0,type_1,rel_6,0,0,0,0,test:window_0,0,764986.0
4555.0,darpa_cadets:n306368,darpa_cadets:n5,type_0,type_1,rel_0,0,0,0,0,test:window_0,0,765398.0
4556.0,darpa_cadets:n306633,darpa_cadets:n13,type_0,type_1,rel_6,0,0,0,0,test:window_0,0,765625.0
4557.0,darpa_cadets:n306769,darpa_cadets:n11,type_0,type_1,rel_6,1,1,0,1,test:window_0,1,765743.0
4558.0,darpa_cadets:n306932,darpa_cadets:n10,type_0,type_1,rel_6,1,1,0,1,test:window_0,1,765968.0
4559.0,darpa_cadets:n307069,darpa_cadets:n7,type_0,type_1,rel_9,1,1,0,1,test:window_0,1,766100.0
4560.0,darpa_cadets:n307202,darpa_cadets:n272,type_0,type_1,rel_6,0,0,0,0,test:window_0,0,766217.0
4561.0,darpa_cadets:n307491,darpa_cadets:n339,type_0,type_1,rel_6,0,0,0,0,test:window_0,0,766561.0
4562.0,darpa_cadets:n307524,darpa_cadets:n1950,type_0,type_1,rel_9,0,0,0,0,test:window_0,0,766741.0
4563.0,darpa_cadets:n307671,darpa_cadets:n286,type_0,type_1,rel_9,0,0,0,0,test:window_0,0,766823.0
4564.0,darpa_cadets:n307813,darpa_cadets:n76,type_0,type_1,rel_6,0,0,0,0,test:window_0,0,767110.0
4565.0,darpa_cadets:n307879,darpa_cadets:n53,type_0,type_1,rel_6,0,0,0,0,test:window_0,0,767328.0
4566.0,darpa_cadets:n307962,darpa_cadets:n1297,type_0,type_2,rel_3,0,0,0,0,test:window_0,0,767577.0
4567.0,darpa_cadets:n307968,darpa_cadets:n1231,type_0,type_1,rel_6,0,0,0,0,test:window_0,0,767588.0
4568.0,darpa_cadets:n307991,darpa_cadets:n22,type_0,type_1,rel_6,0,0,0,0,test:window_0,0,767727.0
4569.0,darpa_cadets:n308007,darpa_cadets:n1246,type_0,type_5,rel_11,0,0,0,0,test:window_0,0,767798.0
4570.0,darpa_cadets:n308058,darpa_cadets:n211,type_0,type_1,rel_6,0,0,0,0,test:window_0,0,767918.0
4571.0,darpa_cadets:n308058,darpa_cadets:n308055,type_0,type_3,rel_0,0,0,0,0,test:window_0,0,767931.0
4572.0,darpa_cadets:n308147,darpa_cadets:n308147,type_0,type_0,rel_7,0,0,0,0,test:window_0,0,768067.0
4573.0,darpa_cadets:n308156,darpa_cadets:n103053,type_0,type_1,rel_6,1,1,0,1,test:window_0,1,768110.0
4574.0,darpa_cadets:n308263,darpa_cadets:n1057,type_0,type_1,rel_9,0,0,0,0,test:window_0,0,768309.0
4575.0,darpa_cadets:n308332,darpa_cadets:n12,type_0,type_1,rel_6,0,0,0,0,test:window_0,0,768459.0
4576.0,darpa_cadets:n308341,darpa_cadets:n308338,type_4,type_0,rel_16,0,0,0,0,test:window_0,0,768512.0
4577.0,darpa_cadets:n308446,darpa_cadets:n308453,type_0,type_3,rel_1,0,0,0,0,test:window_0,0,768890.0
4578.0,darpa_cadets:n308573,darpa_cadets:n22,type_0,type_1,rel_6,0,0,0,0,test:window_0,0,769045.0
4579.0,darpa_cadets:n308603,darpa_cadets:n48,type_0,type_1,rel_6,0,0,0,0,test:window_0,0,769192.0
4580.0,darpa_cadets:n308656,darpa_cadets:n368,type_0,type_1,rel_6,0,0,0,0,test:window_0,0,769382.0
4581.0,darpa_cadets:n308802,darpa_cadets:n11,type_0,type_1,rel_6,1,1,0,1,test:window_0,1,769556.0
4582.0,darpa_cadets:n308807,darpa_cadets:n308806,type_0,type_3,rel_4,0,0,0,0,test:window_0,0,769585.0
4583.0,darpa_cadets:n308816,darpa_cadets:n308813,type_4,type_0,rel_16,0,0,0,0,test:window_0,0,769636.0
4584.0,darpa_cadets:n308836,darpa_cadets:n7,type_0,type_1,rel_9,1,1,0,1,test:window_0,1,769685.0
4585.0,darpa_cadets:n308960,darpa_cadets:n31,type_0,type_1,rel_9,0,0,0,0,test:window_0,0,769799.0
4586.0,darpa_cadets:n309016,darpa_cadets:n396,type_0,type_1,rel_6,0,0,0,0,test:window_0,0,770035.0
4587.0,darpa_cadets:n309016,darpa_cadets:n308983,type_0,type_1,rel_6,0,0,0,0,test:window_0,0,770039.0
4588.0,darpa_cadets:n309079,darpa_cadets:n103053,type_0,type_1,rel_6,1,1,0,1,test:window_0,1,770349.0
4589.0,darpa_cadets:n309315,darpa_cadets:n12,type_0,type_1,rel_6,0,0,0,0,test:window_0,0,770728.0
4590.0,darpa_cadets:n309406,darpa_cadets:n272,type_0,type_1,rel_6,0,0,0,0,test:window_0,0,770919.0
4591.0,darpa_cadets:n309535,darpa_cadets:n357,type_0,type_1,rel_6,0,0,0,0,test:window_0,0,771077.0
4592.0,darpa_cadets:n309580,darpa_cadets:n113,type_0,type_1,rel_6,0,0,0,0,test:window_0,0,771271.0
4593.0,darpa_cadets:n309859,darpa_cadets:n309857,type_0,type_2,rel_0,0,0,0,0,test:window_0,0,771519.0
4594.0,darpa_cadets:n309966,darpa_cadets:n218,type_0,type_1,rel_6,0,0,0,0,test:window_0,0,771881.0
4595.0,darpa_cadets:n310096,darpa_cadets:n8,type_0,type_1,rel_6,1,1,0,1,test:window_0,1,772058.0
4596.0,darpa_cadets:n310380,darpa_cadets:n22,type_0,type_1,rel_6,0,0,0,0,test:window_0,0,772397.0
4597.0,darpa_cadets:n310830,darpa_cadets:n48,type_0,type_1,rel_6,0,0,0,0,test:window_0,0,772952.0
4598.0,darpa_cadets:n310841,darpa_cadets:n16,type_0,type_1,rel_9,0,0,0,0,test:window_0,0,773016.0
4599.0,darpa_cadets:n310966,darpa_cadets:n270,type_0,type_1,rel_9,0,0,0,0,test:window_0,0,773071.0
4600.0,darpa_cadets:n311030,darpa_cadets:n311264,type_0,type_4,rel_2,0,0,0,0,test:window_0,0,773386.0
4601.0,darpa_cadets:n311036,darpa_cadets:n1077,type_0,type_1,rel_9,0,0,0,0,test:window_1,0,773396.0
4602.0,darpa_cadets:n311435,darpa_cadets:n311435,type_0,type_0,rel_7,0,0,0,0,test:window_1,0,773833.0
4603.0,darpa_cadets:n311490,darpa_cadets:n23,type_0,type_1,rel_6,0,0,0,0,test:window_1,0,773958.0
4604.0,darpa_cadets:n311541,darpa_cadets:n53,type_0,type_1,rel_6,0,0,0,0,test:window_1,0,774104.0
4605.0,darpa_cadets:n311653,darpa_cadets:n31,type_0,type_1,rel_9,0,0,0,0,test:window_1,0,774203.0
4606.0,darpa_cadets:n311657,darpa_cadets:n5,type_0,type_1,rel_0,0,0,0,0,test:window_1,0,774225.0
4607.0,darpa_cadets:n311792,darpa_cadets:n311798,type_0,type_1,rel_0,0,0,0,0,test:window_1,0,774404.0
4608.0,darpa_cadets:n311836,darpa_cadets:n23,type_0,type_1,rel_6,0,0,0,0,test:window_1,0,774581.0
4609.0,darpa_cadets:n311954,darpa_cadets:n108,type_0,type_1,rel_6,0,0,0,0,test:window_1,0,774651.0
4610.0,darpa_cadets:n311954,darpa_cadets:n23,type_0,type_1,rel_6,0,0,0,0,test:window_1,0,774682.0
4611.0,darpa_cadets:n311979,darpa_cadets:n311979,type_0,type_0,rel_7,0,0,0,0,test:window_1,0,774754.0
4612.0,darpa_cadets:n312050,darpa_cadets:n65,type_0,type_1,rel_6,0,0,0,0,test:window_1,0,774926.0
4613.0,darpa_cadets:n312050,darpa_cadets:n368,type_0,type_1,rel_6,0,0,0,0,test:window_1,0,774928.0
4614.0,darpa_cadets:n312165,darpa_cadets:n312165,type_0,type_0,rel_7,0,0,0,0,test:window_1,0,775061.0
4615.0,darpa_cadets:n312258,darpa_cadets:n65,type_0,type_1,rel_6,0,0,0,0,test:window_1,0,775199.0
4616.0,darpa_cadets:n312476,darpa_cadets:n11,type_0,type_1,rel_6,1,1,0,1,test:window_1,1,775771.0
4617.0,darpa_cadets:n312496,darpa_cadets:n1059,type_0,type_1,rel_6,0,0,0,0,test:window_1,0,775879.0
4618.0,darpa_cadets:n312496,darpa_cadets:n1242,type_0,type_1,rel_6,0,0,0,0,test:window_1,0,775898.0
4619.0,darpa_cadets:n312648,darpa_cadets:n19,type_0,type_1,rel_6,0,0,0,0,test:window_1,0,776408.0
4620.0,darpa_cadets:n312794,darpa_cadets:n11,type_0,type_1,rel_6,1,1,0,1,test:window_1,1,776589.0
4621.0,darpa_cadets:n312930,darpa_cadets:n103053,type_0,type_1,rel_6,1,1,0,1,test:window_1,1,776644.0
4622.0,darpa_cadets:n312930,darpa_cadets:n10,type_0,type_1,rel_6,1,1,0,1,test:window_1,1,776645.0
4623.0,darpa_cadets:n313071,darpa_cadets:n5,type_0,type_1,rel_0,0,0,0,0,test:window_1,0,776775.0
4624.0,darpa_cadets:n313231,darpa_cadets:n385,type_0,type_1,rel_6,0,0,0,0,test:window_1,0,777076.0
4625.0,darpa_cadets:n313255,darpa_cadets:n313260,type_0,type_0,rel_8,0,0,0,0,test:window_1,0,777135.0
4626.0,darpa_cadets:n313512,darpa_cadets:n10,type_0,type_1,rel_6,1,1,0,1,test:window_1,1,777347.0
4627.0,darpa_cadets:n313525,darpa_cadets:n6,type_0,type_1,rel_9,0,0,0,0,test:window_1,0,777412.0
4628.0,darpa_cadets:n313526,darpa_cadets:n17,type_0,type_1,rel_6,0,0,0,0,test:window_1,0,777427.0
4629.0,darpa_cadets:n313530,darpa_cadets:n313530,type_0,type_0,rel_7,0,0,0,0,test:window_1,0,777451.0
4630.0,darpa_cadets:n313757,darpa_cadets:n108,type_0,type_1,rel_6,0,0,0,0,test:window_1,0,777902.0
4631.0,darpa_cadets:n313778,darpa_cadets:n313780,type_0,type_4,rel_2,0,0,0,0,test:window_1,0,778055.0
4632.0,darpa_cadets:n313891,darpa_cadets:n108,type_0,type_1,rel_6,0,0,0,0,test:window_1,0,778354.0
4633.0,darpa_cadets:n313891,darpa_cadets:n313881,type_0,type_1,rel_6,0,0,0,0,test:window_1,0,778367.0
4634.0,darpa_cadets:n313968,darpa_cadets:n313970,type_0,type_1,rel_6,0,0,0,0,test:window_1,0,778602.0
4635.0,darpa_cadets:n314002,darpa_cadets:n18,type_0,type_1,rel_6,0,0,0,0,test:window_1,0,778656.0
4636.0,darpa_cadets:n314002,darpa_cadets:n11,type_0,type_1,rel_6,1,1,0,1,test:window_1,1,778657.0
4637.0,darpa_cadets:n314110,darpa_cadets:n314114,type_0,type_1,rel_6,0,0,0,0,test:window_1,0,779076.0
4638.0,darpa_cadets:n314191,darpa_cadets:n1334,type_0,type_2,rel_3,0,0,0,0,test:window_1,0,779191.0
4639.0,darpa_cadets:n314483,darpa_cadets:n2621,type_0,type_1,rel_11,0,0,0,0,test:window_1,0,779793.0
4640.0,darpa_cadets:n314918,darpa_cadets:n5,type_0,type_1,rel_0,0,0,0,0,test:window_1,0,780465.0
4641.0,darpa_cadets:n314922,darpa_cadets:n8,type_0,type_1,rel_6,1,1,0,1,test:window_1,1,780491.0
4642.0,darpa_cadets:n315065,darpa_cadets:n11,type_0,type_1,rel_6,1,1,0,1,test:window_1,1,780651.0
4643.0,darpa_cadets:n315259,darpa_cadets:n213,type_0,type_1,rel_6,0,0,0,0,test:window_1,0,781013.0
4644.0,darpa_cadets:n315261,darpa_cadets:n315259,type_4,type_0,rel_16,0,0,0,0,test:window_1,0,781024.0
4645.0,darpa_cadets:n315415,darpa_cadets:n22,type_0,type_1,rel_6,0,0,0,0,test:window_1,0,781465.0
4646.0,darpa_cadets:n315428,darpa_cadets:n1236,type_0,type_1,rel_6,0,0,0,0,test:window_1,0,781521.0
4647.0,darpa_cadets:n315460,darpa_cadets:n10,type_0,type_1,rel_6,1,1,0,1,test:window_1,1,781629.0
4648.0,darpa_cadets:n315516,darpa_cadets:n53,type_0,type_1,rel_6,0,0,0,0,test:window_1,0,781875.0
4649.0,darpa_cadets:n315721,darpa_cadets:n1653,type_0,type_1,rel_9,0,0,0,0,test:window_1,0,782231.0
4650.0,darpa_cadets:n315724,darpa_cadets:n8,type_0,type_1,rel_6,1,1,0,1,test:window_1,1,782257.0
4651.0,darpa_cadets:n315788,darpa_cadets:n31,type_0,type_1,rel_9,0,0,0,0,test:window_1,0,782538.0
4652.0,darpa_cadets:n315918,darpa_cadets:n211,type_0,type_1,rel_6,0,0,0,0,test:window_1,0,782619.0
4653.0,darpa_cadets:n316098,darpa_cadets:n11,type_0,type_1,rel_6,1,1,0,1,test:window_1,1,782923.0
4654.0,darpa_cadets:n316510,darpa_cadets:n10,type_0,type_1,rel_6,1,1,0,1,test:window_1,1,783340.0
4655.0,darpa_cadets:n316878,darpa_cadets:n1064,type_0,type_1,rel_6,0,0,0,0,test:window_1,0,783714.0
4656.0,darpa_cadets:n317233,darpa_cadets:n65,type_0,type_1,rel_6,0,0,0,0,test:window_1,0,784177.0
4657.0,darpa_cadets:n317337,darpa_cadets:n314755,type_0,type_1,rel_18,0,0,0,0,test:window_1,0,784292.0
4658.0,darpa_cadets:n317439,darpa_cadets:n368,type_0,type_1,rel_6,0,0,0,0,test:window_1,0,784444.0
4659.0,darpa_cadets:n317439,darpa_cadets:n53,type_0,type_1,rel_6,0,0,0,0,test:window_1,0,784446.0
4660.0,darpa_cadets:n317439,darpa_cadets:n1058,type_0,type_1,rel_6,0,0,0,0,test:window_1,0,784451.0
4661.0,darpa_cadets:n317439,darpa_cadets:n317445,type_0,type_3,rel_1,0,0,0,0,test:window_1,0,784481.0
4662.0,darpa_cadets:n317613,darpa_cadets:n103053,type_0,type_1,rel_6,1,1,0,1,test:window_1,1,784942.0
4663.0,darpa_cadets:n317950,darpa_cadets:n285,type_0,type_1,rel_6,0,0,0,0,test:window_1,0,785485.0
4664.0,darpa_cadets:n318079,darpa_cadets:n1060,type_0,type_1,rel_6,0,0,0,0,test:window_1,0,785712.0
4665.0,darpa_cadets:n318079,darpa_cadets:n49,type_0,type_1,rel_6,1,1,0,1,test:window_1,1,785722.0
4666.0,darpa_cadets:n318311,darpa_cadets:n318279,type_2,type_0,rel_5,0,0,0,0,test:window_1,0,786496.0
4667.0,darpa_cadets:n318553,darpa_cadets:n21,type_0,type_1,rel_6,0,0,0,0,test:window_1,0,786770.0
4668.0,darpa_cadets:n318687,darpa_cadets:n318687,type_0,type_0,rel_11,0,0,0,0,test:window_1,0,786894.0
4669.0,darpa_cadets:n318831,darpa_cadets:n48,type_0,type_1,rel_6,0,0,0,0,test:window_1,0,787069.0
4670.0,darpa_cadets:n318983,darpa_cadets:n5,type_0,type_1,rel_0,0,0,0,0,test:window_1,0,787284.0
4671.0,darpa_cadets:n319179,darpa_cadets:n319172,type_3,type_0,rel_5,0,0,0,0,test:window_1,0,787500.0
4672.0,darpa_cadets:n319187,darpa_cadets:n319187,type_0,type_0,rel_11,0,0,0,0,test:window_1,0,787530.0
4673.0,darpa_cadets:n319211,darpa_cadets:n211,type_0,type_1,rel_6,0,0,0,0,test:window_1,0,787625.0
4674.0,darpa_cadets:n319382,darpa_cadets:n1327,type_0,type_1,rel_9,0,0,0,0,test:window_1,0,788183.0
4675.0,darpa_cadets:n319404,darpa_cadets:n319415,type_0,type_3,rel_1,0,0,0,0,test:window_1,0,788276.0
4676.0,darpa_cadets:n319566,darpa_cadets:n23,type_0,type_1,rel_6,0,0,0,0,test:window_1,0,788477.0
4677.0,darpa_cadets:n319573,darpa_cadets:n6,type_0,type_1,rel_9,0,0,0,0,test:window_1,0,788502.0
4678.0,darpa_cadets:n319805,darpa_cadets:n319807,type_0,type_4,rel_2,0,0,0,0,test:window_1,0,788890.0
4679.0,darpa_cadets:n319889,darpa_cadets:n17,type_0,type_1,rel_6,0,0,0,0,test:window_1,0,789033.0
4680.0,darpa_cadets:n319926,darpa_cadets:n7,type_0,type_1,rel_9,1,1,0,1,test:window_1,1,789154.0
4681.0,darpa_cadets:n319936,darpa_cadets:n1233,type_0,type_1,rel_6,0,0,0,0,test:window_1,0,789201.0
4682.0,darpa_cadets:n319957,darpa_cadets:n1059,type_0,type_1,rel_6,0,0,0,0,test:window_1,0,789295.0
4683.0,darpa_cadets:n319982,darpa_cadets:n1238,type_0,type_1,rel_6,0,0,0,0,test:window_1,0,789433.0
4684.0,darpa_cadets:n319982,darpa_cadets:n114,type_0,type_1,rel_6,0,0,0,0,test:window_1,0,789457.0
4685.0,darpa_cadets:n320283,darpa_cadets:n19,type_0,type_1,rel_6,0,0,0,0,test:window_1,0,789741.0
4686.0,darpa_cadets:n320450,darpa_cadets:n18,type_0,type_1,rel_6,0,0,0,0,test:window_1,0,790045.0
4687.0,darpa_cadets:n320455,darpa_cadets:n18,type_0,type_1,rel_6,0,0,0,0,test:window_1,0,790067.0
4688.0,darpa_cadets:n320478,darpa_cadets:n1244,type_0,type_1,rel_6,0,0,0,0,test:window_1,0,790166.0
4689.0,darpa_cadets:n320501,darpa_cadets:n13,type_0,type_1,rel_6,0,0,0,0,test:window_1,0,790287.0
4690.0,darpa_cadets:n320774,darpa_cadets:n759,type_0,type_5,rel_11,0,0,0,0,test:window_1,0,790717.0
4691.0,darpa_cadets:n320774,darpa_cadets:n49,type_0,type_1,rel_6,1,1,0,1,test:window_1,1,790728.0
4692.0,darpa_cadets:n320835,darpa_cadets:n320835,type_0,type_0,rel_7,0,0,0,0,test:window_1,0,790813.0
4693.0,darpa_cadets:n321320,darpa_cadets:n31,type_0,type_1,rel_9,0,0,0,0,test:window_1,0,791581.0
4694.0,darpa_cadets:n321442,darpa_cadets:n11,type_0,type_1,rel_6,1,1,0,1,test:window_1,1,791633.0
4695.0,darpa_cadets:n321448,darpa_cadets:n11,type_0,type_1,rel_6,1,1,0,1,test:window_1,1,791671.0
4696.0,darpa_cadets:n321874,darpa_cadets:n284,type_0,type_1,rel_9,0,0,0,0,test:window_1,0,792042.0
4697.0,darpa_cadets:n321880,darpa_cadets:n18,type_0,type_1,rel_6,0,0,0,0,test:window_1,0,792096.0
4698.0,darpa_cadets:n321910,darpa_cadets:n22,type_0,type_1,rel_6,0,0,0,0,test:window_1,0,792142.0
4699.0,darpa_cadets:n321920,darpa_cadets:n321920,type_0,type_0,rel_11,0,0,0,0,test:window_1,0,792188.0
4700.0,darpa_cadets:n322028,darpa_cadets:n1243,type_0,type_1,rel_6,0,0,0,0,test:window_1,0,792377.0
4701.0,darpa_cadets:n322067,darpa_cadets:n1236,type_0,type_1,rel_6,0,0,0,0,test:window_2,0,792592.0
4702.0,darpa_cadets:n322078,darpa_cadets:n23,type_0,type_1,rel_6,0,0,0,0,test:window_2,0,792694.0
4703.0,darpa_cadets:n322097,darpa_cadets:n1228,type_0,type_1,rel_6,0,0,0,0,test:window_2,0,792729.0
4704.0,darpa_cadets:n322182,darpa_cadets:n1065,type_0,type_1,rel_6,0,0,0,0,test:window_2,0,793132.0
4705.0,darpa_cadets:n322270,darpa_cadets:n7,type_0,type_1,rel_9,1,1,0,1,test:window_2,1,793312.0
4706.0,darpa_cadets:n322549,darpa_cadets:n5,type_0,type_1,rel_0,0,0,0,0,test:window_2,0,793635.0
4707.0,darpa_cadets:n322694,darpa_cadets:n31,type_0,type_1,rel_9,0,0,0,0,test:window_2,0,793725.0
4708.0,darpa_cadets:n322714,darpa_cadets:n1237,type_0,type_1,rel_6,0,0,0,0,test:window_2,0,793827.0
4709.0,darpa_cadets:n322714,darpa_cadets:n337344,type_0,type_2,rel_3,0,0,0,0,test:window_2,0,793935.0
4710.0,darpa_cadets:n322844,darpa_cadets:n322845,type_0,type_4,rel_2,0,0,0,0,test:window_2,0,794061.0
4711.0,darpa_cadets:n322968,darpa_cadets:n322968,type_0,type_0,rel_7,0,0,0,0,test:window_2,0,794119.0
4712.0,darpa_cadets:n323040,darpa_cadets:n1647,type_0,type_1,rel_6,0,0,0,0,test:window_2,0,794225.0
4713.0,darpa_cadets:n323125,darpa_cadets:n185,type_0,type_1,rel_6,0,0,0,0,test:window_2,0,794377.0
4714.0,darpa_cadets:n323266,darpa_cadets:n103053,type_0,type_1,rel_6,1,1,0,1,test:window_2,1,794554.0
4715.0,darpa_cadets:n323413,darpa_cadets:n323413,type_0,type_0,rel_7,0,0,0,0,test:window_2,0,794646.0
4716.0,darpa_cadets:n323553,darpa_cadets:n10,type_0,type_1,rel_6,1,1,0,1,test:window_2,1,794808.0
4717.0,darpa_cadets:n323678,darpa_cadets:n271,type_0,type_1,rel_6,0,0,0,0,test:window_2,0,794859.0
4718.0,darpa_cadets:n323883,darpa_cadets:n19,type_0,type_1,rel_0,0,0,0,0,test:window_2,0,795113.0
4719.0,darpa_cadets:n324025,darpa_cadets:n324028,type_0,type_3,rel_1,0,0,0,0,test:window_2,0,795541.0
4720.0,darpa_cadets:n324036,darpa_cadets:n10,type_0,type_1,rel_6,1,1,0,1,test:window_2,1,795561.0
4721.0,darpa_cadets:n324048,darpa_cadets:n1059,type_0,type_1,rel_6,0,0,0,0,test:window_2,0,795636.0
4722.0,darpa_cadets:n324061,darpa_cadets:n324074,type_0,type_4,rel_14,0,0,0,0,test:window_2,0,795726.0
4723.0,darpa_cadets:n324087,darpa_cadets:n1240,type_0,type_1,rel_6,0,0,0,0,test:window_2,0,795824.0
4724.0,darpa_cadets:n324389,darpa_cadets:n5,type_0,type_1,rel_0,0,0,0,0,test:window_2,0,796124.0
4725.0,darpa_cadets:n324675,darpa_cadets:n5,type_0,type_1,rel_0,0,0,0,0,test:window_2,0,796457.0
4726.0,darpa_cadets:n324675,darpa_cadets:n20,type_0,type_1,rel_6,0,0,0,0,test:window_2,0,796468.0
4727.0,darpa_cadets:n324675,darpa_cadets:n21,type_0,type_1,rel_6,0,0,0,0,test:window_2,0,796469.0
4728.0,darpa_cadets:n324734,darpa_cadets:n1653,type_0,type_1,rel_9,0,0,0,0,test:window_2,0,796576.0
4729.0,darpa_cadets:n324821,darpa_cadets:n324818,type_0,type_3,rel_4,0,0,0,0,test:window_2,0,796858.0
4730.0,darpa_cadets:n324882,darpa_cadets:n324884,type_0,type_4,rel_2,0,0,0,0,test:window_2,0,797012.0
4731.0,darpa_cadets:n325072,darpa_cadets:n108,type_0,type_1,rel_6,0,0,0,0,test:window_2,0,797423.0
4732.0,darpa_cadets:n325092,darpa_cadets:n325094,type_0,type_1,rel_0,0,0,0,0,test:window_2,0,797549.0
4733.0,darpa_cadets:n325119,darpa_cadets:n325376,type_0,type_1,rel_6,0,0,0,0,test:window_2,0,797795.0
4734.0,darpa_cadets:n325126,darpa_cadets:n293,type_0,type_1,rel_6,0,0,0,0,test:window_2,0,797850.0
4735.0,darpa_cadets:n325146,darpa_cadets:n325119,type_2,type_0,rel_5,0,0,0,0,test:window_2,0,797877.0
4736.0,darpa_cadets:n325159,darpa_cadets:n1244,type_0,type_1,rel_6,0,0,0,0,test:window_2,0,797915.0
4737.0,darpa_cadets:n325175,darpa_cadets:n11,type_0,type_1,rel_6,1,1,0,1,test:window_2,1,797975.0
4738.0,darpa_cadets:n325258,darpa_cadets:n1058,type_0,type_1,rel_6,0,0,0,0,test:window_2,0,798203.0
4739.0,darpa_cadets:n325266,darpa_cadets:n200,type_0,type_1,rel_6,0,0,0,0,test:window_2,0,798248.0
4740.0,darpa_cadets:n325349,darpa_cadets:n1242,type_0,type_1,rel_6,0,0,0,0,test:window_2,0,798373.0
4741.0,darpa_cadets:n325603,darpa_cadets:n1242,type_0,type_1,rel_6,0,0,0,0,test:window_2,0,798888.0
4742.0,darpa_cadets:n325829,darpa_cadets:n325830,type_0,type_0,rel_8,0,0,0,0,test:window_2,0,799243.0
4743.0,darpa_cadets:n326006,darpa_cadets:n326007,type_0,type_2,rel_2,0,0,0,0,test:window_2,0,799745.0
4744.0,darpa_cadets:n326031,darpa_cadets:n53,type_0,type_1,rel_6,0,0,0,0,test:window_2,0,799868.0
4745.0,darpa_cadets:n326031,darpa_cadets:n64,type_0,type_1,rel_6,0,0,0,0,test:window_2,0,799884.0
4746.0,darpa_cadets:n326044,darpa_cadets:n1231,type_0,type_1,rel_6,0,0,0,0,test:window_2,0,799910.0
4747.0,darpa_cadets:n326503,darpa_cadets:n339,type_0,type_1,rel_6,0,0,0,0,test:window_2,0,800529.0
4748.0,darpa_cadets:n326544,darpa_cadets:n326817,type_0,type_4,rel_4,0,0,0,0,test:window_2,0,800710.0
4749.0,darpa_cadets:n326552,darpa_cadets:n326549,type_0,type_3,rel_4,0,0,0,0,test:window_2,0,800729.0
4750.0,darpa_cadets:n326715,darpa_cadets:n64,type_0,type_1,rel_6,0,0,0,0,test:window_2,0,800897.0
4751.0,darpa_cadets:n326715,darpa_cadets:n293,type_0,type_1,rel_6,0,0,0,0,test:window_2,0,800899.0
4752.0,darpa_cadets:n326747,darpa_cadets:n108,type_0,type_1,rel_6,0,0,0,0,test:window_2,0,800986.0
4753.0,darpa_cadets:n326747,darpa_cadets:n368,type_0,type_1,rel_6,0,0,0,0,test:window_2,0,800987.0
4754.0,darpa_cadets:n326747,darpa_cadets:n293,type_0,type_1,rel_6,0,0,0,0,test:window_2,0,801007.0
4755.0,darpa_cadets:n326864,darpa_cadets:n10,type_0,type_1,rel_6,1,1,0,1,test:window_2,1,801386.0
4756.0,darpa_cadets:n326909,darpa_cadets:n1059,type_0,type_1,rel_6,0,0,0,0,test:window_2,0,801621.0
4757.0,darpa_cadets:n326927,darpa_cadets:n925,type_2,type_0,rel_5,0,0,0,0,test:window_2,0,801711.0
4758.0,darpa_cadets:n327039,darpa_cadets:n13,type_0,type_1,rel_6,0,0,0,0,test:window_2,0,801823.0
4759.0,darpa_cadets:n327516,darpa_cadets:n327527,type_0,type_3,rel_1,0,0,0,0,test:window_2,0,802306.0
4760.0,darpa_cadets:n327516,darpa_cadets:n353290,type_0,type_3,rel_1,0,0,0,0,test:window_2,0,802360.0
4761.0,darpa_cadets:n327635,darpa_cadets:n327635,type_0,type_0,rel_7,0,0,0,0,test:window_2,0,802682.0
4762.0,darpa_cadets:n327640,darpa_cadets:n285,type_0,type_1,rel_6,0,0,0,0,test:window_2,0,802705.0
4763.0,darpa_cadets:n327778,darpa_cadets:n327777,type_0,type_3,rel_4,0,0,0,0,test:window_2,0,802854.0
4764.0,darpa_cadets:n327816,darpa_cadets:n1647,type_0,type_1,rel_6,0,0,0,0,test:window_2,0,802939.0
4765.0,darpa_cadets:n328401,darpa_cadets:n1250,type_0,type_1,rel_11,0,0,0,0,test:window_2,0,803604.0
4766.0,darpa_cadets:n328413,darpa_cadets:n328413,type_0,type_0,rel_7,0,0,0,0,test:window_2,0,803636.0
4767.0,darpa_cadets:n328419,darpa_cadets:n1058,type_0,type_1,rel_6,0,0,0,0,test:window_2,0,803662.0
4768.0,darpa_cadets:n328524,darpa_cadets:n18,type_0,type_1,rel_6,0,0,0,0,test:window_2,0,803793.0
4769.0,darpa_cadets:n328664,darpa_cadets:n5,type_0,type_1,rel_0,0,0,0,0,test:window_2,0,803841.0
4770.0,darpa_cadets:n328669,darpa_cadets:n328668,type_0,type_3,rel_4,0,0,0,0,test:window_2,0,803883.0
4771.0,darpa_cadets:n328852,darpa_cadets:n345,type_0,type_1,rel_6,0,0,0,0,test:window_2,0,804091.0
4772.0,darpa_cadets:n328852,darpa_cadets:n215,type_0,type_1,rel_6,0,0,0,0,test:window_2,0,804132.0
4773.0,darpa_cadets:n329129,darpa_cadets:n185,type_0,type_1,rel_6,0,0,0,0,test:window_2,0,804524.0
4774.0,darpa_cadets:n329427,darpa_cadets:n5,type_0,type_1,rel_0,0,0,0,0,test:window_2,0,804832.0
4775.0,darpa_cadets:n329452,darpa_cadets:n108,type_0,type_1,rel_6,0,0,0,0,test:window_2,0,804899.0
4776.0,darpa_cadets:n329807,darpa_cadets:n322714,type_2,type_0,rel_5,0,0,0,0,test:window_2,0,805264.0
4777.0,darpa_cadets:n329920,darpa_cadets:n11282,type_0,type_1,rel_6,0,0,0,0,test:window_2,0,805584.0
4778.0,darpa_cadets:n330038,darpa_cadets:n105328,type_0,type_1,rel_6,0,0,0,0,test:window_2,0,805753.0
4779.0,darpa_cadets:n330178,darpa_cadets:n48,type_0,type_1,rel_6,0,0,0,0,test:window_2,0,805802.0
4780.0,darpa_cadets:n330461,darpa_cadets:n11,type_0,type_1,rel_6,1,1,0,1,test:window_2,1,806145.0
4781.0,darpa_cadets:n330469,darpa_cadets:n181,type_0,type_1,rel_6,1,1,0,1,test:window_2,1,806177.0
4782.0,darpa_cadets:n330598,darpa_cadets:n12,type_0,type_1,rel_6,0,0,0,0,test:window_2,0,806269.0
4783.0,darpa_cadets:n330611,darpa_cadets:n1078,type_0,type_1,rel_11,0,0,0,0,test:window_2,0,806349.0
4784.0,darpa_cadets:n330759,darpa_cadets:n272,type_0,type_1,rel_6,0,0,0,0,test:window_2,0,806529.0
4785.0,darpa_cadets:n330999,darpa_cadets:n330978,type_2,type_0,rel_5,0,0,0,0,test:window_2,0,807023.0
4786.0,darpa_cadets:n331065,darpa_cadets:n1244,type_0,type_1,rel_6,0,0,0,0,test:window_2,0,807222.0
4787.0,darpa_cadets:n331065,darpa_cadets:n331411,type_0,type_2,rel_3,0,0,0,0,test:window_2,0,807260.0
4788.0,darpa_cadets:n331198,darpa_cadets:n331207,type_0,type_0,rel_8,0,0,0,0,test:window_2,0,807620.0
4789.0,darpa_cadets:n331206,darpa_cadets:n1653,type_0,type_1,rel_9,0,0,0,0,test:window_2,0,807665.0
4790.0,darpa_cadets:n331207,darpa_cadets:n331207,type_0,type_0,rel_7,0,0,0,0,test:window_2,0,807680.0
4791.0,darpa_cadets:n331264,darpa_cadets:n331247,type_4,type_0,rel_16,0,0,0,0,test:window_2,0,807856.0
4792.0,darpa_cadets:n331286,darpa_cadets:n331247,type_4,type_0,rel_16,0,0,0,0,test:window_2,0,807874.0
4793.0,darpa_cadets:n331329,darpa_cadets:n1269,type_0,type_4,rel_3,0,0,0,0,test:window_2,0,807955.0
4794.0,darpa_cadets:n331522,darpa_cadets:n332885,type_0,type_4,rel_3,0,0,0,0,test:window_2,0,808407.0
4795.0,darpa_cadets:n331540,darpa_cadets:n331522,type_4,type_0,rel_5,0,0,0,0,test:window_2,0,808422.0
4796.0,darpa_cadets:n331985,darpa_cadets:n17,type_0,type_1,rel_6,0,0,0,0,test:window_2,0,808860.0
4797.0,darpa_cadets:n332318,darpa_cadets:n48,type_0,type_1,rel_6,0,0,0,0,test:window_2,0,809101.0
4798.0,darpa_cadets:n332325,darpa_cadets:n103053,type_0,type_1,rel_6,1,1,0,1,test:window_2,1,809134.0
4799.0,darpa_cadets:n332336,darpa_cadets:n332335,type_4,type_0,rel_16,0,0,0,0,test:window_2,0,809208.0
4800.0,darpa_cadets:n332444,darpa_cadets:n331329,type_4,type_0,rel_16,0,0,0,0,test:window_2,0,809249.0
4801.0,darpa_cadets:n332456,darpa_cadets:n0,type_0,type_1,rel_6,0,0,0,0,test:window_3,0,809333.0
4802.0,darpa_cadets:n332541,darpa_cadets:n11,type_0,type_1,rel_6,1,1,0,1,test:window_3,1,809509.0
4803.0,darpa_cadets:n332649,darpa_cadets:n331329,type_4,type_0,rel_5,0,0,0,0,test:window_3,0,809604.0
4804.0,darpa_cadets:n332734,darpa_cadets:n11,type_0,type_1,rel_6,1,1,0,1,test:window_3,1,809711.0
4805.0,darpa_cadets:n333165,darpa_cadets:n11,type_0,type_1,rel_6,1,1,0,1,test:window_3,1,810064.0
4806.0,darpa_cadets:n333681,darpa_cadets:n8,type_0,type_1,rel_6,1,1,0,1,test:window_3,1,810976.0
4807.0,darpa_cadets:n333805,darpa_cadets:n10,type_0,type_1,rel_6,1,1,0,1,test:window_3,1,811043.0
4808.0,darpa_cadets:n333967,darpa_cadets:n49,type_0,type_1,rel_6,1,1,0,1,test:window_3,1,811281.0
4809.0,darpa_cadets:n334064,darpa_cadets:n108,type_0,type_1,rel_6,0,0,0,0,test:window_3,0,811424.0
4810.0,darpa_cadets:n334064,darpa_cadets:n334917,type_0,type_4,rel_3,0,0,0,0,test:window_3,0,811563.0
4811.0,darpa_cadets:n334157,darpa_cadets:n337,type_0,type_1,rel_6,0,0,0,0,test:window_3,0,811868.0
4812.0,darpa_cadets:n334157,darpa_cadets:n392,type_0,type_1,rel_6,0,0,0,0,test:window_3,0,811939.0
4813.0,darpa_cadets:n334184,darpa_cadets:n11,type_0,type_1,rel_6,1,1,0,1,test:window_3,1,812019.0
4814.0,darpa_cadets:n334512,darpa_cadets:n272,type_0,type_1,rel_6,0,0,0,0,test:window_3,0,812356.0
4815.0,darpa_cadets:n334517,darpa_cadets:n11,type_0,type_1,rel_6,1,1,0,1,test:window_3,1,812383.0
4816.0,darpa_cadets:n334670,darpa_cadets:n334670,type_0,type_0,rel_7,0,0,0,0,test:window_3,0,812491.0
4817.0,darpa_cadets:n334687,darpa_cadets:n334687,type_0,type_0,rel_7,0,0,0,0,test:window_3,0,812601.0
4818.0,darpa_cadets:n334982,darpa_cadets:n761,type_0,type_1,rel_6,0,0,0,0,test:window_3,0,812805.0
4819.0,darpa_cadets:n335015,darpa_cadets:n11,type_0,type_1,rel_6,1,1,0,1,test:window_3,1,812950.0
4820.0,darpa_cadets:n335031,darpa_cadets:n335031,type_0,type_0,rel_7,0,0,0,0,test:window_3,0,813053.0
4821.0,darpa_cadets:n335183,darpa_cadets:n349,type_0,type_1,rel_6,0,0,0,0,test:window_3,0,813107.0
4822.0,darpa_cadets:n335236,darpa_cadets:n48,type_0,type_1,rel_6,0,0,0,0,test:window_3,0,813322.0
4823.0,darpa_cadets:n335409,darpa_cadets:n103053,type_0,type_1,rel_6,1,1,0,1,test:window_3,1,813517.0
4824.0,darpa_cadets:n335411,darpa_cadets:n31,type_0,type_1,rel_9,0,0,0,0,test:window_3,0,813543.0
4825.0,darpa_cadets:n335415,darpa_cadets:n16,type_0,type_1,rel_9,0,0,0,0,test:window_3,0,813562.0
4826.0,darpa_cadets:n335577,darpa_cadets:n10,type_0,type_1,rel_6,1,1,0,1,test:window_3,1,813719.0
4827.0,darpa_cadets:n335700,darpa_cadets:n270,type_0,type_1,rel_9,0,0,0,0,test:window_3,0,813769.0
4828.0,darpa_cadets:n335710,darpa_cadets:n11,type_0,type_1,rel_6,1,1,0,1,test:window_3,1,813834.0
4829.0,darpa_cadets:n335999,darpa_cadets:n761,type_0,type_1,rel_6,0,0,0,0,test:window_3,0,814235.0
4830.0,darpa_cadets:n336060,darpa_cadets:n5,type_0,type_1,rel_0,0,0,0,0,test:window_3,0,814345.0
4831.0,darpa_cadets:n336121,darpa_cadets:n368,type_0,type_1,rel_6,0,0,0,0,test:window_3,0,814479.0
4832.0,darpa_cadets:n336121,darpa_cadets:n1250,type_0,type_1,rel_11,0,0,0,0,test:window_3,0,814510.0
4833.0,darpa_cadets:n336280,darpa_cadets:n11,type_0,type_1,rel_6,1,1,0,1,test:window_3,1,814827.0
4834.0,darpa_cadets:n336406,darpa_cadets:n18,type_0,type_1,rel_6,0,0,0,0,test:window_3,0,814907.0
4835.0,darpa_cadets:n336701,darpa_cadets:n11,type_0,type_1,rel_6,1,1,0,1,test:window_3,1,815247.0
4836.0,darpa_cadets:n336849,darpa_cadets:n103053,type_0,type_1,rel_6,1,1,0,1,test:window_3,1,815344.0
4837.0,darpa_cadets:n336955,darpa_cadets:n22,type_0,type_1,rel_6,0,0,0,0,test:window_3,0,815474.0
4838.0,darpa_cadets:n336981,darpa_cadets:n401,type_0,type_1,rel_9,0,0,0,0,test:window_3,0,815584.0
4839.0,darpa_cadets:n336981,darpa_cadets:n336981,type_0,type_0,rel_7,0,0,0,0,test:window_3,0,815593.0
4840.0,darpa_cadets:n336984,darpa_cadets:n19,type_0,type_1,rel_6,0,0,0,0,test:window_3,0,815606.0
4841.0,darpa_cadets:n337015,darpa_cadets:n31,type_0,type_1,rel_9,0,0,0,0,test:window_3,0,815629.0
4842.0,darpa_cadets:n337294,darpa_cadets:n7,type_0,type_1,rel_9,1,1,0,1,test:window_3,1,815935.0
4843.0,darpa_cadets:n337540,darpa_cadets:n1653,type_0,type_1,rel_9,0,0,0,0,test:window_3,0,816198.0
4844.0,darpa_cadets:n337871,darpa_cadets:n13,type_0,type_1,rel_6,0,0,0,0,test:window_3,0,816595.0
4845.0,darpa_cadets:n337898,darpa_cadets:n8,type_0,type_1,rel_6,1,1,0,1,test:window_3,1,816716.0
4846.0,darpa_cadets:n338030,darpa_cadets:n12,type_0,type_1,rel_6,0,0,0,0,test:window_3,0,816826.0
4847.0,darpa_cadets:n338131,darpa_cadets:n7,type_0,type_1,rel_9,1,1,0,1,test:window_3,1,816924.0
4848.0,darpa_cadets:n338189,darpa_cadets:n31,type_0,type_1,rel_9,0,0,0,0,test:window_3,0,817094.0
4849.0,darpa_cadets:n338338,darpa_cadets:n23,type_0,type_1,rel_6,0,0,0,0,test:window_3,0,817204.0
4850.0,darpa_cadets:n338470,darpa_cadets:n7,type_0,type_1,rel_9,1,1,0,1,test:window_3,1,817310.0
4851.0,darpa_cadets:n338470,darpa_cadets:n103053,type_0,type_1,rel_6,1,1,0,1,test:window_3,1,817312.0
4852.0,darpa_cadets:n338964,darpa_cadets:n7,type_0,type_1,rel_9,1,1,0,1,test:window_3,1,817954.0
4853.0,darpa_cadets:n339167,darpa_cadets:n103053,type_0,type_1,rel_6,1,1,0,1,test:window_3,1,818262.0
4854.0,darpa_cadets:n339173,darpa_cadets:n11,type_0,type_1,rel_6,1,1,0,1,test:window_3,1,818313.0
4855.0,darpa_cadets:n339377,darpa_cadets:n17,type_0,type_1,rel_6,0,0,0,0,test:window_3,0,818610.0
4856.0,darpa_cadets:n339497,darpa_cadets:n339496,type_0,type_4,rel_4,0,0,0,0,test:window_3,0,818707.0
4857.0,darpa_cadets:n339607,darpa_cadets:n19,type_0,type_1,rel_0,0,0,0,0,test:window_3,0,818872.0
4858.0,darpa_cadets:n339941,darpa_cadets:n10,type_0,type_1,rel_6,1,1,0,1,test:window_3,1,819163.0
4859.0,darpa_cadets:n339957,darpa_cadets:n10,type_0,type_1,rel_6,1,1,0,1,test:window_3,1,819265.0
4860.0,darpa_cadets:n340230,darpa_cadets:n103053,type_0,type_1,rel_6,1,1,0,1,test:window_3,1,819516.0
4861.0,darpa_cadets:n340299,darpa_cadets:n340299,type_0,type_0,rel_7,0,0,0,0,test:window_3,0,819526.0
4862.0,darpa_cadets:n340319,darpa_cadets:n1056,type_0,type_1,rel_0,0,0,0,0,test:window_3,0,819548.0
4863.0,darpa_cadets:n340369,darpa_cadets:n5,type_0,type_1,rel_0,0,0,0,0,test:window_3,0,819664.0
4864.0,darpa_cadets:n340402,darpa_cadets:n358,type_0,type_1,rel_6,0,0,0,0,test:window_3,0,819813.0
4865.0,darpa_cadets:n340430,darpa_cadets:n402,type_0,type_1,rel_6,0,0,0,0,test:window_3,0,819923.0
4866.0,darpa_cadets:n340431,darpa_cadets:n8,type_0,type_1,rel_6,1,1,0,1,test:window_3,1,819929.0
4867.0,darpa_cadets:n340557,darpa_cadets:n5695,type_0,type_5,rel_6,0,0,0,0,test:window_3,0,819987.0
4868.0,darpa_cadets:n340718,darpa_cadets:n103053,type_0,type_1,rel_6,1,1,0,1,test:window_3,1,820231.0
4869.0,darpa_cadets:n340718,darpa_cadets:n105328,type_0,type_1,rel_6,0,0,0,0,test:window_3,0,820242.0
4870.0,darpa_cadets:n340793,darpa_cadets:n7,type_0,type_1,rel_9,1,1,0,1,test:window_3,1,820298.0
4871.0,darpa_cadets:n340994,darpa_cadets:n5,type_0,type_1,rel_0,0,0,0,0,test:window_3,0,820529.0
4872.0,darpa_cadets:n340994,darpa_cadets:n272,type_0,type_1,rel_6,0,0,0,0,test:window_3,0,820537.0
4873.0,darpa_cadets:n341297,darpa_cadets:n341298,type_0,type_4,rel_2,0,0,0,0,test:window_3,0,820898.0
4874.0,darpa_cadets:n341422,darpa_cadets:n272,type_0,type_1,rel_6,0,0,0,0,test:window_3,0,820942.0
4875.0,darpa_cadets:n341831,darpa_cadets:n341831,type_0,type_0,rel_7,0,0,0,0,test:window_3,0,821337.0
4876.0,darpa_cadets:n341992,darpa_cadets:n17,type_0,type_1,rel_6,0,0,0,0,test:window_3,0,821496.0
4877.0,darpa_cadets:n342177,darpa_cadets:n23,type_0,type_1,rel_6,0,0,0,0,test:window_3,0,821895.0
4878.0,darpa_cadets:n342187,darpa_cadets:n12,type_0,type_1,rel_6,0,0,0,0,test:window_3,0,821962.0
4879.0,darpa_cadets:n342336,darpa_cadets:n270,type_0,type_1,rel_9,0,0,0,0,test:window_3,0,822146.0
4880.0,darpa_cadets:n342346,darpa_cadets:n285,type_0,type_1,rel_6,0,0,0,0,test:window_3,0,822212.0
4881.0,darpa_cadets:n342351,darpa_cadets:n64,type_0,type_1,rel_6,0,0,0,0,test:window_3,0,822258.0
4882.0,darpa_cadets:n342491,darpa_cadets:n7,type_0,type_1,rel_9,1,1,0,1,test:window_3,1,822418.0
4883.0,darpa_cadets:n342502,darpa_cadets:n8,type_0,type_1,rel_6,1,1,0,1,test:window_3,1,822490.0
4884.0,darpa_cadets:n342502,darpa_cadets:n17,type_0,type_1,rel_6,0,0,0,0,test:window_3,0,822492.0
4885.0,darpa_cadets:n342637,darpa_cadets:n284,type_0,type_1,rel_9,0,0,0,0,test:window_3,0,822592.0
4886.0,darpa_cadets:n342643,darpa_cadets:n65,type_0,type_1,rel_6,0,0,0,0,test:window_3,0,822656.0
4887.0,darpa_cadets:n342803,darpa_cadets:n342805,type_3,type_0,rel_5,0,0,0,0,test:window_3,0,822819.0
4888.0,darpa_cadets:n342914,darpa_cadets:n342917,type_0,type_2,rel_2,0,0,0,0,test:window_3,0,823075.0
4889.0,darpa_cadets:n342939,darpa_cadets:n342900,type_4,type_0,rel_16,0,0,0,0,test:window_3,0,823138.0
4890.0,darpa_cadets:n342986,darpa_cadets:n7,type_0,type_1,rel_9,1,1,0,1,test:window_3,1,823171.0
4891.0,darpa_cadets:n342994,darpa_cadets:n7,type_0,type_1,rel_9,1,1,0,1,test:window_3,1,823203.0
4892.0,darpa_cadets:n343259,darpa_cadets:n10,type_0,type_1,rel_6,1,1,0,1,test:window_3,1,823426.0
4893.0,darpa_cadets:n343274,darpa_cadets:n6,type_0,type_1,rel_9,0,0,0,0,test:window_3,0,823492.0
4894.0,darpa_cadets:n343550,darpa_cadets:n269,type_0,type_1,rel_6,0,0,0,0,test:window_3,0,823686.0
4895.0,darpa_cadets:n343844,darpa_cadets:n8,type_0,type_1,rel_6,1,1,0,1,test:window_3,1,824075.0
4896.0,darpa_cadets:n343970,darpa_cadets:n287,type_0,type_1,rel_6,0,0,0,0,test:window_3,0,824143.0
4897.0,darpa_cadets:n343976,darpa_cadets:n103053,type_0,type_1,rel_6,1,1,0,1,test:window_3,1,824180.0
4898.0,darpa_cadets:n344034,darpa_cadets:n1653,type_0,type_1,rel_9,0,0,0,0,test:window_3,0,824287.0
4899.0,darpa_cadets:n344034,darpa_cadets:n344034,type_0,type_0,rel_7,0,0,0,0,test:window_3,0,824294.0
4900.0,darpa_cadets:n344248,darpa_cadets:n339,type_0,type_1,rel_6,0,0,0,0,test:window_3,0,824494.0
4901.0,darpa_cadets:n344276,darpa_cadets:n11,type_0,type_1,rel_6,1,1,0,1,test:window_4,1,824628.0
4902.0,darpa_cadets:n344277,darpa_cadets:n8,type_0,type_1,rel_6,1,1,0,1,test:window_4,1,824635.0
4903.0,darpa_cadets:n344314,darpa_cadets:n284,type_0,type_1,rel_9,0,0,0,0,test:window_4,0,824702.0
4904.0,darpa_cadets:n344314,darpa_cadets:n19,type_0,type_1,rel_6,0,0,0,0,test:window_4,0,824715.0
4905.0,darpa_cadets:n344320,darpa_cadets:n8,type_0,type_1,rel_6,1,1,0,1,test:window_4,1,824752.0
4906.0,darpa_cadets:n344590,darpa_cadets:n16,type_0,type_1,rel_9,0,0,0,0,test:window_4,0,825002.0
4907.0,darpa_cadets:n344718,darpa_cadets:n48,type_0,type_1,rel_6,0,0,0,0,test:window_4,0,825064.0
4908.0,darpa_cadets:n344777,darpa_cadets:n1644,type_0,type_1,rel_9,0,0,0,0,test:window_4,0,825219.0
4909.0,darpa_cadets:n344777,darpa_cadets:n1646,type_0,type_1,rel_6,0,0,0,0,test:window_4,0,825221.0
4910.0,darpa_cadets:n344777,darpa_cadets:n344789,type_0,type_0,rel_8,0,0,0,0,test:window_4,0,825230.0
4911.0,darpa_cadets:n344780,darpa_cadets:n759,type_0,type_5,rel_11,0,0,0,0,test:window_4,0,825242.0
4912.0,darpa_cadets:n344786,darpa_cadets:n344786,type_0,type_0,rel_7,0,0,0,0,test:window_4,0,825279.0
4913.0,darpa_cadets:n345344,darpa_cadets:n18,type_0,type_1,rel_6,0,0,0,0,test:window_4,0,825942.0
4914.0,darpa_cadets:n345359,darpa_cadets:n23,type_0,type_1,rel_6,0,0,0,0,test:window_4,0,826039.0
4915.0,darpa_cadets:n345487,darpa_cadets:n49,type_0,type_1,rel_6,1,1,0,1,test:window_4,1,826106.0
4916.0,darpa_cadets:n345633,darpa_cadets:n345632,type_0,type_3,rel_4,0,0,0,0,test:window_4,0,826290.0
4917.0,darpa_cadets:n345926,darpa_cadets:n19,type_0,type_1,rel_6,0,0,0,0,test:window_4,0,826582.0
4918.0,darpa_cadets:n346056,darpa_cadets:n346055,type_0,type_3,rel_4,0,0,0,0,test:window_4,0,826669.0
4919.0,darpa_cadets:n346340,darpa_cadets:n16,type_0,type_1,rel_9,0,0,0,0,test:window_4,0,826978.0
4920.0,darpa_cadets:n346374,darpa_cadets:n10,type_0,type_1,rel_6,1,1,0,1,test:window_4,1,827058.0
4921.0,darpa_cadets:n346606,darpa_cadets:n11,type_0,type_1,rel_6,1,1,0,1,test:window_4,1,827399.0
4922.0,darpa_cadets:n346951,darpa_cadets:n13,type_0,type_1,rel_6,0,0,0,0,test:window_4,0,827796.0
4923.0,darpa_cadets:n346956,darpa_cadets:n346956,type_0,type_0,rel_7,0,0,0,0,test:window_4,0,827826.0
4924.0,darpa_cadets:n346983,darpa_cadets:n346984,type_0,type_2,rel_2,0,0,0,0,test:window_4,0,827864.0
4925.0,darpa_cadets:n346983,darpa_cadets:n8,type_0,type_1,rel_6,1,1,0,1,test:window_4,1,827873.0
4926.0,darpa_cadets:n347102,darpa_cadets:n11,type_0,type_1,rel_6,1,1,0,1,test:window_4,1,828016.0
4927.0,darpa_cadets:n347107,darpa_cadets:n5,type_0,type_1,rel_0,0,0,0,0,test:window_4,0,828041.0
4928.0,darpa_cadets:n347406,darpa_cadets:n16,type_0,type_1,rel_9,0,0,0,0,test:window_4,0,828352.0
4929.0,darpa_cadets:n347662,darpa_cadets:n270,type_0,type_1,rel_9,0,0,0,0,test:window_4,0,828510.0
4930.0,darpa_cadets:n347662,darpa_cadets:n18,type_0,type_1,rel_6,0,0,0,0,test:window_4,0,828520.0
4931.0,darpa_cadets:n347804,darpa_cadets:n7,type_0,type_1,rel_9,1,1,0,1,test:window_4,1,828677.0
4932.0,darpa_cadets:n348107,darpa_cadets:n5,type_0,type_1,rel_0,0,0,0,0,test:window_4,0,829035.0
4933.0,darpa_cadets:n348116,darpa_cadets:n185,type_0,type_1,rel_6,0,0,0,0,test:window_4,0,829090.0
4934.0,darpa_cadets:n348418,darpa_cadets:n348417,type_0,type_3,rel_4,0,0,0,0,test:window_4,0,829514.0
4935.0,darpa_cadets:n348556,darpa_cadets:n53,type_0,type_1,rel_6,0,0,0,0,test:window_4,0,829711.0
4936.0,darpa_cadets:n348593,darpa_cadets:n11,type_0,type_1,rel_6,1,1,0,1,test:window_4,1,829880.0
4937.0,darpa_cadets:n349162,darpa_cadets:n8,type_0,type_1,rel_6,1,1,0,1,test:window_4,1,830415.0
4938.0,darpa_cadets:n349350,darpa_cadets:n349350,type_0,type_0,rel_7,0,0,0,0,test:window_4,0,830828.0
4939.0,darpa_cadets:n349503,darpa_cadets:n31,type_0,type_1,rel_9,0,0,0,0,test:window_4,0,830950.0
4940.0,darpa_cadets:n349667,darpa_cadets:n1653,type_0,type_1,rel_9,0,0,0,0,test:window_4,0,831257.0
4941.0,darpa_cadets:n350064,darpa_cadets:n17,type_0,type_1,rel_6,0,0,0,0,test:window_4,0,831593.0
4942.0,darpa_cadets:n350074,darpa_cadets:n12,type_0,type_1,rel_6,0,0,0,0,test:window_4,0,831654.0
4943.0,darpa_cadets:n350361,darpa_cadets:n18,type_0,type_1,rel_6,0,0,0,0,test:window_4,0,831890.0
4944.0,darpa_cadets:n350498,darpa_cadets:n11,type_0,type_1,rel_6,1,1,0,1,test:window_4,1,832033.0
4945.0,darpa_cadets:n350626,darpa_cadets:n5,type_0,type_1,rel_0,0,0,0,0,test:window_4,0,832100.0
4946.0,darpa_cadets:n350645,darpa_cadets:n18,type_0,type_1,rel_6,0,0,0,0,test:window_4,0,832213.0
4947.0,darpa_cadets:n350748,darpa_cadets:n341,type_0,type_1,rel_6,0,0,0,0,test:window_4,0,832253.0
4948.0,darpa_cadets:n350766,darpa_cadets:n108,type_0,type_1,rel_6,0,0,0,0,test:window_4,0,832332.0
4949.0,darpa_cadets:n350800,darpa_cadets:n5,type_0,type_1,rel_0,0,0,0,0,test:window_4,0,832419.0
4950.0,darpa_cadets:n351245,darpa_cadets:n7,type_0,type_1,rel_9,1,1,0,1,test:window_4,1,832960.0
4951.0,darpa_cadets:n351255,darpa_cadets:n19,type_0,type_1,rel_6,0,0,0,0,test:window_4,0,833024.0
4952.0,darpa_cadets:n351385,darpa_cadets:n48,type_0,type_1,rel_6,0,0,0,0,test:window_4,0,833104.0
4953.0,darpa_cadets:n351392,darpa_cadets:n7,type_0,type_1,rel_9,1,1,0,1,test:window_4,1,833150.0
4954.0,darpa_cadets:n351534,darpa_cadets:n277,type_0,type_1,rel_6,0,0,0,0,test:window_4,0,833222.0
4955.0,darpa_cadets:n351857,darpa_cadets:n14,type_0,type_1,rel_4,0,0,0,0,test:window_4,0,833743.0
4956.0,darpa_cadets:n351983,darpa_cadets:n17,type_0,type_1,rel_6,0,0,0,0,test:window_4,0,833806.0
4957.0,darpa_cadets:n351988,darpa_cadets:n50,type_0,type_1,rel_6,0,0,0,0,test:window_4,0,833828.0
4958.0,darpa_cadets:n352427,darpa_cadets:n31,type_0,type_1,rel_9,0,0,0,0,test:window_4,0,834299.0
4959.0,darpa_cadets:n352678,darpa_cadets:n352678,type_0,type_0,rel_7,0,0,0,0,test:window_4,0,834447.0
4960.0,darpa_cadets:n352812,darpa_cadets:n352812,type_0,type_0,rel_7,0,0,0,0,test:window_4,0,834639.0
4961.0,darpa_cadets:n352815,darpa_cadets:n1653,type_0,type_1,rel_9,0,0,0,0,test:window_4,0,834656.0
4962.0,darpa_cadets:n352853,darpa_cadets:n352853,type_0,type_0,rel_7,0,0,0,0,test:window_4,0,834831.0
4963.0,darpa_cadets:n352996,darpa_cadets:n5,type_0,type_1,rel_0,0,0,0,0,test:window_4,0,834909.0
4964.0,darpa_cadets:n353231,darpa_cadets:n353246,type_0,type_2,rel_2,0,0,0,0,test:window_4,0,835153.0
4965.0,darpa_cadets:n353249,darpa_cadets:n108,type_0,type_1,rel_6,0,0,0,0,test:window_4,0,835181.0
4966.0,darpa_cadets:n353297,darpa_cadets:n270,type_0,type_1,rel_9,0,0,0,0,test:window_4,0,835276.0
4967.0,darpa_cadets:n353297,darpa_cadets:n18,type_0,type_1,rel_6,0,0,0,0,test:window_4,0,835286.0
4968.0,darpa_cadets:n353553,darpa_cadets:n353561,type_0,type_3,rel_1,0,0,0,0,test:window_4,0,835535.0
4969.0,darpa_cadets:n353557,darpa_cadets:n11,type_0,type_1,rel_6,1,1,0,1,test:window_4,1,835559.0
4970.0,darpa_cadets:n353563,darpa_cadets:n53,type_0,type_1,rel_6,0,0,0,0,test:window_4,0,835579.0
4971.0,darpa_cadets:n353635,darpa_cadets:n22,type_0,type_1,rel_6,0,0,0,0,test:window_4,0,835929.0
4972.0,darpa_cadets:n353649,darpa_cadets:n335,type_0,type_1,rel_6,0,0,0,0,test:window_4,0,835944.0
4973.0,darpa_cadets:n353680,darpa_cadets:n11290,type_0,type_1,rel_6,0,0,0,0,test:window_4,0,836117.0
4974.0,darpa_cadets:n353789,darpa_cadets:n11,type_0,type_1,rel_6,1,1,0,1,test:window_4,1,836275.0
4975.0,darpa_cadets:n353852,darpa_cadets:n353852,type_0,type_0,rel_11,0,0,0,0,test:window_4,0,836441.0
4976.0,darpa_cadets:n353914,darpa_cadets:n1232,type_0,type_1,rel_6,0,0,0,0,test:window_4,0,836492.0
4977.0,darpa_cadets:n354268,darpa_cadets:n354271,type_0,type_4,rel_2,0,0,0,0,test:window_4,0,836912.0
4978.0,darpa_cadets:n354398,darpa_cadets:n271,type_0,type_1,rel_6,0,0,0,0,test:window_4,0,836980.0
4979.0,darpa_cadets:n354685,darpa_cadets:n270,type_0,type_1,rel_9,0,0,0,0,test:window_4,0,837229.0
4980.0,darpa_cadets:n354696,darpa_cadets:n354696,type_0,type_0,rel_11,0,0,0,0,test:window_4,0,837309.0
4981.0,darpa_cadets:n355074,darpa_cadets:n358,type_0,type_1,rel_6,0,0,0,0,test:window_4,0,837664.0
4982.0,darpa_cadets:n355074,darpa_cadets:n0,type_0,type_1,rel_6,0,0,0,0,test:window_4,0,837705.0
4983.0,darpa_cadets:n355074,darpa_cadets:n194089,type_0,type_1,rel_6,0,0,0,0,test:window_4,0,837708.0
4984.0,darpa_cadets:n355102,darpa_cadets:n355102,type_0,type_0,rel_7,0,0,0,0,test:window_4,0,837776.0
4985.0,darpa_cadets:n355103,darpa_cadets:n0,type_0,type_1,rel_4,0,0,0,0,test:window_4,0,837793.0
4986.0,darpa_cadets:n355133,darpa_cadets:n272,type_0,type_1,rel_6,0,0,0,0,test:window_4,0,837804.0
4987.0,darpa_cadets:n355144,darpa_cadets:n355144,type_0,type_0,rel_7,0,0,0,0,test:window_4,0,837879.0
4988.0,darpa_cadets:n355147,darpa_cadets:n355147,type_0,type_0,rel_7,0,0,0,0,test:window_4,0,837890.0
4989.0,darpa_cadets:n355242,darpa_cadets:n53,type_0,type_1,rel_6,0,0,0,0,test:window_4,0,837934.0
4990.0,darpa_cadets:n355247,darpa_cadets:n1653,type_0,type_1,rel_9,0,0,0,0,test:window_4,0,837977.0
4991.0,darpa_cadets:n355456,darpa_cadets:n355456,type_0,type_0,rel_7,0,0,0,0,test:window_4,0,838295.0
4992.0,darpa_cadets:n355588,darpa_cadets:n65,type_0,type_1,rel_6,0,0,0,0,test:window_4,0,838409.0
4993.0,darpa_cadets:n355589,darpa_cadets:n355588,type_4,type_0,rel_16,0,0,0,0,test:window_4,0,838413.0
4994.0,darpa_cadets:n355859,darpa_cadets:n103053,type_0,type_1,rel_6,1,1,0,1,test:window_4,1,838712.0
4995.0,darpa_cadets:n356311,darpa_cadets:n5,type_0,type_1,rel_0,0,0,0,0,test:window_4,0,839162.0
4996.0,darpa_cadets:n356450,darpa_cadets:n286,type_0,type_1,rel_9,0,0,0,0,test:window_4,0,839319.0
4997.0,darpa_cadets:n356599,darpa_cadets:n11,type_0,type_1,rel_6,1,1,0,1,test:window_4,1,839493.0
4998.0,darpa_cadets:n356605,darpa_cadets:n356604,type_4,type_0,rel_16,0,0,0,0,test:window_4,0,839535.0
4999.0,darpa_cadets:n356765,darpa_cadets:n17,type_0,type_1,rel_6,0,0,0,0,test:window_4,0,839702.0
5000.0,darpa_cadets:n356906,darpa_cadets:n368,type_0,type_1,rel_6,0,0,0,0,test:window_4,0,839901.0
