timestamp,src_id,dst_id,src_type,dst_type,relation,edge_label,node_label,src_node_label,dst_node_label,campaign_id,campaign_label,feat_original_edge_index
1.0,streamspot:g48:n0,streamspot:g48:n133,type_0,type_2,rel_10,0,0,0,0,train:g48,0,132.0
2.0,streamspot:g48:n0,streamspot:g48:n228,type_0,type_2,rel_10,0,0,0,0,train:g48,0,227.0
3.0,streamspot:g48:n0,streamspot:g48:n322,type_0,type_2,rel_10,0,0,0,0,train:g48,0,321.0
4.0,streamspot:g48:n0,streamspot:g48:n418,type_0,type_2,rel_10,0,0,0,0,train:g48,0,417.0
5.0,streamspot:g48:n0,streamspot:g48:n523,type_0,type_2,rel_10,0,0,0,0,train:g48,0,522.0
6.0,streamspot:g48:n0,streamspot:g48:n536,type_0,type_2,rel_10,0,0,0,0,train:g48,0,535.0
7.0,streamspot:g48:n0,streamspot:g48:n620,type_0,type_2,rel_10,0,0,0,0,train:g48,0,619.0
8.0,streamspot:g48:n0,streamspot:g48:n728,type_0,type_2,rel_16,0,0,0,0,train:g48,0,727.0
9.0,streamspot:g48:n0,streamspot:g48:n892,type_0,type_2,rel_10,0,0,0,0,train:g48,0,891.0
10.0,streamspot:g48:n0,streamspot:g48:n980,type_0,type_2,rel_16,0,0,0,0,train:g48,0,979.0
11.0,streamspot:g48:n0,streamspot:g48:n1317,type_0,type_2,rel_10,0,0,0,0,train:g48,0,1316.0
12.0,streamspot:g48:n0,streamspot:g48:n1497,type_0,type_2,rel_10,0,0,0,0,train:g48,0,1496.0
13.0,streamspot:g48:n0,streamspot:g48:n1548,type_0,type_2,rel_10,0,0,0,0,train:g48,0,1547.0
14.0,streamspot:g48:n0,streamspot:g48:n1889,type_0,type_2,rel_10,0,0,0,0,train:g48,0,1888.0
15.0,streamspot:g48:n0,streamspot:g48:n1903,type_0,type_2,rel_10,0,0,0,0,train:g48,0,1902.0
16.0,streamspot:g48:n0,streamspot:g48:n1908,type_0,type_2,rel_10,0,0,0,0,train:g48,0,1907.0
17.0,streamspot:g48:n0,streamspot:g48:n1989,type_0,type_2,rel_10,0,0,0,0,train:g48,0,1988.0
18.0,streamspot:g48:n0,streamspot:g48:n2006,type_0,type_2,rel_10,0,0,0,0,train:g48,0,2005.0
19.0,streamspot:g48:n0,streamspot:g48:n2273,type_0,type_2,rel_16,0,0,0,0,train:g48,0,2259.0
20.0,streamspot:g48:n2283,streamspot:g48:n2407,type_0,type_2,rel_10,0,0,0,0,train:g48,0,2427.0
21.0,streamspot:g48:n2283,streamspot:g48:n2582,type_0,type_2,rel_10,0,0,0,0,train:g48,0,2605.0
22.0,streamspot:g48:n2283,streamspot:g48:n2669,type_0,type_2,rel_10,0,0,0,0,train:g48,0,2692.0
23.0,streamspot:g48:n2283,streamspot:g48:n2886,type_0,type_2,rel_10,0,0,0,0,train:g48,0,2909.0
24.0,streamspot:g48:n2283,streamspot:g48:n2920,type_0,type_2,rel_10,0,0,0,0,train:g48,0,2943.0
25.0,streamspot:g48:n2283,streamspot:g48:n3640,type_0,type_4,rel_6,0,0,0,0,train:g48,0,3537.0
26.0,streamspot:g48:n2283,streamspot:g48:n3912,type_0,type_2,rel_10,0,0,0,0,train:g48,0,3619.0
27.0,streamspot:g48:n2283,streamspot:g48:n4204,type_0,type_2,rel_1,0,0,0,0,train:g48,0,3944.0
28.0,streamspot:g48:n2283,streamspot:g48:n4257,type_0,type_2,rel_10,0,0,0,0,train:g48,0,3997.0
29.0,streamspot:g48:n2283,streamspot:g48:n4480,type_0,type_2,rel_16,0,0,0,0,train:g48,0,4250.0
30.0,streamspot:g48:n2283,streamspot:g48:n4515,type_0,type_2,rel_10,0,0,0,0,train:g48,0,4285.0
31.0,streamspot:g48:n2283,streamspot:g48:n4565,type_0,type_2,rel_16,0,0,0,0,train:g48,0,4335.0
32.0,streamspot:g48:n2283,streamspot:g48:n4593,type_0,type_2,rel_16,0,0,0,0,train:g48,0,4363.0
33.0,streamspot:g48:n2283,streamspot:g48:n4601,type_0,type_2,rel_10,0,0,0,0,train:g48,0,4371.0
34.0,streamspot:g48:n2283,streamspot:g48:n4684,type_0,type_2,rel_10,0,0,0,0,train:g48,0,4548.0
35.0,streamspot:g48:n2283,streamspot:g48:n4709,type_0,type_2,rel_10,0,0,0,0,train:g48,0,4573.0
36.0,streamspot:g48:n2283,streamspot:g48:n6017,type_0,type_2,rel_10,0,0,0,0,train:g48,0,4693.0
37.0,streamspot:g48:n2283,streamspot:g48:n6084,type_0,type_2,rel_10,0,0,0,0,train:g48,0,4760.0
38.0,streamspot:g48:n2283,streamspot:g48:n6122,type_0,type_2,rel_10,0,0,0,0,train:g48,0,4798.0
39.0,streamspot:g48:n2283,streamspot:g48:n6151,type_0,type_2,rel_10,0,0,0,0,train:g48,0,4827.0
40.0,streamspot:g48:n2283,streamspot:g48:n6237,type_0,type_2,rel_10,0,0,0,0,train:g48,0,4913.0
41.0,streamspot:g48:n2283,streamspot:g48:n6239,type_0,type_2,rel_10,0,0,0,0,train:g48,0,4915.0
42.0,streamspot:g48:n2283,streamspot:g48:n6298,type_0,type_2,rel_10,0,0,0,0,train:g48,0,4974.0
43.0,streamspot:g48:n2283,streamspot:g48:n6333,type_0,type_2,rel_10,0,0,0,0,train:g48,0,5009.0
44.0,streamspot:g48:n2283,streamspot:g48:n6378,type_0,type_2,rel_10,0,0,0,0,train:g48,0,5054.0
45.0,streamspot:g48:n2283,streamspot:g48:n6569,type_0,type_2,rel_10,0,0,0,0,train:g48,0,5245.0
46.0,streamspot:g48:n3347,streamspot:g48:n3458,type_0,type_2,rel_10,0,0,0,0,train:g48,0,5391.0
47.0,streamspot:g48:n3347,streamspot:g48:n3755,type_0,type_2,rel_10,0,0,0,0,train:g48,0,5533.0
48.0,streamspot:g48:n4535,streamspot:g48:n4689,type_1,type_2,rel_10,0,0,0,0,train:g48,0,5983.0
49.0,streamspot:g48:n4544,streamspot:g48:n6,type_1,type_2,rel_9,0,0,0,0,train:g48,0,6015.0
50.0,streamspot:g48:n4661,streamspot:g48:n4704,type_1,type_2,rel_10,0,0,0,0,train:g48,0,6112.0
51.0,streamspot:g48:n4833,streamspot:g48:n4931,type_0,type_4,rel_5,0,0,0,0,train:g48,0,6268.0
52.0,streamspot:g48:n4833,streamspot:g48:n4965,type_0,type_4,rel_5,0,0,0,0,train:g48,0,6302.0
53.0,streamspot:g48:n4833,streamspot:g48:n4993,type_0,type_4,rel_5,0,0,0,0,train:g48,0,6330.0
54.0,streamspot:g48:n4833,streamspot:g48:n5025,type_0,type_4,rel_5,0,0,0,0,train:g48,0,6362.0
55.0,streamspot:g48:n4833,streamspot:g48:n5093,type_0,type_4,rel_5,0,0,0,0,train:g48,0,6430.0
56.0,streamspot:g48:n4833,streamspot:g48:n5210,type_0,type_4,rel_5,0,0,0,0,train:g48,0,6547.0
57.0,streamspot:g48:n4833,streamspot:g48:n5259,type_0,type_4,rel_5,0,0,0,0,train:g48,0,6596.0
58.0,streamspot:g48:n4833,streamspot:g48:n5295,type_0,type_4,rel_5,0,0,0,0,train:g48,0,6632.0
59.0,streamspot:g48:n4833,streamspot:g48:n5561,type_0,type_4,rel_5,0,0,0,0,train:g48,0,6898.0
60.0,streamspot:g48:n4833,streamspot:g48:n5615,type_0,type_4,rel_5,0,0,0,0,train:g48,0,6952.0
61.0,streamspot:g48:n4833,streamspot:g48:n5783,type_0,type_4,rel_5,0,0,0,0,train:g48,0,7120.0
62.0,streamspot:g48:n4833,streamspot:g48:n3302,type_0,type_2,rel_10,0,0,0,0,train:g48,0,7378.0
63.0,streamspot:g48:n4833,streamspot:g48:n3536,type_0,type_2,rel_10,0,0,0,0,train:g48,0,7404.0
64.0,streamspot:g48:n4833,streamspot:g48:n3571,type_0,type_2,rel_10,0,0,0,0,train:g48,0,7439.0
65.0,streamspot:g48:n4833,streamspot:g48:n3594,type_0,type_2,rel_10,0,0,0,0,train:g48,0,7462.0
66.0,streamspot:g48:n5896,streamspot:g48:n7999,type_1,type_2,rel_2,0,0,0,0,train:g48,0,7539.0
67.0,streamspot:g48:n5900,streamspot:g48:n7982,type_1,type_2,rel_1,0,0,0,0,train:g48,0,7614.0
68.0,streamspot:g48:n6631,streamspot:g48:n2601,type_0,type_2,rel_10,0,0,0,0,train:g48,0,8060.0
69.0,streamspot:g48:n6631,streamspot:g48:n2774,type_0,type_2,rel_10,0,0,0,0,train:g48,0,8242.0
70.0,streamspot:g48:n6631,streamspot:g48:n2836,type_0,type_2,rel_10,0,0,0,0,train:g48,0,8307.0
71.0,streamspot:g48:n6631,streamspot:g48:n2865,type_0,type_2,rel_10,0,0,0,0,train:g48,0,8337.0
72.0,streamspot:g48:n6631,streamspot:g48:n2867,type_0,type_2,rel_10,0,0,0,0,train:g48,0,8340.0
73.0,streamspot:g48:n6631,streamspot:g48:n3278,type_0,type_2,rel_10,0,0,0,0,train:g48,0,8774.0
74.0,streamspot:g48:n6631,streamspot:g48:n3288,type_0,type_2,rel_10,0,0,0,0,train:g48,0,8785.0
75.0,streamspot:g48:n6631,streamspot:g48:n3878,type_0,type_2,rel_1,0,0,0,0,train:g48,0,9060.0
76.0,streamspot:g48:n6631,streamspot:g48:n6149,type_0,type_2,rel_10,0,0,0,0,train:g48,0,9633.0
77.0,streamspot:g48:n6631,streamspot:g48:n6348,type_0,type_2,rel_10,0,0,0,0,train:g48,0,9723.0
78.0,streamspot:g48:n6631,streamspot:g48:n6382,type_0,type_2,rel_10,0,0,0,0,train:g48,0,9758.0
79.0,streamspot:g48:n6631,streamspot:g48:n6316,type_0,type_2,rel_10,0,0,0,0,train:g48,0,9849.0
80.0,streamspot:g48:n6631,streamspot:g48:n6446,type_0,type_2,rel_10,0,0,0,0,train:g48,0,9886.0
81.0,streamspot:g48:n6631,streamspot:g48:n6497,type_0,type_2,rel_10,0,0,0,0,train:g48,0,9939.0
82.0,streamspot:g48:n6631,streamspot:g48:n7864,type_0,type_2,rel_10,0,0,0,0,train:g48,0,10044.0
83.0,streamspot:g48:n6631,streamspot:g48:n4204,type_0,type_2,rel_1,0,0,0,0,train:g48,0,10110.0
84.0,streamspot:g48:n6631,streamspot:g48:n8036,type_0,type_2,rel_10,0,0,0,0,train:g48,0,10263.0
85.0,streamspot:g48:n6780,streamspot:g48:n6703,type_0,type_2,rel_10,0,0,0,0,train:g48,0,10525.0
86.0,streamspot:g48:n6787,streamspot:g48:n4318,type_1,type_2,rel_15,0,0,0,0,train:g48,0,10830.0
87.0,streamspot:g48:n6797,streamspot:g48:n2318,type_0,type_2,rel_16,0,0,0,0,train:g48,0,10905.0
88.0,streamspot:g48:n6822,streamspot:g48:n2312,type_0,type_2,rel_10,0,0,0,0,train:g48,0,11032.0
89.0,streamspot:g48:n6822,streamspot:g48:n6916,type_0,type_2,rel_10,0,0,0,0,train:g48,0,11132.0
90.0,streamspot:g48:n6822,streamspot:g48:n6935,type_0,type_2,rel_16,0,0,0,0,train:g48,0,11151.0
91.0,streamspot:g48:n6822,streamspot:g48:n7054,type_0,type_2,rel_10,0,0,0,0,train:g48,0,11270.0
92.0,streamspot:g48:n6822,streamspot:g48:n7129,type_0,type_2,rel_10,0,0,0,0,train:g48,0,11345.0
93.0,streamspot:g48:n6822,streamspot:g48:n7274,type_0,type_2,rel_10,0,0,0,0,train:g48,0,11490.0
94.0,streamspot:g48:n6822,streamspot:g48:n7410,type_0,type_2,rel_10,0,0,0,0,train:g48,0,11626.0
95.0,streamspot:g48:n6822,streamspot:g48:n7541,type_0,type_2,rel_10,0,0,0,0,train:g48,0,11757.0
96.0,streamspot:g48:n6822,streamspot:g48:n7565,type_0,type_2,rel_10,0,0,0,0,train:g48,0,11781.0
97.0,streamspot:g48:n6822,streamspot:g48:n7597,type_0,type_2,rel_10,0,0,0,0,train:g48,0,11814.0
98.0,streamspot:g48:n6832,streamspot:g48:n6892,type_0,type_2,rel_10,0,0,0,0,train:g48,0,11994.0
99.0,streamspot:g48:n7994,streamspot:g48:n6,type_1,type_2,rel_9,0,0,0,0,train:g48,0,12011.0
100.0,streamspot:g48:n8006,streamspot:g48:n4415,type_1,type_2,rel_19,0,0,0,0,train:g48,0,12042.0
101.0,streamspot:g120:n0,streamspot:g120:n63,type_0,type_2,rel_10,0,0,0,0,train:g120,0,62.0
102.0,streamspot:g120:n0,streamspot:g120:n152,type_0,type_2,rel_10,0,0,0,0,train:g120,0,151.0
103.0,streamspot:g120:n0,streamspot:g120:n378,type_0,type_2,rel_10,0,0,0,0,train:g120,0,377.0
104.0,streamspot:g120:n0,streamspot:g120:n583,type_0,type_2,rel_10,0,0,0,0,train:g120,0,582.0
105.0,streamspot:g120:n0,streamspot:g120:n613,type_0,type_2,rel_10,0,0,0,0,train:g120,0,612.0
106.0,streamspot:g120:n0,streamspot:g120:n624,type_0,type_2,rel_10,0,0,0,0,train:g120,0,623.0
107.0,streamspot:g120:n0,streamspot:g120:n672,type_0,type_2,rel_16,0,0,0,0,train:g120,0,671.0
108.0,streamspot:g120:n0,streamspot:g120:n721,type_0,type_2,rel_10,0,0,0,0,train:g120,0,720.0
109.0,streamspot:g120:n0,streamspot:g120:n794,type_0,type_2,rel_10,0,0,0,0,train:g120,0,793.0
110.0,streamspot:g120:n0,streamspot:g120:n1046,type_0,type_2,rel_10,0,0,0,0,train:g120,0,1045.0
111.0,streamspot:g120:n0,streamspot:g120:n1118,type_0,type_2,rel_16,0,0,0,0,train:g120,0,1117.0
112.0,streamspot:g120:n0,streamspot:g120:n1133,type_0,type_2,rel_16,0,0,0,0,train:g120,0,1132.0
113.0,streamspot:g120:n0,streamspot:g120:n1203,type_0,type_2,rel_10,0,0,0,0,train:g120,0,1202.0
114.0,streamspot:g120:n0,streamspot:g120:n1229,type_0,type_2,rel_16,0,0,0,0,train:g120,0,1228.0
115.0,streamspot:g120:n0,streamspot:g120:n1301,type_0,type_2,rel_10,0,0,0,0,train:g120,0,1300.0
116.0,streamspot:g120:n0,streamspot:g120:n1439,type_0,type_2,rel_16,0,0,0,0,train:g120,0,1438.0
117.0,streamspot:g120:n0,streamspot:g120:n1446,type_0,type_2,rel_10,0,0,0,0,train:g120,0,1445.0
118.0,streamspot:g120:n0,streamspot:g120:n1557,type_0,type_2,rel_10,0,0,0,0,train:g120,0,1556.0
119.0,streamspot:g120:n0,streamspot:g120:n1693,type_0,type_2,rel_10,0,0,0,0,train:g120,0,1692.0
120.0,streamspot:g120:n0,streamspot:g120:n1716,type_0,type_2,rel_16,0,0,0,0,train:g120,0,1715.0
121.0,streamspot:g120:n0,streamspot:g120:n1883,type_0,type_2,rel_10,0,0,0,0,train:g120,0,1882.0
122.0,streamspot:g120:n0,streamspot:g120:n1929,type_0,type_2,rel_10,0,0,0,0,train:g120,0,1928.0
123.0,streamspot:g120:n0,streamspot:g120:n1932,type_0,type_2,rel_16,0,0,0,0,train:g120,0,1931.0
124.0,streamspot:g120:n0,streamspot:g120:n2017,type_0,type_2,rel_10,0,0,0,0,train:g120,0,2016.0
125.0,streamspot:g120:n0,streamspot:g120:n2104,type_0,type_2,rel_10,0,0,0,0,train:g120,0,2103.0
126.0,streamspot:g120:n0,streamspot:g120:n2206,type_0,type_2,rel_10,0,0,0,0,train:g120,0,2192.0
127.0,streamspot:g120:n0,streamspot:g120:n2279,type_0,type_2,rel_16,0,0,0,0,train:g120,0,2265.0
128.0,streamspot:g120:n2124,streamspot:g120:n2125,type_0,type_4,rel_5,0,0,0,0,train:g120,0,2270.0
129.0,streamspot:g120:n2283,streamspot:g120:n2310,type_0,type_2,rel_10,0,0,0,0,train:g120,0,2325.0
130.0,streamspot:g120:n2283,streamspot:g120:n2561,type_0,type_2,rel_10,0,0,0,0,train:g120,0,2584.0
131.0,streamspot:g120:n2283,streamspot:g120:n2584,type_0,type_2,rel_10,0,0,0,0,train:g120,0,2607.0
132.0,streamspot:g120:n2283,streamspot:g120:n2630,type_0,type_2,rel_10,0,0,0,0,train:g120,0,2653.0
133.0,streamspot:g120:n2283,streamspot:g120:n2634,type_0,type_2,rel_10,0,0,0,0,train:g120,0,2657.0
134.0,streamspot:g120:n2283,streamspot:g120:n2646,type_0,type_2,rel_10,0,0,0,0,train:g120,0,2669.0
135.0,streamspot:g120:n2283,streamspot:g120:n2778,type_0,type_2,rel_10,0,0,0,0,train:g120,0,2801.0
136.0,streamspot:g120:n2283,streamspot:g120:n2829,type_0,type_2,rel_10,0,0,0,0,train:g120,0,2852.0
137.0,streamspot:g120:n2283,streamspot:g120:n2832,type_0,type_2,rel_10,0,0,0,0,train:g120,0,2855.0
138.0,streamspot:g120:n2283,streamspot:g120:n2833,type_0,type_2,rel_10,0,0,0,0,train:g120,0,2856.0
139.0,streamspot:g120:n2283,streamspot:g120:n3013,type_0,type_2,rel_10,0,0,0,0,train:g120,0,3037.0
140.0,streamspot:g120:n2283,streamspot:g120:n3052,type_0,type_2,rel_10,0,0,0,0,train:g120,0,3077.0
141.0,streamspot:g120:n2283,streamspot:g120:n3068,type_0,type_2,rel_10,0,0,0,0,train:g120,0,3093.0
142.0,streamspot:g120:n2283,streamspot:g120:n3209,type_0,type_2,rel_10,0,0,0,0,train:g120,0,3234.0
143.0,streamspot:g120:n2283,streamspot:g120:n3221,type_0,type_2,rel_10,0,0,0,0,train:g120,0,3246.0
144.0,streamspot:g120:n2283,streamspot:g120:n3227,type_0,type_2,rel_10,0,0,0,0,train:g120,0,3252.0
145.0,streamspot:g120:n2283,streamspot:g120:n3465,type_0,type_2,rel_10,0,0,0,0,train:g120,0,3410.0
146.0,streamspot:g120:n2283,streamspot:g120:n3574,type_0,type_2,rel_10,0,0,0,0,train:g120,0,3461.0
147.0,streamspot:g120:n2283,streamspot:g120:n3582,type_0,type_2,rel_10,0,0,0,0,train:g120,0,3469.0
148.0,streamspot:g120:n2283,streamspot:g120:n3612,type_0,type_2,rel_10,0,0,0,0,train:g120,0,3499.0
149.0,streamspot:g120:n2283,streamspot:g120:n3864,type_0,type_2,rel_1,0,0,0,0,train:g120,0,3571.0
150.0,streamspot:g120:n2283,streamspot:g120:n3807,type_0,type_2,rel_16,0,0,0,0,train:g120,0,3752.0
151.0,streamspot:g120:n2283,streamspot:g120:n3721,type_0,type_2,rel_16,0,0,0,0,train:g120,0,3774.0
152.0,streamspot:g120:n2283,streamspot:g120:n4074,type_0,type_2,rel_16,0,0,0,0,train:g120,0,3812.0
153.0,streamspot:g120:n2283,streamspot:g120:n4242,type_0,type_2,rel_10,0,0,0,0,train:g120,0,3981.0
154.0,streamspot:g120:n2283,streamspot:g120:n4273,type_0,type_2,rel_16,0,0,0,0,train:g120,0,4012.0
155.0,streamspot:g120:n2283,streamspot:g120:n4363,type_0,type_2,rel_10,0,0,0,0,train:g120,0,4102.0
156.0,streamspot:g120:n2283,streamspot:g120:n4366,type_0,type_2,rel_10,0,0,0,0,train:g120,0,4105.0
157.0,streamspot:g120:n2283,streamspot:g120:n2262,type_0,type_2,rel_16,0,0,0,0,train:g120,0,4160.0
158.0,streamspot:g120:n2283,streamspot:g120:n4463,type_0,type_2,rel_16,0,0,0,0,train:g120,0,4232.0
159.0,streamspot:g120:n2283,streamspot:g120:n4509,type_0,type_2,rel_10,0,0,0,0,train:g120,0,4278.0
160.0,streamspot:g120:n2283,streamspot:g120:n4575,type_0,type_2,rel_16,0,0,0,0,train:g120,0,4344.0
161.0,streamspot:g120:n2283,streamspot:g120:n6077,type_0,type_2,rel_10,0,0,0,0,train:g120,0,4733.0
162.0,streamspot:g120:n2283,streamspot:g120:n6166,type_0,type_2,rel_10,0,0,0,0,train:g120,0,4822.0
163.0,streamspot:g120:n2283,streamspot:g120:n6170,type_0,type_2,rel_10,0,0,0,0,train:g120,0,4826.0
164.0,streamspot:g120:n2283,streamspot:g120:n6178,type_0,type_2,rel_10,0,0,0,0,train:g120,0,4834.0
165.0,streamspot:g120:n2283,streamspot:g120:n6189,type_0,type_2,rel_10,0,0,0,0,train:g120,0,4845.0
166.0,streamspot:g120:n2283,streamspot:g120:n6393,type_0,type_2,rel_10,0,0,0,0,train:g120,0,5049.0
167.0,streamspot:g120:n2283,streamspot:g120:n6402,type_0,type_2,rel_10,0,0,0,0,train:g120,0,5058.0
168.0,streamspot:g120:n2283,streamspot:g120:n6539,type_0,type_2,rel_10,0,0,0,0,train:g120,0,5195.0
169.0,streamspot:g120:n2283,streamspot:g120:n21,type_0,type_2,rel_19,0,0,0,0,train:g120,0,5322.0
170.0,streamspot:g120:n3341,streamspot:g120:n3343,type_1,type_2,rel_10,0,0,0,0,train:g120,0,5330.0
171.0,streamspot:g120:n3347,streamspot:g120:n3366,type_0,type_2,rel_10,0,0,0,0,train:g120,0,5345.0
172.0,streamspot:g120:n3347,streamspot:g120:n3378,type_0,type_2,rel_10,0,0,0,0,train:g120,0,5358.0
173.0,streamspot:g120:n3347,streamspot:g120:n3451,type_0,type_2,rel_10,0,0,0,0,train:g120,0,5408.0
174.0,streamspot:g120:n3347,streamspot:g120:n3785,type_0,type_2,rel_10,0,0,0,0,train:g120,0,5572.0
175.0,streamspot:g120:n3637,streamspot:g120:n3771,type_1,type_4,rel_11,0,0,0,0,train:g120,0,5625.0
176.0,streamspot:g120:n3639,streamspot:g120:n2299,type_0,type_2,rel_16,0,0,0,0,train:g120,0,5655.0
177.0,streamspot:g120:n3639,streamspot:g120:n2312,type_0,type_2,rel_10,0,0,0,0,train:g120,0,5668.0
178.0,streamspot:g120:n3639,streamspot:g120:n2839,type_0,type_2,rel_10,0,0,0,0,train:g120,0,5715.0
179.0,streamspot:g120:n3639,streamspot:g120:n3308,type_0,type_2,rel_10,0,0,0,0,train:g120,0,5826.0
180.0,streamspot:g120:n3639,streamspot:g120:n3577,type_0,type_2,rel_10,0,0,0,0,train:g120,0,5887.0
181.0,streamspot:g120:n3639,streamspot:g120:n3594,type_0,type_2,rel_10,0,0,0,0,train:g120,0,5904.0
182.0,streamspot:g120:n4379,streamspot:g120:n4383,type_1,type_4,rel_5,0,0,0,0,train:g120,0,5950.0
183.0,streamspot:g120:n4536,streamspot:g120:n4705,type_1,type_2,rel_10,0,0,0,0,train:g120,0,6004.0
184.0,streamspot:g120:n4657,streamspot:g120:n4228,type_1,type_2,rel_19,0,0,0,0,train:g120,0,6075.0
185.0,streamspot:g120:n4831,streamspot:g120:n4863,type_0,type_4,rel_5,0,0,0,0,train:g120,0,6203.0
186.0,streamspot:g120:n4831,streamspot:g120:n4977,type_0,type_4,rel_5,0,0,0,0,train:g120,0,6317.0
187.0,streamspot:g120:n4831,streamspot:g120:n5041,type_0,type_4,rel_5,0,0,0,0,train:g120,0,6381.0
188.0,streamspot:g120:n4831,streamspot:g120:n5042,type_0,type_4,rel_5,0,0,0,0,train:g120,0,6382.0
189.0,streamspot:g120:n4831,streamspot:g120:n5095,type_0,type_4,rel_5,0,0,0,0,train:g120,0,6435.0
190.0,streamspot:g120:n4831,streamspot:g120:n5360,type_0,type_4,rel_5,0,0,0,0,train:g120,0,6700.0
191.0,streamspot:g120:n4831,streamspot:g120:n5368,type_0,type_4,rel_5,0,0,0,0,train:g120,0,6708.0
192.0,streamspot:g120:n4831,streamspot:g120:n5455,type_0,type_4,rel_5,0,0,0,0,train:g120,0,6795.0
193.0,streamspot:g120:n4831,streamspot:g120:n5546,type_0,type_4,rel_5,0,0,0,0,train:g120,0,6886.0
194.0,streamspot:g120:n4831,streamspot:g120:n5662,type_0,type_4,rel_5,0,0,0,0,train:g120,0,7002.0
195.0,streamspot:g120:n4831,streamspot:g120:n5705,type_0,type_4,rel_5,0,0,0,0,train:g120,0,7045.0
196.0,streamspot:g120:n4831,streamspot:g120:n2320,type_0,type_2,rel_16,0,0,0,0,train:g120,0,7236.0
197.0,streamspot:g120:n4831,streamspot:g120:n3671,type_0,type_2,rel_10,0,0,0,0,train:g120,0,7245.0
198.0,streamspot:g120:n4831,streamspot:g120:n3289,type_0,type_2,rel_10,0,0,0,0,train:g120,0,7366.0
199.0,streamspot:g120:n4831,streamspot:g120:n3538,type_0,type_2,rel_10,0,0,0,0,train:g120,0,7407.0
200.0,streamspot:g120:n5896,streamspot:g120:n6671,type_1,type_2,rel_1,0,0,0,0,train:g120,0,7568.0
201.0,streamspot:g484:n0,streamspot:g484:n84,type_0,type_2,rel_16,0,0,0,0,train:g484,0,83.0
202.0,streamspot:g484:n0,streamspot:g484:n206,type_0,type_2,rel_10,0,0,0,0,train:g484,0,205.0
203.0,streamspot:g484:n0,streamspot:g484:n539,type_0,type_2,rel_16,0,0,0,0,train:g484,0,538.0
204.0,streamspot:g484:n0,streamspot:g484:n632,type_0,type_2,rel_10,0,0,0,0,train:g484,0,631.0
205.0,streamspot:g484:n0,streamspot:g484:n876,type_0,type_2,rel_10,0,0,0,0,train:g484,0,875.0
206.0,streamspot:g484:n0,streamspot:g484:n994,type_0,type_2,rel_10,0,0,0,0,train:g484,0,993.0
207.0,streamspot:g484:n0,streamspot:g484:n1055,type_0,type_2,rel_10,0,0,0,0,train:g484,0,1054.0
208.0,streamspot:g484:n0,streamspot:g484:n1148,type_0,type_2,rel_16,0,0,0,0,train:g484,0,1147.0
209.0,streamspot:g484:n0,streamspot:g484:n1515,type_0,type_2,rel_16,0,0,0,0,train:g484,0,1514.0
210.0,streamspot:g484:n0,streamspot:g484:n1635,type_0,type_2,rel_10,0,0,0,0,train:g484,0,1634.0
211.0,streamspot:g484:n0,streamspot:g484:n1684,type_0,type_2,rel_10,0,0,0,0,train:g484,0,1683.0
212.0,streamspot:g484:n0,streamspot:g484:n1686,type_0,type_2,rel_16,0,0,0,0,train:g484,0,1685.0
213.0,streamspot:g484:n0,streamspot:g484:n1894,type_0,type_2,rel_10,0,0,0,0,train:g484,0,1893.0
214.0,streamspot:g484:n0,streamspot:g484:n2067,type_0,type_2,rel_10,0,0,0,0,train:g484,0,2066.0
215.0,streamspot:g484:n0,streamspot:g484:n2098,type_0,type_2,rel_10,0,0,0,0,train:g484,0,2097.0
216.0,streamspot:g484:n0,streamspot:g484:n2118,type_0,type_2,rel_10,0,0,0,0,train:g484,0,2117.0
217.0,streamspot:g484:n0,streamspot:g484:n2189,type_0,type_2,rel_10,0,0,0,0,train:g484,0,2175.0
218.0,streamspot:g484:n0,streamspot:g484:n8604,type_0,type_2,rel_18,0,0,0,0,train:g484,0,2375.0
219.0,streamspot:g484:n2283,streamspot:g484:n2347,type_0,type_2,rel_10,0,0,0,0,train:g484,0,2487.0
220.0,streamspot:g484:n2283,streamspot:g484:n2570,type_0,type_2,rel_10,0,0,0,0,train:g484,0,2717.0
221.0,streamspot:g484:n2283,streamspot:g484:n2871,type_0,type_2,rel_10,0,0,0,0,train:g484,0,3018.0
222.0,streamspot:g484:n2283,streamspot:g484:n3293,type_0,type_2,rel_10,0,0,0,0,train:g484,0,3442.0
223.0,streamspot:g484:n2283,streamspot:g484:n4028,type_0,type_2,rel_10,0,0,0,0,train:g484,0,3859.0
224.0,streamspot:g484:n2283,streamspot:g484:n4093,type_0,type_2,rel_16,0,0,0,0,train:g484,0,3956.0
225.0,streamspot:g484:n2283,streamspot:g484:n4297,type_0,type_2,rel_1,0,0,0,0,train:g484,0,4160.0
226.0,streamspot:g484:n2283,streamspot:g484:n4514,type_0,type_2,rel_10,0,0,0,0,train:g484,0,4408.0
227.0,streamspot:g484:n2283,streamspot:g484:n6043,type_0,type_2,rel_10,0,0,0,0,train:g484,0,4810.0
228.0,streamspot:g484:n2283,streamspot:g484:n6047,type_0,type_2,rel_10,0,0,0,0,train:g484,0,4814.0
229.0,streamspot:g484:n2283,streamspot:g484:n6100,type_0,type_2,rel_10,0,0,0,0,train:g484,0,4867.0
230.0,streamspot:g484:n2283,streamspot:g484:n6142,type_0,type_2,rel_10,0,0,0,0,train:g484,0,4909.0
231.0,streamspot:g484:n2283,streamspot:g484:n6326,type_0,type_2,rel_10,0,0,0,0,train:g484,0,5093.0
232.0,streamspot:g484:n2283,streamspot:g484:n8176,type_0,type_2,rel_10,0,0,0,0,train:g484,0,5466.0
233.0,streamspot:g484:n2283,streamspot:g484:n8221,type_0,type_2,rel_10,0,0,0,0,train:g484,0,5511.0
234.0,streamspot:g484:n2283,streamspot:g484:n8294,type_0,type_2,rel_16,0,0,0,0,train:g484,0,5584.0
235.0,streamspot:g484:n2283,streamspot:g484:n8383,type_0,type_2,rel_16,0,0,0,0,train:g484,0,5650.0
236.0,streamspot:g484:n2283,streamspot:g484:n8689,type_0,type_4,rel_5,0,0,0,0,train:g484,0,5713.0
237.0,streamspot:g484:n3347,streamspot:g484:n3498,type_0,type_2,rel_10,0,0,0,0,train:g484,0,5951.0
238.0,streamspot:g484:n3347,streamspot:g484:n3806,type_0,type_2,rel_10,0,0,0,0,train:g484,0,6086.0
239.0,streamspot:g484:n3639,streamspot:g484:n2371,type_0,type_2,rel_10,0,0,0,0,train:g484,0,6299.0
240.0,streamspot:g484:n3639,streamspot:g484:n3297,type_0,type_2,rel_10,0,0,0,0,train:g484,0,6326.0
241.0,streamspot:g484:n4155,streamspot:g484:n8509,type_1,type_4,rel_6,0,0,0,0,train:g484,0,6522.0
242.0,streamspot:g484:n4833,streamspot:g484:n5056,type_0,type_4,rel_5,0,0,0,0,train:g484,0,7055.0
243.0,streamspot:g484:n4833,streamspot:g484:n5119,type_0,type_4,rel_5,0,0,0,0,train:g484,0,7118.0
244.0,streamspot:g484:n4833,streamspot:g484:n5386,type_0,type_4,rel_5,0,0,0,0,train:g484,0,7385.0
245.0,streamspot:g484:n4833,streamspot:g484:n5468,type_0,type_4,rel_5,0,0,0,0,train:g484,0,7467.0
246.0,streamspot:g484:n4833,streamspot:g484:n5523,type_0,type_4,rel_5,0,0,0,0,train:g484,0,7522.0
247.0,streamspot:g484:n4833,streamspot:g484:n5527,type_0,type_4,rel_5,0,0,0,0,train:g484,0,7526.0
248.0,streamspot:g484:n4833,streamspot:g484:n5727,type_0,type_4,rel_5,0,0,0,0,train:g484,0,7726.0
249.0,streamspot:g484:n4833,streamspot:g484:n5776,type_0,type_4,rel_5,0,0,0,0,train:g484,0,7775.0
250.0,streamspot:g484:n4833,streamspot:g484:n3591,type_0,type_2,rel_10,0,0,0,0,train:g484,0,8121.0
251.0,streamspot:g484:n5896,streamspot:g484:n6,type_1,type_2,rel_9,0,0,0,0,train:g484,0,8148.0
252.0,streamspot:g484:n5896,streamspot:g484:n5903,type_1,type_2,rel_10,0,0,0,0,train:g484,0,8154.0
253.0,streamspot:g484:n5898,streamspot:g484:n8703,type_1,type_2,rel_10,0,0,0,0,train:g484,0,8367.0
254.0,streamspot:g484:n5952,streamspot:g484:n6,type_1,type_2,rel_9,0,0,0,0,train:g484,0,8445.0
255.0,streamspot:g484:n6743,streamspot:g484:n6844,type_0,type_4,rel_5,0,0,0,0,train:g484,0,8691.0
256.0,streamspot:g484:n6743,streamspot:g484:n2646,type_0,type_2,rel_10,0,0,0,0,train:g484,0,9127.0
257.0,streamspot:g484:n6743,streamspot:g484:n3019,type_0,type_2,rel_10,0,0,0,0,train:g484,0,9521.0
258.0,streamspot:g484:n6743,streamspot:g484:n3030,type_0,type_2,rel_10,0,0,0,0,train:g484,0,9532.0
259.0,streamspot:g484:n6743,streamspot:g484:n3168,type_0,type_2,rel_10,0,0,0,0,train:g484,0,9679.0
260.0,streamspot:g484:n6743,streamspot:g484:n3228,type_0,type_2,rel_10,0,0,0,0,train:g484,0,9742.0
261.0,streamspot:g484:n6743,streamspot:g484:n3298,type_0,type_2,rel_10,0,0,0,0,train:g484,0,9815.0
262.0,streamspot:g484:n6743,streamspot:g484:n6947,type_0,type_2,rel_10,0,0,0,0,train:g484,0,9838.0
263.0,streamspot:g484:n6743,streamspot:g484:n3596,type_0,type_2,rel_10,0,0,0,0,train:g484,0,9980.0
264.0,streamspot:g484:n6743,streamspot:g484:n3780,type_0,type_2,rel_1,0,0,0,0,train:g484,0,10040.0
265.0,streamspot:g484:n6743,streamspot:g484:n3869,type_0,type_2,rel_1,0,0,0,0,train:g484,0,10071.0
266.0,streamspot:g484:n6743,streamspot:g484:n7891,type_0,type_2,rel_10,0,0,0,0,train:g484,0,10386.0
267.0,streamspot:g484:n6743,streamspot:g484:n7982,type_0,type_2,rel_10,0,0,0,0,train:g484,0,10559.0
268.0,streamspot:g484:n6743,streamspot:g484:n6175,type_0,type_2,rel_10,0,0,0,0,train:g484,0,10639.0
269.0,streamspot:g484:n6743,streamspot:g484:n6525,type_0,type_2,rel_10,0,0,0,0,train:g484,0,10948.0
270.0,streamspot:g484:n6743,streamspot:g484:n6553,type_0,type_2,rel_10,0,0,0,0,train:g484,0,10977.0
271.0,streamspot:g484:n6743,streamspot:g484:n4198,type_0,type_2,rel_1,0,0,0,0,train:g484,0,11071.0
272.0,streamspot:g484:n6743,streamspot:g484:n8720,type_0,type_1,rel_4,0,0,0,0,train:g484,0,11277.0
273.0,streamspot:g484:n6957,streamspot:g484:n2310,type_0,type_2,rel_10,0,0,0,0,train:g484,0,11361.0
274.0,streamspot:g484:n6957,streamspot:g484:n3289,type_0,type_2,rel_10,0,0,0,0,train:g484,0,11508.0
275.0,streamspot:g484:n6999,streamspot:g484:n7286,type_0,type_2,rel_10,0,0,0,0,train:g484,0,12121.0
276.0,streamspot:g484:n6999,streamspot:g484:n7394,type_0,type_2,rel_10,0,0,0,0,train:g484,0,12229.0
277.0,streamspot:g484:n6999,streamspot:g484:n7686,type_0,type_2,rel_10,0,0,0,0,train:g484,0,12521.0
278.0,streamspot:g484:n8353,streamspot:g484:n2364,type_0,type_2,rel_10,0,0,0,0,train:g484,0,13078.0
279.0,streamspot:g484:n8353,streamspot:g484:n2998,type_0,type_2,rel_10,0,0,0,0,train:g484,0,13307.0
280.0,streamspot:g484:n8433,streamspot:g484:n4802,type_0,type_2,rel_10,0,0,0,0,train:g484,0,13634.0
281.0,streamspot:g484:n8433,streamspot:g484:n2378,type_0,type_2,rel_10,0,0,0,0,train:g484,0,13703.0
282.0,streamspot:g484:n8442,streamspot:g484:n2362,type_0,type_2,rel_10,0,0,0,0,train:g484,0,13986.0
283.0,streamspot:g484:n8442,streamspot:g484:n3580,type_0,type_2,rel_10,0,0,0,0,train:g484,0,14244.0
284.0,streamspot:g484:n8451,streamspot:g484:n2294,type_0,type_2,rel_10,0,0,0,0,train:g484,0,14291.0
285.0,streamspot:g484:n8451,streamspot:g484:n2308,type_0,type_2,rel_10,0,0,0,0,train:g484,0,14305.0
286.0,streamspot:g484:n8451,streamspot:g484:n2463,type_0,type_2,rel_10,0,0,0,0,train:g484,0,14410.0
287.0,streamspot:g484:n8451,streamspot:g484:n2380,type_0,type_2,rel_10,0,0,0,0,train:g484,0,14533.0
288.0,streamspot:g484:n8460,streamspot:g484:n3586,type_0,type_2,rel_10,0,0,0,0,train:g484,0,15078.0
289.0,streamspot:g484:n8478,streamspot:g484:n2312,type_0,type_2,rel_10,0,0,0,0,train:g484,0,15551.0
290.0,streamspot:g484:n8478,streamspot:g484:n2816,type_0,type_2,rel_10,0,0,0,0,train:g484,0,15690.0
291.0,streamspot:g484:n8478,streamspot:g484:n2385,type_0,type_2,rel_10,0,0,0,0,train:g484,0,15743.0
292.0,streamspot:g484:n8478,streamspot:g484:n2906,type_0,type_2,rel_10,0,0,0,0,train:g484,0,15799.0
293.0,streamspot:g484:n8478,streamspot:g484:n3571,type_0,type_2,rel_10,0,0,0,0,train:g484,0,15891.0
294.0,streamspot:g484:n8487,streamspot:g484:n2361,type_0,type_2,rel_10,0,0,0,0,train:g484,0,16055.0
295.0,streamspot:g484:n8487,streamspot:g484:n2911,type_0,type_2,rel_10,0,0,0,0,train:g484,0,16218.0
296.0,streamspot:g484:n8496,streamspot:g484:n2294,type_0,type_2,rel_10,0,0,0,0,train:g484,0,16361.0
297.0,streamspot:g484:n8496,streamspot:g484:n2588,type_0,type_2,rel_10,0,0,0,0,train:g484,0,16442.0
298.0,streamspot:g484:n8496,streamspot:g484:n2562,type_0,type_2,rel_10,0,0,0,0,train:g484,0,16492.0
299.0,streamspot:g484:n8496,streamspot:g484:n2819,type_0,type_2,rel_10,0,0,0,0,train:g484,0,16521.0
300.0,streamspot:g484:n8496,streamspot:g484:n2913,type_0,type_2,rel_10,0,0,0,0,train:g484,0,16634.0
301.0,streamspot:g472:n0,streamspot:g472:n73,type_0,type_2,rel_10,0,0,0,0,train:g472,0,72.0
302.0,streamspot:g472:n0,streamspot:g472:n249,type_0,type_2,rel_16,0,0,0,0,train:g472,0,248.0
303.0,streamspot:g472:n0,streamspot:g472:n271,type_0,type_2,rel_10,0,0,0,0,train:g472,0,270.0
304.0,streamspot:g472:n0,streamspot:g472:n467,type_0,type_2,rel_10,0,0,0,0,train:g472,0,466.0
305.0,streamspot:g472:n0,streamspot:g472:n566,type_0,type_2,rel_10,0,0,0,0,train:g472,0,565.0
306.0,streamspot:g472:n0,streamspot:g472:n619,type_0,type_2,rel_10,0,0,0,0,train:g472,0,618.0
307.0,streamspot:g472:n0,streamspot:g472:n654,type_0,type_2,rel_10,0,0,0,0,train:g472,0,653.0
308.0,streamspot:g472:n0,streamspot:g472:n874,type_0,type_2,rel_10,0,0,0,0,train:g472,0,873.0
309.0,streamspot:g472:n0,streamspot:g472:n1178,type_0,type_2,rel_16,0,0,0,0,train:g472,0,1177.0
310.0,streamspot:g472:n0,streamspot:g472:n1316,type_0,type_2,rel_10,0,0,0,0,train:g472,0,1315.0
311.0,streamspot:g472:n0,streamspot:g472:n1331,type_0,type_2,rel_10,0,0,0,0,train:g472,0,1330.0
312.0,streamspot:g472:n0,streamspot:g472:n1379,type_0,type_2,rel_10,0,0,0,0,train:g472,0,1378.0
313.0,streamspot:g472:n0,streamspot:g472:n1517,type_0,type_2,rel_10,0,0,0,0,train:g472,0,1516.0
314.0,streamspot:g472:n0,streamspot:g472:n1598,type_0,type_2,rel_10,0,0,0,0,train:g472,0,1597.0
315.0,streamspot:g472:n0,streamspot:g472:n1639,type_0,type_2,rel_10,0,0,0,0,train:g472,0,1638.0
316.0,streamspot:g472:n0,streamspot:g472:n1759,type_0,type_2,rel_10,0,0,0,0,train:g472,0,1758.0
317.0,streamspot:g472:n0,streamspot:g472:n1957,type_0,type_2,rel_16,0,0,0,0,train:g472,0,1956.0
318.0,streamspot:g472:n0,streamspot:g472:n2050,type_0,type_2,rel_16,0,0,0,0,train:g472,0,2049.0
319.0,streamspot:g472:n0,streamspot:g472:n2095,type_0,type_2,rel_10,0,0,0,0,train:g472,0,2094.0
320.0,streamspot:g472:n0,streamspot:g472:n2116,type_0,type_2,rel_16,0,0,0,0,train:g472,0,2115.0
321.0,streamspot:g472:n0,streamspot:g472:n2208,type_0,type_2,rel_10,0,0,0,0,train:g472,0,2194.0
322.0,streamspot:g472:n0,streamspot:g472:n8447,type_0,type_2,rel_18,0,0,0,0,train:g472,0,2325.0
323.0,streamspot:g472:n2283,streamspot:g472:n2384,type_0,type_2,rel_10,0,0,0,0,train:g472,0,2534.0
324.0,streamspot:g472:n2283,streamspot:g472:n2486,type_0,type_2,rel_10,0,0,0,0,train:g472,0,2639.0
325.0,streamspot:g472:n2283,streamspot:g472:n2537,type_0,type_2,rel_10,0,0,0,0,train:g472,0,2690.0
326.0,streamspot:g472:n2283,streamspot:g472:n2599,type_0,type_2,rel_10,0,0,0,0,train:g472,0,2752.0
327.0,streamspot:g472:n2283,streamspot:g472:n2720,type_0,type_2,rel_10,0,0,0,0,train:g472,0,2873.0
328.0,streamspot:g472:n2283,streamspot:g472:n2739,type_0,type_2,rel_10,0,0,0,0,train:g472,0,2892.0
329.0,streamspot:g472:n2283,streamspot:g472:n2754,type_0,type_2,rel_10,0,0,0,0,train:g472,0,2907.0
330.0,streamspot:g472:n2283,streamspot:g472:n3182,type_0,type_2,rel_10,0,0,0,0,train:g472,0,3337.0
331.0,streamspot:g472:n2283,streamspot:g472:n3426,type_0,type_2,rel_10,0,0,0,0,train:g472,0,3520.0
332.0,streamspot:g472:n2283,streamspot:g472:n3551,type_0,type_2,rel_10,0,0,0,0,train:g472,0,3568.0
333.0,streamspot:g472:n2283,streamspot:g472:n4116,type_0,type_2,rel_16,0,0,0,0,train:g472,0,3984.0
334.0,streamspot:g472:n2283,streamspot:g472:n4201,type_0,type_2,rel_1,0,0,0,0,train:g472,0,4070.0
335.0,streamspot:g472:n2283,streamspot:g472:n4359,type_0,type_2,rel_10,0,0,0,0,train:g472,0,4228.0
336.0,streamspot:g472:n2283,streamspot:g472:n4591,type_0,type_2,rel_16,0,0,0,0,train:g472,0,4490.0
337.0,streamspot:g472:n2283,streamspot:g472:n4614,type_0,type_2,rel_10,0,0,0,0,train:g472,0,4513.0
338.0,streamspot:g472:n2283,streamspot:g472:n4627,type_0,type_2,rel_10,0,0,0,0,train:g472,0,4526.0
339.0,streamspot:g472:n2283,streamspot:g472:n4789,type_0,type_2,rel_10,0,0,0,0,train:g472,0,4631.0
340.0,streamspot:g472:n2283,streamspot:g472:n4823,type_0,type_2,rel_10,0,0,0,0,train:g472,0,4665.0
341.0,streamspot:g472:n2283,streamspot:g472:n6112,type_0,type_2,rel_10,0,0,0,0,train:g472,0,4882.0
342.0,streamspot:g472:n2283,streamspot:g472:n6117,type_0,type_2,rel_10,0,0,0,0,train:g472,0,4887.0
343.0,streamspot:g472:n2283,streamspot:g472:n6180,type_0,type_2,rel_10,0,0,0,0,train:g472,0,4950.0
344.0,streamspot:g472:n2283,streamspot:g472:n6222,type_0,type_2,rel_10,0,0,0,0,train:g472,0,4992.0
345.0,streamspot:g472:n2283,streamspot:g472:n6240,type_0,type_2,rel_10,0,0,0,0,train:g472,0,5010.0
346.0,streamspot:g472:n2283,streamspot:g472:n6351,type_0,type_2,rel_10,0,0,0,0,train:g472,0,5121.0
347.0,streamspot:g472:n2283,streamspot:g472:n6580,type_0,type_2,rel_10,0,0,0,0,train:g472,0,5350.0
348.0,streamspot:g472:n2283,streamspot:g472:n6678,type_0,type_2,rel_10,0,0,0,0,train:g472,0,5447.0
349.0,streamspot:g472:n2283,streamspot:g472:n8307,type_0,type_2,rel_16,0,0,0,0,train:g472,0,5629.0
350.0,streamspot:g472:n2283,streamspot:g472:n8387,type_0,type_2,rel_16,0,0,0,0,train:g472,0,5686.0
351.0,streamspot:g472:n3347,streamspot:g472:n3413,type_0,type_2,rel_10,0,0,0,0,train:g472,0,5881.0
352.0,streamspot:g472:n3347,streamspot:g472:n3449,type_0,type_2,rel_10,0,0,0,0,train:g472,0,5905.0
353.0,streamspot:g472:n3639,streamspot:g472:n3727,type_0,type_2,rel_10,0,0,0,0,train:g472,0,6177.0
354.0,streamspot:g472:n3639,streamspot:g472:n2328,type_0,type_2,rel_16,0,0,0,0,train:g472,0,6184.0
355.0,streamspot:g472:n3639,streamspot:g472:n2842,type_0,type_2,rel_10,0,0,0,0,train:g472,0,6217.0
356.0,streamspot:g472:n4536,streamspot:g472:n4703,type_1,type_2,rel_10,0,0,0,0,train:g472,0,6629.0
357.0,streamspot:g472:n4547,streamspot:g472:n4697,type_1,type_2,rel_10,0,0,0,0,train:g472,0,6680.0
358.0,streamspot:g472:n4840,streamspot:g472:n5089,type_0,type_4,rel_5,0,0,0,0,train:g472,0,7064.0
359.0,streamspot:g472:n4840,streamspot:g472:n5090,type_0,type_4,rel_5,0,0,0,0,train:g472,0,7065.0
360.0,streamspot:g472:n4840,streamspot:g472:n5148,type_0,type_4,rel_5,0,0,0,0,train:g472,0,7123.0
361.0,streamspot:g472:n4840,streamspot:g472:n5421,type_0,type_4,rel_5,0,0,0,0,train:g472,0,7396.0
362.0,streamspot:g472:n4840,streamspot:g472:n5458,type_0,type_4,rel_5,0,0,0,0,train:g472,0,7433.0
363.0,streamspot:g472:n4840,streamspot:g472:n5568,type_0,type_4,rel_5,0,0,0,0,train:g472,0,7543.0
364.0,streamspot:g472:n4840,streamspot:g472:n5813,type_0,type_4,rel_5,0,0,0,0,train:g472,0,7788.0
365.0,streamspot:g472:n4840,streamspot:g472:n5835,type_0,type_4,rel_5,0,0,0,0,train:g472,0,7810.0
366.0,streamspot:g472:n4840,streamspot:g472:n5838,type_0,type_4,rel_5,0,0,0,0,train:g472,0,7813.0
367.0,streamspot:g472:n4840,streamspot:g472:n5851,type_0,type_4,rel_5,0,0,0,0,train:g472,0,7826.0
368.0,streamspot:g472:n4840,streamspot:g472:n3300,type_0,type_2,rel_10,0,0,0,0,train:g472,0,8021.0
369.0,streamspot:g472:n5905,streamspot:g472:n8034,type_1,type_2,rel_1,0,0,0,0,train:g472,0,8260.0
370.0,streamspot:g472:n5966,streamspot:g472:n8063,type_1,type_4,rel_2,0,0,0,0,train:g472,0,8531.0
371.0,streamspot:g472:n5966,streamspot:g472:n5991,type_1,type_2,rel_2,0,0,0,0,train:g472,0,8543.0
372.0,streamspot:g472:n6756,streamspot:g472:n6782,type_0,type_4,rel_5,0,0,0,0,train:g472,0,8616.0
373.0,streamspot:g472:n6756,streamspot:g472:n2464,type_0,type_2,rel_10,0,0,0,0,train:g472,0,8924.0
374.0,streamspot:g472:n6756,streamspot:g472:n2480,type_0,type_2,rel_10,0,0,0,0,train:g472,0,8938.0
375.0,streamspot:g472:n6756,streamspot:g472:n2491,type_0,type_2,rel_10,0,0,0,0,train:g472,0,8945.0
376.0,streamspot:g472:n6756,streamspot:g472:n6920,type_0,type_2,rel_10,0,0,0,0,train:g472,0,9000.0
377.0,streamspot:g472:n6756,streamspot:g472:n2585,type_0,type_2,rel_10,0,0,0,0,train:g472,0,9065.0
378.0,streamspot:g472:n6756,streamspot:g472:n2593,type_0,type_2,rel_10,0,0,0,0,train:g472,0,9073.0
379.0,streamspot:g472:n6756,streamspot:g472:n2666,type_0,type_2,rel_10,0,0,0,0,train:g472,0,9150.0
380.0,streamspot:g472:n6756,streamspot:g472:n2855,type_0,type_2,rel_10,0,0,0,0,train:g472,0,9349.0
381.0,streamspot:g472:n6756,streamspot:g472:n3082,type_0,type_2,rel_10,0,0,0,0,train:g472,0,9590.0
382.0,streamspot:g472:n6756,streamspot:g472:n3137,type_0,type_2,rel_10,0,0,0,0,train:g472,0,9648.0
383.0,streamspot:g472:n6756,streamspot:g472:n6956,type_0,type_2,rel_10,0,0,0,0,train:g472,0,9720.0
384.0,streamspot:g472:n6756,streamspot:g472:n3732,type_0,type_2,rel_16,0,0,0,0,train:g472,0,10325.0
385.0,streamspot:g472:n6756,streamspot:g472:n3737,type_0,type_2,rel_16,0,0,0,0,train:g472,0,10329.0
386.0,streamspot:g472:n6756,streamspot:g472:n6095,type_0,type_2,rel_10,0,0,0,0,train:g472,0,10449.0
387.0,streamspot:g472:n6756,streamspot:g472:n6268,type_0,type_2,rel_10,0,0,0,0,train:g472,0,10671.0
388.0,streamspot:g472:n6756,streamspot:g472:n6508,type_0,type_2,rel_10,0,0,0,0,train:g472,0,10924.0
389.0,streamspot:g472:n6756,streamspot:g472:n6589,type_0,type_2,rel_10,0,0,0,0,train:g472,0,11009.0
390.0,streamspot:g472:n6756,streamspot:g472:n4279,type_0,type_2,rel_16,0,0,0,0,train:g472,0,11154.0
391.0,streamspot:g472:n6972,streamspot:g472:n2832,type_0,type_2,rel_10,0,0,0,0,train:g472,0,11419.0
392.0,streamspot:g472:n6972,streamspot:g472:n3589,type_0,type_2,rel_10,0,0,0,0,train:g472,0,11620.0
393.0,streamspot:g472:n6989,streamspot:g472:n7017,type_0,type_2,rel_16,0,0,0,0,train:g472,0,11774.0
394.0,streamspot:g472:n7014,streamspot:g472:n2301,type_0,type_2,rel_16,0,0,0,0,train:g472,0,11832.0
395.0,streamspot:g472:n7014,streamspot:g472:n7576,type_0,type_2,rel_10,0,0,0,0,train:g472,0,12411.0
396.0,streamspot:g472:n7014,streamspot:g472:n7775,type_0,type_2,rel_10,0,0,0,0,train:g472,0,12611.0
397.0,streamspot:g472:n7024,streamspot:g472:n2346,type_0,type_2,rel_16,0,0,0,0,train:g472,0,12753.0
398.0,streamspot:g472:n8330,streamspot:g472:n3602,type_0,type_2,rel_10,0,0,0,0,train:g472,0,13223.0
399.0,streamspot:g472:n8330,streamspot:g472:n8183,type_0,type_2,rel_10,0,0,0,0,train:g472,0,13234.0
400.0,streamspot:g472:n8423,streamspot:g472:n8447,type_1,type_2,rel_10,0,0,0,0,train:g472,0,13458.0
401.0,streamspot:g250:n0,streamspot:g250:n199,type_0,type_2,rel_16,0,0,0,0,train:g250,0,198.0
402.0,streamspot:g250:n0,streamspot:g250:n279,type_0,type_2,rel_16,0,0,0,0,train:g250,0,278.0
403.0,streamspot:g250:n0,streamspot:g250:n316,type_0,type_2,rel_16,0,0,0,0,train:g250,0,315.0
404.0,streamspot:g250:n0,streamspot:g250:n834,type_0,type_2,rel_10,0,0,0,0,train:g250,0,833.0
405.0,streamspot:g250:n0,streamspot:g250:n933,type_0,type_2,rel_10,0,0,0,0,train:g250,0,932.0
406.0,streamspot:g250:n0,streamspot:g250:n947,type_0,type_2,rel_10,0,0,0,0,train:g250,0,946.0
407.0,streamspot:g250:n0,streamspot:g250:n1033,type_0,type_2,rel_10,0,0,0,0,train:g250,0,1032.0
408.0,streamspot:g250:n0,streamspot:g250:n1436,type_0,type_2,rel_10,0,0,0,0,train:g250,0,1435.0
409.0,streamspot:g250:n0,streamspot:g250:n1493,type_0,type_2,rel_10,0,0,0,0,train:g250,0,1492.0
410.0,streamspot:g250:n0,streamspot:g250:n1522,type_0,type_2,rel_10,0,0,0,0,train:g250,0,1521.0
411.0,streamspot:g250:n0,streamspot:g250:n1616,type_0,type_2,rel_16,0,0,0,0,train:g250,0,1615.0
412.0,streamspot:g250:n0,streamspot:g250:n1780,type_0,type_2,rel_10,0,0,0,0,train:g250,0,1779.0
413.0,streamspot:g250:n0,streamspot:g250:n8250,type_0,type_2,rel_18,0,0,0,0,train:g250,0,2278.0
414.0,streamspot:g250:n2283,streamspot:g250:n2286,type_0,type_2,rel_10,0,0,0,0,train:g250,0,2372.0
415.0,streamspot:g250:n2283,streamspot:g250:n2496,type_0,type_2,rel_10,0,0,0,0,train:g250,0,2590.0
416.0,streamspot:g250:n2283,streamspot:g250:n2727,type_0,type_2,rel_10,0,0,0,0,train:g250,0,2821.0
417.0,streamspot:g250:n2283,streamspot:g250:n2948,type_0,type_2,rel_10,0,0,0,0,train:g250,0,3042.0
418.0,streamspot:g250:n2283,streamspot:g250:n3195,type_0,type_2,rel_10,0,0,0,0,train:g250,0,3291.0
419.0,streamspot:g250:n2283,streamspot:g250:n3253,type_0,type_2,rel_10,0,0,0,0,train:g250,0,3349.0
420.0,streamspot:g250:n2283,streamspot:g250:n3262,type_0,type_2,rel_10,0,0,0,0,train:g250,0,3358.0
421.0,streamspot:g250:n2283,streamspot:g250:n3409,type_0,type_2,rel_10,0,0,0,0,train:g250,0,3462.0
422.0,streamspot:g250:n2283,streamspot:g250:n3411,type_0,type_2,rel_10,0,0,0,0,train:g250,0,3464.0
423.0,streamspot:g250:n2283,streamspot:g250:n4109,type_0,type_2,rel_10,0,0,0,0,train:g250,0,3918.0
424.0,streamspot:g250:n2283,streamspot:g250:n4226,type_0,type_2,rel_1,0,0,0,0,train:g250,0,4037.0
425.0,streamspot:g250:n2283,streamspot:g250:n4236,type_0,type_2,rel_16,0,0,0,0,train:g250,0,4047.0
426.0,streamspot:g250:n2283,streamspot:g250:n4259,type_0,type_2,rel_10,0,0,0,0,train:g250,0,4070.0
427.0,streamspot:g250:n2283,streamspot:g250:n4281,type_0,type_2,rel_10,0,0,0,0,train:g250,0,4092.0
428.0,streamspot:g250:n2283,streamspot:g250:n4296,type_0,type_2,rel_1,0,0,0,0,train:g250,0,4107.0
429.0,streamspot:g250:n2283,streamspot:g250:n4583,type_0,type_2,rel_16,0,0,0,0,train:g250,0,4424.0
430.0,streamspot:g250:n2283,streamspot:g250:n4784,type_0,type_2,rel_10,0,0,0,0,train:g250,0,4569.0
431.0,streamspot:g250:n2283,streamspot:g250:n4692,type_0,type_2,rel_10,0,0,0,0,train:g250,0,4628.0
432.0,streamspot:g250:n2283,streamspot:g250:n5862,type_0,type_2,rel_10,0,0,0,0,train:g250,0,4668.0
433.0,streamspot:g250:n2283,streamspot:g250:n5993,type_0,type_2,rel_10,0,0,0,0,train:g250,0,4726.0
434.0,streamspot:g250:n2283,streamspot:g250:n6049,type_0,type_2,rel_10,0,0,0,0,train:g250,0,4782.0
435.0,streamspot:g250:n2283,streamspot:g250:n6081,type_0,type_2,rel_10,0,0,0,0,train:g250,0,4814.0
436.0,streamspot:g250:n2283,streamspot:g250:n6188,type_0,type_2,rel_10,0,0,0,0,train:g250,0,4921.0
437.0,streamspot:g250:n2283,streamspot:g250:n6318,type_0,type_2,rel_10,0,0,0,0,train:g250,0,5051.0
438.0,streamspot:g250:n2283,streamspot:g250:n6409,type_0,type_2,rel_10,0,0,0,0,train:g250,0,5142.0
439.0,streamspot:g250:n2283,streamspot:g250:n6426,type_0,type_2,rel_10,0,0,0,0,train:g250,0,5159.0
440.0,streamspot:g250:n2283,streamspot:g250:n6470,type_0,type_2,rel_10,0,0,0,0,train:g250,0,5203.0
441.0,streamspot:g250:n2283,streamspot:g250:n6499,type_0,type_2,rel_10,0,0,0,0,train:g250,0,5232.0
442.0,streamspot:g250:n2283,streamspot:g250:n6518,type_0,type_2,rel_10,0,0,0,0,train:g250,0,5251.0
443.0,streamspot:g250:n2283,streamspot:g250:n6562,type_0,type_2,rel_10,0,0,0,0,train:g250,0,5295.0
444.0,streamspot:g250:n2283,streamspot:g250:n6704,type_0,type_2,rel_10,0,0,0,0,train:g250,0,5437.0
445.0,streamspot:g250:n2283,streamspot:g250:n6779,type_0,type_2,rel_16,0,0,0,0,train:g250,0,5512.0
446.0,streamspot:g250:n2283,streamspot:g250:n6828,type_0,type_2,rel_16,0,0,0,0,train:g250,0,5561.0
447.0,streamspot:g250:n2283,streamspot:g250:n3746,type_0,type_2,rel_10,0,0,0,0,train:g250,0,5797.0
448.0,streamspot:g250:n2283,streamspot:g250:n3753,type_0,type_2,rel_10,0,0,0,0,train:g250,0,5800.0
449.0,streamspot:g250:n3639,streamspot:g250:n2294,type_0,type_2,rel_10,0,0,0,0,train:g250,0,6202.0
450.0,streamspot:g250:n3639,streamspot:g250:n2320,type_0,type_2,rel_16,0,0,0,0,train:g250,0,6229.0
451.0,streamspot:g250:n3639,streamspot:g250:n2472,type_0,type_2,rel_10,0,0,0,0,train:g250,0,6311.0
452.0,streamspot:g250:n4535,streamspot:g250:n4678,type_1,type_2,rel_10,0,0,0,0,train:g250,0,6546.0
453.0,streamspot:g250:n4535,streamspot:g250:n4709,type_1,type_2,rel_10,0,0,0,0,train:g250,0,6579.0
454.0,streamspot:g250:n4546,streamspot:g250:n4692,type_1,type_2,rel_10,0,0,0,0,train:g250,0,6619.0
455.0,streamspot:g250:n4661,streamspot:g250:n5873,type_1,type_2,rel_16,0,0,0,0,train:g250,0,6717.0
456.0,streamspot:g250:n4837,streamspot:g250:n5146,type_0,type_4,rel_5,0,0,0,0,train:g250,0,7061.0
457.0,streamspot:g250:n4837,streamspot:g250:n5195,type_0,type_4,rel_5,0,0,0,0,train:g250,0,7110.0
458.0,streamspot:g250:n4837,streamspot:g250:n5250,type_0,type_4,rel_5,0,0,0,0,train:g250,0,7165.0
459.0,streamspot:g250:n4837,streamspot:g250:n5253,type_0,type_4,rel_5,0,0,0,0,train:g250,0,7168.0
460.0,streamspot:g250:n4837,streamspot:g250:n5337,type_0,type_4,rel_5,0,0,0,0,train:g250,0,7252.0
461.0,streamspot:g250:n4837,streamspot:g250:n5367,type_0,type_4,rel_5,0,0,0,0,train:g250,0,7282.0
462.0,streamspot:g250:n4837,streamspot:g250:n5668,type_0,type_4,rel_5,0,0,0,0,train:g250,0,7583.0
463.0,streamspot:g250:n4837,streamspot:g250:n5852,type_0,type_4,rel_5,0,0,0,0,train:g250,0,7767.0
464.0,streamspot:g250:n4837,streamspot:g250:n3665,type_0,type_2,rel_10,0,0,0,0,train:g250,0,7814.0
465.0,streamspot:g250:n4837,streamspot:g250:n2356,type_0,type_2,rel_10,0,0,0,0,train:g250,0,7874.0
466.0,streamspot:g250:n4837,streamspot:g250:n3572,type_0,type_2,rel_10,0,0,0,0,train:g250,0,8022.0
467.0,streamspot:g250:n5902,streamspot:g250:n8382,type_1,type_2,rel_10,0,0,0,0,train:g250,0,8183.0
468.0,streamspot:g250:n6837,streamspot:g250:n6857,type_0,type_2,rel_10,0,0,0,0,train:g250,0,8318.0
469.0,streamspot:g250:n6954,streamspot:g250:n2519,type_0,type_2,rel_10,0,0,0,0,train:g250,0,9220.0
470.0,streamspot:g250:n6954,streamspot:g250:n2388,type_0,type_2,rel_10,0,0,0,0,train:g250,0,9232.0
471.0,streamspot:g250:n6954,streamspot:g250:n2565,type_0,type_2,rel_10,0,0,0,0,train:g250,0,9289.0
472.0,streamspot:g250:n6954,streamspot:g250:n2594,type_0,type_2,rel_10,0,0,0,0,train:g250,0,9319.0
473.0,streamspot:g250:n6954,streamspot:g250:n2596,type_0,type_2,rel_10,0,0,0,0,train:g250,0,9321.0
474.0,streamspot:g250:n6954,streamspot:g250:n3054,type_0,type_2,rel_10,0,0,0,0,train:g250,0,9806.0
475.0,streamspot:g250:n6954,streamspot:g250:n3569,type_0,type_2,rel_10,0,0,0,0,train:g250,0,10199.0
476.0,streamspot:g250:n6954,streamspot:g250:n3789,type_0,type_2,rel_1,0,0,0,0,train:g250,0,10281.0
477.0,streamspot:g250:n6954,streamspot:g250:n3923,type_0,type_2,rel_10,0,0,0,0,train:g250,0,10375.0
478.0,streamspot:g250:n6954,streamspot:g250:n3964,type_0,type_2,rel_10,0,0,0,0,train:g250,0,10418.0
479.0,streamspot:g250:n6954,streamspot:g250:n8022,type_0,type_2,rel_10,0,0,0,0,train:g250,0,10575.0
480.0,streamspot:g250:n6954,streamspot:g250:n4116,type_0,type_2,rel_16,0,0,0,0,train:g250,0,10628.0
481.0,streamspot:g250:n6954,streamspot:g250:n6483,type_0,type_2,rel_10,0,0,0,0,train:g250,0,11170.0
482.0,streamspot:g250:n6954,streamspot:g250:n6508,type_0,type_2,rel_10,0,0,0,0,train:g250,0,11196.0
483.0,streamspot:g250:n6954,streamspot:g250:n4412,type_0,type_2,rel_16,0,0,0,0,train:g250,0,11278.0
484.0,streamspot:g250:n6954,streamspot:g250:n4221,type_0,type_2,rel_1,0,0,0,0,train:g250,0,11440.0
485.0,streamspot:g250:n6954,streamspot:g250:n4248,type_0,type_2,rel_16,0,0,0,0,train:g250,0,11467.0
486.0,streamspot:g250:n6954,streamspot:g250:n8447,type_0,type_2,rel_10,0,0,0,0,train:g250,0,11592.0
487.0,streamspot:g250:n6954,streamspot:g250:n8507,type_0,type_2,rel_10,0,0,0,0,train:g250,0,11652.0
488.0,streamspot:g250:n7121,streamspot:g250:n3552,type_0,type_2,rel_10,0,0,0,0,train:g250,0,12049.0
489.0,streamspot:g250:n7121,streamspot:g250:n3558,type_0,type_2,rel_10,0,0,0,0,train:g250,0,12055.0
490.0,streamspot:g250:n7138,streamspot:g250:n2311,type_0,type_2,rel_16,0,0,0,0,train:g250,0,12175.0
491.0,streamspot:g250:n7138,streamspot:g250:n2318,type_0,type_2,rel_16,0,0,0,0,train:g250,0,12184.0
492.0,streamspot:g250:n7163,streamspot:g250:n7031,type_0,type_2,rel_16,0,0,0,0,train:g250,0,12256.0
493.0,streamspot:g250:n7163,streamspot:g250:n7056,type_0,type_2,rel_10,0,0,0,0,train:g250,0,12281.0
494.0,streamspot:g250:n7163,streamspot:g250:n7316,type_0,type_2,rel_16,0,0,0,0,train:g250,0,12470.0
495.0,streamspot:g250:n7163,streamspot:g250:n7497,type_0,type_2,rel_10,0,0,0,0,train:g250,0,12651.0
496.0,streamspot:g250:n7163,streamspot:g250:n7559,type_0,type_2,rel_10,0,0,0,0,train:g250,0,12713.0
497.0,streamspot:g250:n7163,streamspot:g250:n7740,type_0,type_2,rel_16,0,0,0,0,train:g250,0,12894.0
498.0,streamspot:g250:n7163,streamspot:g250:n2123,type_0,type_2,rel_16,0,0,0,0,train:g250,0,13069.0
499.0,streamspot:g250:n7173,streamspot:g250:n7065,type_0,type_2,rel_10,0,0,0,0,train:g250,0,13242.0
500.0,streamspot:g250:n8613,streamspot:g250:n8608,type_1,type_2,rel_19,0,0,0,0,train:g250,0,13297.0
501.0,streamspot:g185:n0,streamspot:g185:n63,type_0,type_2,rel_10,0,0,0,0,train:g185,0,62.0
502.0,streamspot:g185:n0,streamspot:g185:n128,type_0,type_2,rel_10,0,0,0,0,train:g185,0,127.0
503.0,streamspot:g185:n0,streamspot:g185:n170,type_0,type_2,rel_10,0,0,0,0,train:g185,0,169.0
504.0,streamspot:g185:n0,streamspot:g185:n229,type_0,type_2,rel_16,0,0,0,0,train:g185,0,228.0
505.0,streamspot:g185:n0,streamspot:g185:n301,type_0,type_2,rel_16,0,0,0,0,train:g185,0,300.0
506.0,streamspot:g185:n0,streamspot:g185:n371,type_0,type_2,rel_10,0,0,0,0,train:g185,0,370.0
507.0,streamspot:g185:n0,streamspot:g185:n391,type_0,type_2,rel_10,0,0,0,0,train:g185,0,390.0
508.0,streamspot:g185:n0,streamspot:g185:n507,type_0,type_2,rel_10,0,0,0,0,train:g185,0,506.0
509.0,streamspot:g185:n0,streamspot:g185:n536,type_0,type_2,rel_10,0,0,0,0,train:g185,0,535.0
510.0,streamspot:g185:n0,streamspot:g185:n686,type_0,type_2,rel_10,0,0,0,0,train:g185,0,685.0
511.0,streamspot:g185:n0,streamspot:g185:n844,type_0,type_2,rel_10,0,0,0,0,train:g185,0,843.0
512.0,streamspot:g185:n0,streamspot:g185:n948,type_0,type_2,rel_10,0,0,0,0,train:g185,0,947.0
513.0,streamspot:g185:n0,streamspot:g185:n970,type_0,type_2,rel_16,0,0,0,0,train:g185,0,969.0
514.0,streamspot:g185:n0,streamspot:g185:n1050,type_0,type_2,rel_10,0,0,0,0,train:g185,0,1049.0
515.0,streamspot:g185:n0,streamspot:g185:n1068,type_0,type_2,rel_10,0,0,0,0,train:g185,0,1067.0
516.0,streamspot:g185:n0,streamspot:g185:n1076,type_0,type_2,rel_10,0,0,0,0,train:g185,0,1075.0
517.0,streamspot:g185:n0,streamspot:g185:n1117,type_0,type_2,rel_10,0,0,0,0,train:g185,0,1116.0
518.0,streamspot:g185:n0,streamspot:g185:n1339,type_0,type_2,rel_10,0,0,0,0,train:g185,0,1338.0
519.0,streamspot:g185:n0,streamspot:g185:n1355,type_0,type_2,rel_10,0,0,0,0,train:g185,0,1354.0
520.0,streamspot:g185:n0,streamspot:g185:n1464,type_0,type_2,rel_16,0,0,0,0,train:g185,0,1463.0
521.0,streamspot:g185:n0,streamspot:g185:n1498,type_0,type_2,rel_10,0,0,0,0,train:g185,0,1497.0
522.0,streamspot:g185:n0,streamspot:g185:n1583,type_0,type_2,rel_10,0,0,0,0,train:g185,0,1582.0
523.0,streamspot:g185:n0,streamspot:g185:n1617,type_0,type_2,rel_10,0,0,0,0,train:g185,0,1616.0
524.0,streamspot:g185:n0,streamspot:g185:n1641,type_0,type_2,rel_16,0,0,0,0,train:g185,0,1640.0
525.0,streamspot:g185:n0,streamspot:g185:n1676,type_0,type_2,rel_16,0,0,0,0,train:g185,0,1675.0
526.0,streamspot:g185:n0,streamspot:g185:n1697,type_0,type_2,rel_10,0,0,0,0,train:g185,0,1696.0
527.0,streamspot:g185:n0,streamspot:g185:n1797,type_0,type_2,rel_10,0,0,0,0,train:g185,0,1796.0
528.0,streamspot:g185:n0,streamspot:g185:n1912,type_0,type_2,rel_10,0,0,0,0,train:g185,0,1911.0
529.0,streamspot:g185:n0,streamspot:g185:n2009,type_0,type_2,rel_10,0,0,0,0,train:g185,0,2008.0
530.0,streamspot:g185:n0,streamspot:g185:n2036,type_0,type_2,rel_10,0,0,0,0,train:g185,0,2035.0
531.0,streamspot:g185:n0,streamspot:g185:n2218,type_0,type_2,rel_10,0,0,0,0,train:g185,0,2204.0
532.0,streamspot:g185:n2283,streamspot:g185:n7,type_0,type_2,rel_10,0,0,0,0,train:g185,0,2381.0
533.0,streamspot:g185:n2283,streamspot:g185:n2398,type_0,type_2,rel_10,0,0,0,0,train:g185,0,2418.0
534.0,streamspot:g185:n2283,streamspot:g185:n2512,type_0,type_2,rel_10,0,0,0,0,train:g185,0,2535.0
535.0,streamspot:g185:n2283,streamspot:g185:n2799,type_0,type_2,rel_10,0,0,0,0,train:g185,0,2822.0
536.0,streamspot:g185:n2283,streamspot:g185:n2829,type_0,type_2,rel_10,0,0,0,0,train:g185,0,2852.0
537.0,streamspot:g185:n2283,streamspot:g185:n2845,type_0,type_2,rel_10,0,0,0,0,train:g185,0,2868.0
538.0,streamspot:g185:n2283,streamspot:g185:n3062,type_0,type_2,rel_10,0,0,0,0,train:g185,0,3087.0
539.0,streamspot:g185:n2283,streamspot:g185:n3066,type_0,type_2,rel_10,0,0,0,0,train:g185,0,3091.0
540.0,streamspot:g185:n2283,streamspot:g185:n3181,type_0,type_2,rel_10,0,0,0,0,train:g185,0,3206.0
541.0,streamspot:g185:n2283,streamspot:g185:n3214,type_0,type_2,rel_10,0,0,0,0,train:g185,0,3239.0
542.0,streamspot:g185:n2283,streamspot:g185:n3283,type_0,type_2,rel_10,0,0,0,0,train:g185,0,3308.0
543.0,streamspot:g185:n2283,streamspot:g185:n3303,type_0,type_2,rel_10,0,0,0,0,train:g185,0,3328.0
544.0,streamspot:g185:n2283,streamspot:g185:n3534,type_0,type_2,rel_10,0,0,0,0,train:g185,0,3421.0
545.0,streamspot:g185:n2283,streamspot:g185:n3801,type_0,type_2,rel_16,0,0,0,0,train:g185,0,3746.0
546.0,streamspot:g185:n2283,streamspot:g185:n4144,type_0,type_2,rel_16,0,0,0,0,train:g185,0,3883.0
547.0,streamspot:g185:n2283,streamspot:g185:n4197,type_0,type_2,rel_1,0,0,0,0,train:g185,0,3936.0
548.0,streamspot:g185:n2283,streamspot:g185:n4204,type_0,type_2,rel_1,0,0,0,0,train:g185,0,3943.0
549.0,streamspot:g185:n2283,streamspot:g185:n4234,type_0,type_2,rel_16,0,0,0,0,train:g185,0,3973.0
550.0,streamspot:g185:n2283,streamspot:g185:n4329,type_0,type_2,rel_16,0,0,0,0,train:g185,0,4068.0
551.0,streamspot:g185:n2283,streamspot:g185:n4373,type_0,type_2,rel_10,0,0,0,0,train:g185,0,4112.0
552.0,streamspot:g185:n2283,streamspot:g185:n2276,type_0,type_2,rel_16,0,0,0,0,train:g185,0,4156.0
553.0,streamspot:g185:n2283,streamspot:g185:n4447,type_0,type_2,rel_16,0,0,0,0,train:g185,0,4216.0
554.0,streamspot:g185:n2283,streamspot:g185:n4464,type_0,type_2,rel_16,0,0,0,0,train:g185,0,4233.0
555.0,streamspot:g185:n2283,streamspot:g185:n4522,type_0,type_2,rel_10,0,0,0,0,train:g185,0,4291.0
556.0,streamspot:g185:n2283,streamspot:g185:n4573,type_0,type_2,rel_16,0,0,0,0,train:g185,0,4342.0
557.0,streamspot:g185:n2283,streamspot:g185:n4583,type_0,type_2,rel_16,0,0,0,0,train:g185,0,4352.0
558.0,streamspot:g185:n2283,streamspot:g185:n4596,type_0,type_2,rel_16,0,0,0,0,train:g185,0,4365.0
559.0,streamspot:g185:n2283,streamspot:g185:n4666,type_0,type_1,rel_4,0,0,0,0,train:g185,0,4429.0
560.0,streamspot:g185:n2283,streamspot:g185:n4808,type_0,type_2,rel_10,0,0,0,0,train:g185,0,4521.0
561.0,streamspot:g185:n2283,streamspot:g185:n5864,type_0,type_2,rel_1,0,0,0,0,train:g185,0,4598.0
562.0,streamspot:g185:n2283,streamspot:g185:n5978,type_0,type_2,rel_10,0,0,0,0,train:g185,0,4650.0
563.0,streamspot:g185:n2283,streamspot:g185:n6008,type_0,type_2,rel_16,0,0,0,0,train:g185,0,4664.0
564.0,streamspot:g185:n2283,streamspot:g185:n6421,type_0,type_2,rel_10,0,0,0,0,train:g185,0,5077.0
565.0,streamspot:g185:n2283,streamspot:g185:n6519,type_0,type_2,rel_10,0,0,0,0,train:g185,0,5175.0
566.0,streamspot:g185:n2283,streamspot:g185:n6520,type_0,type_2,rel_10,0,0,0,0,train:g185,0,5176.0
567.0,streamspot:g185:n2283,streamspot:g185:n6554,type_0,type_2,rel_10,0,0,0,0,train:g185,0,5210.0
568.0,streamspot:g185:n2283,streamspot:g185:n6664,type_0,type_2,rel_10,0,0,0,0,train:g185,0,5320.0
569.0,streamspot:g185:n2283,streamspot:g185:n6668,type_0,type_2,rel_10,0,0,0,0,train:g185,0,5324.0
570.0,streamspot:g185:n2283,streamspot:g185:n6672,type_0,type_2,rel_10,0,0,0,0,train:g185,0,5328.0
571.0,streamspot:g185:n3347,streamspot:g185:n3457,type_0,type_2,rel_10,0,0,0,0,train:g185,0,5417.0
572.0,streamspot:g185:n3347,streamspot:g185:n3514,type_0,type_2,rel_10,0,0,0,0,train:g185,0,5469.0
573.0,streamspot:g185:n3347,streamspot:g185:n3695,type_0,type_2,rel_10,0,0,0,0,train:g185,0,5505.0
574.0,streamspot:g185:n3347,streamspot:g185:n3762,type_0,type_2,rel_10,0,0,0,0,train:g185,0,5563.0
575.0,streamspot:g185:n3639,streamspot:g185:n2311,type_0,type_2,rel_16,0,0,0,0,train:g185,0,5678.0
576.0,streamspot:g185:n3639,streamspot:g185:n2354,type_0,type_2,rel_10,0,0,0,0,train:g185,0,5743.0
577.0,streamspot:g185:n3639,streamspot:g185:n2458,type_0,type_2,rel_10,0,0,0,0,train:g185,0,5756.0
578.0,streamspot:g185:n3639,streamspot:g185:n3564,type_0,type_2,rel_10,0,0,0,0,train:g185,0,5885.0
579.0,streamspot:g185:n4547,streamspot:g185:n4681,type_1,type_2,rel_10,0,0,0,0,train:g185,0,6041.0
580.0,streamspot:g185:n4662,streamspot:g185:n4675,type_1,type_2,rel_10,0,0,0,0,train:g185,0,6096.0
581.0,streamspot:g185:n4662,streamspot:g185:n4698,type_1,type_2,rel_10,0,0,0,0,train:g185,0,6121.0
582.0,streamspot:g185:n4662,streamspot:g185:n5870,type_1,type_2,rel_16,0,0,0,0,train:g185,0,6150.0
583.0,streamspot:g185:n4837,streamspot:g185:n5296,type_0,type_4,rel_5,0,0,0,0,train:g185,0,6644.0
584.0,streamspot:g185:n4837,streamspot:g185:n5392,type_0,type_4,rel_5,0,0,0,0,train:g185,0,6740.0
585.0,streamspot:g185:n4837,streamspot:g185:n5595,type_0,type_4,rel_5,0,0,0,0,train:g185,0,6943.0
586.0,streamspot:g185:n4837,streamspot:g185:n5656,type_0,type_4,rel_5,0,0,0,0,train:g185,0,7004.0
587.0,streamspot:g185:n4837,streamspot:g185:n5717,type_0,type_4,rel_5,0,0,0,0,train:g185,0,7065.0
588.0,streamspot:g185:n4837,streamspot:g185:n5843,type_0,type_4,rel_5,0,0,0,0,train:g185,0,7191.0
589.0,streamspot:g185:n4837,streamspot:g185:n2299,type_0,type_2,rel_16,0,0,0,0,train:g185,0,7228.0
590.0,streamspot:g185:n4837,streamspot:g185:n2353,type_0,type_2,rel_10,0,0,0,0,train:g185,0,7304.0
591.0,streamspot:g185:n4837,streamspot:g185:n3553,type_0,type_2,rel_10,0,0,0,0,train:g185,0,7436.0
592.0,streamspot:g185:n4837,streamspot:g185:n3557,type_0,type_2,rel_10,0,0,0,0,train:g185,0,7440.0
593.0,streamspot:g185:n4837,streamspot:g185:n3578,type_0,type_2,rel_10,0,0,0,0,train:g185,0,7461.0
594.0,streamspot:g185:n4837,streamspot:g185:n3582,type_0,type_2,rel_10,0,0,0,0,train:g185,0,7465.0
595.0,streamspot:g185:n4837,streamspot:g185:n3600,type_0,type_2,rel_10,0,0,0,0,train:g185,0,7483.0
596.0,streamspot:g185:n5885,streamspot:g185:n5891,type_1,type_2,rel_1,0,0,0,0,train:g185,0,7496.0
597.0,streamspot:g185:n5902,streamspot:g185:n6693,type_1,type_2,rel_10,0,0,0,0,train:g185,0,7597.0
598.0,streamspot:g185:n5963,streamspot:g185:n4540,type_1,type_2,rel_11,0,0,0,0,train:g185,0,7647.0
599.0,streamspot:g185:n5988,streamspot:g185:n4228,type_1,type_2,rel_19,0,0,0,0,train:g185,0,7653.0
600.0,streamspot:g185:n6704,streamspot:g185:n6,type_1,type_2,rel_9,0,0,0,0,train:g185,0,7656.0
601.0,streamspot:g235:n0,streamspot:g235:n162,type_0,type_2,rel_10,0,0,0,0,train:g235,0,161.0
602.0,streamspot:g235:n0,streamspot:g235:n486,type_0,type_2,rel_10,0,0,0,0,train:g235,0,485.0
603.0,streamspot:g235:n0,streamspot:g235:n508,type_0,type_2,rel_10,0,0,0,0,train:g235,0,507.0
604.0,streamspot:g235:n0,streamspot:g235:n757,type_0,type_2,rel_10,0,0,0,0,train:g235,0,756.0
605.0,streamspot:g235:n0,streamspot:g235:n848,type_0,type_2,rel_10,0,0,0,0,train:g235,0,847.0
606.0,streamspot:g235:n0,streamspot:g235:n896,type_0,type_2,rel_10,0,0,0,0,train:g235,0,895.0
607.0,streamspot:g235:n0,streamspot:g235:n901,type_0,type_2,rel_10,0,0,0,0,train:g235,0,900.0
608.0,streamspot:g235:n0,streamspot:g235:n1034,type_0,type_2,rel_10,0,0,0,0,train:g235,0,1033.0
609.0,streamspot:g235:n0,streamspot:g235:n1035,type_0,type_2,rel_10,0,0,0,0,train:g235,0,1034.0
610.0,streamspot:g235:n0,streamspot:g235:n1215,type_0,type_2,rel_10,0,0,0,0,train:g235,0,1214.0
611.0,streamspot:g235:n0,streamspot:g235:n1548,type_0,type_2,rel_10,0,0,0,0,train:g235,0,1547.0
612.0,streamspot:g235:n0,streamspot:g235:n1572,type_0,type_2,rel_10,0,0,0,0,train:g235,0,1571.0
613.0,streamspot:g235:n0,streamspot:g235:n1661,type_0,type_2,rel_16,0,0,0,0,train:g235,0,1660.0
614.0,streamspot:g235:n0,streamspot:g235:n2021,type_0,type_2,rel_10,0,0,0,0,train:g235,0,2020.0
615.0,streamspot:g235:n0,streamspot:g235:n2046,type_0,type_2,rel_10,0,0,0,0,train:g235,0,2045.0
616.0,streamspot:g235:n0,streamspot:g235:n2152,type_0,type_2,rel_16,0,0,0,0,train:g235,0,2138.0
617.0,streamspot:g235:n2283,streamspot:g235:n2393,type_0,type_2,rel_10,0,0,0,0,train:g235,0,2475.0
618.0,streamspot:g235:n2283,streamspot:g235:n2578,type_0,type_2,rel_10,0,0,0,0,train:g235,0,2663.0
619.0,streamspot:g235:n2283,streamspot:g235:n2626,type_0,type_2,rel_10,0,0,0,0,train:g235,0,2711.0
620.0,streamspot:g235:n2283,streamspot:g235:n2653,type_0,type_2,rel_10,0,0,0,0,train:g235,0,2738.0
621.0,streamspot:g235:n2283,streamspot:g235:n2824,type_0,type_2,rel_10,0,0,0,0,train:g235,0,2909.0
622.0,streamspot:g235:n2283,streamspot:g235:n2898,type_0,type_2,rel_10,0,0,0,0,train:g235,0,2983.0
623.0,streamspot:g235:n2283,streamspot:g235:n2910,type_0,type_2,rel_10,0,0,0,0,train:g235,0,2995.0
624.0,streamspot:g235:n2283,streamspot:g235:n3345,type_0,type_2,rel_10,0,0,0,0,train:g235,0,3430.0
625.0,streamspot:g235:n2283,streamspot:g235:n4432,type_0,type_2,rel_16,0,0,0,0,train:g235,0,4264.0
626.0,streamspot:g235:n2283,streamspot:g235:n4471,type_0,type_2,rel_16,0,0,0,0,train:g235,0,4303.0
627.0,streamspot:g235:n2283,streamspot:g235:n6097,type_0,type_2,rel_10,0,0,0,0,train:g235,0,4816.0
628.0,streamspot:g235:n2283,streamspot:g235:n6260,type_0,type_2,rel_10,0,0,0,0,train:g235,0,4979.0
629.0,streamspot:g235:n2283,streamspot:g235:n6309,type_0,type_2,rel_10,0,0,0,0,train:g235,0,5028.0
630.0,streamspot:g235:n2283,streamspot:g235:n6365,type_0,type_2,rel_10,0,0,0,0,train:g235,0,5084.0
631.0,streamspot:g235:n2283,streamspot:g235:n6407,type_0,type_2,rel_10,0,0,0,0,train:g235,0,5126.0
632.0,streamspot:g235:n2283,streamspot:g235:n6423,type_0,type_2,rel_10,0,0,0,0,train:g235,0,5142.0
633.0,streamspot:g235:n2283,streamspot:g235:n6463,type_0,type_2,rel_10,0,0,0,0,train:g235,0,5182.0
634.0,streamspot:g235:n2283,streamspot:g235:n6530,type_0,type_2,rel_10,0,0,0,0,train:g235,0,5249.0
635.0,streamspot:g235:n2283,streamspot:g235:n6594,type_0,type_2,rel_10,0,0,0,0,train:g235,0,5313.0
636.0,streamspot:g235:n2283,streamspot:g235:n6714,type_0,type_2,rel_10,0,0,0,0,train:g235,0,5433.0
637.0,streamspot:g235:n2283,streamspot:g235:n3370,type_0,type_2,rel_10,0,0,0,0,train:g235,0,5622.0
638.0,streamspot:g235:n2283,streamspot:g235:n3374,type_0,type_2,rel_10,0,0,0,0,train:g235,0,5626.0
639.0,streamspot:g235:n2283,streamspot:g235:n3437,type_0,type_2,rel_10,0,0,0,0,train:g235,0,5664.0
640.0,streamspot:g235:n2283,streamspot:g235:n6944,type_0,type_2,rel_10,0,0,0,0,train:g235,0,5849.0
641.0,streamspot:g235:n3347,streamspot:g235:n3432,type_0,type_2,rel_10,0,0,0,0,train:g235,0,5926.0
642.0,streamspot:g235:n3347,streamspot:g235:n3524,type_0,type_2,rel_10,0,0,0,0,train:g235,0,6003.0
643.0,streamspot:g235:n3347,streamspot:g235:n3794,type_0,type_1,rel_4,0,0,0,0,train:g235,0,6099.0
644.0,streamspot:g235:n3639,streamspot:g235:n2841,type_0,type_2,rel_10,0,0,0,0,train:g235,0,6252.0
645.0,streamspot:g235:n3639,streamspot:g235:n2843,type_0,type_2,rel_10,0,0,0,0,train:g235,0,6254.0
646.0,streamspot:g235:n3639,streamspot:g235:n3582,type_0,type_2,rel_10,0,0,0,0,train:g235,0,6427.0
647.0,streamspot:g235:n4546,streamspot:g235:n4671,type_1,type_2,rel_10,0,0,0,0,train:g235,0,6586.0
648.0,streamspot:g235:n4829,streamspot:g235:n5081,type_0,type_4,rel_5,0,0,0,0,train:g235,0,6978.0
649.0,streamspot:g235:n4829,streamspot:g235:n5230,type_0,type_4,rel_5,0,0,0,0,train:g235,0,7127.0
650.0,streamspot:g235:n4829,streamspot:g235:n5342,type_0,type_4,rel_5,0,0,0,0,train:g235,0,7239.0
651.0,streamspot:g235:n4829,streamspot:g235:n5343,type_0,type_4,rel_5,0,0,0,0,train:g235,0,7240.0
652.0,streamspot:g235:n4829,streamspot:g235:n5425,type_0,type_4,rel_5,0,0,0,0,train:g235,0,7322.0
653.0,streamspot:g235:n4829,streamspot:g235:n5439,type_0,type_4,rel_5,0,0,0,0,train:g235,0,7336.0
654.0,streamspot:g235:n4829,streamspot:g235:n5604,type_0,type_4,rel_5,0,0,0,0,train:g235,0,7501.0
655.0,streamspot:g235:n4829,streamspot:g235:n5657,type_0,type_4,rel_5,0,0,0,0,train:g235,0,7554.0
656.0,streamspot:g235:n4829,streamspot:g235:n5715,type_0,type_4,rel_5,0,0,0,0,train:g235,0,7612.0
657.0,streamspot:g235:n4829,streamspot:g235:n5817,type_0,type_4,rel_5,0,0,0,0,train:g235,0,7714.0
658.0,streamspot:g235:n4829,streamspot:g235:n2833,type_0,type_2,rel_10,0,0,0,0,train:g235,0,7823.0
659.0,streamspot:g235:n4829,streamspot:g235:n3242,type_0,type_2,rel_10,0,0,0,0,train:g235,0,7893.0
660.0,streamspot:g235:n4829,streamspot:g235:n3594,type_0,type_2,rel_10,0,0,0,0,train:g235,0,8018.0
661.0,streamspot:g235:n6833,streamspot:g235:n2286,type_0,type_2,rel_10,0,0,0,0,train:g235,0,8217.0
662.0,streamspot:g235:n6833,streamspot:g235:n6854,type_0,type_2,rel_10,0,0,0,0,train:g235,0,8267.0
663.0,streamspot:g235:n6950,streamspot:g235:n6965,type_0,type_4,rel_5,0,0,0,0,train:g235,0,8845.0
664.0,streamspot:g235:n6950,streamspot:g235:n2292,type_0,type_2,rel_10,0,0,0,0,train:g235,0,8944.0
665.0,streamspot:g235:n6950,streamspot:g235:n2768,type_0,type_2,rel_10,0,0,0,0,train:g235,0,9448.0
666.0,streamspot:g235:n6950,streamspot:g235:n2784,type_0,type_2,rel_10,0,0,0,0,train:g235,0,9465.0
667.0,streamspot:g235:n6950,streamspot:g235:n2791,type_0,type_2,rel_10,0,0,0,0,train:g235,0,9473.0
668.0,streamspot:g235:n6950,streamspot:g235:n2812,type_0,type_2,rel_10,0,0,0,0,train:g235,0,9495.0
669.0,streamspot:g235:n6950,streamspot:g235:n2884,type_0,type_2,rel_10,0,0,0,0,train:g235,0,9570.0
670.0,streamspot:g235:n6950,streamspot:g235:n2886,type_0,type_2,rel_10,0,0,0,0,train:g235,0,9573.0
671.0,streamspot:g235:n6950,streamspot:g235:n3001,type_0,type_2,rel_10,0,0,0,0,train:g235,0,9695.0
672.0,streamspot:g235:n6950,streamspot:g235:n3028,type_0,type_2,rel_10,0,0,0,0,train:g235,0,9723.0
673.0,streamspot:g235:n6950,streamspot:g235:n3272,type_0,type_2,rel_10,0,0,0,0,train:g235,0,9981.0
674.0,streamspot:g235:n6950,streamspot:g235:n3493,type_0,type_2,rel_10,0,0,0,0,train:g235,0,10098.0
675.0,streamspot:g235:n6950,streamspot:g235:n3907,type_0,type_2,rel_10,0,0,0,0,train:g235,0,10304.0
676.0,streamspot:g235:n6950,streamspot:g235:n3969,type_0,type_2,rel_10,0,0,0,0,train:g235,0,10369.0
677.0,streamspot:g235:n6950,streamspot:g235:n4522,type_0,type_2,rel_10,0,0,0,0,train:g235,0,10430.0
678.0,streamspot:g235:n6950,streamspot:g235:n8055,type_0,type_2,rel_10,0,0,0,0,train:g235,0,10587.0
679.0,streamspot:g235:n6950,streamspot:g235:n6066,type_0,type_2,rel_10,0,0,0,0,train:g235,0,10641.0
680.0,streamspot:g235:n6950,streamspot:g235:n6183,type_0,type_2,rel_10,0,0,0,0,train:g235,0,10764.0
681.0,streamspot:g235:n6950,streamspot:g235:n6202,type_0,type_2,rel_10,0,0,0,0,train:g235,0,10784.0
682.0,streamspot:g235:n6950,streamspot:g235:n6236,type_0,type_2,rel_10,0,0,0,0,train:g235,0,10860.0
683.0,streamspot:g235:n6950,streamspot:g235:n6570,type_0,type_2,rel_10,0,0,0,0,train:g235,0,11211.0
684.0,streamspot:g235:n6950,streamspot:g235:n8300,type_0,type_2,rel_10,0,0,0,0,train:g235,0,11315.0
685.0,streamspot:g235:n6950,streamspot:g235:n4234,type_0,type_2,rel_16,0,0,0,0,train:g235,0,11399.0
686.0,streamspot:g235:n6950,streamspot:g235:n4249,type_0,type_2,rel_10,0,0,0,0,train:g235,0,11414.0
687.0,streamspot:g235:n6950,streamspot:g235:n8454,type_0,type_2,rel_10,0,0,0,0,train:g235,0,11567.0
688.0,streamspot:g235:n7117,streamspot:g235:n7050,type_0,type_2,rel_10,0,0,0,0,train:g235,0,11718.0
689.0,streamspot:g235:n7117,streamspot:g235:n2844,type_0,type_2,rel_10,0,0,0,0,train:g235,0,11803.0
690.0,streamspot:g235:n7117,streamspot:g235:n2370,type_0,type_2,rel_10,0,0,0,0,train:g235,0,11874.0
691.0,streamspot:g235:n7117,streamspot:g235:n3550,type_0,type_2,rel_10,0,0,0,0,train:g235,0,11951.0
692.0,streamspot:g235:n7134,streamspot:g235:n7035,type_0,type_2,rel_16,0,0,0,0,train:g235,0,12033.0
693.0,streamspot:g235:n7134,streamspot:g235:n2332,type_0,type_2,rel_16,0,0,0,0,train:g235,0,12102.0
694.0,streamspot:g235:n7134,streamspot:g235:n7151,type_0,type_2,rel_10,0,0,0,0,train:g235,0,12113.0
695.0,streamspot:g235:n7159,streamspot:g235:n7390,type_0,type_2,rel_10,0,0,0,0,train:g235,0,12452.0
696.0,streamspot:g235:n7159,streamspot:g235:n7482,type_0,type_2,rel_10,0,0,0,0,train:g235,0,12544.0
697.0,streamspot:g235:n7159,streamspot:g235:n7513,type_0,type_2,rel_10,0,0,0,0,train:g235,0,12575.0
698.0,streamspot:g235:n7159,streamspot:g235:n7715,type_0,type_2,rel_10,0,0,0,0,train:g235,0,12777.0
699.0,streamspot:g235:n7159,streamspot:g235:n7800,type_0,type_2,rel_16,0,0,0,0,train:g235,0,12862.0
700.0,streamspot:g235:n7159,streamspot:g235:n7852,type_0,type_2,rel_16,0,0,0,0,train:g235,0,12914.0
701.0,streamspot:g405:n0,streamspot:g405:n56,type_0,type_2,rel_10,0,0,0,0,train:g405,0,55.0
702.0,streamspot:g405:n0,streamspot:g405:n140,type_0,type_2,rel_10,0,0,0,0,train:g405,0,139.0
703.0,streamspot:g405:n0,streamspot:g405:n364,type_0,type_2,rel_16,0,0,0,0,train:g405,0,363.0
704.0,streamspot:g405:n0,streamspot:g405:n447,type_0,type_2,rel_10,0,0,0,0,train:g405,0,446.0
705.0,streamspot:g405:n0,streamspot:g405:n650,type_0,type_2,rel_10,0,0,0,0,train:g405,0,649.0
706.0,streamspot:g405:n0,streamspot:g405:n887,type_0,type_2,rel_10,0,0,0,0,train:g405,0,886.0
707.0,streamspot:g405:n0,streamspot:g405:n943,type_0,type_2,rel_10,0,0,0,0,train:g405,0,942.0
708.0,streamspot:g405:n0,streamspot:g405:n1139,type_0,type_2,rel_10,0,0,0,0,train:g405,0,1138.0
709.0,streamspot:g405:n0,streamspot:g405:n1190,type_0,type_2,rel_10,0,0,0,0,train:g405,0,1189.0
710.0,streamspot:g405:n0,streamspot:g405:n1197,type_0,type_2,rel_10,0,0,0,0,train:g405,0,1196.0
711.0,streamspot:g405:n0,streamspot:g405:n1308,type_0,type_2,rel_10,0,0,0,0,train:g405,0,1307.0
712.0,streamspot:g405:n0,streamspot:g405:n1384,type_0,type_2,rel_10,0,0,0,0,train:g405,0,1383.0
713.0,streamspot:g405:n0,streamspot:g405:n1660,type_0,type_2,rel_10,0,0,0,0,train:g405,0,1659.0
714.0,streamspot:g405:n0,streamspot:g405:n1791,type_0,type_2,rel_10,0,0,0,0,train:g405,0,1790.0
715.0,streamspot:g405:n0,streamspot:g405:n2150,type_0,type_2,rel_10,0,0,0,0,train:g405,0,2136.0
716.0,streamspot:g405:n0,streamspot:g405:n8509,type_0,type_2,rel_18,0,0,0,0,train:g405,0,2303.0
717.0,streamspot:g405:n2283,streamspot:g405:n2307,type_0,type_2,rel_16,0,0,0,0,train:g405,0,2448.0
718.0,streamspot:g405:n2283,streamspot:g405:n2432,type_0,type_2,rel_10,0,0,0,0,train:g405,0,2578.0
719.0,streamspot:g405:n2283,streamspot:g405:n2482,type_0,type_2,rel_10,0,0,0,0,train:g405,0,2631.0
720.0,streamspot:g405:n2283,streamspot:g405:n2686,type_0,type_2,rel_10,0,0,0,0,train:g405,0,2835.0
721.0,streamspot:g405:n2283,streamspot:g405:n2704,type_0,type_2,rel_10,0,0,0,0,train:g405,0,2853.0
722.0,streamspot:g405:n2283,streamspot:g405:n2803,type_0,type_2,rel_10,0,0,0,0,train:g405,0,2952.0
723.0,streamspot:g405:n2283,streamspot:g405:n2881,type_0,type_2,rel_10,0,0,0,0,train:g405,0,3030.0
724.0,streamspot:g405:n2283,streamspot:g405:n3198,type_0,type_2,rel_10,0,0,0,0,train:g405,0,3349.0
725.0,streamspot:g405:n2283,streamspot:g405:n3964,type_0,type_2,rel_10,0,0,0,0,train:g405,0,3797.0
726.0,streamspot:g405:n2283,streamspot:g405:n4001,type_0,type_2,rel_10,0,0,0,0,train:g405,0,3834.0
727.0,streamspot:g405:n2283,streamspot:g405:n4037,type_0,type_2,rel_10,0,0,0,0,train:g405,0,3873.0
728.0,streamspot:g405:n2283,streamspot:g405:n3823,type_0,type_2,rel_16,0,0,0,0,train:g405,0,3890.0
729.0,streamspot:g405:n2283,streamspot:g405:n4211,type_0,type_2,rel_1,0,0,0,0,train:g405,0,4077.0
730.0,streamspot:g405:n2283,streamspot:g405:n4432,type_0,type_2,rel_16,0,0,0,0,train:g405,0,4328.0
731.0,streamspot:g405:n2283,streamspot:g405:n4519,type_0,type_2,rel_10,0,0,0,0,train:g405,0,4415.0
732.0,streamspot:g405:n2283,streamspot:g405:n4618,type_0,type_2,rel_10,0,0,0,0,train:g405,0,4514.0
733.0,streamspot:g405:n2283,streamspot:g405:n4764,type_0,type_2,rel_10,0,0,0,0,train:g405,0,4603.0
734.0,streamspot:g405:n2283,streamspot:g405:n6478,type_0,type_2,rel_10,0,0,0,0,train:g405,0,5249.0
735.0,streamspot:g405:n2283,streamspot:g405:n8319,type_0,type_2,rel_10,0,0,0,0,train:g405,0,5564.0
736.0,streamspot:g405:n3347,streamspot:g405:n3437,type_0,type_2,rel_10,0,0,0,0,train:g405,0,5821.0
737.0,streamspot:g405:n3347,streamspot:g405:n3759,type_0,type_2,rel_10,0,0,0,0,train:g405,0,5976.0
738.0,streamspot:g405:n3639,streamspot:g405:n3658,type_0,type_4,rel_5,0,0,0,0,train:g405,0,6061.0
739.0,streamspot:g405:n3639,streamspot:g405:n2470,type_0,type_2,rel_10,0,0,0,0,train:g405,0,6184.0
740.0,streamspot:g405:n3639,streamspot:g405:n2371,type_0,type_2,rel_10,0,0,0,0,train:g405,0,6215.0
741.0,streamspot:g405:n3639,streamspot:g405:n3566,type_0,type_2,rel_10,0,0,0,0,train:g405,0,6303.0
742.0,streamspot:g405:n4145,streamspot:g405:n4227,type_1,type_2,rel_19,0,0,0,0,train:g405,0,6356.0
743.0,streamspot:g405:n4378,streamspot:g405:n4386,type_1,type_2,rel_1,0,0,0,0,train:g405,0,6487.0
744.0,streamspot:g405:n4535,streamspot:g405:n4690,type_1,type_2,rel_10,0,0,0,0,train:g405,0,6515.0
745.0,streamspot:g405:n4661,streamspot:g405:n4675,type_1,type_2,rel_10,0,0,0,0,train:g405,0,6618.0
746.0,streamspot:g405:n4835,streamspot:g405:n5046,type_0,type_4,rel_5,0,0,0,0,train:g405,0,6919.0
747.0,streamspot:g405:n4835,streamspot:g405:n5126,type_0,type_4,rel_5,0,0,0,0,train:g405,0,6999.0
748.0,streamspot:g405:n4835,streamspot:g405:n5356,type_0,type_4,rel_5,0,0,0,0,train:g405,0,7229.0
749.0,streamspot:g405:n4835,streamspot:g405:n5601,type_0,type_4,rel_5,0,0,0,0,train:g405,0,7474.0
750.0,streamspot:g405:n4835,streamspot:g405:n5791,type_0,type_4,rel_5,0,0,0,0,train:g405,0,7664.0
751.0,streamspot:g405:n4835,streamspot:g405:n2290,type_0,type_2,rel_10,0,0,0,0,train:g405,0,7742.0
752.0,streamspot:g405:n4835,streamspot:g405:n2280,type_0,type_2,rel_16,0,0,0,0,train:g405,0,7801.0
753.0,streamspot:g405:n5900,streamspot:g405:n8589,type_1,type_2,rel_1,0,0,0,0,train:g405,0,8209.0
754.0,streamspot:g405:n5952,streamspot:g405:n8195,type_1,type_2,rel_2,0,0,0,0,train:g405,0,8298.0
755.0,streamspot:g405:n5957,streamspot:g405:n4227,type_1,type_2,rel_19,0,0,0,0,train:g405,0,8366.0
756.0,streamspot:g405:n5986,streamspot:g405:n4539,type_1,type_2,rel_11,0,0,0,0,train:g405,0,8446.0
757.0,streamspot:g405:n6716,streamspot:g405:n6689,type_1,type_2,rel_10,0,0,0,0,train:g405,0,8468.0
758.0,streamspot:g405:n6747,streamspot:g405:n6885,type_0,type_2,rel_10,0,0,0,0,train:g405,0,8624.0
759.0,streamspot:g405:n6747,streamspot:g405:n6900,type_0,type_2,rel_10,0,0,0,0,train:g405,0,8721.0
760.0,streamspot:g405:n6747,streamspot:g405:n2495,type_0,type_2,rel_10,0,0,0,0,train:g405,0,8840.0
761.0,streamspot:g405:n6747,streamspot:g405:n2390,type_0,type_2,rel_10,0,0,0,0,train:g405,0,8880.0
762.0,streamspot:g405:n6747,streamspot:g405:n2729,type_0,type_2,rel_10,0,0,0,0,train:g405,0,9107.0
763.0,streamspot:g405:n6747,streamspot:g405:n2777,type_0,type_2,rel_10,0,0,0,0,train:g405,0,9158.0
764.0,streamspot:g405:n6747,streamspot:g405:n3080,type_0,type_2,rel_10,0,0,0,0,train:g405,0,9479.0
765.0,streamspot:g405:n6747,streamspot:g405:n3170,type_0,type_2,rel_10,0,0,0,0,train:g405,0,9574.0
766.0,streamspot:g405:n6747,streamspot:g405:n3220,type_0,type_2,rel_10,0,0,0,0,train:g405,0,9626.0
767.0,streamspot:g405:n6747,streamspot:g405:n3289,type_0,type_2,rel_10,0,0,0,0,train:g405,0,9699.0
768.0,streamspot:g405:n6747,streamspot:g405:n3564,type_0,type_2,rel_10,0,0,0,0,train:g405,0,9839.0
769.0,streamspot:g405:n6747,streamspot:g405:n3996,type_0,type_2,rel_10,0,0,0,0,train:g405,0,10097.0
770.0,streamspot:g405:n6747,streamspot:g405:n6977,type_0,type_0,rel_4,0,0,0,0,train:g405,0,10135.0
771.0,streamspot:g405:n6747,streamspot:g405:n7839,type_0,type_2,rel_10,0,0,0,0,train:g405,0,10169.0
772.0,streamspot:g405:n6747,streamspot:g405:n6120,type_0,type_2,rel_10,0,0,0,0,train:g405,0,10373.0
773.0,streamspot:g405:n6747,streamspot:g405:n6156,type_0,type_2,rel_10,0,0,0,0,train:g405,0,10411.0
774.0,streamspot:g405:n6747,streamspot:g405:n6262,type_0,type_2,rel_10,0,0,0,0,train:g405,0,10563.0
775.0,streamspot:g405:n6747,streamspot:g405:n6390,type_0,type_2,rel_10,0,0,0,0,train:g405,0,10638.0
776.0,streamspot:g405:n6747,streamspot:g405:n6345,type_0,type_2,rel_10,0,0,0,0,train:g405,0,10750.0
777.0,streamspot:g405:n6747,streamspot:g405:n8009,type_0,type_2,rel_16,0,0,0,0,train:g405,0,10914.0
778.0,streamspot:g405:n6747,streamspot:g405:n4407,type_0,type_2,rel_10,0,0,0,0,train:g405,0,10918.0
779.0,streamspot:g405:n6747,streamspot:g405:n8121,type_0,type_2,rel_10,0,0,0,0,train:g405,0,10980.0
780.0,streamspot:g405:n6747,streamspot:g405:n8170,type_0,type_2,rel_10,0,0,0,0,train:g405,0,11025.0
781.0,streamspot:g405:n6747,streamspot:g405:n4182,type_0,type_2,rel_1,0,0,0,0,train:g405,0,11043.0
782.0,streamspot:g405:n6747,streamspot:g405:n4282,type_0,type_2,rel_16,0,0,0,0,train:g405,0,11143.0
783.0,streamspot:g405:n6960,streamspot:g405:n6871,type_0,type_2,rel_10,0,0,0,0,train:g405,0,11274.0
784.0,streamspot:g405:n6960,streamspot:g405:n3533,type_0,type_2,rel_10,0,0,0,0,train:g405,0,11511.0
785.0,streamspot:g405:n7002,streamspot:g405:n6872,type_0,type_2,rel_16,0,0,0,0,train:g405,0,11740.0
786.0,streamspot:g405:n7002,streamspot:g405:n2288,type_0,type_2,rel_10,0,0,0,0,train:g405,0,11769.0
787.0,streamspot:g405:n7002,streamspot:g405:n2292,type_0,type_2,rel_10,0,0,0,0,train:g405,0,11773.0
788.0,streamspot:g405:n7002,streamspot:g405:n7056,type_0,type_2,rel_10,0,0,0,0,train:g405,0,11841.0
789.0,streamspot:g405:n7002,streamspot:g405:n7526,type_0,type_2,rel_10,0,0,0,0,train:g405,0,12323.0
790.0,streamspot:g405:n7002,streamspot:g405:n7585,type_0,type_2,rel_10,0,0,0,0,train:g405,0,12382.0
791.0,streamspot:g405:n7002,streamspot:g405:n7594,type_0,type_2,rel_10,0,0,0,0,train:g405,0,12391.0
792.0,streamspot:g405:n7002,streamspot:g405:n7641,type_0,type_2,rel_10,0,0,0,0,train:g405,0,12438.0
793.0,streamspot:g405:n8184,streamspot:g405:n5911,type_1,type_2,rel_10,0,0,0,0,train:g405,0,12782.0
794.0,streamspot:g405:n8401,streamspot:g405:n4807,type_0,type_2,rel_10,0,0,0,0,train:g405,0,13016.0
795.0,streamspot:g405:n8401,streamspot:g405:n2933,type_0,type_2,rel_10,0,0,0,0,train:g405,0,13097.0
796.0,streamspot:g405:n8401,streamspot:g405:n3009,type_0,type_2,rel_10,0,0,0,0,train:g405,0,13308.0
797.0,streamspot:g405:n8401,streamspot:g405:n4354,type_0,type_2,rel_10,0,0,0,0,train:g405,0,13416.0
798.0,streamspot:g405:n8481,streamspot:g405:n2365,type_0,type_2,rel_10,0,0,0,0,train:g405,0,13680.0
799.0,streamspot:g405:n8481,streamspot:g405:n2974,type_0,type_2,rel_10,0,0,0,0,train:g405,0,13749.0
800.0,streamspot:g405:n8481,streamspot:g405:n3597,type_0,type_2,rel_10,0,0,0,0,train:g405,0,13837.0
801.0,streamspot:g564:n0,streamspot:g564:n251,type_0,type_2,rel_10,0,0,0,0,train:g564,0,250.0
802.0,streamspot:g564:n0,streamspot:g564:n701,type_0,type_2,rel_10,0,0,0,0,train:g564,0,700.0
803.0,streamspot:g564:n0,streamspot:g564:n1385,type_0,type_2,rel_10,0,0,0,0,train:g564,0,1384.0
804.0,streamspot:g564:n0,streamspot:g564:n1431,type_0,type_2,rel_10,0,0,0,0,train:g564,0,1430.0
805.0,streamspot:g564:n0,streamspot:g564:n1524,type_0,type_2,rel_10,0,0,0,0,train:g564,0,1523.0
806.0,streamspot:g564:n0,streamspot:g564:n1585,type_0,type_2,rel_16,0,0,0,0,train:g564,0,1584.0
807.0,streamspot:g564:n0,streamspot:g564:n1631,type_0,type_2,rel_16,0,0,0,0,train:g564,0,1630.0
808.0,streamspot:g564:n0,streamspot:g564:n1666,type_0,type_2,rel_16,0,0,0,0,train:g564,0,1665.0
809.0,streamspot:g564:n2283,streamspot:g564:n2412,type_0,type_2,rel_10,0,0,0,0,train:g564,0,2579.0
810.0,streamspot:g564:n2283,streamspot:g564:n2432,type_0,type_2,rel_10,0,0,0,0,train:g564,0,2599.0
811.0,streamspot:g564:n2283,streamspot:g564:n2578,type_0,type_2,rel_10,0,0,0,0,train:g564,0,2748.0
812.0,streamspot:g564:n2283,streamspot:g564:n2600,type_0,type_2,rel_10,0,0,0,0,train:g564,0,2770.0
813.0,streamspot:g564:n2283,streamspot:g564:n2810,type_0,type_2,rel_10,0,0,0,0,train:g564,0,2980.0
814.0,streamspot:g564:n2283,streamspot:g564:n3092,type_0,type_2,rel_10,0,0,0,0,train:g564,0,3264.0
815.0,streamspot:g564:n2283,streamspot:g564:n3608,type_0,type_2,rel_16,0,0,0,0,train:g564,0,3642.0
816.0,streamspot:g564:n2283,streamspot:g564:n3945,type_0,type_2,rel_10,0,0,0,0,train:g564,0,3799.0
817.0,streamspot:g564:n2283,streamspot:g564:n3970,type_0,type_2,rel_10,0,0,0,0,train:g564,0,3824.0
818.0,streamspot:g564:n2283,streamspot:g564:n4121,type_0,type_2,rel_16,0,0,0,0,train:g564,0,4007.0
819.0,streamspot:g564:n2283,streamspot:g564:n4322,type_0,type_2,rel_1,0,0,0,0,train:g564,0,4208.0
820.0,streamspot:g564:n2283,streamspot:g564:n4397,type_0,type_2,rel_1,0,0,0,0,train:g564,0,4279.0
821.0,streamspot:g564:n2283,streamspot:g564:n4457,type_0,type_2,rel_16,0,0,0,0,train:g564,0,4373.0
822.0,streamspot:g564:n2283,streamspot:g564:n4466,type_0,type_2,rel_16,0,0,0,0,train:g564,0,4382.0
823.0,streamspot:g564:n2283,streamspot:g564:n4525,type_0,type_2,rel_10,0,0,0,0,train:g564,0,4441.0
824.0,streamspot:g564:n2283,streamspot:g564:n4754,type_0,type_2,rel_10,0,0,0,0,train:g564,0,4613.0
825.0,streamspot:g564:n2283,streamspot:g564:n5954,type_0,type_1,rel_4,0,0,0,0,train:g564,0,4779.0
826.0,streamspot:g564:n2283,streamspot:g564:n6073,type_0,type_2,rel_10,0,0,0,0,train:g564,0,4873.0
827.0,streamspot:g564:n2283,streamspot:g564:n6290,type_0,type_2,rel_10,0,0,0,0,train:g564,0,5090.0
828.0,streamspot:g564:n2283,streamspot:g564:n6495,type_0,type_2,rel_10,0,0,0,0,train:g564,0,5295.0
829.0,streamspot:g564:n2283,streamspot:g564:n6527,type_0,type_2,rel_10,0,0,0,0,train:g564,0,5327.0
830.0,streamspot:g564:n2283,streamspot:g564:n6807,type_0,type_2,rel_16,0,0,0,0,train:g564,0,5607.0
831.0,streamspot:g564:n3347,streamspot:g564:n3667,type_0,type_2,rel_10,0,0,0,0,train:g564,0,5904.0
832.0,streamspot:g564:n3347,streamspot:g564:n3672,type_0,type_2,rel_10,0,0,0,0,train:g564,0,5909.0
833.0,streamspot:g564:n3347,streamspot:g564:n3694,type_0,type_2,rel_10,0,0,0,0,train:g564,0,5929.0
834.0,streamspot:g564:n3347,streamspot:g564:n3732,type_0,type_2,rel_10,0,0,0,0,train:g564,0,5954.0
835.0,streamspot:g564:n3347,streamspot:g564:n3786,type_0,type_2,rel_10,0,0,0,0,train:g564,0,5999.0
836.0,streamspot:g564:n3639,streamspot:g564:n2299,type_0,type_2,rel_16,0,0,0,0,train:g564,0,6087.0
837.0,streamspot:g564:n3639,streamspot:g564:n3710,type_0,type_2,rel_10,0,0,0,0,train:g564,0,6118.0
838.0,streamspot:g564:n3639,streamspot:g564:n3236,type_0,type_2,rel_10,0,0,0,0,train:g564,0,6205.0
839.0,streamspot:g564:n3639,streamspot:g564:n3317,type_0,type_2,rel_10,0,0,0,0,train:g564,0,6267.0
840.0,streamspot:g564:n4144,streamspot:g564:n4153,type_1,type_4,rel_19,0,0,0,0,train:g564,0,6360.0
841.0,streamspot:g564:n4155,streamspot:g564:n8800,type_1,type_4,rel_6,0,0,0,0,train:g564,0,6473.0
842.0,streamspot:g564:n4675,streamspot:g564:n5887,type_1,type_2,rel_10,0,0,0,0,train:g564,0,6721.0
843.0,streamspot:g564:n4839,streamspot:g564:n4872,type_0,type_4,rel_5,0,0,0,0,train:g564,0,6777.0
844.0,streamspot:g564:n4839,streamspot:g564:n5029,type_0,type_4,rel_5,0,0,0,0,train:g564,0,6934.0
845.0,streamspot:g564:n4839,streamspot:g564:n5037,type_0,type_4,rel_5,0,0,0,0,train:g564,0,6942.0
846.0,streamspot:g564:n4839,streamspot:g564:n5102,type_0,type_4,rel_5,0,0,0,0,train:g564,0,7007.0
847.0,streamspot:g564:n4839,streamspot:g564:n5311,type_0,type_4,rel_5,0,0,0,0,train:g564,0,7216.0
848.0,streamspot:g564:n4839,streamspot:g564:n5333,type_0,type_4,rel_5,0,0,0,0,train:g564,0,7238.0
849.0,streamspot:g564:n4839,streamspot:g564:n5353,type_0,type_4,rel_5,0,0,0,0,train:g564,0,7258.0
850.0,streamspot:g564:n4839,streamspot:g564:n5391,type_0,type_4,rel_5,0,0,0,0,train:g564,0,7296.0
851.0,streamspot:g564:n4839,streamspot:g564:n5481,type_0,type_4,rel_5,0,0,0,0,train:g564,0,7386.0
852.0,streamspot:g564:n4839,streamspot:g564:n5824,type_0,type_4,rel_5,0,0,0,0,train:g564,0,7729.0
853.0,streamspot:g564:n4839,streamspot:g564:n3298,type_0,type_2,rel_10,0,0,0,0,train:g564,0,7948.0
854.0,streamspot:g564:n5904,streamspot:g564:n8271,type_1,type_2,rel_10,0,0,0,0,train:g564,0,8180.0
855.0,streamspot:g564:n5904,streamspot:g564:n8836,type_1,type_2,rel_10,0,0,0,0,train:g564,0,8298.0
856.0,streamspot:g564:n5967,streamspot:g564:n6943,type_1,type_4,rel_2,0,0,0,0,train:g564,0,8430.0
857.0,streamspot:g564:n5967,streamspot:g564:n4169,type_1,type_2,rel_2,0,0,0,0,train:g564,0,8432.0
858.0,streamspot:g564:n6849,streamspot:g564:n2572,type_0,type_2,rel_10,0,0,0,0,train:g564,0,8635.0
859.0,streamspot:g564:n6849,streamspot:g564:n2369,type_0,type_2,rel_10,0,0,0,0,train:g564,0,8725.0
860.0,streamspot:g564:n6849,streamspot:g564:n3451,type_0,type_2,rel_10,0,0,0,0,train:g564,0,8973.0
861.0,streamspot:g564:n6849,streamspot:g564:n4360,type_0,type_2,rel_10,0,0,0,0,train:g564,0,9073.0
862.0,streamspot:g564:n6962,streamspot:g564:n7057,type_0,type_2,rel_7,0,0,0,0,train:g564,0,9187.0
863.0,streamspot:g564:n6962,streamspot:g564:n7076,type_0,type_2,rel_10,0,0,0,0,train:g564,0,9208.0
864.0,streamspot:g564:n6962,streamspot:g564:n2375,type_0,type_2,rel_10,0,0,0,0,train:g564,0,9317.0
865.0,streamspot:g564:n6962,streamspot:g564:n2493,type_0,type_2,rel_10,0,0,0,0,train:g564,0,9422.0
866.0,streamspot:g564:n6962,streamspot:g564:n2513,type_0,type_2,rel_10,0,0,0,0,train:g564,0,9444.0
867.0,streamspot:g564:n6962,streamspot:g564:n2589,type_0,type_2,rel_10,0,0,0,0,train:g564,0,9544.0
868.0,streamspot:g564:n6962,streamspot:g564:n2645,type_0,type_2,rel_10,0,0,0,0,train:g564,0,9603.0
869.0,streamspot:g564:n6962,streamspot:g564:n2661,type_0,type_2,rel_10,0,0,0,0,train:g564,0,9620.0
870.0,streamspot:g564:n6962,streamspot:g564:n2702,type_0,type_2,rel_10,0,0,0,0,train:g564,0,9663.0
871.0,streamspot:g564:n6962,streamspot:g564:n2739,type_0,type_2,rel_10,0,0,0,0,train:g564,0,9702.0
872.0,streamspot:g564:n6962,streamspot:g564:n2784,type_0,type_2,rel_10,0,0,0,0,train:g564,0,9749.0
873.0,streamspot:g564:n6962,streamspot:g564:n3049,type_0,type_2,rel_10,0,0,0,0,train:g564,0,10030.0
874.0,streamspot:g564:n6962,streamspot:g564:n3094,type_0,type_2,rel_10,0,0,0,0,train:g564,0,10078.0
875.0,streamspot:g564:n6962,streamspot:g564:n3578,type_0,type_2,rel_10,0,0,0,0,train:g564,0,10438.0
876.0,streamspot:g564:n6962,streamspot:g564:n8023,type_0,type_2,rel_10,0,0,0,0,train:g564,0,10742.0
877.0,streamspot:g564:n6962,streamspot:g564:n8093,type_0,type_2,rel_10,0,0,0,0,train:g564,0,10876.0
878.0,streamspot:g564:n6962,streamspot:g564:n6148,type_0,type_2,rel_10,0,0,0,0,train:g564,0,10993.0
879.0,streamspot:g564:n6962,streamspot:g564:n6192,type_0,type_2,rel_10,0,0,0,0,train:g564,0,11040.0
880.0,streamspot:g564:n6962,streamspot:g564:n6183,type_0,type_2,rel_10,0,0,0,0,train:g564,0,11130.0
881.0,streamspot:g564:n6962,streamspot:g564:n6325,type_0,type_2,rel_10,0,0,0,0,train:g564,0,11320.0
882.0,streamspot:g564:n6962,streamspot:g564:n4184,type_0,type_2,rel_1,0,0,0,0,train:g564,0,11631.0
883.0,streamspot:g564:n6962,streamspot:g564:n4235,type_0,type_2,rel_16,0,0,0,0,train:g564,0,11682.0
884.0,streamspot:g564:n6962,streamspot:g564:n8484,type_0,type_1,rel_4,0,0,0,0,train:g564,0,11744.0
885.0,streamspot:g564:n6962,streamspot:g564:n8523,type_0,type_2,rel_10,0,0,0,0,train:g564,0,11775.0
886.0,streamspot:g564:n6962,streamspot:g564:n8608,type_0,type_2,rel_10,0,0,0,0,train:g564,0,11854.0
887.0,streamspot:g564:n6962,streamspot:g564:n8645,type_0,type_2,rel_10,0,0,0,0,train:g564,0,11891.0
888.0,streamspot:g564:n7151,streamspot:g564:n2371,type_0,type_2,rel_10,0,0,0,0,train:g564,0,12250.0
889.0,streamspot:g564:n7151,streamspot:g564:n3530,type_0,type_2,rel_10,0,0,0,0,train:g564,0,12305.0
890.0,streamspot:g564:n7168,streamspot:g564:n2304,type_0,type_2,rel_10,0,0,0,0,train:g564,0,12447.0
891.0,streamspot:g564:n7193,streamspot:g564:n2306,type_0,type_2,rel_10,0,0,0,0,train:g564,0,12584.0
892.0,streamspot:g564:n7193,streamspot:g564:n7347,type_0,type_2,rel_10,0,0,0,0,train:g564,0,12750.0
893.0,streamspot:g564:n7193,streamspot:g564:n7371,type_0,type_2,rel_10,0,0,0,0,train:g564,0,12774.0
894.0,streamspot:g564:n7193,streamspot:g564:n7478,type_0,type_2,rel_16,0,0,0,0,train:g564,0,12881.0
895.0,streamspot:g564:n7193,streamspot:g564:n7546,type_0,type_2,rel_16,0,0,0,0,train:g564,0,12949.0
896.0,streamspot:g564:n7193,streamspot:g564:n7558,type_0,type_2,rel_16,0,0,0,0,train:g564,0,12961.0
897.0,streamspot:g564:n7193,streamspot:g564:n7652,type_0,type_2,rel_10,0,0,0,0,train:g564,0,13055.0
898.0,streamspot:g564:n7193,streamspot:g564:n7784,type_0,type_2,rel_10,0,0,0,0,train:g564,0,13187.0
899.0,streamspot:g564:n7193,streamspot:g564:n7943,type_0,type_2,rel_16,0,0,0,0,train:g564,0,13346.0
900.0,streamspot:g564:n7203,streamspot:g564:n2309,type_0,type_2,rel_16,0,0,0,0,train:g564,0,13465.0
901.0,streamspot:g556:n0,streamspot:g556:n25,type_0,type_2,rel_16,0,0,0,0,train:g556,0,24.0
902.0,streamspot:g556:n0,streamspot:g556:n370,type_0,type_2,rel_10,0,0,0,0,train:g556,0,369.0
903.0,streamspot:g556:n0,streamspot:g556:n472,type_0,type_2,rel_10,0,0,0,0,train:g556,0,471.0
904.0,streamspot:g556:n0,streamspot:g556:n535,type_0,type_2,rel_10,0,0,0,0,train:g556,0,534.0
905.0,streamspot:g556:n0,streamspot:g556:n647,type_0,type_2,rel_10,0,0,0,0,train:g556,0,646.0
906.0,streamspot:g556:n0,streamspot:g556:n825,type_0,type_2,rel_16,0,0,0,0,train:g556,0,824.0
907.0,streamspot:g556:n0,streamspot:g556:n947,type_0,type_2,rel_10,0,0,0,0,train:g556,0,946.0
908.0,streamspot:g556:n0,streamspot:g556:n1003,type_0,type_2,rel_10,0,0,0,0,train:g556,0,1002.0
909.0,streamspot:g556:n0,streamspot:g556:n1256,type_0,type_2,rel_10,0,0,0,0,train:g556,0,1255.0
910.0,streamspot:g556:n0,streamspot:g556:n1545,type_0,type_2,rel_16,0,0,0,0,train:g556,0,1544.0
911.0,streamspot:g556:n0,streamspot:g556:n1584,type_0,type_2,rel_10,0,0,0,0,train:g556,0,1583.0
912.0,streamspot:g556:n0,streamspot:g556:n1608,type_0,type_2,rel_10,0,0,0,0,train:g556,0,1607.0
913.0,streamspot:g556:n0,streamspot:g556:n1646,type_0,type_2,rel_16,0,0,0,0,train:g556,0,1645.0
914.0,streamspot:g556:n0,streamspot:g556:n1751,type_0,type_2,rel_16,0,0,0,0,train:g556,0,1750.0
915.0,streamspot:g556:n0,streamspot:g556:n1943,type_0,type_2,rel_10,0,0,0,0,train:g556,0,1942.0
916.0,streamspot:g556:n0,streamspot:g556:n2100,type_0,type_2,rel_10,0,0,0,0,train:g556,0,2099.0
917.0,streamspot:g556:n0,streamspot:g556:n5906,type_0,type_2,rel_18,0,0,0,0,train:g556,0,2335.0
918.0,streamspot:g556:n2283,streamspot:g556:n2321,type_0,type_2,rel_10,0,0,0,0,train:g556,0,2482.0
919.0,streamspot:g556:n2283,streamspot:g556:n2588,type_0,type_2,rel_10,0,0,0,0,train:g556,0,2756.0
920.0,streamspot:g556:n2283,streamspot:g556:n2927,type_0,type_2,rel_10,0,0,0,0,train:g556,0,3095.0
921.0,streamspot:g556:n2283,streamspot:g556:n3055,type_0,type_2,rel_10,0,0,0,0,train:g556,0,3225.0
922.0,streamspot:g556:n2283,streamspot:g556:n3162,type_0,type_2,rel_10,0,0,0,0,train:g556,0,3332.0
923.0,streamspot:g556:n2283,streamspot:g556:n3246,type_0,type_2,rel_10,0,0,0,0,train:g556,0,3416.0
924.0,streamspot:g556:n2283,streamspot:g556:n3548,type_0,type_2,rel_10,0,0,0,0,train:g556,0,3580.0
925.0,streamspot:g556:n2283,streamspot:g556:n3555,type_0,type_2,rel_10,0,0,0,0,train:g556,0,3587.0
926.0,streamspot:g556:n2283,streamspot:g556:n4023,type_0,type_2,rel_10,0,0,0,0,train:g556,0,3875.0
927.0,streamspot:g556:n2283,streamspot:g556:n4130,type_0,type_2,rel_10,0,0,0,0,train:g556,0,4014.0
928.0,streamspot:g556:n2283,streamspot:g556:n4214,type_0,type_2,rel_1,0,0,0,0,train:g556,0,4099.0
929.0,streamspot:g556:n2283,streamspot:g556:n4270,type_0,type_2,rel_16,0,0,0,0,train:g556,0,4155.0
930.0,streamspot:g556:n2283,streamspot:g556:n4358,type_0,type_2,rel_10,0,0,0,0,train:g556,0,4243.0
931.0,streamspot:g556:n2283,streamspot:g556:n2263,type_0,type_2,rel_16,0,0,0,0,train:g556,0,4306.0
932.0,streamspot:g556:n2283,streamspot:g556:n4435,type_0,type_2,rel_16,0,0,0,0,train:g556,0,4350.0
933.0,streamspot:g556:n2283,streamspot:g556:n4475,type_0,type_2,rel_16,0,0,0,0,train:g556,0,4390.0
934.0,streamspot:g556:n2283,streamspot:g556:n4528,type_0,type_2,rel_1,0,0,0,0,train:g556,0,4443.0
935.0,streamspot:g556:n2283,streamspot:g556:n4545,type_0,type_2,rel_16,0,0,0,0,train:g556,0,4460.0
936.0,streamspot:g556:n2283,streamspot:g556:n4611,type_0,type_2,rel_10,0,0,0,0,train:g556,0,4526.0
937.0,streamspot:g556:n2283,streamspot:g556:n4619,type_0,type_2,rel_10,0,0,0,0,train:g556,0,4534.0
938.0,streamspot:g556:n2283,streamspot:g556:n6266,type_0,type_2,rel_10,0,0,0,0,train:g556,0,5063.0
939.0,streamspot:g556:n2283,streamspot:g556:n6583,type_0,type_2,rel_10,0,0,0,0,train:g556,0,5380.0
940.0,streamspot:g556:n2283,streamspot:g556:n6743,type_0,type_2,rel_10,0,0,0,0,train:g556,0,5540.0
941.0,streamspot:g556:n2283,streamspot:g556:n6795,type_0,type_2,rel_16,0,0,0,0,train:g556,0,5592.0
942.0,streamspot:g556:n3347,streamspot:g556:n3713,type_0,type_2,rel_10,0,0,0,0,train:g556,0,5923.0
943.0,streamspot:g556:n3347,streamspot:g556:n3781,type_0,type_1,rel_4,0,0,0,0,train:g556,0,5982.0
944.0,streamspot:g556:n3347,streamspot:g556:n3839,type_0,type_2,rel_10,0,0,0,0,train:g556,0,6029.0
945.0,streamspot:g556:n3639,streamspot:g556:n2322,type_0,type_2,rel_16,0,0,0,0,train:g556,0,6099.0
946.0,streamspot:g556:n3639,streamspot:g556:n3676,type_0,type_2,rel_10,0,0,0,0,train:g556,0,6114.0
947.0,streamspot:g556:n3639,streamspot:g556:n3305,type_0,type_2,rel_10,0,0,0,0,train:g556,0,6243.0
948.0,streamspot:g556:n3639,streamspot:g556:n3585,type_0,type_2,rel_10,0,0,0,0,train:g556,0,6315.0
949.0,streamspot:g556:n4546,streamspot:g556:n4686,type_1,type_2,rel_10,0,0,0,0,train:g556,0,6562.0
950.0,streamspot:g556:n4672,streamspot:g556:n5885,type_1,type_2,rel_10,0,0,0,0,train:g556,0,6697.0
951.0,streamspot:g556:n4837,streamspot:g556:n4875,type_0,type_4,rel_5,0,0,0,0,train:g556,0,6748.0
952.0,streamspot:g556:n4837,streamspot:g556:n5123,type_0,type_4,rel_5,0,0,0,0,train:g556,0,6996.0
953.0,streamspot:g556:n4837,streamspot:g556:n5151,type_0,type_4,rel_5,0,0,0,0,train:g556,0,7024.0
954.0,streamspot:g556:n4837,streamspot:g556:n5190,type_0,type_4,rel_5,0,0,0,0,train:g556,0,7063.0
955.0,streamspot:g556:n4837,streamspot:g556:n5223,type_0,type_4,rel_5,0,0,0,0,train:g556,0,7096.0
956.0,streamspot:g556:n4837,streamspot:g556:n5500,type_0,type_4,rel_5,0,0,0,0,train:g556,0,7373.0
957.0,streamspot:g556:n4837,streamspot:g556:n5501,type_0,type_4,rel_5,0,0,0,0,train:g556,0,7374.0
958.0,streamspot:g556:n4837,streamspot:g556:n5555,type_0,type_4,rel_5,0,0,0,0,train:g556,0,7428.0
959.0,streamspot:g556:n4837,streamspot:g556:n5667,type_0,type_4,rel_5,0,0,0,0,train:g556,0,7540.0
960.0,streamspot:g556:n4837,streamspot:g556:n5781,type_0,type_4,rel_5,0,0,0,0,train:g556,0,7654.0
961.0,streamspot:g556:n4837,streamspot:g556:n2286,type_0,type_2,rel_10,0,0,0,0,train:g556,0,7740.0
962.0,streamspot:g556:n4837,streamspot:g556:n2834,type_0,type_2,rel_10,0,0,0,0,train:g556,0,7808.0
963.0,streamspot:g556:n4837,streamspot:g556:n3529,type_0,type_2,rel_10,0,0,0,0,train:g556,0,7937.0
964.0,streamspot:g556:n5900,streamspot:g556:n5932,type_1,type_2,rel_10,0,0,0,0,train:g556,0,8052.0
965.0,streamspot:g556:n5901,streamspot:g556:n8311,type_1,type_2,rel_10,0,0,0,0,train:g556,0,8176.0
966.0,streamspot:g556:n5901,streamspot:g556:n8900,type_1,type_2,rel_1,0,0,0,0,train:g556,0,8299.0
967.0,streamspot:g556:n6850,streamspot:g556:n3532,type_0,type_2,rel_10,0,0,0,0,train:g556,0,8801.0
968.0,streamspot:g556:n6961,streamspot:g556:n7020,type_0,type_4,rel_5,0,0,0,0,train:g556,0,9139.0
969.0,streamspot:g556:n6961,streamspot:g556:n2414,type_0,type_2,rel_10,0,0,0,0,train:g556,0,9335.0
970.0,streamspot:g556:n6961,streamspot:g556:n2832,type_0,type_2,rel_10,0,0,0,0,train:g556,0,9791.0
971.0,streamspot:g556:n6961,streamspot:g556:n2930,type_0,type_2,rel_10,0,0,0,0,train:g556,0,9894.0
972.0,streamspot:g556:n6961,streamspot:g556:n3303,type_0,type_2,rel_10,0,0,0,0,train:g556,0,10289.0
973.0,streamspot:g556:n6961,streamspot:g556:n3609,type_0,type_2,rel_10,0,0,0,0,train:g556,0,10461.0
974.0,streamspot:g556:n6961,streamspot:g556:n3884,type_0,type_2,rel_10,0,0,0,0,train:g556,0,10555.0
975.0,streamspot:g556:n6961,streamspot:g556:n3977,type_0,type_2,rel_10,0,0,0,0,train:g556,0,10652.0
976.0,streamspot:g556:n6961,streamspot:g556:n4125,type_0,type_2,rel_16,0,0,0,0,train:g556,0,10859.0
977.0,streamspot:g556:n6961,streamspot:g556:n6174,type_0,type_2,rel_10,0,0,0,0,train:g556,0,11111.0
978.0,streamspot:g556:n6961,streamspot:g556:n6409,type_0,type_2,rel_10,0,0,0,0,train:g556,0,11238.0
979.0,streamspot:g556:n6961,streamspot:g556:n6531,type_0,type_2,rel_10,0,0,0,0,train:g556,0,11426.0
980.0,streamspot:g556:n6961,streamspot:g556:n8427,type_0,type_2,rel_10,0,0,0,0,train:g556,0,11604.0
981.0,streamspot:g556:n6961,streamspot:g556:n4244,type_0,type_2,rel_16,0,0,0,0,train:g556,0,11683.0
982.0,streamspot:g556:n6961,streamspot:g556:n8488,type_0,type_2,rel_10,0,0,0,0,train:g556,0,11744.0
983.0,streamspot:g556:n6961,streamspot:g556:n8576,type_0,type_2,rel_10,0,0,0,0,train:g556,0,11828.0
984.0,streamspot:g556:n6961,streamspot:g556:n8637,type_0,type_2,rel_10,0,0,0,0,train:g556,0,11889.0
985.0,streamspot:g556:n6961,streamspot:g556:n8920,type_0,type_1,rel_4,0,0,0,0,train:g556,0,12016.0
986.0,streamspot:g556:n7153,streamspot:g556:n7138,type_0,type_2,rel_10,0,0,0,0,train:g556,0,12213.0
987.0,streamspot:g556:n7153,streamspot:g556:n3240,type_0,type_2,rel_10,0,0,0,0,train:g556,0,12229.0
988.0,streamspot:g556:n7153,streamspot:g556:n3298,type_0,type_2,rel_10,0,0,0,0,train:g556,0,12270.0
989.0,streamspot:g556:n7153,streamspot:g556:n3545,type_0,type_2,rel_10,0,0,0,0,train:g556,0,12311.0
990.0,streamspot:g556:n7153,streamspot:g556:n3549,type_0,type_2,rel_10,0,0,0,0,train:g556,0,12316.0
991.0,streamspot:g556:n7153,streamspot:g556:n3561,type_0,type_2,rel_10,0,0,0,0,train:g556,0,12328.0
992.0,streamspot:g556:n7160,streamspot:g556:n4318,type_1,type_2,rel_15,0,0,0,0,train:g556,0,12379.0
993.0,streamspot:g556:n7195,streamspot:g556:n7241,type_0,type_2,rel_10,0,0,0,0,train:g556,0,12637.0
994.0,streamspot:g556:n7195,streamspot:g556:n7376,type_0,type_2,rel_16,0,0,0,0,train:g556,0,12768.0
995.0,streamspot:g556:n7195,streamspot:g556:n7395,type_0,type_2,rel_10,0,0,0,0,train:g556,0,12787.0
996.0,streamspot:g556:n7195,streamspot:g556:n7482,type_0,type_2,rel_10,0,0,0,0,train:g556,0,12874.0
997.0,streamspot:g556:n7195,streamspot:g556:n7499,type_0,type_2,rel_10,0,0,0,0,train:g556,0,12891.0
998.0,streamspot:g556:n7195,streamspot:g556:n7645,type_0,type_2,rel_10,0,0,0,0,train:g556,0,13037.0
999.0,streamspot:g556:n7195,streamspot:g556:n7794,type_0,type_2,rel_10,0,0,0,0,train:g556,0,13186.0
1000.0,streamspot:g556:n8449,streamspot:g556:n5936,type_1,type_2,rel_10,0,0,0,0,train:g556,0,13606.0
1001.0,streamspot:g244:n0,streamspot:g244:n9,type_0,type_2,rel_10,0,0,0,0,train:g244,0,8.0
1002.0,streamspot:g244:n0,streamspot:g244:n253,type_0,type_2,rel_10,0,0,0,0,train:g244,0,252.0
1003.0,streamspot:g244:n0,streamspot:g244:n344,type_0,type_2,rel_16,0,0,0,0,train:g244,0,343.0
1004.0,streamspot:g244:n0,streamspot:g244:n396,type_0,type_2,rel_10,0,0,0,0,train:g244,0,395.0
1005.0,streamspot:g244:n0,streamspot:g244:n440,type_0,type_2,rel_10,0,0,0,0,train:g244,0,439.0
1006.0,streamspot:g244:n0,streamspot:g244:n512,type_0,type_2,rel_10,0,0,0,0,train:g244,0,511.0
1007.0,streamspot:g244:n0,streamspot:g244:n638,type_0,type_2,rel_10,0,0,0,0,train:g244,0,637.0
1008.0,streamspot:g244:n0,streamspot:g244:n745,type_0,type_2,rel_10,0,0,0,0,train:g244,0,744.0
1009.0,streamspot:g244:n0,streamspot:g244:n775,type_0,type_2,rel_10,0,0,0,0,train:g244,0,774.0
1010.0,streamspot:g244:n0,streamspot:g244:n987,type_0,type_2,rel_10,0,0,0,0,train:g244,0,986.0
1011.0,streamspot:g244:n0,streamspot:g244:n1301,type_0,type_2,rel_10,0,0,0,0,train:g244,0,1300.0
1012.0,streamspot:g244:n0,streamspot:g244:n1306,type_0,type_2,rel_10,0,0,0,0,train:g244,0,1305.0
1013.0,streamspot:g244:n0,streamspot:g244:n1503,type_0,type_2,rel_10,0,0,0,0,train:g244,0,1502.0
1014.0,streamspot:g244:n0,streamspot:g244:n1938,type_0,type_2,rel_10,0,0,0,0,train:g244,0,1937.0
1015.0,streamspot:g244:n0,streamspot:g244:n2167,type_0,type_2,rel_10,0,0,0,0,train:g244,0,2153.0
1016.0,streamspot:g244:n2283,streamspot:g244:n2363,type_0,type_2,rel_10,0,0,0,0,train:g244,0,2456.0
1017.0,streamspot:g244:n2283,streamspot:g244:n2736,type_0,type_2,rel_10,0,0,0,0,train:g244,0,2835.0
1018.0,streamspot:g244:n2283,streamspot:g244:n2805,type_0,type_2,rel_10,0,0,0,0,train:g244,0,2904.0
1019.0,streamspot:g244:n2283,streamspot:g244:n2876,type_0,type_2,rel_10,0,0,0,0,train:g244,0,2975.0
1020.0,streamspot:g244:n2283,streamspot:g244:n2987,type_0,type_2,rel_10,0,0,0,0,train:g244,0,3087.0
1021.0,streamspot:g244:n2283,streamspot:g244:n3031,type_0,type_2,rel_10,0,0,0,0,train:g244,0,3131.0
1022.0,streamspot:g244:n2283,streamspot:g244:n3325,type_0,type_2,rel_10,0,0,0,0,train:g244,0,3426.0
1023.0,streamspot:g244:n2283,streamspot:g244:n3535,type_0,type_2,rel_10,0,0,0,0,train:g244,0,3498.0
1024.0,streamspot:g244:n2283,streamspot:g244:n3561,type_0,type_2,rel_10,0,0,0,0,train:g244,0,3524.0
1025.0,streamspot:g244:n2283,streamspot:g244:n3595,type_0,type_2,rel_10,0,0,0,0,train:g244,0,3558.0
1026.0,streamspot:g244:n2283,streamspot:g244:n3605,type_0,type_2,rel_10,0,0,0,0,train:g244,0,3568.0
1027.0,streamspot:g244:n2283,streamspot:g244:n4428,type_0,type_4,rel_5,0,0,0,0,train:g244,0,4272.0
1028.0,streamspot:g244:n2283,streamspot:g244:n4530,type_0,type_2,rel_1,0,0,0,0,train:g244,0,4374.0
1029.0,streamspot:g244:n2283,streamspot:g244:n4820,type_0,type_2,rel_10,0,0,0,0,train:g244,0,4608.0
1030.0,streamspot:g244:n2283,streamspot:g244:n6022,type_0,type_2,rel_10,0,0,0,0,train:g244,0,4759.0
1031.0,streamspot:g244:n2283,streamspot:g244:n6328,type_0,type_2,rel_10,0,0,0,0,train:g244,0,5065.0
1032.0,streamspot:g244:n2283,streamspot:g244:n6489,type_0,type_2,rel_10,0,0,0,0,train:g244,0,5226.0
1033.0,streamspot:g244:n2283,streamspot:g244:n6492,type_0,type_2,rel_10,0,0,0,0,train:g244,0,5229.0
1034.0,streamspot:g244:n2283,streamspot:g244:n6601,type_0,type_2,rel_10,0,0,0,0,train:g244,0,5338.0
1035.0,streamspot:g244:n2283,streamspot:g244:n6621,type_0,type_2,rel_10,0,0,0,0,train:g244,0,5358.0
1036.0,streamspot:g244:n2283,streamspot:g244:n6805,type_0,type_2,rel_16,0,0,0,0,train:g244,0,5542.0
1037.0,streamspot:g244:n2283,streamspot:g244:n6807,type_0,type_2,rel_16,0,0,0,0,train:g244,0,5544.0
1038.0,streamspot:g244:n2283,streamspot:g244:n3475,type_0,type_2,rel_10,0,0,0,0,train:g244,0,5714.0
1039.0,streamspot:g244:n2283,streamspot:g244:n6923,type_0,type_2,rel_10,0,0,0,0,train:g244,0,5824.0
1040.0,streamspot:g244:n3347,streamspot:g244:n3384,type_0,type_2,rel_10,0,0,0,0,train:g244,0,5922.0
1041.0,streamspot:g244:n3347,streamspot:g244:n3513,type_0,type_2,rel_10,0,0,0,0,train:g244,0,6015.0
1042.0,streamspot:g244:n3347,streamspot:g244:n3737,type_0,type_2,rel_16,0,0,0,0,train:g244,0,6085.0
1043.0,streamspot:g244:n3347,streamspot:g244:n3743,type_0,type_2,rel_16,0,0,0,0,train:g244,0,6091.0
1044.0,streamspot:g244:n3639,streamspot:g244:n3653,type_0,type_4,rel_5,0,0,0,0,train:g244,0,6194.0
1045.0,streamspot:g244:n3639,streamspot:g244:n2314,type_0,type_2,rel_10,0,0,0,0,train:g244,0,6229.0
1046.0,streamspot:g244:n3639,streamspot:g244:n3289,type_0,type_2,rel_10,0,0,0,0,train:g244,0,6366.0
1047.0,streamspot:g244:n3639,streamspot:g244:n3316,type_0,type_2,rel_10,0,0,0,0,train:g244,0,6393.0
1048.0,streamspot:g244:n4156,streamspot:g244:n5972,type_1,type_2,rel_6,0,0,0,0,train:g244,0,6508.0
1049.0,streamspot:g244:n4537,streamspot:g244:n4688,type_1,type_2,rel_10,0,0,0,0,train:g244,0,6562.0
1050.0,streamspot:g244:n4548,streamspot:g244:n4700,type_1,type_2,rel_10,0,0,0,0,train:g244,0,6633.0
1051.0,streamspot:g244:n4677,streamspot:g244:n5930,type_1,type_2,rel_11,0,0,0,0,train:g244,0,6759.0
1052.0,streamspot:g244:n4840,streamspot:g244:n4890,type_0,type_4,rel_5,0,0,0,0,train:g244,0,6813.0
1053.0,streamspot:g244:n4840,streamspot:g244:n4907,type_0,type_4,rel_5,0,0,0,0,train:g244,0,6830.0
1054.0,streamspot:g244:n4840,streamspot:g244:n5000,type_0,type_4,rel_5,0,0,0,0,train:g244,0,6923.0
1055.0,streamspot:g244:n4840,streamspot:g244:n5030,type_0,type_4,rel_5,0,0,0,0,train:g244,0,6953.0
1056.0,streamspot:g244:n4840,streamspot:g244:n5050,type_0,type_4,rel_5,0,0,0,0,train:g244,0,6973.0
1057.0,streamspot:g244:n4840,streamspot:g244:n5109,type_0,type_4,rel_5,0,0,0,0,train:g244,0,7032.0
1058.0,streamspot:g244:n4840,streamspot:g244:n5139,type_0,type_4,rel_5,0,0,0,0,train:g244,0,7062.0
1059.0,streamspot:g244:n4840,streamspot:g244:n5845,type_0,type_4,rel_5,0,0,0,0,train:g244,0,7768.0
1060.0,streamspot:g244:n4840,streamspot:g244:n2288,type_0,type_2,rel_10,0,0,0,0,train:g244,0,7795.0
1061.0,streamspot:g244:n4840,streamspot:g244:n2460,type_0,type_2,rel_10,0,0,0,0,train:g244,0,7898.0
1062.0,streamspot:g244:n4840,streamspot:g244:n2461,type_0,type_2,rel_10,0,0,0,0,train:g244,0,7899.0
1063.0,streamspot:g244:n4840,streamspot:g244:n3549,type_0,type_2,rel_10,0,0,0,0,train:g244,0,8010.0
1064.0,streamspot:g244:n5905,streamspot:g244:n8624,type_1,type_2,rel_10,0,0,0,0,train:g244,0,8200.0
1065.0,streamspot:g244:n5924,streamspot:g244:n8250,type_1,type_2,rel_1,0,0,0,0,train:g244,0,8209.0
1066.0,streamspot:g244:n6839,streamspot:g244:n2390,type_0,type_2,rel_10,0,0,0,0,train:g244,0,8515.0
1067.0,streamspot:g244:n6839,streamspot:g244:n2969,type_0,type_2,rel_10,0,0,0,0,train:g244,0,8591.0
1068.0,streamspot:g244:n6839,streamspot:g244:n3577,type_0,type_2,rel_10,0,0,0,0,train:g244,0,8664.0
1069.0,streamspot:g244:n6956,streamspot:g244:n6993,type_0,type_4,rel_5,0,0,0,0,train:g244,0,8941.0
1070.0,streamspot:g244:n6956,streamspot:g244:n7002,type_0,type_4,rel_5,0,0,0,0,train:g244,0,8950.0
1071.0,streamspot:g244:n6956,streamspot:g244:n2304,type_0,type_2,rel_10,0,0,0,0,train:g244,0,9030.0
1072.0,streamspot:g244:n6956,streamspot:g244:n2327,type_0,type_2,rel_10,0,0,0,0,train:g244,0,9055.0
1073.0,streamspot:g244:n6956,streamspot:g244:n2671,type_0,type_2,rel_10,0,0,0,0,train:g244,0,9420.0
1074.0,streamspot:g244:n6956,streamspot:g244:n2727,type_0,type_2,rel_10,0,0,0,0,train:g244,0,9479.0
1075.0,streamspot:g244:n6956,streamspot:g244:n2939,type_0,type_2,rel_10,0,0,0,0,train:g244,0,9702.0
1076.0,streamspot:g244:n6956,streamspot:g244:n2954,type_0,type_2,rel_10,0,0,0,0,train:g244,0,9718.0
1077.0,streamspot:g244:n6956,streamspot:g244:n2996,type_0,type_2,rel_10,0,0,0,0,train:g244,0,9763.0
1078.0,streamspot:g244:n6956,streamspot:g244:n3024,type_0,type_2,rel_10,0,0,0,0,train:g244,0,9793.0
1079.0,streamspot:g244:n6956,streamspot:g244:n3073,type_0,type_2,rel_10,0,0,0,0,train:g244,0,9846.0
1080.0,streamspot:g244:n6956,streamspot:g244:n3255,type_0,type_2,rel_10,0,0,0,0,train:g244,0,10037.0
1081.0,streamspot:g244:n6956,streamspot:g244:n3296,type_0,type_2,rel_10,0,0,0,0,train:g244,0,10080.0
1082.0,streamspot:g244:n6956,streamspot:g244:n3528,type_0,type_2,rel_1,0,0,0,0,train:g244,0,10175.0
1083.0,streamspot:g244:n6956,streamspot:g244:n7120,type_0,type_2,rel_10,0,0,0,0,train:g244,0,10217.0
1084.0,streamspot:g244:n6956,streamspot:g244:n3650,type_0,type_2,rel_10,0,0,0,0,train:g244,0,10292.0
1085.0,streamspot:g244:n6956,streamspot:g244:n4009,type_0,type_2,rel_10,0,0,0,0,train:g244,0,10484.0
1086.0,streamspot:g244:n6956,streamspot:g244:n6175,type_0,type_2,rel_10,0,0,0,0,train:g244,0,10923.0
1087.0,streamspot:g244:n6956,streamspot:g244:n6242,type_0,type_2,rel_10,0,0,0,0,train:g244,0,10934.0
1088.0,streamspot:g244:n6956,streamspot:g244:n6410,type_0,type_2,rel_10,0,0,0,0,train:g244,0,11051.0
1089.0,streamspot:g244:n6956,streamspot:g244:n6554,type_0,type_2,rel_10,0,0,0,0,train:g244,0,11262.0
1090.0,streamspot:g244:n6956,streamspot:g244:n8556,type_0,type_2,rel_10,0,0,0,0,train:g244,0,11716.0
1091.0,streamspot:g244:n7122,streamspot:g244:n7123,type_1,type_0,rel_4,0,0,0,0,train:g244,0,11786.0
1092.0,streamspot:g244:n7123,streamspot:g244:n3225,type_0,type_2,rel_10,0,0,0,0,train:g244,0,11964.0
1093.0,streamspot:g244:n7140,streamspot:g244:n7037,type_0,type_2,rel_16,0,0,0,0,train:g244,0,12145.0
1094.0,streamspot:g244:n7140,streamspot:g244:n2308,type_0,type_2,rel_10,0,0,0,0,train:g244,0,12192.0
1095.0,streamspot:g244:n7140,streamspot:g244:n2461,type_0,type_2,rel_10,0,0,0,0,train:g244,0,12238.0
1096.0,streamspot:g244:n7165,streamspot:g244:n7045,type_0,type_2,rel_16,0,0,0,0,train:g244,0,12288.0
1097.0,streamspot:g244:n7165,streamspot:g244:n7288,type_0,type_2,rel_10,0,0,0,0,train:g244,0,12472.0
1098.0,streamspot:g244:n7165,streamspot:g244:n7405,type_0,type_2,rel_10,0,0,0,0,train:g244,0,12577.0
1099.0,streamspot:g244:n7165,streamspot:g244:n7799,type_0,type_2,rel_10,0,0,0,0,train:g244,0,12971.0
1100.0,streamspot:g244:n7175,streamspot:g244:n2334,type_0,type_2,rel_16,0,0,0,0,train:g244,0,13233.0
1101.0,streamspot:g23:n0,streamspot:g23:n22,type_0,type_2,rel_16,0,0,0,0,train:g23,0,21.0
1102.0,streamspot:g23:n0,streamspot:g23:n26,type_0,type_2,rel_10,0,0,0,0,train:g23,0,25.0
1103.0,streamspot:g23:n0,streamspot:g23:n60,type_0,type_2,rel_10,0,0,0,0,train:g23,0,59.0
1104.0,streamspot:g23:n0,streamspot:g23:n66,type_0,type_2,rel_10,0,0,0,0,train:g23,0,65.0
1105.0,streamspot:g23:n0,streamspot:g23:n156,type_0,type_2,rel_16,0,0,0,0,train:g23,0,155.0
1106.0,streamspot:g23:n0,streamspot:g23:n547,type_0,type_2,rel_10,0,0,0,0,train:g23,0,546.0
1107.0,streamspot:g23:n0,streamspot:g23:n713,type_0,type_2,rel_16,0,0,0,0,train:g23,0,712.0
1108.0,streamspot:g23:n0,streamspot:g23:n714,type_0,type_2,rel_10,0,0,0,0,train:g23,0,713.0
1109.0,streamspot:g23:n0,streamspot:g23:n892,type_0,type_2,rel_10,0,0,0,0,train:g23,0,891.0
1110.0,streamspot:g23:n0,streamspot:g23:n932,type_0,type_2,rel_10,0,0,0,0,train:g23,0,931.0
1111.0,streamspot:g23:n0,streamspot:g23:n945,type_0,type_2,rel_16,0,0,0,0,train:g23,0,944.0
1112.0,streamspot:g23:n0,streamspot:g23:n1095,type_0,type_2,rel_10,0,0,0,0,train:g23,0,1094.0
1113.0,streamspot:g23:n0,streamspot:g23:n1358,type_0,type_2,rel_10,0,0,0,0,train:g23,0,1357.0
1114.0,streamspot:g23:n0,streamspot:g23:n1395,type_0,type_2,rel_10,0,0,0,0,train:g23,0,1394.0
1115.0,streamspot:g23:n0,streamspot:g23:n1444,type_0,type_2,rel_16,0,0,0,0,train:g23,0,1443.0
1116.0,streamspot:g23:n0,streamspot:g23:n1456,type_0,type_2,rel_10,0,0,0,0,train:g23,0,1455.0
1117.0,streamspot:g23:n0,streamspot:g23:n1566,type_0,type_2,rel_10,0,0,0,0,train:g23,0,1565.0
1118.0,streamspot:g23:n0,streamspot:g23:n1612,type_0,type_2,rel_10,0,0,0,0,train:g23,0,1611.0
1119.0,streamspot:g23:n0,streamspot:g23:n1728,type_0,type_2,rel_10,0,0,0,0,train:g23,0,1727.0
1120.0,streamspot:g23:n0,streamspot:g23:n1964,type_0,type_2,rel_10,0,0,0,0,train:g23,0,1963.0
1121.0,streamspot:g23:n0,streamspot:g23:n2102,type_0,type_2,rel_10,0,0,0,0,train:g23,0,2101.0
1122.0,streamspot:g23:n0,streamspot:g23:n2193,type_0,type_2,rel_10,0,0,0,0,train:g23,0,2179.0
1123.0,streamspot:g23:n2283,streamspot:g23:n2315,type_0,type_2,rel_16,0,0,0,0,train:g23,0,2330.0
1124.0,streamspot:g23:n2283,streamspot:g23:n2407,type_0,type_2,rel_10,0,0,0,0,train:g23,0,2427.0
1125.0,streamspot:g23:n2283,streamspot:g23:n2567,type_0,type_2,rel_10,0,0,0,0,train:g23,0,2590.0
1126.0,streamspot:g23:n2283,streamspot:g23:n2589,type_0,type_2,rel_10,0,0,0,0,train:g23,0,2612.0
1127.0,streamspot:g23:n2283,streamspot:g23:n2807,type_0,type_2,rel_10,0,0,0,0,train:g23,0,2830.0
1128.0,streamspot:g23:n2283,streamspot:g23:n3211,type_0,type_2,rel_10,0,0,0,0,train:g23,0,3236.0
1129.0,streamspot:g23:n2283,streamspot:g23:n3265,type_0,type_2,rel_10,0,0,0,0,train:g23,0,3290.0
1130.0,streamspot:g23:n2283,streamspot:g23:n3406,type_0,type_2,rel_10,0,0,0,0,train:g23,0,3389.0
1131.0,streamspot:g23:n2283,streamspot:g23:n3547,type_0,type_2,rel_10,0,0,0,0,train:g23,0,3434.0
1132.0,streamspot:g23:n2283,streamspot:g23:n3570,type_0,type_2,rel_10,0,0,0,0,train:g23,0,3457.0
1133.0,streamspot:g23:n2283,streamspot:g23:n3584,type_0,type_2,rel_10,0,0,0,0,train:g23,0,3471.0
1134.0,streamspot:g23:n2283,streamspot:g23:n3586,type_0,type_2,rel_10,0,0,0,0,train:g23,0,3473.0
1135.0,streamspot:g23:n2283,streamspot:g23:n3832,type_0,type_2,rel_10,0,0,0,0,train:g23,0,3597.0
1136.0,streamspot:g23:n2283,streamspot:g23:n3902,type_0,type_2,rel_10,0,0,0,0,train:g23,0,3667.0
1137.0,streamspot:g23:n2283,streamspot:g23:n3945,type_0,type_2,rel_10,0,0,0,0,train:g23,0,3710.0
1138.0,streamspot:g23:n2283,streamspot:g23:n4016,type_0,type_2,rel_10,0,0,0,0,train:g23,0,3789.0
1139.0,streamspot:g23:n2283,streamspot:g23:n4159,type_0,type_2,rel_10,0,0,0,0,train:g23,0,3897.0
1140.0,streamspot:g23:n2283,streamspot:g23:n4321,type_0,type_2,rel_1,0,0,0,0,train:g23,0,4061.0
1141.0,streamspot:g23:n2283,streamspot:g23:n4330,type_0,type_2,rel_16,0,0,0,0,train:g23,0,4070.0
1142.0,streamspot:g23:n2283,streamspot:g23:n4357,type_0,type_2,rel_10,0,0,0,0,train:g23,0,4097.0
1143.0,streamspot:g23:n2283,streamspot:g23:n4368,type_0,type_2,rel_10,0,0,0,0,train:g23,0,4108.0
1144.0,streamspot:g23:n2283,streamspot:g23:n2260,type_0,type_2,rel_16,0,0,0,0,train:g23,0,4158.0
1145.0,streamspot:g23:n2283,streamspot:g23:n4429,type_0,type_2,rel_1,0,0,0,0,train:g23,0,4199.0
1146.0,streamspot:g23:n2283,streamspot:g23:n4586,type_0,type_2,rel_16,0,0,0,0,train:g23,0,4356.0
1147.0,streamspot:g23:n2283,streamspot:g23:n4670,type_0,type_1,rel_4,0,0,0,0,train:g23,0,4434.0
1148.0,streamspot:g23:n2283,streamspot:g23:n5864,type_0,type_2,rel_1,0,0,0,0,train:g23,0,4598.0
1149.0,streamspot:g23:n2283,streamspot:g23:n6062,type_0,type_2,rel_10,0,0,0,0,train:g23,0,4736.0
1150.0,streamspot:g23:n2283,streamspot:g23:n6071,type_0,type_2,rel_10,0,0,0,0,train:g23,0,4745.0
1151.0,streamspot:g23:n2283,streamspot:g23:n6099,type_0,type_2,rel_10,0,0,0,0,train:g23,0,4773.0
1152.0,streamspot:g23:n2283,streamspot:g23:n6148,type_0,type_2,rel_10,0,0,0,0,train:g23,0,4822.0
1153.0,streamspot:g23:n2283,streamspot:g23:n6331,type_0,type_2,rel_10,0,0,0,0,train:g23,0,5005.0
1154.0,streamspot:g23:n2283,streamspot:g23:n6365,type_0,type_2,rel_10,0,0,0,0,train:g23,0,5039.0
1155.0,streamspot:g23:n2283,streamspot:g23:n6462,type_0,type_2,rel_10,0,0,0,0,train:g23,0,5136.0
1156.0,streamspot:g23:n2283,streamspot:g23:n6583,type_0,type_2,rel_10,0,0,0,0,train:g23,0,5257.0
1157.0,streamspot:g23:n3347,streamspot:g23:n3362,type_0,type_2,rel_10,0,0,0,0,train:g23,0,5337.0
1158.0,streamspot:g23:n3347,streamspot:g23:n3693,type_0,type_2,rel_10,0,0,0,0,train:g23,0,5479.0
1159.0,streamspot:g23:n3347,streamspot:g23:n3767,type_0,type_2,rel_10,0,0,0,0,train:g23,0,5553.0
1160.0,streamspot:g23:n3347,streamspot:g23:n4126,type_0,type_2,rel_10,0,0,0,0,train:g23,0,5585.0
1161.0,streamspot:g23:n3347,streamspot:g23:n4141,type_0,type_2,rel_10,0,0,0,0,train:g23,0,5611.0
1162.0,streamspot:g23:n3639,streamspot:g23:n3643,type_0,type_4,rel_5,0,0,0,0,train:g23,0,5626.0
1163.0,streamspot:g23:n3639,streamspot:g23:n2838,type_0,type_2,rel_10,0,0,0,0,train:g23,0,5710.0
1164.0,streamspot:g23:n4535,streamspot:g23:n5,type_1,type_2,rel_1,0,0,0,0,train:g23,0,5996.0
1165.0,streamspot:g23:n4544,streamspot:g23:n6,type_1,type_2,rel_9,0,0,0,0,train:g23,0,6029.0
1166.0,streamspot:g23:n4659,streamspot:g23:n4698,type_1,type_2,rel_10,0,0,0,0,train:g23,0,6116.0
1167.0,streamspot:g23:n4673,streamspot:g23:n5946,type_1,type_2,rel_11,0,0,0,0,train:g23,0,6181.0
1168.0,streamspot:g23:n4838,streamspot:g23:n5439,type_0,type_4,rel_5,0,0,0,0,train:g23,0,6787.0
1169.0,streamspot:g23:n4838,streamspot:g23:n5501,type_0,type_4,rel_5,0,0,0,0,train:g23,0,6849.0
1170.0,streamspot:g23:n4838,streamspot:g23:n5562,type_0,type_4,rel_5,0,0,0,0,train:g23,0,6910.0
1171.0,streamspot:g23:n4838,streamspot:g23:n5684,type_0,type_4,rel_5,0,0,0,0,train:g23,0,7032.0
1172.0,streamspot:g23:n4838,streamspot:g23:n5814,type_0,type_4,rel_5,0,0,0,0,train:g23,0,7162.0
1173.0,streamspot:g23:n4838,streamspot:g23:n2295,type_0,type_2,rel_16,0,0,0,0,train:g23,0,7225.0
1174.0,streamspot:g23:n4838,streamspot:g23:n2315,type_0,type_2,rel_16,0,0,0,0,train:g23,0,7245.0
1175.0,streamspot:g23:n4838,streamspot:g23:n2468,type_0,type_2,rel_10,0,0,0,0,train:g23,0,7329.0
1176.0,streamspot:g23:n4838,streamspot:g23:n3593,type_0,type_2,rel_10,0,0,0,0,train:g23,0,7477.0
1177.0,streamspot:g23:n5903,streamspot:g23:n8008,type_1,type_2,rel_10,0,0,0,0,train:g23,0,7597.0
1178.0,streamspot:g23:n6638,streamspot:g23:n6731,type_0,type_2,rel_10,0,0,0,0,train:g23,0,7874.0
1179.0,streamspot:g23:n6638,streamspot:g23:n2447,type_0,type_2,rel_10,0,0,0,0,train:g23,0,7904.0
1180.0,streamspot:g23:n6638,streamspot:g23:n6740,type_0,type_2,rel_10,0,0,0,0,train:g23,0,8059.0
1181.0,streamspot:g23:n6638,streamspot:g23:n6772,type_0,type_2,rel_10,0,0,0,0,train:g23,0,8699.0
1182.0,streamspot:g23:n6638,streamspot:g23:n3258,type_0,type_2,rel_10,0,0,0,0,train:g23,0,8774.0
1183.0,streamspot:g23:n6638,streamspot:g23:n3465,type_0,type_2,rel_10,0,0,0,0,train:g23,0,8904.0
1184.0,streamspot:g23:n6638,streamspot:g23:n3530,type_0,type_2,rel_10,0,0,0,0,train:g23,0,8912.0
1185.0,streamspot:g23:n6638,streamspot:g23:n3560,type_0,type_2,rel_10,0,0,0,0,train:g23,0,8943.0
1186.0,streamspot:g23:n6638,streamspot:g23:n3601,type_0,type_2,rel_10,0,0,0,0,train:g23,0,8986.0
1187.0,streamspot:g23:n6638,streamspot:g23:n3652,type_0,type_2,rel_10,0,0,0,0,train:g23,0,9026.0
1188.0,streamspot:g23:n6638,streamspot:g23:n3793,type_0,type_2,rel_1,0,0,0,0,train:g23,0,9054.0
1189.0,streamspot:g23:n6638,streamspot:g23:n3863,type_0,type_2,rel_10,0,0,0,0,train:g23,0,9127.0
1190.0,streamspot:g23:n6638,streamspot:g23:n3886,type_0,type_2,rel_10,0,0,0,0,train:g23,0,9151.0
1191.0,streamspot:g23:n6638,streamspot:g23:n3747,type_0,type_2,rel_16,0,0,0,0,train:g23,0,9328.0
1192.0,streamspot:g23:n6638,streamspot:g23:n6132,type_0,type_2,rel_10,0,0,0,0,train:g23,0,9630.0
1193.0,streamspot:g23:n6638,streamspot:g23:n6145,type_0,type_2,rel_10,0,0,0,0,train:g23,0,9644.0
1194.0,streamspot:g23:n6638,streamspot:g23:n6300,type_0,type_2,rel_10,0,0,0,0,train:g23,0,9847.0
1195.0,streamspot:g23:n6638,streamspot:g23:n8296,type_0,type_2,rel_10,0,0,0,0,train:g23,0,10512.0
1196.0,streamspot:g23:n6789,streamspot:g23:n2288,type_0,type_2,rel_10,0,0,0,0,train:g23,0,10578.0
1197.0,streamspot:g23:n6789,streamspot:g23:n3567,type_0,type_2,rel_10,0,0,0,0,train:g23,0,10820.0
1198.0,streamspot:g23:n6831,streamspot:g23:n7236,type_0,type_2,rel_10,0,0,0,0,train:g23,0,11478.0
1199.0,streamspot:g23:n6831,streamspot:g23:n7457,type_0,type_2,rel_10,0,0,0,0,train:g23,0,11700.0
1200.0,streamspot:g23:n6831,streamspot:g23:n7541,type_0,type_2,rel_10,0,0,0,0,train:g23,0,11784.0
1201.0,streamspot:g470:n0,streamspot:g470:n250,type_0,type_2,rel_10,0,0,0,0,train:g470,0,249.0
1202.0,streamspot:g470:n0,streamspot:g470:n255,type_0,type_2,rel_10,0,0,0,0,train:g470,0,254.0
1203.0,streamspot:g470:n0,streamspot:g470:n478,type_0,type_2,rel_10,0,0,0,0,train:g470,0,477.0
1204.0,streamspot:g470:n0,streamspot:g470:n540,type_0,type_2,rel_10,0,0,0,0,train:g470,0,539.0
1205.0,streamspot:g470:n0,streamspot:g470:n595,type_0,type_2,rel_10,0,0,0,0,train:g470,0,594.0
1206.0,streamspot:g470:n0,streamspot:g470:n664,type_0,type_2,rel_10,0,0,0,0,train:g470,0,663.0
1207.0,streamspot:g470:n0,streamspot:g470:n736,type_0,type_2,rel_10,0,0,0,0,train:g470,0,735.0
1208.0,streamspot:g470:n0,streamspot:g470:n749,type_0,type_2,rel_10,0,0,0,0,train:g470,0,748.0
1209.0,streamspot:g470:n0,streamspot:g470:n896,type_0,type_2,rel_10,0,0,0,0,train:g470,0,895.0
1210.0,streamspot:g470:n0,streamspot:g470:n924,type_0,type_2,rel_10,0,0,0,0,train:g470,0,923.0
1211.0,streamspot:g470:n0,streamspot:g470:n1223,type_0,type_2,rel_10,0,0,0,0,train:g470,0,1222.0
1212.0,streamspot:g470:n0,streamspot:g470:n1337,type_0,type_2,rel_10,0,0,0,0,train:g470,0,1336.0
1213.0,streamspot:g470:n0,streamspot:g470:n1477,type_0,type_2,rel_10,0,0,0,0,train:g470,0,1476.0
1214.0,streamspot:g470:n0,streamspot:g470:n1521,type_0,type_2,rel_10,0,0,0,0,train:g470,0,1520.0
1215.0,streamspot:g470:n0,streamspot:g470:n1578,type_0,type_2,rel_10,0,0,0,0,train:g470,0,1577.0
1216.0,streamspot:g470:n0,streamspot:g470:n1598,type_0,type_2,rel_10,0,0,0,0,train:g470,0,1597.0
1217.0,streamspot:g470:n0,streamspot:g470:n1612,type_0,type_2,rel_10,0,0,0,0,train:g470,0,1611.0
1218.0,streamspot:g470:n0,streamspot:g470:n1812,type_0,type_2,rel_10,0,0,0,0,train:g470,0,1811.0
1219.0,streamspot:g470:n0,streamspot:g470:n1875,type_0,type_2,rel_16,0,0,0,0,train:g470,0,1874.0
1220.0,streamspot:g470:n0,streamspot:g470:n1969,type_0,type_2,rel_10,0,0,0,0,train:g470,0,1968.0
1221.0,streamspot:g470:n0,streamspot:g470:n2144,type_0,type_2,rel_10,0,0,0,0,train:g470,0,2130.0
1222.0,streamspot:g470:n2283,streamspot:g470:n2520,type_0,type_2,rel_10,0,0,0,0,train:g470,0,2675.0
1223.0,streamspot:g470:n2283,streamspot:g470:n2570,type_0,type_2,rel_10,0,0,0,0,train:g470,0,2725.0
1224.0,streamspot:g470:n2283,streamspot:g470:n2639,type_0,type_2,rel_10,0,0,0,0,train:g470,0,2794.0
1225.0,streamspot:g470:n2283,streamspot:g470:n2656,type_0,type_2,rel_10,0,0,0,0,train:g470,0,2811.0
1226.0,streamspot:g470:n2283,streamspot:g470:n2958,type_0,type_2,rel_10,0,0,0,0,train:g470,0,3113.0
1227.0,streamspot:g470:n2283,streamspot:g470:n3159,type_0,type_2,rel_10,0,0,0,0,train:g470,0,3316.0
1228.0,streamspot:g470:n2283,streamspot:g470:n3161,type_0,type_2,rel_10,0,0,0,0,train:g470,0,3318.0
1229.0,streamspot:g470:n2283,streamspot:g470:n3228,type_0,type_2,rel_10,0,0,0,0,train:g470,0,3385.0
1230.0,streamspot:g470:n2283,streamspot:g470:n3531,type_0,type_2,rel_10,0,0,0,0,train:g470,0,3550.0
1231.0,streamspot:g470:n2283,streamspot:g470:n3581,type_0,type_2,rel_10,0,0,0,0,train:g470,0,3600.0
1232.0,streamspot:g470:n2283,streamspot:g470:n4070,type_0,type_2,rel_10,0,0,0,0,train:g470,0,3943.0
1233.0,streamspot:g470:n2283,streamspot:g470:n4296,type_0,type_2,rel_1,0,0,0,0,train:g470,0,4168.0
1234.0,streamspot:g470:n2283,streamspot:g470:n4354,type_0,type_2,rel_10,0,0,0,0,train:g470,0,4226.0
1235.0,streamspot:g470:n2283,streamspot:g470:n4395,type_0,type_2,rel_1,0,0,0,0,train:g470,0,4261.0
1236.0,streamspot:g470:n2283,streamspot:g470:n4553,type_0,type_2,rel_16,0,0,0,0,train:g470,0,4455.0
1237.0,streamspot:g470:n2283,streamspot:g470:n4756,type_0,type_2,rel_10,0,0,0,0,train:g470,0,4601.0
1238.0,streamspot:g470:n2283,streamspot:g470:n4773,type_0,type_2,rel_10,0,0,0,0,train:g470,0,4618.0
1239.0,streamspot:g470:n2283,streamspot:g470:n4706,type_0,type_2,rel_10,0,0,0,0,train:g470,0,4701.0
1240.0,streamspot:g470:n2283,streamspot:g470:n5869,type_0,type_2,rel_16,0,0,0,0,train:g470,0,4734.0
1241.0,streamspot:g470:n2283,streamspot:g470:n6099,type_0,type_2,rel_10,0,0,0,0,train:g470,0,4872.0
1242.0,streamspot:g470:n2283,streamspot:g470:n6140,type_0,type_2,rel_10,0,0,0,0,train:g470,0,4913.0
1243.0,streamspot:g470:n2283,streamspot:g470:n6184,type_0,type_2,rel_10,0,0,0,0,train:g470,0,4957.0
1244.0,streamspot:g470:n2283,streamspot:g470:n6251,type_0,type_2,rel_10,0,0,0,0,train:g470,0,5024.0
1245.0,streamspot:g470:n2283,streamspot:g470:n6267,type_0,type_2,rel_10,0,0,0,0,train:g470,0,5040.0
1246.0,streamspot:g470:n2283,streamspot:g470:n6309,type_0,type_2,rel_10,0,0,0,0,train:g470,0,5082.0
1247.0,streamspot:g470:n2283,streamspot:g470:n6382,type_0,type_2,rel_10,0,0,0,0,train:g470,0,5155.0
1248.0,streamspot:g470:n2283,streamspot:g470:n6426,type_0,type_2,rel_10,0,0,0,0,train:g470,0,5199.0
1249.0,streamspot:g470:n2283,streamspot:g470:n6607,type_0,type_2,rel_10,0,0,0,0,train:g470,0,5380.0
1250.0,streamspot:g470:n2283,streamspot:g470:n8824,type_0,type_2,rel_1,0,0,0,0,train:g470,0,5798.0
1251.0,streamspot:g470:n3639,streamspot:g470:n2351,type_0,type_2,rel_10,0,0,0,0,train:g470,0,6229.0
1252.0,streamspot:g470:n3639,streamspot:g470:n2378,type_0,type_2,rel_10,0,0,0,0,train:g470,0,6295.0
1253.0,streamspot:g470:n4154,streamspot:g470:n8501,type_1,type_2,rel_6,0,0,0,0,train:g470,0,6564.0
1254.0,streamspot:g470:n4154,streamspot:g470:n8741,type_1,type_2,rel_6,0,0,0,0,train:g470,0,6575.0
1255.0,streamspot:g470:n4535,streamspot:g470:n4699,type_1,type_2,rel_10,0,0,0,0,train:g470,0,6626.0
1256.0,streamspot:g470:n4835,streamspot:g470:n5248,type_0,type_4,rel_5,0,0,0,0,train:g470,0,7222.0
1257.0,streamspot:g470:n4835,streamspot:g470:n5346,type_0,type_4,rel_5,0,0,0,0,train:g470,0,7320.0
1258.0,streamspot:g470:n4835,streamspot:g470:n5500,type_0,type_4,rel_5,0,0,0,0,train:g470,0,7474.0
1259.0,streamspot:g470:n4835,streamspot:g470:n5511,type_0,type_4,rel_5,0,0,0,0,train:g470,0,7485.0
1260.0,streamspot:g470:n4835,streamspot:g470:n5672,type_0,type_4,rel_5,0,0,0,0,train:g470,0,7646.0
1261.0,streamspot:g470:n4835,streamspot:g470:n5708,type_0,type_4,rel_5,0,0,0,0,train:g470,0,7682.0
1262.0,streamspot:g470:n4835,streamspot:g470:n5780,type_0,type_4,rel_5,0,0,0,0,train:g470,0,7754.0
1263.0,streamspot:g470:n4835,streamspot:g470:n3583,type_0,type_2,rel_10,0,0,0,0,train:g470,0,8090.0
1264.0,streamspot:g470:n5951,streamspot:g470:n4826,type_1,type_2,rel_2,0,0,0,0,train:g470,0,8412.0
1265.0,streamspot:g470:n5958,streamspot:g470:n8736,type_1,type_2,rel_2,0,0,0,0,train:g470,0,8518.0
1266.0,streamspot:g470:n5962,streamspot:g470:n6,type_1,type_2,rel_9,0,0,0,0,train:g470,0,8547.0
1267.0,streamspot:g470:n6742,streamspot:g470:n2300,type_0,type_2,rel_10,0,0,0,0,train:g470,0,8761.0
1268.0,streamspot:g470:n6742,streamspot:g470:n7,type_0,type_2,rel_10,0,0,0,0,train:g470,0,8828.0
1269.0,streamspot:g470:n6742,streamspot:g470:n2957,type_0,type_2,rel_10,0,0,0,0,train:g470,0,9456.0
1270.0,streamspot:g470:n6742,streamspot:g470:n2978,type_0,type_2,rel_10,0,0,0,0,train:g470,0,9478.0
1271.0,streamspot:g470:n6742,streamspot:g470:n3074,type_0,type_2,rel_10,0,0,0,0,train:g470,0,9582.0
1272.0,streamspot:g470:n6742,streamspot:g470:n3525,type_0,type_2,rel_10,0,0,0,0,train:g470,0,9908.0
1273.0,streamspot:g470:n6742,streamspot:g470:n3647,type_0,type_2,rel_10,0,0,0,0,train:g470,0,10024.0
1274.0,streamspot:g470:n6742,streamspot:g470:n4514,type_0,type_2,rel_10,0,0,0,0,train:g470,0,10231.0
1275.0,streamspot:g470:n6742,streamspot:g470:n7968,type_0,type_2,rel_10,0,0,0,0,train:g470,0,10555.0
1276.0,streamspot:g470:n6742,streamspot:g470:n6202,type_0,type_2,rel_10,0,0,0,0,train:g470,0,10567.0
1277.0,streamspot:g470:n6742,streamspot:g470:n6241,type_0,type_2,rel_10,0,0,0,0,train:g470,0,10608.0
1278.0,streamspot:g470:n6742,streamspot:g470:n6263,type_0,type_2,rel_10,0,0,0,0,train:g470,0,10671.0
1279.0,streamspot:g470:n6742,streamspot:g470:n6273,type_0,type_2,rel_10,0,0,0,0,train:g470,0,10681.0
1280.0,streamspot:g470:n6742,streamspot:g470:n4289,type_0,type_2,rel_10,0,0,0,0,train:g470,0,11165.0
1281.0,streamspot:g470:n6742,streamspot:g470:n8517,type_0,type_2,rel_10,0,0,0,0,train:g470,0,11232.0
1282.0,streamspot:g470:n6948,streamspot:g470:n6949,type_1,type_0,rel_4,0,0,0,0,train:g470,0,11364.0
1283.0,streamspot:g470:n6949,streamspot:g470:n2842,type_0,type_2,rel_10,0,0,0,0,train:g470,0,11494.0
1284.0,streamspot:g470:n6949,streamspot:g470:n6946,type_0,type_2,rel_10,0,0,0,0,train:g470,0,11662.0
1285.0,streamspot:g470:n6966,streamspot:g470:n2468,type_0,type_2,rel_10,0,0,0,0,train:g470,0,11822.0
1286.0,streamspot:g470:n6991,streamspot:g470:n2340,type_0,type_2,rel_16,0,0,0,0,train:g470,0,11938.0
1287.0,streamspot:g470:n6991,streamspot:g470:n7040,type_0,type_2,rel_10,0,0,0,0,train:g470,0,11951.0
1288.0,streamspot:g470:n6991,streamspot:g470:n7119,type_0,type_2,rel_10,0,0,0,0,train:g470,0,12042.0
1289.0,streamspot:g470:n6991,streamspot:g470:n7366,type_0,type_2,rel_10,0,0,0,0,train:g470,0,12289.0
1290.0,streamspot:g470:n6991,streamspot:g470:n7477,type_0,type_2,rel_10,0,0,0,0,train:g470,0,12400.0
1291.0,streamspot:g470:n6991,streamspot:g470:n7627,type_0,type_2,rel_10,0,0,0,0,train:g470,0,12550.0
1292.0,streamspot:g470:n6991,streamspot:g470:n7776,type_0,type_2,rel_10,0,0,0,0,train:g470,0,12700.0
1293.0,streamspot:g470:n7001,streamspot:g470:n7053,type_0,type_2,rel_10,0,0,0,0,train:g470,0,12863.0
1294.0,streamspot:g470:n8320,streamspot:g470:n2293,type_0,type_2,rel_16,0,0,0,0,train:g470,0,12903.0
1295.0,streamspot:g470:n8320,streamspot:g470:n2352,type_0,type_2,rel_10,0,0,0,0,train:g470,0,13003.0
1296.0,streamspot:g470:n8320,streamspot:g470:n2400,type_0,type_2,rel_10,0,0,0,0,train:g470,0,13129.0
1297.0,streamspot:g470:n8398,streamspot:g470:n3533,type_0,type_2,rel_10,0,0,0,0,train:g470,0,13835.0
1298.0,streamspot:g470:n8398,streamspot:g470:n3539,type_0,type_2,rel_10,0,0,0,0,train:g470,0,13841.0
1299.0,streamspot:g470:n8398,streamspot:g470:n2995,type_0,type_2,rel_10,0,0,0,0,train:g470,0,13967.0
1300.0,streamspot:g470:n8398,streamspot:g470:n3012,type_0,type_2,rel_10,0,0,0,0,train:g470,0,13984.0
1301.0,streamspot:g446:n0,streamspot:g446:n110,type_0,type_2,rel_10,0,0,0,0,train:g446,0,109.0
1302.0,streamspot:g446:n0,streamspot:g446:n241,type_0,type_2,rel_10,0,0,0,0,train:g446,0,240.0
1303.0,streamspot:g446:n0,streamspot:g446:n266,type_0,type_2,rel_10,0,0,0,0,train:g446,0,265.0
1304.0,streamspot:g446:n0,streamspot:g446:n328,type_0,type_2,rel_10,0,0,0,0,train:g446,0,327.0
1305.0,streamspot:g446:n0,streamspot:g446:n561,type_0,type_2,rel_10,0,0,0,0,train:g446,0,560.0
1306.0,streamspot:g446:n0,streamspot:g446:n752,type_0,type_2,rel_10,0,0,0,0,train:g446,0,751.0
1307.0,streamspot:g446:n0,streamspot:g446:n996,type_0,type_2,rel_10,0,0,0,0,train:g446,0,995.0
1308.0,streamspot:g446:n0,streamspot:g446:n1061,type_0,type_2,rel_10,0,0,0,0,train:g446,0,1060.0
1309.0,streamspot:g446:n0,streamspot:g446:n1143,type_0,type_2,rel_16,0,0,0,0,train:g446,0,1142.0
1310.0,streamspot:g446:n0,streamspot:g446:n1440,type_0,type_2,rel_10,0,0,0,0,train:g446,0,1439.0
1311.0,streamspot:g446:n0,streamspot:g446:n1542,type_0,type_2,rel_10,0,0,0,0,train:g446,0,1541.0
1312.0,streamspot:g446:n0,streamspot:g446:n1612,type_0,type_2,rel_10,0,0,0,0,train:g446,0,1611.0
1313.0,streamspot:g446:n0,streamspot:g446:n1817,type_0,type_2,rel_10,0,0,0,0,train:g446,0,1816.0
1314.0,streamspot:g446:n0,streamspot:g446:n1824,type_0,type_2,rel_10,0,0,0,0,train:g446,0,1823.0
1315.0,streamspot:g446:n0,streamspot:g446:n1911,type_0,type_2,rel_16,0,0,0,0,train:g446,0,1910.0
1316.0,streamspot:g446:n0,streamspot:g446:n1968,type_0,type_2,rel_10,0,0,0,0,train:g446,0,1967.0
1317.0,streamspot:g446:n0,streamspot:g446:n2045,type_0,type_2,rel_10,0,0,0,0,train:g446,0,2044.0
1318.0,streamspot:g446:n0,streamspot:g446:n2173,type_0,type_2,rel_10,0,0,0,0,train:g446,0,2159.0
1319.0,streamspot:g446:n0,streamspot:g446:n2242,type_0,type_2,rel_16,0,0,0,0,train:g446,0,2228.0
1320.0,streamspot:g446:n0,streamspot:g446:n2251,type_0,type_2,rel_16,0,0,0,0,train:g446,0,2237.0
1321.0,streamspot:g446:n2283,streamspot:g446:n2141,type_0,type_2,rel_7,0,0,0,0,train:g446,0,2438.0
1322.0,streamspot:g446:n2283,streamspot:g446:n2279,type_0,type_2,rel_10,0,0,0,0,train:g446,0,2471.0
1323.0,streamspot:g446:n2283,streamspot:g446:n2340,type_0,type_2,rel_16,0,0,0,0,train:g446,0,2496.0
1324.0,streamspot:g446:n2283,streamspot:g446:n2391,type_0,type_2,rel_10,0,0,0,0,train:g446,0,2551.0
1325.0,streamspot:g446:n2283,streamspot:g446:n2434,type_0,type_2,rel_10,0,0,0,0,train:g446,0,2594.0
1326.0,streamspot:g446:n2283,streamspot:g446:n2709,type_0,type_2,rel_10,0,0,0,0,train:g446,0,2872.0
1327.0,streamspot:g446:n2283,streamspot:g446:n2996,type_0,type_2,rel_10,0,0,0,0,train:g446,0,3160.0
1328.0,streamspot:g446:n2283,streamspot:g446:n3127,type_0,type_2,rel_10,0,0,0,0,train:g446,0,3292.0
1329.0,streamspot:g446:n2283,streamspot:g446:n3779,type_0,type_2,rel_1,0,0,0,0,train:g446,0,3684.0
1330.0,streamspot:g446:n2283,streamspot:g446:n3979,type_0,type_2,rel_10,0,0,0,0,train:g446,0,3826.0
1331.0,streamspot:g446:n2283,streamspot:g446:n4214,type_0,type_2,rel_1,0,0,0,0,train:g446,0,4093.0
1332.0,streamspot:g446:n2283,streamspot:g446:n4508,type_0,type_2,rel_10,0,0,0,0,train:g446,0,4418.0
1333.0,streamspot:g446:n2283,streamspot:g446:n4606,type_0,type_2,rel_1,0,0,0,0,train:g446,0,4516.0
1334.0,streamspot:g446:n2283,streamspot:g446:n4626,type_0,type_2,rel_10,0,0,0,0,train:g446,0,4536.0
1335.0,streamspot:g446:n2283,streamspot:g446:n5876,type_0,type_2,rel_1,0,0,0,0,train:g446,0,4748.0
1336.0,streamspot:g446:n2283,streamspot:g446:n6008,type_0,type_2,rel_10,0,0,0,0,train:g446,0,4793.0
1337.0,streamspot:g446:n2283,streamspot:g446:n6082,type_0,type_2,rel_10,0,0,0,0,train:g446,0,4867.0
1338.0,streamspot:g446:n2283,streamspot:g446:n6269,type_0,type_2,rel_10,0,0,0,0,train:g446,0,5054.0
1339.0,streamspot:g446:n2283,streamspot:g446:n6441,type_0,type_2,rel_10,0,0,0,0,train:g446,0,5226.0
1340.0,streamspot:g446:n2283,streamspot:g446:n6559,type_0,type_2,rel_10,0,0,0,0,train:g446,0,5344.0
1341.0,streamspot:g446:n2283,streamspot:g446:n8257,type_0,type_2,rel_16,0,0,0,0,train:g446,0,5592.0
1342.0,streamspot:g446:n2283,streamspot:g446:n8272,type_0,type_2,rel_16,0,0,0,0,train:g446,0,5607.0
1343.0,streamspot:g446:n3347,streamspot:g446:n3445,type_0,type_2,rel_10,0,0,0,0,train:g446,0,5879.0
1344.0,streamspot:g446:n3347,streamspot:g446:n3473,type_0,type_2,rel_10,0,0,0,0,train:g446,0,5895.0
1345.0,streamspot:g446:n3347,streamspot:g446:n3505,type_0,type_2,rel_10,0,0,0,0,train:g446,0,5926.0
1346.0,streamspot:g446:n3639,streamspot:g446:n3592,type_0,type_2,rel_10,0,0,0,0,train:g446,0,6380.0
1347.0,streamspot:g446:n4155,streamspot:g446:n5962,type_1,type_4,rel_6,0,0,0,0,train:g446,0,6418.0
1348.0,streamspot:g446:n4535,streamspot:g446:n4228,type_1,type_2,rel_19,0,0,0,0,train:g446,0,6562.0
1349.0,streamspot:g446:n4535,streamspot:g446:n4676,type_1,type_2,rel_10,0,0,0,0,train:g446,0,6571.0
1350.0,streamspot:g446:n4544,streamspot:g446:n671,type_1,type_2,rel_10,0,0,0,0,train:g446,0,6614.0
1351.0,streamspot:g446:n4659,streamspot:g446:n4675,type_1,type_2,rel_10,0,0,0,0,train:g446,0,6686.0
1352.0,streamspot:g446:n4660,streamspot:g446:n4661,type_1,type_2,rel_10,0,0,0,0,train:g446,0,6746.0
1353.0,streamspot:g446:n4831,streamspot:g446:n4952,type_0,type_4,rel_5,0,0,0,0,train:g446,0,6895.0
1354.0,streamspot:g446:n4831,streamspot:g446:n5105,type_0,type_4,rel_5,0,0,0,0,train:g446,0,7048.0
1355.0,streamspot:g446:n4831,streamspot:g446:n5189,type_0,type_4,rel_5,0,0,0,0,train:g446,0,7132.0
1356.0,streamspot:g446:n4831,streamspot:g446:n5231,type_0,type_4,rel_5,0,0,0,0,train:g446,0,7174.0
1357.0,streamspot:g446:n4831,streamspot:g446:n5243,type_0,type_4,rel_5,0,0,0,0,train:g446,0,7186.0
1358.0,streamspot:g446:n4831,streamspot:g446:n5395,type_0,type_4,rel_5,0,0,0,0,train:g446,0,7338.0
1359.0,streamspot:g446:n4831,streamspot:g446:n5485,type_0,type_4,rel_5,0,0,0,0,train:g446,0,7428.0
1360.0,streamspot:g446:n4831,streamspot:g446:n5508,type_0,type_4,rel_5,0,0,0,0,train:g446,0,7451.0
1361.0,streamspot:g446:n4831,streamspot:g446:n5530,type_0,type_4,rel_5,0,0,0,0,train:g446,0,7473.0
1362.0,streamspot:g446:n4831,streamspot:g446:n5670,type_0,type_4,rel_5,0,0,0,0,train:g446,0,7613.0
1363.0,streamspot:g446:n4831,streamspot:g446:n5732,type_0,type_4,rel_5,0,0,0,0,train:g446,0,7675.0
1364.0,streamspot:g446:n4831,streamspot:g446:n5738,type_0,type_4,rel_5,0,0,0,0,train:g446,0,7681.0
1365.0,streamspot:g446:n5894,streamspot:g446:n5909,type_1,type_2,rel_10,0,0,0,0,train:g446,0,8103.0
1366.0,streamspot:g446:n5896,streamspot:g446:n6732,type_1,type_2,rel_10,0,0,0,0,train:g446,0,8201.0
1367.0,streamspot:g446:n5896,streamspot:g446:n8024,type_1,type_2,rel_10,0,0,0,0,train:g446,0,8209.0
1368.0,streamspot:g446:n5906,streamspot:g446:n671,type_1,type_2,rel_5,0,0,0,0,train:g446,0,8366.0
1369.0,streamspot:g446:n5947,streamspot:g446:n671,type_1,type_2,rel_2,0,0,0,0,train:g446,0,8393.0
1370.0,streamspot:g446:n5985,streamspot:g446:n5890,type_1,type_2,rel_1,0,0,0,0,train:g446,0,8562.0
1371.0,streamspot:g446:n6740,streamspot:g446:n6775,type_0,type_4,rel_5,0,0,0,0,train:g446,0,8604.0
1372.0,streamspot:g446:n6740,streamspot:g446:n2447,type_0,type_2,rel_10,0,0,0,0,train:g446,0,8882.0
1373.0,streamspot:g446:n6740,streamspot:g446:n2464,type_0,type_2,rel_10,0,0,0,0,train:g446,0,8901.0
1374.0,streamspot:g446:n6740,streamspot:g446:n2564,type_0,type_2,rel_10,0,0,0,0,train:g446,0,9020.0
1375.0,streamspot:g446:n6740,streamspot:g446:n2788,type_0,type_2,rel_10,0,0,0,0,train:g446,0,9255.0
1376.0,streamspot:g446:n6740,streamspot:g446:n2805,type_0,type_2,rel_10,0,0,0,0,train:g446,0,9273.0
1377.0,streamspot:g446:n6740,streamspot:g446:n3008,type_0,type_2,rel_10,0,0,0,0,train:g446,0,9488.0
1378.0,streamspot:g446:n6740,streamspot:g446:n3313,type_0,type_2,rel_10,0,0,0,0,train:g446,0,9810.0
1379.0,streamspot:g446:n6740,streamspot:g446:n3316,type_0,type_2,rel_10,0,0,0,0,train:g446,0,9813.0
1380.0,streamspot:g446:n6740,streamspot:g446:n3333,type_0,type_2,rel_10,0,0,0,0,train:g446,0,9831.0
1381.0,streamspot:g446:n6740,streamspot:g446:n3921,type_0,type_2,rel_10,0,0,0,0,train:g446,0,10105.0
1382.0,streamspot:g446:n6740,streamspot:g446:n3997,type_0,type_2,rel_10,0,0,0,0,train:g446,0,10185.0
1383.0,streamspot:g446:n6740,streamspot:g446:n6081,type_0,type_2,rel_10,0,0,0,0,train:g446,0,10425.0
1384.0,streamspot:g446:n6740,streamspot:g446:n6120,type_0,type_2,rel_10,0,0,0,0,train:g446,0,10466.0
1385.0,streamspot:g446:n6740,streamspot:g446:n6188,type_0,type_2,rel_10,0,0,0,0,train:g446,0,10637.0
1386.0,streamspot:g446:n6740,streamspot:g446:n6377,type_0,type_2,rel_10,0,0,0,0,train:g446,0,10876.0
1387.0,streamspot:g446:n6740,streamspot:g446:n6520,type_0,type_2,rel_10,0,0,0,0,train:g446,0,10927.0
1388.0,streamspot:g446:n6740,streamspot:g446:n6579,type_0,type_2,rel_10,0,0,0,0,train:g446,0,10989.0
1389.0,streamspot:g446:n6740,streamspot:g446:n8530,type_0,type_2,rel_10,0,0,0,0,train:g446,0,11234.0
1390.0,streamspot:g446:n6954,streamspot:g446:n2307,type_0,type_2,rel_16,0,0,0,0,train:g446,0,11409.0
1391.0,streamspot:g446:n6954,streamspot:g446:n2459,type_0,type_2,rel_10,0,0,0,0,train:g446,0,11495.0
1392.0,streamspot:g446:n6996,streamspot:g446:n2320,type_0,type_2,rel_16,0,0,0,0,train:g446,0,11889.0
1393.0,streamspot:g446:n6996,streamspot:g446:n7398,type_0,type_2,rel_16,0,0,0,0,train:g446,0,12287.0
1394.0,streamspot:g446:n6996,streamspot:g446:n7447,type_0,type_2,rel_10,0,0,0,0,train:g446,0,12336.0
1395.0,streamspot:g446:n6996,streamspot:g446:n7636,type_0,type_2,rel_10,0,0,0,0,train:g446,0,12525.0
1396.0,streamspot:g446:n6996,streamspot:g446:n7765,type_0,type_2,rel_10,0,0,0,0,train:g446,0,12655.0
1397.0,streamspot:g446:n6996,streamspot:g446:n7784,type_0,type_2,rel_16,0,0,0,0,train:g446,0,12674.0
1398.0,streamspot:g446:n7006,streamspot:g446:n2466,type_0,type_2,rel_10,0,0,0,0,train:g446,0,12825.0
1399.0,streamspot:g446:n8320,streamspot:g446:n2598,type_0,type_2,rel_10,0,0,0,0,train:g446,0,12965.0
1400.0,streamspot:g446:n8320,streamspot:g446:n4327,type_0,type_2,rel_10,0,0,0,0,train:g446,0,13401.0
1401.0,streamspot:g202:n0,streamspot:g202:n42,type_0,type_2,rel_10,0,0,0,0,train:g202,0,41.0
1402.0,streamspot:g202:n0,streamspot:g202:n49,type_0,type_2,rel_16,0,0,0,0,train:g202,0,48.0
1403.0,streamspot:g202:n0,streamspot:g202:n117,type_0,type_2,rel_16,0,0,0,0,train:g202,0,116.0
1404.0,streamspot:g202:n0,streamspot:g202:n222,type_0,type_2,rel_10,0,0,0,0,train:g202,0,221.0
1405.0,streamspot:g202:n0,streamspot:g202:n318,type_0,type_2,rel_10,0,0,0,0,train:g202,0,317.0
1406.0,streamspot:g202:n0,streamspot:g202:n329,type_0,type_2,rel_10,0,0,0,0,train:g202,0,328.0
1407.0,streamspot:g202:n0,streamspot:g202:n608,type_0,type_2,rel_10,0,0,0,0,train:g202,0,607.0
1408.0,streamspot:g202:n0,streamspot:g202:n753,type_0,type_2,rel_16,0,0,0,0,train:g202,0,752.0
1409.0,streamspot:g202:n0,streamspot:g202:n931,type_0,type_2,rel_10,0,0,0,0,train:g202,0,930.0
1410.0,streamspot:g202:n0,streamspot:g202:n1035,type_0,type_2,rel_10,0,0,0,0,train:g202,0,1034.0
1411.0,streamspot:g202:n0,streamspot:g202:n1089,type_0,type_2,rel_10,0,0,0,0,train:g202,0,1088.0
1412.0,streamspot:g202:n0,streamspot:g202:n1274,type_0,type_2,rel_16,0,0,0,0,train:g202,0,1273.0
1413.0,streamspot:g202:n0,streamspot:g202:n1389,type_0,type_2,rel_10,0,0,0,0,train:g202,0,1388.0
1414.0,streamspot:g202:n0,streamspot:g202:n1430,type_0,type_2,rel_10,0,0,0,0,train:g202,0,1429.0
1415.0,streamspot:g202:n0,streamspot:g202:n1436,type_0,type_2,rel_10,0,0,0,0,train:g202,0,1435.0
1416.0,streamspot:g202:n0,streamspot:g202:n1441,type_0,type_2,rel_10,0,0,0,0,train:g202,0,1440.0
1417.0,streamspot:g202:n0,streamspot:g202:n1491,type_0,type_2,rel_10,0,0,0,0,train:g202,0,1490.0
1418.0,streamspot:g202:n0,streamspot:g202:n1633,type_0,type_2,rel_10,0,0,0,0,train:g202,0,1632.0
1419.0,streamspot:g202:n0,streamspot:g202:n1664,type_0,type_2,rel_10,0,0,0,0,train:g202,0,1663.0
1420.0,streamspot:g202:n0,streamspot:g202:n1684,type_0,type_2,rel_10,0,0,0,0,train:g202,0,1683.0
1421.0,streamspot:g202:n0,streamspot:g202:n1774,type_0,type_2,rel_16,0,0,0,0,train:g202,0,1773.0
1422.0,streamspot:g202:n0,streamspot:g202:n2113,type_0,type_2,rel_10,0,0,0,0,train:g202,0,2112.0
1423.0,streamspot:g202:n2283,streamspot:g202:n2602,type_0,type_2,rel_10,0,0,0,0,train:g202,0,2695.0
1424.0,streamspot:g202:n2283,streamspot:g202:n2954,type_0,type_2,rel_10,0,0,0,0,train:g202,0,3047.0
1425.0,streamspot:g202:n2283,streamspot:g202:n2969,type_0,type_2,rel_10,0,0,0,0,train:g202,0,3062.0
1426.0,streamspot:g202:n2283,streamspot:g202:n3001,type_0,type_2,rel_10,0,0,0,0,train:g202,0,3095.0
1427.0,streamspot:g202:n2283,streamspot:g202:n3288,type_0,type_2,rel_10,0,0,0,0,train:g202,0,3383.0
1428.0,streamspot:g202:n2283,streamspot:g202:n3376,type_0,type_2,rel_10,0,0,0,0,train:g202,0,3445.0
1429.0,streamspot:g202:n2283,streamspot:g202:n3461,type_0,type_2,rel_10,0,0,0,0,train:g202,0,3477.0
1430.0,streamspot:g202:n2283,streamspot:g202:n3541,type_0,type_2,rel_10,0,0,0,0,train:g202,0,3498.0
1431.0,streamspot:g202:n2283,streamspot:g202:n3637,type_0,type_1,rel_4,0,0,0,0,train:g202,0,3594.0
1432.0,streamspot:g202:n2283,streamspot:g202:n3959,type_0,type_2,rel_10,0,0,0,0,train:g202,0,3736.0
1433.0,streamspot:g202:n2283,streamspot:g202:n4119,type_0,type_2,rel_16,0,0,0,0,train:g202,0,3928.0
1434.0,streamspot:g202:n2283,streamspot:g202:n4246,type_0,type_2,rel_16,0,0,0,0,train:g202,0,4056.0
1435.0,streamspot:g202:n2283,streamspot:g202:n4272,type_0,type_2,rel_16,0,0,0,0,train:g202,0,4082.0
1436.0,streamspot:g202:n2283,streamspot:g202:n4757,type_0,type_2,rel_10,0,0,0,0,train:g202,0,4541.0
1437.0,streamspot:g202:n2283,streamspot:g202:n6048,type_0,type_2,rel_10,0,0,0,0,train:g202,0,4770.0
1438.0,streamspot:g202:n2283,streamspot:g202:n6132,type_0,type_2,rel_10,0,0,0,0,train:g202,0,4854.0
1439.0,streamspot:g202:n2283,streamspot:g202:n6578,type_0,type_2,rel_10,0,0,0,0,train:g202,0,5300.0
1440.0,streamspot:g202:n2283,streamspot:g202:n6775,type_0,type_2,rel_16,0,0,0,0,train:g202,0,5497.0
1441.0,streamspot:g202:n2283,streamspot:g202:n3384,type_0,type_2,rel_10,0,0,0,0,train:g202,0,5654.0
1442.0,streamspot:g202:n2283,streamspot:g202:n3389,type_0,type_2,rel_10,0,0,0,0,train:g202,0,5658.0
1443.0,streamspot:g202:n2283,streamspot:g202:n3442,type_0,type_2,rel_10,0,0,0,0,train:g202,0,5688.0
1444.0,streamspot:g202:n2283,streamspot:g202:n3672,type_0,type_2,rel_10,0,0,0,0,train:g202,0,5765.0
1445.0,streamspot:g202:n2283,streamspot:g202:n3750,type_0,type_2,rel_10,0,0,0,0,train:g202,0,5799.0
1446.0,streamspot:g202:n3639,streamspot:g202:n2366,type_0,type_2,rel_10,0,0,0,0,train:g202,0,6340.0
1447.0,streamspot:g202:n3639,streamspot:g202:n3588,type_0,type_2,rel_10,0,0,0,0,train:g202,0,6455.0
1448.0,streamspot:g202:n4144,streamspot:g202:n6967,type_1,type_4,rel_5,0,0,0,0,train:g202,0,6484.0
1449.0,streamspot:g202:n4155,streamspot:g202:n8379,type_1,type_2,rel_6,0,0,0,0,train:g202,0,6520.0
1450.0,streamspot:g202:n4535,streamspot:g202:n4227,type_1,type_2,rel_19,0,0,0,0,train:g202,0,6544.0
1451.0,streamspot:g202:n4546,streamspot:g202:n4688,type_1,type_2,rel_10,0,0,0,0,train:g202,0,6615.0
1452.0,streamspot:g202:n4839,streamspot:g202:n5133,type_0,type_4,rel_5,0,0,0,0,train:g202,0,7048.0
1453.0,streamspot:g202:n4839,streamspot:g202:n5165,type_0,type_4,rel_5,0,0,0,0,train:g202,0,7080.0
1454.0,streamspot:g202:n4839,streamspot:g202:n5273,type_0,type_4,rel_5,0,0,0,0,train:g202,0,7188.0
1455.0,streamspot:g202:n4839,streamspot:g202:n5572,type_0,type_4,rel_5,0,0,0,0,train:g202,0,7487.0
1456.0,streamspot:g202:n4839,streamspot:g202:n5642,type_0,type_4,rel_5,0,0,0,0,train:g202,0,7557.0
1457.0,streamspot:g202:n4839,streamspot:g202:n5700,type_0,type_4,rel_5,0,0,0,0,train:g202,0,7615.0
1458.0,streamspot:g202:n4839,streamspot:g202:n2347,type_0,type_2,rel_10,0,0,0,0,train:g202,0,7867.0
1459.0,streamspot:g202:n5904,streamspot:g202:n5982,type_1,type_2,rel_10,0,0,0,0,train:g202,0,8144.0
1460.0,streamspot:g202:n5962,streamspot:g202:n8281,type_1,type_4,rel_2,0,0,0,0,train:g202,0,8255.0
1461.0,streamspot:g202:n6849,streamspot:g202:n2426,type_0,type_2,rel_10,0,0,0,0,train:g202,0,8472.0
1462.0,streamspot:g202:n6849,streamspot:g202:n6766,type_0,type_2,rel_10,0,0,0,0,train:g202,0,8591.0
1463.0,streamspot:g202:n6849,streamspot:g202:n6713,type_0,type_2,rel_10,0,0,0,0,train:g202,0,8689.0
1464.0,streamspot:g202:n6849,streamspot:g202:n2644,type_0,type_2,rel_10,0,0,0,0,train:g202,0,8701.0
1465.0,streamspot:g202:n6849,streamspot:g202:n2991,type_0,type_2,rel_10,0,0,0,0,train:g202,0,8726.0
1466.0,streamspot:g202:n6849,streamspot:g202:n3016,type_0,type_2,rel_10,0,0,0,0,train:g202,0,8751.0
1467.0,streamspot:g202:n6849,streamspot:g202:n2551,type_0,type_2,rel_10,0,0,0,0,train:g202,0,8841.0
1468.0,streamspot:g202:n6966,streamspot:g202:n2346,type_0,type_2,rel_16,0,0,0,0,train:g202,0,9054.0
1469.0,streamspot:g202:n6966,streamspot:g202:n2353,type_0,type_2,rel_10,0,0,0,0,train:g202,0,9062.0
1470.0,streamspot:g202:n6966,streamspot:g202:n2477,type_0,type_2,rel_10,0,0,0,0,train:g202,0,9097.0
1471.0,streamspot:g202:n6966,streamspot:g202:n2624,type_0,type_2,rel_10,0,0,0,0,train:g202,0,9351.0
1472.0,streamspot:g202:n6966,streamspot:g202:n2635,type_0,type_2,rel_10,0,0,0,0,train:g202,0,9362.0
1473.0,streamspot:g202:n6966,streamspot:g202:n2712,type_0,type_2,rel_10,0,0,0,0,train:g202,0,9443.0
1474.0,streamspot:g202:n6966,streamspot:g202:n2793,type_0,type_2,rel_10,0,0,0,0,train:g202,0,9529.0
1475.0,streamspot:g202:n6966,streamspot:g202:n2857,type_0,type_2,rel_10,0,0,0,0,train:g202,0,9596.0
1476.0,streamspot:g202:n6966,streamspot:g202:n2891,type_0,type_2,rel_10,0,0,0,0,train:g202,0,9632.0
1477.0,streamspot:g202:n6966,streamspot:g202:n3015,type_0,type_2,rel_10,0,0,0,0,train:g202,0,9763.0
1478.0,streamspot:g202:n6966,streamspot:g202:n3171,type_0,type_2,rel_10,0,0,0,0,train:g202,0,9929.0
1479.0,streamspot:g202:n6966,streamspot:g202:n3896,type_0,type_2,rel_10,0,0,0,0,train:g202,0,10346.0
1480.0,streamspot:g202:n6966,streamspot:g202:n3982,type_0,type_2,rel_10,0,0,0,0,train:g202,0,10437.0
1481.0,streamspot:g202:n6966,streamspot:g202:n8006,type_0,type_2,rel_10,0,0,0,0,train:g202,0,10512.0
1482.0,streamspot:g202:n6966,streamspot:g202:n4093,type_0,type_2,rel_16,0,0,0,0,train:g202,0,10606.0
1483.0,streamspot:g202:n6966,streamspot:g202:n8056,type_0,type_2,rel_10,0,0,0,0,train:g202,0,10609.0
1484.0,streamspot:g202:n6966,streamspot:g202:n8070,type_0,type_2,rel_10,0,0,0,0,train:g202,0,10637.0
1485.0,streamspot:g202:n6966,streamspot:g202:n6162,type_0,type_2,rel_10,0,0,0,0,train:g202,0,10879.0
1486.0,streamspot:g202:n6966,streamspot:g202:n6264,type_0,type_2,rel_10,0,0,0,0,train:g202,0,10926.0
1487.0,streamspot:g202:n6966,streamspot:g202:n6365,type_0,type_2,rel_10,0,0,0,0,train:g202,0,11133.0
1488.0,streamspot:g202:n6966,streamspot:g202:n4262,type_0,type_2,rel_16,0,0,0,0,train:g202,0,11481.0
1489.0,streamspot:g202:n6966,streamspot:g202:n8388,type_0,type_2,rel_10,0,0,0,0,train:g202,0,11538.0
1490.0,streamspot:g202:n6966,streamspot:g202:n8459,type_0,type_2,rel_10,0,0,0,0,train:g202,0,11605.0
1491.0,streamspot:g202:n7134,streamspot:g202:n2846,type_0,type_2,rel_10,0,0,0,0,train:g202,0,11915.0
1492.0,streamspot:g202:n7151,streamspot:g202:n7071,type_0,type_2,rel_10,0,0,0,0,train:g202,0,12162.0
1493.0,streamspot:g202:n7151,streamspot:g202:n7157,type_0,type_2,rel_10,0,0,0,0,train:g202,0,12201.0
1494.0,streamspot:g202:n7176,streamspot:g202:n7359,type_0,type_2,rel_10,0,0,0,0,train:g202,0,12514.0
1495.0,streamspot:g202:n7176,streamspot:g202:n7600,type_0,type_2,rel_10,0,0,0,0,train:g202,0,12755.0
1496.0,streamspot:g202:n7176,streamspot:g202:n7602,type_0,type_2,rel_10,0,0,0,0,train:g202,0,12757.0
1497.0,streamspot:g202:n7176,streamspot:g202:n7774,type_0,type_2,rel_10,0,0,0,0,train:g202,0,12929.0
1498.0,streamspot:g202:n7176,streamspot:g202:n7779,type_0,type_2,rel_10,0,0,0,0,train:g202,0,12934.0
1499.0,streamspot:g202:n7176,streamspot:g202:n7926,type_0,type_2,rel_10,0,0,0,0,train:g202,0,13081.0
1500.0,streamspot:g202:n8203,streamspot:g202:n6,type_1,type_2,rel_9,0,0,0,0,train:g202,0,13299.0
1501.0,streamspot:g160:n0,streamspot:g160:n91,type_0,type_2,rel_10,0,0,0,0,train:g160,0,90.0
1502.0,streamspot:g160:n0,streamspot:g160:n260,type_0,type_2,rel_10,0,0,0,0,train:g160,0,259.0
1503.0,streamspot:g160:n0,streamspot:g160:n381,type_0,type_2,rel_10,0,0,0,0,train:g160,0,380.0
1504.0,streamspot:g160:n0,streamspot:g160:n474,type_0,type_2,rel_16,0,0,0,0,train:g160,0,473.0
1505.0,streamspot:g160:n0,streamspot:g160:n554,type_0,type_2,rel_16,0,0,0,0,train:g160,0,553.0
1506.0,streamspot:g160:n0,streamspot:g160:n611,type_0,type_2,rel_16,0,0,0,0,train:g160,0,610.0
1507.0,streamspot:g160:n0,streamspot:g160:n638,type_0,type_2,rel_10,0,0,0,0,train:g160,0,637.0
1508.0,streamspot:g160:n0,streamspot:g160:n734,type_0,type_2,rel_10,0,0,0,0,train:g160,0,733.0
1509.0,streamspot:g160:n0,streamspot:g160:n812,type_0,type_2,rel_10,0,0,0,0,train:g160,0,811.0
1510.0,streamspot:g160:n0,streamspot:g160:n896,type_0,type_2,rel_10,0,0,0,0,train:g160,0,895.0
1511.0,streamspot:g160:n0,streamspot:g160:n910,type_0,type_2,rel_16,0,0,0,0,train:g160,0,909.0
1512.0,streamspot:g160:n0,streamspot:g160:n952,type_0,type_2,rel_10,0,0,0,0,train:g160,0,951.0
1513.0,streamspot:g160:n0,streamspot:g160:n986,type_0,type_2,rel_10,0,0,0,0,train:g160,0,985.0
1514.0,streamspot:g160:n0,streamspot:g160:n1090,type_0,type_2,rel_10,0,0,0,0,train:g160,0,1089.0
1515.0,streamspot:g160:n0,streamspot:g160:n1135,type_0,type_2,rel_10,0,0,0,0,train:g160,0,1134.0
1516.0,streamspot:g160:n0,streamspot:g160:n1287,type_0,type_2,rel_10,0,0,0,0,train:g160,0,1286.0
1517.0,streamspot:g160:n0,streamspot:g160:n1314,type_0,type_2,rel_10,0,0,0,0,train:g160,0,1313.0
1518.0,streamspot:g160:n0,streamspot:g160:n1404,type_0,type_2,rel_10,0,0,0,0,train:g160,0,1403.0
1519.0,streamspot:g160:n0,streamspot:g160:n1417,type_0,type_2,rel_16,0,0,0,0,train:g160,0,1416.0
1520.0,streamspot:g160:n0,streamspot:g160:n1422,type_0,type_2,rel_16,0,0,0,0,train:g160,0,1421.0
1521.0,streamspot:g160:n0,streamspot:g160:n1548,type_0,type_2,rel_10,0,0,0,0,train:g160,0,1547.0
1522.0,streamspot:g160:n0,streamspot:g160:n1563,type_0,type_2,rel_10,0,0,0,0,train:g160,0,1562.0
1523.0,streamspot:g160:n0,streamspot:g160:n1580,type_0,type_2,rel_16,0,0,0,0,train:g160,0,1579.0
1524.0,streamspot:g160:n0,streamspot:g160:n1623,type_0,type_2,rel_10,0,0,0,0,train:g160,0,1622.0
1525.0,streamspot:g160:n0,streamspot:g160:n1657,type_0,type_2,rel_10,0,0,0,0,train:g160,0,1656.0
1526.0,streamspot:g160:n0,streamspot:g160:n1704,type_0,type_2,rel_10,0,0,0,0,train:g160,0,1703.0
1527.0,streamspot:g160:n0,streamspot:g160:n1716,type_0,type_2,rel_16,0,0,0,0,train:g160,0,1715.0
1528.0,streamspot:g160:n0,streamspot:g160:n1771,type_0,type_2,rel_10,0,0,0,0,train:g160,0,1770.0
1529.0,streamspot:g160:n0,streamspot:g160:n1814,type_0,type_2,rel_10,0,0,0,0,train:g160,0,1813.0
1530.0,streamspot:g160:n0,streamspot:g160:n1885,type_0,type_2,rel_16,0,0,0,0,train:g160,0,1884.0
1531.0,streamspot:g160:n0,streamspot:g160:n1953,type_0,type_2,rel_10,0,0,0,0,train:g160,0,1952.0
1532.0,streamspot:g160:n0,streamspot:g160:n1965,type_0,type_2,rel_10,0,0,0,0,train:g160,0,1964.0
1533.0,streamspot:g160:n0,streamspot:g160:n2176,type_0,type_2,rel_10,0,0,0,0,train:g160,0,2162.0
1534.0,streamspot:g160:n0,streamspot:g160:n2265,type_0,type_2,rel_16,0,0,0,0,train:g160,0,2251.0
1535.0,streamspot:g160:n0,streamspot:g160:n2279,type_0,type_2,rel_16,0,0,0,0,train:g160,0,2265.0
1536.0,streamspot:g160:n2283,streamspot:g160:n2339,type_0,type_2,rel_10,0,0,0,0,train:g160,0,2355.0
1537.0,streamspot:g160:n2283,streamspot:g160:n2349,type_0,type_2,rel_10,0,0,0,0,train:g160,0,2366.0
1538.0,streamspot:g160:n2283,streamspot:g160:n2350,type_0,type_2,rel_10,0,0,0,0,train:g160,0,2367.0
1539.0,streamspot:g160:n2283,streamspot:g160:n2508,type_0,type_2,rel_10,0,0,0,0,train:g160,0,2531.0
1540.0,streamspot:g160:n2283,streamspot:g160:n2752,type_0,type_2,rel_10,0,0,0,0,train:g160,0,2775.0
1541.0,streamspot:g160:n2283,streamspot:g160:n2920,type_0,type_2,rel_10,0,0,0,0,train:g160,0,2943.0
1542.0,streamspot:g160:n2283,streamspot:g160:n2923,type_0,type_2,rel_10,0,0,0,0,train:g160,0,2946.0
1543.0,streamspot:g160:n2283,streamspot:g160:n3153,type_0,type_2,rel_10,0,0,0,0,train:g160,0,3178.0
1544.0,streamspot:g160:n2283,streamspot:g160:n3542,type_0,type_2,rel_10,0,0,0,0,train:g160,0,3429.0
1545.0,streamspot:g160:n2283,streamspot:g160:n3653,type_0,type_2,rel_10,0,0,0,0,train:g160,0,3532.0
1546.0,streamspot:g160:n2283,streamspot:g160:n3835,type_0,type_2,rel_1,0,0,0,0,train:g160,0,3543.0
1547.0,streamspot:g160:n2283,streamspot:g160:n4034,type_0,type_2,rel_10,0,0,0,0,train:g160,0,3740.0
1548.0,streamspot:g160:n2283,streamspot:g160:n3799,type_0,type_2,rel_16,0,0,0,0,train:g160,0,3744.0
1549.0,streamspot:g160:n2283,streamspot:g160:n4128,type_0,type_2,rel_16,0,0,0,0,train:g160,0,3866.0
1550.0,streamspot:g160:n2283,streamspot:g160:n4138,type_0,type_2,rel_1,0,0,0,0,train:g160,0,3877.0
1551.0,streamspot:g160:n2283,streamspot:g160:n4351,type_0,type_2,rel_16,0,0,0,0,train:g160,0,4090.0
1552.0,streamspot:g160:n2283,streamspot:g160:n4419,type_0,type_2,rel_16,0,0,0,0,train:g160,0,4188.0
1553.0,streamspot:g160:n2283,streamspot:g160:n4448,type_0,type_2,rel_16,0,0,0,0,train:g160,0,4217.0
1554.0,streamspot:g160:n2283,streamspot:g160:n4498,type_0,type_2,rel_16,0,0,0,0,train:g160,0,4267.0
1555.0,streamspot:g160:n2283,streamspot:g160:n4508,type_0,type_2,rel_16,0,0,0,0,train:g160,0,4277.0
1556.0,streamspot:g160:n2283,streamspot:g160:n4615,type_0,type_2,rel_10,0,0,0,0,train:g160,0,4384.0
1557.0,streamspot:g160:n2283,streamspot:g160:n4634,type_0,type_2,rel_10,0,0,0,0,train:g160,0,4403.0
1558.0,streamspot:g160:n2283,streamspot:g160:n4828,type_0,type_2,rel_10,0,0,0,0,train:g160,0,4539.0
1559.0,streamspot:g160:n2283,streamspot:g160:n5974,type_0,type_2,rel_10,0,0,0,0,train:g160,0,4644.0
1560.0,streamspot:g160:n2283,streamspot:g160:n6009,type_0,type_2,rel_16,0,0,0,0,train:g160,0,4664.0
1561.0,streamspot:g160:n2283,streamspot:g160:n6025,type_0,type_2,rel_10,0,0,0,0,train:g160,0,4680.0
1562.0,streamspot:g160:n2283,streamspot:g160:n6035,type_0,type_2,rel_10,0,0,0,0,train:g160,0,4690.0
1563.0,streamspot:g160:n2283,streamspot:g160:n6106,type_0,type_2,rel_10,0,0,0,0,train:g160,0,4761.0
1564.0,streamspot:g160:n2283,streamspot:g160:n6174,type_0,type_2,rel_10,0,0,0,0,train:g160,0,4829.0
1565.0,streamspot:g160:n2283,streamspot:g160:n6545,type_0,type_2,rel_10,0,0,0,0,train:g160,0,5200.0
1566.0,streamspot:g160:n2283,streamspot:g160:n6565,type_0,type_2,rel_10,0,0,0,0,train:g160,0,5220.0
1567.0,streamspot:g160:n2283,streamspot:g160:n6603,type_0,type_2,rel_10,0,0,0,0,train:g160,0,5258.0
1568.0,streamspot:g160:n2283,streamspot:g160:n6717,type_0,type_2,rel_10,0,0,0,0,train:g160,0,5331.0
1569.0,streamspot:g160:n3347,streamspot:g160:n3469,type_0,type_2,rel_10,0,0,0,0,train:g160,0,5422.0
1570.0,streamspot:g160:n3347,streamspot:g160:n3473,type_0,type_2,rel_10,0,0,0,0,train:g160,0,5426.0
1571.0,streamspot:g160:n3347,streamspot:g160:n3770,type_0,type_2,rel_10,0,0,0,0,train:g160,0,5568.0
1572.0,streamspot:g160:n3639,streamspot:g160:n3240,type_0,type_2,rel_10,0,0,0,0,train:g160,0,5785.0
1573.0,streamspot:g160:n3639,streamspot:g160:n3319,type_0,type_2,rel_10,0,0,0,0,train:g160,0,5845.0
1574.0,streamspot:g160:n3639,streamspot:g160:n3580,type_0,type_2,rel_10,0,0,0,0,train:g160,0,5898.0
1575.0,streamspot:g160:n4155,streamspot:g160:n4157,type_1,type_4,rel_11,0,0,0,0,train:g160,0,5933.0
1576.0,streamspot:g160:n4536,streamspot:g160:n4694,type_1,type_2,rel_10,0,0,0,0,train:g160,0,5994.0
1577.0,streamspot:g160:n4536,streamspot:g160:n4707,type_1,type_2,rel_10,0,0,0,0,train:g160,0,6007.0
1578.0,streamspot:g160:n4547,streamspot:g160:n4715,type_1,type_2,rel_10,0,0,0,0,train:g160,0,6072.0
1579.0,streamspot:g160:n4547,streamspot:g160:n4718,type_1,type_2,rel_10,0,0,0,0,train:g160,0,6075.0
1580.0,streamspot:g160:n4654,streamspot:g160:n6,type_1,type_2,rel_9,0,0,0,0,train:g160,0,6078.0
1581.0,streamspot:g160:n4662,streamspot:g160:n7,type_1,type_2,rel_10,0,0,0,0,train:g160,0,6109.0
1582.0,streamspot:g160:n4725,streamspot:g160:n2257,type_1,type_2,rel_10,0,0,0,0,train:g160,0,6169.0
1583.0,streamspot:g160:n4840,streamspot:g160:n19,type_0,type_2,rel_5,0,0,0,0,train:g160,0,6186.0
1584.0,streamspot:g160:n4840,streamspot:g160:n4849,type_0,type_4,rel_5,0,0,0,0,train:g160,0,6193.0
1585.0,streamspot:g160:n4840,streamspot:g160:n4919,type_0,type_4,rel_5,0,0,0,0,train:g160,0,6263.0
1586.0,streamspot:g160:n4840,streamspot:g160:n5053,type_0,type_4,rel_5,0,0,0,0,train:g160,0,6397.0
1587.0,streamspot:g160:n4840,streamspot:g160:n5066,type_0,type_4,rel_5,0,0,0,0,train:g160,0,6410.0
1588.0,streamspot:g160:n4840,streamspot:g160:n5212,type_0,type_4,rel_5,0,0,0,0,train:g160,0,6556.0
1589.0,streamspot:g160:n4840,streamspot:g160:n5229,type_0,type_4,rel_5,0,0,0,0,train:g160,0,6573.0
1590.0,streamspot:g160:n4840,streamspot:g160:n5284,type_0,type_4,rel_5,0,0,0,0,train:g160,0,6628.0
1591.0,streamspot:g160:n4840,streamspot:g160:n5394,type_0,type_4,rel_5,0,0,0,0,train:g160,0,6738.0
1592.0,streamspot:g160:n4840,streamspot:g160:n5523,type_0,type_4,rel_5,0,0,0,0,train:g160,0,6867.0
1593.0,streamspot:g160:n4840,streamspot:g160:n5676,type_0,type_4,rel_5,0,0,0,0,train:g160,0,7020.0
1594.0,streamspot:g160:n4840,streamspot:g160:n5817,type_0,type_4,rel_5,0,0,0,0,train:g160,0,7161.0
1595.0,streamspot:g160:n4840,streamspot:g160:n5818,type_0,type_4,rel_5,0,0,0,0,train:g160,0,7162.0
1596.0,streamspot:g160:n4840,streamspot:g160:n2291,type_0,type_2,rel_16,0,0,0,0,train:g160,0,7219.0
1597.0,streamspot:g160:n4840,streamspot:g160:n3680,type_0,type_2,rel_10,0,0,0,0,train:g160,0,7270.0
1598.0,streamspot:g160:n4840,streamspot:g160:n2841,type_0,type_2,rel_10,0,0,0,0,train:g160,0,7289.0
1599.0,streamspot:g160:n5903,streamspot:g160:n5940,type_1,type_2,rel_10,0,0,0,0,train:g160,0,7532.0
1600.0,streamspot:g160:n5904,streamspot:g160:n6705,type_1,type_2,rel_1,0,0,0,0,train:g160,0,7611.0
1601.0,streamspot:g441:n0,streamspot:g441:n44,type_0,type_2,rel_16,0,0,0,0,train:g441,0,43.0
1602.0,streamspot:g441:n0,streamspot:g441:n299,type_0,type_2,rel_10,0,0,0,0,train:g441,0,298.0
1603.0,streamspot:g441:n0,streamspot:g441:n337,type_0,type_2,rel_10,0,0,0,0,train:g441,0,336.0
1604.0,streamspot:g441:n0,streamspot:g441:n375,type_0,type_2,rel_10,0,0,0,0,train:g441,0,374.0
1605.0,streamspot:g441:n0,streamspot:g441:n745,type_0,type_2,rel_10,0,0,0,0,train:g441,0,744.0
1606.0,streamspot:g441:n0,streamspot:g441:n748,type_0,type_2,rel_16,0,0,0,0,train:g441,0,747.0
1607.0,streamspot:g441:n0,streamspot:g441:n834,type_0,type_2,rel_10,0,0,0,0,train:g441,0,833.0
1608.0,streamspot:g441:n0,streamspot:g441:n1035,type_0,type_2,rel_10,0,0,0,0,train:g441,0,1034.0
1609.0,streamspot:g441:n0,streamspot:g441:n1069,type_0,type_2,rel_10,0,0,0,0,train:g441,0,1068.0
1610.0,streamspot:g441:n0,streamspot:g441:n1341,type_0,type_2,rel_10,0,0,0,0,train:g441,0,1340.0
1611.0,streamspot:g441:n0,streamspot:g441:n1392,type_0,type_2,rel_16,0,0,0,0,train:g441,0,1391.0
1612.0,streamspot:g441:n0,streamspot:g441:n1431,type_0,type_2,rel_10,0,0,0,0,train:g441,0,1430.0
1613.0,streamspot:g441:n0,streamspot:g441:n1481,type_0,type_2,rel_10,0,0,0,0,train:g441,0,1480.0
1614.0,streamspot:g441:n0,streamspot:g441:n1532,type_0,type_2,rel_10,0,0,0,0,train:g441,0,1531.0
1615.0,streamspot:g441:n0,streamspot:g441:n1805,type_0,type_2,rel_10,0,0,0,0,train:g441,0,1804.0
1616.0,streamspot:g441:n0,streamspot:g441:n2109,type_0,type_2,rel_10,0,0,0,0,train:g441,0,2108.0
1617.0,streamspot:g441:n0,streamspot:g441:n2183,type_0,type_2,rel_10,0,0,0,0,train:g441,0,2169.0
1618.0,streamspot:g441:n2283,streamspot:g441:n2327,type_0,type_2,rel_10,0,0,0,0,train:g441,0,2485.0
1619.0,streamspot:g441:n2283,streamspot:g441:n2677,type_0,type_2,rel_10,0,0,0,0,train:g441,0,2842.0
1620.0,streamspot:g441:n2283,streamspot:g441:n2757,type_0,type_2,rel_10,0,0,0,0,train:g441,0,2922.0
1621.0,streamspot:g441:n2283,streamspot:g441:n2876,type_0,type_2,rel_10,0,0,0,0,train:g441,0,3041.0
1622.0,streamspot:g441:n2283,streamspot:g441:n3008,type_0,type_2,rel_10,0,0,0,0,train:g441,0,3174.0
1623.0,streamspot:g441:n2283,streamspot:g441:n3135,type_0,type_2,rel_10,0,0,0,0,train:g441,0,3302.0
1624.0,streamspot:g441:n2283,streamspot:g441:n3330,type_0,type_2,rel_10,0,0,0,0,train:g441,0,3497.0
1625.0,streamspot:g441:n2283,streamspot:g441:n3546,type_0,type_2,rel_10,0,0,0,0,train:g441,0,3575.0
1626.0,streamspot:g441:n2283,streamspot:g441:n3629,type_0,type_2,rel_16,0,0,0,0,train:g441,0,3658.0
1627.0,streamspot:g441:n2283,streamspot:g441:n3784,type_0,type_2,rel_1,0,0,0,0,train:g441,0,3691.0
1628.0,streamspot:g441:n2283,streamspot:g441:n3886,type_0,type_2,rel_10,0,0,0,0,train:g441,0,3735.0
1629.0,streamspot:g441:n2283,streamspot:g441:n3906,type_0,type_2,rel_10,0,0,0,0,train:g441,0,3755.0
1630.0,streamspot:g441:n2283,streamspot:g441:n4112,type_0,type_2,rel_10,0,0,0,0,train:g441,0,3993.0
1631.0,streamspot:g441:n2283,streamspot:g441:n4130,type_0,type_2,rel_10,0,0,0,0,train:g441,0,4011.0
1632.0,streamspot:g441:n2283,streamspot:g441:n4291,type_0,type_2,rel_16,0,0,0,0,train:g441,0,4172.0
1633.0,streamspot:g441:n2283,streamspot:g441:n4457,type_0,type_2,rel_16,0,0,0,0,train:g441,0,4368.0
1634.0,streamspot:g441:n2283,streamspot:g441:n4481,type_0,type_2,rel_16,0,0,0,0,train:g441,0,4392.0
1635.0,streamspot:g441:n2283,streamspot:g441:n4527,type_0,type_2,rel_1,0,0,0,0,train:g441,0,4438.0
1636.0,streamspot:g441:n2283,streamspot:g441:n6033,type_0,type_2,rel_10,0,0,0,0,train:g441,0,4817.0
1637.0,streamspot:g441:n2283,streamspot:g441:n6047,type_0,type_2,rel_10,0,0,0,0,train:g441,0,4831.0
1638.0,streamspot:g441:n2283,streamspot:g441:n6088,type_0,type_2,rel_10,0,0,0,0,train:g441,0,4872.0
1639.0,streamspot:g441:n2283,streamspot:g441:n6247,type_0,type_2,rel_10,0,0,0,0,train:g441,0,5031.0
1640.0,streamspot:g441:n2283,streamspot:g441:n6445,type_0,type_2,rel_10,0,0,0,0,train:g441,0,5229.0
1641.0,streamspot:g441:n2283,streamspot:g441:n6552,type_0,type_2,rel_10,0,0,0,0,train:g441,0,5336.0
1642.0,streamspot:g441:n2283,streamspot:g441:n6577,type_0,type_2,rel_10,0,0,0,0,train:g441,0,5361.0
1643.0,streamspot:g441:n2283,streamspot:g441:n6581,type_0,type_2,rel_10,0,0,0,0,train:g441,0,5365.0
1644.0,streamspot:g441:n2283,streamspot:g441:n6596,type_0,type_2,rel_10,0,0,0,0,train:g441,0,5380.0
1645.0,streamspot:g441:n3347,streamspot:g441:n3396,type_0,type_2,rel_10,0,0,0,0,train:g441,0,5845.0
1646.0,streamspot:g441:n3347,streamspot:g441:n3799,type_0,type_2,rel_10,0,0,0,0,train:g441,0,6048.0
1647.0,streamspot:g441:n3639,streamspot:g441:n3237,type_0,type_2,rel_10,0,0,0,0,train:g441,0,6253.0
1648.0,streamspot:g441:n3639,streamspot:g441:n3317,type_0,type_2,rel_10,0,0,0,0,train:g441,0,6314.0
1649.0,streamspot:g441:n3639,streamspot:g441:n3540,type_0,type_2,rel_10,0,0,0,0,train:g441,0,6329.0
1650.0,streamspot:g441:n4155,streamspot:g441:n8415,type_1,type_4,rel_6,0,0,0,0,train:g441,0,6500.0
1651.0,streamspot:g441:n4547,streamspot:g441:n4672,type_1,type_2,rel_10,0,0,0,0,train:g441,0,6647.0
1652.0,streamspot:g441:n4833,streamspot:g441:n4893,type_0,type_4,rel_5,0,0,0,0,train:g441,0,6864.0
1653.0,streamspot:g441:n4833,streamspot:g441:n5113,type_0,type_4,rel_5,0,0,0,0,train:g441,0,7084.0
1654.0,streamspot:g441:n4833,streamspot:g441:n5290,type_0,type_4,rel_5,0,0,0,0,train:g441,0,7261.0
1655.0,streamspot:g441:n4833,streamspot:g441:n5380,type_0,type_4,rel_5,0,0,0,0,train:g441,0,7351.0
1656.0,streamspot:g441:n4833,streamspot:g441:n5592,type_0,type_4,rel_5,0,0,0,0,train:g441,0,7563.0
1657.0,streamspot:g441:n4833,streamspot:g441:n5637,type_0,type_4,rel_5,0,0,0,0,train:g441,0,7608.0
1658.0,streamspot:g441:n4833,streamspot:g441:n2367,type_0,type_2,rel_10,0,0,0,0,train:g441,0,7976.0
1659.0,streamspot:g441:n5897,streamspot:g441:n8024,type_1,type_2,rel_1,0,0,0,0,train:g441,0,8243.0
1660.0,streamspot:g441:n5897,streamspot:g441:n8471,type_1,type_2,rel_10,0,0,0,0,train:g441,0,8318.0
1661.0,streamspot:g441:n5897,streamspot:g441:n8673,type_1,type_2,rel_10,0,0,0,0,train:g441,0,8362.0
1662.0,streamspot:g441:n6740,streamspot:g441:n6813,type_0,type_4,rel_5,0,0,0,0,train:g441,0,8679.0
1663.0,streamspot:g441:n6740,streamspot:g441:n2329,type_0,type_2,rel_10,0,0,0,0,train:g441,0,8802.0
1664.0,streamspot:g441:n6740,streamspot:g441:n7,type_0,type_2,rel_10,0,0,0,0,train:g441,0,8838.0
1665.0,streamspot:g441:n6740,streamspot:g441:n2455,type_0,type_2,rel_10,0,0,0,0,train:g441,0,8923.0
1666.0,streamspot:g441:n6740,streamspot:g441:n2490,type_0,type_2,rel_10,0,0,0,0,train:g441,0,8954.0
1667.0,streamspot:g441:n6740,streamspot:g441:n2396,type_0,type_2,rel_10,0,0,0,0,train:g441,0,9005.0
1668.0,streamspot:g441:n6740,streamspot:g441:n2677,type_0,type_2,rel_10,0,0,0,0,train:g441,0,9172.0
1669.0,streamspot:g441:n6740,streamspot:g441:n2962,type_0,type_2,rel_10,0,0,0,0,train:g441,0,9472.0
1670.0,streamspot:g441:n6740,streamspot:g441:n3148,type_0,type_2,rel_10,0,0,0,0,train:g441,0,9669.0
1671.0,streamspot:g441:n6740,streamspot:g441:n3184,type_0,type_2,rel_10,0,0,0,0,train:g441,0,9707.0
1672.0,streamspot:g441:n6740,streamspot:g441:n3602,type_0,type_2,rel_10,0,0,0,0,train:g441,0,9998.0
1673.0,streamspot:g441:n6740,streamspot:g441:n3910,type_0,type_2,rel_10,0,0,0,0,train:g441,0,10126.0
1674.0,streamspot:g441:n6740,streamspot:g441:n4119,type_0,type_2,rel_16,0,0,0,0,train:g441,0,10397.0
1675.0,streamspot:g441:n6740,streamspot:g441:n7888,type_0,type_2,rel_10,0,0,0,0,train:g441,0,10406.0
1676.0,streamspot:g441:n6740,streamspot:g441:n7986,type_0,type_2,rel_10,0,0,0,0,train:g441,0,10773.0
1677.0,streamspot:g441:n6740,streamspot:g441:n6350,type_0,type_2,rel_10,0,0,0,0,train:g441,0,10875.0
1678.0,streamspot:g441:n6740,streamspot:g441:n6357,type_0,type_2,rel_10,0,0,0,0,train:g441,0,10882.0
1679.0,streamspot:g441:n6740,streamspot:g441:n6497,type_0,type_2,rel_10,0,0,0,0,train:g441,0,10929.0
1680.0,streamspot:g441:n6740,streamspot:g441:n8502,type_0,type_2,rel_10,0,0,0,0,train:g441,0,11082.0
1681.0,streamspot:g441:n6740,streamspot:g441:n8548,type_0,type_2,rel_10,0,0,0,0,train:g441,0,11124.0
1682.0,streamspot:g441:n6950,streamspot:g441:n6862,type_0,type_2,rel_16,0,0,0,0,train:g441,0,11324.0
1683.0,streamspot:g441:n6950,streamspot:g441:n6885,type_0,type_2,rel_10,0,0,0,0,train:g441,0,11347.0
1684.0,streamspot:g441:n6950,streamspot:g441:n3576,type_0,type_2,rel_10,0,0,0,0,train:g441,0,11605.0
1685.0,streamspot:g441:n6950,streamspot:g441:n3597,type_0,type_2,rel_10,0,0,0,0,train:g441,0,11627.0
1686.0,streamspot:g441:n6992,streamspot:g441:n2308,type_0,type_2,rel_10,0,0,0,0,train:g441,0,11838.0
1687.0,streamspot:g441:n6992,streamspot:g441:n7179,type_0,type_2,rel_10,0,0,0,0,train:g441,0,12035.0
1688.0,streamspot:g441:n6992,streamspot:g441:n7315,type_0,type_2,rel_10,0,0,0,0,train:g441,0,12171.0
1689.0,streamspot:g441:n6992,streamspot:g441:n7602,type_0,type_2,rel_10,0,0,0,0,train:g441,0,12458.0
1690.0,streamspot:g441:n6992,streamspot:g441:n7703,type_0,type_2,rel_10,0,0,0,0,train:g441,0,12559.0
1691.0,streamspot:g441:n6992,streamspot:g441:n7720,type_0,type_2,rel_10,0,0,0,0,train:g441,0,12576.0
1692.0,streamspot:g441:n7002,streamspot:g441:n6864,type_0,type_2,rel_16,0,0,0,0,train:g441,0,12669.0
1693.0,streamspot:g441:n7002,streamspot:g441:n6868,type_0,type_2,rel_16,0,0,0,0,train:g441,0,12673.0
1694.0,streamspot:g441:n8262,streamspot:g441:n4363,type_0,type_2,rel_10,0,0,0,0,train:g441,0,13418.0
1695.0,streamspot:g441:n8341,streamspot:g441:n2590,type_0,type_2,rel_10,0,0,0,0,train:g441,0,13530.0
1696.0,streamspot:g441:n8341,streamspot:g441:n2372,type_0,type_2,rel_10,0,0,0,0,train:g441,0,13681.0
1697.0,streamspot:g441:n8341,streamspot:g441:n2377,type_0,type_2,rel_10,0,0,0,0,train:g441,0,13686.0
1698.0,streamspot:g441:n8350,streamspot:g441:n4806,type_0,type_2,rel_10,0,0,0,0,train:g441,0,14036.0
1699.0,streamspot:g441:n8350,streamspot:g441:n2385,type_0,type_2,rel_10,0,0,0,0,train:g441,0,14071.0
1700.0,streamspot:g441:n8350,streamspot:g441:n2907,type_0,type_2,rel_10,0,0,0,0,train:g441,0,14128.0
1701.0,streamspot:g435:n0,streamspot:g435:n30,type_0,type_2,rel_16,0,0,0,0,train:g435,0,29.0
1702.0,streamspot:g435:n0,streamspot:g435:n322,type_0,type_2,rel_10,0,0,0,0,train:g435,0,321.0
1703.0,streamspot:g435:n0,streamspot:g435:n435,type_0,type_2,rel_10,0,0,0,0,train:g435,0,434.0
1704.0,streamspot:g435:n0,streamspot:g435:n462,type_0,type_2,rel_10,0,0,0,0,train:g435,0,461.0
1705.0,streamspot:g435:n0,streamspot:g435:n548,type_0,type_2,rel_10,0,0,0,0,train:g435,0,547.0
1706.0,streamspot:g435:n0,streamspot:g435:n598,type_0,type_2,rel_10,0,0,0,0,train:g435,0,597.0
1707.0,streamspot:g435:n0,streamspot:g435:n653,type_0,type_2,rel_10,0,0,0,0,train:g435,0,652.0
1708.0,streamspot:g435:n0,streamspot:g435:n990,type_0,type_2,rel_16,0,0,0,0,train:g435,0,989.0
1709.0,streamspot:g435:n0,streamspot:g435:n1031,type_0,type_2,rel_10,0,0,0,0,train:g435,0,1030.0
1710.0,streamspot:g435:n0,streamspot:g435:n1095,type_0,type_2,rel_10,0,0,0,0,train:g435,0,1094.0
1711.0,streamspot:g435:n0,streamspot:g435:n1198,type_0,type_2,rel_10,0,0,0,0,train:g435,0,1197.0
1712.0,streamspot:g435:n0,streamspot:g435:n1428,type_0,type_2,rel_10,0,0,0,0,train:g435,0,1427.0
1713.0,streamspot:g435:n0,streamspot:g435:n1519,type_0,type_2,rel_10,0,0,0,0,train:g435,0,1518.0
1714.0,streamspot:g435:n0,streamspot:g435:n1697,type_0,type_2,rel_10,0,0,0,0,train:g435,0,1696.0
1715.0,streamspot:g435:n0,streamspot:g435:n1719,type_0,type_2,rel_10,0,0,0,0,train:g435,0,1718.0
1716.0,streamspot:g435:n0,streamspot:g435:n1774,type_0,type_2,rel_16,0,0,0,0,train:g435,0,1773.0
1717.0,streamspot:g435:n0,streamspot:g435:n1990,type_0,type_2,rel_10,0,0,0,0,train:g435,0,1989.0
1718.0,streamspot:g435:n0,streamspot:g435:n1995,type_0,type_2,rel_10,0,0,0,0,train:g435,0,1994.0
1719.0,streamspot:g435:n0,streamspot:g435:n2090,type_0,type_2,rel_16,0,0,0,0,train:g435,0,2089.0
1720.0,streamspot:g435:n0,streamspot:g435:n2206,type_0,type_2,rel_10,0,0,0,0,train:g435,0,2192.0
1721.0,streamspot:g435:n0,streamspot:g435:n2232,type_0,type_2,rel_16,0,0,0,0,train:g435,0,2218.0
1722.0,streamspot:g435:n0,streamspot:g435:n8477,type_0,type_2,rel_18,0,0,0,0,train:g435,0,2352.0
1723.0,streamspot:g435:n0,streamspot:g435:n4544,type_0,type_2,rel_18,0,0,0,0,train:g435,0,2394.0
1724.0,streamspot:g435:n2283,streamspot:g435:n2315,type_0,type_2,rel_16,0,0,0,0,train:g435,0,2466.0
1725.0,streamspot:g435:n2283,streamspot:g435:n2586,type_0,type_2,rel_10,0,0,0,0,train:g435,0,2745.0
1726.0,streamspot:g435:n2283,streamspot:g435:n2727,type_0,type_2,rel_10,0,0,0,0,train:g435,0,2886.0
1727.0,streamspot:g435:n2283,streamspot:g435:n3220,type_0,type_2,rel_10,0,0,0,0,train:g435,0,3381.0
1728.0,streamspot:g435:n2283,streamspot:g435:n3399,type_0,type_2,rel_10,0,0,0,0,train:g435,0,3517.0
1729.0,streamspot:g435:n2283,streamspot:g435:n3527,type_0,type_2,rel_1,0,0,0,0,train:g435,0,3550.0
1730.0,streamspot:g435:n2283,streamspot:g435:n4140,type_0,type_2,rel_16,0,0,0,0,train:g435,0,4015.0
1731.0,streamspot:g435:n2283,streamspot:g435:n4216,type_0,type_2,rel_1,0,0,0,0,train:g435,0,4091.0
1732.0,streamspot:g435:n2283,streamspot:g435:n4611,type_0,type_2,rel_10,0,0,0,0,train:g435,0,4516.0
1733.0,streamspot:g435:n2283,streamspot:g435:n6141,type_0,type_2,rel_10,0,0,0,0,train:g435,0,4918.0
1734.0,streamspot:g435:n2283,streamspot:g435:n6336,type_0,type_2,rel_10,0,0,0,0,train:g435,0,5113.0
1735.0,streamspot:g435:n2283,streamspot:g435:n6346,type_0,type_2,rel_10,0,0,0,0,train:g435,0,5123.0
1736.0,streamspot:g435:n2283,streamspot:g435:n6370,type_0,type_2,rel_10,0,0,0,0,train:g435,0,5147.0
1737.0,streamspot:g435:n3347,streamspot:g435:n3454,type_0,type_2,rel_10,0,0,0,0,train:g435,0,5882.0
1738.0,streamspot:g435:n3347,streamspot:g435:n3741,type_0,type_2,rel_16,0,0,0,0,train:g435,0,6002.0
1739.0,streamspot:g435:n3639,streamspot:g435:n3296,type_0,type_2,rel_10,0,0,0,0,train:g435,0,6285.0
1740.0,streamspot:g435:n3639,streamspot:g435:n3586,type_0,type_2,rel_10,0,0,0,0,train:g435,0,6367.0
1741.0,streamspot:g435:n4155,streamspot:g435:n4228,type_1,type_2,rel_19,0,0,0,0,train:g435,0,6404.0
1742.0,streamspot:g435:n4155,streamspot:g435:n8575,type_1,type_4,rel_6,0,0,0,0,train:g435,0,6497.0
1743.0,streamspot:g435:n4662,streamspot:g435:n4682,type_1,type_2,rel_10,0,0,0,0,train:g435,0,6688.0
1744.0,streamspot:g435:n4837,streamspot:g435:n4910,type_0,type_4,rel_5,0,0,0,0,train:g435,0,6850.0
1745.0,streamspot:g435:n4837,streamspot:g435:n5121,type_0,type_4,rel_5,0,0,0,0,train:g435,0,7061.0
1746.0,streamspot:g435:n4837,streamspot:g435:n5371,type_0,type_4,rel_5,0,0,0,0,train:g435,0,7311.0
1747.0,streamspot:g435:n4837,streamspot:g435:n5709,type_0,type_4,rel_5,0,0,0,0,train:g435,0,7649.0
1748.0,streamspot:g435:n4837,streamspot:g435:n5725,type_0,type_4,rel_5,0,0,0,0,train:g435,0,7665.0
1749.0,streamspot:g435:n4837,streamspot:g435:n3664,type_0,type_2,rel_7,0,0,0,0,train:g435,0,7804.0
1750.0,streamspot:g435:n4837,streamspot:g435:n2318,type_0,type_2,rel_16,0,0,0,0,train:g435,0,7840.0
1751.0,streamspot:g435:n4837,streamspot:g435:n2326,type_0,type_2,rel_16,0,0,0,0,train:g435,0,7848.0
1752.0,streamspot:g435:n4837,streamspot:g435:n2342,type_0,type_2,rel_16,0,0,0,0,train:g435,0,7864.0
1753.0,streamspot:g435:n4837,streamspot:g435:n2832,type_0,type_2,rel_10,0,0,0,0,train:g435,0,7873.0
1754.0,streamspot:g435:n4837,streamspot:g435:n2466,type_0,type_2,rel_10,0,0,0,0,train:g435,0,7918.0
1755.0,streamspot:g435:n4837,streamspot:g435:n3292,type_0,type_2,rel_10,0,0,0,0,train:g435,0,7975.0
1756.0,streamspot:g435:n4837,streamspot:g435:n3567,type_0,type_2,rel_10,0,0,0,0,train:g435,0,8042.0
1757.0,streamspot:g435:n5887,streamspot:g435:n4228,type_1,type_2,rel_19,0,0,0,0,train:g435,0,8090.0
1758.0,streamspot:g435:n5900,streamspot:g435:n5954,type_1,type_4,rel_6,0,0,0,0,train:g435,0,8139.0
1759.0,streamspot:g435:n5958,streamspot:g435:n671,type_1,type_2,rel_2,0,0,0,0,train:g435,0,8451.0
1760.0,streamspot:g435:n5962,streamspot:g435:n8630,type_1,type_4,rel_2,0,0,0,0,train:g435,0,8529.0
1761.0,streamspot:g435:n6750,streamspot:g435:n6754,type_0,type_4,rel_5,0,0,0,0,train:g435,0,8563.0
1762.0,streamspot:g435:n6750,streamspot:g435:n6840,type_0,type_4,rel_5,0,0,0,0,train:g435,0,8649.0
1763.0,streamspot:g435:n6750,streamspot:g435:n2319,type_0,type_2,rel_10,0,0,0,0,train:g435,0,8751.0
1764.0,streamspot:g435:n6750,streamspot:g435:n2356,type_0,type_2,rel_10,0,0,0,0,train:g435,0,8789.0
1765.0,streamspot:g435:n6750,streamspot:g435:n2373,type_0,type_2,rel_10,0,0,0,0,train:g435,0,8809.0
1766.0,streamspot:g435:n6750,streamspot:g435:n6928,type_0,type_2,rel_10,0,0,0,0,train:g435,0,9249.0
1767.0,streamspot:g435:n6750,streamspot:g435:n2916,type_0,type_2,rel_10,0,0,0,0,train:g435,0,9382.0
1768.0,streamspot:g435:n6750,streamspot:g435:n3073,type_0,type_2,rel_10,0,0,0,0,train:g435,0,9550.0
1769.0,streamspot:g435:n6750,streamspot:g435:n3881,type_0,type_2,rel_1,0,0,0,0,train:g435,0,10054.0
1770.0,streamspot:g435:n6750,streamspot:g435:n3920,type_0,type_2,rel_10,0,0,0,0,train:g435,0,10095.0
1771.0,streamspot:g435:n6750,streamspot:g435:n3985,type_0,type_2,rel_10,0,0,0,0,train:g435,0,10164.0
1772.0,streamspot:g435:n6750,streamspot:g435:n3819,type_0,type_2,rel_16,0,0,0,0,train:g435,0,10262.0
1773.0,streamspot:g435:n6750,streamspot:g435:n4084,type_0,type_2,rel_16,0,0,0,0,train:g435,0,10320.0
1774.0,streamspot:g435:n6750,streamspot:g435:n6090,type_0,type_2,rel_10,0,0,0,0,train:g435,0,10413.0
1775.0,streamspot:g435:n6750,streamspot:g435:n6275,type_0,type_2,rel_10,0,0,0,0,train:g435,0,10647.0
1776.0,streamspot:g435:n6750,streamspot:g435:n8009,type_0,type_2,rel_10,0,0,0,0,train:g435,0,10872.0
1777.0,streamspot:g435:n6750,streamspot:g435:n8087,type_0,type_2,rel_17,0,0,0,0,train:g435,0,11022.0
1778.0,streamspot:g435:n6750,streamspot:g435:n8121,type_0,type_2,rel_10,0,0,0,0,train:g435,0,11173.0
1779.0,streamspot:g435:n6750,streamspot:g435:n8540,type_0,type_2,rel_10,0,0,0,0,train:g435,0,11231.0
1780.0,streamspot:g435:n6966,streamspot:g435:n2320,type_0,type_2,rel_16,0,0,0,0,train:g435,0,11412.0
1781.0,streamspot:g435:n6966,streamspot:g435:n3541,type_0,type_2,rel_10,0,0,0,0,train:g435,0,11593.0
1782.0,streamspot:g435:n6966,streamspot:g435:n3560,type_0,type_2,rel_10,0,0,0,0,train:g435,0,11613.0
1783.0,streamspot:g435:n6983,streamspot:g435:n7006,type_0,type_2,rel_16,0,0,0,0,train:g435,0,11793.0
1784.0,streamspot:g435:n7008,streamspot:g435:n2309,type_0,type_2,rel_16,0,0,0,0,train:g435,0,11864.0
1785.0,streamspot:g435:n7008,streamspot:g435:n7233,type_0,type_2,rel_16,0,0,0,0,train:g435,0,12098.0
1786.0,streamspot:g435:n7008,streamspot:g435:n7243,type_0,type_2,rel_10,0,0,0,0,train:g435,0,12108.0
1787.0,streamspot:g435:n7008,streamspot:g435:n7451,type_0,type_2,rel_10,0,0,0,0,train:g435,0,12316.0
1788.0,streamspot:g435:n7008,streamspot:g435:n7498,type_0,type_2,rel_10,0,0,0,0,train:g435,0,12363.0
1789.0,streamspot:g435:n7008,streamspot:g435:n7750,type_0,type_2,rel_10,0,0,0,0,train:g435,0,12615.0
1790.0,streamspot:g435:n7018,streamspot:g435:n2310,type_0,type_2,rel_10,0,0,0,0,train:g435,0,12743.0
1791.0,streamspot:g435:n7018,streamspot:g435:n2471,type_0,type_2,rel_10,0,0,0,0,train:g435,0,12818.0
1792.0,streamspot:g435:n8337,streamspot:g435:n8349,type_0,type_2,rel_10,0,0,0,0,train:g435,0,12886.0
1793.0,streamspot:g435:n8337,streamspot:g435:n2599,type_0,type_2,rel_10,0,0,0,0,train:g435,0,12954.0
1794.0,streamspot:g435:n8337,streamspot:g435:n2566,type_0,type_2,rel_10,0,0,0,0,train:g435,0,12997.0
1795.0,streamspot:g435:n8337,streamspot:g435:n2421,type_0,type_2,rel_10,0,0,0,0,train:g435,0,13051.0
1796.0,streamspot:g435:n8337,streamspot:g435:n2367,type_0,type_2,rel_10,0,0,0,0,train:g435,0,13091.0
1797.0,streamspot:g435:n8337,streamspot:g435:n2380,type_0,type_2,rel_10,0,0,0,0,train:g435,0,13104.0
1798.0,streamspot:g435:n8337,streamspot:g435:n2933,type_0,type_2,rel_10,0,0,0,0,train:g435,0,13117.0
1799.0,streamspot:g435:n8337,streamspot:g435:n2974,type_0,type_2,rel_10,0,0,0,0,train:g435,0,13158.0
1800.0,streamspot:g435:n8337,streamspot:g435:n3555,type_0,type_2,rel_10,0,0,0,0,train:g435,0,13204.0
1801.0,streamspot:g464:n0,streamspot:g464:n102,type_0,type_2,rel_16,0,0,0,0,train:g464,0,101.0
1802.0,streamspot:g464:n0,streamspot:g464:n240,type_0,type_2,rel_10,0,0,0,0,train:g464,0,239.0
1803.0,streamspot:g464:n0,streamspot:g464:n405,type_0,type_2,rel_10,0,0,0,0,train:g464,0,404.0
1804.0,streamspot:g464:n0,streamspot:g464:n557,type_0,type_2,rel_10,0,0,0,0,train:g464,0,556.0
1805.0,streamspot:g464:n0,streamspot:g464:n575,type_0,type_2,rel_10,0,0,0,0,train:g464,0,574.0
1806.0,streamspot:g464:n0,streamspot:g464:n582,type_0,type_2,rel_10,0,0,0,0,train:g464,0,581.0
1807.0,streamspot:g464:n0,streamspot:g464:n710,type_0,type_2,rel_10,0,0,0,0,train:g464,0,709.0
1808.0,streamspot:g464:n0,streamspot:g464:n847,type_0,type_2,rel_10,0,0,0,0,train:g464,0,846.0
1809.0,streamspot:g464:n0,streamspot:g464:n1010,type_0,type_2,rel_16,0,0,0,0,train:g464,0,1009.0
1810.0,streamspot:g464:n0,streamspot:g464:n1037,type_0,type_2,rel_16,0,0,0,0,train:g464,0,1036.0
1811.0,streamspot:g464:n0,streamspot:g464:n1080,type_0,type_2,rel_10,0,0,0,0,train:g464,0,1079.0
1812.0,streamspot:g464:n0,streamspot:g464:n1130,type_0,type_2,rel_10,0,0,0,0,train:g464,0,1129.0
1813.0,streamspot:g464:n0,streamspot:g464:n1319,type_0,type_2,rel_10,0,0,0,0,train:g464,0,1318.0
1814.0,streamspot:g464:n0,streamspot:g464:n1476,type_0,type_2,rel_10,0,0,0,0,train:g464,0,1475.0
1815.0,streamspot:g464:n0,streamspot:g464:n1498,type_0,type_2,rel_10,0,0,0,0,train:g464,0,1497.0
1816.0,streamspot:g464:n0,streamspot:g464:n1585,type_0,type_2,rel_16,0,0,0,0,train:g464,0,1584.0
1817.0,streamspot:g464:n0,streamspot:g464:n1732,type_0,type_2,rel_10,0,0,0,0,train:g464,0,1731.0
1818.0,streamspot:g464:n2283,streamspot:g464:n2385,type_0,type_2,rel_10,0,0,0,0,train:g464,0,2537.0
1819.0,streamspot:g464:n2283,streamspot:g464:n2522,type_0,type_2,rel_10,0,0,0,0,train:g464,0,2677.0
1820.0,streamspot:g464:n2283,streamspot:g464:n2713,type_0,type_2,rel_10,0,0,0,0,train:g464,0,2868.0
1821.0,streamspot:g464:n2283,streamspot:g464:n2840,type_0,type_2,rel_10,0,0,0,0,train:g464,0,2995.0
1822.0,streamspot:g464:n2283,streamspot:g464:n2979,type_0,type_2,rel_10,0,0,0,0,train:g464,0,3135.0
1823.0,streamspot:g464:n2283,streamspot:g464:n3073,type_0,type_2,rel_10,0,0,0,0,train:g464,0,3230.0
1824.0,streamspot:g464:n2283,streamspot:g464:n3954,type_0,type_2,rel_10,0,0,0,0,train:g464,0,3793.0
1825.0,streamspot:g464:n2283,streamspot:g464:n4088,type_0,type_2,rel_16,0,0,0,0,train:g464,0,3958.0
1826.0,streamspot:g464:n2283,streamspot:g464:n2257,type_0,type_2,rel_16,0,0,0,0,train:g464,0,4287.0
1827.0,streamspot:g464:n2283,streamspot:g464:n4404,type_0,type_2,rel_1,0,0,0,0,train:g464,0,4306.0
1828.0,streamspot:g464:n2283,streamspot:g464:n4471,type_0,type_2,rel_16,0,0,0,0,train:g464,0,4373.0
1829.0,streamspot:g464:n2283,streamspot:g464:n4635,type_0,type_2,rel_10,0,0,0,0,train:g464,0,4537.0
1830.0,streamspot:g464:n2283,streamspot:g464:n4807,type_0,type_2,rel_10,0,0,0,0,train:g464,0,4652.0
1831.0,streamspot:g464:n2283,streamspot:g464:n6090,type_0,type_2,rel_10,0,0,0,0,train:g464,0,4855.0
1832.0,streamspot:g464:n2283,streamspot:g464:n6323,type_0,type_2,rel_10,0,0,0,0,train:g464,0,5088.0
1833.0,streamspot:g464:n2283,streamspot:g464:n6576,type_0,type_2,rel_10,0,0,0,0,train:g464,0,5341.0
1834.0,streamspot:g464:n2283,streamspot:g464:n6586,type_0,type_2,rel_10,0,0,0,0,train:g464,0,5351.0
1835.0,streamspot:g464:n2283,streamspot:g464:n8172,type_0,type_2,rel_10,0,0,0,0,train:g464,0,5531.0
1836.0,streamspot:g464:n2283,streamspot:g464:n8396,type_0,type_4,rel_19,0,0,0,0,train:g464,0,5712.0
1837.0,streamspot:g464:n2283,streamspot:g464:n8915,type_0,type_2,rel_1,0,0,0,0,train:g464,0,5804.0
1838.0,streamspot:g464:n3347,streamspot:g464:n3390,type_0,type_2,rel_10,0,0,0,0,train:g464,0,5874.0
1839.0,streamspot:g464:n3347,streamspot:g464:n3506,type_0,type_2,rel_10,0,0,0,0,train:g464,0,5958.0
1840.0,streamspot:g464:n3639,streamspot:g464:n2314,type_0,type_2,rel_10,0,0,0,0,train:g464,0,6178.0
1841.0,streamspot:g464:n3773,streamspot:g464:n3636,type_1,type_2,rel_19,0,0,0,0,train:g464,0,6431.0
1842.0,streamspot:g464:n4546,streamspot:g464:n4712,type_1,type_2,rel_10,0,0,0,0,train:g464,0,6717.0
1843.0,streamspot:g464:n4677,streamspot:g464:n6768,type_1,type_2,rel_10,0,0,0,0,train:g464,0,6843.0
1844.0,streamspot:g464:n4842,streamspot:g464:n4846,type_0,type_4,rel_5,0,0,0,0,train:g464,0,6848.0
1845.0,streamspot:g464:n4842,streamspot:g464:n4864,type_0,type_4,rel_5,0,0,0,0,train:g464,0,6869.0
1846.0,streamspot:g464:n4842,streamspot:g464:n4879,type_0,type_4,rel_5,0,0,0,0,train:g464,0,6884.0
1847.0,streamspot:g464:n4842,streamspot:g464:n5014,type_0,type_4,rel_5,0,0,0,0,train:g464,0,7019.0
1848.0,streamspot:g464:n4842,streamspot:g464:n5110,type_0,type_4,rel_5,0,0,0,0,train:g464,0,7115.0
1849.0,streamspot:g464:n4842,streamspot:g464:n5441,type_0,type_4,rel_5,0,0,0,0,train:g464,0,7446.0
1850.0,streamspot:g464:n4842,streamspot:g464:n5528,type_0,type_4,rel_5,0,0,0,0,train:g464,0,7533.0
1851.0,streamspot:g464:n4842,streamspot:g464:n5559,type_0,type_4,rel_5,0,0,0,0,train:g464,0,7564.0
1852.0,streamspot:g464:n4842,streamspot:g464:n2459,type_0,type_2,rel_10,0,0,0,0,train:g464,0,7981.0
1853.0,streamspot:g464:n4842,streamspot:g464:n3234,type_0,type_2,rel_10,0,0,0,0,train:g464,0,8006.0
1854.0,streamspot:g464:n5907,streamspot:g464:n8080,type_1,type_2,rel_10,0,0,0,0,train:g464,0,8292.0
1855.0,streamspot:g464:n5907,streamspot:g464:n8819,type_1,type_2,rel_10,0,0,0,0,train:g464,0,8415.0
1856.0,streamspot:g464:n5962,streamspot:g464:n8564,type_1,type_2,rel_2,0,0,0,0,train:g464,0,8501.0
1857.0,streamspot:g464:n6773,streamspot:g464:n6775,type_0,type_2,rel_10,0,0,0,0,train:g464,0,8650.0
1858.0,streamspot:g464:n6773,streamspot:g464:n6908,type_0,type_2,rel_7,0,0,0,0,train:g464,0,8783.0
1859.0,streamspot:g464:n6773,streamspot:g464:n6928,type_0,type_2,rel_16,0,0,0,0,train:g464,0,8805.0
1860.0,streamspot:g464:n6773,streamspot:g464:n6929,type_0,type_2,rel_10,0,0,0,0,train:g464,0,8806.0
1861.0,streamspot:g464:n6773,streamspot:g464:n2803,type_0,type_2,rel_10,0,0,0,0,train:g464,0,9365.0
1862.0,streamspot:g464:n6773,streamspot:g464:n2943,type_0,type_2,rel_10,0,0,0,0,train:g464,0,9513.0
1863.0,streamspot:g464:n6773,streamspot:g464:n3014,type_0,type_2,rel_10,0,0,0,0,train:g464,0,9588.0
1864.0,streamspot:g464:n6773,streamspot:g464:n3149,type_0,type_2,rel_10,0,0,0,0,train:g464,0,9732.0
1865.0,streamspot:g464:n6773,streamspot:g464:n3301,type_0,type_2,rel_10,0,0,0,0,train:g464,0,9892.0
1866.0,streamspot:g464:n6773,streamspot:g464:n3382,type_0,type_2,rel_10,0,0,0,0,train:g464,0,9940.0
1867.0,streamspot:g464:n6773,streamspot:g464:n3430,type_0,type_2,rel_10,0,0,0,0,train:g464,0,9958.0
1868.0,streamspot:g464:n6773,streamspot:g464:n3560,type_0,type_2,rel_10,0,0,0,0,train:g464,0,10015.0
1869.0,streamspot:g464:n6773,streamspot:g464:n7907,type_0,type_2,rel_10,0,0,0,0,train:g464,0,10401.0
1870.0,streamspot:g464:n6773,streamspot:g464:n6158,type_0,type_2,rel_10,0,0,0,0,train:g464,0,10566.0
1871.0,streamspot:g464:n6773,streamspot:g464:n8010,type_0,type_2,rel_10,0,0,0,0,train:g464,0,10615.0
1872.0,streamspot:g464:n6773,streamspot:g464:n6235,type_0,type_2,rel_10,0,0,0,0,train:g464,0,10647.0
1873.0,streamspot:g464:n6773,streamspot:g464:n6251,type_0,type_2,rel_10,0,0,0,0,train:g464,0,10664.0
1874.0,streamspot:g464:n6773,streamspot:g464:n6572,type_0,type_2,rel_10,0,0,0,0,train:g464,0,11042.0
1875.0,streamspot:g464:n6773,streamspot:g464:n4257,type_0,type_2,rel_10,0,0,0,0,train:g464,0,11204.0
1876.0,streamspot:g464:n6773,streamspot:g464:n4283,type_0,type_2,rel_10,0,0,0,0,train:g464,0,11230.0
1877.0,streamspot:g464:n6773,streamspot:g464:n8643,type_0,type_2,rel_10,0,0,0,0,train:g464,0,11336.0
1878.0,streamspot:g464:n7009,streamspot:g464:n3525,type_1,type_2,rel_5,0,0,0,0,train:g464,0,11775.0
1879.0,streamspot:g464:n7019,streamspot:g464:n2307,type_0,type_2,rel_16,0,0,0,0,train:g464,0,11836.0
1880.0,streamspot:g464:n7019,streamspot:g464:n7048,type_0,type_2,rel_16,0,0,0,0,train:g464,0,11908.0
1881.0,streamspot:g464:n7044,streamspot:g464:n7238,type_0,type_2,rel_10,0,0,0,0,train:g464,0,12176.0
1882.0,streamspot:g464:n7044,streamspot:g464:n7550,type_0,type_2,rel_10,0,0,0,0,train:g464,0,12489.0
1883.0,streamspot:g464:n7044,streamspot:g464:n7641,type_0,type_2,rel_10,0,0,0,0,train:g464,0,12580.0
1884.0,streamspot:g464:n7044,streamspot:g464:n7706,type_0,type_2,rel_10,0,0,0,0,train:g464,0,12645.0
1885.0,streamspot:g464:n7054,streamspot:g464:n7118,type_0,type_2,rel_10,0,0,0,0,train:g464,0,12941.0
1886.0,streamspot:g464:n8298,streamspot:g464:n2302,type_0,type_2,rel_10,0,0,0,0,train:g464,0,12976.0
1887.0,streamspot:g464:n8298,streamspot:g464:n2471,type_0,type_2,rel_10,0,0,0,0,train:g464,0,13095.0
1888.0,streamspot:g464:n8298,streamspot:g464:n2906,type_0,type_2,rel_10,0,0,0,0,train:g464,0,13234.0
1889.0,streamspot:g464:n8298,streamspot:g464:n2916,type_0,type_2,rel_10,0,0,0,0,train:g464,0,13244.0
1890.0,streamspot:g464:n8377,streamspot:g464:n2585,type_0,type_2,rel_10,0,0,0,0,train:g464,0,13657.0
1891.0,streamspot:g464:n8377,streamspot:g464:n2597,type_0,type_2,rel_10,0,0,0,0,train:g464,0,13669.0
1892.0,streamspot:g464:n8377,streamspot:g464:n4811,type_0,type_2,rel_10,0,0,0,0,train:g464,0,13751.0
1893.0,streamspot:g464:n8377,streamspot:g464:n2940,type_0,type_2,rel_10,0,0,0,0,train:g464,0,13841.0
1894.0,streamspot:g464:n8377,streamspot:g464:n8213,type_0,type_2,rel_10,0,0,0,0,train:g464,0,13890.0
1895.0,streamspot:g464:n8388,streamspot:g464:n2362,type_0,type_2,rel_10,0,0,0,0,train:g464,0,14102.0
1896.0,streamspot:g464:n8388,streamspot:g464:n2435,type_0,type_2,rel_10,0,0,0,0,train:g464,0,14196.0
1897.0,streamspot:g464:n8401,streamspot:g464:n2425,type_0,type_2,rel_10,0,0,0,0,train:g464,0,14600.0
1898.0,streamspot:g464:n8401,streamspot:g464:n3532,type_0,type_2,rel_10,0,0,0,0,train:g464,0,14726.0
1899.0,streamspot:g464:n8409,streamspot:g464:n2564,type_0,type_2,rel_10,0,0,0,0,train:g464,0,14954.0
1900.0,streamspot:g464:n8418,streamspot:g464:n8319,type_0,type_2,rel_10,0,0,0,0,train:g464,0,15279.0
1901.0,streamspot:g206:n0,streamspot:g206:n22,type_0,type_2,rel_16,0,0,0,0,train:g206,0,21.0
1902.0,streamspot:g206:n0,streamspot:g206:n34,type_0,type_2,rel_16,0,0,0,0,train:g206,0,33.0
1903.0,streamspot:g206:n0,streamspot:g206:n42,type_0,type_2,rel_10,0,0,0,0,train:g206,0,41.0
1904.0,streamspot:g206:n0,streamspot:g206:n706,type_0,type_2,rel_10,0,0,0,0,train:g206,0,705.0
1905.0,streamspot:g206:n0,streamspot:g206:n821,type_0,type_2,rel_10,0,0,0,0,train:g206,0,820.0
1906.0,streamspot:g206:n0,streamspot:g206:n923,type_0,type_2,rel_10,0,0,0,0,train:g206,0,922.0
1907.0,streamspot:g206:n0,streamspot:g206:n1121,type_0,type_2,rel_10,0,0,0,0,train:g206,0,1120.0
1908.0,streamspot:g206:n0,streamspot:g206:n1207,type_0,type_2,rel_10,0,0,0,0,train:g206,0,1206.0
1909.0,streamspot:g206:n0,streamspot:g206:n1375,type_0,type_2,rel_10,0,0,0,0,train:g206,0,1374.0
1910.0,streamspot:g206:n0,streamspot:g206:n1411,type_0,type_2,rel_10,0,0,0,0,train:g206,0,1410.0
1911.0,streamspot:g206:n0,streamspot:g206:n1423,type_0,type_2,rel_10,0,0,0,0,train:g206,0,1422.0
1912.0,streamspot:g206:n0,streamspot:g206:n1441,type_0,type_2,rel_10,0,0,0,0,train:g206,0,1440.0
1913.0,streamspot:g206:n0,streamspot:g206:n1455,type_0,type_2,rel_10,0,0,0,0,train:g206,0,1454.0
1914.0,streamspot:g206:n0,streamspot:g206:n1537,type_0,type_2,rel_10,0,0,0,0,train:g206,0,1536.0
1915.0,streamspot:g206:n0,streamspot:g206:n1604,type_0,type_2,rel_10,0,0,0,0,train:g206,0,1603.0
1916.0,streamspot:g206:n0,streamspot:g206:n1738,type_0,type_2,rel_10,0,0,0,0,train:g206,0,1737.0
1917.0,streamspot:g206:n0,streamspot:g206:n1753,type_0,type_2,rel_10,0,0,0,0,train:g206,0,1752.0
1918.0,streamspot:g206:n0,streamspot:g206:n1772,type_0,type_2,rel_16,0,0,0,0,train:g206,0,1771.0
1919.0,streamspot:g206:n0,streamspot:g206:n1808,type_0,type_2,rel_16,0,0,0,0,train:g206,0,1807.0
1920.0,streamspot:g206:n0,streamspot:g206:n1835,type_0,type_2,rel_10,0,0,0,0,train:g206,0,1834.0
1921.0,streamspot:g206:n0,streamspot:g206:n2215,type_0,type_2,rel_10,0,0,0,0,train:g206,0,2201.0
1922.0,streamspot:g206:n0,streamspot:g206:n2253,type_0,type_2,rel_16,0,0,0,0,train:g206,0,2239.0
1923.0,streamspot:g206:n0,streamspot:g206:n2265,type_0,type_2,rel_16,0,0,0,0,train:g206,0,2251.0
1924.0,streamspot:g206:n0,streamspot:g206:n2272,type_0,type_2,rel_16,0,0,0,0,train:g206,0,2258.0
1925.0,streamspot:g206:n0,streamspot:g206:n5976,type_0,type_2,rel_18,0,0,0,0,train:g206,0,2314.0
1926.0,streamspot:g206:n2283,streamspot:g206:n2851,type_0,type_2,rel_10,0,0,0,0,train:g206,0,2936.0
1927.0,streamspot:g206:n2283,streamspot:g206:n2873,type_0,type_2,rel_10,0,0,0,0,train:g206,0,2958.0
1928.0,streamspot:g206:n2283,streamspot:g206:n3070,type_0,type_2,rel_10,0,0,0,0,train:g206,0,3157.0
1929.0,streamspot:g206:n2283,streamspot:g206:n3313,type_0,type_2,rel_10,0,0,0,0,train:g206,0,3400.0
1930.0,streamspot:g206:n2283,streamspot:g206:n3318,type_0,type_2,rel_10,0,0,0,0,train:g206,0,3405.0
1931.0,streamspot:g206:n2283,streamspot:g206:n3440,type_0,type_2,rel_10,0,0,0,0,train:g206,0,3457.0
1932.0,streamspot:g206:n2283,streamspot:g206:n3958,type_0,type_2,rel_10,0,0,0,0,train:g206,0,3727.0
1933.0,streamspot:g206:n2283,streamspot:g206:n4032,type_0,type_2,rel_10,0,0,0,0,train:g206,0,3801.0
1934.0,streamspot:g206:n2283,streamspot:g206:n671,type_0,type_2,rel_10,0,0,0,0,train:g206,0,3969.0
1935.0,streamspot:g206:n2283,streamspot:g206:n4174,type_0,type_2,rel_10,0,0,0,0,train:g206,0,3976.0
1936.0,streamspot:g206:n2283,streamspot:g206:n4182,type_0,type_2,rel_1,0,0,0,0,train:g206,0,3984.0
1937.0,streamspot:g206:n2283,streamspot:g206:n4310,type_0,type_2,rel_10,0,0,0,0,train:g206,0,4112.0
1938.0,streamspot:g206:n2283,streamspot:g206:n4648,type_0,type_2,rel_10,0,0,0,0,train:g206,0,4480.0
1939.0,streamspot:g206:n2283,streamspot:g206:n4706,type_0,type_2,rel_10,0,0,0,0,train:g206,0,4631.0
1940.0,streamspot:g206:n2283,streamspot:g206:n6074,type_0,type_2,rel_10,0,0,0,0,train:g206,0,4796.0
1941.0,streamspot:g206:n2283,streamspot:g206:n6118,type_0,type_2,rel_10,0,0,0,0,train:g206,0,4840.0
1942.0,streamspot:g206:n2283,streamspot:g206:n6158,type_0,type_2,rel_10,0,0,0,0,train:g206,0,4880.0
1943.0,streamspot:g206:n2283,streamspot:g206:n6648,type_0,type_2,rel_10,0,0,0,0,train:g206,0,5370.0
1944.0,streamspot:g206:n2283,streamspot:g206:n6766,type_0,type_2,rel_16,0,0,0,0,train:g206,0,5488.0
1945.0,streamspot:g206:n2283,streamspot:g206:n6776,type_0,type_2,rel_16,0,0,0,0,train:g206,0,5498.0
1946.0,streamspot:g206:n2283,streamspot:g206:n6787,type_0,type_2,rel_16,0,0,0,0,train:g206,0,5509.0
1947.0,streamspot:g206:n2283,streamspot:g206:n6834,type_0,type_2,rel_16,0,0,0,0,train:g206,0,5556.0
1948.0,streamspot:g206:n2283,streamspot:g206:n3352,type_0,type_2,rel_10,0,0,0,0,train:g206,0,5617.0
1949.0,streamspot:g206:n2283,streamspot:g206:n3479,type_0,type_2,rel_10,0,0,0,0,train:g206,0,5707.0
1950.0,streamspot:g206:n3347,streamspot:g206:n3703,type_0,type_2,rel_10,0,0,0,0,train:g206,0,6042.0
1951.0,streamspot:g206:n3639,streamspot:g206:n2294,type_0,type_2,rel_10,0,0,0,0,train:g206,0,6200.0
1952.0,streamspot:g206:n3639,streamspot:g206:n2338,type_0,type_2,rel_16,0,0,0,0,train:g206,0,6245.0
1953.0,streamspot:g206:n3639,streamspot:g206:n2833,type_0,type_2,rel_10,0,0,0,0,train:g206,0,6259.0
1954.0,streamspot:g206:n3639,streamspot:g206:n2836,type_0,type_2,rel_10,0,0,0,0,train:g206,0,6262.0
1955.0,streamspot:g206:n4155,streamspot:g206:n671,type_1,type_2,rel_0,0,0,0,0,train:g206,0,6481.0
1956.0,streamspot:g206:n4535,streamspot:g206:n4227,type_1,type_2,rel_19,0,0,0,0,train:g206,0,6540.0
1957.0,streamspot:g206:n4535,streamspot:g206:n4684,type_1,type_2,rel_10,0,0,0,0,train:g206,0,6546.0
1958.0,streamspot:g206:n4535,streamspot:g206:n4722,type_1,type_2,rel_10,0,0,0,0,train:g206,0,6586.0
1959.0,streamspot:g206:n4535,streamspot:g206:n4723,type_1,type_2,rel_10,0,0,0,0,train:g206,0,6587.0
1960.0,streamspot:g206:n4841,streamspot:g206:n5073,type_0,type_4,rel_5,0,0,0,0,train:g206,0,6986.0
1961.0,streamspot:g206:n4841,streamspot:g206:n5198,type_0,type_4,rel_5,0,0,0,0,train:g206,0,7111.0
1962.0,streamspot:g206:n4841,streamspot:g206:n5306,type_0,type_4,rel_5,0,0,0,0,train:g206,0,7219.0
1963.0,streamspot:g206:n4841,streamspot:g206:n5537,type_0,type_4,rel_5,0,0,0,0,train:g206,0,7450.0
1964.0,streamspot:g206:n4841,streamspot:g206:n5620,type_0,type_4,rel_5,0,0,0,0,train:g206,0,7533.0
1965.0,streamspot:g206:n4841,streamspot:g206:n5670,type_0,type_4,rel_5,0,0,0,0,train:g206,0,7583.0
1966.0,streamspot:g206:n4841,streamspot:g206:n5728,type_0,type_4,rel_5,0,0,0,0,train:g206,0,7641.0
1967.0,streamspot:g206:n4841,streamspot:g206:n5733,type_0,type_4,rel_5,0,0,0,0,train:g206,0,7646.0
1968.0,streamspot:g206:n4841,streamspot:g206:n5790,type_0,type_4,rel_5,0,0,0,0,train:g206,0,7703.0
1969.0,streamspot:g206:n4841,streamspot:g206:n5861,type_0,type_4,rel_5,0,0,0,0,train:g206,0,7774.0
1970.0,streamspot:g206:n4841,streamspot:g206:n2292,type_0,type_2,rel_10,0,0,0,0,train:g206,0,7790.0
1971.0,streamspot:g206:n4841,streamspot:g206:n3563,type_0,type_2,rel_10,0,0,0,0,train:g206,0,8015.0
1972.0,streamspot:g206:n6841,streamspot:g206:n2346,type_0,type_2,rel_16,0,0,0,0,train:g206,0,8305.0
1973.0,streamspot:g206:n6841,streamspot:g206:n2357,type_0,type_2,rel_10,0,0,0,0,train:g206,0,8356.0
1974.0,streamspot:g206:n6841,streamspot:g206:n2400,type_0,type_2,rel_10,0,0,0,0,train:g206,0,8477.0
1975.0,streamspot:g206:n6841,streamspot:g206:n2909,type_0,type_2,rel_10,0,0,0,0,train:g206,0,8521.0
1976.0,streamspot:g206:n6841,streamspot:g206:n3561,type_0,type_2,rel_10,0,0,0,0,train:g206,0,8600.0
1977.0,streamspot:g206:n6841,streamspot:g206:n2981,type_0,type_2,rel_10,0,0,0,0,train:g206,0,8690.0
1978.0,streamspot:g206:n6841,streamspot:g206:n3417,type_0,type_2,rel_10,0,0,0,0,train:g206,0,8759.0
1979.0,streamspot:g206:n6958,streamspot:g206:n2540,type_0,type_2,rel_10,0,0,0,0,train:g206,0,9234.0
1980.0,streamspot:g206:n6958,streamspot:g206:n2591,type_0,type_2,rel_10,0,0,0,0,train:g206,0,9288.0
1981.0,streamspot:g206:n6958,streamspot:g206:n2605,type_0,type_2,rel_10,0,0,0,0,train:g206,0,9303.0
1982.0,streamspot:g206:n6958,streamspot:g206:n2688,type_0,type_2,rel_10,0,0,0,0,train:g206,0,9390.0
1983.0,streamspot:g206:n6958,streamspot:g206:n2821,type_0,type_2,rel_10,0,0,0,0,train:g206,0,9530.0
1984.0,streamspot:g206:n6958,streamspot:g206:n3087,type_0,type_2,rel_10,0,0,0,0,train:g206,0,9812.0
1985.0,streamspot:g206:n6958,streamspot:g206:n3148,type_0,type_2,rel_10,0,0,0,0,train:g206,0,9876.0
1986.0,streamspot:g206:n6958,streamspot:g206:n3150,type_0,type_2,rel_10,0,0,0,0,train:g206,0,9879.0
1987.0,streamspot:g206:n6958,streamspot:g206:n8146,type_0,type_2,rel_10,0,0,0,0,train:g206,0,10800.0
1988.0,streamspot:g206:n6958,streamspot:g206:n6292,type_0,type_2,rel_10,0,0,0,0,train:g206,0,10936.0
1989.0,streamspot:g206:n6958,streamspot:g206:n8218,type_0,type_2,rel_10,0,0,0,0,train:g206,0,11292.0
1990.0,streamspot:g206:n6958,streamspot:g206:n4199,type_0,type_2,rel_1,0,0,0,0,train:g206,0,11390.0
1991.0,streamspot:g206:n6958,streamspot:g206:n8390,type_0,type_2,rel_10,0,0,0,0,train:g206,0,11524.0
1992.0,streamspot:g206:n7123,streamspot:g206:n2466,type_0,type_2,rel_10,0,0,0,0,train:g206,0,11863.0
1993.0,streamspot:g206:n7123,streamspot:g206:n3242,type_0,type_2,rel_10,0,0,0,0,train:g206,0,11890.0
1994.0,streamspot:g206:n7140,streamspot:g206:n2293,type_0,type_2,rel_16,0,0,0,0,train:g206,0,12086.0
1995.0,streamspot:g206:n7140,streamspot:g206:n2295,type_0,type_2,rel_16,0,0,0,0,train:g206,0,12088.0
1996.0,streamspot:g206:n7140,streamspot:g206:n7157,type_0,type_2,rel_10,0,0,0,0,train:g206,0,12138.0
1997.0,streamspot:g206:n7165,streamspot:g206:n2295,type_0,type_2,rel_16,0,0,0,0,train:g206,0,12223.0
1998.0,streamspot:g206:n7165,streamspot:g206:n7725,type_0,type_2,rel_10,0,0,0,0,train:g206,0,12806.0
1999.0,streamspot:g206:n7165,streamspot:g206:n7938,type_0,type_2,rel_10,0,0,0,0,train:g206,0,13020.0
2000.0,streamspot:g206:n7175,streamspot:g206:n19,type_0,type_2,rel_11,0,0,0,0,train:g206,0,13207.0
2001.0,streamspot:g362:n0,streamspot:g362:n28,type_0,type_2,rel_10,1,1,1,1,train:g362,1,27.0
2002.0,streamspot:g362:n0,streamspot:g362:n33,type_0,type_2,rel_10,1,1,1,1,train:g362,1,32.0
2003.0,streamspot:g362:n0,streamspot:g362:n90,type_0,type_2,rel_10,1,1,1,1,train:g362,1,89.0
2004.0,streamspot:g362:n0,streamspot:g362:n520,type_0,type_2,rel_10,1,1,1,1,train:g362,1,519.0
2005.0,streamspot:g362:n0,streamspot:g362:n608,type_0,type_2,rel_10,1,1,1,1,train:g362,1,607.0
2006.0,streamspot:g362:n0,streamspot:g362:n935,type_0,type_2,rel_16,1,1,1,1,train:g362,1,934.0
2007.0,streamspot:g362:n0,streamspot:g362:n1011,type_0,type_2,rel_16,1,1,1,1,train:g362,1,1010.0
2008.0,streamspot:g362:n0,streamspot:g362:n1037,type_0,type_2,rel_16,1,1,1,1,train:g362,1,1036.0
2009.0,streamspot:g362:n0,streamspot:g362:n1272,type_0,type_2,rel_10,1,1,1,1,train:g362,1,1271.0
2010.0,streamspot:g362:n0,streamspot:g362:n1309,type_0,type_2,rel_10,1,1,1,1,train:g362,1,1308.0
2011.0,streamspot:g362:n0,streamspot:g362:n1396,type_0,type_2,rel_10,1,1,1,1,train:g362,1,1395.0
2012.0,streamspot:g362:n0,streamspot:g362:n1506,type_0,type_2,rel_10,1,1,1,1,train:g362,1,1505.0
2013.0,streamspot:g362:n0,streamspot:g362:n1578,type_0,type_2,rel_10,1,1,1,1,train:g362,1,1577.0
2014.0,streamspot:g362:n0,streamspot:g362:n1587,type_0,type_2,rel_10,1,1,1,1,train:g362,1,1586.0
2015.0,streamspot:g362:n0,streamspot:g362:n1985,type_0,type_2,rel_10,1,1,1,1,train:g362,1,1984.0
2016.0,streamspot:g362:n0,streamspot:g362:n2042,type_0,type_2,rel_10,1,1,1,1,train:g362,1,2041.0
2017.0,streamspot:g362:n0,streamspot:g362:n2072,type_0,type_2,rel_10,1,1,1,1,train:g362,1,2071.0
2018.0,streamspot:g362:n0,streamspot:g362:n2181,type_0,type_2,rel_16,1,1,1,1,train:g362,1,2167.0
2019.0,streamspot:g362:n0,streamspot:g362:n2235,type_0,type_2,rel_10,1,1,1,1,train:g362,1,2221.0
2020.0,streamspot:g362:n2283,streamspot:g362:n2319,type_0,type_2,rel_10,1,1,1,1,train:g362,1,2377.0
2021.0,streamspot:g362:n2283,streamspot:g362:n2497,type_0,type_2,rel_10,1,1,1,1,train:g362,1,2562.0
2022.0,streamspot:g362:n2283,streamspot:g362:n2521,type_0,type_2,rel_10,1,1,1,1,train:g362,1,2586.0
2023.0,streamspot:g362:n2283,streamspot:g362:n2599,type_0,type_2,rel_10,1,1,1,1,train:g362,1,2664.0
2024.0,streamspot:g362:n2283,streamspot:g362:n2890,type_0,type_2,rel_10,1,1,1,1,train:g362,1,2955.0
2025.0,streamspot:g362:n2283,streamspot:g362:n3205,type_0,type_2,rel_10,1,1,1,1,train:g362,1,3272.0
2026.0,streamspot:g362:n2283,streamspot:g362:n3293,type_0,type_2,rel_10,1,1,1,1,train:g362,1,3360.0
2027.0,streamspot:g362:n2283,streamspot:g362:n3582,type_0,type_2,rel_10,1,1,1,1,train:g362,1,3511.0
2028.0,streamspot:g362:n2283,streamspot:g362:n3873,type_0,type_2,rel_1,1,1,1,1,train:g362,1,3622.0
2029.0,streamspot:g362:n2283,streamspot:g362:n3944,type_0,type_2,rel_10,1,1,1,1,train:g362,1,3693.0
2030.0,streamspot:g362:n2283,streamspot:g362:n3964,type_0,type_2,rel_10,1,1,1,1,train:g362,1,3713.0
2031.0,streamspot:g362:n2283,streamspot:g362:n4019,type_0,type_2,rel_10,1,1,1,1,train:g362,1,3768.0
2032.0,streamspot:g362:n2283,streamspot:g362:n4163,type_0,type_2,rel_10,1,1,1,1,train:g362,1,3942.0
2033.0,streamspot:g362:n2283,streamspot:g362:n4190,type_0,type_2,rel_1,1,1,1,1,train:g362,1,3971.0
2034.0,streamspot:g362:n2283,streamspot:g362:n4375,type_0,type_2,rel_10,1,1,1,1,train:g362,1,4156.0
2035.0,streamspot:g362:n2283,streamspot:g362:n4529,type_0,type_2,rel_1,1,1,1,1,train:g362,1,4340.0
2036.0,streamspot:g362:n2283,streamspot:g362:n4610,type_0,type_2,rel_10,1,1,1,1,train:g362,1,4421.0
2037.0,streamspot:g362:n2283,streamspot:g362:n4630,type_0,type_2,rel_10,1,1,1,1,train:g362,1,4441.0
2038.0,streamspot:g362:n2283,streamspot:g362:n5889,type_0,type_2,rel_1,1,1,1,1,train:g362,1,4662.0
2039.0,streamspot:g362:n2283,streamspot:g362:n5961,type_0,type_2,rel_10,1,1,1,1,train:g362,1,4717.0
2040.0,streamspot:g362:n2283,streamspot:g362:n6039,type_0,type_2,rel_10,1,1,1,1,train:g362,1,4795.0
2041.0,streamspot:g362:n2283,streamspot:g362:n6402,type_0,type_2,rel_10,1,1,1,1,train:g362,1,5158.0
2042.0,streamspot:g362:n2283,streamspot:g362:n6440,type_0,type_2,rel_10,1,1,1,1,train:g362,1,5196.0
2043.0,streamspot:g362:n2283,streamspot:g362:n6547,type_0,type_2,rel_10,1,1,1,1,train:g362,1,5303.0
2044.0,streamspot:g362:n3347,streamspot:g362:n3349,type_0,type_2,rel_10,1,1,1,1,train:g362,1,5356.0
2045.0,streamspot:g362:n3347,streamspot:g362:n3494,type_0,type_2,rel_10,1,1,1,1,train:g362,1,5463.0
2046.0,streamspot:g362:n3347,streamspot:g362:n3744,type_0,type_2,rel_10,1,1,1,1,train:g362,1,5558.0
2047.0,streamspot:g362:n3347,streamspot:g362:n3788,type_0,type_2,rel_10,1,1,1,1,train:g362,1,5599.0
2048.0,streamspot:g362:n3639,streamspot:g362:n2838,type_0,type_2,rel_10,1,1,1,1,train:g362,1,5738.0
2049.0,streamspot:g362:n3639,streamspot:g362:n3589,type_0,type_2,rel_10,1,1,1,1,train:g362,1,5923.0
2050.0,streamspot:g362:n4379,streamspot:g362:n4380,type_1,type_2,rel_1,1,1,1,1,train:g362,1,5967.0
2051.0,streamspot:g362:n4843,streamspot:g362:n5268,type_0,type_4,rel_5,1,1,1,1,train:g362,1,6620.0
2052.0,streamspot:g362:n4843,streamspot:g362:n5281,type_0,type_4,rel_5,1,1,1,1,train:g362,1,6633.0
2053.0,streamspot:g362:n4843,streamspot:g362:n5478,type_0,type_4,rel_5,1,1,1,1,train:g362,1,6830.0
2054.0,streamspot:g362:n4843,streamspot:g362:n5537,type_0,type_4,rel_5,1,1,1,1,train:g362,1,6889.0
2055.0,streamspot:g362:n4843,streamspot:g362:n5584,type_0,type_4,rel_5,1,1,1,1,train:g362,1,6936.0
2056.0,streamspot:g362:n4843,streamspot:g362:n5690,type_0,type_4,rel_5,1,1,1,1,train:g362,1,7042.0
2057.0,streamspot:g362:n4843,streamspot:g362:n5809,type_0,type_4,rel_5,1,1,1,1,train:g362,1,7161.0
2058.0,streamspot:g362:n4843,streamspot:g362:n5864,type_0,type_4,rel_5,1,1,1,1,train:g362,1,7216.0
2059.0,streamspot:g362:n4843,streamspot:g362:n2457,type_0,type_2,rel_10,1,1,1,1,train:g362,1,7327.0
2060.0,streamspot:g362:n4843,streamspot:g362:n2367,type_0,type_2,rel_10,1,1,1,1,train:g362,1,7367.0
2061.0,streamspot:g362:n4843,streamspot:g362:n3300,type_0,type_2,rel_10,1,1,1,1,train:g362,1,7401.0
2062.0,streamspot:g362:n4843,streamspot:g362:n3314,type_0,type_2,rel_10,1,1,1,1,train:g362,1,7415.0
2063.0,streamspot:g362:n4843,streamspot:g362:n3569,type_0,type_2,rel_10,1,1,1,1,train:g362,1,7462.0
2064.0,streamspot:g362:n6596,streamspot:g362:n2434,type_0,type_2,rel_10,1,1,1,1,train:g362,1,7760.0
2065.0,streamspot:g362:n6596,streamspot:g362:n2465,type_0,type_2,rel_10,1,1,1,1,train:g362,1,7795.0
2066.0,streamspot:g362:n6596,streamspot:g362:n2490,type_0,type_2,rel_10,1,1,1,1,train:g362,1,7814.0
2067.0,streamspot:g362:n6596,streamspot:g362:n6695,type_0,type_2,rel_10,1,1,1,1,train:g362,1,8070.0
2068.0,streamspot:g362:n6596,streamspot:g362:n3284,type_0,type_2,rel_10,1,1,1,1,train:g362,1,8673.0
2069.0,streamspot:g362:n6596,streamspot:g362:n3336,type_0,type_2,rel_10,1,1,1,1,train:g362,1,8727.0
2070.0,streamspot:g362:n6596,streamspot:g362:n3397,type_0,type_2,rel_10,1,1,1,1,train:g362,1,8743.0
2071.0,streamspot:g362:n6596,streamspot:g362:n3591,type_0,type_2,rel_10,1,1,1,1,train:g362,1,8847.0
2072.0,streamspot:g362:n6596,streamspot:g362:n3972,type_0,type_2,rel_10,1,1,1,1,train:g362,1,9051.0
2073.0,streamspot:g362:n6596,streamspot:g362:n4001,type_0,type_2,rel_10,1,1,1,1,train:g362,1,9082.0
2074.0,streamspot:g362:n6596,streamspot:g362:n4002,type_0,type_2,rel_10,1,1,1,1,train:g362,1,9083.0
2075.0,streamspot:g362:n6596,streamspot:g362:n7705,type_0,type_2,rel_10,1,1,1,1,train:g362,1,9297.0
2076.0,streamspot:g362:n6596,streamspot:g362:n7721,type_0,type_2,rel_10,1,1,1,1,train:g362,1,9313.0
2077.0,streamspot:g362:n6596,streamspot:g362:n6047,type_0,type_2,rel_10,1,1,1,1,train:g362,1,9352.0
2078.0,streamspot:g362:n6596,streamspot:g362:n6238,type_0,type_2,rel_10,1,1,1,1,train:g362,1,9594.0
2079.0,streamspot:g362:n6596,streamspot:g362:n6243,type_0,type_2,rel_10,1,1,1,1,train:g362,1,9599.0
2080.0,streamspot:g362:n6596,streamspot:g362:n6294,type_0,type_2,rel_10,1,1,1,1,train:g362,1,9752.0
2081.0,streamspot:g362:n6596,streamspot:g362:n7810,type_0,type_2,rel_10,1,1,1,1,train:g362,1,9925.0
2082.0,streamspot:g362:n6596,streamspot:g362:n7820,type_0,type_2,rel_10,1,1,1,1,train:g362,1,9935.0
2083.0,streamspot:g362:n6737,streamspot:g362:n2320,type_0,type_2,rel_16,1,1,1,1,train:g362,1,10111.0
2084.0,streamspot:g362:n6737,streamspot:g362:n3314,type_0,type_2,rel_10,1,1,1,1,train:g362,1,10272.0
2085.0,streamspot:g362:n6779,streamspot:g362:n6988,type_0,type_2,rel_16,1,1,1,1,train:g362,1,10781.0
2086.0,streamspot:g362:n6779,streamspot:g362:n7127,type_0,type_2,rel_10,1,1,1,1,train:g362,1,10920.0
2087.0,streamspot:g362:n6779,streamspot:g362:n7141,type_0,type_2,rel_10,1,1,1,1,train:g362,1,10934.0
2088.0,streamspot:g362:n6779,streamspot:g362:n7310,type_0,type_2,rel_10,1,1,1,1,train:g362,1,11103.0
2089.0,streamspot:g362:n6779,streamspot:g362:n7388,type_0,type_2,rel_16,1,1,1,1,train:g362,1,11181.0
2090.0,streamspot:g362:n6789,streamspot:g362:n6795,type_0,type_2,rel_10,1,1,1,1,train:g362,1,11453.0
2091.0,streamspot:g362:n6789,streamspot:g362:n6812,type_0,type_2,rel_10,1,1,1,1,train:g362,1,11479.0
2092.0,streamspot:g362:n7860,streamspot:g362:n7927,type_0,type_4,rel_8,1,1,1,1,train:g362,1,11559.0
2093.0,streamspot:g362:n7860,streamspot:g362:n8107,type_0,type_4,rel_8,1,1,1,1,train:g362,1,11739.0
2094.0,streamspot:g362:n7860,streamspot:g362:n8133,type_0,type_4,rel_8,1,1,1,1,train:g362,1,11765.0
2095.0,streamspot:g362:n7860,streamspot:g362:n8207,type_0,type_4,rel_8,1,1,1,1,train:g362,1,11839.0
2096.0,streamspot:g362:n7860,streamspot:g362:n8459,type_0,type_4,rel_8,1,1,1,1,train:g362,1,12091.0
2097.0,streamspot:g362:n7860,streamspot:g362:n8513,type_0,type_4,rel_8,1,1,1,1,train:g362,1,12145.0
2098.0,streamspot:g362:n7860,streamspot:g362:n8568,type_0,type_4,rel_8,1,1,1,1,train:g362,1,12200.0
2099.0,streamspot:g362:n7860,streamspot:g362:n8579,type_0,type_4,rel_8,1,1,1,1,train:g362,1,12211.0
2100.0,streamspot:g362:n7860,streamspot:g362:n8822,type_0,type_4,rel_8,1,1,1,1,train:g362,1,12454.0
2101.0,streamspot:g331:n0,streamspot:g331:n38,type_0,type_2,rel_10,1,1,1,1,train:g331,1,37.0
2102.0,streamspot:g331:n0,streamspot:g331:n129,type_0,type_2,rel_16,1,1,1,1,train:g331,1,128.0
2103.0,streamspot:g331:n0,streamspot:g331:n217,type_0,type_2,rel_10,1,1,1,1,train:g331,1,216.0
2104.0,streamspot:g331:n0,streamspot:g331:n282,type_0,type_2,rel_10,1,1,1,1,train:g331,1,281.0
2105.0,streamspot:g331:n0,streamspot:g331:n321,type_0,type_2,rel_16,1,1,1,1,train:g331,1,320.0
2106.0,streamspot:g331:n0,streamspot:g331:n372,type_0,type_2,rel_10,1,1,1,1,train:g331,1,371.0
2107.0,streamspot:g331:n0,streamspot:g331:n436,type_0,type_2,rel_10,1,1,1,1,train:g331,1,435.0
2108.0,streamspot:g331:n0,streamspot:g331:n441,type_0,type_2,rel_10,1,1,1,1,train:g331,1,440.0
2109.0,streamspot:g331:n0,streamspot:g331:n443,type_0,type_2,rel_10,1,1,1,1,train:g331,1,442.0
2110.0,streamspot:g331:n0,streamspot:g331:n494,type_0,type_2,rel_16,1,1,1,1,train:g331,1,493.0
2111.0,streamspot:g331:n0,streamspot:g331:n572,type_0,type_2,rel_10,1,1,1,1,train:g331,1,571.0
2112.0,streamspot:g331:n0,streamspot:g331:n586,type_0,type_2,rel_10,1,1,1,1,train:g331,1,585.0
2113.0,streamspot:g331:n0,streamspot:g331:n718,type_0,type_2,rel_16,1,1,1,1,train:g331,1,717.0
2114.0,streamspot:g331:n0,streamspot:g331:n806,type_0,type_2,rel_10,1,1,1,1,train:g331,1,805.0
2115.0,streamspot:g331:n0,streamspot:g331:n834,type_0,type_2,rel_10,1,1,1,1,train:g331,1,833.0
2116.0,streamspot:g331:n0,streamspot:g331:n883,type_0,type_2,rel_10,1,1,1,1,train:g331,1,882.0
2117.0,streamspot:g331:n0,streamspot:g331:n915,type_0,type_2,rel_16,1,1,1,1,train:g331,1,914.0
2118.0,streamspot:g331:n0,streamspot:g331:n935,type_0,type_2,rel_16,1,1,1,1,train:g331,1,934.0
2119.0,streamspot:g331:n0,streamspot:g331:n1168,type_0,type_2,rel_16,1,1,1,1,train:g331,1,1167.0
2120.0,streamspot:g331:n0,streamspot:g331:n1262,type_0,type_2,rel_10,1,1,1,1,train:g331,1,1261.0
2121.0,streamspot:g331:n0,streamspot:g331:n1276,type_0,type_2,rel_10,1,1,1,1,train:g331,1,1275.0
2122.0,streamspot:g331:n0,streamspot:g331:n1346,type_0,type_2,rel_10,1,1,1,1,train:g331,1,1345.0
2123.0,streamspot:g331:n0,streamspot:g331:n1384,type_0,type_2,rel_10,1,1,1,1,train:g331,1,1383.0
2124.0,streamspot:g331:n0,streamspot:g331:n1415,type_0,type_2,rel_10,1,1,1,1,train:g331,1,1414.0
2125.0,streamspot:g331:n0,streamspot:g331:n1478,type_0,type_2,rel_10,1,1,1,1,train:g331,1,1477.0
2126.0,streamspot:g331:n0,streamspot:g331:n1635,type_0,type_2,rel_10,1,1,1,1,train:g331,1,1634.0
2127.0,streamspot:g331:n0,streamspot:g331:n2073,type_0,type_2,rel_10,1,1,1,1,train:g331,1,2072.0
2128.0,streamspot:g331:n0,streamspot:g331:n2266,type_0,type_2,rel_16,1,1,1,1,train:g331,1,2252.0
2129.0,streamspot:g331:n2124,streamspot:g331:n2134,type_0,type_0,rel_4,1,1,1,1,train:g331,1,2327.0
2130.0,streamspot:g331:n2283,streamspot:g331:n2293,type_0,type_2,rel_16,1,1,1,1,train:g331,1,2350.0
2131.0,streamspot:g331:n2283,streamspot:g331:n2764,type_0,type_2,rel_10,1,1,1,1,train:g331,1,2829.0
2132.0,streamspot:g331:n2283,streamspot:g331:n3074,type_0,type_2,rel_10,1,1,1,1,train:g331,1,3141.0
2133.0,streamspot:g331:n2283,streamspot:g331:n3198,type_0,type_2,rel_10,1,1,1,1,train:g331,1,3265.0
2134.0,streamspot:g331:n2283,streamspot:g331:n3219,type_0,type_2,rel_10,1,1,1,1,train:g331,1,3286.0
2135.0,streamspot:g331:n2283,streamspot:g331:n3231,type_0,type_2,rel_10,1,1,1,1,train:g331,1,3298.0
2136.0,streamspot:g331:n2283,streamspot:g331:n3550,type_0,type_2,rel_10,1,1,1,1,train:g331,1,3479.0
2137.0,streamspot:g331:n2283,streamspot:g331:n3626,type_0,type_2,rel_16,1,1,1,1,train:g331,1,3555.0
2138.0,streamspot:g331:n2283,streamspot:g331:n3887,type_0,type_2,rel_10,1,1,1,1,train:g331,1,3636.0
2139.0,streamspot:g331:n2283,streamspot:g331:n3971,type_0,type_2,rel_10,1,1,1,1,train:g331,1,3720.0
2140.0,streamspot:g331:n2283,streamspot:g331:n3979,type_0,type_2,rel_10,1,1,1,1,train:g331,1,3728.0
2141.0,streamspot:g331:n2283,streamspot:g331:n4022,type_0,type_2,rel_10,1,1,1,1,train:g331,1,3770.0
2142.0,streamspot:g331:n2283,streamspot:g331:n4082,type_0,type_2,rel_16,1,1,1,1,train:g331,1,3862.0
2143.0,streamspot:g331:n2283,streamspot:g331:n4232,type_0,type_2,rel_16,1,1,1,1,train:g331,1,4013.0
2144.0,streamspot:g331:n2283,streamspot:g331:n4300,type_0,type_2,rel_10,1,1,1,1,train:g331,1,4081.0
2145.0,streamspot:g331:n2283,streamspot:g331:n4357,type_0,type_2,rel_10,1,1,1,1,train:g331,1,4138.0
2146.0,streamspot:g331:n2283,streamspot:g331:n2241,type_0,type_2,rel_1,1,1,1,1,train:g331,1,4172.0
2147.0,streamspot:g331:n2283,streamspot:g331:n2250,type_0,type_2,rel_16,1,1,1,1,train:g331,1,4190.0
2148.0,streamspot:g331:n2283,streamspot:g331:n2269,type_0,type_2,rel_16,1,1,1,1,train:g331,1,4209.0
2149.0,streamspot:g331:n2283,streamspot:g331:n4492,type_0,type_2,rel_16,1,1,1,1,train:g331,1,4303.0
2150.0,streamspot:g331:n2283,streamspot:g331:n4600,type_0,type_2,rel_16,1,1,1,1,train:g331,1,4411.0
2151.0,streamspot:g331:n2283,streamspot:g331:n4634,type_0,type_2,rel_10,1,1,1,1,train:g331,1,4445.0
2152.0,streamspot:g331:n2283,streamspot:g331:n5893,type_0,type_1,rel_4,1,1,1,1,train:g331,1,4659.0
2153.0,streamspot:g331:n2283,streamspot:g331:n5966,type_0,type_2,rel_10,1,1,1,1,train:g331,1,4722.0
2154.0,streamspot:g331:n2283,streamspot:g331:n5974,type_0,type_2,rel_10,1,1,1,1,train:g331,1,4730.0
2155.0,streamspot:g331:n2283,streamspot:g331:n5993,type_0,type_2,rel_10,1,1,1,1,train:g331,1,4749.0
2156.0,streamspot:g331:n2283,streamspot:g331:n6090,type_0,type_2,rel_10,1,1,1,1,train:g331,1,4846.0
2157.0,streamspot:g331:n2283,streamspot:g331:n6209,type_0,type_2,rel_10,1,1,1,1,train:g331,1,4965.0
2158.0,streamspot:g331:n2283,streamspot:g331:n6522,type_0,type_2,rel_10,1,1,1,1,train:g331,1,5278.0
2159.0,streamspot:g331:n3347,streamspot:g331:n3374,type_0,type_2,rel_10,1,1,1,1,train:g331,1,5370.0
2160.0,streamspot:g331:n3639,streamspot:g331:n3710,type_0,type_2,rel_10,1,1,1,1,train:g331,1,5701.0
2161.0,streamspot:g331:n3639,streamspot:g331:n2354,type_0,type_2,rel_10,1,1,1,1,train:g331,1,5747.0
2162.0,streamspot:g331:n3639,streamspot:g331:n3591,type_0,type_2,rel_10,1,1,1,1,train:g331,1,5916.0
2163.0,streamspot:g331:n4536,streamspot:g331:n4676,type_1,type_2,rel_10,1,1,1,1,train:g331,1,5986.0
2164.0,streamspot:g331:n4660,streamspot:g331:n4700,type_1,type_2,rel_10,1,1,1,1,train:g331,1,6125.0
2165.0,streamspot:g331:n4831,streamspot:g331:n5054,type_0,type_4,rel_5,1,1,1,1,train:g331,1,6399.0
2166.0,streamspot:g331:n4831,streamspot:g331:n5213,type_0,type_4,rel_5,1,1,1,1,train:g331,1,6558.0
2167.0,streamspot:g331:n4831,streamspot:g331:n5370,type_0,type_4,rel_5,1,1,1,1,train:g331,1,6715.0
2168.0,streamspot:g331:n4831,streamspot:g331:n5676,type_0,type_4,rel_5,1,1,1,1,train:g331,1,7021.0
2169.0,streamspot:g331:n4831,streamspot:g331:n5799,type_0,type_4,rel_5,1,1,1,1,train:g331,1,7144.0
2170.0,streamspot:g331:n4831,streamspot:g331:n3294,type_0,type_2,rel_10,1,1,1,1,train:g331,1,7376.0
2171.0,streamspot:g331:n4831,streamspot:g331:n3548,type_0,type_2,rel_10,1,1,1,1,train:g331,1,7422.0
2172.0,streamspot:g331:n4831,streamspot:g331:n3559,type_0,type_2,rel_10,1,1,1,1,train:g331,1,7433.0
2173.0,streamspot:g331:n6584,streamspot:g331:n2420,type_0,type_2,rel_10,1,1,1,1,train:g331,1,7727.0
2174.0,streamspot:g331:n6584,streamspot:g331:n2467,type_0,type_2,rel_10,1,1,1,1,train:g331,1,7778.0
2175.0,streamspot:g331:n6584,streamspot:g331:n2519,type_0,type_2,rel_10,1,1,1,1,train:g331,1,7826.0
2176.0,streamspot:g331:n6584,streamspot:g331:n2692,type_0,type_2,rel_10,1,1,1,1,train:g331,1,8028.0
2177.0,streamspot:g331:n6584,streamspot:g331:n3274,type_0,type_2,rel_10,1,1,1,1,train:g331,1,8643.0
2178.0,streamspot:g331:n6584,streamspot:g331:n3591,type_0,type_2,rel_10,1,1,1,1,train:g331,1,8828.0
2179.0,streamspot:g331:n6584,streamspot:g331:n3833,type_0,type_2,rel_1,1,1,1,1,train:g331,1,8888.0
2180.0,streamspot:g331:n6584,streamspot:g331:n3929,type_0,type_2,rel_10,1,1,1,1,train:g331,1,8987.0
2181.0,streamspot:g331:n6584,streamspot:g331:n7664,type_0,type_2,rel_10,1,1,1,1,train:g331,1,9253.0
2182.0,streamspot:g331:n6584,streamspot:g331:n6195,type_0,type_2,rel_10,1,1,1,1,train:g331,1,9542.0
2183.0,streamspot:g331:n6584,streamspot:g331:n6196,type_0,type_2,rel_10,1,1,1,1,train:g331,1,9543.0
2184.0,streamspot:g331:n6584,streamspot:g331:n6319,type_0,type_2,rel_10,1,1,1,1,train:g331,1,9612.0
2185.0,streamspot:g331:n6584,streamspot:g331:n6382,type_0,type_2,rel_10,1,1,1,1,train:g331,1,9679.0
2186.0,streamspot:g331:n6584,streamspot:g331:n6390,type_0,type_2,rel_10,1,1,1,1,train:g331,1,9687.0
2187.0,streamspot:g331:n6584,streamspot:g331:n6392,type_0,type_2,rel_10,1,1,1,1,train:g331,1,9689.0
2188.0,streamspot:g331:n6584,streamspot:g331:n6417,type_0,type_2,rel_10,1,1,1,1,train:g331,1,9776.0
2189.0,streamspot:g331:n6584,streamspot:g331:n6419,type_0,type_2,rel_10,1,1,1,1,train:g331,1,9778.0
2190.0,streamspot:g331:n6584,streamspot:g331:n7773,type_0,type_2,rel_10,1,1,1,1,train:g331,1,9877.0
2191.0,streamspot:g331:n6725,streamspot:g331:n2294,type_0,type_2,rel_10,1,1,1,1,train:g331,1,10012.0
2192.0,streamspot:g331:n6725,streamspot:g331:n2299,type_0,type_2,rel_16,1,1,1,1,train:g331,1,10017.0
2193.0,streamspot:g331:n6725,streamspot:g331:n2326,type_0,type_2,rel_16,1,1,1,1,train:g331,1,10046.0
2194.0,streamspot:g331:n6725,streamspot:g331:n2316,type_0,type_2,rel_10,1,1,1,1,train:g331,1,10088.0
2195.0,streamspot:g331:n6725,streamspot:g331:n3577,type_0,type_2,rel_10,1,1,1,1,train:g331,1,10259.0
2196.0,streamspot:g331:n6742,streamspot:g331:n2297,type_0,type_2,rel_16,1,1,1,1,train:g331,1,10345.0
2197.0,streamspot:g331:n6767,streamspot:g331:n2346,type_0,type_2,rel_16,1,1,1,1,train:g331,1,10531.0
2198.0,streamspot:g331:n6767,streamspot:g331:n6831,type_0,type_2,rel_10,1,1,1,1,train:g331,1,10573.0
2199.0,streamspot:g331:n6767,streamspot:g331:n6973,type_0,type_2,rel_10,1,1,1,1,train:g331,1,10707.0
2200.0,streamspot:g331:n6767,streamspot:g331:n7564,type_0,type_2,rel_10,1,1,1,1,train:g331,1,11299.0
2201.0,streamspot:g360:n0,streamspot:g360:n307,type_0,type_2,rel_10,1,1,1,1,train:g360,1,306.0
2202.0,streamspot:g360:n0,streamspot:g360:n364,type_0,type_2,rel_16,1,1,1,1,train:g360,1,363.0
2203.0,streamspot:g360:n0,streamspot:g360:n497,type_0,type_2,rel_10,1,1,1,1,train:g360,1,496.0
2204.0,streamspot:g360:n0,streamspot:g360:n804,type_0,type_2,rel_10,1,1,1,1,train:g360,1,803.0
2205.0,streamspot:g360:n0,streamspot:g360:n815,type_0,type_2,rel_16,1,1,1,1,train:g360,1,814.0
2206.0,streamspot:g360:n0,streamspot:g360:n849,type_0,type_2,rel_10,1,1,1,1,train:g360,1,848.0
2207.0,streamspot:g360:n0,streamspot:g360:n967,type_0,type_2,rel_10,1,1,1,1,train:g360,1,966.0
2208.0,streamspot:g360:n0,streamspot:g360:n1064,type_0,type_2,rel_10,1,1,1,1,train:g360,1,1063.0
2209.0,streamspot:g360:n0,streamspot:g360:n1204,type_0,type_2,rel_16,1,1,1,1,train:g360,1,1203.0
2210.0,streamspot:g360:n0,streamspot:g360:n1324,type_0,type_2,rel_10,1,1,1,1,train:g360,1,1323.0
2211.0,streamspot:g360:n0,streamspot:g360:n1375,type_0,type_2,rel_10,1,1,1,1,train:g360,1,1374.0
2212.0,streamspot:g360:n0,streamspot:g360:n1393,type_0,type_2,rel_10,1,1,1,1,train:g360,1,1392.0
2213.0,streamspot:g360:n0,streamspot:g360:n1502,type_0,type_2,rel_10,1,1,1,1,train:g360,1,1501.0
2214.0,streamspot:g360:n0,streamspot:g360:n1525,type_0,type_2,rel_16,1,1,1,1,train:g360,1,1524.0
2215.0,streamspot:g360:n0,streamspot:g360:n1601,type_0,type_2,rel_10,1,1,1,1,train:g360,1,1600.0
2216.0,streamspot:g360:n0,streamspot:g360:n1750,type_0,type_2,rel_10,1,1,1,1,train:g360,1,1749.0
2217.0,streamspot:g360:n0,streamspot:g360:n1881,type_0,type_2,rel_10,1,1,1,1,train:g360,1,1880.0
2218.0,streamspot:g360:n0,streamspot:g360:n2145,type_0,type_2,rel_10,1,1,1,1,train:g360,1,2131.0
2219.0,streamspot:g360:n0,streamspot:g360:n2245,type_0,type_2,rel_16,1,1,1,1,train:g360,1,2231.0
2220.0,streamspot:g360:n2283,streamspot:g360:n2317,type_0,type_2,rel_10,1,1,1,1,train:g360,1,2375.0
2221.0,streamspot:g360:n2283,streamspot:g360:n2346,type_0,type_2,rel_16,1,1,1,1,train:g360,1,2404.0
2222.0,streamspot:g360:n2283,streamspot:g360:n2459,type_0,type_2,rel_10,1,1,1,1,train:g360,1,2523.0
2223.0,streamspot:g360:n2283,streamspot:g360:n2529,type_0,type_2,rel_10,1,1,1,1,train:g360,1,2594.0
2224.0,streamspot:g360:n2283,streamspot:g360:n2572,type_0,type_2,rel_10,1,1,1,1,train:g360,1,2637.0
2225.0,streamspot:g360:n2283,streamspot:g360:n2735,type_0,type_2,rel_10,1,1,1,1,train:g360,1,2800.0
2226.0,streamspot:g360:n2283,streamspot:g360:n2768,type_0,type_2,rel_10,1,1,1,1,train:g360,1,2833.0
2227.0,streamspot:g360:n2283,streamspot:g360:n2824,type_0,type_2,rel_10,1,1,1,1,train:g360,1,2889.0
2228.0,streamspot:g360:n2283,streamspot:g360:n2932,type_0,type_2,rel_10,1,1,1,1,train:g360,1,2997.0
2229.0,streamspot:g360:n2283,streamspot:g360:n3169,type_0,type_2,rel_10,1,1,1,1,train:g360,1,3236.0
2230.0,streamspot:g360:n2283,streamspot:g360:n3210,type_0,type_2,rel_10,1,1,1,1,train:g360,1,3277.0
2231.0,streamspot:g360:n2283,streamspot:g360:n3916,type_0,type_2,rel_10,1,1,1,1,train:g360,1,3665.0
2232.0,streamspot:g360:n2283,streamspot:g360:n3964,type_0,type_2,rel_10,1,1,1,1,train:g360,1,3713.0
2233.0,streamspot:g360:n2283,streamspot:g360:n3809,type_0,type_2,rel_16,1,1,1,1,train:g360,1,3790.0
2234.0,streamspot:g360:n2283,streamspot:g360:n4164,type_0,type_1,rel_4,1,1,1,1,train:g360,1,3945.0
2235.0,streamspot:g360:n2283,streamspot:g360:n4310,type_0,type_2,rel_10,1,1,1,1,train:g360,1,4092.0
2236.0,streamspot:g360:n2283,streamspot:g360:n4337,type_0,type_2,rel_10,1,1,1,1,train:g360,1,4119.0
2237.0,streamspot:g360:n2283,streamspot:g360:n4368,type_0,type_2,rel_10,1,1,1,1,train:g360,1,4150.0
2238.0,streamspot:g360:n2283,streamspot:g360:n4501,type_0,type_2,rel_1,1,1,1,1,train:g360,1,4313.0
2239.0,streamspot:g360:n2283,streamspot:g360:n4527,type_0,type_2,rel_1,1,1,1,1,train:g360,1,4339.0
2240.0,streamspot:g360:n2283,streamspot:g360:n5920,type_0,type_2,rel_1,1,1,1,1,train:g360,1,4678.0
2241.0,streamspot:g360:n2283,streamspot:g360:n5958,type_0,type_2,rel_10,1,1,1,1,train:g360,1,4716.0
2242.0,streamspot:g360:n2283,streamspot:g360:n6001,type_0,type_2,rel_10,1,1,1,1,train:g360,1,4759.0
2243.0,streamspot:g360:n2283,streamspot:g360:n6057,type_0,type_2,rel_10,1,1,1,1,train:g360,1,4815.0
2244.0,streamspot:g360:n2283,streamspot:g360:n6212,type_0,type_2,rel_10,1,1,1,1,train:g360,1,4970.0
2245.0,streamspot:g360:n2283,streamspot:g360:n6401,type_0,type_2,rel_10,1,1,1,1,train:g360,1,5159.0
2246.0,streamspot:g360:n2283,streamspot:g360:n6522,type_0,type_2,rel_10,1,1,1,1,train:g360,1,5280.0
2247.0,streamspot:g360:n3347,streamspot:g360:n3390,type_0,type_2,rel_10,1,1,1,1,train:g360,1,5389.0
2248.0,streamspot:g360:n3347,streamspot:g360:n3511,type_0,type_2,rel_10,1,1,1,1,train:g360,1,5476.0
2249.0,streamspot:g360:n3347,streamspot:g360:n3714,type_0,type_2,rel_10,1,1,1,1,train:g360,1,5525.0
2250.0,streamspot:g360:n3347,streamspot:g360:n3814,type_0,type_2,rel_10,1,1,1,1,train:g360,1,5616.0
2251.0,streamspot:g360:n3637,streamspot:g360:n3641,type_1,type_4,rel_5,1,1,1,1,train:g360,1,5644.0
2252.0,streamspot:g360:n3639,streamspot:g360:n3686,type_0,type_2,rel_10,1,1,1,1,train:g360,1,5695.0
2253.0,streamspot:g360:n3639,streamspot:g360:n2328,type_0,type_2,rel_16,1,1,1,1,train:g360,1,5706.0
2254.0,streamspot:g360:n4535,streamspot:g360:n4717,type_1,type_2,rel_10,1,1,1,1,train:g360,1,6026.0
2255.0,streamspot:g360:n4838,streamspot:g360:n4850,type_0,type_4,rel_5,1,1,1,1,train:g360,1,6199.0
2256.0,streamspot:g360:n4838,streamspot:g360:n4945,type_0,type_4,rel_5,1,1,1,1,train:g360,1,6294.0
2257.0,streamspot:g360:n4838,streamspot:g360:n4993,type_0,type_4,rel_5,1,1,1,1,train:g360,1,6342.0
2258.0,streamspot:g360:n4838,streamspot:g360:n5135,type_0,type_4,rel_5,1,1,1,1,train:g360,1,6484.0
2259.0,streamspot:g360:n4838,streamspot:g360:n5237,type_0,type_4,rel_5,1,1,1,1,train:g360,1,6586.0
2260.0,streamspot:g360:n4838,streamspot:g360:n5607,type_0,type_4,rel_5,1,1,1,1,train:g360,1,6956.0
2261.0,streamspot:g360:n4838,streamspot:g360:n5622,type_0,type_4,rel_5,1,1,1,1,train:g360,1,6971.0
2262.0,streamspot:g360:n4838,streamspot:g360:n5644,type_0,type_4,rel_5,1,1,1,1,train:g360,1,6993.0
2263.0,streamspot:g360:n4838,streamspot:g360:n5856,type_0,type_4,rel_5,1,1,1,1,train:g360,1,7205.0
2264.0,streamspot:g360:n4838,streamspot:g360:n3526,type_0,type_2,rel_1,1,1,1,1,train:g360,1,7413.0
2265.0,streamspot:g360:n4838,streamspot:g360:n3561,type_0,type_2,rel_10,1,1,1,1,train:g360,1,7446.0
2266.0,streamspot:g360:n6591,streamspot:g360:n6629,type_0,type_4,rel_5,1,1,1,1,train:g360,1,7566.0
2267.0,streamspot:g360:n6591,streamspot:g360:n2309,type_0,type_2,rel_16,1,1,1,1,train:g360,1,7633.0
2268.0,streamspot:g360:n6591,streamspot:g360:n2477,type_0,type_2,rel_10,1,1,1,1,train:g360,1,7715.0
2269.0,streamspot:g360:n6591,streamspot:g360:n2411,type_0,type_2,rel_10,1,1,1,1,train:g360,1,7729.0
2270.0,streamspot:g360:n6591,streamspot:g360:n2430,type_0,type_2,rel_10,1,1,1,1,train:g360,1,7749.0
2271.0,streamspot:g360:n6591,streamspot:g360:n2449,type_0,type_2,rel_10,1,1,1,1,train:g360,1,7770.0
2272.0,streamspot:g360:n6591,streamspot:g360:n2463,type_0,type_2,rel_10,1,1,1,1,train:g360,1,7786.0
2273.0,streamspot:g360:n6591,streamspot:g360:n2546,type_0,type_2,rel_10,1,1,1,1,train:g360,1,7887.0
2274.0,streamspot:g360:n6591,streamspot:g360:n2949,type_0,type_2,rel_10,1,1,1,1,train:g360,1,8311.0
2275.0,streamspot:g360:n6591,streamspot:g360:n3096,type_0,type_2,rel_10,1,1,1,1,train:g360,1,8468.0
2276.0,streamspot:g360:n6591,streamspot:g360:n3237,type_0,type_2,rel_10,1,1,1,1,train:g360,1,8616.0
2277.0,streamspot:g360:n6591,streamspot:g360:n3263,type_0,type_2,rel_10,1,1,1,1,train:g360,1,8644.0
2278.0,streamspot:g360:n6591,streamspot:g360:n3610,type_0,type_2,rel_10,1,1,1,1,train:g360,1,8859.0
2279.0,streamspot:g360:n6591,streamspot:g360:n3873,type_0,type_2,rel_1,1,1,1,1,train:g360,1,8940.0
2280.0,streamspot:g360:n6591,streamspot:g360:n7589,type_0,type_2,rel_10,1,1,1,1,train:g360,1,9115.0
2281.0,streamspot:g360:n6591,streamspot:g360:n7608,type_0,type_2,rel_10,1,1,1,1,train:g360,1,9135.0
2282.0,streamspot:g360:n6591,streamspot:g360:n6006,type_0,type_2,rel_10,1,1,1,1,train:g360,1,9308.0
2283.0,streamspot:g360:n6591,streamspot:g360:n6011,type_0,type_2,rel_10,1,1,1,1,train:g360,1,9313.0
2284.0,streamspot:g360:n6591,streamspot:g360:n6327,type_0,type_2,rel_10,1,1,1,1,train:g360,1,9625.0
2285.0,streamspot:g360:n6591,streamspot:g360:n6493,type_0,type_2,rel_10,1,1,1,1,train:g360,1,9860.0
2286.0,streamspot:g360:n6591,streamspot:g360:n6503,type_0,type_2,rel_10,1,1,1,1,train:g360,1,9871.0
2287.0,streamspot:g360:n6591,streamspot:g360:n7797,type_0,type_2,rel_10,1,1,1,1,train:g360,1,9910.0
2288.0,streamspot:g360:n6732,streamspot:g360:n2346,type_0,type_2,rel_16,1,1,1,1,train:g360,1,10130.0
2289.0,streamspot:g360:n6749,streamspot:g360:n6669,type_0,type_2,rel_10,1,1,1,1,train:g360,1,10396.0
2290.0,streamspot:g360:n6774,streamspot:g360:n2456,type_0,type_2,rel_10,1,1,1,1,train:g360,1,10617.0
2291.0,streamspot:g360:n6774,streamspot:g360:n7054,type_0,type_2,rel_10,1,1,1,1,train:g360,1,10845.0
2292.0,streamspot:g360:n6774,streamspot:g360:n7113,type_0,type_2,rel_10,1,1,1,1,train:g360,1,10904.0
2293.0,streamspot:g360:n6774,streamspot:g360:n2123,type_0,type_2,rel_16,1,1,1,1,train:g360,1,11337.0
2294.0,streamspot:g360:n7855,streamspot:g360:n8120,type_0,type_4,rel_8,1,1,1,1,train:g360,1,11750.0
2295.0,streamspot:g360:n7855,streamspot:g360:n8158,type_0,type_4,rel_8,1,1,1,1,train:g360,1,11788.0
2296.0,streamspot:g360:n7855,streamspot:g360:n8384,type_0,type_4,rel_8,1,1,1,1,train:g360,1,12014.0
2297.0,streamspot:g360:n7855,streamspot:g360:n8485,type_0,type_4,rel_8,1,1,1,1,train:g360,1,12115.0
2298.0,streamspot:g360:n7855,streamspot:g360:n8605,type_0,type_4,rel_8,1,1,1,1,train:g360,1,12235.0
2299.0,streamspot:g360:n7855,streamspot:g360:n8796,type_0,type_4,rel_8,1,1,1,1,train:g360,1,12426.0
2300.0,streamspot:g360:n7855,streamspot:g360:n8804,type_0,type_4,rel_8,1,1,1,1,train:g360,1,12434.0
2301.0,streamspot:g390:n0,streamspot:g390:n394,type_0,type_2,rel_16,1,1,1,1,train:g390,1,393.0
2302.0,streamspot:g390:n0,streamspot:g390:n633,type_0,type_2,rel_10,1,1,1,1,train:g390,1,632.0
2303.0,streamspot:g390:n0,streamspot:g390:n730,type_0,type_2,rel_10,1,1,1,1,train:g390,1,729.0
2304.0,streamspot:g390:n0,streamspot:g390:n760,type_0,type_2,rel_10,1,1,1,1,train:g390,1,759.0
2305.0,streamspot:g390:n0,streamspot:g390:n1079,type_0,type_2,rel_10,1,1,1,1,train:g390,1,1078.0
2306.0,streamspot:g390:n0,streamspot:g390:n1339,type_0,type_2,rel_10,1,1,1,1,train:g390,1,1338.0
2307.0,streamspot:g390:n0,streamspot:g390:n1448,type_0,type_2,rel_10,1,1,1,1,train:g390,1,1447.0
2308.0,streamspot:g390:n0,streamspot:g390:n1479,type_0,type_2,rel_16,1,1,1,1,train:g390,1,1478.0
2309.0,streamspot:g390:n0,streamspot:g390:n1861,type_0,type_2,rel_10,1,1,1,1,train:g390,1,1860.0
2310.0,streamspot:g390:n0,streamspot:g390:n2054,type_0,type_2,rel_10,1,1,1,1,train:g390,1,2053.0
2311.0,streamspot:g390:n0,streamspot:g390:n2057,type_0,type_2,rel_10,1,1,1,1,train:g390,1,2056.0
2312.0,streamspot:g390:n0,streamspot:g390:n2178,type_0,type_2,rel_16,1,1,1,1,train:g390,1,2164.0
2313.0,streamspot:g390:n0,streamspot:g390:n2221,type_0,type_2,rel_10,1,1,1,1,train:g390,1,2207.0
2314.0,streamspot:g390:n0,streamspot:g390:n4720,type_0,type_2,rel_18,1,1,1,1,train:g390,1,2289.0
2315.0,streamspot:g390:n0,streamspot:g390:n4625,type_0,type_2,rel_18,1,1,1,1,train:g390,1,2290.0
2316.0,streamspot:g390:n2283,streamspot:g390:n2293,type_0,type_2,rel_16,1,1,1,1,train:g390,1,2350.0
2317.0,streamspot:g390:n2283,streamspot:g390:n2337,type_0,type_2,rel_10,1,1,1,1,train:g390,1,2395.0
2318.0,streamspot:g390:n2283,streamspot:g390:n2360,type_0,type_2,rel_10,1,1,1,1,train:g390,1,2419.0
2319.0,streamspot:g390:n2283,streamspot:g390:n2379,type_0,type_2,rel_10,1,1,1,1,train:g390,1,2440.0
2320.0,streamspot:g390:n2283,streamspot:g390:n2486,type_0,type_2,rel_10,1,1,1,1,train:g390,1,2551.0
2321.0,streamspot:g390:n2283,streamspot:g390:n2559,type_0,type_2,rel_10,1,1,1,1,train:g390,1,2624.0
2322.0,streamspot:g390:n2283,streamspot:g390:n2713,type_0,type_2,rel_10,1,1,1,1,train:g390,1,2778.0
2323.0,streamspot:g390:n2283,streamspot:g390:n3094,type_0,type_2,rel_10,1,1,1,1,train:g390,1,3161.0
2324.0,streamspot:g390:n2283,streamspot:g390:n3182,type_0,type_2,rel_10,1,1,1,1,train:g390,1,3249.0
2325.0,streamspot:g390:n2283,streamspot:g390:n3276,type_0,type_2,rel_10,1,1,1,1,train:g390,1,3343.0
2326.0,streamspot:g390:n2283,streamspot:g390:n3993,type_0,type_2,rel_10,1,1,1,1,train:g390,1,3742.0
2327.0,streamspot:g390:n2283,streamspot:g390:n3995,type_0,type_2,rel_10,1,1,1,1,train:g390,1,3744.0
2328.0,streamspot:g390:n2283,streamspot:g390:n4031,type_0,type_2,rel_10,1,1,1,1,train:g390,1,3779.0
2329.0,streamspot:g390:n2283,streamspot:g390:n4142,type_0,type_2,rel_16,1,1,1,1,train:g390,1,3923.0
2330.0,streamspot:g390:n2283,streamspot:g390:n4168,type_0,type_2,rel_1,1,1,1,1,train:g390,1,3948.0
2331.0,streamspot:g390:n2283,streamspot:g390:n4187,type_0,type_2,rel_1,1,1,1,1,train:g390,1,3968.0
2332.0,streamspot:g390:n2283,streamspot:g390:n4237,type_0,type_2,rel_16,1,1,1,1,train:g390,1,4018.0
2333.0,streamspot:g390:n2283,streamspot:g390:n4302,type_0,type_2,rel_10,1,1,1,1,train:g390,1,4083.0
2334.0,streamspot:g390:n2283,streamspot:g390:n4349,type_0,type_2,rel_16,1,1,1,1,train:g390,1,4130.0
2335.0,streamspot:g390:n2283,streamspot:g390:n4400,type_0,type_2,rel_16,1,1,1,1,train:g390,1,4177.0
2336.0,streamspot:g390:n2283,streamspot:g390:n2271,type_0,type_2,rel_16,1,1,1,1,train:g390,1,4211.0
2337.0,streamspot:g390:n2283,streamspot:g390:n4411,type_0,type_2,rel_10,1,1,1,1,train:g390,1,4222.0
2338.0,streamspot:g390:n2283,streamspot:g390:n4425,type_0,type_4,rel_5,1,1,1,1,train:g390,1,4236.0
2339.0,streamspot:g390:n2283,streamspot:g390:n4553,type_0,type_2,rel_16,1,1,1,1,train:g390,1,4364.0
2340.0,streamspot:g390:n2283,streamspot:g390:n6345,type_0,type_2,rel_10,1,1,1,1,train:g390,1,5101.0
2341.0,streamspot:g390:n2283,streamspot:g390:n6528,type_0,type_2,rel_10,1,1,1,1,train:g390,1,5284.0
2342.0,streamspot:g390:n3347,streamspot:g390:n3375,type_0,type_2,rel_10,1,1,1,1,train:g390,1,5372.0
2343.0,streamspot:g390:n3347,streamspot:g390:n3488,type_0,type_2,rel_10,1,1,1,1,train:g390,1,5450.0
2344.0,streamspot:g390:n3347,streamspot:g390:n3509,type_0,type_2,rel_10,1,1,1,1,train:g390,1,5470.0
2345.0,streamspot:g390:n3347,streamspot:g390:n3747,type_0,type_2,rel_16,1,1,1,1,train:g390,1,5554.0
2346.0,streamspot:g390:n4836,streamspot:g390:n4916,type_0,type_4,rel_5,1,1,1,1,train:g390,1,6265.0
2347.0,streamspot:g390:n4836,streamspot:g390:n4955,type_0,type_4,rel_5,1,1,1,1,train:g390,1,6304.0
2348.0,streamspot:g390:n4836,streamspot:g390:n5083,type_0,type_4,rel_5,1,1,1,1,train:g390,1,6432.0
2349.0,streamspot:g390:n4836,streamspot:g390:n5136,type_0,type_4,rel_5,1,1,1,1,train:g390,1,6485.0
2350.0,streamspot:g390:n4836,streamspot:g390:n5256,type_0,type_4,rel_5,1,1,1,1,train:g390,1,6605.0
2351.0,streamspot:g390:n4836,streamspot:g390:n5285,type_0,type_4,rel_5,1,1,1,1,train:g390,1,6634.0
2352.0,streamspot:g390:n4836,streamspot:g390:n5448,type_0,type_4,rel_5,1,1,1,1,train:g390,1,6797.0
2353.0,streamspot:g390:n4836,streamspot:g390:n5723,type_0,type_4,rel_5,1,1,1,1,train:g390,1,7072.0
2354.0,streamspot:g390:n4836,streamspot:g390:n5724,type_0,type_4,rel_5,1,1,1,1,train:g390,1,7073.0
2355.0,streamspot:g390:n4836,streamspot:g390:n3565,type_0,type_2,rel_10,1,1,1,1,train:g390,1,7448.0
2356.0,streamspot:g390:n6589,streamspot:g390:n6601,type_0,type_4,rel_5,1,1,1,1,train:g390,1,7537.0
2357.0,streamspot:g390:n6589,streamspot:g390:n2293,type_0,type_2,rel_16,1,1,1,1,train:g390,1,7614.0
2358.0,streamspot:g390:n6589,streamspot:g390:n2691,type_0,type_2,rel_10,1,1,1,1,train:g390,1,8036.0
2359.0,streamspot:g390:n6589,streamspot:g390:n2844,type_0,type_2,rel_10,1,1,1,1,train:g390,1,8197.0
2360.0,streamspot:g390:n6589,streamspot:g390:n2953,type_0,type_2,rel_10,1,1,1,1,train:g390,1,8312.0
2361.0,streamspot:g390:n6589,streamspot:g390:n2969,type_0,type_2,rel_10,1,1,1,1,train:g390,1,8329.0
2362.0,streamspot:g390:n6589,streamspot:g390:n3157,type_0,type_2,rel_10,1,1,1,1,train:g390,1,8529.0
2363.0,streamspot:g390:n6589,streamspot:g390:n3181,type_0,type_2,rel_10,1,1,1,1,train:g390,1,8554.0
2364.0,streamspot:g390:n6589,streamspot:g390:n3917,type_0,type_2,rel_10,1,1,1,1,train:g390,1,8983.0
2365.0,streamspot:g390:n6589,streamspot:g390:n3958,type_0,type_2,rel_10,1,1,1,1,train:g390,1,9026.0
2366.0,streamspot:g390:n6589,streamspot:g390:n3984,type_0,type_2,rel_10,1,1,1,1,train:g390,1,9054.0
2367.0,streamspot:g390:n6589,streamspot:g390:n3987,type_0,type_2,rel_10,1,1,1,1,train:g390,1,9057.0
2368.0,streamspot:g390:n6589,streamspot:g390:n4074,type_0,type_2,rel_16,1,1,1,1,train:g390,1,9201.0
2369.0,streamspot:g390:n6589,streamspot:g390:n7687,type_0,type_2,rel_10,1,1,1,1,train:g390,1,9276.0
2370.0,streamspot:g390:n6589,streamspot:g390:n6162,type_0,type_2,rel_10,1,1,1,1,train:g390,1,9471.0
2371.0,streamspot:g390:n6589,streamspot:g390:n6415,type_0,type_2,rel_10,1,1,1,1,train:g390,1,9777.0
2372.0,streamspot:g390:n6589,streamspot:g390:n6420,type_0,type_2,rel_10,1,1,1,1,train:g390,1,9782.0
2373.0,streamspot:g390:n6589,streamspot:g390:n6444,type_0,type_2,rel_10,1,1,1,1,train:g390,1,9808.0
2374.0,streamspot:g390:n6589,streamspot:g390:n6468,type_0,type_2,rel_10,1,1,1,1,train:g390,1,9833.0
2375.0,streamspot:g390:n6589,streamspot:g390:n6507,type_0,type_2,rel_10,1,1,1,1,train:g390,1,9874.0
2376.0,streamspot:g390:n6589,streamspot:g390:n7824,type_0,type_2,rel_10,1,1,1,1,train:g390,1,9936.0
2377.0,streamspot:g390:n6730,streamspot:g390:n3529,type_0,type_2,rel_10,1,1,1,1,train:g390,1,10269.0
2378.0,streamspot:g390:n6772,streamspot:g390:n6913,type_0,type_2,rel_16,1,1,1,1,train:g390,1,10703.0
2379.0,streamspot:g390:n6772,streamspot:g390:n6931,type_0,type_2,rel_10,1,1,1,1,train:g390,1,10721.0
2380.0,streamspot:g390:n6772,streamspot:g390:n7014,type_0,type_2,rel_10,1,1,1,1,train:g390,1,10804.0
2381.0,streamspot:g390:n6772,streamspot:g390:n7068,type_0,type_2,rel_10,1,1,1,1,train:g390,1,10858.0
2382.0,streamspot:g390:n6772,streamspot:g390:n7107,type_0,type_2,rel_10,1,1,1,1,train:g390,1,10897.0
2383.0,streamspot:g390:n6772,streamspot:g390:n7153,type_0,type_2,rel_10,1,1,1,1,train:g390,1,10943.0
2384.0,streamspot:g390:n6772,streamspot:g390:n7240,type_0,type_2,rel_10,1,1,1,1,train:g390,1,11030.0
2385.0,streamspot:g390:n6772,streamspot:g390:n7248,type_0,type_2,rel_10,1,1,1,1,train:g390,1,11038.0
2386.0,streamspot:g390:n6772,streamspot:g390:n7292,type_0,type_2,rel_10,1,1,1,1,train:g390,1,11082.0
2387.0,streamspot:g390:n6772,streamspot:g390:n7402,type_0,type_2,rel_10,1,1,1,1,train:g390,1,11192.0
2388.0,streamspot:g390:n6772,streamspot:g390:n7443,type_0,type_2,rel_10,1,1,1,1,train:g390,1,11233.0
2389.0,streamspot:g390:n6782,streamspot:g390:n2293,type_0,type_2,rel_16,1,1,1,1,train:g390,1,11415.0
2390.0,streamspot:g390:n6782,streamspot:g390:n6790,type_0,type_2,rel_10,1,1,1,1,train:g390,1,11453.0
2391.0,streamspot:g390:n6782,streamspot:g390:n2463,type_0,type_2,rel_10,1,1,1,1,train:g390,1,11499.0
2392.0,streamspot:g390:n7853,streamspot:g390:n7906,type_0,type_4,rel_8,1,1,1,1,train:g390,1,11535.0
2393.0,streamspot:g390:n7853,streamspot:g390:n7973,type_0,type_4,rel_8,1,1,1,1,train:g390,1,11602.0
2394.0,streamspot:g390:n7853,streamspot:g390:n8093,type_0,type_4,rel_8,1,1,1,1,train:g390,1,11722.0
2395.0,streamspot:g390:n7853,streamspot:g390:n8121,type_0,type_4,rel_8,1,1,1,1,train:g390,1,11750.0
2396.0,streamspot:g390:n7853,streamspot:g390:n8133,type_0,type_4,rel_8,1,1,1,1,train:g390,1,11762.0
2397.0,streamspot:g390:n7853,streamspot:g390:n8348,type_0,type_4,rel_8,1,1,1,1,train:g390,1,11977.0
2398.0,streamspot:g390:n7853,streamspot:g390:n8378,type_0,type_4,rel_8,1,1,1,1,train:g390,1,12007.0
2399.0,streamspot:g390:n7853,streamspot:g390:n8457,type_0,type_4,rel_8,1,1,1,1,train:g390,1,12086.0
2400.0,streamspot:g390:n7853,streamspot:g390:n8488,type_0,type_4,rel_8,1,1,1,1,train:g390,1,12117.0
2401.0,streamspot:g339:n0,streamspot:g339:n58,type_0,type_2,rel_10,1,1,1,1,train:g339,1,57.0
2402.0,streamspot:g339:n0,streamspot:g339:n200,type_0,type_2,rel_10,1,1,1,1,train:g339,1,199.0
2403.0,streamspot:g339:n0,streamspot:g339:n400,type_0,type_2,rel_10,1,1,1,1,train:g339,1,399.0
2404.0,streamspot:g339:n0,streamspot:g339:n414,type_0,type_2,rel_16,1,1,1,1,train:g339,1,413.0
2405.0,streamspot:g339:n0,streamspot:g339:n491,type_0,type_2,rel_10,1,1,1,1,train:g339,1,490.0
2406.0,streamspot:g339:n0,streamspot:g339:n543,type_0,type_2,rel_10,1,1,1,1,train:g339,1,542.0
2407.0,streamspot:g339:n0,streamspot:g339:n626,type_0,type_2,rel_16,1,1,1,1,train:g339,1,625.0
2408.0,streamspot:g339:n0,streamspot:g339:n738,type_0,type_2,rel_16,1,1,1,1,train:g339,1,737.0
2409.0,streamspot:g339:n0,streamspot:g339:n814,type_0,type_2,rel_10,1,1,1,1,train:g339,1,813.0
2410.0,streamspot:g339:n0,streamspot:g339:n1312,type_0,type_2,rel_10,1,1,1,1,train:g339,1,1311.0
2411.0,streamspot:g339:n0,streamspot:g339:n1465,type_0,type_2,rel_10,1,1,1,1,train:g339,1,1464.0
2412.0,streamspot:g339:n0,streamspot:g339:n1545,type_0,type_2,rel_16,1,1,1,1,train:g339,1,1544.0
2413.0,streamspot:g339:n0,streamspot:g339:n1619,type_0,type_2,rel_10,1,1,1,1,train:g339,1,1618.0
2414.0,streamspot:g339:n0,streamspot:g339:n1718,type_0,type_2,rel_10,1,1,1,1,train:g339,1,1717.0
2415.0,streamspot:g339:n0,streamspot:g339:n1847,type_0,type_2,rel_10,1,1,1,1,train:g339,1,1846.0
2416.0,streamspot:g339:n0,streamspot:g339:n1917,type_0,type_2,rel_10,1,1,1,1,train:g339,1,1916.0
2417.0,streamspot:g339:n0,streamspot:g339:n1963,type_0,type_2,rel_10,1,1,1,1,train:g339,1,1962.0
2418.0,streamspot:g339:n0,streamspot:g339:n2226,type_0,type_2,rel_10,1,1,1,1,train:g339,1,2212.0
2419.0,streamspot:g339:n2134,streamspot:g339:n2135,type_0,type_2,rel_10,1,1,1,1,train:g339,1,2334.0
2420.0,streamspot:g339:n2283,streamspot:g339:n2384,type_0,type_2,rel_10,1,1,1,1,train:g339,1,2446.0
2421.0,streamspot:g339:n2283,streamspot:g339:n2399,type_0,type_2,rel_10,1,1,1,1,train:g339,1,2461.0
2422.0,streamspot:g339:n2283,streamspot:g339:n2403,type_0,type_2,rel_10,1,1,1,1,train:g339,1,2465.0
2423.0,streamspot:g339:n2283,streamspot:g339:n2480,type_0,type_2,rel_10,1,1,1,1,train:g339,1,2545.0
2424.0,streamspot:g339:n2283,streamspot:g339:n2613,type_0,type_2,rel_10,1,1,1,1,train:g339,1,2678.0
2425.0,streamspot:g339:n2283,streamspot:g339:n2743,type_0,type_2,rel_10,1,1,1,1,train:g339,1,2808.0
2426.0,streamspot:g339:n2283,streamspot:g339:n2749,type_0,type_2,rel_10,1,1,1,1,train:g339,1,2814.0
2427.0,streamspot:g339:n2283,streamspot:g339:n2862,type_0,type_2,rel_10,1,1,1,1,train:g339,1,2927.0
2428.0,streamspot:g339:n2283,streamspot:g339:n2942,type_0,type_2,rel_10,1,1,1,1,train:g339,1,3007.0
2429.0,streamspot:g339:n2283,streamspot:g339:n3093,type_0,type_2,rel_10,1,1,1,1,train:g339,1,3160.0
2430.0,streamspot:g339:n2283,streamspot:g339:n3095,type_0,type_2,rel_10,1,1,1,1,train:g339,1,3162.0
2431.0,streamspot:g339:n2283,streamspot:g339:n3221,type_0,type_2,rel_10,1,1,1,1,train:g339,1,3288.0
2432.0,streamspot:g339:n2283,streamspot:g339:n3247,type_0,type_2,rel_10,1,1,1,1,train:g339,1,3314.0
2433.0,streamspot:g339:n2283,streamspot:g339:n3325,type_0,type_2,rel_10,1,1,1,1,train:g339,1,3392.0
2434.0,streamspot:g339:n2283,streamspot:g339:n3530,type_0,type_2,rel_10,1,1,1,1,train:g339,1,3459.0
2435.0,streamspot:g339:n2283,streamspot:g339:n3603,type_0,type_2,rel_10,1,1,1,1,train:g339,1,3532.0
2436.0,streamspot:g339:n2283,streamspot:g339:n3841,type_0,type_2,rel_1,1,1,1,1,train:g339,1,3591.0
2437.0,streamspot:g339:n2283,streamspot:g339:n3944,type_0,type_2,rel_10,1,1,1,1,train:g339,1,3693.0
2438.0,streamspot:g339:n2283,streamspot:g339:n4148,type_0,type_2,rel_16,1,1,1,1,train:g339,1,3929.0
2439.0,streamspot:g339:n2283,streamspot:g339:n4151,type_0,type_2,rel_1,1,1,1,1,train:g339,1,3932.0
2440.0,streamspot:g339:n2283,streamspot:g339:n4188,type_0,type_2,rel_1,1,1,1,1,train:g339,1,3969.0
2441.0,streamspot:g339:n2283,streamspot:g339:n4237,type_0,type_2,rel_16,1,1,1,1,train:g339,1,4018.0
2442.0,streamspot:g339:n2283,streamspot:g339:n4287,type_0,type_2,rel_16,1,1,1,1,train:g339,1,4068.0
2443.0,streamspot:g339:n2283,streamspot:g339:n2255,type_0,type_2,rel_16,1,1,1,1,train:g339,1,4195.0
2444.0,streamspot:g339:n2283,streamspot:g339:n4429,type_0,type_2,rel_10,1,1,1,1,train:g339,1,4240.0
2445.0,streamspot:g339:n2283,streamspot:g339:n4443,type_0,type_2,rel_10,1,1,1,1,train:g339,1,4254.0
2446.0,streamspot:g339:n2283,streamspot:g339:n4451,type_0,type_2,rel_16,1,1,1,1,train:g339,1,4262.0
2447.0,streamspot:g339:n2283,streamspot:g339:n4484,type_0,type_2,rel_16,1,1,1,1,train:g339,1,4295.0
2448.0,streamspot:g339:n2283,streamspot:g339:n4669,type_0,type_1,rel_4,1,1,1,1,train:g339,1,4474.0
2449.0,streamspot:g339:n2283,streamspot:g339:n4809,type_0,type_2,rel_10,1,1,1,1,train:g339,1,4564.0
2450.0,streamspot:g339:n2283,streamspot:g339:n6211,type_0,type_2,rel_10,1,1,1,1,train:g339,1,4969.0
2451.0,streamspot:g339:n2283,streamspot:g339:n6270,type_0,type_2,rel_10,1,1,1,1,train:g339,1,5028.0
2452.0,streamspot:g339:n2283,streamspot:g339:n6316,type_0,type_2,rel_10,1,1,1,1,train:g339,1,5074.0
2453.0,streamspot:g339:n2283,streamspot:g339:n6350,type_0,type_2,rel_10,1,1,1,1,train:g339,1,5108.0
2454.0,streamspot:g339:n2283,streamspot:g339:n6474,type_0,type_2,rel_10,1,1,1,1,train:g339,1,5232.0
2455.0,streamspot:g339:n2283,streamspot:g339:n6478,type_0,type_2,rel_10,1,1,1,1,train:g339,1,5236.0
2456.0,streamspot:g339:n3639,streamspot:g339:n2326,type_0,type_2,rel_16,1,1,1,1,train:g339,1,5709.0
2457.0,streamspot:g339:n3639,streamspot:g339:n2360,type_0,type_2,rel_10,1,1,1,1,train:g339,1,5764.0
2458.0,streamspot:g339:n3639,streamspot:g339:n3583,type_0,type_2,rel_10,1,1,1,1,train:g339,1,5919.0
2459.0,streamspot:g339:n3639,streamspot:g339:n3593,type_0,type_2,rel_10,1,1,1,1,train:g339,1,5929.0
2460.0,streamspot:g339:n4662,streamspot:g339:n5,type_1,type_2,rel_1,1,1,1,1,train:g339,1,6120.0
2461.0,streamspot:g339:n4841,streamspot:g339:n4931,type_0,type_4,rel_5,1,1,1,1,train:g339,1,6283.0
2462.0,streamspot:g339:n4841,streamspot:g339:n5008,type_0,type_4,rel_5,1,1,1,1,train:g339,1,6360.0
2463.0,streamspot:g339:n4841,streamspot:g339:n5014,type_0,type_4,rel_5,1,1,1,1,train:g339,1,6366.0
2464.0,streamspot:g339:n4841,streamspot:g339:n5153,type_0,type_4,rel_5,1,1,1,1,train:g339,1,6505.0
2465.0,streamspot:g339:n4841,streamspot:g339:n5402,type_0,type_4,rel_5,1,1,1,1,train:g339,1,6754.0
2466.0,streamspot:g339:n4841,streamspot:g339:n5442,type_0,type_4,rel_5,1,1,1,1,train:g339,1,6794.0
2467.0,streamspot:g339:n4841,streamspot:g339:n5780,type_0,type_4,rel_5,1,1,1,1,train:g339,1,7132.0
2468.0,streamspot:g339:n4841,streamspot:g339:n2315,type_0,type_2,rel_16,1,1,1,1,train:g339,1,7252.0
2469.0,streamspot:g339:n4841,streamspot:g339:n3314,type_0,type_2,rel_10,1,1,1,1,train:g339,1,7413.0
2470.0,streamspot:g339:n6595,streamspot:g339:n2799,type_0,type_2,rel_10,1,1,1,1,train:g339,1,8157.0
2471.0,streamspot:g339:n6595,streamspot:g339:n2814,type_0,type_2,rel_10,1,1,1,1,train:g339,1,8173.0
2472.0,streamspot:g339:n6595,streamspot:g339:n2989,type_0,type_2,rel_10,1,1,1,1,train:g339,1,8358.0
2473.0,streamspot:g339:n6595,streamspot:g339:n3105,type_0,type_2,rel_10,1,1,1,1,train:g339,1,8481.0
2474.0,streamspot:g339:n6595,streamspot:g339:n3160,type_0,type_2,rel_10,1,1,1,1,train:g339,1,8539.0
2475.0,streamspot:g339:n6595,streamspot:g339:n6720,type_0,type_2,rel_10,1,1,1,1,train:g339,1,8587.0
2476.0,streamspot:g339:n6595,streamspot:g339:n3911,type_0,type_2,rel_10,1,1,1,1,train:g339,1,8984.0
2477.0,streamspot:g339:n6595,streamspot:g339:n3976,type_0,type_2,rel_10,1,1,1,1,train:g339,1,9052.0
2478.0,streamspot:g339:n6595,streamspot:g339:n7736,type_0,type_2,rel_10,1,1,1,1,train:g339,1,9402.0
2479.0,streamspot:g339:n6595,streamspot:g339:n6244,type_0,type_2,rel_10,1,1,1,1,train:g339,1,9598.0
2480.0,streamspot:g339:n6595,streamspot:g339:n6321,type_0,type_2,rel_10,1,1,1,1,train:g339,1,9619.0
2481.0,streamspot:g339:n6595,streamspot:g339:n6457,type_0,type_2,rel_10,1,1,1,1,train:g339,1,9822.0
2482.0,streamspot:g339:n6595,streamspot:g339:n6467,type_0,type_2,rel_10,1,1,1,1,train:g339,1,9833.0
2483.0,streamspot:g339:n6595,streamspot:g339:n7907,type_0,type_2,rel_10,1,1,1,1,train:g339,1,10009.0
2484.0,streamspot:g339:n6736,streamspot:g339:n6666,type_0,type_2,rel_16,1,1,1,1,train:g339,1,10064.0
2485.0,streamspot:g339:n6736,streamspot:g339:n2375,type_0,type_2,rel_10,1,1,1,1,train:g339,1,10228.0
2486.0,streamspot:g339:n6736,streamspot:g339:n3605,type_0,type_2,rel_10,1,1,1,1,train:g339,1,10357.0
2487.0,streamspot:g339:n6753,streamspot:g339:n2311,type_0,type_2,rel_16,1,1,1,1,train:g339,1,10428.0
2488.0,streamspot:g339:n6778,streamspot:g339:n2293,type_0,type_2,rel_16,1,1,1,1,train:g339,1,10545.0
2489.0,streamspot:g339:n6778,streamspot:g339:n2313,type_0,type_2,rel_16,1,1,1,1,train:g339,1,10565.0
2490.0,streamspot:g339:n6778,streamspot:g339:n6800,type_0,type_2,rel_10,1,1,1,1,train:g339,1,10581.0
2491.0,streamspot:g339:n6778,streamspot:g339:n7172,type_0,type_2,rel_10,1,1,1,1,train:g339,1,10964.0
2492.0,streamspot:g339:n6778,streamspot:g339:n7348,type_0,type_2,rel_10,1,1,1,1,train:g339,1,11140.0
2493.0,streamspot:g339:n6778,streamspot:g339:n7443,type_0,type_2,rel_16,1,1,1,1,train:g339,1,11235.0
2494.0,streamspot:g339:n6778,streamspot:g339:n7510,type_0,type_2,rel_10,1,1,1,1,train:g339,1,11302.0
2495.0,streamspot:g339:n6778,streamspot:g339:n7581,type_0,type_2,rel_10,1,1,1,1,train:g339,1,11374.0
2496.0,streamspot:g339:n7859,streamspot:g339:n7936,type_0,type_4,rel_8,1,1,1,1,train:g339,1,11567.0
2497.0,streamspot:g339:n7859,streamspot:g339:n8512,type_0,type_4,rel_8,1,1,1,1,train:g339,1,12143.0
2498.0,streamspot:g339:n7859,streamspot:g339:n8667,type_0,type_4,rel_8,1,1,1,1,train:g339,1,12298.0
2499.0,streamspot:g339:n7859,streamspot:g339:n8759,type_0,type_4,rel_8,1,1,1,1,train:g339,1,12390.0
2500.0,streamspot:g339:n7859,streamspot:g339:n8907,type_0,type_4,rel_8,1,1,1,1,train:g339,1,12538.0
2501.0,streamspot:g369:n0,streamspot:g369:n266,type_0,type_2,rel_10,1,1,1,1,train:g369,1,265.0
2502.0,streamspot:g369:n0,streamspot:g369:n382,type_0,type_2,rel_10,1,1,1,1,train:g369,1,381.0
2503.0,streamspot:g369:n0,streamspot:g369:n732,type_0,type_2,rel_10,1,1,1,1,train:g369,1,731.0
2504.0,streamspot:g369:n0,streamspot:g369:n780,type_0,type_2,rel_10,1,1,1,1,train:g369,1,779.0
2505.0,streamspot:g369:n0,streamspot:g369:n787,type_0,type_2,rel_10,1,1,1,1,train:g369,1,786.0
2506.0,streamspot:g369:n0,streamspot:g369:n916,type_0,type_2,rel_10,1,1,1,1,train:g369,1,915.0
2507.0,streamspot:g369:n0,streamspot:g369:n1247,type_0,type_2,rel_10,1,1,1,1,train:g369,1,1246.0
2508.0,streamspot:g369:n0,streamspot:g369:n1256,type_0,type_2,rel_10,1,1,1,1,train:g369,1,1255.0
2509.0,streamspot:g369:n0,streamspot:g369:n1271,type_0,type_2,rel_10,1,1,1,1,train:g369,1,1270.0
2510.0,streamspot:g369:n0,streamspot:g369:n1374,type_0,type_2,rel_10,1,1,1,1,train:g369,1,1373.0
2511.0,streamspot:g369:n0,streamspot:g369:n1379,type_0,type_2,rel_10,1,1,1,1,train:g369,1,1378.0
2512.0,streamspot:g369:n0,streamspot:g369:n1485,type_0,type_2,rel_10,1,1,1,1,train:g369,1,1484.0
2513.0,streamspot:g369:n0,streamspot:g369:n1546,type_0,type_2,rel_10,1,1,1,1,train:g369,1,1545.0
2514.0,streamspot:g369:n0,streamspot:g369:n1700,type_0,type_2,rel_10,1,1,1,1,train:g369,1,1699.0
2515.0,streamspot:g369:n0,streamspot:g369:n1702,type_0,type_2,rel_10,1,1,1,1,train:g369,1,1701.0
2516.0,streamspot:g369:n0,streamspot:g369:n1733,type_0,type_2,rel_10,1,1,1,1,train:g369,1,1732.0
2517.0,streamspot:g369:n0,streamspot:g369:n1803,type_0,type_2,rel_16,1,1,1,1,train:g369,1,1802.0
2518.0,streamspot:g369:n0,streamspot:g369:n1957,type_0,type_2,rel_16,1,1,1,1,train:g369,1,1956.0
2519.0,streamspot:g369:n0,streamspot:g369:n2119,type_0,type_2,rel_10,1,1,1,1,train:g369,1,2118.0
2520.0,streamspot:g369:n0,streamspot:g369:n2260,type_0,type_2,rel_16,1,1,1,1,train:g369,1,2246.0
2521.0,streamspot:g369:n2124,streamspot:g369:n14,type_0,type_2,rel_10,1,1,1,1,train:g369,1,2318.0
2522.0,streamspot:g369:n2283,streamspot:g369:n2331,type_0,type_2,rel_10,1,1,1,1,train:g369,1,2389.0
2523.0,streamspot:g369:n2283,streamspot:g369:n2349,type_0,type_2,rel_10,1,1,1,1,train:g369,1,2408.0
2524.0,streamspot:g369:n2283,streamspot:g369:n2397,type_0,type_2,rel_10,1,1,1,1,train:g369,1,2459.0
2525.0,streamspot:g369:n2283,streamspot:g369:n2399,type_0,type_2,rel_10,1,1,1,1,train:g369,1,2461.0
2526.0,streamspot:g369:n2283,streamspot:g369:n2782,type_0,type_2,rel_10,1,1,1,1,train:g369,1,2847.0
2527.0,streamspot:g369:n2283,streamspot:g369:n2791,type_0,type_2,rel_10,1,1,1,1,train:g369,1,2856.0
2528.0,streamspot:g369:n2283,streamspot:g369:n3011,type_0,type_2,rel_10,1,1,1,1,train:g369,1,3077.0
2529.0,streamspot:g369:n2283,streamspot:g369:n3176,type_0,type_2,rel_10,1,1,1,1,train:g369,1,3243.0
2530.0,streamspot:g369:n2283,streamspot:g369:n3208,type_0,type_2,rel_10,1,1,1,1,train:g369,1,3275.0
2531.0,streamspot:g369:n2283,streamspot:g369:n3542,type_0,type_2,rel_10,1,1,1,1,train:g369,1,3471.0
2532.0,streamspot:g369:n2283,streamspot:g369:n3653,type_0,type_2,rel_10,1,1,1,1,train:g369,1,3571.0
2533.0,streamspot:g369:n2283,streamspot:g369:n3883,type_0,type_2,rel_10,1,1,1,1,train:g369,1,3632.0
2534.0,streamspot:g369:n2283,streamspot:g369:n4056,type_0,type_2,rel_10,1,1,1,1,train:g369,1,3827.0
2535.0,streamspot:g369:n2283,streamspot:g369:n4077,type_0,type_2,rel_16,1,1,1,1,train:g369,1,3858.0
2536.0,streamspot:g369:n2283,streamspot:g369:n4173,type_0,type_2,rel_10,1,1,1,1,train:g369,1,3954.0
2537.0,streamspot:g369:n2283,streamspot:g369:n4181,type_0,type_2,rel_1,1,1,1,1,train:g369,1,3962.0
2538.0,streamspot:g369:n2283,streamspot:g369:n4205,type_0,type_2,rel_1,1,1,1,1,train:g369,1,3986.0
2539.0,streamspot:g369:n2283,streamspot:g369:n4248,type_0,type_2,rel_10,1,1,1,1,train:g369,1,4029.0
2540.0,streamspot:g369:n2283,streamspot:g369:n4363,type_0,type_2,rel_10,1,1,1,1,train:g369,1,4144.0
2541.0,streamspot:g369:n2283,streamspot:g369:n4430,type_0,type_2,rel_1,1,1,1,1,train:g369,1,4241.0
2542.0,streamspot:g369:n2283,streamspot:g369:n4582,type_0,type_2,rel_16,1,1,1,1,train:g369,1,4393.0
2543.0,streamspot:g369:n2283,streamspot:g369:n4589,type_0,type_2,rel_16,1,1,1,1,train:g369,1,4400.0
2544.0,streamspot:g369:n2283,streamspot:g369:n4735,type_0,type_2,rel_10,1,1,1,1,train:g369,1,4489.0
2545.0,streamspot:g369:n2283,streamspot:g369:n4742,type_0,type_2,rel_10,1,1,1,1,train:g369,1,4496.0
2546.0,streamspot:g369:n2283,streamspot:g369:n4706,type_0,type_2,rel_10,1,1,1,1,train:g369,1,4613.0
2547.0,streamspot:g369:n2283,streamspot:g369:n6000,type_0,type_2,rel_10,1,1,1,1,train:g369,1,4757.0
2548.0,streamspot:g369:n2283,streamspot:g369:n6370,type_0,type_2,rel_10,1,1,1,1,train:g369,1,5127.0
2549.0,streamspot:g369:n2283,streamspot:g369:n6408,type_0,type_2,rel_10,1,1,1,1,train:g369,1,5165.0
2550.0,streamspot:g369:n2283,streamspot:g369:n6409,type_0,type_2,rel_10,1,1,1,1,train:g369,1,5166.0
2551.0,streamspot:g369:n2283,streamspot:g369:n6433,type_0,type_2,rel_10,1,1,1,1,train:g369,1,5190.0
2552.0,streamspot:g369:n3639,streamspot:g369:n3231,type_0,type_2,rel_10,1,1,1,1,train:g369,1,5794.0
2553.0,streamspot:g369:n3639,streamspot:g369:n3538,type_0,type_2,rel_10,1,1,1,1,train:g369,1,5874.0
2554.0,streamspot:g369:n4545,streamspot:g369:n671,type_1,type_2,rel_10,1,1,1,1,train:g369,1,6038.0
2555.0,streamspot:g369:n4661,streamspot:g369:n8936,type_1,type_2,rel_18,1,1,1,1,train:g369,1,6165.0
2556.0,streamspot:g369:n4843,streamspot:g369:n4919,type_0,type_4,rel_5,1,1,1,1,train:g369,1,6270.0
2557.0,streamspot:g369:n4843,streamspot:g369:n4923,type_0,type_4,rel_5,1,1,1,1,train:g369,1,6274.0
2558.0,streamspot:g369:n4843,streamspot:g369:n4978,type_0,type_4,rel_5,1,1,1,1,train:g369,1,6329.0
2559.0,streamspot:g369:n4843,streamspot:g369:n5163,type_0,type_4,rel_5,1,1,1,1,train:g369,1,6514.0
2560.0,streamspot:g369:n4843,streamspot:g369:n5277,type_0,type_4,rel_5,1,1,1,1,train:g369,1,6628.0
2561.0,streamspot:g369:n4843,streamspot:g369:n5507,type_0,type_4,rel_5,1,1,1,1,train:g369,1,6858.0
2562.0,streamspot:g369:n4843,streamspot:g369:n5520,type_0,type_4,rel_5,1,1,1,1,train:g369,1,6871.0
2563.0,streamspot:g369:n4843,streamspot:g369:n5590,type_0,type_4,rel_5,1,1,1,1,train:g369,1,6941.0
2564.0,streamspot:g369:n4843,streamspot:g369:n5618,type_0,type_4,rel_5,1,1,1,1,train:g369,1,6969.0
2565.0,streamspot:g369:n4843,streamspot:g369:n5797,type_0,type_4,rel_5,1,1,1,1,train:g369,1,7148.0
2566.0,streamspot:g369:n6596,streamspot:g369:n6627,type_0,type_4,rel_5,1,1,1,1,train:g369,1,7565.0
2567.0,streamspot:g369:n6596,streamspot:g369:n2384,type_0,type_2,rel_10,1,1,1,1,train:g369,1,7852.0
2568.0,streamspot:g369:n6596,streamspot:g369:n2540,type_0,type_2,rel_10,1,1,1,1,train:g369,1,7886.0
2569.0,streamspot:g369:n6596,streamspot:g369:n2715,type_0,type_2,rel_10,1,1,1,1,train:g369,1,8071.0
2570.0,streamspot:g369:n6596,streamspot:g369:n2797,type_0,type_2,rel_10,1,1,1,1,train:g369,1,8157.0
2571.0,streamspot:g369:n6596,streamspot:g369:n2799,type_0,type_2,rel_10,1,1,1,1,train:g369,1,8159.0
2572.0,streamspot:g369:n6596,streamspot:g369:n2822,type_0,type_2,rel_10,1,1,1,1,train:g369,1,8183.0
2573.0,streamspot:g369:n6596,streamspot:g369:n2872,type_0,type_2,rel_10,1,1,1,1,train:g369,1,8236.0
2574.0,streamspot:g369:n6596,streamspot:g369:n2958,type_0,type_2,rel_10,1,1,1,1,train:g369,1,8326.0
2575.0,streamspot:g369:n6596,streamspot:g369:n3041,type_0,type_2,rel_10,1,1,1,1,train:g369,1,8416.0
2576.0,streamspot:g369:n6596,streamspot:g369:n3335,type_0,type_2,rel_10,1,1,1,1,train:g369,1,8725.0
2577.0,streamspot:g369:n6596,streamspot:g369:n3395,type_0,type_2,rel_10,1,1,1,1,train:g369,1,8742.0
2578.0,streamspot:g369:n6596,streamspot:g369:n3865,type_0,type_2,rel_1,1,1,1,1,train:g369,1,8938.0
2579.0,streamspot:g369:n6596,streamspot:g369:n3890,type_0,type_2,rel_10,1,1,1,1,train:g369,1,8964.0
2580.0,streamspot:g369:n6596,streamspot:g369:n4522,type_0,type_2,rel_10,1,1,1,1,train:g369,1,9107.0
2581.0,streamspot:g369:n6596,streamspot:g369:n7607,type_0,type_2,rel_10,1,1,1,1,train:g369,1,9134.0
2582.0,streamspot:g369:n6596,streamspot:g369:n3723,type_0,type_2,rel_16,1,1,1,1,train:g369,1,9174.0
2583.0,streamspot:g369:n6596,streamspot:g369:n6170,type_0,type_2,rel_10,1,1,1,1,train:g369,1,9481.0
2584.0,streamspot:g369:n6596,streamspot:g369:n6357,type_0,type_2,rel_10,1,1,1,1,train:g369,1,9658.0
2585.0,streamspot:g369:n6596,streamspot:g369:n7840,type_0,type_2,rel_10,1,1,1,1,train:g369,1,9954.0
2586.0,streamspot:g369:n6596,streamspot:g369:n7887,type_0,type_2,rel_10,1,1,1,1,train:g369,1,9990.0
2587.0,streamspot:g369:n6596,streamspot:g369:n7905,type_0,type_2,rel_10,1,1,1,1,train:g369,1,10008.0
2588.0,streamspot:g369:n6737,streamspot:g369:n6740,type_0,type_4,rel_5,1,1,1,1,train:g369,1,10033.0
2589.0,streamspot:g369:n6754,streamspot:g369:n6651,type_0,type_2,rel_16,1,1,1,1,train:g369,1,10380.0
2590.0,streamspot:g369:n6779,streamspot:g369:n2280,type_0,type_2,rel_16,1,1,1,1,train:g369,1,10604.0
2591.0,streamspot:g369:n6779,streamspot:g369:n7066,type_0,type_2,rel_10,1,1,1,1,train:g369,1,10859.0
2592.0,streamspot:g369:n6779,streamspot:g369:n7084,type_0,type_2,rel_16,1,1,1,1,train:g369,1,10877.0
2593.0,streamspot:g369:n6779,streamspot:g369:n7343,type_0,type_2,rel_10,1,1,1,1,train:g369,1,11136.0
2594.0,streamspot:g369:n6779,streamspot:g369:n7493,type_0,type_2,rel_10,1,1,1,1,train:g369,1,11286.0
2595.0,streamspot:g369:n7860,streamspot:g369:n8133,type_0,type_4,rel_8,1,1,1,1,train:g369,1,11765.0
2596.0,streamspot:g369:n7860,streamspot:g369:n8522,type_0,type_4,rel_8,1,1,1,1,train:g369,1,12154.0
2597.0,streamspot:g369:n7860,streamspot:g369:n8678,type_0,type_4,rel_8,1,1,1,1,train:g369,1,12310.0
2598.0,streamspot:g369:n7860,streamspot:g369:n8768,type_0,type_4,rel_8,1,1,1,1,train:g369,1,12400.0
2599.0,streamspot:g369:n7860,streamspot:g369:n8929,type_0,type_4,rel_8,1,1,1,1,train:g369,1,12561.0
2600.0,streamspot:g369:n8943,streamspot:g369:n7913,type_1,type_4,rel_5,1,1,1,1,train:g369,1,12587.0
2601.0,streamspot:g310:n0,streamspot:g310:n50,type_0,type_2,rel_10,1,1,1,1,train:g310,1,49.0
2602.0,streamspot:g310:n0,streamspot:g310:n350,type_0,type_2,rel_10,1,1,1,1,train:g310,1,349.0
2603.0,streamspot:g310:n0,streamspot:g310:n375,type_0,type_2,rel_10,1,1,1,1,train:g310,1,374.0
2604.0,streamspot:g310:n0,streamspot:g310:n564,type_0,type_2,rel_16,1,1,1,1,train:g310,1,563.0
2605.0,streamspot:g310:n0,streamspot:g310:n708,type_0,type_2,rel_16,1,1,1,1,train:g310,1,707.0
2606.0,streamspot:g310:n0,streamspot:g310:n921,type_0,type_2,rel_10,1,1,1,1,train:g310,1,920.0
2607.0,streamspot:g310:n0,streamspot:g310:n953,type_0,type_2,rel_10,1,1,1,1,train:g310,1,952.0
2608.0,streamspot:g310:n0,streamspot:g310:n958,type_0,type_2,rel_10,1,1,1,1,train:g310,1,957.0
2609.0,streamspot:g310:n0,streamspot:g310:n1015,type_0,type_2,rel_10,1,1,1,1,train:g310,1,1014.0
2610.0,streamspot:g310:n0,streamspot:g310:n1223,type_0,type_2,rel_10,1,1,1,1,train:g310,1,1222.0
2611.0,streamspot:g310:n0,streamspot:g310:n1353,type_0,type_2,rel_10,1,1,1,1,train:g310,1,1352.0
2612.0,streamspot:g310:n0,streamspot:g310:n1445,type_0,type_2,rel_10,1,1,1,1,train:g310,1,1444.0
2613.0,streamspot:g310:n0,streamspot:g310:n1475,type_0,type_2,rel_10,1,1,1,1,train:g310,1,1474.0
2614.0,streamspot:g310:n0,streamspot:g310:n1533,type_0,type_2,rel_10,1,1,1,1,train:g310,1,1532.0
2615.0,streamspot:g310:n0,streamspot:g310:n1626,type_0,type_2,rel_16,1,1,1,1,train:g310,1,1625.0
2616.0,streamspot:g310:n0,streamspot:g310:n1796,type_0,type_2,rel_10,1,1,1,1,train:g310,1,1795.0
2617.0,streamspot:g310:n0,streamspot:g310:n1846,type_0,type_2,rel_10,1,1,1,1,train:g310,1,1845.0
2618.0,streamspot:g310:n0,streamspot:g310:n1896,type_0,type_2,rel_16,1,1,1,1,train:g310,1,1895.0
2619.0,streamspot:g310:n0,streamspot:g310:n1977,type_0,type_2,rel_16,1,1,1,1,train:g310,1,1976.0
2620.0,streamspot:g310:n0,streamspot:g310:n2156,type_0,type_2,rel_10,1,1,1,1,train:g310,1,2142.0
2621.0,streamspot:g310:n0,streamspot:g310:n2194,type_0,type_2,rel_10,1,1,1,1,train:g310,1,2180.0
2622.0,streamspot:g310:n0,streamspot:g310:n2245,type_0,type_2,rel_16,1,1,1,1,train:g310,1,2231.0
2623.0,streamspot:g310:n2283,streamspot:g310:n2326,type_0,type_2,rel_16,1,1,1,1,train:g310,1,2384.0
2624.0,streamspot:g310:n2283,streamspot:g310:n2501,type_0,type_2,rel_10,1,1,1,1,train:g310,1,2566.0
2625.0,streamspot:g310:n2283,streamspot:g310:n2541,type_0,type_2,rel_10,1,1,1,1,train:g310,1,2606.0
2626.0,streamspot:g310:n2283,streamspot:g310:n2645,type_0,type_2,rel_10,1,1,1,1,train:g310,1,2710.0
2627.0,streamspot:g310:n2283,streamspot:g310:n2820,type_0,type_2,rel_10,1,1,1,1,train:g310,1,2885.0
2628.0,streamspot:g310:n2283,streamspot:g310:n2876,type_0,type_2,rel_10,1,1,1,1,train:g310,1,2941.0
2629.0,streamspot:g310:n2283,streamspot:g310:n3145,type_0,type_2,rel_10,1,1,1,1,train:g310,1,3212.0
2630.0,streamspot:g310:n2283,streamspot:g310:n3284,type_0,type_2,rel_10,1,1,1,1,train:g310,1,3351.0
2631.0,streamspot:g310:n2283,streamspot:g310:n3340,type_0,type_2,rel_10,1,1,1,1,train:g310,1,3407.0
2632.0,streamspot:g310:n2283,streamspot:g310:n3412,type_0,type_2,rel_10,1,1,1,1,train:g310,1,3432.0
2633.0,streamspot:g310:n2283,streamspot:g310:n3530,type_0,type_2,rel_10,1,1,1,1,train:g310,1,3459.0
2634.0,streamspot:g310:n2283,streamspot:g310:n3884,type_0,type_2,rel_10,1,1,1,1,train:g310,1,3633.0
2635.0,streamspot:g310:n2283,streamspot:g310:n4089,type_0,type_2,rel_10,1,1,1,1,train:g310,1,3869.0
2636.0,streamspot:g310:n2283,streamspot:g310:n4242,type_0,type_2,rel_10,1,1,1,1,train:g310,1,4023.0
2637.0,streamspot:g310:n2283,streamspot:g310:n4283,type_0,type_2,rel_16,1,1,1,1,train:g310,1,4064.0
2638.0,streamspot:g310:n2283,streamspot:g310:n4312,type_0,type_2,rel_10,1,1,1,1,train:g310,1,4093.0
2639.0,streamspot:g310:n2283,streamspot:g310:n4330,type_0,type_2,rel_10,1,1,1,1,train:g310,1,4111.0
2640.0,streamspot:g310:n2283,streamspot:g310:n2240,type_0,type_2,rel_16,1,1,1,1,train:g310,1,4173.0
2641.0,streamspot:g310:n2283,streamspot:g310:n2268,type_0,type_2,rel_16,1,1,1,1,train:g310,1,4208.0
2642.0,streamspot:g310:n2283,streamspot:g310:n4422,type_0,type_2,rel_16,1,1,1,1,train:g310,1,4233.0
2643.0,streamspot:g310:n2283,streamspot:g310:n4552,type_0,type_2,rel_16,1,1,1,1,train:g310,1,4363.0
2644.0,streamspot:g310:n2283,streamspot:g310:n4594,type_0,type_2,rel_16,1,1,1,1,train:g310,1,4405.0
2645.0,streamspot:g310:n2283,streamspot:g310:n4733,type_0,type_2,rel_10,1,1,1,1,train:g310,1,4487.0
2646.0,streamspot:g310:n2283,streamspot:g310:n4778,type_0,type_2,rel_10,1,1,1,1,train:g310,1,4533.0
2647.0,streamspot:g310:n2283,streamspot:g310:n4816,type_0,type_2,rel_10,1,1,1,1,train:g310,1,4571.0
2648.0,streamspot:g310:n2283,streamspot:g310:n5997,type_0,type_2,rel_10,1,1,1,1,train:g310,1,4754.0
2649.0,streamspot:g310:n2283,streamspot:g310:n6061,type_0,type_2,rel_10,1,1,1,1,train:g310,1,4818.0
2650.0,streamspot:g310:n2283,streamspot:g310:n6085,type_0,type_2,rel_10,1,1,1,1,train:g310,1,4842.0
2651.0,streamspot:g310:n2283,streamspot:g310:n6132,type_0,type_2,rel_10,1,1,1,1,train:g310,1,4889.0
2652.0,streamspot:g310:n2283,streamspot:g310:n6292,type_0,type_2,rel_10,1,1,1,1,train:g310,1,5049.0
2653.0,streamspot:g310:n2283,streamspot:g310:n6456,type_0,type_2,rel_10,1,1,1,1,train:g310,1,5213.0
2654.0,streamspot:g310:n2283,streamspot:g310:n6575,type_0,type_2,rel_10,1,1,1,1,train:g310,1,5332.0
2655.0,streamspot:g310:n2283,streamspot:g310:n6590,type_0,type_1,rel_4,1,1,1,1,train:g310,1,5347.0
2656.0,streamspot:g310:n3347,streamspot:g310:n3366,type_0,type_2,rel_10,1,1,1,1,train:g310,1,5365.0
2657.0,streamspot:g310:n3347,streamspot:g310:n4016,type_0,type_4,rel_19,1,1,1,1,train:g310,1,5639.0
2658.0,streamspot:g310:n4838,streamspot:g310:n4899,type_0,type_4,rel_5,1,1,1,1,train:g310,1,6242.0
2659.0,streamspot:g310:n4838,streamspot:g310:n4980,type_0,type_4,rel_5,1,1,1,1,train:g310,1,6323.0
2660.0,streamspot:g310:n4838,streamspot:g310:n5247,type_0,type_4,rel_5,1,1,1,1,train:g310,1,6590.0
2661.0,streamspot:g310:n4838,streamspot:g310:n5724,type_0,type_4,rel_5,1,1,1,1,train:g310,1,7067.0
2662.0,streamspot:g310:n4838,streamspot:g310:n5837,type_0,type_4,rel_5,1,1,1,1,train:g310,1,7180.0
2663.0,streamspot:g310:n6591,streamspot:g310:n2324,type_0,type_2,rel_16,1,1,1,1,train:g310,1,7643.0
2664.0,streamspot:g310:n6591,streamspot:g310:n2404,type_0,type_2,rel_10,1,1,1,1,train:g310,1,7715.0
2665.0,streamspot:g310:n6591,streamspot:g310:n2506,type_0,type_2,rel_10,1,1,1,1,train:g310,1,7818.0
2666.0,streamspot:g310:n6591,streamspot:g310:n2544,type_0,type_2,rel_10,1,1,1,1,train:g310,1,7878.0
2667.0,streamspot:g310:n6591,streamspot:g310:n3312,type_0,type_2,rel_10,1,1,1,1,train:g310,1,8688.0
2668.0,streamspot:g310:n6591,streamspot:g310:n3401,type_0,type_2,rel_10,1,1,1,1,train:g310,1,8734.0
2669.0,streamspot:g310:n6591,streamspot:g310:n3840,type_0,type_2,rel_1,1,1,1,1,train:g310,1,8900.0
2670.0,streamspot:g310:n6591,streamspot:g310:n3940,type_0,type_2,rel_10,1,1,1,1,train:g310,1,9004.0
2671.0,streamspot:g310:n6591,streamspot:g310:n6744,type_0,type_2,rel_10,1,1,1,1,train:g310,1,9023.0
2672.0,streamspot:g310:n6591,streamspot:g310:n7683,type_0,type_2,rel_10,1,1,1,1,train:g310,1,9270.0
2673.0,streamspot:g310:n6591,streamspot:g310:n7759,type_0,type_2,rel_10,1,1,1,1,train:g310,1,9519.0
2674.0,streamspot:g310:n6591,streamspot:g310:n6352,type_0,type_2,rel_10,1,1,1,1,train:g310,1,9645.0
2675.0,streamspot:g310:n6591,streamspot:g310:n6435,type_0,type_2,rel_10,1,1,1,1,train:g310,1,9792.0
2676.0,streamspot:g310:n6591,streamspot:g310:n7862,type_0,type_2,rel_10,1,1,1,1,train:g310,1,9961.0
2677.0,streamspot:g310:n6591,streamspot:g310:n7880,type_0,type_2,rel_10,1,1,1,1,train:g310,1,9979.0
2678.0,streamspot:g310:n6732,streamspot:g310:n6643,type_0,type_2,rel_10,1,1,1,1,train:g310,1,10033.0
2679.0,streamspot:g310:n6732,streamspot:g310:n2301,type_0,type_2,rel_16,1,1,1,1,train:g310,1,10076.0
2680.0,streamspot:g310:n6732,streamspot:g310:n3285,type_0,type_2,rel_10,1,1,1,1,train:g310,1,10228.0
2681.0,streamspot:g310:n6732,streamspot:g310:n3563,type_0,type_2,rel_10,1,1,1,1,train:g310,1,10301.0
2682.0,streamspot:g310:n6774,streamspot:g310:n2311,type_0,type_2,rel_16,1,1,1,1,train:g310,1,10551.0
2683.0,streamspot:g310:n6774,streamspot:g310:n6926,type_0,type_2,rel_10,1,1,1,1,train:g310,1,10710.0
2684.0,streamspot:g310:n6774,streamspot:g310:n6950,type_0,type_2,rel_10,1,1,1,1,train:g310,1,10734.0
2685.0,streamspot:g310:n6774,streamspot:g310:n7032,type_0,type_2,rel_10,1,1,1,1,train:g310,1,10816.0
2686.0,streamspot:g310:n6774,streamspot:g310:n7111,type_0,type_2,rel_16,1,1,1,1,train:g310,1,10895.0
2687.0,streamspot:g310:n6774,streamspot:g310:n7118,type_0,type_2,rel_10,1,1,1,1,train:g310,1,10902.0
2688.0,streamspot:g310:n6774,streamspot:g310:n7513,type_0,type_2,rel_10,1,1,1,1,train:g310,1,11297.0
2689.0,streamspot:g310:n6774,streamspot:g310:n7573,type_0,type_2,rel_10,1,1,1,1,train:g310,1,11358.0
2690.0,streamspot:g310:n6784,streamspot:g310:n2338,type_0,type_2,rel_16,1,1,1,1,train:g310,1,11454.0
2691.0,streamspot:g310:n6784,streamspot:g310:n2471,type_0,type_2,rel_10,1,1,1,1,train:g310,1,11499.0
2692.0,streamspot:g310:n7851,streamspot:g310:n7985,type_0,type_4,rel_8,1,1,1,1,train:g310,1,11608.0
2693.0,streamspot:g310:n7851,streamspot:g310:n8048,type_0,type_4,rel_8,1,1,1,1,train:g310,1,11671.0
2694.0,streamspot:g310:n7851,streamspot:g310:n8221,type_0,type_4,rel_8,1,1,1,1,train:g310,1,11844.0
2695.0,streamspot:g310:n7851,streamspot:g310:n8286,type_0,type_4,rel_8,1,1,1,1,train:g310,1,11909.0
2696.0,streamspot:g310:n7851,streamspot:g310:n8354,type_0,type_4,rel_8,1,1,1,1,train:g310,1,11977.0
2697.0,streamspot:g310:n7851,streamspot:g310:n8495,type_0,type_4,rel_8,1,1,1,1,train:g310,1,12118.0
2698.0,streamspot:g310:n7851,streamspot:g310:n8548,type_0,type_4,rel_8,1,1,1,1,train:g310,1,12171.0
2699.0,streamspot:g310:n7851,streamspot:g310:n8656,type_0,type_4,rel_8,1,1,1,1,train:g310,1,12279.0
2700.0,streamspot:g310:n7851,streamspot:g310:n8749,type_0,type_4,rel_8,1,1,1,1,train:g310,1,12372.0
2701.0,streamspot:g354:n0,streamspot:g354:n139,type_0,type_2,rel_16,1,1,1,1,train:g354,1,138.0
2702.0,streamspot:g354:n0,streamspot:g354:n155,type_0,type_2,rel_16,1,1,1,1,train:g354,1,154.0
2703.0,streamspot:g354:n0,streamspot:g354:n201,type_0,type_2,rel_10,1,1,1,1,train:g354,1,200.0
2704.0,streamspot:g354:n0,streamspot:g354:n239,type_0,type_2,rel_16,1,1,1,1,train:g354,1,238.0
2705.0,streamspot:g354:n0,streamspot:g354:n320,type_0,type_2,rel_10,1,1,1,1,train:g354,1,319.0
2706.0,streamspot:g354:n0,streamspot:g354:n558,type_0,type_2,rel_10,1,1,1,1,train:g354,1,557.0
2707.0,streamspot:g354:n0,streamspot:g354:n600,type_0,type_2,rel_10,1,1,1,1,train:g354,1,599.0
2708.0,streamspot:g354:n0,streamspot:g354:n702,type_0,type_2,rel_10,1,1,1,1,train:g354,1,701.0
2709.0,streamspot:g354:n0,streamspot:g354:n795,type_0,type_2,rel_16,1,1,1,1,train:g354,1,794.0
2710.0,streamspot:g354:n0,streamspot:g354:n1135,type_0,type_2,rel_10,1,1,1,1,train:g354,1,1134.0
2711.0,streamspot:g354:n0,streamspot:g354:n1208,type_0,type_2,rel_10,1,1,1,1,train:g354,1,1207.0
2712.0,streamspot:g354:n0,streamspot:g354:n1377,type_0,type_2,rel_16,1,1,1,1,train:g354,1,1376.0
2713.0,streamspot:g354:n0,streamspot:g354:n1388,type_0,type_2,rel_10,1,1,1,1,train:g354,1,1387.0
2714.0,streamspot:g354:n0,streamspot:g354:n1401,type_0,type_2,rel_10,1,1,1,1,train:g354,1,1400.0
2715.0,streamspot:g354:n0,streamspot:g354:n1501,type_0,type_2,rel_10,1,1,1,1,train:g354,1,1500.0
2716.0,streamspot:g354:n0,streamspot:g354:n1555,type_0,type_2,rel_16,1,1,1,1,train:g354,1,1554.0
2717.0,streamspot:g354:n0,streamspot:g354:n1768,type_0,type_2,rel_10,1,1,1,1,train:g354,1,1767.0
2718.0,streamspot:g354:n0,streamspot:g354:n1955,type_0,type_2,rel_10,1,1,1,1,train:g354,1,1954.0
2719.0,streamspot:g354:n0,streamspot:g354:n2280,type_0,type_2,rel_16,1,1,1,1,train:g354,1,2266.0
2720.0,streamspot:g354:n2283,streamspot:g354:n2440,type_0,type_2,rel_10,1,1,1,1,train:g354,1,2503.0
2721.0,streamspot:g354:n2283,streamspot:g354:n2464,type_0,type_2,rel_10,1,1,1,1,train:g354,1,2528.0
2722.0,streamspot:g354:n2283,streamspot:g354:n2711,type_0,type_2,rel_10,1,1,1,1,train:g354,1,2776.0
2723.0,streamspot:g354:n2283,streamspot:g354:n2740,type_0,type_2,rel_10,1,1,1,1,train:g354,1,2805.0
2724.0,streamspot:g354:n2283,streamspot:g354:n2756,type_0,type_2,rel_10,1,1,1,1,train:g354,1,2821.0
2725.0,streamspot:g354:n2283,streamspot:g354:n2887,type_0,type_2,rel_10,1,1,1,1,train:g354,1,2952.0
2726.0,streamspot:g354:n2283,streamspot:g354:n3151,type_0,type_2,rel_10,1,1,1,1,train:g354,1,3218.0
2727.0,streamspot:g354:n2283,streamspot:g354:n3616,type_0,type_2,rel_10,1,1,1,1,train:g354,1,3545.0
2728.0,streamspot:g354:n2283,streamspot:g354:n3635,type_0,type_2,rel_10,1,1,1,1,train:g354,1,3564.0
2729.0,streamspot:g354:n2283,streamspot:g354:n3664,type_0,type_2,rel_10,1,1,1,1,train:g354,1,3578.0
2730.0,streamspot:g354:n2283,streamspot:g354:n3970,type_0,type_2,rel_10,1,1,1,1,train:g354,1,3718.0
2731.0,streamspot:g354:n2283,streamspot:g354:n4186,type_0,type_2,rel_1,1,1,1,1,train:g354,1,3967.0
2732.0,streamspot:g354:n2283,streamspot:g354:n4298,type_0,type_2,rel_10,1,1,1,1,train:g354,1,4079.0
2733.0,streamspot:g354:n2283,streamspot:g354:n4513,type_0,type_2,rel_16,1,1,1,1,train:g354,1,4324.0
2734.0,streamspot:g354:n2283,streamspot:g354:n4537,type_0,type_2,rel_1,1,1,1,1,train:g354,1,4348.0
2735.0,streamspot:g354:n2283,streamspot:g354:n4719,type_0,type_2,rel_10,1,1,1,1,train:g354,1,4624.0
2736.0,streamspot:g354:n2283,streamspot:g354:n5985,type_0,type_2,rel_10,1,1,1,1,train:g354,1,4741.0
2737.0,streamspot:g354:n2283,streamspot:g354:n6002,type_0,type_2,rel_10,1,1,1,1,train:g354,1,4758.0
2738.0,streamspot:g354:n2283,streamspot:g354:n6067,type_0,type_2,rel_10,1,1,1,1,train:g354,1,4823.0
2739.0,streamspot:g354:n2283,streamspot:g354:n6300,type_0,type_2,rel_10,1,1,1,1,train:g354,1,5056.0
2740.0,streamspot:g354:n2283,streamspot:g354:n6353,type_0,type_2,rel_10,1,1,1,1,train:g354,1,5109.0
2741.0,streamspot:g354:n3347,streamspot:g354:n3447,type_0,type_2,rel_10,1,1,1,1,train:g354,1,5416.0
2742.0,streamspot:g354:n3347,streamspot:g354:n3679,type_0,type_2,rel_10,1,1,1,1,train:g354,1,5504.0
2743.0,streamspot:g354:n3347,streamspot:g354:n3747,type_0,type_2,rel_16,1,1,1,1,train:g354,1,5556.0
2744.0,streamspot:g354:n3637,streamspot:g354:n3636,type_1,type_2,rel_11,1,1,1,1,train:g354,1,5648.0
2745.0,streamspot:g354:n3639,streamspot:g354:n2280,type_0,type_2,rel_16,1,1,1,1,train:g354,1,5724.0
2746.0,streamspot:g354:n3639,streamspot:g354:n2348,type_0,type_2,rel_10,1,1,1,1,train:g354,1,5745.0
2747.0,streamspot:g354:n3639,streamspot:g354:n2373,type_0,type_2,rel_10,1,1,1,1,train:g354,1,5809.0
2748.0,streamspot:g354:n3639,streamspot:g354:n3606,type_0,type_2,rel_10,1,1,1,1,train:g354,1,5935.0
2749.0,streamspot:g354:n4145,streamspot:g354:n671,type_1,type_2,rel_10,1,1,1,1,train:g354,1,5944.0
2750.0,streamspot:g354:n4671,streamspot:g354:n4228,type_1,type_2,rel_19,1,1,1,1,train:g354,1,6164.0
2751.0,streamspot:g354:n4838,streamspot:g354:n4942,type_0,type_4,rel_5,1,1,1,1,train:g354,1,6288.0
2752.0,streamspot:g354:n4838,streamspot:g354:n5039,type_0,type_4,rel_5,1,1,1,1,train:g354,1,6385.0
2753.0,streamspot:g354:n4838,streamspot:g354:n5100,type_0,type_4,rel_5,1,1,1,1,train:g354,1,6446.0
2754.0,streamspot:g354:n4838,streamspot:g354:n5155,type_0,type_4,rel_5,1,1,1,1,train:g354,1,6501.0
2755.0,streamspot:g354:n4838,streamspot:g354:n5443,type_0,type_4,rel_5,1,1,1,1,train:g354,1,6789.0
2756.0,streamspot:g354:n4838,streamspot:g354:n5535,type_0,type_4,rel_5,1,1,1,1,train:g354,1,6881.0
2757.0,streamspot:g354:n4838,streamspot:g354:n5647,type_0,type_4,rel_5,1,1,1,1,train:g354,1,6993.0
2758.0,streamspot:g354:n4838,streamspot:g354:n5715,type_0,type_4,rel_5,1,1,1,1,train:g354,1,7061.0
2759.0,streamspot:g354:n4838,streamspot:g354:n5805,type_0,type_4,rel_5,1,1,1,1,train:g354,1,7151.0
2760.0,streamspot:g354:n4838,streamspot:g354:n3235,type_0,type_2,rel_10,1,1,1,1,train:g354,1,7344.0
2761.0,streamspot:g354:n5901,streamspot:g354:n5905,type_1,type_2,rel_1,1,1,1,1,train:g354,1,7501.0
2762.0,streamspot:g354:n5901,streamspot:g354:n4228,type_1,type_2,rel_19,1,1,1,1,train:g354,1,7507.0
2763.0,streamspot:g354:n6591,streamspot:g354:n6630,type_0,type_4,rel_5,1,1,1,1,train:g354,1,7563.0
2764.0,streamspot:g354:n6591,streamspot:g354:n2310,type_0,type_2,rel_10,1,1,1,1,train:g354,1,7630.0
2765.0,streamspot:g354:n6591,streamspot:g354:n2327,type_0,type_2,rel_10,1,1,1,1,train:g354,1,7649.0
2766.0,streamspot:g354:n6591,streamspot:g354:n2339,type_0,type_2,rel_10,1,1,1,1,train:g354,1,7661.0
2767.0,streamspot:g354:n6591,streamspot:g354:n2340,type_0,type_2,rel_16,1,1,1,1,train:g354,1,7662.0
2768.0,streamspot:g354:n6591,streamspot:g354:n2525,type_0,type_2,rel_10,1,1,1,1,train:g354,1,7861.0
2769.0,streamspot:g354:n6591,streamspot:g354:n2738,type_0,type_2,rel_10,1,1,1,1,train:g354,1,8085.0
2770.0,streamspot:g354:n6591,streamspot:g354:n2888,type_0,type_2,rel_10,1,1,1,1,train:g354,1,8243.0
2771.0,streamspot:g354:n6591,streamspot:g354:n2983,type_0,type_2,rel_10,1,1,1,1,train:g354,1,8344.0
2772.0,streamspot:g354:n6591,streamspot:g354:n3284,type_0,type_2,rel_10,1,1,1,1,train:g354,1,8662.0
2773.0,streamspot:g354:n6591,streamspot:g354:n3457,type_0,type_2,rel_10,1,1,1,1,train:g354,1,8761.0
2774.0,streamspot:g354:n6591,streamspot:g354:n3559,type_0,type_2,rel_10,1,1,1,1,train:g354,1,8802.0
2775.0,streamspot:g354:n6591,streamspot:g354:n11,type_0,type_2,rel_10,1,1,1,1,train:g354,1,9401.0
2776.0,streamspot:g354:n6591,streamspot:g354:n6130,type_0,type_2,rel_10,1,1,1,1,train:g354,1,9434.0
2777.0,streamspot:g354:n6591,streamspot:g354:n6341,type_0,type_2,rel_10,1,1,1,1,train:g354,1,9636.0
2778.0,streamspot:g354:n6591,streamspot:g354:n7807,type_0,type_2,rel_10,1,1,1,1,train:g354,1,9916.0
2779.0,streamspot:g354:n6591,streamspot:g354:n7889,type_0,type_2,rel_10,1,1,1,1,train:g354,1,9987.0
2780.0,streamspot:g354:n6732,streamspot:g354:n6650,type_0,type_2,rel_16,1,1,1,1,train:g354,1,10043.0
2781.0,streamspot:g354:n6732,streamspot:g354:n3725,type_0,type_2,rel_10,1,1,1,1,train:g354,1,10125.0
2782.0,streamspot:g354:n6732,streamspot:g354:n2837,type_0,type_2,rel_10,1,1,1,1,train:g354,1,10136.0
2783.0,streamspot:g354:n6732,streamspot:g354:n6676,type_0,type_2,rel_10,1,1,1,1,train:g354,1,10167.0
2784.0,streamspot:g354:n6732,streamspot:g354:n2458,type_0,type_2,rel_10,1,1,1,1,train:g354,1,10170.0
2785.0,streamspot:g354:n6732,streamspot:g354:n3306,type_0,type_2,rel_10,1,1,1,1,train:g354,1,10253.0
2786.0,streamspot:g354:n6774,streamspot:g354:n2291,type_0,type_2,rel_16,1,1,1,1,train:g354,1,10534.0
2787.0,streamspot:g354:n6774,streamspot:g354:n2326,type_0,type_2,rel_16,1,1,1,1,train:g354,1,10571.0
2788.0,streamspot:g354:n6774,streamspot:g354:n7114,type_0,type_2,rel_10,1,1,1,1,train:g354,1,10901.0
2789.0,streamspot:g354:n6774,streamspot:g354:n7252,type_0,type_2,rel_10,1,1,1,1,train:g354,1,11039.0
2790.0,streamspot:g354:n6774,streamspot:g354:n7366,type_0,type_2,rel_10,1,1,1,1,train:g354,1,11153.0
2791.0,streamspot:g354:n6774,streamspot:g354:n7520,type_0,type_2,rel_10,1,1,1,1,train:g354,1,11307.0
2792.0,streamspot:g354:n6774,streamspot:g354:n7533,type_0,type_2,rel_10,1,1,1,1,train:g354,1,11320.0
2793.0,streamspot:g354:n7855,streamspot:g354:n8085,type_0,type_4,rel_8,1,1,1,1,train:g354,1,11711.0
2794.0,streamspot:g354:n7855,streamspot:g354:n8178,type_0,type_4,rel_8,1,1,1,1,train:g354,1,11804.0
2795.0,streamspot:g354:n7855,streamspot:g354:n8357,type_0,type_4,rel_8,1,1,1,1,train:g354,1,11983.0
2796.0,streamspot:g354:n7855,streamspot:g354:n8358,type_0,type_4,rel_8,1,1,1,1,train:g354,1,11984.0
2797.0,streamspot:g354:n7855,streamspot:g354:n8389,type_0,type_4,rel_8,1,1,1,1,train:g354,1,12015.0
2798.0,streamspot:g354:n7855,streamspot:g354:n8640,type_0,type_4,rel_8,1,1,1,1,train:g354,1,12266.0
2799.0,streamspot:g354:n7855,streamspot:g354:n8830,type_0,type_4,rel_8,1,1,1,1,train:g354,1,12456.0
2800.0,streamspot:g354:n7855,streamspot:g354:n8907,type_0,type_4,rel_8,1,1,1,1,train:g354,1,12533.0
2801.0,streamspot:g343:n0,streamspot:g343:n132,type_0,type_2,rel_16,1,1,1,1,train:g343,1,131.0
2802.0,streamspot:g343:n0,streamspot:g343:n152,type_0,type_2,rel_10,1,1,1,1,train:g343,1,151.0
2803.0,streamspot:g343:n0,streamspot:g343:n162,type_0,type_2,rel_10,1,1,1,1,train:g343,1,161.0
2804.0,streamspot:g343:n0,streamspot:g343:n337,type_0,type_2,rel_10,1,1,1,1,train:g343,1,336.0
2805.0,streamspot:g343:n0,streamspot:g343:n528,type_0,type_2,rel_10,1,1,1,1,train:g343,1,527.0
2806.0,streamspot:g343:n0,streamspot:g343:n611,type_0,type_2,rel_16,1,1,1,1,train:g343,1,610.0
2807.0,streamspot:g343:n0,streamspot:g343:n617,type_0,type_2,rel_10,1,1,1,1,train:g343,1,616.0
2808.0,streamspot:g343:n0,streamspot:g343:n619,type_0,type_2,rel_10,1,1,1,1,train:g343,1,618.0
2809.0,streamspot:g343:n0,streamspot:g343:n656,type_0,type_2,rel_16,1,1,1,1,train:g343,1,655.0
2810.0,streamspot:g343:n0,streamspot:g343:n735,type_0,type_2,rel_10,1,1,1,1,train:g343,1,734.0
2811.0,streamspot:g343:n0,streamspot:g343:n901,type_0,type_2,rel_10,1,1,1,1,train:g343,1,900.0
2812.0,streamspot:g343:n0,streamspot:g343:n1013,type_0,type_2,rel_10,1,1,1,1,train:g343,1,1012.0
2813.0,streamspot:g343:n0,streamspot:g343:n1044,type_0,type_2,rel_10,1,1,1,1,train:g343,1,1043.0
2814.0,streamspot:g343:n0,streamspot:g343:n1243,type_0,type_2,rel_10,1,1,1,1,train:g343,1,1242.0
2815.0,streamspot:g343:n0,streamspot:g343:n1326,type_0,type_2,rel_10,1,1,1,1,train:g343,1,1325.0
2816.0,streamspot:g343:n0,streamspot:g343:n1603,type_0,type_2,rel_10,1,1,1,1,train:g343,1,1602.0
2817.0,streamspot:g343:n0,streamspot:g343:n1684,type_0,type_2,rel_10,1,1,1,1,train:g343,1,1683.0
2818.0,streamspot:g343:n0,streamspot:g343:n1730,type_0,type_2,rel_10,1,1,1,1,train:g343,1,1729.0
2819.0,streamspot:g343:n0,streamspot:g343:n1954,type_0,type_2,rel_10,1,1,1,1,train:g343,1,1953.0
2820.0,streamspot:g343:n0,streamspot:g343:n2183,type_0,type_2,rel_10,1,1,1,1,train:g343,1,2169.0
2821.0,streamspot:g343:n0,streamspot:g343:n2202,type_0,type_2,rel_16,1,1,1,1,train:g343,1,2188.0
2822.0,streamspot:g343:n0,streamspot:g343:n2239,type_0,type_2,rel_10,1,1,1,1,train:g343,1,2225.0
2823.0,streamspot:g343:n2283,streamspot:g343:n2315,type_0,type_2,rel_16,1,1,1,1,train:g343,1,2372.0
2824.0,streamspot:g343:n2283,streamspot:g343:n2376,type_0,type_2,rel_10,1,1,1,1,train:g343,1,2437.0
2825.0,streamspot:g343:n2283,streamspot:g343:n2605,type_0,type_2,rel_10,1,1,1,1,train:g343,1,2670.0
2826.0,streamspot:g343:n2283,streamspot:g343:n2825,type_0,type_2,rel_10,1,1,1,1,train:g343,1,2890.0
2827.0,streamspot:g343:n2283,streamspot:g343:n2906,type_0,type_2,rel_10,1,1,1,1,train:g343,1,2971.0
2828.0,streamspot:g343:n2283,streamspot:g343:n2927,type_0,type_2,rel_10,1,1,1,1,train:g343,1,2992.0
2829.0,streamspot:g343:n2283,streamspot:g343:n3054,type_0,type_2,rel_10,1,1,1,1,train:g343,1,3121.0
2830.0,streamspot:g343:n2283,streamspot:g343:n3092,type_0,type_2,rel_10,1,1,1,1,train:g343,1,3159.0
2831.0,streamspot:g343:n2283,streamspot:g343:n3130,type_0,type_2,rel_10,1,1,1,1,train:g343,1,3197.0
2832.0,streamspot:g343:n2283,streamspot:g343:n3213,type_0,type_2,rel_10,1,1,1,1,train:g343,1,3280.0
2833.0,streamspot:g343:n2283,streamspot:g343:n3923,type_0,type_2,rel_10,1,1,1,1,train:g343,1,3672.0
2834.0,streamspot:g343:n2283,streamspot:g343:n3926,type_0,type_2,rel_10,1,1,1,1,train:g343,1,3675.0
2835.0,streamspot:g343:n2283,streamspot:g343:n4049,type_0,type_2,rel_10,1,1,1,1,train:g343,1,3813.0
2836.0,streamspot:g343:n2283,streamspot:g343:n4227,type_0,type_2,rel_1,1,1,1,1,train:g343,1,4009.0
2837.0,streamspot:g343:n2283,streamspot:g343:n4275,type_0,type_2,rel_10,1,1,1,1,train:g343,1,4057.0
2838.0,streamspot:g343:n2283,streamspot:g343:n5869,type_0,type_2,rel_16,1,1,1,1,train:g343,1,4644.0
2839.0,streamspot:g343:n2283,streamspot:g343:n5927,type_0,type_2,rel_16,1,1,1,1,train:g343,1,4684.0
2840.0,streamspot:g343:n2283,streamspot:g343:n6039,type_0,type_2,rel_10,1,1,1,1,train:g343,1,4796.0
2841.0,streamspot:g343:n2283,streamspot:g343:n6190,type_0,type_2,rel_10,1,1,1,1,train:g343,1,4947.0
2842.0,streamspot:g343:n2283,streamspot:g343:n6227,type_0,type_2,rel_10,1,1,1,1,train:g343,1,4984.0
2843.0,streamspot:g343:n2283,streamspot:g343:n6558,type_0,type_2,rel_10,1,1,1,1,train:g343,1,5315.0
2844.0,streamspot:g343:n3347,streamspot:g343:n3384,type_0,type_2,rel_10,1,1,1,1,train:g343,1,5382.0
2845.0,streamspot:g343:n3347,streamspot:g343:n3452,type_0,type_2,rel_10,1,1,1,1,train:g343,1,5416.0
2846.0,streamspot:g343:n3347,streamspot:g343:n3458,type_0,type_2,rel_10,1,1,1,1,train:g343,1,5422.0
2847.0,streamspot:g343:n3347,streamspot:g343:n3753,type_0,type_2,rel_10,1,1,1,1,train:g343,1,5562.0
2848.0,streamspot:g343:n3639,streamspot:g343:n2373,type_0,type_2,rel_10,1,1,1,1,train:g343,1,5809.0
2849.0,streamspot:g343:n4535,streamspot:g343:n4692,type_1,type_2,rel_10,1,1,1,1,train:g343,1,6000.0
2850.0,streamspot:g343:n4535,streamspot:g343:n4716,type_1,type_2,rel_10,1,1,1,1,train:g343,1,6024.0
2851.0,streamspot:g343:n4837,streamspot:g343:n5094,type_0,type_4,rel_5,1,1,1,1,train:g343,1,6440.0
2852.0,streamspot:g343:n4837,streamspot:g343:n5342,type_0,type_4,rel_5,1,1,1,1,train:g343,1,6688.0
2853.0,streamspot:g343:n4837,streamspot:g343:n5489,type_0,type_4,rel_5,1,1,1,1,train:g343,1,6835.0
2854.0,streamspot:g343:n4837,streamspot:g343:n5637,type_0,type_4,rel_5,1,1,1,1,train:g343,1,6983.0
2855.0,streamspot:g343:n4837,streamspot:g343:n5650,type_0,type_4,rel_5,1,1,1,1,train:g343,1,6996.0
2856.0,streamspot:g343:n4837,streamspot:g343:n3666,type_0,type_2,rel_10,1,1,1,1,train:g343,1,7247.0
2857.0,streamspot:g343:n4837,streamspot:g343:n2330,type_0,type_2,rel_16,1,1,1,1,train:g343,1,7258.0
2858.0,streamspot:g343:n4837,streamspot:g343:n2467,type_0,type_2,rel_10,1,1,1,1,train:g343,1,7325.0
2859.0,streamspot:g343:n4837,streamspot:g343:n3597,type_0,type_2,rel_10,1,1,1,1,train:g343,1,7478.0
2860.0,streamspot:g343:n6590,streamspot:g343:n6660,type_0,type_2,rel_10,1,1,1,1,train:g343,1,7595.0
2861.0,streamspot:g343:n6590,streamspot:g343:n2335,type_0,type_2,rel_10,1,1,1,1,train:g343,1,7656.0
2862.0,streamspot:g343:n6590,streamspot:g343:n2364,type_0,type_2,rel_10,1,1,1,1,train:g343,1,7689.0
2863.0,streamspot:g343:n6590,streamspot:g343:n2402,type_0,type_2,rel_10,1,1,1,1,train:g343,1,7715.0
2864.0,streamspot:g343:n6590,streamspot:g343:n2542,type_0,type_2,rel_10,1,1,1,1,train:g343,1,7877.0
2865.0,streamspot:g343:n6590,streamspot:g343:n2822,type_0,type_2,rel_10,1,1,1,1,train:g343,1,8172.0
2866.0,streamspot:g343:n6590,streamspot:g343:n3088,type_0,type_2,rel_10,1,1,1,1,train:g343,1,8454.0
2867.0,streamspot:g343:n6590,streamspot:g343:n3147,type_0,type_2,rel_10,1,1,1,1,train:g343,1,8516.0
2868.0,streamspot:g343:n6590,streamspot:g343:n3911,type_0,type_2,rel_10,1,1,1,1,train:g343,1,8975.0
2869.0,streamspot:g343:n6590,streamspot:g343:n3957,type_0,type_2,rel_10,1,1,1,1,train:g343,1,9023.0
2870.0,streamspot:g343:n6590,streamspot:g343:n3984,type_0,type_2,rel_10,1,1,1,1,train:g343,1,9052.0
2871.0,streamspot:g343:n6590,streamspot:g343:n3986,type_0,type_2,rel_10,1,1,1,1,train:g343,1,9054.0
2872.0,streamspot:g343:n6590,streamspot:g343:n7627,type_0,type_2,rel_10,1,1,1,1,train:g343,1,9170.0
2873.0,streamspot:g343:n6590,streamspot:g343:n4078,type_0,type_2,rel_16,1,1,1,1,train:g343,1,9203.0
2874.0,streamspot:g343:n6590,streamspot:g343:n7687,type_0,type_2,rel_10,1,1,1,1,train:g343,1,9273.0
2875.0,streamspot:g343:n6590,streamspot:g343:n7700,type_0,type_2,rel_10,1,1,1,1,train:g343,1,9286.0
2876.0,streamspot:g343:n6590,streamspot:g343:n6059,type_0,type_2,rel_10,1,1,1,1,train:g343,1,9359.0
2877.0,streamspot:g343:n6590,streamspot:g343:n7758,type_0,type_2,rel_10,1,1,1,1,train:g343,1,9441.0
2878.0,streamspot:g343:n6590,streamspot:g343:n6446,type_0,type_2,rel_10,1,1,1,1,train:g343,1,9807.0
2879.0,streamspot:g343:n6731,streamspot:g343:n3661,type_0,type_2,rel_7,1,1,1,1,train:g343,1,10025.0
2880.0,streamspot:g343:n6731,streamspot:g343:n3582,type_0,type_2,rel_10,1,1,1,1,train:g343,1,10323.0
2881.0,streamspot:g343:n6731,streamspot:g343:n3601,type_0,type_2,rel_10,1,1,1,1,train:g343,1,10343.0
2882.0,streamspot:g343:n6731,streamspot:g343:n3606,type_0,type_2,rel_10,1,1,1,1,train:g343,1,10348.0
2883.0,streamspot:g343:n6738,streamspot:g343:n6603,type_1,type_4,rel_19,1,1,1,1,train:g343,1,10351.0
2884.0,streamspot:g343:n6748,streamspot:g343:n6668,type_0,type_2,rel_10,1,1,1,1,train:g343,1,10391.0
2885.0,streamspot:g343:n6773,streamspot:g343:n7063,type_0,type_2,rel_10,1,1,1,1,train:g343,1,10850.0
2886.0,streamspot:g343:n6773,streamspot:g343:n7115,type_0,type_2,rel_10,1,1,1,1,train:g343,1,10902.0
2887.0,streamspot:g343:n6773,streamspot:g343:n7284,type_0,type_2,rel_10,1,1,1,1,train:g343,1,11071.0
2888.0,streamspot:g343:n6773,streamspot:g343:n7345,type_0,type_2,rel_10,1,1,1,1,train:g343,1,11132.0
2889.0,streamspot:g343:n6773,streamspot:g343:n7499,type_0,type_2,rel_10,1,1,1,1,train:g343,1,11286.0
2890.0,streamspot:g343:n6783,streamspot:g343:n6853,type_0,type_2,rel_10,1,1,1,1,train:g343,1,11524.0
2891.0,streamspot:g343:n7854,streamspot:g343:n20,type_0,type_2,rel_8,1,1,1,1,train:g343,1,11530.0
2892.0,streamspot:g343:n7854,streamspot:g343:n7971,type_0,type_4,rel_8,1,1,1,1,train:g343,1,11597.0
2893.0,streamspot:g343:n7854,streamspot:g343:n8101,type_0,type_4,rel_8,1,1,1,1,train:g343,1,11727.0
2894.0,streamspot:g343:n7854,streamspot:g343:n8169,type_0,type_4,rel_8,1,1,1,1,train:g343,1,11795.0
2895.0,streamspot:g343:n7854,streamspot:g343:n8437,type_0,type_4,rel_8,1,1,1,1,train:g343,1,12063.0
2896.0,streamspot:g343:n7854,streamspot:g343:n8641,type_0,type_4,rel_8,1,1,1,1,train:g343,1,12267.0
2897.0,streamspot:g343:n7854,streamspot:g343:n8677,type_0,type_4,rel_8,1,1,1,1,train:g343,1,12303.0
2898.0,streamspot:g343:n7854,streamspot:g343:n8712,type_0,type_4,rel_8,1,1,1,1,train:g343,1,12338.0
2899.0,streamspot:g343:n7854,streamspot:g343:n8835,type_0,type_4,rel_8,1,1,1,1,train:g343,1,12461.0
2900.0,streamspot:g343:n7854,streamspot:g343:n8934,type_0,type_1,rel_4,1,1,1,1,train:g343,1,12558.0
2901.0,streamspot:g383:n0,streamspot:g383:n53,type_0,type_2,rel_10,1,1,1,1,train:g383,1,52.0
2902.0,streamspot:g383:n0,streamspot:g383:n181,type_0,type_2,rel_10,1,1,1,1,train:g383,1,180.0
2903.0,streamspot:g383:n0,streamspot:g383:n337,type_0,type_2,rel_10,1,1,1,1,train:g383,1,336.0
2904.0,streamspot:g383:n0,streamspot:g383:n468,type_0,type_2,rel_10,1,1,1,1,train:g383,1,467.0
2905.0,streamspot:g383:n0,streamspot:g383:n491,type_0,type_2,rel_10,1,1,1,1,train:g383,1,490.0
2906.0,streamspot:g383:n0,streamspot:g383:n897,type_0,type_2,rel_10,1,1,1,1,train:g383,1,896.0
2907.0,streamspot:g383:n0,streamspot:g383:n914,type_0,type_2,rel_10,1,1,1,1,train:g383,1,913.0
2908.0,streamspot:g383:n0,streamspot:g383:n928,type_0,type_2,rel_10,1,1,1,1,train:g383,1,927.0
2909.0,streamspot:g383:n0,streamspot:g383:n1036,type_0,type_2,rel_10,1,1,1,1,train:g383,1,1035.0
2910.0,streamspot:g383:n0,streamspot:g383:n1283,type_0,type_2,rel_10,1,1,1,1,train:g383,1,1282.0
2911.0,streamspot:g383:n0,streamspot:g383:n1292,type_0,type_2,rel_10,1,1,1,1,train:g383,1,1291.0
2912.0,streamspot:g383:n0,streamspot:g383:n1341,type_0,type_2,rel_10,1,1,1,1,train:g383,1,1340.0
2913.0,streamspot:g383:n0,streamspot:g383:n1429,type_0,type_2,rel_10,1,1,1,1,train:g383,1,1428.0
2914.0,streamspot:g383:n0,streamspot:g383:n1604,type_0,type_2,rel_10,1,1,1,1,train:g383,1,1603.0
2915.0,streamspot:g383:n0,streamspot:g383:n1616,type_0,type_2,rel_16,1,1,1,1,train:g383,1,1615.0
2916.0,streamspot:g383:n0,streamspot:g383:n1649,type_0,type_2,rel_10,1,1,1,1,train:g383,1,1648.0
2917.0,streamspot:g383:n0,streamspot:g383:n1862,type_0,type_2,rel_10,1,1,1,1,train:g383,1,1861.0
2918.0,streamspot:g383:n0,streamspot:g383:n1985,type_0,type_2,rel_10,1,1,1,1,train:g383,1,1984.0
2919.0,streamspot:g383:n0,streamspot:g383:n2033,type_0,type_2,rel_10,1,1,1,1,train:g383,1,2032.0
2920.0,streamspot:g383:n0,streamspot:g383:n2085,type_0,type_2,rel_16,1,1,1,1,train:g383,1,2084.0
2921.0,streamspot:g383:n0,streamspot:g383:n2123,type_0,type_2,rel_10,1,1,1,1,train:g383,1,2122.0
2922.0,streamspot:g383:n2283,streamspot:g383:n2669,type_0,type_2,rel_10,1,1,1,1,train:g383,1,2734.0
2923.0,streamspot:g383:n2283,streamspot:g383:n2686,type_0,type_2,rel_10,1,1,1,1,train:g383,1,2751.0
2924.0,streamspot:g383:n2283,streamspot:g383:n2690,type_0,type_2,rel_10,1,1,1,1,train:g383,1,2755.0
2925.0,streamspot:g383:n2283,streamspot:g383:n2878,type_0,type_2,rel_10,1,1,1,1,train:g383,1,2943.0
2926.0,streamspot:g383:n2283,streamspot:g383:n3091,type_0,type_2,rel_10,1,1,1,1,train:g383,1,3158.0
2927.0,streamspot:g383:n2283,streamspot:g383:n3188,type_0,type_2,rel_10,1,1,1,1,train:g383,1,3255.0
2928.0,streamspot:g383:n2283,streamspot:g383:n3228,type_0,type_2,rel_10,1,1,1,1,train:g383,1,3295.0
2929.0,streamspot:g383:n2283,streamspot:g383:n3566,type_0,type_2,rel_10,1,1,1,1,train:g383,1,3495.0
2930.0,streamspot:g383:n2283,streamspot:g383:n3580,type_0,type_2,rel_10,1,1,1,1,train:g383,1,3509.0
2931.0,streamspot:g383:n2283,streamspot:g383:n3607,type_0,type_2,rel_1,1,1,1,1,train:g383,1,3536.0
2932.0,streamspot:g383:n2283,streamspot:g383:n3836,type_0,type_2,rel_1,1,1,1,1,train:g383,1,3585.0
2933.0,streamspot:g383:n2283,streamspot:g383:n3842,type_0,type_2,rel_1,1,1,1,1,train:g383,1,3591.0
2934.0,streamspot:g383:n2283,streamspot:g383:n3745,type_0,type_2,rel_16,1,1,1,1,train:g383,1,3840.0
2935.0,streamspot:g383:n2283,streamspot:g383:n4137,type_0,type_2,rel_10,1,1,1,1,train:g383,1,3918.0
2936.0,streamspot:g383:n2283,streamspot:g383:n2268,type_0,type_2,rel_16,1,1,1,1,train:g383,1,4208.0
2937.0,streamspot:g383:n2283,streamspot:g383:n4744,type_0,type_2,rel_10,1,1,1,1,train:g383,1,4498.0
2938.0,streamspot:g383:n2283,streamspot:g383:n4792,type_0,type_2,rel_10,1,1,1,1,train:g383,1,4547.0
2939.0,streamspot:g383:n2283,streamspot:g383:n4799,type_0,type_2,rel_10,1,1,1,1,train:g383,1,4554.0
2940.0,streamspot:g383:n2283,streamspot:g383:n5897,type_0,type_1,rel_4,1,1,1,1,train:g383,1,4663.0
2941.0,streamspot:g383:n2283,streamspot:g383:n6155,type_0,type_2,rel_10,1,1,1,1,train:g383,1,4911.0
2942.0,streamspot:g383:n2283,streamspot:g383:n6353,type_0,type_2,rel_10,1,1,1,1,train:g383,1,5109.0
2943.0,streamspot:g383:n2283,streamspot:g383:n6578,type_0,type_2,rel_10,1,1,1,1,train:g383,1,5334.0
2944.0,streamspot:g383:n3347,streamspot:g383:n3819,type_0,type_2,rel_16,1,1,1,1,train:g383,1,5627.0
2945.0,streamspot:g383:n3639,streamspot:g383:n3579,type_0,type_2,rel_10,1,1,1,1,train:g383,1,5910.0
2946.0,streamspot:g383:n4379,streamspot:g383:n4387,type_1,type_2,rel_1,1,1,1,1,train:g383,1,5973.0
2947.0,streamspot:g383:n4536,streamspot:g383:n4691,type_1,type_2,rel_10,1,1,1,1,train:g383,1,5997.0
2948.0,streamspot:g383:n4547,streamspot:g383:n4228,type_1,type_2,rel_19,1,1,1,1,train:g383,1,6039.0
2949.0,streamspot:g383:n4661,streamspot:g383:n6,type_1,type_2,rel_9,1,1,1,1,train:g383,1,6095.0
2950.0,streamspot:g383:n4840,streamspot:g383:n5101,type_0,type_4,rel_5,1,1,1,1,train:g383,1,6449.0
2951.0,streamspot:g383:n4840,streamspot:g383:n5153,type_0,type_4,rel_5,1,1,1,1,train:g383,1,6501.0
2952.0,streamspot:g383:n4840,streamspot:g383:n5321,type_0,type_4,rel_5,1,1,1,1,train:g383,1,6669.0
2953.0,streamspot:g383:n4840,streamspot:g383:n5458,type_0,type_4,rel_5,1,1,1,1,train:g383,1,6806.0
2954.0,streamspot:g383:n4840,streamspot:g383:n5549,type_0,type_4,rel_5,1,1,1,1,train:g383,1,6897.0
2955.0,streamspot:g383:n4840,streamspot:g383:n5567,type_0,type_4,rel_5,1,1,1,1,train:g383,1,6915.0
2956.0,streamspot:g383:n4840,streamspot:g383:n5711,type_0,type_4,rel_5,1,1,1,1,train:g383,1,7059.0
2957.0,streamspot:g383:n4840,streamspot:g383:n5718,type_0,type_4,rel_5,1,1,1,1,train:g383,1,7066.0
2958.0,streamspot:g383:n4840,streamspot:g383:n5805,type_0,type_4,rel_5,1,1,1,1,train:g383,1,7153.0
2959.0,streamspot:g383:n4840,streamspot:g383:n2338,type_0,type_2,rel_16,1,1,1,1,train:g383,1,7271.0
2960.0,streamspot:g383:n4840,streamspot:g383:n3294,type_0,type_2,rel_10,1,1,1,1,train:g383,1,7388.0
2961.0,streamspot:g383:n4840,streamspot:g383:n3602,type_0,type_2,rel_10,1,1,1,1,train:g383,1,7488.0
2962.0,streamspot:g383:n6593,streamspot:g383:n6655,type_0,type_2,rel_10,1,1,1,1,train:g383,1,7592.0
2963.0,streamspot:g383:n6593,streamspot:g383:n2417,type_0,type_2,rel_10,1,1,1,1,train:g383,1,7735.0
2964.0,streamspot:g383:n6593,streamspot:g383:n2462,type_0,type_2,rel_10,1,1,1,1,train:g383,1,7785.0
2965.0,streamspot:g383:n6593,streamspot:g383:n2730,type_0,type_2,rel_10,1,1,1,1,train:g383,1,8080.0
2966.0,streamspot:g383:n6593,streamspot:g383:n2734,type_0,type_2,rel_10,1,1,1,1,train:g383,1,8085.0
2967.0,streamspot:g383:n6593,streamspot:g383:n2804,type_0,type_2,rel_10,1,1,1,1,train:g383,1,8158.0
2968.0,streamspot:g383:n6593,streamspot:g383:n3043,type_0,type_2,rel_10,1,1,1,1,train:g383,1,8412.0
2969.0,streamspot:g383:n6593,streamspot:g383:n3069,type_0,type_2,rel_10,1,1,1,1,train:g383,1,8439.0
2970.0,streamspot:g383:n6593,streamspot:g383:n6731,type_0,type_2,rel_10,1,1,1,1,train:g383,1,8815.0
2971.0,streamspot:g383:n6593,streamspot:g383:n3582,type_0,type_2,rel_10,1,1,1,1,train:g383,1,8830.0
2972.0,streamspot:g383:n6593,streamspot:g383:n3657,type_0,type_2,rel_10,1,1,1,1,train:g383,1,8896.0
2973.0,streamspot:g383:n6593,streamspot:g383:n3843,type_0,type_2,rel_1,1,1,1,1,train:g383,1,8910.0
2974.0,streamspot:g383:n6593,streamspot:g383:n3851,type_0,type_2,rel_1,1,1,1,1,train:g383,1,8918.0
2975.0,streamspot:g383:n6593,streamspot:g383:n3887,type_0,type_2,rel_10,1,1,1,1,train:g383,1,8955.0
2976.0,streamspot:g383:n6593,streamspot:g383:n3969,type_0,type_2,rel_10,1,1,1,1,train:g383,1,9041.0
2977.0,streamspot:g383:n6593,streamspot:g383:n6068,type_0,type_2,rel_10,1,1,1,1,train:g383,1,9371.0
2978.0,streamspot:g383:n6593,streamspot:g383:n7752,type_0,type_2,rel_10,1,1,1,1,train:g383,1,9421.0
2979.0,streamspot:g383:n6593,streamspot:g383:n6247,type_0,type_2,rel_10,1,1,1,1,train:g383,1,9599.0
2980.0,streamspot:g383:n6593,streamspot:g383:n6331,type_0,type_2,rel_10,1,1,1,1,train:g383,1,9628.0
2981.0,streamspot:g383:n6593,streamspot:g383:n6296,type_0,type_2,rel_10,1,1,1,1,train:g383,1,9751.0
2982.0,streamspot:g383:n6593,streamspot:g383:n6303,type_0,type_2,rel_10,1,1,1,1,train:g383,1,9758.0
2983.0,streamspot:g383:n6593,streamspot:g383:n6455,type_0,type_2,rel_10,1,1,1,1,train:g383,1,9818.0
2984.0,streamspot:g383:n6734,streamspot:g383:n2302,type_0,type_2,rel_10,1,1,1,1,train:g383,1,10083.0
2985.0,streamspot:g383:n6734,streamspot:g383:n2309,type_0,type_2,rel_16,1,1,1,1,train:g383,1,10090.0
2986.0,streamspot:g383:n6734,streamspot:g383:n3536,type_0,type_2,rel_10,1,1,1,1,train:g383,1,10279.0
2987.0,streamspot:g383:n6751,streamspot:g383:n6785,type_0,type_2,rel_16,1,1,1,1,train:g383,1,10493.0
2988.0,streamspot:g383:n6776,streamspot:g383:n6820,type_0,type_2,rel_10,1,1,1,1,train:g383,1,10611.0
2989.0,streamspot:g383:n6776,streamspot:g383:n6885,type_0,type_2,rel_16,1,1,1,1,train:g383,1,10673.0
2990.0,streamspot:g383:n6776,streamspot:g383:n7010,type_0,type_2,rel_10,1,1,1,1,train:g383,1,10798.0
2991.0,streamspot:g383:n6776,streamspot:g383:n7038,type_0,type_2,rel_10,1,1,1,1,train:g383,1,10826.0
2992.0,streamspot:g383:n6776,streamspot:g383:n7081,type_0,type_2,rel_16,1,1,1,1,train:g383,1,10869.0
2993.0,streamspot:g383:n6776,streamspot:g383:n7108,type_0,type_2,rel_10,1,1,1,1,train:g383,1,10896.0
2994.0,streamspot:g383:n6776,streamspot:g383:n7137,type_0,type_2,rel_16,1,1,1,1,train:g383,1,10925.0
2995.0,streamspot:g383:n6776,streamspot:g383:n7428,type_0,type_2,rel_10,1,1,1,1,train:g383,1,11216.0
2996.0,streamspot:g383:n6776,streamspot:g383:n7466,type_0,type_2,rel_10,1,1,1,1,train:g383,1,11254.0
2997.0,streamspot:g383:n6776,streamspot:g383:n7507,type_0,type_2,rel_10,1,1,1,1,train:g383,1,11295.0
2998.0,streamspot:g383:n6776,streamspot:g383:n7529,type_0,type_2,rel_16,1,1,1,1,train:g383,1,11317.0
2999.0,streamspot:g383:n6786,streamspot:g383:n2291,type_0,type_2,rel_16,1,1,1,1,train:g383,1,11411.0
3000.0,streamspot:g383:n6786,streamspot:g383:n2297,type_0,type_2,rel_16,1,1,1,1,train:g383,1,11417.0
3001.0,streamspot:g399:n0,streamspot:g399:n122,type_0,type_2,rel_10,1,1,1,1,train:g399,1,121.0
3002.0,streamspot:g399:n0,streamspot:g399:n195,type_0,type_2,rel_10,1,1,1,1,train:g399,1,194.0
3003.0,streamspot:g399:n0,streamspot:g399:n344,type_0,type_2,rel_16,1,1,1,1,train:g399,1,343.0
3004.0,streamspot:g399:n0,streamspot:g399:n452,type_0,type_2,rel_10,1,1,1,1,train:g399,1,451.0
3005.0,streamspot:g399:n0,streamspot:g399:n1106,type_0,type_2,rel_10,1,1,1,1,train:g399,1,1105.0
3006.0,streamspot:g399:n0,streamspot:g399:n1251,type_0,type_2,rel_10,1,1,1,1,train:g399,1,1250.0
3007.0,streamspot:g399:n0,streamspot:g399:n1284,type_0,type_2,rel_10,1,1,1,1,train:g399,1,1283.0
3008.0,streamspot:g399:n0,streamspot:g399:n1505,type_0,type_2,rel_10,1,1,1,1,train:g399,1,1504.0
3009.0,streamspot:g399:n0,streamspot:g399:n1728,type_0,type_2,rel_10,1,1,1,1,train:g399,1,1727.0
3010.0,streamspot:g399:n0,streamspot:g399:n2098,type_0,type_2,rel_10,1,1,1,1,train:g399,1,2097.0
3011.0,streamspot:g399:n2283,streamspot:g399:n2664,type_0,type_2,rel_10,1,1,1,1,train:g399,1,2729.0
3012.0,streamspot:g399:n2283,streamspot:g399:n2798,type_0,type_2,rel_10,1,1,1,1,train:g399,1,2863.0
3013.0,streamspot:g399:n2283,streamspot:g399:n3007,type_0,type_2,rel_10,1,1,1,1,train:g399,1,3073.0
3014.0,streamspot:g399:n2283,streamspot:g399:n3054,type_0,type_2,rel_10,1,1,1,1,train:g399,1,3121.0
3015.0,streamspot:g399:n2283,streamspot:g399:n3055,type_0,type_2,rel_10,1,1,1,1,train:g399,1,3122.0
3016.0,streamspot:g399:n2283,streamspot:g399:n3079,type_0,type_2,rel_10,1,1,1,1,train:g399,1,3146.0
3017.0,streamspot:g399:n2283,streamspot:g399:n3134,type_0,type_2,rel_10,1,1,1,1,train:g399,1,3201.0
3018.0,streamspot:g399:n2283,streamspot:g399:n3525,type_0,type_2,rel_10,1,1,1,1,train:g399,1,3455.0
3019.0,streamspot:g399:n2283,streamspot:g399:n3537,type_0,type_2,rel_10,1,1,1,1,train:g399,1,3466.0
3020.0,streamspot:g399:n2283,streamspot:g399:n3920,type_0,type_2,rel_10,1,1,1,1,train:g399,1,3669.0
3021.0,streamspot:g399:n2283,streamspot:g399:n4348,type_0,type_2,rel_16,1,1,1,1,train:g399,1,4130.0
3022.0,streamspot:g399:n2283,streamspot:g399:n2256,type_0,type_2,rel_16,1,1,1,1,train:g399,1,4196.0
3023.0,streamspot:g399:n2283,streamspot:g399:n4465,type_0,type_2,rel_16,1,1,1,1,train:g399,1,4277.0
3024.0,streamspot:g399:n2283,streamspot:g399:n4554,type_0,type_2,rel_16,1,1,1,1,train:g399,1,4366.0
3025.0,streamspot:g399:n2283,streamspot:g399:n4655,type_0,type_1,rel_4,1,1,1,1,train:g399,1,4466.0
3026.0,streamspot:g399:n2283,streamspot:g399:n4734,type_0,type_2,rel_10,1,1,1,1,train:g399,1,4489.0
3027.0,streamspot:g399:n2283,streamspot:g399:n4758,type_0,type_2,rel_10,1,1,1,1,train:g399,1,4514.0
3028.0,streamspot:g399:n2283,streamspot:g399:n5977,type_0,type_2,rel_10,1,1,1,1,train:g399,1,4735.0
3029.0,streamspot:g399:n2283,streamspot:g399:n6087,type_0,type_2,rel_10,1,1,1,1,train:g399,1,4845.0
3030.0,streamspot:g399:n3347,streamspot:g399:n3797,type_0,type_2,rel_16,1,1,1,1,train:g399,1,5604.0
3031.0,streamspot:g399:n3347,streamspot:g399:n3812,type_0,type_2,rel_10,1,1,1,1,train:g399,1,5619.0
3032.0,streamspot:g399:n3639,streamspot:g399:n2340,type_0,type_2,rel_16,1,1,1,1,train:g399,1,5717.0
3033.0,streamspot:g399:n3639,streamspot:g399:n2460,type_0,type_2,rel_10,1,1,1,1,train:g399,1,5767.0
3034.0,streamspot:g399:n3639,streamspot:g399:n2463,type_0,type_2,rel_10,1,1,1,1,train:g399,1,5770.0
3035.0,streamspot:g399:n3639,streamspot:g399:n3561,type_0,type_2,rel_10,1,1,1,1,train:g399,1,5891.0
3036.0,streamspot:g399:n4145,streamspot:g399:n4154,type_1,type_4,rel_11,1,1,1,1,train:g399,1,5944.0
3037.0,streamspot:g399:n4546,streamspot:g399:n4674,type_1,type_2,rel_10,1,1,1,1,train:g399,1,6038.0
3038.0,streamspot:g399:n4661,streamspot:g399:n4686,type_1,type_2,rel_10,1,1,1,1,train:g399,1,6109.0
3039.0,streamspot:g399:n4837,streamspot:g399:n4879,type_0,type_4,rel_5,1,1,1,1,train:g399,1,6225.0
3040.0,streamspot:g399:n4837,streamspot:g399:n4895,type_0,type_4,rel_5,1,1,1,1,train:g399,1,6241.0
3041.0,streamspot:g399:n4837,streamspot:g399:n5000,type_0,type_4,rel_5,1,1,1,1,train:g399,1,6346.0
3042.0,streamspot:g399:n4837,streamspot:g399:n5091,type_0,type_4,rel_5,1,1,1,1,train:g399,1,6437.0
3043.0,streamspot:g399:n4837,streamspot:g399:n5158,type_0,type_4,rel_5,1,1,1,1,train:g399,1,6504.0
3044.0,streamspot:g399:n4837,streamspot:g399:n5253,type_0,type_4,rel_5,1,1,1,1,train:g399,1,6599.0
3045.0,streamspot:g399:n4837,streamspot:g399:n5272,type_0,type_4,rel_5,1,1,1,1,train:g399,1,6618.0
3046.0,streamspot:g399:n4837,streamspot:g399:n5273,type_0,type_4,rel_5,1,1,1,1,train:g399,1,6619.0
3047.0,streamspot:g399:n4837,streamspot:g399:n5351,type_0,type_4,rel_5,1,1,1,1,train:g399,1,6697.0
3048.0,streamspot:g399:n4837,streamspot:g399:n5447,type_0,type_4,rel_5,1,1,1,1,train:g399,1,6793.0
3049.0,streamspot:g399:n4837,streamspot:g399:n5451,type_0,type_4,rel_5,1,1,1,1,train:g399,1,6797.0
3050.0,streamspot:g399:n4837,streamspot:g399:n5716,type_0,type_4,rel_5,1,1,1,1,train:g399,1,7062.0
3051.0,streamspot:g399:n4837,streamspot:g399:n5719,type_0,type_4,rel_5,1,1,1,1,train:g399,1,7065.0
3052.0,streamspot:g399:n4837,streamspot:g399:n5738,type_0,type_4,rel_5,1,1,1,1,train:g399,1,7084.0
3053.0,streamspot:g399:n4837,streamspot:g399:n5793,type_0,type_4,rel_5,1,1,1,1,train:g399,1,7139.0
3054.0,streamspot:g399:n4837,streamspot:g399:n5807,type_0,type_4,rel_5,1,1,1,1,train:g399,1,7153.0
3055.0,streamspot:g399:n4837,streamspot:g399:n5836,type_0,type_4,rel_5,1,1,1,1,train:g399,1,7182.0
3056.0,streamspot:g399:n4837,streamspot:g399:n2312,type_0,type_2,rel_10,1,1,1,1,train:g399,1,7239.0
3057.0,streamspot:g399:n4837,streamspot:g399:n9,type_0,type_2,rel_10,1,1,1,1,train:g399,1,7370.0
3058.0,streamspot:g399:n4837,streamspot:g399:n3305,type_0,type_2,rel_10,1,1,1,1,train:g399,1,7394.0
3059.0,streamspot:g399:n6590,streamspot:g399:n6621,type_0,type_4,rel_5,1,1,1,1,train:g399,1,7555.0
3060.0,streamspot:g399:n6590,streamspot:g399:n6623,type_0,type_4,rel_5,1,1,1,1,train:g399,1,7557.0
3061.0,streamspot:g399:n6590,streamspot:g399:n2401,type_0,type_2,rel_10,1,1,1,1,train:g399,1,7715.0
3062.0,streamspot:g399:n6590,streamspot:g399:n2590,type_0,type_2,rel_10,1,1,1,1,train:g399,1,7929.0
3063.0,streamspot:g399:n6590,streamspot:g399:n2794,type_0,type_2,rel_10,1,1,1,1,train:g399,1,8144.0
3064.0,streamspot:g399:n6590,streamspot:g399:n2848,type_0,type_2,rel_10,1,1,1,1,train:g399,1,8201.0
3065.0,streamspot:g399:n6590,streamspot:g399:n2876,type_0,type_2,rel_10,1,1,1,1,train:g399,1,8230.0
3066.0,streamspot:g399:n6590,streamspot:g399:n3028,type_0,type_2,rel_10,1,1,1,1,train:g399,1,8391.0
3067.0,streamspot:g399:n6590,streamspot:g399:n3177,type_0,type_2,rel_10,1,1,1,1,train:g399,1,8549.0
3068.0,streamspot:g399:n6590,streamspot:g399:n3315,type_0,type_2,rel_10,1,1,1,1,train:g399,1,8694.0
3069.0,streamspot:g399:n6590,streamspot:g399:n3439,type_0,type_2,rel_10,1,1,1,1,train:g399,1,8757.0
3070.0,streamspot:g399:n6590,streamspot:g399:n3906,type_0,type_2,rel_10,1,1,1,1,train:g399,1,8971.0
3071.0,streamspot:g399:n6590,streamspot:g399:n4003,type_0,type_2,rel_10,1,1,1,1,train:g399,1,9073.0
3072.0,streamspot:g399:n6590,streamspot:g399:n7591,type_0,type_2,rel_10,1,1,1,1,train:g399,1,9118.0
3073.0,streamspot:g399:n6590,streamspot:g399:n4072,type_0,type_2,rel_16,1,1,1,1,train:g399,1,9198.0
3074.0,streamspot:g399:n6590,streamspot:g399:n7643,type_0,type_2,rel_10,1,1,1,1,train:g399,1,9211.0
3075.0,streamspot:g399:n6590,streamspot:g399:n6027,type_0,type_2,rel_10,1,1,1,1,train:g399,1,9327.0
3076.0,streamspot:g399:n6590,streamspot:g399:n6122,type_0,type_2,rel_10,1,1,1,1,train:g399,1,9427.0
3077.0,streamspot:g399:n6590,streamspot:g399:n6135,type_0,type_2,rel_10,1,1,1,1,train:g399,1,9440.0
3078.0,streamspot:g399:n6590,streamspot:g399:n7814,type_0,type_2,rel_10,1,1,1,1,train:g399,1,9928.0
3079.0,streamspot:g399:n6731,streamspot:g399:n6664,type_0,type_2,rel_10,1,1,1,1,train:g399,1,10058.0
3080.0,streamspot:g399:n6731,streamspot:g399:n2358,type_0,type_2,rel_10,1,1,1,1,train:g399,1,10160.0
3081.0,streamspot:g399:n6731,streamspot:g399:n3598,type_0,type_2,rel_10,1,1,1,1,train:g399,1,10341.0
3082.0,streamspot:g399:n6748,streamspot:g399:n2289,type_0,type_2,rel_16,1,1,1,1,train:g399,1,10397.0
3083.0,streamspot:g399:n6748,streamspot:g399:n2468,type_0,type_2,rel_10,1,1,1,1,train:g399,1,10469.0
3084.0,streamspot:g399:n6773,streamspot:g399:n6666,type_0,type_2,rel_10,1,1,1,1,train:g399,1,10525.0
3085.0,streamspot:g399:n6773,streamspot:g399:n6869,type_0,type_2,rel_10,1,1,1,1,train:g399,1,10657.0
3086.0,streamspot:g399:n6773,streamspot:g399:n6975,type_0,type_2,rel_10,1,1,1,1,train:g399,1,10763.0
3087.0,streamspot:g399:n6773,streamspot:g399:n7098,type_0,type_2,rel_16,1,1,1,1,train:g399,1,10886.0
3088.0,streamspot:g399:n6773,streamspot:g399:n7272,type_0,type_2,rel_10,1,1,1,1,train:g399,1,11060.0
3089.0,streamspot:g399:n6773,streamspot:g399:n7404,type_0,type_2,rel_10,1,1,1,1,train:g399,1,11192.0
3090.0,streamspot:g399:n6783,streamspot:g399:n6658,type_0,type_2,rel_10,1,1,1,1,train:g399,1,11391.0
3091.0,streamspot:g399:n6783,streamspot:g399:n2378,type_0,type_2,rel_10,1,1,1,1,train:g399,1,11480.0
3092.0,streamspot:g399:n7850,streamspot:g399:n7964,type_0,type_4,rel_8,1,1,1,1,train:g399,1,11591.0
3093.0,streamspot:g399:n7850,streamspot:g399:n8096,type_0,type_4,rel_8,1,1,1,1,train:g399,1,11723.0
3094.0,streamspot:g399:n7850,streamspot:g399:n8156,type_0,type_4,rel_8,1,1,1,1,train:g399,1,11783.0
3095.0,streamspot:g399:n7850,streamspot:g399:n8239,type_0,type_4,rel_8,1,1,1,1,train:g399,1,11866.0
3096.0,streamspot:g399:n7850,streamspot:g399:n8461,type_0,type_4,rel_8,1,1,1,1,train:g399,1,12088.0
3097.0,streamspot:g399:n7850,streamspot:g399:n8650,type_0,type_4,rel_8,1,1,1,1,train:g399,1,12277.0
3098.0,streamspot:g399:n7850,streamspot:g399:n8674,type_0,type_4,rel_8,1,1,1,1,train:g399,1,12301.0
3099.0,streamspot:g399:n7850,streamspot:g399:n8764,type_0,type_4,rel_8,1,1,1,1,train:g399,1,12391.0
3100.0,streamspot:g399:n7850,streamspot:g399:n8871,type_0,type_4,rel_8,1,1,1,1,train:g399,1,12498.0
3101.0,streamspot:g391:n0,streamspot:g391:n57,type_0,type_2,rel_10,1,1,1,1,train:g391,1,56.0
3102.0,streamspot:g391:n0,streamspot:g391:n62,type_0,type_2,rel_10,1,1,1,1,train:g391,1,61.0
3103.0,streamspot:g391:n0,streamspot:g391:n74,type_0,type_2,rel_16,1,1,1,1,train:g391,1,73.0
3104.0,streamspot:g391:n0,streamspot:g391:n562,type_0,type_2,rel_10,1,1,1,1,train:g391,1,561.0
3105.0,streamspot:g391:n0,streamspot:g391:n716,type_0,type_2,rel_10,1,1,1,1,train:g391,1,715.0
3106.0,streamspot:g391:n0,streamspot:g391:n725,type_0,type_2,rel_10,1,1,1,1,train:g391,1,724.0
3107.0,streamspot:g391:n0,streamspot:g391:n761,type_0,type_2,rel_10,1,1,1,1,train:g391,1,760.0
3108.0,streamspot:g391:n0,streamspot:g391:n813,type_0,type_2,rel_10,1,1,1,1,train:g391,1,812.0
3109.0,streamspot:g391:n0,streamspot:g391:n859,type_0,type_2,rel_10,1,1,1,1,train:g391,1,858.0
3110.0,streamspot:g391:n0,streamspot:g391:n1021,type_0,type_2,rel_16,1,1,1,1,train:g391,1,1020.0
3111.0,streamspot:g391:n0,streamspot:g391:n1215,type_0,type_2,rel_10,1,1,1,1,train:g391,1,1214.0
3112.0,streamspot:g391:n0,streamspot:g391:n1244,type_0,type_2,rel_16,1,1,1,1,train:g391,1,1243.0
3113.0,streamspot:g391:n0,streamspot:g391:n1280,type_0,type_2,rel_16,1,1,1,1,train:g391,1,1279.0
3114.0,streamspot:g391:n0,streamspot:g391:n1585,type_0,type_2,rel_16,1,1,1,1,train:g391,1,1584.0
3115.0,streamspot:g391:n0,streamspot:g391:n1673,type_0,type_2,rel_10,1,1,1,1,train:g391,1,1672.0
3116.0,streamspot:g391:n0,streamspot:g391:n1842,type_0,type_2,rel_10,1,1,1,1,train:g391,1,1841.0
3117.0,streamspot:g391:n0,streamspot:g391:n1843,type_0,type_2,rel_10,1,1,1,1,train:g391,1,1842.0
3118.0,streamspot:g391:n0,streamspot:g391:n1922,type_0,type_2,rel_10,1,1,1,1,train:g391,1,1921.0
3119.0,streamspot:g391:n0,streamspot:g391:n2068,type_0,type_2,rel_10,1,1,1,1,train:g391,1,2067.0
3120.0,streamspot:g391:n2283,streamspot:g391:n2597,type_0,type_2,rel_10,1,1,1,1,train:g391,1,2662.0
3121.0,streamspot:g391:n2283,streamspot:g391:n2648,type_0,type_2,rel_10,1,1,1,1,train:g391,1,2713.0
3122.0,streamspot:g391:n2283,streamspot:g391:n2686,type_0,type_2,rel_10,1,1,1,1,train:g391,1,2751.0
3123.0,streamspot:g391:n2283,streamspot:g391:n3069,type_0,type_2,rel_10,1,1,1,1,train:g391,1,3136.0
3124.0,streamspot:g391:n2283,streamspot:g391:n3263,type_0,type_2,rel_10,1,1,1,1,train:g391,1,3330.0
3125.0,streamspot:g391:n2283,streamspot:g391:n3320,type_0,type_2,rel_10,1,1,1,1,train:g391,1,3387.0
3126.0,streamspot:g391:n2283,streamspot:g391:n4240,type_0,type_2,rel_10,1,1,1,1,train:g391,1,4021.0
3127.0,streamspot:g391:n2283,streamspot:g391:n4260,type_0,type_2,rel_10,1,1,1,1,train:g391,1,4041.0
3128.0,streamspot:g391:n2283,streamspot:g391:n4309,type_0,type_2,rel_10,1,1,1,1,train:g391,1,4090.0
3129.0,streamspot:g391:n2283,streamspot:g391:n4462,type_0,type_2,rel_16,1,1,1,1,train:g391,1,4273.0
3130.0,streamspot:g391:n2283,streamspot:g391:n4619,type_0,type_2,rel_10,1,1,1,1,train:g391,1,4430.0
3131.0,streamspot:g391:n2283,streamspot:g391:n5887,type_0,type_2,rel_10,1,1,1,1,train:g391,1,4660.0
3132.0,streamspot:g391:n2283,streamspot:g391:n5900,type_0,type_1,rel_4,1,1,1,1,train:g391,1,4667.0
3133.0,streamspot:g391:n2283,streamspot:g391:n5946,type_0,type_2,rel_10,1,1,1,1,train:g391,1,4703.0
3134.0,streamspot:g391:n2283,streamspot:g391:n5975,type_0,type_2,rel_10,1,1,1,1,train:g391,1,4732.0
3135.0,streamspot:g391:n2283,streamspot:g391:n6043,type_0,type_2,rel_10,1,1,1,1,train:g391,1,4800.0
3136.0,streamspot:g391:n2283,streamspot:g391:n6222,type_0,type_2,rel_10,1,1,1,1,train:g391,1,4979.0
3137.0,streamspot:g391:n2283,streamspot:g391:n6387,type_0,type_2,rel_10,1,1,1,1,train:g391,1,5144.0
3138.0,streamspot:g391:n2283,streamspot:g391:n6415,type_0,type_2,rel_10,1,1,1,1,train:g391,1,5172.0
3139.0,streamspot:g391:n3347,streamspot:g391:n3375,type_0,type_2,rel_10,1,1,1,1,train:g391,1,5375.0
3140.0,streamspot:g391:n3347,streamspot:g391:n3698,type_0,type_2,rel_10,1,1,1,1,train:g391,1,5508.0
3141.0,streamspot:g391:n3347,streamspot:g391:n3715,type_0,type_2,rel_10,1,1,1,1,train:g391,1,5525.0
3142.0,streamspot:g391:n3639,streamspot:g391:n2292,type_0,type_2,rel_10,1,1,1,1,train:g391,1,5668.0
3143.0,streamspot:g391:n3639,streamspot:g391:n2303,type_0,type_2,rel_16,1,1,1,1,train:g391,1,5679.0
3144.0,streamspot:g391:n3639,streamspot:g391:n2307,type_0,type_2,rel_16,1,1,1,1,train:g391,1,5683.0
3145.0,streamspot:g391:n3639,streamspot:g391:n3583,type_0,type_2,rel_10,1,1,1,1,train:g391,1,5913.0
3146.0,streamspot:g391:n4536,streamspot:g391:n4686,type_1,type_2,rel_10,1,1,1,1,train:g391,1,5992.0
3147.0,streamspot:g391:n4658,streamspot:g391:n6,type_1,type_2,rel_9,1,1,1,1,train:g391,1,6088.0
3148.0,streamspot:g391:n4662,streamspot:g391:n4710,type_1,type_2,rel_10,1,1,1,1,train:g391,1,6135.0
3149.0,streamspot:g391:n4837,streamspot:g391:n4907,type_0,type_4,rel_5,1,1,1,1,train:g391,1,6257.0
3150.0,streamspot:g391:n4837,streamspot:g391:n4983,type_0,type_4,rel_5,1,1,1,1,train:g391,1,6333.0
3151.0,streamspot:g391:n4837,streamspot:g391:n5007,type_0,type_4,rel_5,1,1,1,1,train:g391,1,6357.0
3152.0,streamspot:g391:n4837,streamspot:g391:n5166,type_0,type_4,rel_5,1,1,1,1,train:g391,1,6516.0
3153.0,streamspot:g391:n4837,streamspot:g391:n5269,type_0,type_4,rel_5,1,1,1,1,train:g391,1,6619.0
3154.0,streamspot:g391:n4837,streamspot:g391:n5614,type_0,type_4,rel_5,1,1,1,1,train:g391,1,6964.0
3155.0,streamspot:g391:n4837,streamspot:g391:n5729,type_0,type_4,rel_5,1,1,1,1,train:g391,1,7079.0
3156.0,streamspot:g391:n4837,streamspot:g391:n2344,type_0,type_2,rel_16,1,1,1,1,train:g391,1,7276.0
3157.0,streamspot:g391:n4837,streamspot:g391:n3305,type_0,type_2,rel_10,1,1,1,1,train:g391,1,7398.0
3158.0,streamspot:g391:n4837,streamspot:g391:n3316,type_0,type_2,rel_10,1,1,1,1,train:g391,1,7409.0
3159.0,streamspot:g391:n4837,streamspot:g391:n3535,type_0,type_2,rel_10,1,1,1,1,train:g391,1,7420.0
3160.0,streamspot:g391:n6591,streamspot:g391:n6643,type_0,type_2,rel_10,1,1,1,1,train:g391,1,7580.0
3161.0,streamspot:g391:n6591,streamspot:g391:n2510,type_0,type_2,rel_10,1,1,1,1,train:g391,1,7827.0
3162.0,streamspot:g391:n6591,streamspot:g391:n2386,type_0,type_2,rel_10,1,1,1,1,train:g391,1,7846.0
3163.0,streamspot:g391:n6591,streamspot:g391:n2535,type_0,type_2,rel_10,1,1,1,1,train:g391,1,7873.0
3164.0,streamspot:g391:n6591,streamspot:g391:n2791,type_0,type_2,rel_10,1,1,1,1,train:g391,1,8143.0
3165.0,streamspot:g391:n6591,streamspot:g391:n2906,type_0,type_2,rel_10,1,1,1,1,train:g391,1,8264.0
3166.0,streamspot:g391:n6591,streamspot:g391:n2954,type_0,type_2,rel_10,1,1,1,1,train:g391,1,8314.0
3167.0,streamspot:g391:n6591,streamspot:g391:n3010,type_0,type_2,rel_10,1,1,1,1,train:g391,1,8374.0
3168.0,streamspot:g391:n6591,streamspot:g391:n3062,type_0,type_2,rel_10,1,1,1,1,train:g391,1,8430.0
3169.0,streamspot:g391:n6591,streamspot:g391:n3142,type_0,type_2,rel_10,1,1,1,1,train:g391,1,8514.0
3170.0,streamspot:g391:n6591,streamspot:g391:n3185,type_0,type_2,rel_10,1,1,1,1,train:g391,1,8559.0
3171.0,streamspot:g391:n6591,streamspot:g391:n3217,type_0,type_2,rel_10,1,1,1,1,train:g391,1,8593.0
3172.0,streamspot:g391:n6591,streamspot:g391:n3404,type_0,type_2,rel_10,1,1,1,1,train:g391,1,8741.0
3173.0,streamspot:g391:n6591,streamspot:g391:n3425,type_0,type_2,rel_10,1,1,1,1,train:g391,1,8749.0
3174.0,streamspot:g391:n6591,streamspot:g391:n3531,type_0,type_2,rel_10,1,1,1,1,train:g391,1,8775.0
3175.0,streamspot:g391:n6591,streamspot:g391:n3563,type_0,type_2,rel_10,1,1,1,1,train:g391,1,8808.0
3176.0,streamspot:g391:n6591,streamspot:g391:n3582,type_0,type_2,rel_10,1,1,1,1,train:g391,1,8828.0
3177.0,streamspot:g391:n6591,streamspot:g391:n3585,type_0,type_2,rel_10,1,1,1,1,train:g391,1,8831.0
3178.0,streamspot:g391:n6591,streamspot:g391:n3927,type_0,type_2,rel_10,1,1,1,1,train:g391,1,8995.0
3179.0,streamspot:g391:n6591,streamspot:g391:n4068,type_0,type_2,rel_16,1,1,1,1,train:g391,1,9196.0
3180.0,streamspot:g391:n6591,streamspot:g391:n7723,type_0,type_2,rel_10,1,1,1,1,train:g391,1,9387.0
3181.0,streamspot:g391:n6591,streamspot:g391:n6347,type_0,type_2,rel_10,1,1,1,1,train:g391,1,9645.0
3182.0,streamspot:g391:n6591,streamspot:g391:n6446,type_0,type_2,rel_10,1,1,1,1,train:g391,1,9809.0
3183.0,streamspot:g391:n6591,streamspot:g391:n7861,type_0,type_2,rel_10,1,1,1,1,train:g391,1,9961.0
3184.0,streamspot:g391:n6732,streamspot:g391:n6647,type_0,type_2,rel_10,1,1,1,1,train:g391,1,10042.0
3185.0,streamspot:g391:n6774,streamspot:g391:n6659,type_0,type_2,rel_10,1,1,1,1,train:g391,1,10519.0
3186.0,streamspot:g391:n6774,streamspot:g391:n6806,type_0,type_2,rel_10,1,1,1,1,train:g391,1,10584.0
3187.0,streamspot:g391:n6774,streamspot:g391:n7011,type_0,type_2,rel_16,1,1,1,1,train:g391,1,10800.0
3188.0,streamspot:g391:n6774,streamspot:g391:n7063,type_0,type_2,rel_16,1,1,1,1,train:g391,1,10852.0
3189.0,streamspot:g391:n6774,streamspot:g391:n7083,type_0,type_2,rel_16,1,1,1,1,train:g391,1,10872.0
3190.0,streamspot:g391:n6774,streamspot:g391:n7098,type_0,type_2,rel_10,1,1,1,1,train:g391,1,10887.0
3191.0,streamspot:g391:n6774,streamspot:g391:n7223,type_0,type_2,rel_16,1,1,1,1,train:g391,1,11012.0
3192.0,streamspot:g391:n6784,streamspot:g391:n6646,type_0,type_2,rel_16,1,1,1,1,train:g391,1,11384.0
3193.0,streamspot:g391:n7855,streamspot:g391:n8251,type_0,type_4,rel_8,1,1,1,1,train:g391,1,11879.0
3194.0,streamspot:g391:n7855,streamspot:g391:n8283,type_0,type_4,rel_8,1,1,1,1,train:g391,1,11911.0
3195.0,streamspot:g391:n7855,streamspot:g391:n8290,type_0,type_4,rel_8,1,1,1,1,train:g391,1,11918.0
3196.0,streamspot:g391:n7855,streamspot:g391:n8301,type_0,type_4,rel_8,1,1,1,1,train:g391,1,11929.0
3197.0,streamspot:g391:n7855,streamspot:g391:n8426,type_0,type_4,rel_8,1,1,1,1,train:g391,1,12054.0
3198.0,streamspot:g391:n7855,streamspot:g391:n8701,type_0,type_4,rel_8,1,1,1,1,train:g391,1,12329.0
3199.0,streamspot:g391:n7855,streamspot:g391:n8863,type_0,type_4,rel_8,1,1,1,1,train:g391,1,12491.0
3200.0,streamspot:g391:n7855,streamspot:g391:n8872,type_0,type_4,rel_8,1,1,1,1,train:g391,1,12500.0
3201.0,streamspot:g301:n0,streamspot:g301:n150,type_0,type_2,rel_10,1,1,1,1,train:g301,1,149.0
3202.0,streamspot:g301:n0,streamspot:g301:n198,type_0,type_2,rel_10,1,1,1,1,train:g301,1,197.0
3203.0,streamspot:g301:n0,streamspot:g301:n436,type_0,type_2,rel_10,1,1,1,1,train:g301,1,435.0
3204.0,streamspot:g301:n0,streamspot:g301:n438,type_0,type_2,rel_10,1,1,1,1,train:g301,1,437.0
3205.0,streamspot:g301:n0,streamspot:g301:n505,type_0,type_2,rel_10,1,1,1,1,train:g301,1,504.0
3206.0,streamspot:g301:n0,streamspot:g301:n576,type_0,type_2,rel_10,1,1,1,1,train:g301,1,575.0
3207.0,streamspot:g301:n0,streamspot:g301:n724,type_0,type_2,rel_10,1,1,1,1,train:g301,1,723.0
3208.0,streamspot:g301:n0,streamspot:g301:n757,type_0,type_2,rel_10,1,1,1,1,train:g301,1,756.0
3209.0,streamspot:g301:n0,streamspot:g301:n800,type_0,type_2,rel_16,1,1,1,1,train:g301,1,799.0
3210.0,streamspot:g301:n0,streamspot:g301:n883,type_0,type_2,rel_10,1,1,1,1,train:g301,1,882.0
3211.0,streamspot:g301:n0,streamspot:g301:n930,type_0,type_2,rel_16,1,1,1,1,train:g301,1,929.0
3212.0,streamspot:g301:n0,streamspot:g301:n972,type_0,type_2,rel_10,1,1,1,1,train:g301,1,971.0
3213.0,streamspot:g301:n0,streamspot:g301:n1414,type_0,type_2,rel_10,1,1,1,1,train:g301,1,1413.0
3214.0,streamspot:g301:n0,streamspot:g301:n1418,type_0,type_2,rel_10,1,1,1,1,train:g301,1,1417.0
3215.0,streamspot:g301:n0,streamspot:g301:n1495,type_0,type_2,rel_10,1,1,1,1,train:g301,1,1494.0
3216.0,streamspot:g301:n0,streamspot:g301:n1627,type_0,type_2,rel_10,1,1,1,1,train:g301,1,1626.0
3217.0,streamspot:g301:n0,streamspot:g301:n1747,type_0,type_2,rel_10,1,1,1,1,train:g301,1,1746.0
3218.0,streamspot:g301:n0,streamspot:g301:n1749,type_0,type_2,rel_10,1,1,1,1,train:g301,1,1748.0
3219.0,streamspot:g301:n0,streamspot:g301:n1756,type_0,type_2,rel_16,1,1,1,1,train:g301,1,1755.0
3220.0,streamspot:g301:n0,streamspot:g301:n1936,type_0,type_2,rel_10,1,1,1,1,train:g301,1,1935.0
3221.0,streamspot:g301:n0,streamspot:g301:n2062,type_0,type_2,rel_10,1,1,1,1,train:g301,1,2061.0
3222.0,streamspot:g301:n0,streamspot:g301:n4625,type_0,type_2,rel_18,1,1,1,1,train:g301,1,2291.0
3223.0,streamspot:g301:n2283,streamspot:g301:n2449,type_0,type_2,rel_10,1,1,1,1,train:g301,1,2512.0
3224.0,streamspot:g301:n2283,streamspot:g301:n2457,type_0,type_2,rel_10,1,1,1,1,train:g301,1,2521.0
3225.0,streamspot:g301:n2283,streamspot:g301:n2845,type_0,type_2,rel_10,1,1,1,1,train:g301,1,2910.0
3226.0,streamspot:g301:n2283,streamspot:g301:n2865,type_0,type_2,rel_10,1,1,1,1,train:g301,1,2930.0
3227.0,streamspot:g301:n2283,streamspot:g301:n2941,type_0,type_2,rel_10,1,1,1,1,train:g301,1,3006.0
3228.0,streamspot:g301:n2283,streamspot:g301:n3044,type_0,type_2,rel_10,1,1,1,1,train:g301,1,3111.0
3229.0,streamspot:g301:n2283,streamspot:g301:n3095,type_0,type_2,rel_10,1,1,1,1,train:g301,1,3162.0
3230.0,streamspot:g301:n2283,streamspot:g301:n3113,type_0,type_2,rel_10,1,1,1,1,train:g301,1,3180.0
3231.0,streamspot:g301:n2283,streamspot:g301:n3275,type_0,type_2,rel_10,1,1,1,1,train:g301,1,3342.0
3232.0,streamspot:g301:n2283,streamspot:g301:n3571,type_0,type_2,rel_10,1,1,1,1,train:g301,1,3500.0
3233.0,streamspot:g301:n2283,streamspot:g301:n3630,type_0,type_2,rel_16,1,1,1,1,train:g301,1,3559.0
3234.0,streamspot:g301:n2283,streamspot:g301:n4174,type_0,type_2,rel_1,1,1,1,1,train:g301,1,3955.0
3235.0,streamspot:g301:n2283,streamspot:g301:n4191,type_0,type_2,rel_1,1,1,1,1,train:g301,1,3972.0
3236.0,streamspot:g301:n2283,streamspot:g301:n4215,type_0,type_2,rel_1,1,1,1,1,train:g301,1,3996.0
3237.0,streamspot:g301:n2283,streamspot:g301:n2247,type_0,type_2,rel_16,1,1,1,1,train:g301,1,4186.0
3238.0,streamspot:g301:n2283,streamspot:g301:n4431,type_0,type_2,rel_10,1,1,1,1,train:g301,1,4242.0
3239.0,streamspot:g301:n2283,streamspot:g301:n4447,type_0,type_2,rel_16,1,1,1,1,train:g301,1,4258.0
3240.0,streamspot:g301:n2283,streamspot:g301:n4632,type_0,type_2,rel_10,1,1,1,1,train:g301,1,4443.0
3241.0,streamspot:g301:n2283,streamspot:g301:n4661,type_0,type_1,rel_4,1,1,1,1,train:g301,1,4467.0
3242.0,streamspot:g301:n2283,streamspot:g301:n4819,type_0,type_2,rel_10,1,1,1,1,train:g301,1,4574.0
3243.0,streamspot:g301:n2283,streamspot:g301:n6005,type_0,type_2,rel_10,1,1,1,1,train:g301,1,4762.0
3244.0,streamspot:g301:n2283,streamspot:g301:n6054,type_0,type_2,rel_10,1,1,1,1,train:g301,1,4811.0
3245.0,streamspot:g301:n2283,streamspot:g301:n6062,type_0,type_2,rel_10,1,1,1,1,train:g301,1,4819.0
3246.0,streamspot:g301:n2283,streamspot:g301:n6138,type_0,type_2,rel_10,1,1,1,1,train:g301,1,4895.0
3247.0,streamspot:g301:n2283,streamspot:g301:n6285,type_0,type_2,rel_10,1,1,1,1,train:g301,1,5042.0
3248.0,streamspot:g301:n2283,streamspot:g301:n6542,type_0,type_2,rel_10,1,1,1,1,train:g301,1,5299.0
3249.0,streamspot:g301:n3347,streamspot:g301:n3494,type_0,type_2,rel_10,1,1,1,1,train:g301,1,5458.0
3250.0,streamspot:g301:n3639,streamspot:g301:n3577,type_0,type_2,rel_10,1,1,1,1,train:g301,1,5906.0
3251.0,streamspot:g301:n3639,streamspot:g301:n3585,type_0,type_2,rel_10,1,1,1,1,train:g301,1,5914.0
3252.0,streamspot:g301:n4661,streamspot:g301:n4678,type_1,type_2,rel_10,1,1,1,1,train:g301,1,6100.0
3253.0,streamspot:g301:n4673,streamspot:g301:n4228,type_1,type_2,rel_19,1,1,1,1,train:g301,1,6166.0
3254.0,streamspot:g301:n4836,streamspot:g301:n5158,type_0,type_4,rel_5,1,1,1,1,train:g301,1,6507.0
3255.0,streamspot:g301:n4836,streamspot:g301:n5285,type_0,type_4,rel_5,1,1,1,1,train:g301,1,6634.0
3256.0,streamspot:g301:n4836,streamspot:g301:n5363,type_0,type_4,rel_5,1,1,1,1,train:g301,1,6712.0
3257.0,streamspot:g301:n4836,streamspot:g301:n5613,type_0,type_4,rel_5,1,1,1,1,train:g301,1,6962.0
3258.0,streamspot:g301:n4836,streamspot:g301:n5720,type_0,type_4,rel_5,1,1,1,1,train:g301,1,7069.0
3259.0,streamspot:g301:n4836,streamspot:g301:n5773,type_0,type_4,rel_5,1,1,1,1,train:g301,1,7122.0
3260.0,streamspot:g301:n4836,streamspot:g301:n2280,type_0,type_2,rel_16,1,1,1,1,train:g301,1,7278.0
3261.0,streamspot:g301:n4836,streamspot:g301:n3544,type_0,type_2,rel_10,1,1,1,1,train:g301,1,7427.0
3262.0,streamspot:g301:n6590,streamspot:g301:n2288,type_0,type_2,rel_10,1,1,1,1,train:g301,1,7610.0
3263.0,streamspot:g301:n6590,streamspot:g301:n2298,type_0,type_2,rel_10,1,1,1,1,train:g301,1,7620.0
3264.0,streamspot:g301:n6590,streamspot:g301:n2455,type_0,type_2,rel_10,1,1,1,1,train:g301,1,7774.0
3265.0,streamspot:g301:n6590,streamspot:g301:n2674,type_0,type_2,rel_10,1,1,1,1,train:g301,1,8019.0
3266.0,streamspot:g301:n6590,streamspot:g301:n2952,type_0,type_2,rel_10,1,1,1,1,train:g301,1,8312.0
3267.0,streamspot:g301:n6590,streamspot:g301:n3016,type_0,type_2,rel_10,1,1,1,1,train:g301,1,8380.0
3268.0,streamspot:g301:n6590,streamspot:g301:n3095,type_0,type_2,rel_10,1,1,1,1,train:g301,1,8465.0
3269.0,streamspot:g301:n6590,streamspot:g301:n3266,type_0,type_2,rel_10,1,1,1,1,train:g301,1,8645.0
3270.0,streamspot:g301:n6590,streamspot:g301:n3568,type_0,type_2,rel_10,1,1,1,1,train:g301,1,8814.0
3271.0,streamspot:g301:n6590,streamspot:g301:n3597,type_0,type_2,rel_10,1,1,1,1,train:g301,1,8844.0
3272.0,streamspot:g301:n6590,streamspot:g301:n3860,type_0,type_2,rel_1,1,1,1,1,train:g301,1,8925.0
3273.0,streamspot:g301:n6590,streamspot:g301:n3997,type_0,type_2,rel_10,1,1,1,1,train:g301,1,9069.0
3274.0,streamspot:g301:n6590,streamspot:g301:n4519,type_0,type_2,rel_10,1,1,1,1,train:g301,1,9096.0
3275.0,streamspot:g301:n6590,streamspot:g301:n4117,type_0,type_2,rel_16,1,1,1,1,train:g301,1,9246.0
3276.0,streamspot:g301:n6590,streamspot:g301:n7676,type_0,type_2,rel_10,1,1,1,1,train:g301,1,9265.0
3277.0,streamspot:g301:n6590,streamspot:g301:n6017,type_0,type_2,rel_10,1,1,1,1,train:g301,1,9318.0
3278.0,streamspot:g301:n6590,streamspot:g301:n6037,type_0,type_2,rel_10,1,1,1,1,train:g301,1,9339.0
3279.0,streamspot:g301:n6590,streamspot:g301:n6166,type_0,type_2,rel_10,1,1,1,1,train:g301,1,9475.0
3280.0,streamspot:g301:n6590,streamspot:g301:n6243,type_0,type_2,rel_10,1,1,1,1,train:g301,1,9596.0
3281.0,streamspot:g301:n6590,streamspot:g301:n6352,type_0,type_2,rel_10,1,1,1,1,train:g301,1,9651.0
3282.0,streamspot:g301:n6590,streamspot:g301:n6272,type_0,type_2,rel_10,1,1,1,1,train:g301,1,9727.0
3283.0,streamspot:g301:n6590,streamspot:g301:n6297,type_0,type_2,rel_10,1,1,1,1,train:g301,1,9753.0
3284.0,streamspot:g301:n6590,streamspot:g301:n6449,type_0,type_2,rel_10,1,1,1,1,train:g301,1,9813.0
3285.0,streamspot:g301:n6590,streamspot:g301:n7828,type_0,type_2,rel_10,1,1,1,1,train:g301,1,9940.0
3286.0,streamspot:g301:n6590,streamspot:g301:n7880,type_0,type_2,rel_10,1,1,1,1,train:g301,1,9981.0
3287.0,streamspot:g301:n6731,streamspot:g301:n6640,type_0,type_2,rel_10,1,1,1,1,train:g301,1,10037.0
3288.0,streamspot:g301:n6731,streamspot:g301:n3674,type_0,type_2,rel_10,1,1,1,1,train:g301,1,10118.0
3289.0,streamspot:g301:n6748,streamspot:g301:n6666,type_0,type_2,rel_10,1,1,1,1,train:g301,1,10393.0
3290.0,streamspot:g301:n6748,streamspot:g301:n2322,type_0,type_2,rel_16,1,1,1,1,train:g301,1,10435.0
3291.0,streamspot:g301:n6773,streamspot:g301:n2334,type_0,type_2,rel_16,1,1,1,1,train:g301,1,10582.0
3292.0,streamspot:g301:n6773,streamspot:g301:n6906,type_0,type_2,rel_16,1,1,1,1,train:g301,1,10697.0
3293.0,streamspot:g301:n6773,streamspot:g301:n7037,type_0,type_2,rel_10,1,1,1,1,train:g301,1,10828.0
3294.0,streamspot:g301:n6773,streamspot:g301:n7177,type_0,type_2,rel_10,1,1,1,1,train:g301,1,10968.0
3295.0,streamspot:g301:n6773,streamspot:g301:n7412,type_0,type_2,rel_10,1,1,1,1,train:g301,1,11203.0
3296.0,streamspot:g301:n6773,streamspot:g301:n7431,type_0,type_2,rel_10,1,1,1,1,train:g301,1,11222.0
3297.0,streamspot:g301:n6783,streamspot:g301:n6850,type_0,type_2,rel_10,1,1,1,1,train:g301,1,11525.0
3298.0,streamspot:g301:n7854,streamspot:g301:n8104,type_0,type_4,rel_8,1,1,1,1,train:g301,1,11734.0
3299.0,streamspot:g301:n7854,streamspot:g301:n8155,type_0,type_4,rel_8,1,1,1,1,train:g301,1,11785.0
3300.0,streamspot:g301:n7854,streamspot:g301:n8653,type_0,type_4,rel_8,1,1,1,1,train:g301,1,12283.0
3301.0,streamspot:g316:n0,streamspot:g316:n13,type_0,type_2,rel_10,1,1,1,1,train:g316,1,12.0
3302.0,streamspot:g316:n0,streamspot:g316:n79,type_0,type_2,rel_16,1,1,1,1,train:g316,1,78.0
3303.0,streamspot:g316:n0,streamspot:g316:n394,type_0,type_2,rel_16,1,1,1,1,train:g316,1,393.0
3304.0,streamspot:g316:n0,streamspot:g316:n403,type_0,type_2,rel_10,1,1,1,1,train:g316,1,402.0
3305.0,streamspot:g316:n0,streamspot:g316:n708,type_0,type_2,rel_16,1,1,1,1,train:g316,1,707.0
3306.0,streamspot:g316:n0,streamspot:g316:n836,type_0,type_2,rel_10,1,1,1,1,train:g316,1,835.0
3307.0,streamspot:g316:n0,streamspot:g316:n1144,type_0,type_2,rel_10,1,1,1,1,train:g316,1,1143.0
3308.0,streamspot:g316:n0,streamspot:g316:n1145,type_0,type_2,rel_10,1,1,1,1,train:g316,1,1144.0
3309.0,streamspot:g316:n0,streamspot:g316:n1186,type_0,type_2,rel_10,1,1,1,1,train:g316,1,1185.0
3310.0,streamspot:g316:n0,streamspot:g316:n1401,type_0,type_2,rel_10,1,1,1,1,train:g316,1,1400.0
3311.0,streamspot:g316:n0,streamspot:g316:n1530,type_0,type_2,rel_16,1,1,1,1,train:g316,1,1529.0
3312.0,streamspot:g316:n0,streamspot:g316:n1573,type_0,type_2,rel_10,1,1,1,1,train:g316,1,1572.0
3313.0,streamspot:g316:n0,streamspot:g316:n1636,type_0,type_2,rel_16,1,1,1,1,train:g316,1,1635.0
3314.0,streamspot:g316:n0,streamspot:g316:n1679,type_0,type_2,rel_10,1,1,1,1,train:g316,1,1678.0
3315.0,streamspot:g316:n0,streamspot:g316:n2229,type_0,type_2,rel_10,1,1,1,1,train:g316,1,2215.0
3316.0,streamspot:g316:n2283,streamspot:g316:n2412,type_0,type_2,rel_10,1,1,1,1,train:g316,1,2474.0
3317.0,streamspot:g316:n2283,streamspot:g316:n2513,type_0,type_2,rel_10,1,1,1,1,train:g316,1,2578.0
3318.0,streamspot:g316:n2283,streamspot:g316:n3200,type_0,type_2,rel_10,1,1,1,1,train:g316,1,3267.0
3319.0,streamspot:g316:n2283,streamspot:g316:n3578,type_0,type_2,rel_10,1,1,1,1,train:g316,1,3507.0
3320.0,streamspot:g316:n2283,streamspot:g316:n3587,type_0,type_2,rel_10,1,1,1,1,train:g316,1,3516.0
3321.0,streamspot:g316:n2283,streamspot:g316:n3622,type_0,type_2,rel_10,1,1,1,1,train:g316,1,3551.0
3322.0,streamspot:g316:n2283,streamspot:g316:n3880,type_0,type_2,rel_1,1,1,1,1,train:g316,1,3629.0
3323.0,streamspot:g316:n2283,streamspot:g316:n3885,type_0,type_2,rel_10,1,1,1,1,train:g316,1,3634.0
3324.0,streamspot:g316:n2283,streamspot:g316:n4130,type_0,type_2,rel_16,1,1,1,1,train:g316,1,3910.0
3325.0,streamspot:g316:n2283,streamspot:g316:n4186,type_0,type_2,rel_1,1,1,1,1,train:g316,1,3968.0
3326.0,streamspot:g316:n2283,streamspot:g316:n4248,type_0,type_2,rel_16,1,1,1,1,train:g316,1,4030.0
3327.0,streamspot:g316:n2283,streamspot:g316:n4276,type_0,type_2,rel_16,1,1,1,1,train:g316,1,4058.0
3328.0,streamspot:g316:n2283,streamspot:g316:n4312,type_0,type_2,rel_10,1,1,1,1,train:g316,1,4094.0
3329.0,streamspot:g316:n2283,streamspot:g316:n2254,type_0,type_2,rel_16,1,1,1,1,train:g316,1,4194.0
3330.0,streamspot:g316:n2283,streamspot:g316:n4426,type_0,type_4,rel_5,1,1,1,1,train:g316,1,4238.0
3331.0,streamspot:g316:n2283,streamspot:g316:n4493,type_0,type_2,rel_16,1,1,1,1,train:g316,1,4305.0
3332.0,streamspot:g316:n2283,streamspot:g316:n4499,type_0,type_2,rel_1,1,1,1,1,train:g316,1,4311.0
3333.0,streamspot:g316:n2283,streamspot:g316:n4583,type_0,type_2,rel_16,1,1,1,1,train:g316,1,4395.0
3334.0,streamspot:g316:n2283,streamspot:g316:n4764,type_0,type_2,rel_10,1,1,1,1,train:g316,1,4519.0
3335.0,streamspot:g316:n2283,streamspot:g316:n4692,type_0,type_2,rel_10,1,1,1,1,train:g316,1,4597.0
3336.0,streamspot:g316:n2283,streamspot:g316:n5864,type_0,type_2,rel_1,1,1,1,1,train:g316,1,4640.0
3337.0,streamspot:g316:n2283,streamspot:g316:n6015,type_0,type_2,rel_10,1,1,1,1,train:g316,1,4772.0
3338.0,streamspot:g316:n2283,streamspot:g316:n6272,type_0,type_2,rel_10,1,1,1,1,train:g316,1,5029.0
3339.0,streamspot:g316:n2283,streamspot:g316:n6353,type_0,type_2,rel_10,1,1,1,1,train:g316,1,5110.0
3340.0,streamspot:g316:n2283,streamspot:g316:n6565,type_0,type_2,rel_10,1,1,1,1,train:g316,1,5322.0
3341.0,streamspot:g316:n3347,streamspot:g316:n3361,type_0,type_2,rel_10,1,1,1,1,train:g316,1,5361.0
3342.0,streamspot:g316:n3347,streamspot:g316:n3503,type_0,type_2,rel_10,1,1,1,1,train:g316,1,5468.0
3343.0,streamspot:g316:n3347,streamspot:g316:n3777,type_0,type_1,rel_4,1,1,1,1,train:g316,1,5585.0
3344.0,streamspot:g316:n3347,streamspot:g316:n3807,type_0,type_2,rel_16,1,1,1,1,train:g316,1,5615.0
3345.0,streamspot:g316:n3639,streamspot:g316:n2843,type_0,type_2,rel_10,1,1,1,1,train:g316,1,5740.0
3346.0,streamspot:g316:n3639,streamspot:g316:n2363,type_0,type_2,rel_10,1,1,1,1,train:g316,1,5762.0
3347.0,streamspot:g316:n4535,streamspot:g316:n4687,type_1,type_2,rel_10,1,1,1,1,train:g316,1,5993.0
3348.0,streamspot:g316:n4535,streamspot:g316:n4693,type_1,type_2,rel_10,1,1,1,1,train:g316,1,5999.0
3349.0,streamspot:g316:n4546,streamspot:g316:n4698,type_1,type_2,rel_10,1,1,1,1,train:g316,1,6062.0
3350.0,streamspot:g316:n4660,streamspot:g316:n4697,type_1,type_2,rel_10,1,1,1,1,train:g316,1,6118.0
3351.0,streamspot:g316:n4838,streamspot:g316:n4914,type_0,type_4,rel_5,1,1,1,1,train:g316,1,6258.0
3352.0,streamspot:g316:n4838,streamspot:g316:n5128,type_0,type_4,rel_5,1,1,1,1,train:g316,1,6472.0
3353.0,streamspot:g316:n4838,streamspot:g316:n5139,type_0,type_4,rel_5,1,1,1,1,train:g316,1,6483.0
3354.0,streamspot:g316:n4838,streamspot:g316:n5167,type_0,type_4,rel_5,1,1,1,1,train:g316,1,6511.0
3355.0,streamspot:g316:n4838,streamspot:g316:n5305,type_0,type_4,rel_5,1,1,1,1,train:g316,1,6649.0
3356.0,streamspot:g316:n4838,streamspot:g316:n5458,type_0,type_4,rel_5,1,1,1,1,train:g316,1,6802.0
3357.0,streamspot:g316:n4838,streamspot:g316:n5685,type_0,type_4,rel_5,1,1,1,1,train:g316,1,7029.0
3358.0,streamspot:g316:n4838,streamspot:g316:n5819,type_0,type_4,rel_5,1,1,1,1,train:g316,1,7163.0
3359.0,streamspot:g316:n4838,streamspot:g316:n3536,type_0,type_2,rel_10,1,1,1,1,train:g316,1,7416.0
3360.0,streamspot:g316:n4838,streamspot:g316:n3592,type_0,type_2,rel_10,1,1,1,1,train:g316,1,7472.0
3361.0,streamspot:g316:n5910,streamspot:g316:n4542,type_1,type_2,rel_5,1,1,1,1,train:g316,1,7519.0
3362.0,streamspot:g316:n6592,streamspot:g316:n6611,type_0,type_4,rel_5,1,1,1,1,train:g316,1,7542.0
3363.0,streamspot:g316:n6592,streamspot:g316:n2304,type_0,type_2,rel_10,1,1,1,1,train:g316,1,7623.0
3364.0,streamspot:g316:n6592,streamspot:g316:n2380,type_0,type_2,rel_10,1,1,1,1,train:g316,1,7705.0
3365.0,streamspot:g316:n6592,streamspot:g316:n2892,type_0,type_2,rel_10,1,1,1,1,train:g316,1,8246.0
3366.0,streamspot:g316:n6592,streamspot:g316:n3339,type_0,type_2,rel_10,1,1,1,1,train:g316,1,8718.0
3367.0,streamspot:g316:n6592,streamspot:g316:n3555,type_0,type_2,rel_10,1,1,1,1,train:g316,1,8797.0
3368.0,streamspot:g316:n6592,streamspot:g316:n3917,type_0,type_2,rel_10,1,1,1,1,train:g316,1,8981.0
3369.0,streamspot:g316:n6592,streamspot:g316:n3970,type_0,type_2,rel_10,1,1,1,1,train:g316,1,9037.0
3370.0,streamspot:g316:n6592,streamspot:g316:n6109,type_0,type_2,rel_10,1,1,1,1,train:g316,1,9510.0
3371.0,streamspot:g316:n6592,streamspot:g316:n6365,type_0,type_2,rel_10,1,1,1,1,train:g316,1,9659.0
3372.0,streamspot:g316:n6592,streamspot:g316:n6434,type_0,type_2,rel_10,1,1,1,1,train:g316,1,9792.0
3373.0,streamspot:g316:n6592,streamspot:g316:n7787,type_0,type_2,rel_16,1,1,1,1,train:g316,1,9894.0
3374.0,streamspot:g316:n6733,streamspot:g316:n6739,type_0,type_4,rel_5,1,1,1,1,train:g316,1,10024.0
3375.0,streamspot:g316:n6733,streamspot:g316:n2316,type_0,type_2,rel_10,1,1,1,1,train:g316,1,10147.0
3376.0,streamspot:g316:n6750,streamspot:g316:n2324,type_0,type_2,rel_16,1,1,1,1,train:g316,1,10433.0
3377.0,streamspot:g316:n6775,streamspot:g316:n2324,type_0,type_2,rel_16,1,1,1,1,train:g316,1,10568.0
3378.0,streamspot:g316:n6775,streamspot:g316:n6806,type_0,type_2,rel_10,1,1,1,1,train:g316,1,10594.0
3379.0,streamspot:g316:n6775,streamspot:g316:n2459,type_0,type_2,rel_10,1,1,1,1,train:g316,1,10615.0
3380.0,streamspot:g316:n6775,streamspot:g316:n6843,type_0,type_2,rel_16,1,1,1,1,train:g316,1,10638.0
3381.0,streamspot:g316:n6775,streamspot:g316:n7016,type_0,type_2,rel_16,1,1,1,1,train:g316,1,10801.0
3382.0,streamspot:g316:n6775,streamspot:g316:n7095,type_0,type_2,rel_10,1,1,1,1,train:g316,1,10880.0
3383.0,streamspot:g316:n6775,streamspot:g316:n7111,type_0,type_2,rel_10,1,1,1,1,train:g316,1,10896.0
3384.0,streamspot:g316:n6775,streamspot:g316:n7265,type_0,type_2,rel_10,1,1,1,1,train:g316,1,11050.0
3385.0,streamspot:g316:n6775,streamspot:g316:n7327,type_0,type_2,rel_10,1,1,1,1,train:g316,1,11112.0
3386.0,streamspot:g316:n6775,streamspot:g316:n7350,type_0,type_2,rel_10,1,1,1,1,train:g316,1,11135.0
3387.0,streamspot:g316:n6775,streamspot:g316:n7470,type_0,type_2,rel_10,1,1,1,1,train:g316,1,11255.0
3388.0,streamspot:g316:n6775,streamspot:g316:n7503,type_0,type_2,rel_10,1,1,1,1,train:g316,1,11288.0
3389.0,streamspot:g316:n6775,streamspot:g316:n7551,type_0,type_2,rel_16,1,1,1,1,train:g316,1,11337.0
3390.0,streamspot:g316:n6775,streamspot:g316:n7568,type_0,type_2,rel_10,1,1,1,1,train:g316,1,11354.0
3391.0,streamspot:g316:n6775,streamspot:g316:n7578,type_0,type_2,rel_10,1,1,1,1,train:g316,1,11364.0
3392.0,streamspot:g316:n6785,streamspot:g316:n2280,type_0,type_2,rel_16,1,1,1,1,train:g316,1,11470.0
3393.0,streamspot:g316:n7856,streamspot:g316:n7980,type_0,type_4,rel_8,1,1,1,1,train:g316,1,11604.0
3394.0,streamspot:g316:n7856,streamspot:g316:n8077,type_0,type_4,rel_8,1,1,1,1,train:g316,1,11701.0
3395.0,streamspot:g316:n7856,streamspot:g316:n8183,type_0,type_4,rel_8,1,1,1,1,train:g316,1,11807.0
3396.0,streamspot:g316:n7856,streamspot:g316:n8202,type_0,type_4,rel_8,1,1,1,1,train:g316,1,11826.0
3397.0,streamspot:g316:n7856,streamspot:g316:n8255,type_0,type_4,rel_8,1,1,1,1,train:g316,1,11879.0
3398.0,streamspot:g316:n7856,streamspot:g316:n8289,type_0,type_4,rel_8,1,1,1,1,train:g316,1,11913.0
3399.0,streamspot:g316:n7856,streamspot:g316:n8341,type_0,type_4,rel_8,1,1,1,1,train:g316,1,11965.0
3400.0,streamspot:g316:n7856,streamspot:g316:n8449,type_0,type_4,rel_8,1,1,1,1,train:g316,1,12073.0
3401.0,streamspot:g350:n0,streamspot:g350:n219,type_0,type_2,rel_16,1,1,1,1,train:g350,1,218.0
3402.0,streamspot:g350:n0,streamspot:g350:n285,type_0,type_2,rel_16,1,1,1,1,train:g350,1,284.0
3403.0,streamspot:g350:n0,streamspot:g350:n299,type_0,type_2,rel_10,1,1,1,1,train:g350,1,298.0
3404.0,streamspot:g350:n0,streamspot:g350:n301,type_0,type_2,rel_16,1,1,1,1,train:g350,1,300.0
3405.0,streamspot:g350:n0,streamspot:g350:n431,type_0,type_2,rel_10,1,1,1,1,train:g350,1,430.0
3406.0,streamspot:g350:n0,streamspot:g350:n627,type_0,type_2,rel_10,1,1,1,1,train:g350,1,626.0
3407.0,streamspot:g350:n0,streamspot:g350:n691,type_0,type_2,rel_10,1,1,1,1,train:g350,1,690.0
3408.0,streamspot:g350:n0,streamspot:g350:n713,type_0,type_2,rel_16,1,1,1,1,train:g350,1,712.0
3409.0,streamspot:g350:n0,streamspot:g350:n1142,type_0,type_2,rel_10,1,1,1,1,train:g350,1,1141.0
3410.0,streamspot:g350:n0,streamspot:g350:n1355,type_0,type_2,rel_10,1,1,1,1,train:g350,1,1354.0
3411.0,streamspot:g350:n0,streamspot:g350:n1418,type_0,type_2,rel_10,1,1,1,1,train:g350,1,1417.0
3412.0,streamspot:g350:n0,streamspot:g350:n1422,type_0,type_2,rel_16,1,1,1,1,train:g350,1,1421.0
3413.0,streamspot:g350:n0,streamspot:g350:n1426,type_0,type_2,rel_10,1,1,1,1,train:g350,1,1425.0
3414.0,streamspot:g350:n0,streamspot:g350:n1547,type_0,type_2,rel_10,1,1,1,1,train:g350,1,1546.0
3415.0,streamspot:g350:n0,streamspot:g350:n1616,type_0,type_2,rel_16,1,1,1,1,train:g350,1,1615.0
3416.0,streamspot:g350:n0,streamspot:g350:n1907,type_0,type_2,rel_10,1,1,1,1,train:g350,1,1906.0
3417.0,streamspot:g350:n0,streamspot:g350:n2164,type_0,type_2,rel_10,1,1,1,1,train:g350,1,2150.0
3418.0,streamspot:g350:n0,streamspot:g350:n2191,type_0,type_2,rel_16,1,1,1,1,train:g350,1,2177.0
3419.0,streamspot:g350:n2283,streamspot:g350:n2312,type_0,type_2,rel_10,1,1,1,1,train:g350,1,2369.0
3420.0,streamspot:g350:n2283,streamspot:g350:n2484,type_0,type_2,rel_10,1,1,1,1,train:g350,1,2549.0
3421.0,streamspot:g350:n2283,streamspot:g350:n2566,type_0,type_2,rel_10,1,1,1,1,train:g350,1,2631.0
3422.0,streamspot:g350:n2283,streamspot:g350:n2702,type_0,type_2,rel_10,1,1,1,1,train:g350,1,2767.0
3423.0,streamspot:g350:n2283,streamspot:g350:n2965,type_0,type_2,rel_10,1,1,1,1,train:g350,1,3030.0
3424.0,streamspot:g350:n2283,streamspot:g350:n3301,type_0,type_2,rel_10,1,1,1,1,train:g350,1,3368.0
3425.0,streamspot:g350:n2283,streamspot:g350:n3397,type_0,type_2,rel_10,1,1,1,1,train:g350,1,3422.0
3426.0,streamspot:g350:n2283,streamspot:g350:n3460,type_0,type_2,rel_10,1,1,1,1,train:g350,1,3446.0
3427.0,streamspot:g350:n2283,streamspot:g350:n3571,type_0,type_2,rel_10,1,1,1,1,train:g350,1,3500.0
3428.0,streamspot:g350:n2283,streamspot:g350:n3600,type_0,type_2,rel_10,1,1,1,1,train:g350,1,3529.0
3429.0,streamspot:g350:n2283,streamspot:g350:n3893,type_0,type_2,rel_10,1,1,1,1,train:g350,1,3642.0
3430.0,streamspot:g350:n2283,streamspot:g350:n4181,type_0,type_2,rel_1,1,1,1,1,train:g350,1,3963.0
3431.0,streamspot:g350:n2283,streamspot:g350:n4480,type_0,type_2,rel_16,1,1,1,1,train:g350,1,4292.0
3432.0,streamspot:g350:n2283,streamspot:g350:n4514,type_0,type_2,rel_10,1,1,1,1,train:g350,1,4326.0
3433.0,streamspot:g350:n2283,streamspot:g350:n4550,type_0,type_2,rel_16,1,1,1,1,train:g350,1,4362.0
3434.0,streamspot:g350:n2283,streamspot:g350:n4610,type_0,type_2,rel_10,1,1,1,1,train:g350,1,4422.0
3435.0,streamspot:g350:n2283,streamspot:g350:n4824,type_0,type_2,rel_10,1,1,1,1,train:g350,1,4579.0
3436.0,streamspot:g350:n2283,streamspot:g350:n6044,type_0,type_2,rel_10,1,1,1,1,train:g350,1,4801.0
3437.0,streamspot:g350:n2283,streamspot:g350:n6115,type_0,type_2,rel_10,1,1,1,1,train:g350,1,4872.0
3438.0,streamspot:g350:n2283,streamspot:g350:n6164,type_0,type_2,rel_10,1,1,1,1,train:g350,1,4921.0
3439.0,streamspot:g350:n2283,streamspot:g350:n6267,type_0,type_2,rel_10,1,1,1,1,train:g350,1,5024.0
3440.0,streamspot:g350:n2283,streamspot:g350:n6531,type_0,type_2,rel_10,1,1,1,1,train:g350,1,5288.0
3441.0,streamspot:g350:n3347,streamspot:g350:n3363,type_0,type_2,rel_10,1,1,1,1,train:g350,1,5363.0
3442.0,streamspot:g350:n3347,streamspot:g350:n3503,type_0,type_2,rel_10,1,1,1,1,train:g350,1,5469.0
3443.0,streamspot:g350:n3639,streamspot:g350:n3235,type_0,type_2,rel_10,1,1,1,1,train:g350,1,5793.0
3444.0,streamspot:g350:n4145,streamspot:g350:n4227,type_1,type_2,rel_19,1,1,1,1,train:g350,1,5950.0
3445.0,streamspot:g350:n4534,streamspot:g350:n4652,type_1,type_2,rel_10,1,1,1,1,train:g350,1,5976.0
3446.0,streamspot:g350:n4661,streamspot:g350:n4699,type_1,type_2,rel_10,1,1,1,1,train:g350,1,6123.0
3447.0,streamspot:g350:n4839,streamspot:g350:n4862,type_0,type_4,rel_5,1,1,1,1,train:g350,1,6210.0
3448.0,streamspot:g350:n4839,streamspot:g350:n4906,type_0,type_4,rel_5,1,1,1,1,train:g350,1,6254.0
3449.0,streamspot:g350:n4839,streamspot:g350:n4934,type_0,type_4,rel_5,1,1,1,1,train:g350,1,6282.0
3450.0,streamspot:g350:n4839,streamspot:g350:n5014,type_0,type_4,rel_5,1,1,1,1,train:g350,1,6362.0
3451.0,streamspot:g350:n4839,streamspot:g350:n5025,type_0,type_4,rel_5,1,1,1,1,train:g350,1,6373.0
3452.0,streamspot:g350:n4839,streamspot:g350:n5122,type_0,type_4,rel_5,1,1,1,1,train:g350,1,6470.0
3453.0,streamspot:g350:n4839,streamspot:g350:n5347,type_0,type_4,rel_5,1,1,1,1,train:g350,1,6695.0
3454.0,streamspot:g350:n4839,streamspot:g350:n5449,type_0,type_4,rel_5,1,1,1,1,train:g350,1,6797.0
3455.0,streamspot:g350:n4839,streamspot:g350:n5558,type_0,type_4,rel_5,1,1,1,1,train:g350,1,6906.0
3456.0,streamspot:g350:n4839,streamspot:g350:n5573,type_0,type_4,rel_5,1,1,1,1,train:g350,1,6921.0
3457.0,streamspot:g350:n4839,streamspot:g350:n5653,type_0,type_4,rel_5,1,1,1,1,train:g350,1,7001.0
3458.0,streamspot:g350:n4839,streamspot:g350:n5796,type_0,type_4,rel_5,1,1,1,1,train:g350,1,7144.0
3459.0,streamspot:g350:n4839,streamspot:g350:n3701,type_0,type_2,rel_10,1,1,1,1,train:g350,1,7265.0
3460.0,streamspot:g350:n4839,streamspot:g350:n3292,type_0,type_2,rel_10,1,1,1,1,train:g350,1,7385.0
3461.0,streamspot:g350:n4839,streamspot:g350:n3303,type_0,type_2,rel_10,1,1,1,1,train:g350,1,7396.0
3462.0,streamspot:g350:n4839,streamspot:g350:n3588,type_0,type_2,rel_10,1,1,1,1,train:g350,1,7473.0
3463.0,streamspot:g350:n6592,streamspot:g350:n6628,type_0,type_4,rel_5,1,1,1,1,train:g350,1,7563.0
3464.0,streamspot:g350:n6592,streamspot:g350:n6632,type_0,type_4,rel_5,1,1,1,1,train:g350,1,7567.0
3465.0,streamspot:g350:n6592,streamspot:g350:n2500,type_0,type_2,rel_10,1,1,1,1,train:g350,1,7816.0
3466.0,streamspot:g350:n6592,streamspot:g350:n2524,type_0,type_2,rel_10,1,1,1,1,train:g350,1,7863.0
3467.0,streamspot:g350:n6592,streamspot:g350:n2578,type_0,type_2,rel_10,1,1,1,1,train:g350,1,7919.0
3468.0,streamspot:g350:n6592,streamspot:g350:n2740,type_0,type_2,rel_10,1,1,1,1,train:g350,1,8090.0
3469.0,streamspot:g350:n6592,streamspot:g350:n2849,type_0,type_2,rel_10,1,1,1,1,train:g350,1,8205.0
3470.0,streamspot:g350:n6592,streamspot:g350:n3212,type_0,type_2,rel_10,1,1,1,1,train:g350,1,8589.0
3471.0,streamspot:g350:n6592,streamspot:g350:n3243,type_0,type_2,rel_10,1,1,1,1,train:g350,1,8621.0
3472.0,streamspot:g350:n6592,streamspot:g350:n3373,type_0,type_2,rel_10,1,1,1,1,train:g350,1,8730.0
3473.0,streamspot:g350:n6592,streamspot:g350:n3425,type_0,type_2,rel_10,1,1,1,1,train:g350,1,8745.0
3474.0,streamspot:g350:n6592,streamspot:g350:n3897,type_0,type_2,rel_10,1,1,1,1,train:g350,1,8964.0
3475.0,streamspot:g350:n6592,streamspot:g350:n3997,type_0,type_2,rel_10,1,1,1,1,train:g350,1,9070.0
3476.0,streamspot:g350:n6592,streamspot:g350:n6133,type_0,type_2,rel_10,1,1,1,1,train:g350,1,9439.0
3477.0,streamspot:g350:n6592,streamspot:g350:n7762,type_0,type_2,rel_10,1,1,1,1,train:g350,1,9485.0
3478.0,streamspot:g350:n6592,streamspot:g350:n6394,type_0,type_2,rel_10,1,1,1,1,train:g350,1,9694.0
3479.0,streamspot:g350:n6592,streamspot:g350:n7878,type_0,type_2,rel_10,1,1,1,1,train:g350,1,9978.0
3480.0,streamspot:g350:n6733,streamspot:g350:n6658,type_0,type_2,rel_10,1,1,1,1,train:g350,1,10053.0
3481.0,streamspot:g350:n6733,streamspot:g350:n2334,type_0,type_2,rel_16,1,1,1,1,train:g350,1,10117.0
3482.0,streamspot:g350:n6733,streamspot:g350:n2461,type_0,type_2,rel_10,1,1,1,1,train:g350,1,10176.0
3483.0,streamspot:g350:n6733,streamspot:g350:n3293,type_0,type_2,rel_10,1,1,1,1,train:g350,1,10242.0
3484.0,streamspot:g350:n6750,streamspot:g350:n6785,type_0,type_0,rel_4,1,1,1,1,train:g350,1,10494.0
3485.0,streamspot:g350:n6775,streamspot:g350:n6869,type_0,type_2,rel_10,1,1,1,1,train:g350,1,10658.0
3486.0,streamspot:g350:n6775,streamspot:g350:n6877,type_0,type_2,rel_10,1,1,1,1,train:g350,1,10666.0
3487.0,streamspot:g350:n6775,streamspot:g350:n7021,type_0,type_2,rel_10,1,1,1,1,train:g350,1,10810.0
3488.0,streamspot:g350:n6775,streamspot:g350:n7092,type_0,type_2,rel_16,1,1,1,1,train:g350,1,10881.0
3489.0,streamspot:g350:n6775,streamspot:g350:n7376,type_0,type_2,rel_16,1,1,1,1,train:g350,1,11165.0
3490.0,streamspot:g350:n6775,streamspot:g350:n7472,type_0,type_2,rel_16,1,1,1,1,train:g350,1,11261.0
3491.0,streamspot:g350:n6775,streamspot:g350:n7502,type_0,type_2,rel_10,1,1,1,1,train:g350,1,11291.0
3492.0,streamspot:g350:n6775,streamspot:g350:n7571,type_0,type_2,rel_16,1,1,1,1,train:g350,1,11361.0
3493.0,streamspot:g350:n7856,streamspot:g350:n8048,type_0,type_4,rel_8,1,1,1,1,train:g350,1,11676.0
3494.0,streamspot:g350:n7856,streamspot:g350:n8165,type_0,type_4,rel_8,1,1,1,1,train:g350,1,11793.0
3495.0,streamspot:g350:n7856,streamspot:g350:n8177,type_0,type_4,rel_8,1,1,1,1,train:g350,1,11805.0
3496.0,streamspot:g350:n7856,streamspot:g350:n8396,type_0,type_4,rel_8,1,1,1,1,train:g350,1,12024.0
3497.0,streamspot:g350:n7856,streamspot:g350:n8440,type_0,type_4,rel_8,1,1,1,1,train:g350,1,12068.0
3498.0,streamspot:g350:n7856,streamspot:g350:n8566,type_0,type_4,rel_8,1,1,1,1,train:g350,1,12194.0
3499.0,streamspot:g350:n7856,streamspot:g350:n8606,type_0,type_4,rel_8,1,1,1,1,train:g350,1,12234.0
3500.0,streamspot:g350:n7856,streamspot:g350:n8806,type_0,type_4,rel_8,1,1,1,1,train:g350,1,12434.0
3501.0,streamspot:g342:n0,streamspot:g342:n171,type_0,type_2,rel_16,1,1,1,1,train:g342,1,170.0
3502.0,streamspot:g342:n0,streamspot:g342:n338,type_0,type_2,rel_16,1,1,1,1,train:g342,1,337.0
3503.0,streamspot:g342:n0,streamspot:g342:n709,type_0,type_2,rel_10,1,1,1,1,train:g342,1,708.0
3504.0,streamspot:g342:n0,streamspot:g342:n761,type_0,type_2,rel_10,1,1,1,1,train:g342,1,760.0
3505.0,streamspot:g342:n0,streamspot:g342:n807,type_0,type_2,rel_10,1,1,1,1,train:g342,1,806.0
3506.0,streamspot:g342:n0,streamspot:g342:n814,type_0,type_2,rel_10,1,1,1,1,train:g342,1,813.0
3507.0,streamspot:g342:n0,streamspot:g342:n933,type_0,type_2,rel_10,1,1,1,1,train:g342,1,932.0
3508.0,streamspot:g342:n0,streamspot:g342:n1044,type_0,type_2,rel_10,1,1,1,1,train:g342,1,1043.0
3509.0,streamspot:g342:n0,streamspot:g342:n1401,type_0,type_2,rel_10,1,1,1,1,train:g342,1,1400.0
3510.0,streamspot:g342:n0,streamspot:g342:n1489,type_0,type_2,rel_16,1,1,1,1,train:g342,1,1488.0
3511.0,streamspot:g342:n0,streamspot:g342:n1572,type_0,type_2,rel_10,1,1,1,1,train:g342,1,1571.0
3512.0,streamspot:g342:n0,streamspot:g342:n1588,type_0,type_2,rel_10,1,1,1,1,train:g342,1,1587.0
3513.0,streamspot:g342:n0,streamspot:g342:n2039,type_0,type_2,rel_16,1,1,1,1,train:g342,1,2038.0
3514.0,streamspot:g342:n0,streamspot:g342:n2041,type_0,type_2,rel_10,1,1,1,1,train:g342,1,2040.0
3515.0,streamspot:g342:n2283,streamspot:g342:n2847,type_0,type_2,rel_10,1,1,1,1,train:g342,1,2912.0
3516.0,streamspot:g342:n2283,streamspot:g342:n2973,type_0,type_2,rel_10,1,1,1,1,train:g342,1,3038.0
3517.0,streamspot:g342:n2283,streamspot:g342:n3033,type_0,type_2,rel_10,1,1,1,1,train:g342,1,3099.0
3518.0,streamspot:g342:n2283,streamspot:g342:n3077,type_0,type_2,rel_10,1,1,1,1,train:g342,1,3144.0
3519.0,streamspot:g342:n2283,streamspot:g342:n3095,type_0,type_2,rel_10,1,1,1,1,train:g342,1,3162.0
3520.0,streamspot:g342:n2283,streamspot:g342:n3107,type_0,type_2,rel_10,1,1,1,1,train:g342,1,3174.0
3521.0,streamspot:g342:n2283,streamspot:g342:n3229,type_0,type_2,rel_10,1,1,1,1,train:g342,1,3296.0
3522.0,streamspot:g342:n2283,streamspot:g342:n3236,type_0,type_2,rel_10,1,1,1,1,train:g342,1,3303.0
3523.0,streamspot:g342:n2283,streamspot:g342:n3277,type_0,type_2,rel_10,1,1,1,1,train:g342,1,3344.0
3524.0,streamspot:g342:n2283,streamspot:g342:n3935,type_0,type_2,rel_10,1,1,1,1,train:g342,1,3684.0
3525.0,streamspot:g342:n2283,streamspot:g342:n3949,type_0,type_2,rel_10,1,1,1,1,train:g342,1,3698.0
3526.0,streamspot:g342:n2283,streamspot:g342:n4031,type_0,type_2,rel_10,1,1,1,1,train:g342,1,3779.0
3527.0,streamspot:g342:n2283,streamspot:g342:n4235,type_0,type_2,rel_10,1,1,1,1,train:g342,1,4017.0
3528.0,streamspot:g342:n2283,streamspot:g342:n4469,type_0,type_2,rel_16,1,1,1,1,train:g342,1,4281.0
3529.0,streamspot:g342:n2283,streamspot:g342:n4509,type_0,type_2,rel_10,1,1,1,1,train:g342,1,4321.0
3530.0,streamspot:g342:n2283,streamspot:g342:n4511,type_0,type_2,rel_10,1,1,1,1,train:g342,1,4323.0
3531.0,streamspot:g342:n2283,streamspot:g342:n6036,type_0,type_2,rel_10,1,1,1,1,train:g342,1,4794.0
3532.0,streamspot:g342:n2283,streamspot:g342:n6050,type_0,type_2,rel_10,1,1,1,1,train:g342,1,4808.0
3533.0,streamspot:g342:n2283,streamspot:g342:n6063,type_0,type_2,rel_10,1,1,1,1,train:g342,1,4821.0
3534.0,streamspot:g342:n2283,streamspot:g342:n6085,type_0,type_2,rel_10,1,1,1,1,train:g342,1,4843.0
3535.0,streamspot:g342:n2283,streamspot:g342:n6114,type_0,type_2,rel_10,1,1,1,1,train:g342,1,4872.0
3536.0,streamspot:g342:n2283,streamspot:g342:n6145,type_0,type_2,rel_10,1,1,1,1,train:g342,1,4903.0
3537.0,streamspot:g342:n2283,streamspot:g342:n6406,type_0,type_2,rel_10,1,1,1,1,train:g342,1,5164.0
3538.0,streamspot:g342:n2283,streamspot:g342:n6437,type_0,type_2,rel_10,1,1,1,1,train:g342,1,5195.0
3539.0,streamspot:g342:n2283,streamspot:g342:n6563,type_0,type_2,rel_10,1,1,1,1,train:g342,1,5321.0
3540.0,streamspot:g342:n3347,streamspot:g342:n3473,type_0,type_2,rel_10,1,1,1,1,train:g342,1,5440.0
3541.0,streamspot:g342:n3347,streamspot:g342:n3818,type_0,type_2,rel_10,1,1,1,1,train:g342,1,5627.0
3542.0,streamspot:g342:n3639,streamspot:g342:n2467,type_0,type_2,rel_10,1,1,1,1,train:g342,1,5776.0
3543.0,streamspot:g342:n3639,streamspot:g342:n3563,type_0,type_2,rel_10,1,1,1,1,train:g342,1,5895.0
3544.0,streamspot:g342:n4546,streamspot:g342:n4693,type_1,type_2,rel_10,1,1,1,1,train:g342,1,6057.0
3545.0,streamspot:g342:n4658,streamspot:g342:n4227,type_1,type_2,rel_19,1,1,1,1,train:g342,1,6090.0
3546.0,streamspot:g342:n4839,streamspot:g342:n4881,type_0,type_4,rel_5,1,1,1,1,train:g342,1,6230.0
3547.0,streamspot:g342:n4839,streamspot:g342:n5189,type_0,type_4,rel_5,1,1,1,1,train:g342,1,6538.0
3548.0,streamspot:g342:n4839,streamspot:g342:n5261,type_0,type_4,rel_5,1,1,1,1,train:g342,1,6610.0
3549.0,streamspot:g342:n4839,streamspot:g342:n5337,type_0,type_4,rel_5,1,1,1,1,train:g342,1,6686.0
3550.0,streamspot:g342:n4839,streamspot:g342:n5357,type_0,type_4,rel_5,1,1,1,1,train:g342,1,6706.0
3551.0,streamspot:g342:n4839,streamspot:g342:n5688,type_0,type_4,rel_5,1,1,1,1,train:g342,1,7037.0
3552.0,streamspot:g342:n4839,streamspot:g342:n5840,type_0,type_4,rel_5,1,1,1,1,train:g342,1,7189.0
3553.0,streamspot:g342:n4839,streamspot:g342:n5856,type_0,type_4,rel_5,1,1,1,1,train:g342,1,7205.0
3554.0,streamspot:g342:n4839,streamspot:g342:n2302,type_0,type_2,rel_10,1,1,1,1,train:g342,1,7234.0
3555.0,streamspot:g342:n4839,streamspot:g342:n3711,type_0,type_2,rel_10,1,1,1,1,train:g342,1,7262.0
3556.0,streamspot:g342:n4839,streamspot:g342:n2838,type_0,type_2,rel_10,1,1,1,1,train:g342,1,7290.0
3557.0,streamspot:g342:n4839,streamspot:g342:n2377,type_0,type_2,rel_10,1,1,1,1,train:g342,1,7370.0
3558.0,streamspot:g342:n4839,streamspot:g342:n3310,type_0,type_2,rel_10,1,1,1,1,train:g342,1,7404.0
3559.0,streamspot:g342:n6592,streamspot:g342:n6666,type_0,type_2,rel_10,1,1,1,1,train:g342,1,7604.0
3560.0,streamspot:g342:n6592,streamspot:g342:n2369,type_0,type_2,rel_10,1,1,1,1,train:g342,1,7699.0
3561.0,streamspot:g342:n6592,streamspot:g342:n2372,type_0,type_2,rel_10,1,1,1,1,train:g342,1,7702.0
3562.0,streamspot:g342:n6592,streamspot:g342:n2453,type_0,type_2,rel_10,1,1,1,1,train:g342,1,7774.0
3563.0,streamspot:g342:n6592,streamspot:g342:n6678,type_0,type_2,rel_10,1,1,1,1,train:g342,1,7802.0
3564.0,streamspot:g342:n6592,streamspot:g342:n2545,type_0,type_2,rel_10,1,1,1,1,train:g342,1,7886.0
3565.0,streamspot:g342:n6592,streamspot:g342:n2876,type_0,type_2,rel_10,1,1,1,1,train:g342,1,8234.0
3566.0,streamspot:g342:n6592,streamspot:g342:n2883,type_0,type_2,rel_10,1,1,1,1,train:g342,1,8241.0
3567.0,streamspot:g342:n6592,streamspot:g342:n2972,type_0,type_2,rel_10,1,1,1,1,train:g342,1,8335.0
3568.0,streamspot:g342:n6592,streamspot:g342:n3002,type_0,type_2,rel_10,1,1,1,1,train:g342,1,8368.0
3569.0,streamspot:g342:n6592,streamspot:g342:n3020,type_0,type_2,rel_10,1,1,1,1,train:g342,1,8387.0
3570.0,streamspot:g342:n6592,streamspot:g342:n3050,type_0,type_2,rel_10,1,1,1,1,train:g342,1,8419.0
3571.0,streamspot:g342:n6592,streamspot:g342:n3302,type_0,type_2,rel_10,1,1,1,1,train:g342,1,8685.0
3572.0,streamspot:g342:n6592,streamspot:g342:n3321,type_0,type_2,rel_10,1,1,1,1,train:g342,1,8705.0
3573.0,streamspot:g342:n6592,streamspot:g342:n3538,type_0,type_2,rel_10,1,1,1,1,train:g342,1,8784.0
3574.0,streamspot:g342:n6592,streamspot:g342:n3550,type_0,type_2,rel_10,1,1,1,1,train:g342,1,8797.0
3575.0,streamspot:g342:n6592,streamspot:g342:n3576,type_0,type_2,rel_10,1,1,1,1,train:g342,1,8824.0
3576.0,streamspot:g342:n6592,streamspot:g342:n3627,type_0,type_2,rel_16,1,1,1,1,train:g342,1,8875.0
3577.0,streamspot:g342:n6592,streamspot:g342:n3859,type_0,type_2,rel_1,1,1,1,1,train:g342,1,8926.0
3578.0,streamspot:g342:n6592,streamspot:g342:n3957,type_0,type_2,rel_10,1,1,1,1,train:g342,1,9028.0
3579.0,streamspot:g342:n6592,streamspot:g342:n7696,type_0,type_2,rel_10,1,1,1,1,train:g342,1,9285.0
3580.0,streamspot:g342:n6592,streamspot:g342:n6128,type_0,type_2,rel_10,1,1,1,1,train:g342,1,9435.0
3581.0,streamspot:g342:n6592,streamspot:g342:n6205,type_0,type_2,rel_10,1,1,1,1,train:g342,1,9556.0
3582.0,streamspot:g342:n6592,streamspot:g342:n6316,type_0,type_2,rel_10,1,1,1,1,train:g342,1,9613.0
3583.0,streamspot:g342:n6733,streamspot:g342:n3712,type_0,type_2,rel_10,1,1,1,1,train:g342,1,10115.0
3584.0,streamspot:g342:n6733,streamspot:g342:n2463,type_0,type_2,rel_10,1,1,1,1,train:g342,1,10179.0
3585.0,streamspot:g342:n6733,streamspot:g342:n3587,type_0,type_2,rel_10,1,1,1,1,train:g342,1,10334.0
3586.0,streamspot:g342:n6775,streamspot:g342:n6918,type_0,type_2,rel_10,1,1,1,1,train:g342,1,10708.0
3587.0,streamspot:g342:n6775,streamspot:g342:n7139,type_0,type_2,rel_10,1,1,1,1,train:g342,1,10929.0
3588.0,streamspot:g342:n6775,streamspot:g342:n7173,type_0,type_2,rel_16,1,1,1,1,train:g342,1,10963.0
3589.0,streamspot:g342:n6775,streamspot:g342:n7207,type_0,type_2,rel_16,1,1,1,1,train:g342,1,10997.0
3590.0,streamspot:g342:n6775,streamspot:g342:n7242,type_0,type_2,rel_10,1,1,1,1,train:g342,1,11032.0
3591.0,streamspot:g342:n6775,streamspot:g342:n7438,type_0,type_2,rel_10,1,1,1,1,train:g342,1,11228.0
3592.0,streamspot:g342:n6775,streamspot:g342:n7441,type_0,type_2,rel_10,1,1,1,1,train:g342,1,11231.0
3593.0,streamspot:g342:n6775,streamspot:g342:n7521,type_0,type_2,rel_10,1,1,1,1,train:g342,1,11311.0
3594.0,streamspot:g342:n7856,streamspot:g342:n7920,type_0,type_4,rel_8,1,1,1,1,train:g342,1,11549.0
3595.0,streamspot:g342:n7856,streamspot:g342:n7954,type_0,type_4,rel_8,1,1,1,1,train:g342,1,11583.0
3596.0,streamspot:g342:n7856,streamspot:g342:n8001,type_0,type_4,rel_8,1,1,1,1,train:g342,1,11630.0
3597.0,streamspot:g342:n7856,streamspot:g342:n8270,type_0,type_4,rel_8,1,1,1,1,train:g342,1,11899.0
3598.0,streamspot:g342:n7856,streamspot:g342:n8467,type_0,type_4,rel_8,1,1,1,1,train:g342,1,12096.0
3599.0,streamspot:g342:n7856,streamspot:g342:n8662,type_0,type_4,rel_8,1,1,1,1,train:g342,1,12291.0
3600.0,streamspot:g342:n7856,streamspot:g342:n8915,type_0,type_4,rel_8,1,1,1,1,train:g342,1,12544.0
3601.0,streamspot:g323:n0,streamspot:g323:n39,type_0,type_2,rel_16,1,1,1,1,train:g323,1,38.0
3602.0,streamspot:g323:n0,streamspot:g323:n236,type_0,type_2,rel_10,1,1,1,1,train:g323,1,235.0
3603.0,streamspot:g323:n0,streamspot:g323:n272,type_0,type_2,rel_10,1,1,1,1,train:g323,1,271.0
3604.0,streamspot:g323:n0,streamspot:g323:n574,type_0,type_2,rel_16,1,1,1,1,train:g323,1,573.0
3605.0,streamspot:g323:n0,streamspot:g323:n847,type_0,type_2,rel_10,1,1,1,1,train:g323,1,846.0
3606.0,streamspot:g323:n0,streamspot:g323:n880,type_0,type_2,rel_16,1,1,1,1,train:g323,1,879.0
3607.0,streamspot:g323:n0,streamspot:g323:n1113,type_0,type_2,rel_16,1,1,1,1,train:g323,1,1112.0
3608.0,streamspot:g323:n0,streamspot:g323:n1166,type_0,type_2,rel_10,1,1,1,1,train:g323,1,1165.0
3609.0,streamspot:g323:n0,streamspot:g323:n1260,type_0,type_2,rel_10,1,1,1,1,train:g323,1,1259.0
3610.0,streamspot:g323:n0,streamspot:g323:n1288,type_0,type_2,rel_10,1,1,1,1,train:g323,1,1287.0
3611.0,streamspot:g323:n0,streamspot:g323:n1696,type_0,type_2,rel_16,1,1,1,1,train:g323,1,1695.0
3612.0,streamspot:g323:n0,streamspot:g323:n1774,type_0,type_2,rel_16,1,1,1,1,train:g323,1,1773.0
3613.0,streamspot:g323:n0,streamspot:g323:n2139,type_0,type_2,rel_1,1,1,1,1,train:g323,1,2125.0
3614.0,streamspot:g323:n0,streamspot:g323:n2230,type_0,type_2,rel_10,1,1,1,1,train:g323,1,2216.0
3615.0,streamspot:g323:n2283,streamspot:g323:n2470,type_0,type_2,rel_10,1,1,1,1,train:g323,1,2534.0
3616.0,streamspot:g323:n2283,streamspot:g323:n14,type_0,type_2,rel_10,1,1,1,1,train:g323,1,2538.0
3617.0,streamspot:g323:n2283,streamspot:g323:n2531,type_0,type_2,rel_10,1,1,1,1,train:g323,1,2596.0
3618.0,streamspot:g323:n2283,streamspot:g323:n3405,type_0,type_2,rel_10,1,1,1,1,train:g323,1,3430.0
3619.0,streamspot:g323:n2283,streamspot:g323:n3919,type_0,type_2,rel_10,1,1,1,1,train:g323,1,3668.0
3620.0,streamspot:g323:n2283,streamspot:g323:n3809,type_0,type_2,rel_16,1,1,1,1,train:g323,1,3790.0
3621.0,streamspot:g323:n2283,streamspot:g323:n3815,type_0,type_2,rel_16,1,1,1,1,train:g323,1,3796.0
3622.0,streamspot:g323:n2283,streamspot:g323:n4096,type_0,type_2,rel_16,1,1,1,1,train:g323,1,3876.0
3623.0,streamspot:g323:n2283,streamspot:g323:n4101,type_0,type_2,rel_10,1,1,1,1,train:g323,1,3881.0
3624.0,streamspot:g323:n2283,streamspot:g323:n4207,type_0,type_2,rel_1,1,1,1,1,train:g323,1,3989.0
3625.0,streamspot:g323:n2283,streamspot:g323:n4291,type_0,type_2,rel_10,1,1,1,1,train:g323,1,4073.0
3626.0,streamspot:g323:n2283,streamspot:g323:n4371,type_0,type_2,rel_10,1,1,1,1,train:g323,1,4153.0
3627.0,streamspot:g323:n2283,streamspot:g323:n2255,type_0,type_2,rel_16,1,1,1,1,train:g323,1,4195.0
3628.0,streamspot:g323:n2283,streamspot:g323:n2268,type_0,type_2,rel_16,1,1,1,1,train:g323,1,4208.0
3629.0,streamspot:g323:n2283,streamspot:g323:n4450,type_0,type_2,rel_16,1,1,1,1,train:g323,1,4262.0
3630.0,streamspot:g323:n2283,streamspot:g323:n4678,type_0,type_2,rel_10,1,1,1,1,train:g323,1,4584.0
3631.0,streamspot:g323:n2283,streamspot:g323:n4715,type_0,type_2,rel_10,1,1,1,1,train:g323,1,4621.0
3632.0,streamspot:g323:n2283,streamspot:g323:n6087,type_0,type_2,rel_10,1,1,1,1,train:g323,1,4844.0
3633.0,streamspot:g323:n2283,streamspot:g323:n6270,type_0,type_2,rel_10,1,1,1,1,train:g323,1,5027.0
3634.0,streamspot:g323:n2283,streamspot:g323:n6297,type_0,type_2,rel_10,1,1,1,1,train:g323,1,5054.0
3635.0,streamspot:g323:n2283,streamspot:g323:n6317,type_0,type_2,rel_10,1,1,1,1,train:g323,1,5074.0
3636.0,streamspot:g323:n2283,streamspot:g323:n6338,type_0,type_2,rel_10,1,1,1,1,train:g323,1,5095.0
3637.0,streamspot:g323:n2283,streamspot:g323:n6416,type_0,type_2,rel_10,1,1,1,1,train:g323,1,5173.0
3638.0,streamspot:g323:n2283,streamspot:g323:n6449,type_0,type_2,rel_10,1,1,1,1,train:g323,1,5206.0
3639.0,streamspot:g323:n3347,streamspot:g323:n3429,type_0,type_2,rel_10,1,1,1,1,train:g323,1,5406.0
3640.0,streamspot:g323:n3347,streamspot:g323:n3752,type_0,type_2,rel_10,1,1,1,1,train:g323,1,5562.0
3641.0,streamspot:g323:n3347,streamspot:g323:n3832,type_0,type_2,rel_10,1,1,1,1,train:g323,1,5633.0
3642.0,streamspot:g323:n3637,streamspot:g323:n6,type_1,type_2,rel_9,1,1,1,1,train:g323,1,5647.0
3643.0,streamspot:g323:n3639,streamspot:g323:n2324,type_0,type_2,rel_16,1,1,1,1,train:g323,1,5701.0
3644.0,streamspot:g323:n3639,streamspot:g323:n3536,type_0,type_2,rel_10,1,1,1,1,train:g323,1,5866.0
3645.0,streamspot:g323:n3639,streamspot:g323:n3583,type_0,type_2,rel_10,1,1,1,1,train:g323,1,5913.0
3646.0,streamspot:g323:n4145,streamspot:g323:n4154,type_1,type_4,rel_11,1,1,1,1,train:g323,1,5944.0
3647.0,streamspot:g323:n4674,streamspot:g323:n5872,type_1,type_2,rel_10,1,1,1,1,train:g323,1,6177.0
3648.0,streamspot:g323:n4838,streamspot:g323:n5073,type_0,type_4,rel_5,1,1,1,1,train:g323,1,6419.0
3649.0,streamspot:g323:n4838,streamspot:g323:n5154,type_0,type_4,rel_5,1,1,1,1,train:g323,1,6500.0
3650.0,streamspot:g323:n4838,streamspot:g323:n5175,type_0,type_4,rel_5,1,1,1,1,train:g323,1,6521.0
3651.0,streamspot:g323:n4838,streamspot:g323:n5188,type_0,type_4,rel_5,1,1,1,1,train:g323,1,6534.0
3652.0,streamspot:g323:n4838,streamspot:g323:n5307,type_0,type_4,rel_5,1,1,1,1,train:g323,1,6653.0
3653.0,streamspot:g323:n4838,streamspot:g323:n5419,type_0,type_4,rel_5,1,1,1,1,train:g323,1,6765.0
3654.0,streamspot:g323:n4838,streamspot:g323:n5665,type_0,type_4,rel_5,1,1,1,1,train:g323,1,7011.0
3655.0,streamspot:g323:n4838,streamspot:g323:n6,type_0,type_2,rel_9,1,1,1,1,train:g323,1,7213.0
3656.0,streamspot:g323:n4838,streamspot:g323:n2296,type_0,type_2,rel_10,1,1,1,1,train:g323,1,7224.0
3657.0,streamspot:g323:n4838,streamspot:g323:n3299,type_0,type_2,rel_10,1,1,1,1,train:g323,1,7389.0
3658.0,streamspot:g323:n4838,streamspot:g323:n3531,type_0,type_2,rel_10,1,1,1,1,train:g323,1,7413.0
3659.0,streamspot:g323:n6591,streamspot:g323:n6629,type_0,type_4,rel_5,1,1,1,1,train:g323,1,7563.0
3660.0,streamspot:g323:n6591,streamspot:g323:n6630,type_0,type_4,rel_5,1,1,1,1,train:g323,1,7564.0
3661.0,streamspot:g323:n6591,streamspot:g323:n6633,type_0,type_4,rel_5,1,1,1,1,train:g323,1,7567.0
3662.0,streamspot:g323:n6591,streamspot:g323:n6669,type_0,type_2,rel_10,1,1,1,1,train:g323,1,7605.0
3663.0,streamspot:g323:n6591,streamspot:g323:n2352,type_0,type_2,rel_10,1,1,1,1,train:g323,1,7676.0
3664.0,streamspot:g323:n6591,streamspot:g323:n2865,type_0,type_2,rel_10,1,1,1,1,train:g323,1,8219.0
3665.0,streamspot:g323:n6591,streamspot:g323:n3120,type_0,type_2,rel_10,1,1,1,1,train:g323,1,8490.0
3666.0,streamspot:g323:n6591,streamspot:g323:n3196,type_0,type_2,rel_10,1,1,1,1,train:g323,1,8570.0
3667.0,streamspot:g323:n6591,streamspot:g323:n3247,type_0,type_2,rel_10,1,1,1,1,train:g323,1,8624.0
3668.0,streamspot:g323:n6591,streamspot:g323:n3280,type_0,type_2,rel_10,1,1,1,1,train:g323,1,8658.0
3669.0,streamspot:g323:n6591,streamspot:g323:n3543,type_0,type_2,rel_10,1,1,1,1,train:g323,1,8786.0
3670.0,streamspot:g323:n6591,streamspot:g323:n3657,type_0,type_2,rel_10,1,1,1,1,train:g323,1,8890.0
3671.0,streamspot:g323:n6591,streamspot:g323:n3986,type_0,type_2,rel_10,1,1,1,1,train:g323,1,9056.0
3672.0,streamspot:g323:n6591,streamspot:g323:n4524,type_0,type_2,rel_10,1,1,1,1,train:g323,1,9101.0
3673.0,streamspot:g323:n6591,streamspot:g323:n7598,type_0,type_2,rel_10,1,1,1,1,train:g323,1,9121.0
3674.0,streamspot:g323:n6591,streamspot:g323:n7599,type_0,type_2,rel_10,1,1,1,1,train:g323,1,9122.0
3675.0,streamspot:g323:n6591,streamspot:g323:n6174,type_0,type_2,rel_10,1,1,1,1,train:g323,1,9481.0
3676.0,streamspot:g323:n6591,streamspot:g323:n6182,type_0,type_2,rel_10,1,1,1,1,train:g323,1,9530.0
3677.0,streamspot:g323:n6591,streamspot:g323:n6238,type_0,type_2,rel_10,1,1,1,1,train:g323,1,9589.0
3678.0,streamspot:g323:n6591,streamspot:g323:n6334,type_0,type_2,rel_10,1,1,1,1,train:g323,1,9630.0
3679.0,streamspot:g323:n6591,streamspot:g323:n6359,type_0,type_2,rel_10,1,1,1,1,train:g323,1,9656.0
3680.0,streamspot:g323:n6591,streamspot:g323:n6370,type_0,type_2,rel_10,1,1,1,1,train:g323,1,9668.0
3681.0,streamspot:g323:n6591,streamspot:g323:n6261,type_0,type_2,rel_10,1,1,1,1,train:g323,1,9713.0
3682.0,streamspot:g323:n6591,streamspot:g323:n6291,type_0,type_2,rel_10,1,1,1,1,train:g323,1,9745.0
3683.0,streamspot:g323:n6591,streamspot:g323:n6435,type_0,type_2,rel_10,1,1,1,1,train:g323,1,9796.0
3684.0,streamspot:g323:n6591,streamspot:g323:n6442,type_0,type_2,rel_10,1,1,1,1,train:g323,1,9804.0
3685.0,streamspot:g323:n6591,streamspot:g323:n6458,type_0,type_2,rel_10,1,1,1,1,train:g323,1,9820.0
3686.0,streamspot:g323:n6732,streamspot:g323:n2841,type_0,type_2,rel_10,1,1,1,1,train:g323,1,10141.0
3687.0,streamspot:g323:n6774,streamspot:g323:n6830,type_0,type_2,rel_10,1,1,1,1,train:g323,1,10606.0
3688.0,streamspot:g323:n6774,streamspot:g323:n6857,type_0,type_2,rel_10,1,1,1,1,train:g323,1,10643.0
3689.0,streamspot:g323:n6774,streamspot:g323:n6894,type_0,type_2,rel_10,1,1,1,1,train:g323,1,10682.0
3690.0,streamspot:g323:n6774,streamspot:g323:n6899,type_0,type_2,rel_16,1,1,1,1,train:g323,1,10687.0
3691.0,streamspot:g323:n6774,streamspot:g323:n7169,type_0,type_2,rel_10,1,1,1,1,train:g323,1,10957.0
3692.0,streamspot:g323:n6774,streamspot:g323:n7548,type_0,type_2,rel_10,1,1,1,1,train:g323,1,11337.0
3693.0,streamspot:g323:n6784,streamspot:g323:n2456,type_0,type_2,rel_10,1,1,1,1,train:g323,1,11492.0
3694.0,streamspot:g323:n7855,streamspot:g323:n8130,type_0,type_4,rel_8,1,1,1,1,train:g323,1,11757.0
3695.0,streamspot:g323:n7855,streamspot:g323:n8384,type_0,type_4,rel_8,1,1,1,1,train:g323,1,12011.0
3696.0,streamspot:g323:n7855,streamspot:g323:n8448,type_0,type_4,rel_8,1,1,1,1,train:g323,1,12075.0
3697.0,streamspot:g323:n7855,streamspot:g323:n8504,type_0,type_4,rel_8,1,1,1,1,train:g323,1,12131.0
3698.0,streamspot:g323:n7855,streamspot:g323:n8519,type_0,type_4,rel_8,1,1,1,1,train:g323,1,12146.0
3699.0,streamspot:g323:n7855,streamspot:g323:n8740,type_0,type_4,rel_8,1,1,1,1,train:g323,1,12367.0
3700.0,streamspot:g323:n7855,streamspot:g323:n8865,type_0,type_4,rel_8,1,1,1,1,train:g323,1,12492.0
3701.0,streamspot:g334:n0,streamspot:g334:n50,type_0,type_2,rel_10,1,1,1,1,train:g334,1,49.0
3702.0,streamspot:g334:n0,streamspot:g334:n179,type_0,type_2,rel_10,1,1,1,1,train:g334,1,178.0
3703.0,streamspot:g334:n0,streamspot:g334:n387,type_0,type_2,rel_10,1,1,1,1,train:g334,1,386.0
3704.0,streamspot:g334:n0,streamspot:g334:n401,type_0,type_2,rel_10,1,1,1,1,train:g334,1,400.0
3705.0,streamspot:g334:n0,streamspot:g334:n569,type_0,type_2,rel_16,1,1,1,1,train:g334,1,568.0
3706.0,streamspot:g334:n0,streamspot:g334:n640,type_0,type_2,rel_10,1,1,1,1,train:g334,1,639.0
3707.0,streamspot:g334:n0,streamspot:g334:n727,type_0,type_2,rel_10,1,1,1,1,train:g334,1,726.0
3708.0,streamspot:g334:n0,streamspot:g334:n766,type_0,type_2,rel_10,1,1,1,1,train:g334,1,765.0
3709.0,streamspot:g334:n0,streamspot:g334:n971,type_0,type_2,rel_10,1,1,1,1,train:g334,1,970.0
3710.0,streamspot:g334:n0,streamspot:g334:n1210,type_0,type_2,rel_10,1,1,1,1,train:g334,1,1209.0
3711.0,streamspot:g334:n0,streamspot:g334:n1216,type_0,type_2,rel_10,1,1,1,1,train:g334,1,1215.0
3712.0,streamspot:g334:n0,streamspot:g334:n1244,type_0,type_2,rel_16,1,1,1,1,train:g334,1,1243.0
3713.0,streamspot:g334:n0,streamspot:g334:n1393,type_0,type_2,rel_10,1,1,1,1,train:g334,1,1392.0
3714.0,streamspot:g334:n0,streamspot:g334:n1661,type_0,type_2,rel_16,1,1,1,1,train:g334,1,1660.0
3715.0,streamspot:g334:n0,streamspot:g334:n1830,type_0,type_2,rel_16,1,1,1,1,train:g334,1,1829.0
3716.0,streamspot:g334:n0,streamspot:g334:n1929,type_0,type_2,rel_10,1,1,1,1,train:g334,1,1928.0
3717.0,streamspot:g334:n0,streamspot:g334:n1944,type_0,type_2,rel_10,1,1,1,1,train:g334,1,1943.0
3718.0,streamspot:g334:n0,streamspot:g334:n2008,type_0,type_2,rel_16,1,1,1,1,train:g334,1,2007.0
3719.0,streamspot:g334:n0,streamspot:g334:n2082,type_0,type_2,rel_10,1,1,1,1,train:g334,1,2081.0
3720.0,streamspot:g334:n0,streamspot:g334:n2277,type_0,type_2,rel_16,1,1,1,1,train:g334,1,2263.0
3721.0,streamspot:g334:n2124,streamspot:g334:n21,type_0,type_2,rel_5,1,1,1,1,train:g334,1,2320.0
3722.0,streamspot:g334:n2283,streamspot:g334:n2622,type_0,type_2,rel_10,1,1,1,1,train:g334,1,2687.0
3723.0,streamspot:g334:n2283,streamspot:g334:n2721,type_0,type_2,rel_10,1,1,1,1,train:g334,1,2786.0
3724.0,streamspot:g334:n2283,streamspot:g334:n2757,type_0,type_2,rel_10,1,1,1,1,train:g334,1,2822.0
3725.0,streamspot:g334:n2283,streamspot:g334:n2819,type_0,type_2,rel_10,1,1,1,1,train:g334,1,2884.0
3726.0,streamspot:g334:n2283,streamspot:g334:n2938,type_0,type_2,rel_10,1,1,1,1,train:g334,1,3003.0
3727.0,streamspot:g334:n2283,streamspot:g334:n2991,type_0,type_2,rel_10,1,1,1,1,train:g334,1,3057.0
3728.0,streamspot:g334:n2283,streamspot:g334:n3028,type_0,type_2,rel_10,1,1,1,1,train:g334,1,3094.0
3729.0,streamspot:g334:n2283,streamspot:g334:n3047,type_0,type_2,rel_10,1,1,1,1,train:g334,1,3114.0
3730.0,streamspot:g334:n2283,streamspot:g334:n3190,type_0,type_2,rel_10,1,1,1,1,train:g334,1,3257.0
3731.0,streamspot:g334:n2283,streamspot:g334:n3192,type_0,type_2,rel_10,1,1,1,1,train:g334,1,3259.0
3732.0,streamspot:g334:n2283,streamspot:g334:n3222,type_0,type_2,rel_10,1,1,1,1,train:g334,1,3289.0
3733.0,streamspot:g334:n2283,streamspot:g334:n3283,type_0,type_2,rel_10,1,1,1,1,train:g334,1,3350.0
3734.0,streamspot:g334:n2283,streamspot:g334:n3398,type_0,type_2,rel_10,1,1,1,1,train:g334,1,3423.0
3735.0,streamspot:g334:n2283,streamspot:g334:n3933,type_0,type_2,rel_10,1,1,1,1,train:g334,1,3682.0
3736.0,streamspot:g334:n2283,streamspot:g334:n4020,type_0,type_2,rel_10,1,1,1,1,train:g334,1,3769.0
3737.0,streamspot:g334:n2283,streamspot:g334:n3828,type_0,type_2,rel_16,1,1,1,1,train:g334,1,3798.0
3738.0,streamspot:g334:n2283,streamspot:g334:n4071,type_0,type_2,rel_16,1,1,1,1,train:g334,1,3852.0
3739.0,streamspot:g334:n2283,streamspot:g334:n4095,type_0,type_2,rel_10,1,1,1,1,train:g334,1,3875.0
3740.0,streamspot:g334:n2283,streamspot:g334:n4210,type_0,type_2,rel_1,1,1,1,1,train:g334,1,3992.0
3741.0,streamspot:g334:n2283,streamspot:g334:n4389,type_0,type_2,rel_1,1,1,1,1,train:g334,1,4165.0
3742.0,streamspot:g334:n2283,streamspot:g334:n4495,type_0,type_2,rel_10,1,1,1,1,train:g334,1,4307.0
3743.0,streamspot:g334:n2283,streamspot:g334:n4529,type_0,type_2,rel_1,1,1,1,1,train:g334,1,4341.0
3744.0,streamspot:g334:n2283,streamspot:g334:n4799,type_0,type_2,rel_10,1,1,1,1,train:g334,1,4554.0
3745.0,streamspot:g334:n2283,streamspot:g334:n4682,type_0,type_2,rel_10,1,1,1,1,train:g334,1,4587.0
3746.0,streamspot:g334:n2283,streamspot:g334:n5932,type_0,type_2,rel_10,1,1,1,1,train:g334,1,4689.0
3747.0,streamspot:g334:n2283,streamspot:g334:n6083,type_0,type_2,rel_10,1,1,1,1,train:g334,1,4840.0
3748.0,streamspot:g334:n2283,streamspot:g334:n6096,type_0,type_2,rel_10,1,1,1,1,train:g334,1,4853.0
3749.0,streamspot:g334:n2283,streamspot:g334:n6103,type_0,type_2,rel_10,1,1,1,1,train:g334,1,4860.0
3750.0,streamspot:g334:n2283,streamspot:g334:n6226,type_0,type_2,rel_10,1,1,1,1,train:g334,1,4983.0
3751.0,streamspot:g334:n3347,streamspot:g334:n3461,type_0,type_2,rel_10,1,1,1,1,train:g334,1,5428.0
3752.0,streamspot:g334:n3347,streamspot:g334:n3716,type_0,type_2,rel_10,1,1,1,1,train:g334,1,5525.0
3753.0,streamspot:g334:n3347,streamspot:g334:n3736,type_0,type_2,rel_10,1,1,1,1,train:g334,1,5545.0
3754.0,streamspot:g334:n3347,streamspot:g334:n3819,type_0,type_2,rel_10,1,1,1,1,train:g334,1,5608.0
3755.0,streamspot:g334:n3639,streamspot:g334:n3647,type_0,type_4,rel_5,1,1,1,1,train:g334,1,5653.0
3756.0,streamspot:g334:n3639,streamspot:g334:n2290,type_0,type_2,rel_10,1,1,1,1,train:g334,1,5665.0
3757.0,streamspot:g334:n3639,streamspot:g334:n2310,type_0,type_2,rel_10,1,1,1,1,train:g334,1,5685.0
3758.0,streamspot:g334:n3639,streamspot:g334:n3226,type_0,type_2,rel_10,1,1,1,1,train:g334,1,5782.0
3759.0,streamspot:g334:n3639,streamspot:g334:n3284,type_0,type_2,rel_10,1,1,1,1,train:g334,1,5821.0
3760.0,streamspot:g334:n3639,streamspot:g334:n3581,type_0,type_2,rel_10,1,1,1,1,train:g334,1,5910.0
3761.0,streamspot:g334:n4535,streamspot:g334:n4717,type_1,type_2,rel_10,1,1,1,1,train:g334,1,6026.0
3762.0,streamspot:g334:n4546,streamspot:g334:n4685,type_1,type_2,rel_10,1,1,1,1,train:g334,1,6048.0
3763.0,streamspot:g334:n4673,streamspot:g334:n5881,type_1,type_2,rel_10,1,1,1,1,train:g334,1,6180.0
3764.0,streamspot:g334:n4836,streamspot:g334:n5001,type_0,type_4,rel_5,1,1,1,1,train:g334,1,6351.0
3765.0,streamspot:g334:n4836,streamspot:g334:n5450,type_0,type_4,rel_5,1,1,1,1,train:g334,1,6800.0
3766.0,streamspot:g334:n4836,streamspot:g334:n5507,type_0,type_4,rel_5,1,1,1,1,train:g334,1,6857.0
3767.0,streamspot:g334:n4836,streamspot:g334:n5600,type_0,type_4,rel_5,1,1,1,1,train:g334,1,6950.0
3768.0,streamspot:g334:n4836,streamspot:g334:n2306,type_0,type_2,rel_10,1,1,1,1,train:g334,1,7236.0
3769.0,streamspot:g334:n4836,streamspot:g334:n2371,type_0,type_2,rel_10,1,1,1,1,train:g334,1,7362.0
3770.0,streamspot:g334:n4836,streamspot:g334:n3597,type_0,type_2,rel_10,1,1,1,1,train:g334,1,7481.0
3771.0,streamspot:g334:n5900,streamspot:g334:n5903,type_1,type_2,rel_1,1,1,1,1,train:g334,1,7504.0
3772.0,streamspot:g334:n6590,streamspot:g334:n6612,type_0,type_4,rel_5,1,1,1,1,train:g334,1,7549.0
3773.0,streamspot:g334:n6590,streamspot:g334:n2310,type_0,type_2,rel_10,1,1,1,1,train:g334,1,7633.0
3774.0,streamspot:g334:n6590,streamspot:g334:n2425,type_0,type_2,rel_10,1,1,1,1,train:g334,1,7743.0
3775.0,streamspot:g334:n6590,streamspot:g334:n2856,type_0,type_2,rel_10,1,1,1,1,train:g334,1,8212.0
3776.0,streamspot:g334:n6590,streamspot:g334:n3532,type_0,type_2,rel_10,1,1,1,1,train:g334,1,8777.0
3777.0,streamspot:g334:n6590,streamspot:g334:n7623,type_0,type_2,rel_10,1,1,1,1,train:g334,1,9166.0
3778.0,streamspot:g334:n6590,streamspot:g334:n3739,type_0,type_2,rel_16,1,1,1,1,train:g334,1,9183.0
3779.0,streamspot:g334:n6590,streamspot:g334:n7715,type_0,type_2,rel_10,1,1,1,1,train:g334,1,9305.0
3780.0,streamspot:g334:n6590,streamspot:g334:n6024,type_0,type_2,rel_10,1,1,1,1,train:g334,1,9327.0
3781.0,streamspot:g334:n6590,streamspot:g334:n6044,type_0,type_2,rel_10,1,1,1,1,train:g334,1,9348.0
3782.0,streamspot:g334:n6590,streamspot:g334:n7736,type_0,type_2,rel_10,1,1,1,1,train:g334,1,9402.0
3783.0,streamspot:g334:n6590,streamspot:g334:n7751,type_0,type_2,rel_10,1,1,1,1,train:g334,1,9418.0
3784.0,streamspot:g334:n6590,streamspot:g334:n6234,type_0,type_2,rel_10,1,1,1,1,train:g334,1,9588.0
3785.0,streamspot:g334:n6590,streamspot:g334:n6384,type_0,type_2,rel_10,1,1,1,1,train:g334,1,9686.0
3786.0,streamspot:g334:n6590,streamspot:g334:n6293,type_0,type_2,rel_10,1,1,1,1,train:g334,1,9750.0
3787.0,streamspot:g334:n6590,streamspot:g334:n7774,type_0,type_2,rel_10,1,1,1,1,train:g334,1,9765.0
3788.0,streamspot:g334:n6590,streamspot:g334:n7816,type_0,type_2,rel_10,1,1,1,1,train:g334,1,9929.0
3789.0,streamspot:g334:n6731,streamspot:g334:n6675,type_0,type_2,rel_10,1,1,1,1,train:g334,1,10170.0
3790.0,streamspot:g334:n6731,streamspot:g334:n3594,type_0,type_2,rel_10,1,1,1,1,train:g334,1,10340.0
3791.0,streamspot:g334:n6731,streamspot:g334:n3598,type_0,type_2,rel_10,1,1,1,1,train:g334,1,10344.0
3792.0,streamspot:g334:n6773,streamspot:g334:n6667,type_0,type_2,rel_16,1,1,1,1,train:g334,1,10529.0
3793.0,streamspot:g334:n6773,streamspot:g334:n2338,type_0,type_2,rel_16,1,1,1,1,train:g334,1,10586.0
3794.0,streamspot:g334:n6773,streamspot:g334:n7199,type_0,type_2,rel_10,1,1,1,1,train:g334,1,10990.0
3795.0,streamspot:g334:n6773,streamspot:g334:n7344,type_0,type_2,rel_10,1,1,1,1,train:g334,1,11135.0
3796.0,streamspot:g334:n6773,streamspot:g334:n7508,type_0,type_2,rel_10,1,1,1,1,train:g334,1,11299.0
3797.0,streamspot:g334:n6773,streamspot:g334:n7517,type_0,type_2,rel_10,1,1,1,1,train:g334,1,11308.0
3798.0,streamspot:g334:n6773,streamspot:g334:n7559,type_0,type_2,rel_10,1,1,1,1,train:g334,1,11351.0
3799.0,streamspot:g334:n6783,streamspot:g334:n2312,type_0,type_2,rel_10,1,1,1,1,train:g334,1,11436.0
3800.0,streamspot:g334:n6783,streamspot:g334:n6844,type_0,type_2,rel_10,1,1,1,1,train:g334,1,11520.0
3801.0,streamspot:g368:n0,streamspot:g368:n128,type_0,type_2,rel_10,1,1,1,1,train:g368,1,127.0
3802.0,streamspot:g368:n0,streamspot:g368:n204,type_0,type_2,rel_16,1,1,1,1,train:g368,1,203.0
3803.0,streamspot:g368:n0,streamspot:g368:n389,type_0,type_2,rel_16,1,1,1,1,train:g368,1,388.0
3804.0,streamspot:g368:n0,streamspot:g368:n465,type_0,type_2,rel_10,1,1,1,1,train:g368,1,464.0
3805.0,streamspot:g368:n0,streamspot:g368:n580,type_0,type_2,rel_10,1,1,1,1,train:g368,1,579.0
3806.0,streamspot:g368:n0,streamspot:g368:n603,type_0,type_2,rel_10,1,1,1,1,train:g368,1,602.0
3807.0,streamspot:g368:n0,streamspot:g368:n658,type_0,type_2,rel_10,1,1,1,1,train:g368,1,657.0
3808.0,streamspot:g368:n0,streamspot:g368:n754,type_0,type_2,rel_10,1,1,1,1,train:g368,1,753.0
3809.0,streamspot:g368:n0,streamspot:g368:n956,type_0,type_2,rel_10,1,1,1,1,train:g368,1,955.0
3810.0,streamspot:g368:n0,streamspot:g368:n985,type_0,type_2,rel_16,1,1,1,1,train:g368,1,984.0
3811.0,streamspot:g368:n0,streamspot:g368:n1052,type_0,type_2,rel_16,1,1,1,1,train:g368,1,1051.0
3812.0,streamspot:g368:n0,streamspot:g368:n1144,type_0,type_2,rel_10,1,1,1,1,train:g368,1,1143.0
3813.0,streamspot:g368:n0,streamspot:g368:n1217,type_0,type_2,rel_10,1,1,1,1,train:g368,1,1216.0
3814.0,streamspot:g368:n0,streamspot:g368:n1314,type_0,type_2,rel_10,1,1,1,1,train:g368,1,1313.0
3815.0,streamspot:g368:n0,streamspot:g368:n1555,type_0,type_2,rel_16,1,1,1,1,train:g368,1,1554.0
3816.0,streamspot:g368:n0,streamspot:g368:n1762,type_0,type_2,rel_16,1,1,1,1,train:g368,1,1761.0
3817.0,streamspot:g368:n0,streamspot:g368:n1884,type_0,type_2,rel_10,1,1,1,1,train:g368,1,1883.0
3818.0,streamspot:g368:n0,streamspot:g368:n2116,type_0,type_2,rel_16,1,1,1,1,train:g368,1,2115.0
3819.0,streamspot:g368:n0,streamspot:g368:n2260,type_0,type_2,rel_16,1,1,1,1,train:g368,1,2246.0
3820.0,streamspot:g368:n0,streamspot:g368:n2277,type_0,type_2,rel_16,1,1,1,1,train:g368,1,2263.0
3821.0,streamspot:g368:n2134,streamspot:g368:n2133,type_0,type_2,rel_7,1,1,1,1,train:g368,1,2329.0
3822.0,streamspot:g368:n2283,streamspot:g368:n2621,type_0,type_2,rel_10,1,1,1,1,train:g368,1,2686.0
3823.0,streamspot:g368:n2283,streamspot:g368:n4045,type_0,type_2,rel_10,1,1,1,1,train:g368,1,3805.0
3824.0,streamspot:g368:n2283,streamspot:g368:n4079,type_0,type_2,rel_10,1,1,1,1,train:g368,1,3859.0
3825.0,streamspot:g368:n2283,streamspot:g368:n4188,type_0,type_2,rel_1,1,1,1,1,train:g368,1,3969.0
3826.0,streamspot:g368:n2283,streamspot:g368:n4192,type_0,type_2,rel_1,1,1,1,1,train:g368,1,3973.0
3827.0,streamspot:g368:n2283,streamspot:g368:n4195,type_0,type_2,rel_1,1,1,1,1,train:g368,1,3976.0
3828.0,streamspot:g368:n2283,streamspot:g368:n2272,type_0,type_2,rel_16,1,1,1,1,train:g368,1,4212.0
3829.0,streamspot:g368:n2283,streamspot:g368:n4773,type_0,type_2,rel_10,1,1,1,1,train:g368,1,4527.0
3830.0,streamspot:g368:n2283,streamspot:g368:n4816,type_0,type_2,rel_10,1,1,1,1,train:g368,1,4570.0
3831.0,streamspot:g368:n2283,streamspot:g368:n5970,type_0,type_2,rel_10,1,1,1,1,train:g368,1,4726.0
3832.0,streamspot:g368:n2283,streamspot:g368:n5975,type_0,type_2,rel_10,1,1,1,1,train:g368,1,4731.0
3833.0,streamspot:g368:n2283,streamspot:g368:n6081,type_0,type_2,rel_10,1,1,1,1,train:g368,1,4837.0
3834.0,streamspot:g368:n2283,streamspot:g368:n6082,type_0,type_2,rel_10,1,1,1,1,train:g368,1,4838.0
3835.0,streamspot:g368:n2283,streamspot:g368:n6149,type_0,type_2,rel_10,1,1,1,1,train:g368,1,4905.0
3836.0,streamspot:g368:n2283,streamspot:g368:n6344,type_0,type_2,rel_10,1,1,1,1,train:g368,1,5100.0
3837.0,streamspot:g368:n2283,streamspot:g368:n6432,type_0,type_2,rel_10,1,1,1,1,train:g368,1,5188.0
3838.0,streamspot:g368:n2283,streamspot:g368:n6466,type_0,type_2,rel_10,1,1,1,1,train:g368,1,5222.0
3839.0,streamspot:g368:n2283,streamspot:g368:n6565,type_0,type_2,rel_10,1,1,1,1,train:g368,1,5321.0
3840.0,streamspot:g368:n3347,streamspot:g368:n3411,type_0,type_2,rel_10,1,1,1,1,train:g368,1,5398.0
3841.0,streamspot:g368:n3347,streamspot:g368:n3412,type_0,type_2,rel_10,1,1,1,1,train:g368,1,5399.0
3842.0,streamspot:g368:n3347,streamspot:g368:n3497,type_0,type_2,rel_10,1,1,1,1,train:g368,1,5459.0
3843.0,streamspot:g368:n3639,streamspot:g368:n3549,type_0,type_2,rel_10,1,1,1,1,train:g368,1,5878.0
3844.0,streamspot:g368:n4662,streamspot:g368:n4717,type_1,type_2,rel_10,1,1,1,1,train:g368,1,6142.0
3845.0,streamspot:g368:n4837,streamspot:g368:n4875,type_0,type_4,rel_5,1,1,1,1,train:g368,1,6223.0
3846.0,streamspot:g368:n4837,streamspot:g368:n5015,type_0,type_4,rel_5,1,1,1,1,train:g368,1,6363.0
3847.0,streamspot:g368:n4837,streamspot:g368:n5050,type_0,type_4,rel_5,1,1,1,1,train:g368,1,6398.0
3848.0,streamspot:g368:n4837,streamspot:g368:n5197,type_0,type_4,rel_5,1,1,1,1,train:g368,1,6545.0
3849.0,streamspot:g368:n4837,streamspot:g368:n5236,type_0,type_4,rel_5,1,1,1,1,train:g368,1,6584.0
3850.0,streamspot:g368:n4837,streamspot:g368:n5246,type_0,type_4,rel_5,1,1,1,1,train:g368,1,6594.0
3851.0,streamspot:g368:n4837,streamspot:g368:n5442,type_0,type_4,rel_5,1,1,1,1,train:g368,1,6790.0
3852.0,streamspot:g368:n4837,streamspot:g368:n5473,type_0,type_4,rel_5,1,1,1,1,train:g368,1,6821.0
3853.0,streamspot:g368:n4837,streamspot:g368:n5561,type_0,type_4,rel_5,1,1,1,1,train:g368,1,6909.0
3854.0,streamspot:g368:n4837,streamspot:g368:n5570,type_0,type_4,rel_5,1,1,1,1,train:g368,1,6918.0
3855.0,streamspot:g368:n4837,streamspot:g368:n5603,type_0,type_4,rel_5,1,1,1,1,train:g368,1,6951.0
3856.0,streamspot:g368:n4837,streamspot:g368:n5638,type_0,type_4,rel_5,1,1,1,1,train:g368,1,6986.0
3857.0,streamspot:g368:n4837,streamspot:g368:n5697,type_0,type_4,rel_5,1,1,1,1,train:g368,1,7045.0
3858.0,streamspot:g368:n4837,streamspot:g368:n5840,type_0,type_4,rel_5,1,1,1,1,train:g368,1,7188.0
3859.0,streamspot:g368:n4837,streamspot:g368:n3293,type_0,type_2,rel_10,1,1,1,1,train:g368,1,7384.0
3860.0,streamspot:g368:n4837,streamspot:g368:n3315,type_0,type_2,rel_10,1,1,1,1,train:g368,1,7406.0
3861.0,streamspot:g368:n5886,streamspot:g368:n4414,type_1,type_2,rel_16,1,1,1,1,train:g368,1,7495.0
3862.0,streamspot:g368:n6590,streamspot:g368:n5,type_0,type_2,rel_1,1,1,1,1,train:g368,1,7573.0
3863.0,streamspot:g368:n6590,streamspot:g368:n2695,type_0,type_2,rel_10,1,1,1,1,train:g368,1,8041.0
3864.0,streamspot:g368:n6590,streamspot:g368:n2885,type_0,type_2,rel_10,1,1,1,1,train:g368,1,8241.0
3865.0,streamspot:g368:n6590,streamspot:g368:n3018,type_0,type_2,rel_10,1,1,1,1,train:g368,1,8382.0
3866.0,streamspot:g368:n6590,streamspot:g368:n3538,type_0,type_2,rel_10,1,1,1,1,train:g368,1,8781.0
3867.0,streamspot:g368:n6590,streamspot:g368:n3915,type_0,type_2,rel_10,1,1,1,1,train:g368,1,8981.0
3868.0,streamspot:g368:n6590,streamspot:g368:n7592,type_0,type_2,rel_10,1,1,1,1,train:g368,1,9116.0
3869.0,streamspot:g368:n6590,streamspot:g368:n6057,type_0,type_2,rel_10,1,1,1,1,train:g368,1,9359.0
3870.0,streamspot:g368:n6590,streamspot:g368:n7729,type_0,type_2,rel_10,1,1,1,1,train:g368,1,9393.0
3871.0,streamspot:g368:n6590,streamspot:g368:n6175,type_0,type_2,rel_10,1,1,1,1,train:g368,1,9524.0
3872.0,streamspot:g368:n6590,streamspot:g368:n6273,type_0,type_2,rel_10,1,1,1,1,train:g368,1,9727.0
3873.0,streamspot:g368:n6590,streamspot:g368:n6434,type_0,type_2,rel_10,1,1,1,1,train:g368,1,9796.0
3874.0,streamspot:g368:n6590,streamspot:g368:n6504,type_0,type_2,rel_10,1,1,1,1,train:g368,1,9870.0
3875.0,streamspot:g368:n6590,streamspot:g368:n7803,type_0,type_2,rel_10,1,1,1,1,train:g368,1,9914.0
3876.0,streamspot:g368:n6590,streamspot:g368:n7836,type_0,type_2,rel_10,1,1,1,1,train:g368,1,9947.0
3877.0,streamspot:g368:n6731,streamspot:g368:n6669,type_0,type_2,rel_16,1,1,1,1,train:g368,1,10064.0
3878.0,streamspot:g368:n6731,streamspot:g368:n3677,type_0,type_2,rel_10,1,1,1,1,train:g368,1,10118.0
3879.0,streamspot:g368:n6731,streamspot:g368:n2359,type_0,type_2,rel_10,1,1,1,1,train:g368,1,10162.0
3880.0,streamspot:g368:n6731,streamspot:g368:n2462,type_0,type_2,rel_10,1,1,1,1,train:g368,1,10175.0
3881.0,streamspot:g368:n6748,streamspot:g368:n6655,type_0,type_2,rel_16,1,1,1,1,train:g368,1,10380.0
3882.0,streamspot:g368:n6773,streamspot:g368:n6664,type_0,type_2,rel_10,1,1,1,1,train:g368,1,10524.0
3883.0,streamspot:g368:n6773,streamspot:g368:n2308,type_0,type_2,rel_10,1,1,1,1,train:g368,1,10552.0
3884.0,streamspot:g368:n6773,streamspot:g368:n2310,type_0,type_2,rel_10,1,1,1,1,train:g368,1,10554.0
3885.0,streamspot:g368:n6773,streamspot:g368:n6803,type_0,type_2,rel_10,1,1,1,1,train:g368,1,10571.0
3886.0,streamspot:g368:n6773,streamspot:g368:n6871,type_0,type_2,rel_10,1,1,1,1,train:g368,1,10660.0
3887.0,streamspot:g368:n6773,streamspot:g368:n6940,type_0,type_2,rel_10,1,1,1,1,train:g368,1,10729.0
3888.0,streamspot:g368:n6773,streamspot:g368:n7028,type_0,type_2,rel_10,1,1,1,1,train:g368,1,10817.0
3889.0,streamspot:g368:n6773,streamspot:g368:n7058,type_0,type_2,rel_16,1,1,1,1,train:g368,1,10847.0
3890.0,streamspot:g368:n6773,streamspot:g368:n7180,type_0,type_2,rel_16,1,1,1,1,train:g368,1,10969.0
3891.0,streamspot:g368:n6773,streamspot:g368:n7282,type_0,type_2,rel_16,1,1,1,1,train:g368,1,11071.0
3892.0,streamspot:g368:n6773,streamspot:g368:n7430,type_0,type_2,rel_16,1,1,1,1,train:g368,1,11219.0
3893.0,streamspot:g368:n6773,streamspot:g368:n7507,type_0,type_2,rel_10,1,1,1,1,train:g368,1,11296.0
3894.0,streamspot:g368:n6783,streamspot:g368:n6669,type_0,type_2,rel_16,1,1,1,1,train:g368,1,11407.0
3895.0,streamspot:g368:n7854,streamspot:g368:n7944,type_0,type_4,rel_8,1,1,1,1,train:g368,1,11572.0
3896.0,streamspot:g368:n7854,streamspot:g368:n8034,type_0,type_4,rel_8,1,1,1,1,train:g368,1,11662.0
3897.0,streamspot:g368:n7854,streamspot:g368:n8195,type_0,type_4,rel_8,1,1,1,1,train:g368,1,11823.0
3898.0,streamspot:g368:n7854,streamspot:g368:n8396,type_0,type_4,rel_8,1,1,1,1,train:g368,1,12024.0
3899.0,streamspot:g368:n7854,streamspot:g368:n8578,type_0,type_4,rel_8,1,1,1,1,train:g368,1,12206.0
3900.0,streamspot:g368:n7854,streamspot:g368:n8694,type_0,type_4,rel_8,1,1,1,1,train:g368,1,12322.0
3901.0,streamspot:g386:n0,streamspot:g386:n54,type_0,type_2,rel_16,1,1,1,1,train:g386,1,53.0
3902.0,streamspot:g386:n0,streamspot:g386:n73,type_0,type_2,rel_10,1,1,1,1,train:g386,1,72.0
3903.0,streamspot:g386:n0,streamspot:g386:n171,type_0,type_2,rel_16,1,1,1,1,train:g386,1,170.0
3904.0,streamspot:g386:n0,streamspot:g386:n286,type_0,type_2,rel_10,1,1,1,1,train:g386,1,285.0
3905.0,streamspot:g386:n0,streamspot:g386:n479,type_0,type_2,rel_16,1,1,1,1,train:g386,1,478.0
3906.0,streamspot:g386:n0,streamspot:g386:n626,type_0,type_2,rel_16,1,1,1,1,train:g386,1,625.0
3907.0,streamspot:g386:n0,streamspot:g386:n735,type_0,type_2,rel_10,1,1,1,1,train:g386,1,734.0
3908.0,streamspot:g386:n0,streamspot:g386:n799,type_0,type_2,rel_10,1,1,1,1,train:g386,1,798.0
3909.0,streamspot:g386:n0,streamspot:g386:n1147,type_0,type_2,rel_10,1,1,1,1,train:g386,1,1146.0
3910.0,streamspot:g386:n0,streamspot:g386:n1499,type_0,type_2,rel_16,1,1,1,1,train:g386,1,1498.0
3911.0,streamspot:g386:n0,streamspot:g386:n1708,type_0,type_2,rel_10,1,1,1,1,train:g386,1,1707.0
3912.0,streamspot:g386:n0,streamspot:g386:n1750,type_0,type_2,rel_10,1,1,1,1,train:g386,1,1749.0
3913.0,streamspot:g386:n0,streamspot:g386:n1860,type_0,type_2,rel_10,1,1,1,1,train:g386,1,1859.0
3914.0,streamspot:g386:n0,streamspot:g386:n1886,type_0,type_2,rel_10,1,1,1,1,train:g386,1,1885.0
3915.0,streamspot:g386:n0,streamspot:g386:n2003,type_0,type_2,rel_16,1,1,1,1,train:g386,1,2002.0
3916.0,streamspot:g386:n0,streamspot:g386:n2232,type_0,type_2,rel_16,1,1,1,1,train:g386,1,2218.0
3917.0,streamspot:g386:n0,streamspot:g386:n5910,type_0,type_2,rel_18,1,1,1,1,train:g386,1,2309.0
3918.0,streamspot:g386:n2283,streamspot:g386:n2672,type_0,type_2,rel_10,1,1,1,1,train:g386,1,2737.0
3919.0,streamspot:g386:n2283,streamspot:g386:n2718,type_0,type_2,rel_10,1,1,1,1,train:g386,1,2783.0
3920.0,streamspot:g386:n2283,streamspot:g386:n2984,type_0,type_2,rel_10,1,1,1,1,train:g386,1,3050.0
3921.0,streamspot:g386:n2283,streamspot:g386:n3171,type_0,type_2,rel_10,1,1,1,1,train:g386,1,3238.0
3922.0,streamspot:g386:n2283,streamspot:g386:n3285,type_0,type_2,rel_10,1,1,1,1,train:g386,1,3352.0
3923.0,streamspot:g386:n2283,streamspot:g386:n3286,type_0,type_2,rel_10,1,1,1,1,train:g386,1,3353.0
3924.0,streamspot:g386:n2283,streamspot:g386:n3345,type_0,type_2,rel_10,1,1,1,1,train:g386,1,3410.0
3925.0,streamspot:g386:n2283,streamspot:g386:n3652,type_0,type_2,rel_10,1,1,1,1,train:g386,1,3572.0
3926.0,streamspot:g386:n2283,streamspot:g386:n3869,type_0,type_2,rel_1,1,1,1,1,train:g386,1,3618.0
3927.0,streamspot:g386:n2283,streamspot:g386:n3965,type_0,type_2,rel_10,1,1,1,1,train:g386,1,3714.0
3928.0,streamspot:g386:n2283,streamspot:g386:n3985,type_0,type_2,rel_10,1,1,1,1,train:g386,1,3734.0
3929.0,streamspot:g386:n2283,streamspot:g386:n3818,type_0,type_2,rel_16,1,1,1,1,train:g386,1,3788.0
3930.0,streamspot:g386:n2283,streamspot:g386:n4043,type_0,type_2,rel_10,1,1,1,1,train:g386,1,3801.0
3931.0,streamspot:g386:n2283,streamspot:g386:n3832,type_0,type_2,rel_16,1,1,1,1,train:g386,1,3802.0
3932.0,streamspot:g386:n2283,streamspot:g386:n4160,type_0,type_2,rel_10,1,1,1,1,train:g386,1,3939.0
3933.0,streamspot:g386:n2283,streamspot:g386:n4227,type_0,type_2,rel_1,1,1,1,1,train:g386,1,4008.0
3934.0,streamspot:g386:n2283,streamspot:g386:n4266,type_0,type_2,rel_10,1,1,1,1,train:g386,1,4047.0
3935.0,streamspot:g386:n2283,streamspot:g386:n2262,type_0,type_2,rel_16,1,1,1,1,train:g386,1,4202.0
3936.0,streamspot:g386:n2283,streamspot:g386:n4424,type_0,type_1,rel_4,1,1,1,1,train:g386,1,4235.0
3937.0,streamspot:g386:n2283,streamspot:g386:n4430,type_0,type_2,rel_1,1,1,1,1,train:g386,1,4241.0
3938.0,streamspot:g386:n2283,streamspot:g386:n4591,type_0,type_2,rel_16,1,1,1,1,train:g386,1,4402.0
3939.0,streamspot:g386:n2283,streamspot:g386:n4792,type_0,type_2,rel_10,1,1,1,1,train:g386,1,4546.0
3940.0,streamspot:g386:n2283,streamspot:g386:n4818,type_0,type_2,rel_10,1,1,1,1,train:g386,1,4572.0
3941.0,streamspot:g386:n2283,streamspot:g386:n5901,type_0,type_2,rel_10,1,1,1,1,train:g386,1,4668.0
3942.0,streamspot:g386:n2283,streamspot:g386:n6047,type_0,type_2,rel_10,1,1,1,1,train:g386,1,4804.0
3943.0,streamspot:g386:n2283,streamspot:g386:n6181,type_0,type_2,rel_10,1,1,1,1,train:g386,1,4938.0
3944.0,streamspot:g386:n2283,streamspot:g386:n6577,type_0,type_2,rel_10,1,1,1,1,train:g386,1,5334.0
3945.0,streamspot:g386:n3347,streamspot:g386:n3418,type_0,type_2,rel_10,1,1,1,1,train:g386,1,5412.0
3946.0,streamspot:g386:n3347,streamspot:g386:n3728,type_0,type_2,rel_10,1,1,1,1,train:g386,1,5547.0
3947.0,streamspot:g386:n4547,streamspot:g386:n4718,type_1,type_2,rel_10,1,1,1,1,train:g386,1,6082.0
3948.0,streamspot:g386:n4843,streamspot:g386:n4862,type_0,type_4,rel_5,1,1,1,1,train:g386,1,6207.0
3949.0,streamspot:g386:n4843,streamspot:g386:n4927,type_0,type_4,rel_5,1,1,1,1,train:g386,1,6272.0
3950.0,streamspot:g386:n4843,streamspot:g386:n5142,type_0,type_4,rel_5,1,1,1,1,train:g386,1,6487.0
3951.0,streamspot:g386:n4843,streamspot:g386:n5198,type_0,type_4,rel_5,1,1,1,1,train:g386,1,6543.0
3952.0,streamspot:g386:n4843,streamspot:g386:n5211,type_0,type_4,rel_5,1,1,1,1,train:g386,1,6556.0
3953.0,streamspot:g386:n4843,streamspot:g386:n5324,type_0,type_4,rel_5,1,1,1,1,train:g386,1,6669.0
3954.0,streamspot:g386:n4843,streamspot:g386:n5338,type_0,type_4,rel_5,1,1,1,1,train:g386,1,6683.0
3955.0,streamspot:g386:n4843,streamspot:g386:n5465,type_0,type_4,rel_5,1,1,1,1,train:g386,1,6810.0
3956.0,streamspot:g386:n4843,streamspot:g386:n5502,type_0,type_4,rel_5,1,1,1,1,train:g386,1,6847.0
3957.0,streamspot:g386:n4843,streamspot:g386:n5568,type_0,type_4,rel_5,1,1,1,1,train:g386,1,6913.0
3958.0,streamspot:g386:n4843,streamspot:g386:n2461,type_0,type_2,rel_10,1,1,1,1,train:g386,1,7324.0
3959.0,streamspot:g386:n4843,streamspot:g386:n2462,type_0,type_2,rel_10,1,1,1,1,train:g386,1,7325.0
3960.0,streamspot:g386:n5911,streamspot:g386:n4228,type_1,type_2,rel_19,1,1,1,1,train:g386,1,7525.0
3961.0,streamspot:g386:n6596,streamspot:g386:n6600,type_0,type_4,rel_5,1,1,1,1,train:g386,1,7533.0
3962.0,streamspot:g386:n6596,streamspot:g386:n2295,type_0,type_2,rel_16,1,1,1,1,train:g386,1,7620.0
3963.0,streamspot:g386:n6596,streamspot:g386:n2514,type_0,type_2,rel_10,1,1,1,1,train:g386,1,7834.0
3964.0,streamspot:g386:n6596,streamspot:g386:n2701,type_0,type_2,rel_10,1,1,1,1,train:g386,1,8051.0
3965.0,streamspot:g386:n6596,streamspot:g386:n3078,type_0,type_2,rel_10,1,1,1,1,train:g386,1,8450.0
3966.0,streamspot:g386:n6596,streamspot:g386:n3083,type_0,type_2,rel_10,1,1,1,1,train:g386,1,8455.0
3967.0,streamspot:g386:n6596,streamspot:g386:n6722,type_0,type_2,rel_10,1,1,1,1,train:g386,1,8604.0
3968.0,streamspot:g386:n6596,streamspot:g386:n3263,type_0,type_2,rel_10,1,1,1,1,train:g386,1,8645.0
3969.0,streamspot:g386:n6596,streamspot:g386:n3428,type_0,type_2,rel_10,1,1,1,1,train:g386,1,8750.0
3970.0,streamspot:g386:n6596,streamspot:g386:n3556,type_0,type_2,rel_10,1,1,1,1,train:g386,1,8804.0
3971.0,streamspot:g386:n6596,streamspot:g386:n3933,type_0,type_2,rel_10,1,1,1,1,train:g386,1,9004.0
3972.0,streamspot:g386:n6596,streamspot:g386:n3938,type_0,type_2,rel_10,1,1,1,1,train:g386,1,9009.0
3973.0,streamspot:g386:n6596,streamspot:g386:n3727,type_0,type_2,rel_16,1,1,1,1,train:g386,1,9177.0
3974.0,streamspot:g386:n6596,streamspot:g386:n3739,type_0,type_2,rel_16,1,1,1,1,train:g386,1,9185.0
3975.0,streamspot:g386:n6596,streamspot:g386:n6020,type_0,type_2,rel_10,1,1,1,1,train:g386,1,9318.0
3976.0,streamspot:g386:n6596,streamspot:g386:n6130,type_0,type_2,rel_10,1,1,1,1,train:g386,1,9434.0
3977.0,streamspot:g386:n6596,streamspot:g386:n6160,type_0,type_2,rel_10,1,1,1,1,train:g386,1,9465.0
3978.0,streamspot:g386:n6596,streamspot:g386:n6088,type_0,type_2,rel_10,1,1,1,1,train:g386,1,9490.0
3979.0,streamspot:g386:n6596,streamspot:g386:n6115,type_0,type_2,rel_10,1,1,1,1,train:g386,1,9518.0
3980.0,streamspot:g386:n6596,streamspot:g386:n6254,type_0,type_2,rel_10,1,1,1,1,train:g386,1,9604.0
3981.0,streamspot:g386:n6737,streamspot:g386:n6659,type_0,type_2,rel_16,1,1,1,1,train:g386,1,10052.0
3982.0,streamspot:g386:n6779,streamspot:g386:n2473,type_0,type_2,rel_10,1,1,1,1,train:g386,1,10635.0
3983.0,streamspot:g386:n6779,streamspot:g386:n14,type_0,type_2,rel_10,1,1,1,1,train:g386,1,10636.0
3984.0,streamspot:g386:n6779,streamspot:g386:n6943,type_0,type_2,rel_10,1,1,1,1,train:g386,1,10730.0
3985.0,streamspot:g386:n6779,streamspot:g386:n7098,type_0,type_2,rel_10,1,1,1,1,train:g386,1,10885.0
3986.0,streamspot:g386:n6779,streamspot:g386:n7106,type_0,type_2,rel_10,1,1,1,1,train:g386,1,10893.0
3987.0,streamspot:g386:n6779,streamspot:g386:n7264,type_0,type_2,rel_16,1,1,1,1,train:g386,1,11051.0
3988.0,streamspot:g386:n6779,streamspot:g386:n7515,type_0,type_2,rel_10,1,1,1,1,train:g386,1,11302.0
3989.0,streamspot:g386:n6779,streamspot:g386:n7525,type_0,type_2,rel_10,1,1,1,1,train:g386,1,11312.0
3990.0,streamspot:g386:n7860,streamspot:g386:n7939,type_0,type_4,rel_8,1,1,1,1,train:g386,1,11565.0
3991.0,streamspot:g386:n7860,streamspot:g386:n7948,type_0,type_4,rel_8,1,1,1,1,train:g386,1,11574.0
3992.0,streamspot:g386:n7860,streamspot:g386:n7963,type_0,type_4,rel_8,1,1,1,1,train:g386,1,11589.0
3993.0,streamspot:g386:n7860,streamspot:g386:n7975,type_0,type_4,rel_8,1,1,1,1,train:g386,1,11601.0
3994.0,streamspot:g386:n7860,streamspot:g386:n8018,type_0,type_4,rel_8,1,1,1,1,train:g386,1,11644.0
3995.0,streamspot:g386:n7860,streamspot:g386:n8165,type_0,type_4,rel_8,1,1,1,1,train:g386,1,11791.0
3996.0,streamspot:g386:n7860,streamspot:g386:n8246,type_0,type_4,rel_8,1,1,1,1,train:g386,1,11872.0
3997.0,streamspot:g386:n7860,streamspot:g386:n8341,type_0,type_4,rel_8,1,1,1,1,train:g386,1,11967.0
3998.0,streamspot:g386:n7860,streamspot:g386:n8420,type_0,type_4,rel_8,1,1,1,1,train:g386,1,12046.0
3999.0,streamspot:g386:n7860,streamspot:g386:n8598,type_0,type_4,rel_8,1,1,1,1,train:g386,1,12224.0
4000.0,streamspot:g386:n7860,streamspot:g386:n8709,type_0,type_4,rel_8,1,1,1,1,train:g386,1,12335.0
4001.0,streamspot:g118:n0,streamspot:g118:n466,type_0,type_2,rel_10,0,0,0,0,validation:g118,0,465.0
4002.0,streamspot:g118:n0,streamspot:g118:n589,type_0,type_2,rel_16,0,0,0,0,validation:g118,0,588.0
4003.0,streamspot:g118:n0,streamspot:g118:n762,type_0,type_2,rel_10,0,0,0,0,validation:g118,0,761.0
4004.0,streamspot:g118:n0,streamspot:g118:n808,type_0,type_2,rel_10,0,0,0,0,validation:g118,0,807.0
4005.0,streamspot:g118:n0,streamspot:g118:n889,type_0,type_2,rel_10,0,0,0,0,validation:g118,0,888.0
4006.0,streamspot:g118:n0,streamspot:g118:n917,type_0,type_2,rel_10,0,0,0,0,validation:g118,0,916.0
4007.0,streamspot:g118:n0,streamspot:g118:n1084,type_0,type_2,rel_10,0,0,0,0,validation:g118,0,1083.0
4008.0,streamspot:g118:n0,streamspot:g118:n1118,type_0,type_2,rel_16,0,0,0,0,validation:g118,0,1117.0
4009.0,streamspot:g118:n0,streamspot:g118:n1251,type_0,type_2,rel_10,0,0,0,0,validation:g118,0,1250.0
4010.0,streamspot:g118:n0,streamspot:g118:n1458,type_0,type_2,rel_10,0,0,0,0,validation:g118,0,1457.0
4011.0,streamspot:g118:n0,streamspot:g118:n1568,type_0,type_2,rel_10,0,0,0,0,validation:g118,0,1567.0
4012.0,streamspot:g118:n0,streamspot:g118:n1680,type_0,type_2,rel_10,0,0,0,0,validation:g118,0,1679.0
4013.0,streamspot:g118:n0,streamspot:g118:n1933,type_0,type_2,rel_16,0,0,0,0,validation:g118,0,1932.0
4014.0,streamspot:g118:n2283,streamspot:g118:n2563,type_0,type_2,rel_10,0,0,0,0,validation:g118,0,2586.0
4015.0,streamspot:g118:n2283,streamspot:g118:n2618,type_0,type_2,rel_10,0,0,0,0,validation:g118,0,2641.0
4016.0,streamspot:g118:n2283,streamspot:g118:n2782,type_0,type_2,rel_10,0,0,0,0,validation:g118,0,2805.0
4017.0,streamspot:g118:n2283,streamspot:g118:n2848,type_0,type_2,rel_10,0,0,0,0,validation:g118,0,2871.0
4018.0,streamspot:g118:n2283,streamspot:g118:n2905,type_0,type_2,rel_10,0,0,0,0,validation:g118,0,2928.0
4019.0,streamspot:g118:n2283,streamspot:g118:n2948,type_0,type_2,rel_10,0,0,0,0,validation:g118,0,2971.0
4020.0,streamspot:g118:n2283,streamspot:g118:n3175,type_0,type_2,rel_10,0,0,0,0,validation:g118,0,3200.0
4021.0,streamspot:g118:n2283,streamspot:g118:n3967,type_0,type_2,rel_10,0,0,0,0,validation:g118,0,3674.0
4022.0,streamspot:g118:n2283,streamspot:g118:n4061,type_0,type_2,rel_10,0,0,0,0,validation:g118,0,3793.0
4023.0,streamspot:g118:n2283,streamspot:g118:n3736,type_0,type_2,rel_16,0,0,0,0,validation:g118,0,3794.0
4024.0,streamspot:g118:n2283,streamspot:g118:n4092,type_0,type_2,rel_16,0,0,0,0,validation:g118,0,3830.0
4025.0,streamspot:g118:n2283,streamspot:g118:n4104,type_0,type_2,rel_16,0,0,0,0,validation:g118,0,3842.0
4026.0,streamspot:g118:n2283,streamspot:g118:n4272,type_0,type_2,rel_10,0,0,0,0,validation:g118,0,4011.0
4027.0,streamspot:g118:n2283,streamspot:g118:n2258,type_0,type_2,rel_16,0,0,0,0,validation:g118,0,4151.0
4028.0,streamspot:g118:n2283,streamspot:g118:n2254,type_0,type_2,rel_16,0,0,0,0,validation:g118,0,4152.0
4029.0,streamspot:g118:n2283,streamspot:g118:n4465,type_0,type_2,rel_16,0,0,0,0,validation:g118,0,4234.0
4030.0,streamspot:g118:n2283,streamspot:g118:n4628,type_0,type_2,rel_10,0,0,0,0,validation:g118,0,4397.0
4031.0,streamspot:g118:n2283,streamspot:g118:n4649,type_0,type_2,rel_10,0,0,0,0,validation:g118,0,4418.0
4032.0,streamspot:g118:n2283,streamspot:g118:n4782,type_0,type_2,rel_10,0,0,0,0,validation:g118,0,4494.0
4033.0,streamspot:g118:n2283,streamspot:g118:n4714,type_0,type_2,rel_10,0,0,0,0,validation:g118,0,4577.0
4034.0,streamspot:g118:n2283,streamspot:g118:n5870,type_0,type_2,rel_16,0,0,0,0,validation:g118,0,4602.0
4035.0,streamspot:g118:n2283,streamspot:g118:n5892,type_0,type_2,rel_16,0,0,0,0,validation:g118,0,4617.0
4036.0,streamspot:g118:n2283,streamspot:g118:n6243,type_0,type_2,rel_10,0,0,0,0,validation:g118,0,4900.0
4037.0,streamspot:g118:n3347,streamspot:g118:n3797,type_0,type_2,rel_16,0,0,0,0,validation:g118,0,5590.0
4038.0,streamspot:g118:n3347,streamspot:g118:n3800,type_0,type_2,rel_10,0,0,0,0,validation:g118,0,5593.0
4039.0,streamspot:g118:n3651,streamspot:g118:n2310,type_0,type_2,rel_10,0,0,0,0,validation:g118,0,5672.0
4040.0,streamspot:g118:n3651,streamspot:g118:n3533,type_0,type_2,rel_10,0,0,0,0,validation:g118,0,5849.0
4041.0,streamspot:g118:n3651,streamspot:g118:n3547,type_0,type_2,rel_10,0,0,0,0,validation:g118,0,5863.0
4042.0,streamspot:g118:n4547,streamspot:g118:n4714,type_1,type_2,rel_10,0,0,0,0,validation:g118,0,6076.0
4043.0,streamspot:g118:n4659,streamspot:g118:n4228,type_1,type_2,rel_19,0,0,0,0,validation:g118,0,6088.0
4044.0,streamspot:g118:n4837,streamspot:g118:n5030,type_0,type_4,rel_5,0,0,0,0,validation:g118,0,6381.0
4045.0,streamspot:g118:n4837,streamspot:g118:n5107,type_0,type_4,rel_5,0,0,0,0,validation:g118,0,6458.0
4046.0,streamspot:g118:n4837,streamspot:g118:n5199,type_0,type_4,rel_5,0,0,0,0,validation:g118,0,6550.0
4047.0,streamspot:g118:n4837,streamspot:g118:n5574,type_0,type_4,rel_5,0,0,0,0,validation:g118,0,6925.0
4048.0,streamspot:g118:n4837,streamspot:g118:n5611,type_0,type_4,rel_5,0,0,0,0,validation:g118,0,6962.0
4049.0,streamspot:g118:n5900,streamspot:g118:n5910,type_1,type_2,rel_10,0,0,0,0,validation:g118,0,7511.0
4050.0,streamspot:g118:n5900,streamspot:g118:n5939,type_1,type_2,rel_10,0,0,0,0,validation:g118,0,7535.0
4051.0,streamspot:g573:n0,streamspot:g573:n23,type_0,type_2,rel_16,0,0,0,0,validation:g573,0,22.0
4052.0,streamspot:g573:n0,streamspot:g573:n94,type_0,type_2,rel_16,0,0,0,0,validation:g573,0,93.0
4053.0,streamspot:g573:n0,streamspot:g573:n107,type_0,type_2,rel_16,0,0,0,0,validation:g573,0,106.0
4054.0,streamspot:g573:n0,streamspot:g573:n140,type_0,type_2,rel_10,0,0,0,0,validation:g573,0,139.0
4055.0,streamspot:g573:n0,streamspot:g573:n1782,type_0,type_2,rel_10,0,0,0,0,validation:g573,0,1781.0
4056.0,streamspot:g573:n0,streamspot:g573:n1808,type_0,type_2,rel_16,0,0,0,0,validation:g573,0,1807.0
4057.0,streamspot:g573:n0,streamspot:g573:n2099,type_0,type_2,rel_10,0,0,0,0,validation:g573,0,2098.0
4058.0,streamspot:g573:n0,streamspot:g573:n2178,type_0,type_2,rel_16,0,0,0,0,validation:g573,0,2164.0
4059.0,streamspot:g573:n0,streamspot:g573:n4624,type_0,type_2,rel_18,0,0,0,0,validation:g573,0,2292.0
4060.0,streamspot:g573:n2283,streamspot:g573:n2309,type_0,type_2,rel_16,0,0,0,0,validation:g573,0,2467.0
4061.0,streamspot:g573:n2283,streamspot:g573:n2473,type_0,type_2,rel_10,0,0,0,0,validation:g573,0,2638.0
4062.0,streamspot:g573:n2283,streamspot:g573:n3226,type_0,type_2,rel_10,0,0,0,0,validation:g573,0,3394.0
4063.0,streamspot:g573:n2283,streamspot:g573:n3327,type_0,type_2,rel_10,0,0,0,0,validation:g573,0,3495.0
4064.0,streamspot:g573:n2283,streamspot:g573:n4209,type_0,type_2,rel_1,0,0,0,0,validation:g573,0,4092.0
4065.0,streamspot:g573:n2283,streamspot:g573:n4270,type_0,type_2,rel_16,0,0,0,0,validation:g573,0,4153.0
4066.0,streamspot:g573:n2283,streamspot:g573:n2246,type_0,type_2,rel_16,0,0,0,0,validation:g573,0,4283.0
4067.0,streamspot:g573:n2283,streamspot:g573:n4669,type_0,type_1,rel_4,0,0,0,0,validation:g573,0,4576.0
4068.0,streamspot:g573:n2283,streamspot:g573:n4724,type_0,type_2,rel_10,0,0,0,0,validation:g573,0,4580.0
4069.0,streamspot:g573:n2283,streamspot:g573:n4802,type_0,type_2,rel_10,0,0,0,0,validation:g573,0,4658.0
4070.0,streamspot:g573:n2283,streamspot:g573:n6058,type_0,type_2,rel_10,0,0,0,0,validation:g573,0,4849.0
4071.0,streamspot:g573:n2283,streamspot:g573:n6300,type_0,type_2,rel_10,0,0,0,0,validation:g573,0,5091.0
4072.0,streamspot:g573:n2283,streamspot:g573:n6397,type_0,type_2,rel_10,0,0,0,0,validation:g573,0,5188.0
4073.0,streamspot:g573:n2283,streamspot:g573:n8734,type_0,type_2,rel_1,0,0,0,0,validation:g573,0,5716.0
4074.0,streamspot:g573:n3347,streamspot:g573:n3494,type_0,type_2,rel_10,0,0,0,0,validation:g573,0,5857.0
4075.0,streamspot:g573:n3639,streamspot:g573:n3294,type_0,type_2,rel_10,0,0,0,0,validation:g573,0,6230.0
4076.0,streamspot:g573:n4661,streamspot:g573:n4678,type_1,type_2,rel_10,0,0,0,0,validation:g573,0,6644.0
4077.0,streamspot:g573:n4661,streamspot:g573:n4700,type_1,type_2,rel_10,0,0,0,0,validation:g573,0,6668.0
4078.0,streamspot:g573:n4835,streamspot:g573:n4965,type_0,type_4,rel_5,0,0,0,0,validation:g573,0,6886.0
4079.0,streamspot:g573:n4835,streamspot:g573:n5101,type_0,type_4,rel_5,0,0,0,0,validation:g573,0,7022.0
4080.0,streamspot:g573:n4835,streamspot:g573:n5203,type_0,type_4,rel_5,0,0,0,0,validation:g573,0,7124.0
4081.0,streamspot:g573:n4835,streamspot:g573:n2305,type_0,type_2,rel_16,0,0,0,0,validation:g573,0,7805.0
4082.0,streamspot:g573:n4835,streamspot:g573:n3588,type_0,type_2,rel_10,0,0,0,0,validation:g573,0,8042.0
4083.0,streamspot:g573:n6852,streamspot:g573:n2592,type_0,type_2,rel_10,0,0,0,0,validation:g573,0,8611.0
4084.0,streamspot:g573:n6852,streamspot:g573:n6719,type_0,type_2,rel_10,0,0,0,0,validation:g573,0,8940.0
4085.0,streamspot:g573:n6852,streamspot:g573:n2645,type_0,type_2,rel_10,0,0,0,0,validation:g573,0,8950.0
4086.0,streamspot:g573:n6962,streamspot:g573:n2606,type_0,type_2,rel_10,0,0,0,0,validation:g573,0,9596.0
4087.0,streamspot:g573:n6962,streamspot:g573:n2708,type_0,type_2,rel_10,0,0,0,0,validation:g573,0,9703.0
4088.0,streamspot:g573:n6962,streamspot:g573:n3143,type_0,type_2,rel_10,0,0,0,0,validation:g573,0,10163.0
4089.0,streamspot:g573:n6962,streamspot:g573:n3246,type_0,type_2,rel_10,0,0,0,0,validation:g573,0,10272.0
4090.0,streamspot:g573:n6962,streamspot:g573:n7145,type_0,type_2,rel_10,0,0,0,0,validation:g573,0,10372.0
4091.0,streamspot:g573:n6962,streamspot:g573:n3626,type_0,type_2,rel_16,0,0,0,0,validation:g573,0,10520.0
4092.0,streamspot:g573:n6962,streamspot:g573:n8004,type_0,type_1,rel_4,0,0,0,0,validation:g573,0,10754.0
4093.0,streamspot:g573:n6962,streamspot:g573:n8140,type_0,type_2,rel_10,0,0,0,0,validation:g573,0,11012.0
4094.0,streamspot:g573:n6962,streamspot:g573:n8152,type_0,type_2,rel_10,0,0,0,0,validation:g573,0,11043.0
4095.0,streamspot:g573:n6962,streamspot:g573:n6165,type_0,type_2,rel_10,0,0,0,0,validation:g573,0,11142.0
4096.0,streamspot:g573:n6962,streamspot:g573:n8576,type_0,type_2,rel_10,0,0,0,0,validation:g573,0,11867.0
4097.0,streamspot:g573:n7153,streamspot:g573:n3597,type_0,type_2,rel_10,0,0,0,0,validation:g573,0,12413.0
4098.0,streamspot:g573:n7195,streamspot:g573:n7533,type_0,type_2,rel_10,0,0,0,0,validation:g573,0,12972.0
4099.0,streamspot:g573:n7195,streamspot:g573:n7540,type_0,type_2,rel_16,0,0,0,0,validation:g573,0,12979.0
4100.0,streamspot:g573:n7195,streamspot:g573:n7786,type_0,type_2,rel_10,0,0,0,0,validation:g573,0,13225.0
4101.0,streamspot:g73:n0,streamspot:g73:n21,type_0,type_2,rel_8,0,0,0,0,validation:g73,0,19.0
4102.0,streamspot:g73:n0,streamspot:g73:n123,type_0,type_2,rel_10,0,0,0,0,validation:g73,0,122.0
4103.0,streamspot:g73:n0,streamspot:g73:n173,type_0,type_2,rel_10,0,0,0,0,validation:g73,0,172.0
4104.0,streamspot:g73:n0,streamspot:g73:n188,type_0,type_2,rel_16,0,0,0,0,validation:g73,0,187.0
4105.0,streamspot:g73:n0,streamspot:g73:n1070,type_0,type_2,rel_10,0,0,0,0,validation:g73,0,1069.0
4106.0,streamspot:g73:n0,streamspot:g73:n1678,type_0,type_2,rel_10,0,0,0,0,validation:g73,0,1677.0
4107.0,streamspot:g73:n2283,streamspot:g73:n2491,type_0,type_2,rel_10,0,0,0,0,validation:g73,0,2514.0
4108.0,streamspot:g73:n2283,streamspot:g73:n2506,type_0,type_2,rel_10,0,0,0,0,validation:g73,0,2529.0
4109.0,streamspot:g73:n2283,streamspot:g73:n3191,type_0,type_2,rel_10,0,0,0,0,validation:g73,0,3216.0
4110.0,streamspot:g73:n2283,streamspot:g73:n3416,type_0,type_2,rel_10,0,0,0,0,validation:g73,0,3394.0
4111.0,streamspot:g73:n2283,streamspot:g73:n4048,type_0,type_2,rel_10,0,0,0,0,validation:g73,0,3767.0
4112.0,streamspot:g73:n2283,streamspot:g73:n4326,type_0,type_2,rel_10,0,0,0,0,validation:g73,0,4065.0
4113.0,streamspot:g73:n2283,streamspot:g73:n4483,type_0,type_2,rel_16,0,0,0,0,validation:g73,0,4252.0
4114.0,streamspot:g73:n2283,streamspot:g73:n4577,type_0,type_2,rel_16,0,0,0,0,validation:g73,0,4346.0
4115.0,streamspot:g73:n2283,streamspot:g73:n4720,type_0,type_2,rel_10,0,0,0,0,validation:g73,0,4583.0
4116.0,streamspot:g73:n2283,streamspot:g73:n4836,type_0,type_2,rel_1,0,0,0,0,validation:g73,0,4592.0
4117.0,streamspot:g73:n2283,streamspot:g73:n6158,type_0,type_2,rel_10,0,0,0,0,validation:g73,0,4833.0
4118.0,streamspot:g73:n2283,streamspot:g73:n6159,type_0,type_2,rel_10,0,0,0,0,validation:g73,0,4834.0
4119.0,streamspot:g73:n2283,streamspot:g73:n6243,type_0,type_2,rel_10,0,0,0,0,validation:g73,0,4918.0
4120.0,streamspot:g73:n2283,streamspot:g73:n6329,type_0,type_2,rel_10,0,0,0,0,validation:g73,0,5004.0
4121.0,streamspot:g73:n2283,streamspot:g73:n6357,type_0,type_2,rel_10,0,0,0,0,validation:g73,0,5032.0
4122.0,streamspot:g73:n3347,streamspot:g73:n3361,type_0,type_2,rel_10,0,0,0,0,validation:g73,0,5340.0
4123.0,streamspot:g73:n3639,streamspot:g73:n2363,type_0,type_2,rel_10,0,0,0,0,validation:g73,0,5741.0
4124.0,streamspot:g73:n3639,streamspot:g73:n3298,type_0,type_2,rel_10,0,0,0,0,validation:g73,0,5816.0
4125.0,streamspot:g73:n4536,streamspot:g73:n4712,type_1,type_2,rel_10,0,0,0,0,validation:g73,0,6010.0
4126.0,streamspot:g73:n4841,streamspot:g73:n5057,type_0,type_4,rel_5,0,0,0,0,validation:g73,0,6404.0
4127.0,streamspot:g73:n4841,streamspot:g73:n5221,type_0,type_4,rel_5,0,0,0,0,validation:g73,0,6568.0
4128.0,streamspot:g73:n4841,streamspot:g73:n5391,type_0,type_4,rel_5,0,0,0,0,validation:g73,0,6738.0
4129.0,streamspot:g73:n4841,streamspot:g73:n5689,type_0,type_4,rel_5,0,0,0,0,validation:g73,0,7036.0
4130.0,streamspot:g73:n4841,streamspot:g73:n2843,type_0,type_2,rel_10,0,0,0,0,validation:g73,0,7295.0
4131.0,streamspot:g73:n5904,streamspot:g73:n8019,type_1,type_4,rel_2,0,0,0,0,validation:g73,0,7557.0
4132.0,streamspot:g73:n6636,streamspot:g73:n6709,type_0,type_2,rel_10,0,0,0,0,validation:g73,0,7720.0
4133.0,streamspot:g73:n6636,streamspot:g73:n2350,type_0,type_2,rel_10,0,0,0,0,validation:g73,0,7801.0
4134.0,streamspot:g73:n6636,streamspot:g73:n2655,type_0,type_2,rel_10,0,0,0,0,validation:g73,0,8125.0
4135.0,streamspot:g73:n6636,streamspot:g73:n2685,type_0,type_2,rel_10,0,0,0,0,validation:g73,0,8157.0
4136.0,streamspot:g73:n6636,streamspot:g73:n2818,type_0,type_2,rel_10,0,0,0,0,validation:g73,0,8297.0
4137.0,streamspot:g73:n6636,streamspot:g73:n3114,type_0,type_2,rel_10,0,0,0,0,validation:g73,0,8611.0
4138.0,streamspot:g73:n6636,streamspot:g73:n3564,type_0,type_2,rel_10,0,0,0,0,validation:g73,0,8935.0
4139.0,streamspot:g73:n6636,streamspot:g73:n3843,type_0,type_2,rel_1,0,0,0,0,validation:g73,0,9034.0
4140.0,streamspot:g73:n6636,streamspot:g73:n3968,type_0,type_2,rel_10,0,0,0,0,validation:g73,0,9164.0
4141.0,streamspot:g73:n6636,streamspot:g73:n6344,type_0,type_2,rel_10,0,0,0,0,validation:g73,0,9880.0
4142.0,streamspot:g73:n6636,streamspot:g73:n4188,type_0,type_2,rel_1,0,0,0,0,validation:g73,0,10102.0
4143.0,streamspot:g73:n6803,streamspot:g73:n6692,type_0,type_2,rel_16,0,0,0,0,validation:g73,0,10850.0
4144.0,streamspot:g73:n6803,streamspot:g73:n6705,type_0,type_2,rel_10,0,0,0,0,validation:g73,0,10863.0
4145.0,streamspot:g73:n6828,streamspot:g73:n14,type_0,type_2,rel_10,0,0,0,0,validation:g73,0,11118.0
4146.0,streamspot:g73:n6828,streamspot:g73:n7280,type_0,type_2,rel_10,0,0,0,0,validation:g73,0,11500.0
4147.0,streamspot:g73:n6828,streamspot:g73:n7386,type_0,type_2,rel_10,0,0,0,0,validation:g73,0,11606.0
4148.0,streamspot:g73:n6828,streamspot:g73:n7610,type_0,type_2,rel_10,0,0,0,0,validation:g73,0,11831.0
4149.0,streamspot:g73:n6838,streamspot:g73:n6716,type_0,type_2,rel_16,0,0,0,0,validation:g73,0,11887.0
4150.0,streamspot:g73:n6838,streamspot:g73:n6848,type_0,type_2,rel_10,0,0,0,0,validation:g73,0,11927.0
4151.0,streamspot:g517:n0,streamspot:g517:n141,type_0,type_2,rel_16,0,0,0,0,validation:g517,0,140.0
4152.0,streamspot:g517:n0,streamspot:g517:n432,type_0,type_2,rel_10,0,0,0,0,validation:g517,0,431.0
4153.0,streamspot:g517:n0,streamspot:g517:n550,type_0,type_2,rel_10,0,0,0,0,validation:g517,0,549.0
4154.0,streamspot:g517:n0,streamspot:g517:n684,type_0,type_2,rel_10,0,0,0,0,validation:g517,0,683.0
4155.0,streamspot:g517:n0,streamspot:g517:n854,type_0,type_2,rel_10,0,0,0,0,validation:g517,0,853.0
4156.0,streamspot:g517:n0,streamspot:g517:n1044,type_0,type_2,rel_10,0,0,0,0,validation:g517,0,1043.0
4157.0,streamspot:g517:n0,streamspot:g517:n1110,type_0,type_2,rel_10,0,0,0,0,validation:g517,0,1109.0
4158.0,streamspot:g517:n0,streamspot:g517:n1359,type_0,type_2,rel_10,0,0,0,0,validation:g517,0,1358.0
4159.0,streamspot:g517:n0,streamspot:g517:n1439,type_0,type_2,rel_16,0,0,0,0,validation:g517,0,1438.0
4160.0,streamspot:g517:n0,streamspot:g517:n1712,type_0,type_2,rel_10,0,0,0,0,validation:g517,0,1711.0
4161.0,streamspot:g517:n0,streamspot:g517:n1725,type_0,type_2,rel_10,0,0,0,0,validation:g517,0,1724.0
4162.0,streamspot:g517:n0,streamspot:g517:n1892,type_0,type_2,rel_10,0,0,0,0,validation:g517,0,1891.0
4163.0,streamspot:g517:n0,streamspot:g517:n2010,type_0,type_2,rel_10,0,0,0,0,validation:g517,0,2009.0
4164.0,streamspot:g517:n0,streamspot:g517:n2226,type_0,type_2,rel_10,0,0,0,0,validation:g517,0,2212.0
4165.0,streamspot:g517:n2283,streamspot:g517:n2653,type_0,type_2,rel_10,0,0,0,0,validation:g517,0,2815.0
4166.0,streamspot:g517:n2283,streamspot:g517:n2757,type_0,type_2,rel_10,0,0,0,0,validation:g517,0,2919.0
4167.0,streamspot:g517:n2283,streamspot:g517:n2770,type_0,type_2,rel_10,0,0,0,0,validation:g517,0,2932.0
4168.0,streamspot:g517:n2283,streamspot:g517:n2825,type_0,type_2,rel_10,0,0,0,0,validation:g517,0,2987.0
4169.0,streamspot:g517:n2283,streamspot:g517:n3094,type_0,type_2,rel_10,0,0,0,0,validation:g517,0,3258.0
4170.0,streamspot:g517:n2283,streamspot:g517:n3335,type_0,type_2,rel_10,0,0,0,0,validation:g517,0,3499.0
4171.0,streamspot:g517:n2283,streamspot:g517:n3347,type_0,type_0,rel_4,0,0,0,0,validation:g517,0,3509.0
4172.0,streamspot:g517:n2283,streamspot:g517:n3434,type_0,type_2,rel_10,0,0,0,0,validation:g517,0,3538.0
4173.0,streamspot:g517:n2283,streamspot:g517:n3871,type_0,type_2,rel_1,0,0,0,0,validation:g517,0,3717.0
4174.0,streamspot:g517:n2283,streamspot:g517:n3900,type_0,type_2,rel_10,0,0,0,0,validation:g517,0,3746.0
4175.0,streamspot:g517:n2283,streamspot:g517:n4329,type_0,type_2,rel_16,0,0,0,0,validation:g517,0,4207.0
4176.0,streamspot:g517:n3347,streamspot:g517:n3441,type_0,type_2,rel_10,0,0,0,0,validation:g517,0,5808.0
4177.0,streamspot:g517:n4834,streamspot:g517:n4945,type_0,type_4,rel_5,0,0,0,0,validation:g517,0,6845.0
4178.0,streamspot:g517:n4834,streamspot:g517:n5499,type_0,type_4,rel_5,0,0,0,0,validation:g517,0,7399.0
4179.0,streamspot:g517:n4834,streamspot:g517:n2459,type_0,type_2,rel_10,0,0,0,0,validation:g517,0,7868.0
4180.0,streamspot:g517:n5899,streamspot:g517:n5975,type_1,type_2,rel_10,0,0,0,0,validation:g517,0,8132.0
4181.0,streamspot:g517:n5899,streamspot:g517:n8286,type_1,type_2,rel_10,0,0,0,0,validation:g517,0,8182.0
4182.0,streamspot:g517:n5954,streamspot:g517:n8263,type_1,type_4,rel_2,0,0,0,0,validation:g517,0,8383.0
4183.0,streamspot:g517:n5963,streamspot:g517:n5964,type_1,type_4,rel_2,0,0,0,0,validation:g517,0,8427.0
4184.0,streamspot:g517:n6847,streamspot:g517:n2328,type_0,type_2,rel_16,0,0,0,0,validation:g517,0,8524.0
4185.0,streamspot:g517:n6847,streamspot:g517:n6666,type_0,type_2,rel_10,0,0,0,0,validation:g517,0,8549.0
4186.0,streamspot:g517:n6847,streamspot:g517:n3561,type_0,type_2,rel_10,0,0,0,0,validation:g517,0,8837.0
4187.0,streamspot:g517:n6958,streamspot:g517:n7020,type_0,type_4,rel_5,0,0,0,0,validation:g517,0,9150.0
4188.0,streamspot:g517:n6958,streamspot:g517:n2294,type_0,type_2,rel_10,0,0,0,0,validation:g517,0,9226.0
4189.0,streamspot:g517:n6958,streamspot:g517:n2808,type_0,type_2,rel_10,0,0,0,0,validation:g517,0,9770.0
4190.0,streamspot:g517:n6958,streamspot:g517:n3323,type_0,type_2,rel_10,0,0,0,0,validation:g517,0,10315.0
4191.0,streamspot:g517:n6958,streamspot:g517:n3929,type_0,type_2,rel_10,0,0,0,0,validation:g517,0,10607.0
4192.0,streamspot:g517:n6958,streamspot:g517:n3931,type_0,type_2,rel_10,0,0,0,0,validation:g517,0,10609.0
4193.0,streamspot:g517:n6958,streamspot:g517:n8119,type_0,type_2,rel_10,0,0,0,0,validation:g517,0,10902.0
4194.0,streamspot:g517:n6958,streamspot:g517:n6437,type_0,type_2,rel_10,0,0,0,0,validation:g517,0,11276.0
4195.0,streamspot:g517:n6958,streamspot:g517:n6363,type_0,type_2,rel_10,0,0,0,0,validation:g517,0,11358.0
4196.0,streamspot:g517:n6958,streamspot:g517:n6524,type_0,type_2,rel_10,0,0,0,0,validation:g517,0,11427.0
4197.0,streamspot:g517:n7147,streamspot:g517:n3539,type_0,type_2,rel_10,0,0,0,0,validation:g517,0,12308.0
4198.0,streamspot:g517:n7189,streamspot:g517:n7345,type_0,type_2,rel_10,0,0,0,0,validation:g517,0,12746.0
4199.0,streamspot:g517:n7189,streamspot:g517:n7956,type_0,type_2,rel_10,0,0,0,0,validation:g517,0,13358.0
4200.0,streamspot:g517:n8435,streamspot:g517:n5,type_1,type_2,rel_1,0,0,0,0,validation:g517,0,13596.0
4201.0,streamspot:g193:n0,streamspot:g193:n40,type_0,type_2,rel_10,0,0,0,0,validation:g193,0,39.0
4202.0,streamspot:g193:n0,streamspot:g193:n383,type_0,type_2,rel_10,0,0,0,0,validation:g193,0,382.0
4203.0,streamspot:g193:n0,streamspot:g193:n423,type_0,type_2,rel_10,0,0,0,0,validation:g193,0,422.0
4204.0,streamspot:g193:n0,streamspot:g193:n659,type_0,type_2,rel_10,0,0,0,0,validation:g193,0,658.0
4205.0,streamspot:g193:n0,streamspot:g193:n755,type_0,type_2,rel_10,0,0,0,0,validation:g193,0,754.0
4206.0,streamspot:g193:n0,streamspot:g193:n906,type_0,type_2,rel_10,0,0,0,0,validation:g193,0,905.0
4207.0,streamspot:g193:n0,streamspot:g193:n978,type_0,type_2,rel_10,0,0,0,0,validation:g193,0,977.0
4208.0,streamspot:g193:n0,streamspot:g193:n989,type_0,type_2,rel_10,0,0,0,0,validation:g193,0,988.0
4209.0,streamspot:g193:n0,streamspot:g193:n1052,type_0,type_2,rel_16,0,0,0,0,validation:g193,0,1051.0
4210.0,streamspot:g193:n0,streamspot:g193:n1103,type_0,type_2,rel_16,0,0,0,0,validation:g193,0,1102.0
4211.0,streamspot:g193:n0,streamspot:g193:n1284,type_0,type_2,rel_10,0,0,0,0,validation:g193,0,1283.0
4212.0,streamspot:g193:n0,streamspot:g193:n1339,type_0,type_2,rel_10,0,0,0,0,validation:g193,0,1338.0
4213.0,streamspot:g193:n0,streamspot:g193:n1352,type_0,type_2,rel_16,0,0,0,0,validation:g193,0,1351.0
4214.0,streamspot:g193:n0,streamspot:g193:n1388,type_0,type_2,rel_10,0,0,0,0,validation:g193,0,1387.0
4215.0,streamspot:g193:n0,streamspot:g193:n1424,type_0,type_2,rel_10,0,0,0,0,validation:g193,0,1423.0
4216.0,streamspot:g193:n0,streamspot:g193:n1511,type_0,type_2,rel_16,0,0,0,0,validation:g193,0,1510.0
4217.0,streamspot:g193:n0,streamspot:g193:n1718,type_0,type_2,rel_10,0,0,0,0,validation:g193,0,1717.0
4218.0,streamspot:g193:n0,streamspot:g193:n1849,type_0,type_2,rel_16,0,0,0,0,validation:g193,0,1848.0
4219.0,streamspot:g193:n2283,streamspot:g193:n2379,type_0,type_2,rel_10,0,0,0,0,validation:g193,0,2398.0
4220.0,streamspot:g193:n2283,streamspot:g193:n2541,type_0,type_2,rel_10,0,0,0,0,validation:g193,0,2564.0
4221.0,streamspot:g193:n2283,streamspot:g193:n2684,type_0,type_2,rel_10,0,0,0,0,validation:g193,0,2707.0
4222.0,streamspot:g193:n2283,streamspot:g193:n2881,type_0,type_2,rel_10,0,0,0,0,validation:g193,0,2904.0
4223.0,streamspot:g193:n2283,streamspot:g193:n2972,type_0,type_2,rel_10,0,0,0,0,validation:g193,0,2995.0
4224.0,streamspot:g193:n2283,streamspot:g193:n2998,type_0,type_2,rel_10,0,0,0,0,validation:g193,0,3022.0
4225.0,streamspot:g193:n2283,streamspot:g193:n3048,type_0,type_2,rel_10,0,0,0,0,validation:g193,0,3073.0
4226.0,streamspot:g193:n2283,streamspot:g193:n3257,type_0,type_2,rel_10,0,0,0,0,validation:g193,0,3282.0
4227.0,streamspot:g193:n2283,streamspot:g193:n4076,type_0,type_2,rel_16,0,0,0,0,validation:g193,0,3814.0
4228.0,streamspot:g193:n2283,streamspot:g193:n4203,type_0,type_2,rel_1,0,0,0,0,validation:g193,0,3943.0
4229.0,streamspot:g193:n2283,streamspot:g193:n4224,type_0,type_2,rel_1,0,0,0,0,validation:g193,0,3964.0
4230.0,streamspot:g193:n2283,streamspot:g193:n4257,type_0,type_2,rel_10,0,0,0,0,validation:g193,0,3997.0
4231.0,streamspot:g193:n2283,streamspot:g193:n4263,type_0,type_2,rel_10,0,0,0,0,validation:g193,0,4003.0
4232.0,streamspot:g193:n2283,streamspot:g193:n4277,type_0,type_2,rel_10,0,0,0,0,validation:g193,0,4017.0
4233.0,streamspot:g193:n2283,streamspot:g193:n4442,type_0,type_2,rel_10,0,0,0,0,validation:g193,0,4212.0
4234.0,streamspot:g193:n2283,streamspot:g193:n4446,type_0,type_2,rel_16,0,0,0,0,validation:g193,0,4216.0
4235.0,streamspot:g193:n2283,streamspot:g193:n4530,type_0,type_2,rel_16,0,0,0,0,validation:g193,0,4300.0
4236.0,streamspot:g193:n2283,streamspot:g193:n6006,type_0,type_2,rel_10,0,0,0,0,validation:g193,0,4663.0
4237.0,streamspot:g193:n2283,streamspot:g193:n6134,type_0,type_2,rel_10,0,0,0,0,validation:g193,0,4791.0
4238.0,streamspot:g193:n2283,streamspot:g193:n6172,type_0,type_2,rel_10,0,0,0,0,validation:g193,0,4829.0
4239.0,streamspot:g193:n2283,streamspot:g193:n6205,type_0,type_2,rel_10,0,0,0,0,validation:g193,0,4862.0
4240.0,streamspot:g193:n2283,streamspot:g193:n6242,type_0,type_2,rel_10,0,0,0,0,validation:g193,0,4899.0
4241.0,streamspot:g193:n2283,streamspot:g193:n6700,type_0,type_2,rel_10,0,0,0,0,validation:g193,0,5324.0
4242.0,streamspot:g193:n3639,streamspot:g193:n3228,type_0,type_2,rel_10,0,0,0,0,validation:g193,0,5768.0
4243.0,streamspot:g193:n3639,streamspot:g193:n3553,type_0,type_2,rel_10,0,0,0,0,validation:g193,0,5866.0
4244.0,streamspot:g193:n3639,streamspot:g193:n3588,type_0,type_2,rel_10,0,0,0,0,validation:g193,0,5901.0
4245.0,streamspot:g193:n4535,streamspot:g193:n4673,type_1,type_2,rel_10,0,0,0,0,validation:g193,0,5974.0
4246.0,streamspot:g193:n4832,streamspot:g193:n4860,type_0,type_4,rel_5,0,0,0,0,validation:g193,0,6205.0
4247.0,streamspot:g193:n4832,streamspot:g193:n5063,type_0,type_4,rel_5,0,0,0,0,validation:g193,0,6408.0
4248.0,streamspot:g193:n4832,streamspot:g193:n5095,type_0,type_4,rel_5,0,0,0,0,validation:g193,0,6440.0
4249.0,streamspot:g193:n4832,streamspot:g193:n5762,type_0,type_4,rel_5,0,0,0,0,validation:g193,0,7107.0
4250.0,streamspot:g193:n5882,streamspot:g193:n5887,type_1,type_2,rel_10,0,0,0,0,validation:g193,0,7486.0
4251.0,streamspot:g351:n0,streamspot:g351:n293,type_0,type_2,rel_10,1,1,1,1,validation:g351,1,292.0
4252.0,streamspot:g351:n0,streamspot:g351:n692,type_0,type_2,rel_10,1,1,1,1,validation:g351,1,691.0
4253.0,streamspot:g351:n0,streamspot:g351:n734,type_0,type_2,rel_10,1,1,1,1,validation:g351,1,733.0
4254.0,streamspot:g351:n0,streamspot:g351:n1226,type_0,type_2,rel_10,1,1,1,1,validation:g351,1,1225.0
4255.0,streamspot:g351:n0,streamspot:g351:n1769,type_0,type_2,rel_10,1,1,1,1,validation:g351,1,1768.0
4256.0,streamspot:g351:n0,streamspot:g351:n1814,type_0,type_2,rel_10,1,1,1,1,validation:g351,1,1813.0
4257.0,streamspot:g351:n0,streamspot:g351:n1855,type_0,type_2,rel_10,1,1,1,1,validation:g351,1,1854.0
4258.0,streamspot:g351:n0,streamspot:g351:n2190,type_0,type_2,rel_10,1,1,1,1,validation:g351,1,2176.0
4259.0,streamspot:g351:n2283,streamspot:g351:n2322,type_0,type_2,rel_16,1,1,1,1,validation:g351,1,2380.0
4260.0,streamspot:g351:n2283,streamspot:g351:n2554,type_0,type_2,rel_10,1,1,1,1,validation:g351,1,2619.0
4261.0,streamspot:g351:n2283,streamspot:g351:n2732,type_0,type_2,rel_10,1,1,1,1,validation:g351,1,2797.0
4262.0,streamspot:g351:n2283,streamspot:g351:n2816,type_0,type_2,rel_10,1,1,1,1,validation:g351,1,2881.0
4263.0,streamspot:g351:n2283,streamspot:g351:n2882,type_0,type_2,rel_10,1,1,1,1,validation:g351,1,2947.0
4264.0,streamspot:g351:n2283,streamspot:g351:n3586,type_0,type_2,rel_10,1,1,1,1,validation:g351,1,3515.0
4265.0,streamspot:g351:n2283,streamspot:g351:n4194,type_0,type_2,rel_1,1,1,1,1,validation:g351,1,3976.0
4266.0,streamspot:g351:n2283,streamspot:g351:n4271,type_0,type_2,rel_10,1,1,1,1,validation:g351,1,4053.0
4267.0,streamspot:g351:n2283,streamspot:g351:n6255,type_0,type_2,rel_10,1,1,1,1,validation:g351,1,5012.0
4268.0,streamspot:g351:n2283,streamspot:g351:n6463,type_0,type_2,rel_10,1,1,1,1,validation:g351,1,5220.0
4269.0,streamspot:g351:n2283,streamspot:g351:n6553,type_0,type_2,rel_10,1,1,1,1,validation:g351,1,5310.0
4270.0,streamspot:g351:n3639,streamspot:g351:n2832,type_0,type_2,rel_10,1,1,1,1,validation:g351,1,5723.0
4271.0,streamspot:g351:n4535,streamspot:g351:n4706,type_1,type_2,rel_10,1,1,1,1,validation:g351,1,6013.0
4272.0,streamspot:g351:n4661,streamspot:g351:n4712,type_1,type_2,rel_10,1,1,1,1,validation:g351,1,6136.0
4273.0,streamspot:g351:n4833,streamspot:g351:n4851,type_0,type_4,rel_5,1,1,1,1,validation:g351,1,6197.0
4274.0,streamspot:g351:n4833,streamspot:g351:n5096,type_0,type_4,rel_5,1,1,1,1,validation:g351,1,6442.0
4275.0,streamspot:g351:n4833,streamspot:g351:n5678,type_0,type_4,rel_5,1,1,1,1,validation:g351,1,7024.0
4276.0,streamspot:g351:n4833,streamspot:g351:n5807,type_0,type_4,rel_5,1,1,1,1,validation:g351,1,7153.0
4277.0,streamspot:g351:n4833,streamspot:g351:n2301,type_0,type_2,rel_16,1,1,1,1,validation:g351,1,7224.0
4278.0,streamspot:g351:n4833,streamspot:g351:n2311,type_0,type_2,rel_16,1,1,1,1,validation:g351,1,7234.0
4279.0,streamspot:g351:n5896,streamspot:g351:n4542,type_1,type_2,rel_10,1,1,1,1,validation:g351,1,7500.0
4280.0,streamspot:g351:n6586,streamspot:g351:n2300,type_0,type_2,rel_10,1,1,1,1,validation:g351,1,7616.0
4281.0,streamspot:g351:n6586,streamspot:g351:n6673,type_0,type_2,rel_10,1,1,1,1,validation:g351,1,7815.0
4282.0,streamspot:g351:n6586,streamspot:g351:n2728,type_0,type_2,rel_10,1,1,1,1,validation:g351,1,8070.0
4283.0,streamspot:g351:n6586,streamspot:g351:n2934,type_0,type_2,rel_10,1,1,1,1,validation:g351,1,8287.0
4284.0,streamspot:g351:n6586,streamspot:g351:n3221,type_0,type_2,rel_10,1,1,1,1,validation:g351,1,8591.0
4285.0,streamspot:g351:n6586,streamspot:g351:n7612,type_0,type_2,rel_10,1,1,1,1,validation:g351,1,9145.0
4286.0,streamspot:g351:n6586,streamspot:g351:n4116,type_0,type_2,rel_16,1,1,1,1,validation:g351,1,9238.0
4287.0,streamspot:g351:n6586,streamspot:g351:n6352,type_0,type_2,rel_10,1,1,1,1,validation:g351,1,9649.0
4288.0,streamspot:g351:n6744,streamspot:g351:n2460,type_0,type_2,rel_10,1,1,1,1,validation:g351,1,10457.0
4289.0,streamspot:g351:n6769,streamspot:g351:n6639,type_0,type_2,rel_16,1,1,1,1,validation:g351,1,10498.0
4290.0,streamspot:g351:n6769,streamspot:g351:n6781,type_0,type_2,rel_10,1,1,1,1,validation:g351,1,10556.0
4291.0,streamspot:g351:n6769,streamspot:g351:n6793,type_0,type_2,rel_10,1,1,1,1,validation:g351,1,10578.0
4292.0,streamspot:g351:n6769,streamspot:g351:n6906,type_0,type_2,rel_16,1,1,1,1,validation:g351,1,10694.0
4293.0,streamspot:g351:n6769,streamspot:g351:n7131,type_0,type_2,rel_10,1,1,1,1,validation:g351,1,10919.0
4294.0,streamspot:g351:n6769,streamspot:g351:n7545,type_0,type_2,rel_16,1,1,1,1,validation:g351,1,11334.0
4295.0,streamspot:g351:n6779,streamspot:g351:n6778,type_0,type_2,rel_7,1,1,1,1,validation:g351,1,11368.0
4296.0,streamspot:g351:n6779,streamspot:g351:n2346,type_0,type_2,rel_16,1,1,1,1,validation:g351,1,11465.0
4297.0,streamspot:g351:n7850,streamspot:g351:n8078,type_0,type_4,rel_8,1,1,1,1,validation:g351,1,11705.0
4298.0,streamspot:g351:n7850,streamspot:g351:n8377,type_0,type_4,rel_8,1,1,1,1,validation:g351,1,12004.0
4299.0,streamspot:g351:n7850,streamspot:g351:n8467,type_0,type_4,rel_8,1,1,1,1,validation:g351,1,12094.0
4300.0,streamspot:g351:n7850,streamspot:g351:n8661,type_0,type_4,rel_8,1,1,1,1,validation:g351,1,12288.0
4301.0,streamspot:g315:n0,streamspot:g315:n343,type_0,type_2,rel_10,1,1,1,1,validation:g315,1,342.0
4302.0,streamspot:g315:n0,streamspot:g315:n569,type_0,type_2,rel_16,1,1,1,1,validation:g315,1,568.0
4303.0,streamspot:g315:n0,streamspot:g315:n1121,type_0,type_2,rel_10,1,1,1,1,validation:g315,1,1120.0
4304.0,streamspot:g315:n0,streamspot:g315:n1172,type_0,type_2,rel_10,1,1,1,1,validation:g315,1,1171.0
4305.0,streamspot:g315:n0,streamspot:g315:n1217,type_0,type_2,rel_10,1,1,1,1,validation:g315,1,1216.0
4306.0,streamspot:g315:n0,streamspot:g315:n1395,type_0,type_2,rel_10,1,1,1,1,validation:g315,1,1394.0
4307.0,streamspot:g315:n0,streamspot:g315:n1688,type_0,type_2,rel_10,1,1,1,1,validation:g315,1,1687.0
4308.0,streamspot:g315:n0,streamspot:g315:n1794,type_0,type_2,rel_10,1,1,1,1,validation:g315,1,1793.0
4309.0,streamspot:g315:n0,streamspot:g315:n1915,type_0,type_2,rel_10,1,1,1,1,validation:g315,1,1914.0
4310.0,streamspot:g315:n0,streamspot:g315:n2186,type_0,type_2,rel_10,1,1,1,1,validation:g315,1,2172.0
4311.0,streamspot:g315:n2134,streamspot:g315:n21,type_0,type_2,rel_5,1,1,1,1,validation:g315,1,2337.0
4312.0,streamspot:g315:n2283,streamspot:g315:n2616,type_0,type_2,rel_10,1,1,1,1,validation:g315,1,2681.0
4313.0,streamspot:g315:n2283,streamspot:g315:n2684,type_0,type_2,rel_10,1,1,1,1,validation:g315,1,2749.0
4314.0,streamspot:g315:n2283,streamspot:g315:n2696,type_0,type_2,rel_10,1,1,1,1,validation:g315,1,2761.0
4315.0,streamspot:g315:n2283,streamspot:g315:n3011,type_0,type_2,rel_10,1,1,1,1,validation:g315,1,3077.0
4316.0,streamspot:g315:n2283,streamspot:g315:n3195,type_0,type_2,rel_10,1,1,1,1,validation:g315,1,3262.0
4317.0,streamspot:g315:n2283,streamspot:g315:n4314,type_0,type_2,rel_10,1,1,1,1,validation:g315,1,4096.0
4318.0,streamspot:g315:n2283,streamspot:g315:n4570,type_0,type_2,rel_16,1,1,1,1,validation:g315,1,4382.0
4319.0,streamspot:g315:n2283,streamspot:g315:n4594,type_0,type_2,rel_16,1,1,1,1,validation:g315,1,4406.0
4320.0,streamspot:g315:n2283,streamspot:g315:n4675,type_0,type_2,rel_10,1,1,1,1,validation:g315,1,4581.0
4321.0,streamspot:g315:n2283,streamspot:g315:n6105,type_0,type_2,rel_10,1,1,1,1,validation:g315,1,4862.0
4322.0,streamspot:g315:n2283,streamspot:g315:n6283,type_0,type_2,rel_10,1,1,1,1,validation:g315,1,5040.0
4323.0,streamspot:g315:n2283,streamspot:g315:n6383,type_0,type_2,rel_10,1,1,1,1,validation:g315,1,5140.0
4324.0,streamspot:g315:n2283,streamspot:g315:n6454,type_0,type_2,rel_10,1,1,1,1,validation:g315,1,5211.0
4325.0,streamspot:g315:n2283,streamspot:g315:n6485,type_0,type_2,rel_10,1,1,1,1,validation:g315,1,5242.0
4326.0,streamspot:g315:n2283,streamspot:g315:n6581,type_0,type_1,rel_4,1,1,1,1,validation:g315,1,5338.0
4327.0,streamspot:g315:n4829,streamspot:g315:n4879,type_0,type_4,rel_5,1,1,1,1,validation:g315,1,6219.0
4328.0,streamspot:g315:n4829,streamspot:g315:n5472,type_0,type_4,rel_5,1,1,1,1,validation:g315,1,6812.0
4329.0,streamspot:g315:n4829,streamspot:g315:n5502,type_0,type_4,rel_5,1,1,1,1,validation:g315,1,6842.0
4330.0,streamspot:g315:n4829,streamspot:g315:n5636,type_0,type_4,rel_5,1,1,1,1,validation:g315,1,6976.0
4331.0,streamspot:g315:n4829,streamspot:g315:n5652,type_0,type_4,rel_5,1,1,1,1,validation:g315,1,6992.0
4332.0,streamspot:g315:n4829,streamspot:g315:n2845,type_0,type_2,rel_10,1,1,1,1,validation:g315,1,7278.0
4333.0,streamspot:g315:n6591,streamspot:g315:n2373,type_0,type_2,rel_10,1,1,1,1,validation:g315,1,7686.0
4334.0,streamspot:g315:n6591,streamspot:g315:n2577,type_0,type_2,rel_10,1,1,1,1,validation:g315,1,7902.0
4335.0,streamspot:g315:n6591,streamspot:g315:n2917,type_0,type_2,rel_10,1,1,1,1,validation:g315,1,8260.0
4336.0,streamspot:g315:n6591,streamspot:g315:n2970,type_0,type_2,rel_10,1,1,1,1,validation:g315,1,8316.0
4337.0,streamspot:g315:n6591,streamspot:g315:n3544,type_0,type_2,rel_10,1,1,1,1,validation:g315,1,8773.0
4338.0,streamspot:g315:n6591,streamspot:g315:n3994,type_0,type_2,rel_10,1,1,1,1,validation:g315,1,9050.0
4339.0,streamspot:g315:n6591,streamspot:g315:n4090,type_0,type_2,rel_16,1,1,1,1,validation:g315,1,9203.0
4340.0,streamspot:g315:n6591,streamspot:g315:n6120,type_0,type_2,rel_10,1,1,1,1,validation:g315,1,9420.0
4341.0,streamspot:g315:n6591,streamspot:g315:n6404,type_0,type_2,rel_10,1,1,1,1,validation:g315,1,9759.0
4342.0,streamspot:g315:n6591,streamspot:g315:n6426,type_0,type_2,rel_10,1,1,1,1,validation:g315,1,9782.0
4343.0,streamspot:g315:n6591,streamspot:g315:n7842,type_0,type_2,rel_10,1,1,1,1,validation:g315,1,9939.0
4344.0,streamspot:g315:n6732,streamspot:g315:n2835,type_0,type_2,rel_10,1,1,1,1,validation:g315,1,10122.0
4345.0,streamspot:g315:n6732,streamspot:g315:n2843,type_0,type_2,rel_10,1,1,1,1,validation:g315,1,10130.0
4346.0,streamspot:g315:n6732,streamspot:g315:n2468,type_0,type_2,rel_10,1,1,1,1,validation:g315,1,10168.0
4347.0,streamspot:g315:n6774,streamspot:g315:n6854,type_0,type_2,rel_16,1,1,1,1,validation:g315,1,10634.0
4348.0,streamspot:g315:n6774,streamspot:g315:n7110,type_0,type_2,rel_16,1,1,1,1,validation:g315,1,10886.0
4349.0,streamspot:g315:n7845,streamspot:g315:n8587,type_0,type_4,rel_8,1,1,1,1,validation:g315,1,12211.0
4350.0,streamspot:g315:n7845,streamspot:g315:n8659,type_0,type_4,rel_8,1,1,1,1,validation:g315,1,12283.0
4351.0,streamspot:g357:n0,streamspot:g357:n450,type_0,type_2,rel_10,1,1,1,1,validation:g357,1,449.0
4352.0,streamspot:g357:n0,streamspot:g357:n1116,type_0,type_2,rel_10,1,1,1,1,validation:g357,1,1115.0
4353.0,streamspot:g357:n0,streamspot:g357:n1827,type_0,type_2,rel_10,1,1,1,1,validation:g357,1,1826.0
4354.0,streamspot:g357:n0,streamspot:g357:n1830,type_0,type_2,rel_16,1,1,1,1,validation:g357,1,1829.0
4355.0,streamspot:g357:n0,streamspot:g357:n2074,type_0,type_2,rel_10,1,1,1,1,validation:g357,1,2073.0
4356.0,streamspot:g357:n0,streamspot:g357:n2145,type_0,type_2,rel_10,1,1,1,1,validation:g357,1,2131.0
4357.0,streamspot:g357:n2283,streamspot:g357:n2886,type_0,type_2,rel_10,1,1,1,1,validation:g357,1,2951.0
4358.0,streamspot:g357:n2283,streamspot:g357:n3085,type_0,type_2,rel_10,1,1,1,1,validation:g357,1,3152.0
4359.0,streamspot:g357:n2283,streamspot:g357:n3232,type_0,type_2,rel_10,1,1,1,1,validation:g357,1,3299.0
4360.0,streamspot:g357:n2283,streamspot:g357:n3529,type_0,type_2,rel_10,1,1,1,1,validation:g357,1,3458.0
4361.0,streamspot:g357:n2283,streamspot:g357:n3579,type_0,type_2,rel_10,1,1,1,1,validation:g357,1,3508.0
4362.0,streamspot:g357:n2283,streamspot:g357:n3959,type_0,type_2,rel_10,1,1,1,1,validation:g357,1,3708.0
4363.0,streamspot:g357:n2283,streamspot:g357:n4368,type_0,type_2,rel_10,1,1,1,1,validation:g357,1,4149.0
4364.0,streamspot:g357:n2283,streamspot:g357:n4712,type_0,type_2,rel_10,1,1,1,1,validation:g357,1,4617.0
4365.0,streamspot:g357:n2283,streamspot:g357:n6416,type_0,type_2,rel_10,1,1,1,1,validation:g357,1,5173.0
4366.0,streamspot:g357:n2283,streamspot:g357:n6558,type_0,type_2,rel_10,1,1,1,1,validation:g357,1,5315.0
4367.0,streamspot:g357:n3347,streamspot:g357:n3434,type_0,type_2,rel_10,1,1,1,1,validation:g357,1,5416.0
4368.0,streamspot:g357:n3347,streamspot:g357:n3794,type_0,type_2,rel_10,1,1,1,1,validation:g357,1,5599.0
4369.0,streamspot:g357:n3639,streamspot:g357:n3554,type_0,type_2,rel_10,1,1,1,1,validation:g357,1,5883.0
4370.0,streamspot:g357:n4835,streamspot:g357:n5152,type_0,type_4,rel_5,1,1,1,1,validation:g357,1,6504.0
4371.0,streamspot:g357:n4835,streamspot:g357:n5574,type_0,type_4,rel_5,1,1,1,1,validation:g357,1,6926.0
4372.0,streamspot:g357:n4835,streamspot:g357:n5624,type_0,type_4,rel_5,1,1,1,1,validation:g357,1,6976.0
4373.0,streamspot:g357:n4835,streamspot:g357:n5656,type_0,type_4,rel_5,1,1,1,1,validation:g357,1,7008.0
4374.0,streamspot:g357:n4835,streamspot:g357:n2463,type_0,type_2,rel_10,1,1,1,1,validation:g357,1,7325.0
4375.0,streamspot:g357:n6588,streamspot:g357:n2595,type_0,type_2,rel_10,1,1,1,1,validation:g357,1,7938.0
4376.0,streamspot:g357:n6588,streamspot:g357:n2669,type_0,type_2,rel_10,1,1,1,1,validation:g357,1,8016.0
4377.0,streamspot:g357:n6588,streamspot:g357:n2687,type_0,type_2,rel_10,1,1,1,1,validation:g357,1,8035.0
4378.0,streamspot:g357:n6588,streamspot:g357:n2871,type_0,type_2,rel_10,1,1,1,1,validation:g357,1,8229.0
4379.0,streamspot:g357:n6588,streamspot:g357:n3277,type_0,type_2,rel_10,1,1,1,1,validation:g357,1,8658.0
4380.0,streamspot:g357:n6588,streamspot:g357:n3630,type_0,type_2,rel_16,1,1,1,1,validation:g357,1,8878.0
4381.0,streamspot:g357:n6588,streamspot:g357:n3863,type_0,type_2,rel_1,1,1,1,1,validation:g357,1,8930.0
4382.0,streamspot:g357:n6588,streamspot:g357:n6447,type_0,type_2,rel_10,1,1,1,1,validation:g357,1,9815.0
4383.0,streamspot:g357:n6729,streamspot:g357:n6660,type_0,type_2,rel_10,1,1,1,1,validation:g357,1,10061.0
4384.0,streamspot:g357:n6729,streamspot:g357:n3589,type_0,type_2,rel_10,1,1,1,1,validation:g357,1,10337.0
4385.0,streamspot:g357:n6746,streamspot:g357:n6648,type_0,type_2,rel_10,1,1,1,1,validation:g357,1,10379.0
4386.0,streamspot:g357:n6771,streamspot:g357:n6780,type_0,type_4,rel_5,1,1,1,1,validation:g357,1,10498.0
4387.0,streamspot:g357:n6771,streamspot:g357:n2291,type_0,type_2,rel_16,1,1,1,1,validation:g357,1,10539.0
4388.0,streamspot:g357:n6771,streamspot:g357:n7159,type_0,type_2,rel_16,1,1,1,1,validation:g357,1,10954.0
4389.0,streamspot:g357:n6771,streamspot:g357:n7180,type_0,type_2,rel_10,1,1,1,1,validation:g357,1,10975.0
4390.0,streamspot:g357:n6771,streamspot:g357:n7324,type_0,type_2,rel_16,1,1,1,1,validation:g357,1,11119.0
4391.0,streamspot:g357:n6781,streamspot:g357:n2462,type_0,type_2,rel_10,1,1,1,1,validation:g357,1,11502.0
4392.0,streamspot:g357:n6781,streamspot:g357:n2463,type_0,type_2,rel_10,1,1,1,1,validation:g357,1,11503.0
4393.0,streamspot:g357:n7852,streamspot:g357:n7938,type_0,type_4,rel_8,1,1,1,1,validation:g357,1,11572.0
4394.0,streamspot:g357:n7852,streamspot:g357:n7993,type_0,type_4,rel_8,1,1,1,1,validation:g357,1,11627.0
4395.0,streamspot:g357:n7852,streamspot:g357:n8190,type_0,type_4,rel_8,1,1,1,1,validation:g357,1,11824.0
4396.0,streamspot:g357:n7852,streamspot:g357:n8207,type_0,type_4,rel_8,1,1,1,1,validation:g357,1,11841.0
4397.0,streamspot:g357:n7852,streamspot:g357:n8274,type_0,type_4,rel_8,1,1,1,1,validation:g357,1,11908.0
4398.0,streamspot:g357:n7852,streamspot:g357:n8604,type_0,type_4,rel_8,1,1,1,1,validation:g357,1,12238.0
4399.0,streamspot:g357:n7852,streamspot:g357:n8684,type_0,type_4,rel_8,1,1,1,1,validation:g357,1,12318.0
4400.0,streamspot:g357:n7852,streamspot:g357:n8813,type_0,type_4,rel_8,1,1,1,1,validation:g357,1,12447.0
4401.0,streamspot:g332:n0,streamspot:g332:n99,type_0,type_2,rel_10,1,1,1,1,validation:g332,1,98.0
4402.0,streamspot:g332:n0,streamspot:g332:n625,type_0,type_2,rel_10,1,1,1,1,validation:g332,1,624.0
4403.0,streamspot:g332:n0,streamspot:g332:n941,type_0,type_2,rel_10,1,1,1,1,validation:g332,1,940.0
4404.0,streamspot:g332:n0,streamspot:g332:n1111,type_0,type_2,rel_10,1,1,1,1,validation:g332,1,1110.0
4405.0,streamspot:g332:n0,streamspot:g332:n1901,type_0,type_2,rel_16,1,1,1,1,validation:g332,1,1900.0
4406.0,streamspot:g332:n2283,streamspot:g332:n2345,type_0,type_2,rel_10,1,1,1,1,validation:g332,1,2403.0
4407.0,streamspot:g332:n2283,streamspot:g332:n3323,type_0,type_2,rel_10,1,1,1,1,validation:g332,1,3390.0
4408.0,streamspot:g332:n2283,streamspot:g332:n4188,type_0,type_2,rel_1,1,1,1,1,validation:g332,1,3970.0
4409.0,streamspot:g332:n2283,streamspot:g332:n4227,type_0,type_2,rel_1,1,1,1,1,validation:g332,1,4009.0
4410.0,streamspot:g332:n2283,streamspot:g332:n4425,type_0,type_4,rel_5,1,1,1,1,validation:g332,1,4237.0
4411.0,streamspot:g332:n2283,streamspot:g332:n6107,type_0,type_2,rel_10,1,1,1,1,validation:g332,1,4864.0
4412.0,streamspot:g332:n2283,streamspot:g332:n6135,type_0,type_2,rel_10,1,1,1,1,validation:g332,1,4892.0
4413.0,streamspot:g332:n2283,streamspot:g332:n6393,type_0,type_2,rel_10,1,1,1,1,validation:g332,1,5150.0
4414.0,streamspot:g332:n3347,streamspot:g332:n3692,type_0,type_2,rel_10,1,1,1,1,validation:g332,1,5514.0
4415.0,streamspot:g332:n3347,streamspot:g332:n3769,type_0,type_2,rel_10,1,1,1,1,validation:g332,1,5576.0
4416.0,streamspot:g332:n3639,streamspot:g332:n3596,type_0,type_2,rel_10,1,1,1,1,validation:g332,1,5923.0
4417.0,streamspot:g332:n3639,streamspot:g332:n21,type_0,type_2,rel_5,1,1,1,1,validation:g332,1,5935.0
4418.0,streamspot:g332:n4835,streamspot:g332:n4910,type_0,type_4,rel_5,1,1,1,1,validation:g332,1,6258.0
4419.0,streamspot:g332:n4835,streamspot:g332:n5315,type_0,type_4,rel_5,1,1,1,1,validation:g332,1,6663.0
4420.0,streamspot:g332:n4835,streamspot:g332:n5476,type_0,type_4,rel_5,1,1,1,1,validation:g332,1,6824.0
4421.0,streamspot:g332:n4835,streamspot:g332:n5639,type_0,type_4,rel_5,1,1,1,1,validation:g332,1,6987.0
4422.0,streamspot:g332:n4835,streamspot:g332:n2338,type_0,type_2,rel_16,1,1,1,1,validation:g332,1,7266.0
4423.0,streamspot:g332:n4835,streamspot:g332:n2834,type_0,type_2,rel_10,1,1,1,1,validation:g332,1,7281.0
4424.0,streamspot:g332:n4835,streamspot:g332:n3535,type_0,type_2,rel_10,1,1,1,1,validation:g332,1,7416.0
4425.0,streamspot:g332:n5903,streamspot:g332:n7846,type_1,type_2,rel_1,1,1,1,1,validation:g332,1,7516.0
4426.0,streamspot:g332:n6588,streamspot:g332:n2635,type_0,type_2,rel_10,1,1,1,1,validation:g332,1,7976.0
4427.0,streamspot:g332:n6588,streamspot:g332:n3407,type_0,type_2,rel_10,1,1,1,1,validation:g332,1,8740.0
4428.0,streamspot:g332:n6588,streamspot:g332:n3653,type_0,type_2,rel_10,1,1,1,1,validation:g332,1,8889.0
4429.0,streamspot:g332:n6588,streamspot:g332:n7626,type_0,type_2,rel_10,1,1,1,1,validation:g332,1,9173.0
4430.0,streamspot:g332:n6588,streamspot:g332:n7632,type_0,type_2,rel_10,1,1,1,1,validation:g332,1,9185.0
4431.0,streamspot:g332:n6588,streamspot:g332:n6274,type_0,type_2,rel_10,1,1,1,1,validation:g332,1,9729.0
4432.0,streamspot:g332:n6588,streamspot:g332:n7863,type_0,type_2,rel_10,1,1,1,1,validation:g332,1,9964.0
4433.0,streamspot:g332:n6588,streamspot:g332:n7866,type_0,type_2,rel_10,1,1,1,1,validation:g332,1,9967.0
4434.0,streamspot:g332:n6729,streamspot:g332:n6664,type_0,type_2,rel_10,1,1,1,1,validation:g332,1,10060.0
4435.0,streamspot:g332:n6746,streamspot:g332:n6645,type_0,type_2,rel_16,1,1,1,1,validation:g332,1,10371.0
4436.0,streamspot:g332:n6746,streamspot:g332:n2324,type_0,type_2,rel_16,1,1,1,1,validation:g332,1,10434.0
4437.0,streamspot:g332:n6771,streamspot:g332:n6823,type_0,type_2,rel_10,1,1,1,1,validation:g332,1,10601.0
4438.0,streamspot:g332:n6771,streamspot:g332:n6970,type_0,type_2,rel_10,1,1,1,1,validation:g332,1,10760.0
4439.0,streamspot:g332:n6771,streamspot:g332:n7236,type_0,type_2,rel_16,1,1,1,1,validation:g332,1,11026.0
4440.0,streamspot:g332:n6771,streamspot:g332:n7256,type_0,type_2,rel_16,1,1,1,1,validation:g332,1,11046.0
4441.0,streamspot:g332:n6771,streamspot:g332:n7542,type_0,type_2,rel_10,1,1,1,1,validation:g332,1,11333.0
4442.0,streamspot:g332:n6771,streamspot:g332:n7552,type_0,type_2,rel_10,1,1,1,1,validation:g332,1,11343.0
4443.0,streamspot:g332:n6781,streamspot:g332:n2374,type_0,type_2,rel_10,1,1,1,1,validation:g332,1,11480.0
4444.0,streamspot:g332:n7852,streamspot:g332:n8160,type_0,type_4,rel_8,1,1,1,1,validation:g332,1,11789.0
4445.0,streamspot:g332:n7852,streamspot:g332:n8223,type_0,type_4,rel_8,1,1,1,1,validation:g332,1,11852.0
4446.0,streamspot:g332:n7852,streamspot:g332:n8264,type_0,type_4,rel_8,1,1,1,1,validation:g332,1,11893.0
4447.0,streamspot:g332:n7852,streamspot:g332:n8321,type_0,type_4,rel_8,1,1,1,1,validation:g332,1,11950.0
4448.0,streamspot:g332:n7852,streamspot:g332:n8411,type_0,type_4,rel_8,1,1,1,1,validation:g332,1,12040.0
4449.0,streamspot:g332:n7852,streamspot:g332:n8598,type_0,type_4,rel_8,1,1,1,1,validation:g332,1,12227.0
4450.0,streamspot:g332:n7852,streamspot:g332:n8850,type_0,type_4,rel_8,1,1,1,1,validation:g332,1,12479.0
4451.0,streamspot:g341:n0,streamspot:g341:n826,type_0,type_2,rel_10,1,1,1,1,validation:g341,1,825.0
4452.0,streamspot:g341:n0,streamspot:g341:n858,type_0,type_2,rel_10,1,1,1,1,validation:g341,1,857.0
4453.0,streamspot:g341:n0,streamspot:g341:n1374,type_0,type_2,rel_10,1,1,1,1,validation:g341,1,1373.0
4454.0,streamspot:g341:n0,streamspot:g341:n1687,type_0,type_2,rel_10,1,1,1,1,validation:g341,1,1686.0
4455.0,streamspot:g341:n0,streamspot:g341:n1766,type_0,type_2,rel_10,1,1,1,1,validation:g341,1,1765.0
4456.0,streamspot:g341:n0,streamspot:g341:n1828,type_0,type_2,rel_16,1,1,1,1,validation:g341,1,1827.0
4457.0,streamspot:g341:n0,streamspot:g341:n1922,type_0,type_2,rel_10,1,1,1,1,validation:g341,1,1921.0
4458.0,streamspot:g341:n0,streamspot:g341:n2266,type_0,type_2,rel_16,1,1,1,1,validation:g341,1,2252.0
4459.0,streamspot:g341:n2283,streamspot:g341:n2286,type_0,type_2,rel_10,1,1,1,1,validation:g341,1,2343.0
4460.0,streamspot:g341:n2283,streamspot:g341:n2457,type_0,type_2,rel_10,1,1,1,1,validation:g341,1,2521.0
4461.0,streamspot:g341:n2283,streamspot:g341:n2509,type_0,type_2,rel_10,1,1,1,1,validation:g341,1,2574.0
4462.0,streamspot:g341:n2283,streamspot:g341:n2863,type_0,type_2,rel_10,1,1,1,1,validation:g341,1,2928.0
4463.0,streamspot:g341:n2283,streamspot:g341:n2950,type_0,type_2,rel_10,1,1,1,1,validation:g341,1,3015.0
4464.0,streamspot:g341:n2283,streamspot:g341:n3257,type_0,type_2,rel_10,1,1,1,1,validation:g341,1,3324.0
4465.0,streamspot:g341:n2283,streamspot:g341:n3434,type_0,type_2,rel_10,1,1,1,1,validation:g341,1,3439.0
4466.0,streamspot:g341:n2283,streamspot:g341:n4728,type_0,type_2,rel_10,1,1,1,1,validation:g341,1,4483.0
4467.0,streamspot:g341:n2283,streamspot:g341:n4793,type_0,type_2,rel_10,1,1,1,1,validation:g341,1,4548.0
4468.0,streamspot:g341:n2283,streamspot:g341:n4833,type_0,type_2,rel_1,1,1,1,1,validation:g341,1,4631.0
4469.0,streamspot:g341:n2283,streamspot:g341:n6049,type_0,type_2,rel_10,1,1,1,1,validation:g341,1,4806.0
4470.0,streamspot:g341:n2283,streamspot:g341:n6420,type_0,type_2,rel_10,1,1,1,1,validation:g341,1,5177.0
4471.0,streamspot:g341:n3347,streamspot:g341:n3467,type_0,type_2,rel_10,1,1,1,1,validation:g341,1,5430.0
4472.0,streamspot:g341:n3347,streamspot:g341:n3754,type_0,type_2,rel_10,1,1,1,1,validation:g341,1,5561.0
4473.0,streamspot:g341:n3639,streamspot:g341:n3307,type_0,type_2,rel_10,1,1,1,1,validation:g341,1,5842.0
4474.0,streamspot:g341:n4718,streamspot:g341:n2257,type_1,type_2,rel_10,1,1,1,1,validation:g341,1,6171.0
4475.0,streamspot:g341:n4835,streamspot:g341:n5015,type_0,type_4,rel_5,1,1,1,1,validation:g341,1,6363.0
4476.0,streamspot:g341:n4835,streamspot:g341:n5090,type_0,type_4,rel_5,1,1,1,1,validation:g341,1,6438.0
4477.0,streamspot:g341:n4835,streamspot:g341:n5118,type_0,type_4,rel_5,1,1,1,1,validation:g341,1,6466.0
4478.0,streamspot:g341:n4835,streamspot:g341:n5252,type_0,type_4,rel_5,1,1,1,1,validation:g341,1,6600.0
4479.0,streamspot:g341:n4835,streamspot:g341:n5270,type_0,type_4,rel_5,1,1,1,1,validation:g341,1,6618.0
4480.0,streamspot:g341:n4835,streamspot:g341:n5385,type_0,type_4,rel_5,1,1,1,1,validation:g341,1,6733.0
4481.0,streamspot:g341:n4835,streamspot:g341:n5821,type_0,type_4,rel_5,1,1,1,1,validation:g341,1,7169.0
4482.0,streamspot:g341:n6588,streamspot:g341:n2490,type_0,type_2,rel_10,1,1,1,1,validation:g341,1,7801.0
4483.0,streamspot:g341:n6588,streamspot:g341:n6680,type_0,type_2,rel_10,1,1,1,1,validation:g341,1,7917.0
4484.0,streamspot:g341:n6588,streamspot:g341:n2752,type_0,type_2,rel_10,1,1,1,1,validation:g341,1,8098.0
4485.0,streamspot:g341:n6588,streamspot:g341:n3013,type_0,type_2,rel_10,1,1,1,1,validation:g341,1,8373.0
4486.0,streamspot:g341:n6588,streamspot:g341:n3045,type_0,type_2,rel_10,1,1,1,1,validation:g341,1,8408.0
4487.0,streamspot:g341:n6588,streamspot:g341:n6481,type_0,type_2,rel_10,1,1,1,1,validation:g341,1,9845.0
4488.0,streamspot:g341:n6588,streamspot:g341:n7887,type_0,type_2,rel_10,1,1,1,1,validation:g341,1,9986.0
4489.0,streamspot:g341:n6729,streamspot:g341:n2829,type_0,type_2,rel_10,1,1,1,1,validation:g341,1,10125.0
4490.0,streamspot:g341:n6746,streamspot:g341:n2292,type_0,type_2,rel_10,1,1,1,1,validation:g341,1,10398.0
4491.0,streamspot:g341:n6771,streamspot:g341:n6646,type_0,type_2,rel_10,1,1,1,1,validation:g341,1,10505.0
4492.0,streamspot:g341:n6771,streamspot:g341:n6904,type_0,type_2,rel_16,1,1,1,1,validation:g341,1,10692.0
4493.0,streamspot:g341:n6771,streamspot:g341:n6955,type_0,type_2,rel_10,1,1,1,1,validation:g341,1,10743.0
4494.0,streamspot:g341:n6771,streamspot:g341:n7140,type_0,type_2,rel_16,1,1,1,1,validation:g341,1,10928.0
4495.0,streamspot:g341:n6771,streamspot:g341:n7301,type_0,type_2,rel_10,1,1,1,1,validation:g341,1,11089.0
4496.0,streamspot:g341:n6771,streamspot:g341:n7446,type_0,type_2,rel_10,1,1,1,1,validation:g341,1,11234.0
4497.0,streamspot:g341:n6781,streamspot:g341:n2314,type_0,type_2,rel_10,1,1,1,1,validation:g341,1,11433.0
4498.0,streamspot:g341:n7852,streamspot:g341:n7997,type_0,type_4,rel_8,1,1,1,1,validation:g341,1,11624.0
4499.0,streamspot:g341:n7852,streamspot:g341:n8385,type_0,type_4,rel_8,1,1,1,1,validation:g341,1,12012.0
4500.0,streamspot:g341:n7852,streamspot:g341:n8718,type_0,type_4,rel_8,1,1,1,1,validation:g341,1,12345.0
4501.0,streamspot:g5:n0,streamspot:g5:n650,type_0,type_2,rel_10,0,0,0,0,test:g5,0,649.0
4502.0,streamspot:g5:n0,streamspot:g5:n666,type_0,type_2,rel_16,0,0,0,0,test:g5,0,665.0
4503.0,streamspot:g5:n0,streamspot:g5:n771,type_0,type_2,rel_10,0,0,0,0,test:g5,0,770.0
4504.0,streamspot:g5:n0,streamspot:g5:n971,type_0,type_2,rel_10,0,0,0,0,test:g5,0,970.0
4505.0,streamspot:g5:n0,streamspot:g5:n1233,type_0,type_2,rel_10,0,0,0,0,test:g5,0,1232.0
4506.0,streamspot:g5:n0,streamspot:g5:n1441,type_0,type_2,rel_10,0,0,0,0,test:g5,0,1440.0
4507.0,streamspot:g5:n0,streamspot:g5:n1485,type_0,type_2,rel_10,0,0,0,0,test:g5,0,1484.0
4508.0,streamspot:g5:n0,streamspot:g5:n1609,type_0,type_2,rel_10,0,0,0,0,test:g5,0,1608.0
4509.0,streamspot:g5:n0,streamspot:g5:n1664,type_0,type_2,rel_10,0,0,0,0,test:g5,0,1663.0
4510.0,streamspot:g5:n0,streamspot:g5:n1701,type_0,type_2,rel_16,0,0,0,0,test:g5,0,1700.0
4511.0,streamspot:g5:n2124,streamspot:g5:n2137,type_0,type_4,rel_5,0,0,0,0,test:g5,0,2286.0
4512.0,streamspot:g5:n2283,streamspot:g5:n2334,type_0,type_2,rel_16,0,0,0,0,test:g5,0,2350.0
4513.0,streamspot:g5:n2283,streamspot:g5:n2351,type_0,type_2,rel_10,0,0,0,0,test:g5,0,2368.0
4514.0,streamspot:g5:n2283,streamspot:g5:n2724,type_0,type_2,rel_10,0,0,0,0,test:g5,0,2747.0
4515.0,streamspot:g5:n2283,streamspot:g5:n2741,type_0,type_2,rel_10,0,0,0,0,test:g5,0,2764.0
4516.0,streamspot:g5:n2283,streamspot:g5:n2981,type_0,type_2,rel_10,0,0,0,0,test:g5,0,3005.0
4517.0,streamspot:g5:n2283,streamspot:g5:n3244,type_0,type_2,rel_10,0,0,0,0,test:g5,0,3269.0
4518.0,streamspot:g5:n2283,streamspot:g5:n4300,type_0,type_2,rel_10,0,0,0,0,test:g5,0,4040.0
4519.0,streamspot:g5:n2283,streamspot:g5:n4411,type_0,type_2,rel_16,0,0,0,0,test:g5,0,4181.0
4520.0,streamspot:g5:n2283,streamspot:g5:n6174,type_0,type_2,rel_10,0,0,0,0,test:g5,0,4849.0
4521.0,streamspot:g5:n2283,streamspot:g5:n6185,type_0,type_2,rel_10,0,0,0,0,test:g5,0,4860.0
4522.0,streamspot:g5:n2283,streamspot:g5:n6460,type_0,type_2,rel_10,0,0,0,0,test:g5,0,5135.0
4523.0,streamspot:g5:n2283,streamspot:g5:n6486,type_0,type_2,rel_10,0,0,0,0,test:g5,0,5161.0
4524.0,streamspot:g5:n3639,streamspot:g5:n3661,type_0,type_2,rel_7,0,0,0,0,test:g5,0,5639.0
4525.0,streamspot:g5:n4842,streamspot:g5:n4993,type_0,type_4,rel_5,0,0,0,0,test:g5,0,6347.0
4526.0,streamspot:g5:n4842,streamspot:g5:n5027,type_0,type_4,rel_5,0,0,0,0,test:g5,0,6381.0
4527.0,streamspot:g5:n4842,streamspot:g5:n5856,type_0,type_4,rel_5,0,0,0,0,test:g5,0,7210.0
4528.0,streamspot:g5:n5907,streamspot:g5:n8030,type_1,type_2,rel_1,0,0,0,0,test:g5,0,7620.0
4529.0,streamspot:g5:n6638,streamspot:g5:n2298,type_0,type_2,rel_10,0,0,0,0,test:g5,0,7762.0
4530.0,streamspot:g5:n6638,streamspot:g5:n2403,type_0,type_2,rel_10,0,0,0,0,test:g5,0,7861.0
4531.0,streamspot:g5:n6638,streamspot:g5:n2800,type_0,type_2,rel_10,0,0,0,0,test:g5,0,8294.0
4532.0,streamspot:g5:n6638,streamspot:g5:n3038,type_0,type_2,rel_10,0,0,0,0,test:g5,0,8547.0
4533.0,streamspot:g5:n6638,streamspot:g5:n3314,type_0,type_2,rel_10,0,0,0,0,test:g5,0,8837.0
4534.0,streamspot:g5:n6638,streamspot:g5:n3585,type_0,type_2,rel_10,0,0,0,0,test:g5,0,8973.0
4535.0,streamspot:g5:n6638,streamspot:g5:n3743,type_0,type_2,rel_16,0,0,0,0,test:g5,0,9328.0
4536.0,streamspot:g5:n6638,streamspot:g5:n4085,type_0,type_2,rel_16,0,0,0,0,test:g5,0,9356.0
4537.0,streamspot:g5:n6638,streamspot:g5:n4087,type_0,type_2,rel_16,0,0,0,0,test:g5,0,9358.0
4538.0,streamspot:g5:n6638,streamspot:g5:n7724,type_0,type_2,rel_10,0,0,0,0,test:g5,0,9393.0
4539.0,streamspot:g5:n6638,streamspot:g5:n4123,type_0,type_2,rel_16,0,0,0,0,test:g5,0,9394.0
4540.0,streamspot:g5:n6638,streamspot:g5:n6057,type_0,type_2,rel_10,0,0,0,0,test:g5,0,9452.0
4541.0,streamspot:g5:n6638,streamspot:g5:n4210,type_0,type_2,rel_1,0,0,0,0,test:g5,0,10141.0
4542.0,streamspot:g5:n6638,streamspot:g5:n8120,type_0,type_2,rel_10,0,0,0,0,test:g5,0,10352.0
4543.0,streamspot:g5:n6831,streamspot:g5:n6713,type_0,type_2,rel_16,0,0,0,0,test:g5,0,11018.0
4544.0,streamspot:g5:n6831,streamspot:g5:n7063,type_0,type_2,rel_10,0,0,0,0,test:g5,0,11295.0
4545.0,streamspot:g5:n6831,streamspot:g5:n7135,type_0,type_2,rel_10,0,0,0,0,test:g5,0,11367.0
4546.0,streamspot:g5:n6831,streamspot:g5:n7209,type_0,type_2,rel_10,0,0,0,0,test:g5,0,11441.0
4547.0,streamspot:g5:n6831,streamspot:g5:n7393,type_0,type_2,rel_10,0,0,0,0,test:g5,0,11625.0
4548.0,streamspot:g5:n6831,streamspot:g5:n7428,type_0,type_2,rel_16,0,0,0,0,test:g5,0,11660.0
4549.0,streamspot:g5:n6831,streamspot:g5:n7476,type_0,type_2,rel_16,0,0,0,0,test:g5,0,11708.0
4550.0,streamspot:g5:n6831,streamspot:g5:n7619,type_0,type_2,rel_16,0,0,0,0,test:g5,0,11852.0
4551.0,streamspot:g567:n0,streamspot:g567:n279,type_0,type_2,rel_16,0,0,0,0,test:g567,0,278.0
4552.0,streamspot:g567:n0,streamspot:g567:n290,type_0,type_2,rel_16,0,0,0,0,test:g567,0,289.0
4553.0,streamspot:g567:n0,streamspot:g567:n315,type_0,type_2,rel_10,0,0,0,0,test:g567,0,314.0
4554.0,streamspot:g567:n0,streamspot:g567:n585,type_0,type_2,rel_10,0,0,0,0,test:g567,0,584.0
4555.0,streamspot:g567:n0,streamspot:g567:n616,type_0,type_2,rel_16,0,0,0,0,test:g567,0,615.0
4556.0,streamspot:g567:n0,streamspot:g567:n1131,type_0,type_2,rel_10,0,0,0,0,test:g567,0,1130.0
4557.0,streamspot:g567:n0,streamspot:g567:n1332,type_0,type_2,rel_10,0,0,0,0,test:g567,0,1331.0
4558.0,streamspot:g567:n0,streamspot:g567:n1449,type_0,type_2,rel_16,0,0,0,0,test:g567,0,1448.0
4559.0,streamspot:g567:n0,streamspot:g567:n1533,type_0,type_2,rel_10,0,0,0,0,test:g567,0,1532.0
4560.0,streamspot:g567:n0,streamspot:g567:n1869,type_0,type_2,rel_10,0,0,0,0,test:g567,0,1868.0
4561.0,streamspot:g567:n0,streamspot:g567:n2022,type_0,type_2,rel_10,0,0,0,0,test:g567,0,2021.0
4562.0,streamspot:g567:n0,streamspot:g567:n2202,type_0,type_2,rel_16,0,0,0,0,test:g567,0,2188.0
4563.0,streamspot:g567:n2283,streamspot:g567:n2506,type_0,type_2,rel_10,0,0,0,0,test:g567,0,2658.0
4564.0,streamspot:g567:n2283,streamspot:g567:n2995,type_0,type_2,rel_10,0,0,0,0,test:g567,0,3148.0
4565.0,streamspot:g567:n2283,streamspot:g567:n3203,type_0,type_2,rel_10,0,0,0,0,test:g567,0,3357.0
4566.0,streamspot:g567:n2283,streamspot:g567:n3553,type_0,type_2,rel_10,0,0,0,0,test:g567,0,3569.0
4567.0,streamspot:g567:n2283,streamspot:g567:n3710,type_0,type_2,rel_16,0,0,0,0,test:g567,0,3933.0
4568.0,streamspot:g567:n2283,streamspot:g567:n4822,type_0,type_1,rel_4,0,0,0,0,test:g567,0,4664.0
4569.0,streamspot:g567:n2283,streamspot:g567:n6496,type_0,type_2,rel_10,0,0,0,0,test:g567,0,5278.0
4570.0,streamspot:g567:n2283,streamspot:g567:n6522,type_0,type_2,rel_10,0,0,0,0,test:g567,0,5304.0
4571.0,streamspot:g567:n2283,streamspot:g567:n6545,type_0,type_2,rel_10,0,0,0,0,test:g567,0,5327.0
4572.0,streamspot:g567:n4155,streamspot:g567:n8805,type_1,type_4,rel_6,0,0,0,0,test:g567,0,6445.0
4573.0,streamspot:g567:n4379,streamspot:g567:n4380,type_1,type_2,rel_1,0,0,0,0,test:g567,0,6468.0
4574.0,streamspot:g567:n4836,streamspot:g567:n4924,type_0,type_4,rel_5,0,0,0,0,test:g567,0,6809.0
4575.0,streamspot:g567:n4836,streamspot:g567:n5259,type_0,type_4,rel_5,0,0,0,0,test:g567,0,7144.0
4576.0,streamspot:g567:n4836,streamspot:g567:n5358,type_0,type_4,rel_5,0,0,0,0,test:g567,0,7243.0
4577.0,streamspot:g567:n4836,streamspot:g567:n5474,type_0,type_4,rel_5,0,0,0,0,test:g567,0,7359.0
4578.0,streamspot:g567:n4836,streamspot:g567:n5666,type_0,type_4,rel_5,0,0,0,0,test:g567,0,7551.0
4579.0,streamspot:g567:n4836,streamspot:g567:n5722,type_0,type_4,rel_5,0,0,0,0,test:g567,0,7607.0
4580.0,streamspot:g567:n4836,streamspot:g567:n5731,type_0,type_4,rel_5,0,0,0,0,test:g567,0,7616.0
4581.0,streamspot:g567:n4836,streamspot:g567:n3526,type_0,type_2,rel_1,0,0,0,0,test:g567,0,7947.0
4582.0,streamspot:g567:n5901,streamspot:g567:n5969,type_1,type_2,rel_10,0,0,0,0,test:g567,0,8116.0
4583.0,streamspot:g567:n5901,streamspot:g567:n6930,type_1,type_2,rel_1,0,0,0,0,test:g567,0,8129.0
4584.0,streamspot:g567:n5901,streamspot:g567:n8766,type_1,type_2,rel_1,0,0,0,0,test:g567,0,8232.0
4585.0,streamspot:g567:n6846,streamspot:g567:n6,type_0,type_2,rel_9,0,0,0,0,test:g567,0,8429.0
4586.0,streamspot:g567:n6846,streamspot:g567:n2289,type_0,type_2,rel_16,0,0,0,0,test:g567,0,8433.0
4587.0,streamspot:g567:n6846,streamspot:g567:n2587,type_0,type_2,rel_10,0,0,0,0,test:g567,0,8518.0
4588.0,streamspot:g567:n6960,streamspot:g567:n2355,type_0,type_2,rel_10,0,0,0,0,test:g567,0,9240.0
4589.0,streamspot:g567:n6960,streamspot:g567:n2362,type_0,type_2,rel_10,0,0,0,0,test:g567,0,9247.0
4590.0,streamspot:g567:n6960,streamspot:g567:n3035,type_0,type_2,rel_10,0,0,0,0,test:g567,0,9962.0
4591.0,streamspot:g567:n6960,streamspot:g567:n3202,type_0,type_2,rel_10,0,0,0,0,test:g567,0,10137.0
4592.0,streamspot:g567:n6960,streamspot:g567:n8176,type_0,type_2,rel_10,0,0,0,0,test:g567,0,10982.0
4593.0,streamspot:g567:n6960,streamspot:g567:n6301,type_0,type_2,rel_10,0,0,0,0,test:g567,0,11143.0
4594.0,streamspot:g567:n6960,streamspot:g567:n8640,type_0,type_2,rel_10,0,0,0,0,test:g567,0,11831.0
4595.0,streamspot:g567:n7151,streamspot:g567:n2307,type_0,type_2,rel_16,0,0,0,0,test:g567,0,12045.0
4596.0,streamspot:g567:n7151,streamspot:g567:n3294,type_0,type_2,rel_10,0,0,0,0,test:g567,0,12200.0
4597.0,streamspot:g567:n7193,streamspot:g567:n7485,type_0,type_2,rel_10,0,0,0,0,test:g567,0,12813.0
4598.0,streamspot:g567:n7193,streamspot:g567:n7520,type_0,type_2,rel_10,0,0,0,0,test:g567,0,12848.0
4599.0,streamspot:g567:n7193,streamspot:g567:n7698,type_0,type_2,rel_16,0,0,0,0,test:g567,0,13026.0
4600.0,streamspot:g567:n7193,streamspot:g567:n7894,type_0,type_2,rel_16,0,0,0,0,test:g567,0,13222.0
4601.0,streamspot:g191:n0,streamspot:g191:n167,type_0,type_2,rel_10,0,0,0,0,test:g191,0,166.0
4602.0,streamspot:g191:n0,streamspot:g191:n267,type_0,type_2,rel_10,0,0,0,0,test:g191,0,266.0
4603.0,streamspot:g191:n0,streamspot:g191:n322,type_0,type_2,rel_10,0,0,0,0,test:g191,0,321.0
4604.0,streamspot:g191:n0,streamspot:g191:n841,type_0,type_2,rel_10,0,0,0,0,test:g191,0,840.0
4605.0,streamspot:g191:n0,streamspot:g191:n884,type_0,type_2,rel_10,0,0,0,0,test:g191,0,883.0
4606.0,streamspot:g191:n0,streamspot:g191:n968,type_0,type_2,rel_10,0,0,0,0,test:g191,0,967.0
4607.0,streamspot:g191:n0,streamspot:g191:n1166,type_0,type_2,rel_10,0,0,0,0,test:g191,0,1165.0
4608.0,streamspot:g191:n0,streamspot:g191:n1174,type_0,type_2,rel_10,0,0,0,0,test:g191,0,1173.0
4609.0,streamspot:g191:n0,streamspot:g191:n1197,type_0,type_2,rel_10,0,0,0,0,test:g191,0,1196.0
4610.0,streamspot:g191:n0,streamspot:g191:n1282,type_0,type_2,rel_10,0,0,0,0,test:g191,0,1281.0
4611.0,streamspot:g191:n0,streamspot:g191:n1371,type_0,type_2,rel_10,0,0,0,0,test:g191,0,1370.0
4612.0,streamspot:g191:n0,streamspot:g191:n1487,type_0,type_2,rel_10,0,0,0,0,test:g191,0,1486.0
4613.0,streamspot:g191:n0,streamspot:g191:n1695,type_0,type_2,rel_10,0,0,0,0,test:g191,0,1694.0
4614.0,streamspot:g191:n0,streamspot:g191:n1701,type_0,type_2,rel_16,0,0,0,0,test:g191,0,1700.0
4615.0,streamspot:g191:n0,streamspot:g191:n1787,type_0,type_2,rel_10,0,0,0,0,test:g191,0,1786.0
4616.0,streamspot:g191:n0,streamspot:g191:n1832,type_0,type_2,rel_10,0,0,0,0,test:g191,0,1831.0
4617.0,streamspot:g191:n2283,streamspot:g191:n2294,type_0,type_2,rel_10,0,0,0,0,test:g191,0,2309.0
4618.0,streamspot:g191:n2283,streamspot:g191:n2342,type_0,type_2,rel_16,0,0,0,0,test:g191,0,2358.0
4619.0,streamspot:g191:n2283,streamspot:g191:n2404,type_0,type_2,rel_10,0,0,0,0,test:g191,0,2424.0
4620.0,streamspot:g191:n2283,streamspot:g191:n2808,type_0,type_2,rel_10,0,0,0,0,test:g191,0,2831.0
4621.0,streamspot:g191:n2283,streamspot:g191:n2849,type_0,type_2,rel_10,0,0,0,0,test:g191,0,2872.0
4622.0,streamspot:g191:n2283,streamspot:g191:n3065,type_0,type_2,rel_10,0,0,0,0,test:g191,0,3090.0
4623.0,streamspot:g191:n2283,streamspot:g191:n3125,type_0,type_2,rel_10,0,0,0,0,test:g191,0,3150.0
4624.0,streamspot:g191:n2283,streamspot:g191:n3153,type_0,type_2,rel_10,0,0,0,0,test:g191,0,3178.0
4625.0,streamspot:g191:n2283,streamspot:g191:n3269,type_0,type_2,rel_10,0,0,0,0,test:g191,0,3294.0
4626.0,streamspot:g191:n2283,streamspot:g191:n4003,type_0,type_2,rel_10,0,0,0,0,test:g191,0,3710.0
4627.0,streamspot:g191:n2283,streamspot:g191:n4446,type_0,type_2,rel_16,0,0,0,0,test:g191,0,4215.0
4628.0,streamspot:g191:n2283,streamspot:g191:n4484,type_0,type_2,rel_16,0,0,0,0,test:g191,0,4253.0
4629.0,streamspot:g191:n2283,streamspot:g191:n4693,type_0,type_2,rel_10,0,0,0,0,test:g191,0,4555.0
4630.0,streamspot:g191:n2283,streamspot:g191:n6190,type_0,type_2,rel_10,0,0,0,0,test:g191,0,4845.0
4631.0,streamspot:g191:n2283,streamspot:g191:n6318,type_0,type_2,rel_10,0,0,0,0,test:g191,0,4973.0
4632.0,streamspot:g191:n2283,streamspot:g191:n6456,type_0,type_2,rel_10,0,0,0,0,test:g191,0,5111.0
4633.0,streamspot:g191:n2283,streamspot:g191:n6482,type_0,type_2,rel_10,0,0,0,0,test:g191,0,5137.0
4634.0,streamspot:g191:n2283,streamspot:g191:n6519,type_0,type_2,rel_10,0,0,0,0,test:g191,0,5174.0
4635.0,streamspot:g191:n2283,streamspot:g191:n6640,type_0,type_2,rel_10,0,0,0,0,test:g191,0,5295.0
4636.0,streamspot:g191:n3347,streamspot:g191:n3420,type_0,type_2,rel_10,0,0,0,0,test:g191,0,5386.0
4637.0,streamspot:g191:n3347,streamspot:g191:n3427,type_0,type_2,rel_10,0,0,0,0,test:g191,0,5393.0
4638.0,streamspot:g191:n4662,streamspot:g191:n4680,type_1,type_2,rel_10,0,0,0,0,test:g191,0,6098.0
4639.0,streamspot:g191:n4841,streamspot:g191:n5135,type_0,type_4,rel_5,0,0,0,0,test:g191,0,6482.0
4640.0,streamspot:g191:n4841,streamspot:g191:n5307,type_0,type_4,rel_5,0,0,0,0,test:g191,0,6654.0
4641.0,streamspot:g191:n4841,streamspot:g191:n5381,type_0,type_4,rel_5,0,0,0,0,test:g191,0,6728.0
4642.0,streamspot:g191:n4841,streamspot:g191:n5447,type_0,type_4,rel_5,0,0,0,0,test:g191,0,6794.0
4643.0,streamspot:g191:n4841,streamspot:g191:n5474,type_0,type_4,rel_5,0,0,0,0,test:g191,0,6821.0
4644.0,streamspot:g191:n4841,streamspot:g191:n5528,type_0,type_4,rel_5,0,0,0,0,test:g191,0,6875.0
4645.0,streamspot:g191:n4841,streamspot:g191:n5553,type_0,type_4,rel_5,0,0,0,0,test:g191,0,6900.0
4646.0,streamspot:g191:n4841,streamspot:g191:n2472,type_0,type_2,rel_10,0,0,0,0,test:g191,0,7335.0
4647.0,streamspot:g191:n4841,streamspot:g191:n3240,type_0,type_2,rel_10,0,0,0,0,test:g191,0,7353.0
4648.0,streamspot:g191:n4841,streamspot:g191:n3602,type_0,type_2,rel_10,0,0,0,0,test:g191,0,7488.0
4649.0,streamspot:g191:n5905,streamspot:g191:n4136,type_1,type_2,rel_5,0,0,0,0,test:g191,0,7572.0
4650.0,streamspot:g191:n5913,streamspot:g191:n5996,type_1,type_2,rel_10,0,0,0,0,test:g191,0,7633.0
4651.0,streamspot:g463:n0,streamspot:g463:n326,type_0,type_2,rel_16,0,0,0,0,test:g463,0,325.0
4652.0,streamspot:g463:n0,streamspot:g463:n436,type_0,type_2,rel_10,0,0,0,0,test:g463,0,435.0
4653.0,streamspot:g463:n0,streamspot:g463:n499,type_0,type_2,rel_16,0,0,0,0,test:g463,0,498.0
4654.0,streamspot:g463:n0,streamspot:g463:n517,type_0,type_2,rel_10,0,0,0,0,test:g463,0,516.0
4655.0,streamspot:g463:n0,streamspot:g463:n1206,type_0,type_2,rel_10,0,0,0,0,test:g463,0,1205.0
4656.0,streamspot:g463:n0,streamspot:g463:n1809,type_0,type_2,rel_10,0,0,0,0,test:g463,0,1808.0
4657.0,streamspot:g463:n0,streamspot:g463:n2080,type_0,type_2,rel_16,0,0,0,0,test:g463,0,2079.0
4658.0,streamspot:g463:n2283,streamspot:g463:n2376,type_0,type_2,rel_10,0,0,0,0,test:g463,0,2532.0
4659.0,streamspot:g463:n2283,streamspot:g463:n2509,type_0,type_2,rel_10,0,0,0,0,test:g463,0,2669.0
4660.0,streamspot:g463:n2283,streamspot:g463:n2797,type_0,type_2,rel_10,0,0,0,0,test:g463,0,2957.0
4661.0,streamspot:g463:n2283,streamspot:g463:n3089,type_0,type_2,rel_10,0,0,0,0,test:g463,0,3251.0
4662.0,streamspot:g463:n2283,streamspot:g463:n3412,type_0,type_2,rel_10,0,0,0,0,test:g463,0,3531.0
4663.0,streamspot:g463:n2283,streamspot:g463:n3624,type_0,type_2,rel_16,0,0,0,0,test:g463,0,3648.0
4664.0,streamspot:g463:n2283,streamspot:g463:n4285,type_0,type_2,rel_16,0,0,0,0,test:g463,0,4161.0
4665.0,streamspot:g463:n2283,streamspot:g463:n2241,type_0,type_2,rel_1,0,0,0,0,test:g463,0,4267.0
4666.0,streamspot:g463:n2283,streamspot:g463:n4626,type_0,type_2,rel_16,0,0,0,0,test:g463,0,4532.0
4667.0,streamspot:g463:n2283,streamspot:g463:n6115,type_0,type_2,rel_10,0,0,0,0,test:g463,0,4894.0
4668.0,streamspot:g463:n2283,streamspot:g463:n6418,type_0,type_2,rel_10,0,0,0,0,test:g463,0,5197.0
4669.0,streamspot:g463:n2283,streamspot:g463:n6457,type_0,type_2,rel_10,0,0,0,0,test:g463,0,5236.0
4670.0,streamspot:g463:n2283,streamspot:g463:n6584,type_0,type_2,rel_10,0,0,0,0,test:g463,0,5363.0
4671.0,streamspot:g463:n2283,streamspot:g463:n8137,type_0,type_2,rel_10,0,0,0,0,test:g463,0,5488.0
4672.0,streamspot:g463:n2283,streamspot:g463:n8377,type_0,type_2,rel_16,0,0,0,0,test:g463,0,5705.0
4673.0,streamspot:g463:n3639,streamspot:g463:n2314,type_0,type_2,rel_10,0,0,0,0,test:g463,0,6168.0
4674.0,streamspot:g463:n4536,streamspot:g463:n4691,type_1,type_2,rel_10,0,0,0,0,test:g463,0,6633.0
4675.0,streamspot:g463:n4834,streamspot:g463:n4894,type_0,type_4,rel_5,0,0,0,0,test:g463,0,6886.0
4676.0,streamspot:g463:n4834,streamspot:g463:n5030,type_0,type_4,rel_5,0,0,0,0,test:g463,0,7022.0
4677.0,streamspot:g463:n4834,streamspot:g463:n2302,type_0,type_2,rel_10,0,0,0,0,test:g463,0,7872.0
4678.0,streamspot:g463:n5957,streamspot:g463:n5958,type_1,type_4,rel_2,0,0,0,0,test:g463,0,8517.0
4679.0,streamspot:g463:n6738,streamspot:g463:n6804,type_0,type_4,rel_5,0,0,0,0,test:g463,0,8678.0
4680.0,streamspot:g463:n6738,streamspot:g463:n2503,type_0,type_2,rel_10,0,0,0,0,test:g463,0,8973.0
4681.0,streamspot:g463:n6738,streamspot:g463:n2706,type_0,type_2,rel_10,0,0,0,0,test:g463,0,9208.0
4682.0,streamspot:g463:n6738,streamspot:g463:n2748,type_0,type_2,rel_10,0,0,0,0,test:g463,0,9252.0
4683.0,streamspot:g463:n6738,streamspot:g463:n2826,type_0,type_2,rel_10,0,0,0,0,test:g463,0,9334.0
4684.0,streamspot:g463:n6738,streamspot:g463:n3032,type_0,type_2,rel_10,0,0,0,0,test:g463,0,9552.0
4685.0,streamspot:g463:n6738,streamspot:g463:n3131,type_0,type_2,rel_10,0,0,0,0,test:g463,0,9658.0
4686.0,streamspot:g463:n6738,streamspot:g463:n3302,type_0,type_2,rel_10,0,0,0,0,test:g463,0,9838.0
4687.0,streamspot:g463:n6738,streamspot:g463:n3593,type_0,type_2,rel_10,0,0,0,0,test:g463,0,9995.0
4688.0,streamspot:g463:n6738,streamspot:g463:n7803,type_0,type_2,rel_10,0,0,0,0,test:g463,0,10266.0
4689.0,streamspot:g463:n6738,streamspot:g463:n7871,type_0,type_2,rel_10,0,0,0,0,test:g463,0,10382.0
4690.0,streamspot:g463:n6738,streamspot:g463:n6438,type_0,type_2,rel_10,0,0,0,0,test:g463,0,10813.0
4691.0,streamspot:g463:n6738,streamspot:g463:n6450,type_0,type_2,rel_10,0,0,0,0,test:g463,0,10826.0
4692.0,streamspot:g463:n6738,streamspot:g463:n8706,type_0,type_1,rel_4,0,0,0,0,test:g463,0,11377.0
4693.0,streamspot:g463:n6948,streamspot:g463:n3585,type_0,type_2,rel_10,0,0,0,0,test:g463,0,11700.0
4694.0,streamspot:g463:n6948,streamspot:g463:n3588,type_0,type_2,rel_10,0,0,0,0,test:g463,0,11704.0
4695.0,streamspot:g463:n6990,streamspot:g463:n7235,type_0,type_2,rel_16,0,0,0,0,test:g463,0,12179.0
4696.0,streamspot:g463:n6990,streamspot:g463:n7484,type_0,type_2,rel_10,0,0,0,0,test:g463,0,12429.0
4697.0,streamspot:g463:n6990,streamspot:g463:n7617,type_0,type_2,rel_10,0,0,0,0,test:g463,0,12562.0
4698.0,streamspot:g463:n7000,streamspot:g463:n2378,type_0,type_2,rel_10,0,0,0,0,test:g463,0,12857.0
4699.0,streamspot:g463:n8305,streamspot:g463:n4346,type_0,type_2,rel_10,0,0,0,0,test:g463,0,13470.0
4700.0,streamspot:g463:n8395,streamspot:g463:n8534,type_1,type_2,rel_10,0,0,0,0,test:g463,0,13528.0
4701.0,streamspot:g180:n0,streamspot:g180:n402,type_0,type_2,rel_10,0,0,0,0,test:g180,0,401.0
4702.0,streamspot:g180:n0,streamspot:g180:n424,type_0,type_2,rel_16,0,0,0,0,test:g180,0,423.0
4703.0,streamspot:g180:n0,streamspot:g180:n789,type_0,type_2,rel_16,0,0,0,0,test:g180,0,788.0
4704.0,streamspot:g180:n0,streamspot:g180:n848,type_0,type_2,rel_10,0,0,0,0,test:g180,0,847.0
4705.0,streamspot:g180:n0,streamspot:g180:n875,type_0,type_2,rel_16,0,0,0,0,test:g180,0,874.0
4706.0,streamspot:g180:n0,streamspot:g180:n954,type_0,type_2,rel_10,0,0,0,0,test:g180,0,953.0
4707.0,streamspot:g180:n0,streamspot:g180:n964,type_0,type_2,rel_10,0,0,0,0,test:g180,0,963.0
4708.0,streamspot:g180:n0,streamspot:g180:n1103,type_0,type_2,rel_16,0,0,0,0,test:g180,0,1102.0
4709.0,streamspot:g180:n0,streamspot:g180:n1116,type_0,type_2,rel_10,0,0,0,0,test:g180,0,1115.0
4710.0,streamspot:g180:n0,streamspot:g180:n1190,type_0,type_2,rel_10,0,0,0,0,test:g180,0,1189.0
4711.0,streamspot:g180:n0,streamspot:g180:n1305,type_0,type_2,rel_16,0,0,0,0,test:g180,0,1304.0
4712.0,streamspot:g180:n0,streamspot:g180:n1481,type_0,type_2,rel_10,0,0,0,0,test:g180,0,1480.0
4713.0,streamspot:g180:n0,streamspot:g180:n1606,type_0,type_2,rel_16,0,0,0,0,test:g180,0,1605.0
4714.0,streamspot:g180:n0,streamspot:g180:n1625,type_0,type_2,rel_10,0,0,0,0,test:g180,0,1624.0
4715.0,streamspot:g180:n0,streamspot:g180:n1646,type_0,type_2,rel_16,0,0,0,0,test:g180,0,1645.0
4716.0,streamspot:g180:n0,streamspot:g180:n2118,type_0,type_2,rel_10,0,0,0,0,test:g180,0,2117.0
4717.0,streamspot:g180:n0,streamspot:g180:n2189,type_0,type_2,rel_10,0,0,0,0,test:g180,0,2175.0
4718.0,streamspot:g180:n0,streamspot:g180:n2229,type_0,type_2,rel_10,0,0,0,0,test:g180,0,2215.0
4719.0,streamspot:g180:n2134,streamspot:g180:n2133,type_0,type_2,rel_7,0,0,0,0,test:g180,0,2287.0
4720.0,streamspot:g180:n2283,streamspot:g180:n2467,type_0,type_2,rel_10,0,0,0,0,test:g180,0,2489.0
4721.0,streamspot:g180:n2283,streamspot:g180:n2544,type_0,type_2,rel_10,0,0,0,0,test:g180,0,2567.0
4722.0,streamspot:g180:n2283,streamspot:g180:n2827,type_0,type_2,rel_10,0,0,0,0,test:g180,0,2850.0
4723.0,streamspot:g180:n2283,streamspot:g180:n2840,type_0,type_2,rel_10,0,0,0,0,test:g180,0,2863.0
4724.0,streamspot:g180:n2283,streamspot:g180:n3123,type_0,type_2,rel_10,0,0,0,0,test:g180,0,3148.0
4725.0,streamspot:g180:n2283,streamspot:g180:n3653,type_0,type_2,rel_10,0,0,0,0,test:g180,0,3532.0
4726.0,streamspot:g180:n2283,streamspot:g180:n3849,type_0,type_2,rel_1,0,0,0,0,test:g180,0,3556.0
4727.0,streamspot:g180:n2283,streamspot:g180:n3749,type_0,type_2,rel_16,0,0,0,0,test:g180,0,3802.0
4728.0,streamspot:g180:n2283,streamspot:g180:n4175,type_0,type_2,rel_10,0,0,0,0,test:g180,0,3915.0
4729.0,streamspot:g180:n2283,streamspot:g180:n2268,type_0,type_2,rel_16,0,0,0,0,test:g180,0,4166.0
4730.0,streamspot:g180:n2283,streamspot:g180:n4460,type_0,type_2,rel_16,0,0,0,0,test:g180,0,4230.0
4731.0,streamspot:g180:n2283,streamspot:g180:n4469,type_0,type_2,rel_16,0,0,0,0,test:g180,0,4239.0
4732.0,streamspot:g180:n2283,streamspot:g180:n4529,type_0,type_2,rel_1,0,0,0,0,test:g180,0,4299.0
4733.0,streamspot:g180:n2283,streamspot:g180:n4757,type_0,type_2,rel_10,0,0,0,0,test:g180,0,4471.0
4734.0,streamspot:g180:n2283,streamspot:g180:n6074,type_0,type_2,rel_10,0,0,0,0,test:g180,0,4733.0
4735.0,streamspot:g180:n2283,streamspot:g180:n6478,type_0,type_2,rel_10,0,0,0,0,test:g180,0,5137.0
4736.0,streamspot:g180:n2283,streamspot:g180:n6528,type_0,type_2,rel_10,0,0,0,0,test:g180,0,5187.0
4737.0,streamspot:g180:n3639,streamspot:g180:n3306,type_0,type_2,rel_10,0,0,0,0,test:g180,0,5831.0
4738.0,streamspot:g180:n3639,streamspot:g180:n3310,type_0,type_2,rel_10,0,0,0,0,test:g180,0,5835.0
4739.0,streamspot:g180:n4535,streamspot:g180:n4677,type_1,type_2,rel_10,0,0,0,0,test:g180,0,5976.0
4740.0,streamspot:g180:n4535,streamspot:g180:n4695,type_1,type_2,rel_10,0,0,0,0,test:g180,0,5996.0
4741.0,streamspot:g180:n4546,streamspot:g180:n4680,type_1,type_2,rel_10,0,0,0,0,test:g180,0,6036.0
4742.0,streamspot:g180:n4661,streamspot:g180:n4711,type_1,type_2,rel_10,0,0,0,0,test:g180,0,6130.0
4743.0,streamspot:g180:n4672,streamspot:g180:n5867,type_1,type_2,rel_10,0,0,0,0,test:g180,0,6168.0
4744.0,streamspot:g180:n4836,streamspot:g180:n5012,type_0,type_4,rel_5,0,0,0,0,test:g180,0,6356.0
4745.0,streamspot:g180:n4836,streamspot:g180:n5042,type_0,type_4,rel_5,0,0,0,0,test:g180,0,6386.0
4746.0,streamspot:g180:n4836,streamspot:g180:n5375,type_0,type_4,rel_5,0,0,0,0,test:g180,0,6719.0
4747.0,streamspot:g180:n4836,streamspot:g180:n5571,type_0,type_4,rel_5,0,0,0,0,test:g180,0,6915.0
4748.0,streamspot:g180:n4836,streamspot:g180:n3694,type_0,type_2,rel_10,0,0,0,0,test:g180,0,7260.0
4749.0,streamspot:g180:n4836,streamspot:g180:n3225,type_0,type_2,rel_10,0,0,0,0,test:g180,0,7330.0
4750.0,streamspot:g180:n5960,streamspot:g180:n6667,type_1,type_4,rel_2,0,0,0,0,test:g180,0,7637.0
4751.0,streamspot:g384:n0,streamspot:g384:n506,type_0,type_2,rel_10,1,1,1,1,test:g384,1,505.0
4752.0,streamspot:g384:n0,streamspot:g384:n826,type_0,type_2,rel_10,1,1,1,1,test:g384,1,825.0
4753.0,streamspot:g384:n0,streamspot:g384:n1253,type_0,type_2,rel_10,1,1,1,1,test:g384,1,1252.0
4754.0,streamspot:g384:n0,streamspot:g384:n1442,type_0,type_2,rel_10,1,1,1,1,test:g384,1,1441.0
4755.0,streamspot:g384:n0,streamspot:g384:n1516,type_0,type_2,rel_10,1,1,1,1,test:g384,1,1515.0
4756.0,streamspot:g384:n0,streamspot:g384:n1612,type_0,type_2,rel_10,1,1,1,1,test:g384,1,1611.0
4757.0,streamspot:g384:n0,streamspot:g384:n2009,type_0,type_2,rel_10,1,1,1,1,test:g384,1,2008.0
4758.0,streamspot:g384:n0,streamspot:g384:n2058,type_0,type_2,rel_10,1,1,1,1,test:g384,1,2057.0
4759.0,streamspot:g384:n0,streamspot:g384:n2175,type_0,type_2,rel_10,1,1,1,1,test:g384,1,2161.0
4760.0,streamspot:g384:n0,streamspot:g384:n2185,type_0,type_2,rel_16,1,1,1,1,test:g384,1,2171.0
4761.0,streamspot:g384:n0,streamspot:g384:n4404,type_0,type_2,rel_18,1,1,1,1,test:g384,1,2272.0
4762.0,streamspot:g384:n2134,streamspot:g384:n6,type_0,type_2,rel_9,1,1,1,1,test:g384,1,2331.0
4763.0,streamspot:g384:n2283,streamspot:g384:n2477,type_0,type_2,rel_10,1,1,1,1,test:g384,1,2542.0
4764.0,streamspot:g384:n2283,streamspot:g384:n2526,type_0,type_2,rel_10,1,1,1,1,test:g384,1,2591.0
4765.0,streamspot:g384:n2283,streamspot:g384:n2545,type_0,type_2,rel_10,1,1,1,1,test:g384,1,2610.0
4766.0,streamspot:g384:n2283,streamspot:g384:n2628,type_0,type_2,rel_10,1,1,1,1,test:g384,1,2693.0
4767.0,streamspot:g384:n2283,streamspot:g384:n2646,type_0,type_2,rel_10,1,1,1,1,test:g384,1,2711.0
4768.0,streamspot:g384:n2283,streamspot:g384:n3261,type_0,type_2,rel_10,1,1,1,1,test:g384,1,3328.0
4769.0,streamspot:g384:n2283,streamspot:g384:n3281,type_0,type_2,rel_10,1,1,1,1,test:g384,1,3348.0
4770.0,streamspot:g384:n2283,streamspot:g384:n3460,type_0,type_2,rel_10,1,1,1,1,test:g384,1,3448.0
4771.0,streamspot:g384:n2283,streamspot:g384:n4233,type_0,type_2,rel_16,1,1,1,1,test:g384,1,4015.0
4772.0,streamspot:g384:n2283,streamspot:g384:n4234,type_0,type_2,rel_16,1,1,1,1,test:g384,1,4016.0
4773.0,streamspot:g384:n2283,streamspot:g384:n4344,type_0,type_2,rel_16,1,1,1,1,test:g384,1,4126.0
4774.0,streamspot:g384:n2283,streamspot:g384:n4389,type_0,type_2,rel_1,1,1,1,1,test:g384,1,4165.0
4775.0,streamspot:g384:n2283,streamspot:g384:n6126,type_0,type_2,rel_10,1,1,1,1,test:g384,1,4883.0
4776.0,streamspot:g384:n2283,streamspot:g384:n6279,type_0,type_2,rel_10,1,1,1,1,test:g384,1,5036.0
4777.0,streamspot:g384:n2283,streamspot:g384:n6470,type_0,type_2,rel_10,1,1,1,1,test:g384,1,5227.0
4778.0,streamspot:g384:n3347,streamspot:g384:n3765,type_0,type_2,rel_10,1,1,1,1,test:g384,1,5576.0
4779.0,streamspot:g384:n3773,streamspot:g384:n3526,type_1,type_2,rel_5,1,1,1,1,test:g384,1,5942.0
4780.0,streamspot:g384:n4724,streamspot:g384:n5872,type_1,type_2,rel_10,1,1,1,1,test:g384,1,6183.0
4781.0,streamspot:g384:n4838,streamspot:g384:n5628,type_0,type_4,rel_5,1,1,1,1,test:g384,1,6980.0
4782.0,streamspot:g384:n6592,streamspot:g384:n2353,type_0,type_2,rel_10,1,1,1,1,test:g384,1,7683.0
4783.0,streamspot:g384:n6592,streamspot:g384:n2896,type_0,type_2,rel_10,1,1,1,1,test:g384,1,8258.0
4784.0,streamspot:g384:n6592,streamspot:g384:n3267,type_0,type_2,rel_10,1,1,1,1,test:g384,1,8651.0
4785.0,streamspot:g384:n6592,streamspot:g384:n3464,type_0,type_2,rel_10,1,1,1,1,test:g384,1,8770.0
4786.0,streamspot:g384:n6592,streamspot:g384:n3540,type_0,type_2,rel_10,1,1,1,1,test:g384,1,8789.0
4787.0,streamspot:g384:n6592,streamspot:g384:n6076,type_0,type_2,rel_10,1,1,1,1,test:g384,1,9383.0
4788.0,streamspot:g384:n6592,streamspot:g384:n7835,type_0,type_2,rel_10,1,1,1,1,test:g384,1,9954.0
4789.0,streamspot:g384:n6775,streamspot:g384:n2471,type_0,type_2,rel_10,1,1,1,1,test:g384,1,10635.0
4790.0,streamspot:g384:n6775,streamspot:g384:n7154,type_0,type_2,rel_10,1,1,1,1,test:g384,1,10947.0
4791.0,streamspot:g384:n6775,streamspot:g384:n7184,type_0,type_2,rel_10,1,1,1,1,test:g384,1,10977.0
4792.0,streamspot:g384:n6775,streamspot:g384:n7246,type_0,type_2,rel_10,1,1,1,1,test:g384,1,11039.0
4793.0,streamspot:g384:n6775,streamspot:g384:n7334,type_0,type_2,rel_10,1,1,1,1,test:g384,1,11127.0
4794.0,streamspot:g384:n6775,streamspot:g384:n7442,type_0,type_2,rel_10,1,1,1,1,test:g384,1,11235.0
4795.0,streamspot:g384:n6775,streamspot:g384:n7517,type_0,type_2,rel_10,1,1,1,1,test:g384,1,11310.0
4796.0,streamspot:g384:n6785,streamspot:g384:n2324,type_0,type_2,rel_16,1,1,1,1,test:g384,1,11450.0
4797.0,streamspot:g384:n6785,streamspot:g384:n7,type_0,type_2,rel_10,1,1,1,1,test:g384,1,11491.0
4798.0,streamspot:g384:n7852,streamspot:g384:n8335,type_0,type_4,rel_8,1,1,1,1,test:g384,1,11967.0
4799.0,streamspot:g384:n7852,streamspot:g384:n8448,type_0,type_4,rel_8,1,1,1,1,test:g384,1,12080.0
4800.0,streamspot:g384:n7852,streamspot:g384:n8526,type_0,type_4,rel_8,1,1,1,1,test:g384,1,12158.0
4801.0,streamspot:g321:n0,streamspot:g321:n379,type_0,type_2,rel_16,1,1,1,1,test:g321,1,378.0
4802.0,streamspot:g321:n0,streamspot:g321:n381,type_0,type_2,rel_10,1,1,1,1,test:g321,1,380.0
4803.0,streamspot:g321:n0,streamspot:g321:n400,type_0,type_2,rel_10,1,1,1,1,test:g321,1,399.0
4804.0,streamspot:g321:n0,streamspot:g321:n675,type_0,type_2,rel_10,1,1,1,1,test:g321,1,674.0
4805.0,streamspot:g321:n0,streamspot:g321:n685,type_0,type_2,rel_10,1,1,1,1,test:g321,1,684.0
4806.0,streamspot:g321:n0,streamspot:g321:n1186,type_0,type_2,rel_10,1,1,1,1,test:g321,1,1185.0
4807.0,streamspot:g321:n0,streamspot:g321:n1255,type_0,type_2,rel_10,1,1,1,1,test:g321,1,1254.0
4808.0,streamspot:g321:n0,streamspot:g321:n1327,type_0,type_2,rel_10,1,1,1,1,test:g321,1,1326.0
4809.0,streamspot:g321:n0,streamspot:g321:n1330,type_0,type_2,rel_16,1,1,1,1,test:g321,1,1329.0
4810.0,streamspot:g321:n0,streamspot:g321:n1703,type_0,type_2,rel_10,1,1,1,1,test:g321,1,1702.0
4811.0,streamspot:g321:n0,streamspot:g321:n1789,type_0,type_2,rel_10,1,1,1,1,test:g321,1,1788.0
4812.0,streamspot:g321:n0,streamspot:g321:n2169,type_0,type_2,rel_10,1,1,1,1,test:g321,1,2155.0
4813.0,streamspot:g321:n2283,streamspot:g321:n9,type_0,type_2,rel_10,1,1,1,1,test:g321,1,2443.0
4814.0,streamspot:g321:n2283,streamspot:g321:n4192,type_0,type_2,rel_1,1,1,1,1,test:g321,1,3974.0
4815.0,streamspot:g321:n2283,streamspot:g321:n4782,type_0,type_2,rel_10,1,1,1,1,test:g321,1,4537.0
4816.0,streamspot:g321:n2283,streamspot:g321:n6144,type_0,type_2,rel_10,1,1,1,1,test:g321,1,4901.0
4817.0,streamspot:g321:n2283,streamspot:g321:n6154,type_0,type_2,rel_10,1,1,1,1,test:g321,1,4911.0
4818.0,streamspot:g321:n2283,streamspot:g321:n6172,type_0,type_2,rel_10,1,1,1,1,test:g321,1,4929.0
4819.0,streamspot:g321:n3347,streamspot:g321:n3746,type_0,type_2,rel_10,1,1,1,1,test:g321,1,5553.0
4820.0,streamspot:g321:n4835,streamspot:g321:n4907,type_0,type_4,rel_5,1,1,1,1,test:g321,1,6251.0
4821.0,streamspot:g321:n4835,streamspot:g321:n5203,type_0,type_4,rel_5,1,1,1,1,test:g321,1,6547.0
4822.0,streamspot:g321:n4835,streamspot:g321:n5289,type_0,type_4,rel_5,1,1,1,1,test:g321,1,6633.0
4823.0,streamspot:g321:n4835,streamspot:g321:n5382,type_0,type_4,rel_5,1,1,1,1,test:g321,1,6726.0
4824.0,streamspot:g321:n4835,streamspot:g321:n5735,type_0,type_4,rel_5,1,1,1,1,test:g321,1,7079.0
4825.0,streamspot:g321:n4835,streamspot:g321:n2308,type_0,type_2,rel_10,1,1,1,1,test:g321,1,7231.0
4826.0,streamspot:g321:n4835,streamspot:g321:n2310,type_0,type_2,rel_10,1,1,1,1,test:g321,1,7233.0
4827.0,streamspot:g321:n4835,streamspot:g321:n2830,type_0,type_2,rel_10,1,1,1,1,test:g321,1,7273.0
4828.0,streamspot:g321:n6588,streamspot:g321:n2373,type_0,type_2,rel_10,1,1,1,1,test:g321,1,7694.0
4829.0,streamspot:g321:n6588,streamspot:g321:n2596,type_0,type_2,rel_10,1,1,1,1,test:g321,1,7930.0
4830.0,streamspot:g321:n6588,streamspot:g321:n2663,type_0,type_2,rel_10,1,1,1,1,test:g321,1,8001.0
4831.0,streamspot:g321:n6588,streamspot:g321:n2753,type_0,type_2,rel_10,1,1,1,1,test:g321,1,8096.0
4832.0,streamspot:g321:n6588,streamspot:g321:n2757,type_0,type_2,rel_10,1,1,1,1,test:g321,1,8100.0
4833.0,streamspot:g321:n6588,streamspot:g321:n2793,type_0,type_2,rel_10,1,1,1,1,test:g321,1,8138.0
4834.0,streamspot:g321:n6588,streamspot:g321:n2878,type_0,type_2,rel_10,1,1,1,1,test:g321,1,8227.0
4835.0,streamspot:g321:n6588,streamspot:g321:n2931,type_0,type_2,rel_10,1,1,1,1,test:g321,1,8283.0
4836.0,streamspot:g321:n6588,streamspot:g321:n3059,type_0,type_2,rel_10,1,1,1,1,test:g321,1,8420.0
4837.0,streamspot:g321:n6588,streamspot:g321:n3083,type_0,type_2,rel_10,1,1,1,1,test:g321,1,8445.0
4838.0,streamspot:g321:n6588,streamspot:g321:n3254,type_0,type_2,rel_10,1,1,1,1,test:g321,1,8625.0
4839.0,streamspot:g321:n6588,streamspot:g321:n3576,type_0,type_2,rel_10,1,1,1,1,test:g321,1,8815.0
4840.0,streamspot:g321:n6588,streamspot:g321:n7611,type_0,type_2,rel_10,1,1,1,1,test:g321,1,9138.0
4841.0,streamspot:g321:n6588,streamspot:g321:n6029,type_0,type_2,rel_10,1,1,1,1,test:g321,1,9326.0
4842.0,streamspot:g321:n6588,streamspot:g321:n6354,type_0,type_2,rel_10,1,1,1,1,test:g321,1,9648.0
4843.0,streamspot:g321:n6588,streamspot:g321:n7869,type_0,type_2,rel_10,1,1,1,1,test:g321,1,9965.0
4844.0,streamspot:g321:n6729,streamspot:g321:n2830,type_0,type_2,rel_10,1,1,1,1,test:g321,1,10124.0
4845.0,streamspot:g321:n6771,streamspot:g321:n7403,type_0,type_2,rel_10,1,1,1,1,test:g321,1,11188.0
4846.0,streamspot:g321:n6781,streamspot:g321:n2298,type_0,type_2,rel_10,1,1,1,1,test:g321,1,11414.0
4847.0,streamspot:g321:n7852,streamspot:g321:n8090,type_0,type_4,rel_8,1,1,1,1,test:g321,1,11714.0
4848.0,streamspot:g321:n7852,streamspot:g321:n8336,type_0,type_4,rel_8,1,1,1,1,test:g321,1,11960.0
4849.0,streamspot:g321:n7852,streamspot:g321:n8527,type_0,type_4,rel_8,1,1,1,1,test:g321,1,12151.0
4850.0,streamspot:g321:n7852,streamspot:g321:n8825,type_0,type_4,rel_8,1,1,1,1,test:g321,1,12449.0
4851.0,streamspot:g364:n0,streamspot:g364:n95,type_0,type_2,rel_16,1,1,1,1,test:g364,1,94.0
4852.0,streamspot:g364:n0,streamspot:g364:n384,type_0,type_2,rel_16,1,1,1,1,test:g364,1,383.0
4853.0,streamspot:g364:n0,streamspot:g364:n443,type_0,type_2,rel_10,1,1,1,1,test:g364,1,442.0
4854.0,streamspot:g364:n0,streamspot:g364:n667,type_0,type_2,rel_10,1,1,1,1,test:g364,1,666.0
4855.0,streamspot:g364:n0,streamspot:g364:n1086,type_0,type_2,rel_10,1,1,1,1,test:g364,1,1085.0
4856.0,streamspot:g364:n0,streamspot:g364:n1198,type_0,type_2,rel_10,1,1,1,1,test:g364,1,1197.0
4857.0,streamspot:g364:n0,streamspot:g364:n1476,type_0,type_2,rel_10,1,1,1,1,test:g364,1,1475.0
4858.0,streamspot:g364:n0,streamspot:g364:n1754,type_0,type_2,rel_10,1,1,1,1,test:g364,1,1753.0
4859.0,streamspot:g364:n0,streamspot:g364:n2204,type_0,type_2,rel_10,1,1,1,1,test:g364,1,2190.0
4860.0,streamspot:g364:n0,streamspot:g364:n4404,type_0,type_2,rel_18,1,1,1,1,test:g364,1,2272.0
4861.0,streamspot:g364:n2283,streamspot:g364:n2465,type_0,type_2,rel_10,1,1,1,1,test:g364,1,2529.0
4862.0,streamspot:g364:n2283,streamspot:g364:n2504,type_0,type_2,rel_10,1,1,1,1,test:g364,1,2569.0
4863.0,streamspot:g364:n2283,streamspot:g364:n3014,type_0,type_2,rel_10,1,1,1,1,test:g364,1,3080.0
4864.0,streamspot:g364:n2283,streamspot:g364:n3128,type_0,type_2,rel_10,1,1,1,1,test:g364,1,3195.0
4865.0,streamspot:g364:n2283,streamspot:g364:n3226,type_0,type_2,rel_10,1,1,1,1,test:g364,1,3293.0
4866.0,streamspot:g364:n2283,streamspot:g364:n3264,type_0,type_2,rel_10,1,1,1,1,test:g364,1,3331.0
4867.0,streamspot:g364:n2283,streamspot:g364:n3931,type_0,type_2,rel_10,1,1,1,1,test:g364,1,3680.0
4868.0,streamspot:g364:n2283,streamspot:g364:n4176,type_0,type_2,rel_1,1,1,1,1,test:g364,1,3958.0
4869.0,streamspot:g364:n2283,streamspot:g364:n4218,type_0,type_2,rel_1,1,1,1,1,test:g364,1,4000.0
4870.0,streamspot:g364:n2283,streamspot:g364:n4229,type_0,type_2,rel_10,1,1,1,1,test:g364,1,4011.0
4871.0,streamspot:g364:n2283,streamspot:g364:n4276,type_0,type_2,rel_16,1,1,1,1,test:g364,1,4058.0
4872.0,streamspot:g364:n2283,streamspot:g364:n6042,type_0,type_2,rel_10,1,1,1,1,test:g364,1,4799.0
4873.0,streamspot:g364:n2283,streamspot:g364:n6135,type_0,type_2,rel_10,1,1,1,1,test:g364,1,4892.0
4874.0,streamspot:g364:n2283,streamspot:g364:n6391,type_0,type_2,rel_10,1,1,1,1,test:g364,1,5148.0
4875.0,streamspot:g364:n2283,streamspot:g364:n6522,type_0,type_2,rel_10,1,1,1,1,test:g364,1,5279.0
4876.0,streamspot:g364:n3347,streamspot:g364:n3392,type_0,type_2,rel_10,1,1,1,1,test:g364,1,5393.0
4877.0,streamspot:g364:n4839,streamspot:g364:n4841,type_0,type_2,rel_10,1,1,1,1,test:g364,1,6187.0
4878.0,streamspot:g364:n4839,streamspot:g364:n5376,type_0,type_4,rel_5,1,1,1,1,test:g364,1,6725.0
4879.0,streamspot:g364:n4839,streamspot:g364:n5549,type_0,type_4,rel_5,1,1,1,1,test:g364,1,6898.0
4880.0,streamspot:g364:n4839,streamspot:g364:n2835,type_0,type_2,rel_10,1,1,1,1,test:g364,1,7287.0
4881.0,streamspot:g364:n4839,streamspot:g364:n3534,type_0,type_2,rel_10,1,1,1,1,test:g364,1,7420.0
4882.0,streamspot:g364:n6592,streamspot:g364:n6602,type_0,type_4,rel_5,1,1,1,1,test:g364,1,7539.0
4883.0,streamspot:g364:n6592,streamspot:g364:n2394,type_0,type_2,rel_10,1,1,1,1,test:g364,1,7857.0
4884.0,streamspot:g364:n6592,streamspot:g364:n2937,type_0,type_2,rel_10,1,1,1,1,test:g364,1,8299.0
4885.0,streamspot:g364:n6592,streamspot:g364:n13,type_0,type_2,rel_10,1,1,1,1,test:g364,1,8343.0
4886.0,streamspot:g364:n6592,streamspot:g364:n3206,type_0,type_2,rel_10,1,1,1,1,test:g364,1,8585.0
4887.0,streamspot:g364:n6592,streamspot:g364:n7687,type_0,type_2,rel_10,1,1,1,1,test:g364,1,9277.0
4888.0,streamspot:g364:n6592,streamspot:g364:n6137,type_0,type_2,rel_10,1,1,1,1,test:g364,1,9445.0
4889.0,streamspot:g364:n6592,streamspot:g364:n6186,type_0,type_2,rel_10,1,1,1,1,test:g364,1,9537.0
4890.0,streamspot:g364:n6592,streamspot:g364:n7814,type_0,type_2,rel_10,1,1,1,1,test:g364,1,9927.0
4891.0,streamspot:g364:n6775,streamspot:g364:n2330,type_0,type_2,rel_16,1,1,1,1,test:g364,1,10581.0
4892.0,streamspot:g364:n6775,streamspot:g364:n6856,type_0,type_2,rel_16,1,1,1,1,test:g364,1,10646.0
4893.0,streamspot:g364:n6775,streamspot:g364:n7481,type_0,type_2,rel_10,1,1,1,1,test:g364,1,11273.0
4894.0,streamspot:g364:n6775,streamspot:g364:n7524,type_0,type_2,rel_16,1,1,1,1,test:g364,1,11316.0
4895.0,streamspot:g364:n6775,streamspot:g364:n7528,type_0,type_2,rel_16,1,1,1,1,test:g364,1,11320.0
4896.0,streamspot:g364:n7856,streamspot:g364:n8440,type_0,type_4,rel_8,1,1,1,1,test:g364,1,12071.0
4897.0,streamspot:g364:n7856,streamspot:g364:n8479,type_0,type_4,rel_8,1,1,1,1,test:g364,1,12110.0
4898.0,streamspot:g364:n7856,streamspot:g364:n8514,type_0,type_4,rel_8,1,1,1,1,test:g364,1,12145.0
4899.0,streamspot:g364:n7856,streamspot:g364:n8614,type_0,type_4,rel_8,1,1,1,1,test:g364,1,12245.0
4900.0,streamspot:g364:n7856,streamspot:g364:n8676,type_0,type_4,rel_8,1,1,1,1,test:g364,1,12307.0
4901.0,streamspot:g333:n0,streamspot:g333:n63,type_0,type_2,rel_10,1,1,1,1,test:g333,1,62.0
4902.0,streamspot:g333:n0,streamspot:g333:n164,type_0,type_2,rel_10,1,1,1,1,test:g333,1,163.0
4903.0,streamspot:g333:n0,streamspot:g333:n471,type_0,type_2,rel_10,1,1,1,1,test:g333,1,470.0
4904.0,streamspot:g333:n0,streamspot:g333:n558,type_0,type_2,rel_10,1,1,1,1,test:g333,1,557.0
4905.0,streamspot:g333:n0,streamspot:g333:n1293,type_0,type_2,rel_10,1,1,1,1,test:g333,1,1292.0
4906.0,streamspot:g333:n0,streamspot:g333:n1779,type_0,type_2,rel_10,1,1,1,1,test:g333,1,1778.0
4907.0,streamspot:g333:n2283,streamspot:g333:n2400,type_0,type_2,rel_10,1,1,1,1,test:g333,1,2462.0
4908.0,streamspot:g333:n2283,streamspot:g333:n2431,type_0,type_2,rel_10,1,1,1,1,test:g333,1,2493.0
4909.0,streamspot:g333:n2283,streamspot:g333:n2824,type_0,type_2,rel_10,1,1,1,1,test:g333,1,2889.0
4910.0,streamspot:g333:n2283,streamspot:g333:n2922,type_0,type_2,rel_10,1,1,1,1,test:g333,1,2987.0
4911.0,streamspot:g333:n2283,streamspot:g333:n2942,type_0,type_2,rel_10,1,1,1,1,test:g333,1,3007.0
4912.0,streamspot:g333:n2283,streamspot:g333:n3210,type_0,type_2,rel_10,1,1,1,1,test:g333,1,3277.0
4913.0,streamspot:g333:n2283,streamspot:g333:n3233,type_0,type_2,rel_10,1,1,1,1,test:g333,1,3300.0
4914.0,streamspot:g333:n2283,streamspot:g333:n3284,type_0,type_2,rel_10,1,1,1,1,test:g333,1,3351.0
4915.0,streamspot:g333:n2283,streamspot:g333:n4452,type_0,type_2,rel_16,1,1,1,1,test:g333,1,4263.0
4916.0,streamspot:g333:n2283,streamspot:g333:n4491,type_0,type_2,rel_10,1,1,1,1,test:g333,1,4302.0
4917.0,streamspot:g333:n2283,streamspot:g333:n4788,type_0,type_2,rel_10,1,1,1,1,test:g333,1,4543.0
4918.0,streamspot:g333:n2283,streamspot:g333:n6117,type_0,type_2,rel_10,1,1,1,1,test:g333,1,4874.0
4919.0,streamspot:g333:n2283,streamspot:g333:n6183,type_0,type_2,rel_10,1,1,1,1,test:g333,1,4940.0
4920.0,streamspot:g333:n3347,streamspot:g333:n3769,type_0,type_2,rel_10,1,1,1,1,test:g333,1,5579.0
4921.0,streamspot:g333:n3347,streamspot:g333:n3809,type_0,type_2,rel_10,1,1,1,1,test:g333,1,5593.0
4922.0,streamspot:g333:n3347,streamspot:g333:n3813,type_0,type_2,rel_10,1,1,1,1,test:g333,1,5597.0
4923.0,streamspot:g333:n3347,streamspot:g333:n3821,type_0,type_2,rel_16,1,1,1,1,test:g333,1,5604.0
4924.0,streamspot:g333:n3639,streamspot:g333:n2302,type_0,type_2,rel_10,1,1,1,1,test:g333,1,5678.0
4925.0,streamspot:g333:n3639,streamspot:g333:n3232,type_0,type_2,rel_10,1,1,1,1,test:g333,1,5789.0
4926.0,streamspot:g333:n3639,streamspot:g333:n3558,type_0,type_2,rel_10,1,1,1,1,test:g333,1,5888.0
4927.0,streamspot:g333:n4536,streamspot:g333:n4686,type_1,type_2,rel_10,1,1,1,1,test:g333,1,5993.0
4928.0,streamspot:g333:n4663,streamspot:g333:n7905,type_1,type_2,rel_1,1,1,1,1,test:g333,1,6160.0
4929.0,streamspot:g333:n4838,streamspot:g333:n5209,type_0,type_4,rel_5,1,1,1,1,test:g333,1,6559.0
4930.0,streamspot:g333:n4838,streamspot:g333:n5542,type_0,type_4,rel_5,1,1,1,1,test:g333,1,6892.0
4931.0,streamspot:g333:n4838,streamspot:g333:n5699,type_0,type_4,rel_5,1,1,1,1,test:g333,1,7049.0
4932.0,streamspot:g333:n4838,streamspot:g333:n3533,type_0,type_2,rel_10,1,1,1,1,test:g333,1,7419.0
4933.0,streamspot:g333:n6591,streamspot:g333:n2493,type_0,type_2,rel_10,1,1,1,1,test:g333,1,7809.0
4934.0,streamspot:g333:n6591,streamspot:g333:n2497,type_0,type_2,rel_10,1,1,1,1,test:g333,1,7813.0
4935.0,streamspot:g333:n6591,streamspot:g333:n2581,type_0,type_2,rel_10,1,1,1,1,test:g333,1,7923.0
4936.0,streamspot:g333:n6591,streamspot:g333:n2757,type_0,type_2,rel_10,1,1,1,1,test:g333,1,8108.0
4937.0,streamspot:g333:n6591,streamspot:g333:n6706,type_0,type_2,rel_10,1,1,1,1,test:g333,1,8382.0
4938.0,streamspot:g333:n6591,streamspot:g333:n3130,type_0,type_2,rel_10,1,1,1,1,test:g333,1,8503.0
4939.0,streamspot:g333:n6591,streamspot:g333:n3165,type_0,type_2,rel_10,1,1,1,1,test:g333,1,8539.0
4940.0,streamspot:g333:n6591,streamspot:g333:n4001,type_0,type_2,rel_10,1,1,1,1,test:g333,1,9074.0
4941.0,streamspot:g333:n6591,streamspot:g333:n3846,type_0,type_2,rel_16,1,1,1,1,test:g333,1,9155.0
4942.0,streamspot:g333:n6591,streamspot:g333:n6013,type_0,type_2,rel_10,1,1,1,1,test:g333,1,9314.0
4943.0,streamspot:g333:n6591,streamspot:g333:n6346,type_0,type_2,rel_10,1,1,1,1,test:g333,1,9644.0
4944.0,streamspot:g333:n6591,streamspot:g333:n6353,type_0,type_2,rel_10,1,1,1,1,test:g333,1,9652.0
4945.0,streamspot:g333:n6591,streamspot:g333:n7799,type_0,type_2,rel_10,1,1,1,1,test:g333,1,9911.0
4946.0,streamspot:g333:n6732,streamspot:g333:n3667,type_0,type_2,rel_10,1,1,1,1,test:g333,1,10103.0
4947.0,streamspot:g333:n6774,streamspot:g333:n6834,type_0,type_2,rel_10,1,1,1,1,test:g333,1,10611.0
4948.0,streamspot:g333:n6774,streamspot:g333:n6937,type_0,type_2,rel_10,1,1,1,1,test:g333,1,10726.0
4949.0,streamspot:g333:n6774,streamspot:g333:n7556,type_0,type_2,rel_10,1,1,1,1,test:g333,1,11346.0
4950.0,streamspot:g333:n6774,streamspot:g333:n7557,type_0,type_2,rel_10,1,1,1,1,test:g333,1,11347.0
4951.0,streamspot:g371:n0,streamspot:g371:n187,type_0,type_2,rel_10,1,1,1,1,test:g371,1,186.0
4952.0,streamspot:g371:n0,streamspot:g371:n522,type_0,type_2,rel_10,1,1,1,1,test:g371,1,521.0
4953.0,streamspot:g371:n0,streamspot:g371:n722,type_0,type_2,rel_10,1,1,1,1,test:g371,1,721.0
4954.0,streamspot:g371:n0,streamspot:g371:n787,type_0,type_2,rel_10,1,1,1,1,test:g371,1,786.0
4955.0,streamspot:g371:n0,streamspot:g371:n1253,type_0,type_2,rel_10,1,1,1,1,test:g371,1,1252.0
4956.0,streamspot:g371:n0,streamspot:g371:n1411,type_0,type_2,rel_10,1,1,1,1,test:g371,1,1410.0
4957.0,streamspot:g371:n0,streamspot:g371:n1771,type_0,type_2,rel_10,1,1,1,1,test:g371,1,1770.0
4958.0,streamspot:g371:n0,streamspot:g371:n1994,type_0,type_2,rel_10,1,1,1,1,test:g371,1,1993.0
4959.0,streamspot:g371:n2283,streamspot:g371:n2620,type_0,type_2,rel_10,1,1,1,1,test:g371,1,2685.0
4960.0,streamspot:g371:n2283,streamspot:g371:n3002,type_0,type_2,rel_10,1,1,1,1,test:g371,1,3068.0
4961.0,streamspot:g371:n2283,streamspot:g371:n3616,type_0,type_2,rel_10,1,1,1,1,test:g371,1,3545.0
4962.0,streamspot:g371:n2283,streamspot:g371:n4308,type_0,type_2,rel_10,1,1,1,1,test:g371,1,4089.0
4963.0,streamspot:g371:n2283,streamspot:g371:n4377,type_0,type_2,rel_10,1,1,1,1,test:g371,1,4158.0
4964.0,streamspot:g371:n2283,streamspot:g371:n4399,type_0,type_2,rel_1,1,1,1,1,test:g371,1,4176.0
4965.0,streamspot:g371:n2283,streamspot:g371:n4808,type_0,type_2,rel_10,1,1,1,1,test:g371,1,4562.0
4966.0,streamspot:g371:n2283,streamspot:g371:n4706,type_0,type_2,rel_10,1,1,1,1,test:g371,1,4611.0
4967.0,streamspot:g371:n2283,streamspot:g371:n6081,type_0,type_2,rel_10,1,1,1,1,test:g371,1,4837.0
4968.0,streamspot:g371:n2283,streamspot:g371:n6147,type_0,type_2,rel_10,1,1,1,1,test:g371,1,4903.0
4969.0,streamspot:g371:n2283,streamspot:g371:n6525,type_0,type_2,rel_10,1,1,1,1,test:g371,1,5281.0
4970.0,streamspot:g371:n4834,streamspot:g371:n5157,type_0,type_4,rel_5,1,1,1,1,test:g371,1,6503.0
4971.0,streamspot:g371:n4834,streamspot:g371:n5464,type_0,type_4,rel_5,1,1,1,1,test:g371,1,6810.0
4972.0,streamspot:g371:n4834,streamspot:g371:n5471,type_0,type_4,rel_5,1,1,1,1,test:g371,1,6817.0
4973.0,streamspot:g371:n4834,streamspot:g371:n3661,type_0,type_2,rel_7,1,1,1,1,test:g371,1,7204.0
4974.0,streamspot:g371:n4834,streamspot:g371:n3232,type_0,type_2,rel_10,1,1,1,1,test:g371,1,7337.0
4975.0,streamspot:g371:n4834,streamspot:g371:n3597,type_0,type_2,rel_10,1,1,1,1,test:g371,1,7475.0
4976.0,streamspot:g371:n6587,streamspot:g371:n2542,type_0,type_2,rel_10,1,1,1,1,test:g371,1,7875.0
4977.0,streamspot:g371:n6587,streamspot:g371:n2693,type_0,type_2,rel_10,1,1,1,1,test:g371,1,8034.0
4978.0,streamspot:g371:n6587,streamspot:g371:n3004,type_0,type_2,rel_10,1,1,1,1,test:g371,1,8363.0
4979.0,streamspot:g371:n6587,streamspot:g371:n3085,type_0,type_2,rel_10,1,1,1,1,test:g371,1,8449.0
4980.0,streamspot:g371:n6587,streamspot:g371:n3232,type_0,type_2,rel_10,1,1,1,1,test:g371,1,8604.0
4981.0,streamspot:g371:n6587,streamspot:g371:n3335,type_0,type_2,rel_10,1,1,1,1,test:g371,1,8712.0
4982.0,streamspot:g371:n6587,streamspot:g371:n4015,type_0,type_2,rel_10,1,1,1,1,test:g371,1,9082.0
4983.0,streamspot:g371:n6587,streamspot:g371:n4083,type_0,type_2,rel_16,1,1,1,1,test:g371,1,9207.0
4984.0,streamspot:g371:n6587,streamspot:g371:n7732,type_0,type_2,rel_10,1,1,1,1,test:g371,1,9396.0
4985.0,streamspot:g371:n6587,streamspot:g371:n7746,type_0,type_2,rel_10,1,1,1,1,test:g371,1,9411.0
4986.0,streamspot:g371:n6587,streamspot:g371:n6390,type_0,type_2,rel_10,1,1,1,1,test:g371,1,9689.0
4987.0,streamspot:g371:n6587,streamspot:g371:n7854,type_0,type_2,rel_10,1,1,1,1,test:g371,1,9954.0
4988.0,streamspot:g371:n6745,streamspot:g371:n2332,type_0,type_2,rel_16,1,1,1,1,test:g371,1,10439.0
4989.0,streamspot:g371:n6770,streamspot:g371:n2297,type_0,type_2,rel_16,1,1,1,1,test:g371,1,10537.0
4990.0,streamspot:g371:n6770,streamspot:g371:n6960,type_0,type_2,rel_10,1,1,1,1,test:g371,1,10749.0
4991.0,streamspot:g371:n6770,streamspot:g371:n7028,type_0,type_2,rel_10,1,1,1,1,test:g371,1,10817.0
4992.0,streamspot:g371:n6770,streamspot:g371:n7213,type_0,type_2,rel_16,1,1,1,1,test:g371,1,11002.0
4993.0,streamspot:g371:n6770,streamspot:g371:n7357,type_0,type_2,rel_10,1,1,1,1,test:g371,1,11146.0
4994.0,streamspot:g371:n6770,streamspot:g371:n7412,type_0,type_2,rel_10,1,1,1,1,test:g371,1,11201.0
4995.0,streamspot:g371:n7850,streamspot:g371:n7932,type_0,type_4,rel_8,1,1,1,1,test:g371,1,11560.0
4996.0,streamspot:g371:n7850,streamspot:g371:n8059,type_0,type_4,rel_8,1,1,1,1,test:g371,1,11687.0
4997.0,streamspot:g371:n7850,streamspot:g371:n8200,type_0,type_4,rel_8,1,1,1,1,test:g371,1,11828.0
4998.0,streamspot:g371:n7850,streamspot:g371:n8564,type_0,type_4,rel_8,1,1,1,1,test:g371,1,12192.0
4999.0,streamspot:g371:n7850,streamspot:g371:n8729,type_0,type_4,rel_8,1,1,1,1,test:g371,1,12357.0
5000.0,streamspot:g371:n7850,streamspot:g371:n8857,type_0,type_4,rel_8,1,1,1,1,test:g371,1,12485.0
