timestamp,src_id,dst_id,src_type,dst_type,relation,edge_label,node_label,src_node_label,dst_node_label,campaign_id,campaign_label,feat_original_edge_index
1.0,darpa_theia:n0,darpa_theia:n217,type_0,type_2,rel_10,0,0,0,0,train:window_0,0,77.0
2.0,darpa_theia:n0,darpa_theia:n443,type_0,type_2,rel_10,0,0,0,0,train:window_0,0,233.0
3.0,darpa_theia:n0,darpa_theia:n449,type_0,type_2,rel_2,0,0,0,0,train:window_0,0,239.0
4.0,darpa_theia:n0,darpa_theia:n513,type_0,type_2,rel_10,0,0,0,0,train:window_0,0,296.0
5.0,darpa_theia:n13,darpa_theia:n3375,type_3,type_0,rel_7,0,0,0,0,train:window_0,0,612.0
6.0,darpa_theia:n13,darpa_theia:n7666,type_3,type_0,rel_4,0,0,0,0,train:window_0,0,643.0
7.0,darpa_theia:n13,darpa_theia:n9891,type_3,type_0,rel_7,0,0,0,0,train:window_0,0,664.0
8.0,darpa_theia:n13,darpa_theia:n25475,type_3,type_0,rel_4,0,0,0,0,train:window_0,0,699.0
9.0,darpa_theia:n13,darpa_theia:n25931,type_3,type_0,rel_4,0,0,0,0,train:window_0,0,706.0
10.0,darpa_theia:n13,darpa_theia:n36299,type_3,type_0,rel_4,0,0,0,0,train:window_0,0,758.0
11.0,darpa_theia:n13,darpa_theia:n36871,type_3,type_0,rel_7,0,0,0,0,train:window_0,0,770.0
12.0,darpa_theia:n13,darpa_theia:n41607,type_3,type_0,rel_7,0,0,0,0,train:window_0,0,795.0
13.0,darpa_theia:n13,darpa_theia:n76747,type_3,type_0,rel_4,0,0,0,0,train:window_0,0,946.0
14.0,darpa_theia:n13,darpa_theia:n107044,type_3,type_0,rel_7,0,0,0,0,train:window_0,0,1117.0
15.0,darpa_theia:n13,darpa_theia:n112722,type_3,type_0,rel_7,0,0,0,0,train:window_0,0,1138.0
16.0,darpa_theia:n13,darpa_theia:n119842,type_3,type_0,rel_4,0,0,0,0,train:window_0,0,1169.0
17.0,darpa_theia:n13,darpa_theia:n132302,type_3,type_0,rel_4,0,0,0,0,train:window_0,0,1221.0
18.0,darpa_theia:n13,darpa_theia:n137230,type_3,type_0,rel_13,0,0,0,0,train:window_0,0,1249.0
19.0,darpa_theia:n13,darpa_theia:n166045,type_3,type_0,rel_4,0,0,0,0,train:window_0,0,1350.0
20.0,darpa_theia:n13,darpa_theia:n195494,type_3,type_0,rel_4,0,0,0,0,train:window_0,0,1476.0
21.0,darpa_theia:n13,darpa_theia:n330924,type_3,type_0,rel_7,0,0,0,0,train:window_0,0,1810.0
22.0,darpa_theia:n76,darpa_theia:n335887,type_0,type_0,rel_8,0,0,0,0,train:window_0,0,1989.0
23.0,darpa_theia:n101,darpa_theia:n99790,type_1,type_0,rel_1,0,0,0,0,train:window_0,0,2079.0
24.0,darpa_theia:n116,darpa_theia:n123,type_0,type_2,rel_10,0,0,0,0,train:window_0,0,2114.0
25.0,darpa_theia:n143,darpa_theia:n68949,type_1,type_0,rel_1,0,0,0,0,train:window_0,0,2373.0
26.0,darpa_theia:n143,darpa_theia:n111538,type_1,type_0,rel_1,0,0,0,0,train:window_0,0,2480.0
27.0,darpa_theia:n143,darpa_theia:n182142,type_1,type_0,rel_1,0,0,0,0,train:window_0,0,2638.0
28.0,darpa_theia:n143,darpa_theia:n205372,type_1,type_0,rel_1,0,0,0,0,train:window_0,0,2715.0
29.0,darpa_theia:n143,darpa_theia:n229094,type_1,type_0,rel_1,0,0,0,0,train:window_0,0,2734.0
30.0,darpa_theia:n143,darpa_theia:n287373,type_1,type_0,rel_1,0,0,0,0,train:window_0,0,2815.0
31.0,darpa_theia:n143,darpa_theia:n304980,type_1,type_0,rel_1,0,0,0,0,train:window_0,0,2911.0
32.0,darpa_theia:n145,darpa_theia:n133,type_1,type_0,rel_1,0,0,0,0,train:window_0,0,2973.0
33.0,darpa_theia:n145,darpa_theia:n17060,type_1,type_0,rel_1,0,0,0,0,train:window_0,0,2999.0
34.0,darpa_theia:n145,darpa_theia:n44833,type_1,type_0,rel_1,0,0,0,0,train:window_0,0,3058.0
35.0,darpa_theia:n145,darpa_theia:n117076,type_1,type_0,rel_1,0,0,0,0,train:window_0,0,3225.0
36.0,darpa_theia:n145,darpa_theia:n294901,type_1,type_0,rel_1,0,0,0,0,train:window_0,0,3605.0
37.0,darpa_theia:n145,darpa_theia:n337347,type_1,type_0,rel_1,0,0,0,0,train:window_0,0,3688.0
38.0,darpa_theia:n180,darpa_theia:n91761,type_0,type_1,rel_0,0,0,0,0,train:window_0,0,3863.0
39.0,darpa_theia:n180,darpa_theia:n338661,type_0,type_1,rel_0,0,0,0,0,train:window_0,0,4256.0
40.0,darpa_theia:n180,darpa_theia:n338833,type_0,type_1,rel_0,0,0,0,0,train:window_0,0,4258.0
41.0,darpa_theia:n184,darpa_theia:n91752,type_0,type_0,rel_8,0,0,0,0,train:window_0,0,4331.0
42.0,darpa_theia:n184,darpa_theia:n301689,type_0,type_0,rel_8,0,0,0,0,train:window_0,0,4503.0
43.0,darpa_theia:n184,darpa_theia:n306436,type_0,type_0,rel_8,0,0,0,0,train:window_0,0,4509.0
44.0,darpa_theia:n186,darpa_theia:n155991,type_0,type_1,rel_0,0,0,0,0,train:window_0,0,4736.0
45.0,darpa_theia:n186,darpa_theia:n220203,type_0,type_1,rel_0,0,0,0,0,train:window_0,0,4868.0
46.0,darpa_theia:n191,darpa_theia:n190316,type_1,type_0,rel_1,0,0,0,0,train:window_0,0,5205.0
47.0,darpa_theia:n191,darpa_theia:n274213,type_1,type_0,rel_1,0,0,0,0,train:window_0,0,5263.0
48.0,darpa_theia:n192,darpa_theia:n26646,type_1,type_0,rel_1,0,0,0,0,train:window_0,0,5351.0
49.0,darpa_theia:n192,darpa_theia:n179826,type_1,type_0,rel_1,0,0,0,0,train:window_0,0,5456.0
50.0,darpa_theia:n192,darpa_theia:n183317,type_1,type_0,rel_1,0,0,0,0,train:window_0,0,5462.0
51.0,darpa_theia:n194,darpa_theia:n26656,type_1,type_0,rel_1,0,0,0,0,train:window_0,0,5614.0
52.0,darpa_theia:n195,darpa_theia:n329895,type_1,type_0,rel_1,0,0,0,0,train:window_0,0,6105.0
53.0,darpa_theia:n196,darpa_theia:n4216,type_1,type_0,rel_1,0,0,0,0,train:window_0,0,6126.0
54.0,darpa_theia:n196,darpa_theia:n8609,type_1,type_0,rel_1,0,0,0,0,train:window_0,0,6128.0
55.0,darpa_theia:n300,darpa_theia:n301,type_0,type_2,rel_10,0,0,0,0,train:window_0,0,6434.0
56.0,darpa_theia:n309,darpa_theia:n91746,type_3,type_0,rel_7,0,0,0,0,train:window_0,0,6503.0
57.0,darpa_theia:n309,darpa_theia:n94049,type_3,type_0,rel_7,0,0,0,0,train:window_0,0,6506.0
58.0,darpa_theia:n309,darpa_theia:n179850,type_3,type_0,rel_7,0,0,0,0,train:window_0,0,6560.0
59.0,darpa_theia:n309,darpa_theia:n229222,type_3,type_0,rel_7,0,0,0,0,train:window_0,0,6604.0
60.0,darpa_theia:n323,darpa_theia:n185462,type_1,type_0,rel_1,0,0,0,0,train:window_0,0,6702.0
61.0,darpa_theia:n365,darpa_theia:n366,type_1,type_0,rel_1,0,0,0,0,train:window_0,0,6735.0
62.0,darpa_theia:n652,darpa_theia:n36641,type_0,type_1,rel_0,0,0,0,0,train:window_0,0,6968.0
63.0,darpa_theia:n652,darpa_theia:n44072,type_0,type_1,rel_0,0,0,0,0,train:window_0,0,6975.0
64.0,darpa_theia:n658,darpa_theia:n73488,type_1,type_0,rel_1,0,0,0,0,train:window_0,0,7166.0
65.0,darpa_theia:n669,darpa_theia:n73488,type_1,type_0,rel_1,0,0,0,0,train:window_0,0,7227.0
66.0,darpa_theia:n874,darpa_theia:n1032,type_0,type_2,rel_2,0,0,0,0,train:window_0,0,7499.0
67.0,darpa_theia:n874,darpa_theia:n1211,type_0,type_1,rel_0,0,0,0,0,train:window_0,0,7675.0
68.0,darpa_theia:n874,darpa_theia:n1246,type_0,type_2,rel_10,0,0,0,0,train:window_0,0,7711.0
69.0,darpa_theia:n874,darpa_theia:n1462,type_0,type_1,rel_0,0,0,0,0,train:window_0,0,7831.0
70.0,darpa_theia:n874,darpa_theia:n1925,type_0,type_2,rel_10,0,0,0,0,train:window_0,0,8120.0
71.0,darpa_theia:n874,darpa_theia:n2010,type_0,type_2,rel_10,0,0,0,0,train:window_0,0,8204.0
72.0,darpa_theia:n874,darpa_theia:n2132,type_0,type_2,rel_10,0,0,0,0,train:window_0,0,8286.0
73.0,darpa_theia:n874,darpa_theia:n2303,type_0,type_2,rel_10,0,0,0,0,train:window_0,0,8456.0
74.0,darpa_theia:n874,darpa_theia:n2609,type_0,type_2,rel_10,0,0,0,0,train:window_0,0,8702.0
75.0,darpa_theia:n874,darpa_theia:n2615,type_0,type_2,rel_10,0,0,0,0,train:window_0,0,8708.0
76.0,darpa_theia:n874,darpa_theia:n2618,type_0,type_2,rel_10,0,0,0,0,train:window_0,0,8711.0
77.0,darpa_theia:n874,darpa_theia:n2630,type_0,type_2,rel_10,0,0,0,0,train:window_0,0,8723.0
78.0,darpa_theia:n874,darpa_theia:n2655,type_0,type_2,rel_10,0,0,0,0,train:window_0,0,8748.0
79.0,darpa_theia:n874,darpa_theia:n2692,type_0,type_2,rel_2,0,0,0,0,train:window_0,0,8779.0
80.0,darpa_theia:n874,darpa_theia:n2887,type_0,type_2,rel_10,0,0,0,0,train:window_0,0,8919.0
81.0,darpa_theia:n874,darpa_theia:n2904,type_0,type_2,rel_10,0,0,0,0,train:window_0,0,8936.0
82.0,darpa_theia:n874,darpa_theia:n3090,type_0,type_2,rel_10,0,0,0,0,train:window_0,0,9092.0
83.0,darpa_theia:n874,darpa_theia:n3149,type_0,type_1,rel_0,0,0,0,0,train:window_0,0,9145.0
84.0,darpa_theia:n874,darpa_theia:n3600,type_0,type_2,rel_10,0,0,0,0,train:window_0,0,9463.0
85.0,darpa_theia:n874,darpa_theia:n3675,type_0,type_2,rel_10,0,0,0,0,train:window_0,0,9494.0
86.0,darpa_theia:n874,darpa_theia:n3792,type_0,type_2,rel_2,0,0,0,0,train:window_0,0,9521.0
87.0,darpa_theia:n874,darpa_theia:n4051,type_0,type_2,rel_10,0,0,0,0,train:window_0,0,9617.0
88.0,darpa_theia:n874,darpa_theia:n4108,type_0,type_1,rel_0,0,0,0,0,train:window_0,0,9663.0
89.0,darpa_theia:n874,darpa_theia:n4125,type_0,type_1,rel_0,0,0,0,0,train:window_0,0,9680.0
90.0,darpa_theia:n874,darpa_theia:n5712,type_0,type_2,rel_10,0,0,0,0,train:window_0,0,9899.0
91.0,darpa_theia:n874,darpa_theia:n6549,type_0,type_1,rel_0,0,0,0,0,train:window_0,0,10082.0
92.0,darpa_theia:n877,darpa_theia:n311882,type_1,type_0,rel_1,0,0,0,0,train:window_0,0,10360.0
93.0,darpa_theia:n881,darpa_theia:n18256,type_1,type_0,rel_1,0,0,0,0,train:window_0,0,10789.0
94.0,darpa_theia:n881,darpa_theia:n20674,type_1,type_0,rel_1,0,0,0,0,train:window_0,0,10893.0
95.0,darpa_theia:n881,darpa_theia:n21292,type_1,type_0,rel_1,0,0,0,0,train:window_0,0,10919.0
96.0,darpa_theia:n881,darpa_theia:n22795,type_1,type_0,rel_1,0,0,0,0,train:window_0,0,10982.0
97.0,darpa_theia:n881,darpa_theia:n22865,type_1,type_0,rel_1,0,0,0,0,train:window_0,0,10987.0
98.0,darpa_theia:n881,darpa_theia:n41608,type_1,type_0,rel_1,0,0,0,0,train:window_0,0,11089.0
99.0,darpa_theia:n881,darpa_theia:n47112,type_1,type_0,rel_1,0,0,0,0,train:window_0,0,11103.0
100.0,darpa_theia:n881,darpa_theia:n145917,type_1,type_0,rel_1,0,0,0,0,train:window_0,0,11579.0
101.0,darpa_theia:n881,darpa_theia:n146253,type_1,type_0,rel_1,0,0,0,0,train:window_1,0,11603.0
102.0,darpa_theia:n881,darpa_theia:n173464,type_1,type_0,rel_1,0,0,0,0,train:window_1,0,11808.0
103.0,darpa_theia:n881,darpa_theia:n189179,type_1,type_0,rel_1,0,0,0,0,train:window_1,0,11838.0
104.0,darpa_theia:n881,darpa_theia:n232409,type_1,type_0,rel_1,0,0,0,0,train:window_1,0,12119.0
105.0,darpa_theia:n881,darpa_theia:n232423,type_1,type_0,rel_1,0,0,0,0,train:window_1,0,12120.0
106.0,darpa_theia:n881,darpa_theia:n232773,type_1,type_0,rel_1,0,0,0,0,train:window_1,0,12145.0
107.0,darpa_theia:n881,darpa_theia:n234911,type_1,type_0,rel_1,0,0,0,0,train:window_1,0,12234.0
108.0,darpa_theia:n881,darpa_theia:n238229,type_1,type_0,rel_1,0,0,0,0,train:window_1,0,12386.0
109.0,darpa_theia:n881,darpa_theia:n241898,type_1,type_0,rel_1,0,0,0,0,train:window_1,0,12533.0
110.0,darpa_theia:n881,darpa_theia:n242682,type_1,type_0,rel_1,0,0,0,0,train:window_1,0,12581.0
111.0,darpa_theia:n881,darpa_theia:n244501,type_1,type_0,rel_1,0,0,0,0,train:window_1,0,12649.0
112.0,darpa_theia:n881,darpa_theia:n244627,type_1,type_0,rel_1,0,0,0,0,train:window_1,0,12658.0
113.0,darpa_theia:n881,darpa_theia:n272556,type_1,type_0,rel_1,0,0,0,0,train:window_1,0,12963.0
114.0,darpa_theia:n881,darpa_theia:n273918,type_1,type_0,rel_1,0,0,0,0,train:window_1,0,13025.0
115.0,darpa_theia:n881,darpa_theia:n276354,type_1,type_0,rel_1,0,0,0,0,train:window_1,0,13128.0
116.0,darpa_theia:n881,darpa_theia:n307893,type_1,type_0,rel_1,0,0,0,0,train:window_1,0,13514.0
117.0,darpa_theia:n881,darpa_theia:n308404,type_1,type_0,rel_1,0,0,0,0,train:window_1,0,13530.0
118.0,darpa_theia:n881,darpa_theia:n310850,type_1,type_0,rel_1,0,0,0,0,train:window_1,0,13633.0
119.0,darpa_theia:n881,darpa_theia:n311382,type_1,type_0,rel_1,0,0,0,0,train:window_1,0,13671.0
120.0,darpa_theia:n881,darpa_theia:n312518,type_1,type_0,rel_1,0,0,0,0,train:window_1,0,13717.0
121.0,darpa_theia:n881,darpa_theia:n317200,type_1,type_0,rel_1,0,0,0,0,train:window_1,0,13916.0
122.0,darpa_theia:n881,darpa_theia:n318796,type_1,type_0,rel_1,0,0,0,0,train:window_1,0,13988.0
123.0,darpa_theia:n881,darpa_theia:n318891,type_1,type_0,rel_1,0,0,0,0,train:window_1,0,13991.0
124.0,darpa_theia:n881,darpa_theia:n321927,type_1,type_0,rel_1,0,0,0,0,train:window_1,0,14117.0
125.0,darpa_theia:n881,darpa_theia:n322185,type_1,type_0,rel_1,0,0,0,0,train:window_1,0,14126.0
126.0,darpa_theia:n881,darpa_theia:n323070,type_1,type_0,rel_1,0,0,0,0,train:window_1,0,14155.0
127.0,darpa_theia:n881,darpa_theia:n325865,type_1,type_0,rel_1,0,0,0,0,train:window_1,0,14290.0
128.0,darpa_theia:n881,darpa_theia:n326173,type_1,type_0,rel_1,0,0,0,0,train:window_1,0,14304.0
129.0,darpa_theia:n885,darpa_theia:n9970,type_1,type_0,rel_1,0,0,0,0,train:window_1,0,14431.0
130.0,darpa_theia:n885,darpa_theia:n16012,type_1,type_0,rel_1,0,0,0,0,train:window_1,0,14780.0
131.0,darpa_theia:n885,darpa_theia:n19190,type_1,type_0,rel_1,0,0,0,0,train:window_1,0,14968.0
132.0,darpa_theia:n885,darpa_theia:n23664,type_1,type_0,rel_1,0,0,0,0,train:window_1,0,15233.0
133.0,darpa_theia:n885,darpa_theia:n99635,type_1,type_0,rel_1,0,0,0,0,train:window_1,0,15488.0
134.0,darpa_theia:n885,darpa_theia:n139795,type_1,type_0,rel_1,0,0,0,0,train:window_1,0,15660.0
135.0,darpa_theia:n885,darpa_theia:n143691,type_1,type_0,rel_1,0,0,0,0,train:window_1,0,15788.0
136.0,darpa_theia:n885,darpa_theia:n195259,type_1,type_0,rel_1,0,0,0,0,train:window_1,0,16278.0
137.0,darpa_theia:n885,darpa_theia:n195494,type_1,type_0,rel_1,0,0,0,0,train:window_1,0,16279.0
138.0,darpa_theia:n885,darpa_theia:n203072,type_1,type_0,rel_1,0,0,0,0,train:window_1,0,16455.0
139.0,darpa_theia:n885,darpa_theia:n232158,type_1,type_0,rel_1,0,0,0,0,train:window_1,0,16625.0
140.0,darpa_theia:n885,darpa_theia:n232423,type_1,type_0,rel_1,0,0,0,0,train:window_1,0,16645.0
141.0,darpa_theia:n885,darpa_theia:n234277,type_1,type_0,rel_1,0,0,0,0,train:window_1,0,16760.0
142.0,darpa_theia:n885,darpa_theia:n234615,type_1,type_0,rel_1,0,0,0,0,train:window_1,0,16777.0
143.0,darpa_theia:n885,darpa_theia:n234771,type_1,type_0,rel_1,0,0,0,0,train:window_1,0,16786.0
144.0,darpa_theia:n885,darpa_theia:n237737,type_1,type_0,rel_1,0,0,0,0,train:window_1,0,16969.0
145.0,darpa_theia:n885,darpa_theia:n238596,type_1,type_0,rel_1,0,0,0,0,train:window_1,0,17020.0
146.0,darpa_theia:n885,darpa_theia:n239460,type_1,type_0,rel_1,0,0,0,0,train:window_1,0,17062.0
147.0,darpa_theia:n885,darpa_theia:n240653,type_1,type_0,rel_1,0,0,0,0,train:window_1,0,17139.0
148.0,darpa_theia:n885,darpa_theia:n241162,type_1,type_0,rel_1,0,0,0,0,train:window_1,0,17168.0
149.0,darpa_theia:n885,darpa_theia:n242192,type_1,type_0,rel_1,0,0,0,0,train:window_1,0,17229.0
150.0,darpa_theia:n885,darpa_theia:n244264,type_1,type_0,rel_1,0,0,0,0,train:window_1,0,17347.0
151.0,darpa_theia:n885,darpa_theia:n246710,type_1,type_0,rel_1,0,0,0,0,train:window_1,0,17493.0
152.0,darpa_theia:n885,darpa_theia:n268574,type_1,type_0,rel_1,0,0,0,0,train:window_1,0,17602.0
153.0,darpa_theia:n885,darpa_theia:n271199,type_1,type_0,rel_1,0,0,0,0,train:window_1,0,17710.0
154.0,darpa_theia:n885,darpa_theia:n271697,type_1,type_0,rel_1,0,0,0,0,train:window_1,0,17740.0
155.0,darpa_theia:n885,darpa_theia:n272836,type_1,type_0,rel_1,0,0,0,0,train:window_1,0,17810.0
156.0,darpa_theia:n885,darpa_theia:n273460,type_1,type_0,rel_1,0,0,0,0,train:window_1,0,17846.0
157.0,darpa_theia:n885,darpa_theia:n273540,type_1,type_0,rel_1,0,0,0,0,train:window_1,0,17850.0
158.0,darpa_theia:n885,darpa_theia:n274423,type_1,type_0,rel_1,0,0,0,0,train:window_1,0,17888.0
159.0,darpa_theia:n885,darpa_theia:n282123,type_1,type_0,rel_1,0,0,0,0,train:window_1,0,18347.0
160.0,darpa_theia:n885,darpa_theia:n308192,type_1,type_0,rel_1,0,0,0,0,train:window_1,0,18541.0
161.0,darpa_theia:n885,darpa_theia:n308292,type_1,type_0,rel_1,0,0,0,0,train:window_1,0,18546.0
162.0,darpa_theia:n885,darpa_theia:n309289,type_1,type_0,rel_1,0,0,0,0,train:window_1,0,18611.0
163.0,darpa_theia:n885,darpa_theia:n309691,type_1,type_0,rel_1,0,0,0,0,train:window_1,0,18638.0
164.0,darpa_theia:n885,darpa_theia:n310633,type_1,type_0,rel_1,0,0,0,0,train:window_1,0,18687.0
165.0,darpa_theia:n885,darpa_theia:n312990,type_1,type_0,rel_1,0,0,0,0,train:window_1,0,18826.0
166.0,darpa_theia:n885,darpa_theia:n314407,type_1,type_0,rel_1,0,0,0,0,train:window_1,0,18920.0
167.0,darpa_theia:n885,darpa_theia:n315949,type_1,type_0,rel_1,0,0,0,0,train:window_1,0,19003.0
168.0,darpa_theia:n885,darpa_theia:n318949,type_1,type_0,rel_1,0,0,0,0,train:window_1,0,19182.0
169.0,darpa_theia:n885,darpa_theia:n319567,type_1,type_0,rel_1,0,0,0,0,train:window_1,0,19217.0
170.0,darpa_theia:n885,darpa_theia:n319967,type_1,type_0,rel_1,0,0,0,0,train:window_1,0,19240.0
171.0,darpa_theia:n885,darpa_theia:n320595,type_1,type_0,rel_1,0,0,0,0,train:window_1,0,19269.0
172.0,darpa_theia:n885,darpa_theia:n321141,type_1,type_0,rel_1,0,0,0,0,train:window_1,0,19308.0
173.0,darpa_theia:n885,darpa_theia:n323961,type_1,type_0,rel_1,0,0,0,0,train:window_1,0,19475.0
174.0,darpa_theia:n885,darpa_theia:n325277,type_1,type_0,rel_1,0,0,0,0,train:window_1,0,19548.0
175.0,darpa_theia:n885,darpa_theia:n328172,type_1,type_0,rel_1,0,0,0,0,train:window_1,0,19671.0
176.0,darpa_theia:n893,darpa_theia:n203292,type_1,type_0,rel_1,0,0,0,0,train:window_1,0,19876.0
177.0,darpa_theia:n899,darpa_theia:n154303,type_1,type_0,rel_1,0,0,0,0,train:window_1,0,20446.0
178.0,darpa_theia:n899,darpa_theia:n164700,type_1,type_0,rel_1,0,0,0,0,train:window_1,0,20470.0
179.0,darpa_theia:n899,darpa_theia:n188877,type_1,type_0,rel_1,0,0,0,0,train:window_1,0,20514.0
180.0,darpa_theia:n899,darpa_theia:n192665,type_1,type_0,rel_1,0,0,0,0,train:window_1,0,20524.0
181.0,darpa_theia:n899,darpa_theia:n197698,type_1,type_0,rel_1,0,0,0,0,train:window_1,0,20546.0
182.0,darpa_theia:n899,darpa_theia:n281634,type_1,type_0,rel_1,0,0,0,0,train:window_1,0,20729.0
183.0,darpa_theia:n899,darpa_theia:n320291,type_1,type_0,rel_1,0,0,0,0,train:window_1,0,20867.0
184.0,darpa_theia:n899,darpa_theia:n334055,type_1,type_0,rel_1,0,0,0,0,train:window_1,0,20915.0
185.0,darpa_theia:n906,darpa_theia:n5355,type_1,type_0,rel_1,0,0,0,0,train:window_1,0,20954.0
186.0,darpa_theia:n906,darpa_theia:n192283,type_1,type_0,rel_1,0,0,0,0,train:window_1,0,21291.0
187.0,darpa_theia:n906,darpa_theia:n279184,type_1,type_0,rel_1,0,0,0,0,train:window_1,0,21432.0
188.0,darpa_theia:n906,darpa_theia:n322514,type_1,type_0,rel_1,0,0,0,0,train:window_1,0,21545.0
189.0,darpa_theia:n906,darpa_theia:n327991,type_1,type_0,rel_1,0,0,0,0,train:window_1,0,21564.0
190.0,darpa_theia:n910,darpa_theia:n18090,type_1,type_0,rel_1,0,0,0,0,train:window_1,0,21639.0
191.0,darpa_theia:n910,darpa_theia:n108098,type_1,type_0,rel_1,0,0,0,0,train:window_1,0,21790.0
192.0,darpa_theia:n910,darpa_theia:n247451,type_1,type_0,rel_1,0,0,0,0,train:window_1,0,22047.0
193.0,darpa_theia:n914,darpa_theia:n80659,type_1,type_0,rel_1,0,0,0,0,train:window_1,0,22426.0
194.0,darpa_theia:n914,darpa_theia:n280076,type_1,type_0,rel_1,0,0,0,0,train:window_1,0,22813.0
195.0,darpa_theia:n914,darpa_theia:n331048,type_1,type_0,rel_1,0,0,0,0,train:window_1,0,22960.0
196.0,darpa_theia:n918,darpa_theia:n13555,type_1,type_0,rel_1,0,0,0,0,train:window_1,0,23015.0
197.0,darpa_theia:n918,darpa_theia:n18133,type_1,type_0,rel_1,0,0,0,0,train:window_1,0,23031.0
198.0,darpa_theia:n918,darpa_theia:n132302,type_1,type_0,rel_1,0,0,0,0,train:window_1,0,23236.0
199.0,darpa_theia:n918,darpa_theia:n230000,type_1,type_0,rel_1,0,0,0,0,train:window_1,0,23398.0
200.0,darpa_theia:n918,darpa_theia:n285539,type_1,type_0,rel_1,0,0,0,0,train:window_1,0,23525.0
201.0,darpa_theia:n931,darpa_theia:n4935,type_1,type_0,rel_1,0,0,0,0,train:window_2,0,23782.0
202.0,darpa_theia:n931,darpa_theia:n31791,type_1,type_0,rel_1,0,0,0,0,train:window_2,0,23793.0
203.0,darpa_theia:n931,darpa_theia:n37133,type_1,type_0,rel_1,0,0,0,0,train:window_2,0,23800.0
204.0,darpa_theia:n931,darpa_theia:n47235,type_1,type_0,rel_1,0,0,0,0,train:window_2,0,23815.0
205.0,darpa_theia:n931,darpa_theia:n81051,type_1,type_0,rel_1,0,0,0,0,train:window_2,0,23867.0
206.0,darpa_theia:n931,darpa_theia:n102713,type_1,type_0,rel_1,0,0,0,0,train:window_2,0,23895.0
207.0,darpa_theia:n931,darpa_theia:n137499,type_1,type_0,rel_1,0,0,0,0,train:window_2,0,23954.0
208.0,darpa_theia:n942,darpa_theia:n119397,type_1,type_0,rel_1,0,0,0,0,train:window_2,0,24348.0
209.0,darpa_theia:n942,darpa_theia:n203873,type_1,type_0,rel_1,0,0,0,0,train:window_2,0,24377.0
210.0,darpa_theia:n946,darpa_theia:n56518,type_1,type_0,rel_1,0,0,0,0,train:window_2,0,24432.0
211.0,darpa_theia:n946,darpa_theia:n199233,type_1,type_0,rel_1,0,0,0,0,train:window_2,0,24480.0
212.0,darpa_theia:n953,darpa_theia:n73488,type_1,type_0,rel_1,0,0,0,0,train:window_2,0,24653.0
213.0,darpa_theia:n956,darpa_theia:n306964,type_1,type_0,rel_1,0,0,0,0,train:window_2,0,24825.0
214.0,darpa_theia:n959,darpa_theia:n107045,type_1,type_0,rel_1,0,0,0,0,train:window_2,0,24878.0
215.0,darpa_theia:n959,darpa_theia:n117347,type_1,type_0,rel_1,0,0,0,0,train:window_2,0,24882.0
216.0,darpa_theia:n959,darpa_theia:n191816,type_1,type_0,rel_1,0,0,0,0,train:window_2,0,24907.0
217.0,darpa_theia:n962,darpa_theia:n199902,type_1,type_0,rel_1,0,0,0,0,train:window_2,0,25016.0
218.0,darpa_theia:n969,darpa_theia:n184009,type_1,type_0,rel_1,0,0,0,0,train:window_2,0,25236.0
219.0,darpa_theia:n973,darpa_theia:n58865,type_1,type_0,rel_1,0,0,0,0,train:window_2,0,25315.0
220.0,darpa_theia:n973,darpa_theia:n150339,type_1,type_0,rel_1,0,0,0,0,train:window_2,0,25350.0
221.0,darpa_theia:n973,darpa_theia:n295942,type_1,type_0,rel_1,0,0,0,0,train:window_2,0,25387.0
222.0,darpa_theia:n977,darpa_theia:n72602,type_1,type_0,rel_1,0,0,0,0,train:window_2,0,25459.0
223.0,darpa_theia:n981,darpa_theia:n4482,type_1,type_0,rel_1,0,0,0,0,train:window_2,0,25584.0
224.0,darpa_theia:n981,darpa_theia:n107045,type_1,type_0,rel_1,0,0,0,0,train:window_2,0,25624.0
225.0,darpa_theia:n981,darpa_theia:n340516,type_1,type_0,rel_1,0,0,0,0,train:window_2,0,25704.0
226.0,darpa_theia:n985,darpa_theia:n6688,type_1,type_0,rel_1,0,0,0,0,train:window_2,0,25721.0
227.0,darpa_theia:n985,darpa_theia:n79049,type_1,type_0,rel_1,0,0,0,0,train:window_2,0,25863.0
228.0,darpa_theia:n985,darpa_theia:n166045,type_1,type_0,rel_1,0,0,0,0,train:window_2,0,26043.0
229.0,darpa_theia:n985,darpa_theia:n301976,type_1,type_0,rel_1,0,0,0,0,train:window_2,0,26179.0
230.0,darpa_theia:n997,darpa_theia:n48767,type_1,type_0,rel_1,0,0,0,0,train:window_2,0,26516.0
231.0,darpa_theia:n997,darpa_theia:n289608,type_1,type_0,rel_1,0,0,0,0,train:window_2,0,26586.0
232.0,darpa_theia:n1001,darpa_theia:n104215,type_1,type_0,rel_1,0,0,0,0,train:window_2,0,26667.0
233.0,darpa_theia:n1001,darpa_theia:n158812,type_1,type_0,rel_1,0,0,0,0,train:window_2,0,26685.0
234.0,darpa_theia:n1001,darpa_theia:n337854,type_1,type_0,rel_1,0,0,0,0,train:window_2,0,26745.0
235.0,darpa_theia:n1001,darpa_theia:n344248,type_1,type_0,rel_1,0,0,0,0,train:window_2,0,26753.0
236.0,darpa_theia:n1005,darpa_theia:n298518,type_1,type_0,rel_1,0,0,0,0,train:window_2,0,26849.0
237.0,darpa_theia:n1009,darpa_theia:n343285,type_1,type_0,rel_1,0,0,0,0,train:window_2,0,27006.0
238.0,darpa_theia:n1013,darpa_theia:n79594,type_1,type_0,rel_1,0,0,0,0,train:window_2,0,27037.0
239.0,darpa_theia:n1013,darpa_theia:n102142,type_1,type_0,rel_1,0,0,0,0,train:window_2,0,27047.0
240.0,darpa_theia:n1013,darpa_theia:n285022,type_1,type_0,rel_1,0,0,0,0,train:window_2,0,27089.0
241.0,darpa_theia:n1017,darpa_theia:n340516,type_1,type_0,rel_1,0,0,0,0,train:window_2,0,27256.0
242.0,darpa_theia:n1017,darpa_theia:n342740,type_1,type_0,rel_1,0,0,0,0,train:window_2,0,27259.0
243.0,darpa_theia:n1021,darpa_theia:n63923,type_1,type_0,rel_1,0,0,0,0,train:window_2,0,27284.0
244.0,darpa_theia:n1025,darpa_theia:n33477,type_1,type_0,rel_1,0,0,0,0,train:window_2,0,27403.0
245.0,darpa_theia:n1025,darpa_theia:n41608,type_1,type_0,rel_1,0,0,0,0,train:window_2,0,27407.0
246.0,darpa_theia:n1029,darpa_theia:n26295,type_1,type_0,rel_1,0,0,0,0,train:window_2,0,27558.0
247.0,darpa_theia:n1037,darpa_theia:n30822,type_1,type_0,rel_1,0,0,0,0,train:window_2,0,27980.0
248.0,darpa_theia:n1045,darpa_theia:n133709,type_1,type_0,rel_1,0,0,0,0,train:window_2,0,28277.0
249.0,darpa_theia:n1045,darpa_theia:n337854,type_1,type_0,rel_1,0,0,0,0,train:window_2,0,28343.0
250.0,darpa_theia:n1049,darpa_theia:n205410,type_1,type_0,rel_1,0,0,0,0,train:window_2,0,28430.0
251.0,darpa_theia:n1053,darpa_theia:n56518,type_1,type_0,rel_1,0,0,0,0,train:window_2,0,28498.0
252.0,darpa_theia:n1053,darpa_theia:n299517,type_1,type_0,rel_1,0,0,0,0,train:window_2,0,28575.0
253.0,darpa_theia:n1057,darpa_theia:n8709,type_1,type_0,rel_1,0,0,0,0,train:window_2,0,28610.0
254.0,darpa_theia:n1057,darpa_theia:n163731,type_1,type_0,rel_1,0,0,0,0,train:window_2,0,28666.0
255.0,darpa_theia:n1057,darpa_theia:n300958,type_1,type_0,rel_1,0,0,0,0,train:window_2,0,28704.0
256.0,darpa_theia:n1057,darpa_theia:n330050,type_1,type_0,rel_1,0,0,0,0,train:window_2,0,28715.0
257.0,darpa_theia:n1061,darpa_theia:n201774,type_1,type_0,rel_1,0,0,0,0,train:window_2,0,28808.0
258.0,darpa_theia:n1061,darpa_theia:n206584,type_1,type_0,rel_1,0,0,0,0,train:window_2,0,28812.0
259.0,darpa_theia:n1061,darpa_theia:n342740,type_1,type_0,rel_1,0,0,0,0,train:window_2,0,28857.0
260.0,darpa_theia:n1065,darpa_theia:n58865,type_1,type_0,rel_1,0,0,0,0,train:window_2,0,28968.0
261.0,darpa_theia:n1065,darpa_theia:n175706,type_1,type_0,rel_1,0,0,0,0,train:window_2,0,29210.0
262.0,darpa_theia:n1065,darpa_theia:n287861,type_1,type_0,rel_1,0,0,0,0,train:window_2,0,29287.0
263.0,darpa_theia:n1069,darpa_theia:n201774,type_1,type_0,rel_1,0,0,0,0,train:window_2,0,29472.0
264.0,darpa_theia:n1073,darpa_theia:n150339,type_1,type_0,rel_1,0,0,0,0,train:window_2,0,29579.0
265.0,darpa_theia:n1077,darpa_theia:n153250,type_1,type_0,rel_1,0,0,0,0,train:window_2,0,29707.0
266.0,darpa_theia:n1081,darpa_theia:n133709,type_1,type_0,rel_1,0,0,0,0,train:window_2,0,29830.0
267.0,darpa_theia:n1085,darpa_theia:n168603,type_1,type_0,rel_1,0,0,0,0,train:window_2,0,29966.0
268.0,darpa_theia:n1089,darpa_theia:n10083,type_1,type_0,rel_1,0,0,0,0,train:window_2,0,30040.0
269.0,darpa_theia:n1089,darpa_theia:n136444,type_1,type_0,rel_1,0,0,0,0,train:window_2,0,30193.0
270.0,darpa_theia:n1089,darpa_theia:n191816,type_1,type_0,rel_1,0,0,0,0,train:window_2,0,30265.0
271.0,darpa_theia:n1097,darpa_theia:n12183,type_1,type_0,rel_1,0,0,0,0,train:window_2,0,30801.0
272.0,darpa_theia:n1097,darpa_theia:n16326,type_1,type_0,rel_1,0,0,0,0,train:window_2,0,30960.0
273.0,darpa_theia:n1097,darpa_theia:n17978,type_1,type_0,rel_1,0,0,0,0,train:window_2,0,31029.0
274.0,darpa_theia:n1097,darpa_theia:n22753,type_1,type_0,rel_1,0,0,0,0,train:window_2,0,31209.0
275.0,darpa_theia:n1097,darpa_theia:n140513,type_1,type_0,rel_1,0,0,0,0,train:window_2,0,31412.0
276.0,darpa_theia:n1097,darpa_theia:n144429,type_1,type_0,rel_1,0,0,0,0,train:window_2,0,31493.0
277.0,darpa_theia:n1097,darpa_theia:n144686,type_1,type_0,rel_1,0,0,0,0,train:window_2,0,31505.0
278.0,darpa_theia:n1097,darpa_theia:n145763,type_1,type_0,rel_1,0,0,0,0,train:window_2,0,31537.0
279.0,darpa_theia:n1097,darpa_theia:n145847,type_1,type_0,rel_1,0,0,0,0,train:window_2,0,31543.0
280.0,darpa_theia:n1097,darpa_theia:n145903,type_1,type_0,rel_1,0,0,0,0,train:window_2,0,31547.0
281.0,darpa_theia:n1097,darpa_theia:n148781,type_1,type_0,rel_1,0,0,0,0,train:window_2,0,31653.0
282.0,darpa_theia:n1097,darpa_theia:n150025,type_1,type_0,rel_1,0,0,0,0,train:window_2,0,31699.0
283.0,darpa_theia:n1097,darpa_theia:n198227,type_1,type_0,rel_1,0,0,0,0,train:window_2,0,31808.0
284.0,darpa_theia:n1097,darpa_theia:n206584,type_1,type_0,rel_1,0,0,0,0,train:window_2,0,31841.0
285.0,darpa_theia:n1097,darpa_theia:n230658,type_1,type_0,rel_1,0,0,0,0,train:window_2,0,31892.0
286.0,darpa_theia:n1097,darpa_theia:n239685,type_1,type_0,rel_1,0,0,0,0,train:window_2,0,32226.0
287.0,darpa_theia:n1097,darpa_theia:n246156,type_1,type_0,rel_1,0,0,0,0,train:window_2,0,32480.0
288.0,darpa_theia:n1097,darpa_theia:n247046,type_1,type_0,rel_1,0,0,0,0,train:window_2,0,32520.0
289.0,darpa_theia:n1097,darpa_theia:n272584,type_1,type_0,rel_1,0,0,0,0,train:window_2,0,32695.0
290.0,darpa_theia:n1097,darpa_theia:n272922,type_1,type_0,rel_1,0,0,0,0,train:window_2,0,32714.0
291.0,darpa_theia:n1097,darpa_theia:n276294,type_1,type_0,rel_1,0,0,0,0,train:window_2,0,32835.0
292.0,darpa_theia:n1097,darpa_theia:n276967,type_1,type_0,rel_1,0,0,0,0,train:window_2,0,32847.0
293.0,darpa_theia:n1097,darpa_theia:n279432,type_1,type_0,rel_1,0,0,0,0,train:window_2,0,32941.0
294.0,darpa_theia:n1097,darpa_theia:n309731,type_1,type_0,rel_1,0,0,0,0,train:window_2,0,33210.0
295.0,darpa_theia:n1097,darpa_theia:n318250,type_1,type_0,rel_1,0,0,0,0,train:window_2,0,33528.0
296.0,darpa_theia:n1097,darpa_theia:n318473,type_1,type_0,rel_1,0,0,0,0,train:window_2,0,33544.0
297.0,darpa_theia:n1097,darpa_theia:n320917,type_1,type_0,rel_1,0,0,0,0,train:window_2,0,33635.0
298.0,darpa_theia:n1097,darpa_theia:n320931,type_1,type_0,rel_1,0,0,0,0,train:window_2,0,33636.0
299.0,darpa_theia:n1097,darpa_theia:n326987,type_1,type_0,rel_1,0,0,0,0,train:window_2,0,33871.0
300.0,darpa_theia:n1105,darpa_theia:n200747,type_1,type_0,rel_1,0,0,0,0,train:window_2,0,34249.0
301.0,darpa_theia:n1105,darpa_theia:n297567,type_1,type_0,rel_1,0,0,0,0,train:window_3,0,34269.0
302.0,darpa_theia:n1109,darpa_theia:n63923,type_1,type_0,rel_1,0,0,0,0,train:window_3,0,34352.0
303.0,darpa_theia:n1109,darpa_theia:n276777,type_1,type_0,rel_1,0,0,0,0,train:window_3,0,34483.0
304.0,darpa_theia:n1109,darpa_theia:n336429,type_1,type_0,rel_1,0,0,0,0,train:window_3,0,34551.0
305.0,darpa_theia:n1113,darpa_theia:n38682,type_1,type_0,rel_1,0,0,0,0,train:window_3,0,34627.0
306.0,darpa_theia:n1113,darpa_theia:n44161,type_1,type_0,rel_1,0,0,0,0,train:window_3,0,34640.0
307.0,darpa_theia:n1113,darpa_theia:n59658,type_1,type_0,rel_1,0,0,0,0,train:window_3,0,34674.0
308.0,darpa_theia:n1113,darpa_theia:n113116,type_1,type_0,rel_1,0,0,0,0,train:window_3,0,34803.0
309.0,darpa_theia:n1117,darpa_theia:n93657,type_1,type_0,rel_1,0,0,0,0,train:window_3,0,35297.0
310.0,darpa_theia:n1117,darpa_theia:n97533,type_1,type_0,rel_1,0,0,0,0,train:window_3,0,35305.0
311.0,darpa_theia:n1117,darpa_theia:n98134,type_1,type_0,rel_1,0,0,0,0,train:window_3,0,35309.0
312.0,darpa_theia:n1117,darpa_theia:n176055,type_1,type_0,rel_1,0,0,0,0,train:window_3,0,35452.0
313.0,darpa_theia:n1121,darpa_theia:n11479,type_1,type_0,rel_1,0,0,0,0,train:window_3,0,35709.0
314.0,darpa_theia:n1121,darpa_theia:n13290,type_1,type_0,rel_1,0,0,0,0,train:window_3,0,35780.0
315.0,darpa_theia:n1121,darpa_theia:n17488,type_1,type_0,rel_1,0,0,0,0,train:window_3,0,35928.0
316.0,darpa_theia:n1121,darpa_theia:n17950,type_1,type_0,rel_1,0,0,0,0,train:window_3,0,35961.0
317.0,darpa_theia:n1121,darpa_theia:n18593,type_1,type_0,rel_1,0,0,0,0,train:window_3,0,35982.0
318.0,darpa_theia:n1121,darpa_theia:n144587,type_1,type_0,rel_1,0,0,0,0,train:window_3,0,36440.0
319.0,darpa_theia:n1121,darpa_theia:n148711,type_1,type_0,rel_1,0,0,0,0,train:window_3,0,36589.0
320.0,darpa_theia:n1121,darpa_theia:n233966,type_1,type_0,rel_1,0,0,0,0,train:window_3,0,36959.0
321.0,darpa_theia:n1121,darpa_theia:n235554,type_1,type_0,rel_1,0,0,0,0,train:window_3,0,37027.0
322.0,darpa_theia:n1121,darpa_theia:n243034,type_1,type_0,rel_1,0,0,0,0,train:window_3,0,37315.0
323.0,darpa_theia:n1121,darpa_theia:n247116,type_1,type_0,rel_1,0,0,0,0,train:window_3,0,37479.0
324.0,darpa_theia:n1121,darpa_theia:n279614,type_1,type_0,rel_1,0,0,0,0,train:window_3,0,37914.0
325.0,darpa_theia:n1121,darpa_theia:n282889,type_1,type_0,rel_1,0,0,0,0,train:window_3,0,38048.0
326.0,darpa_theia:n1121,darpa_theia:n312558,type_1,type_0,rel_1,0,0,0,0,train:window_3,0,38288.0
327.0,darpa_theia:n1121,darpa_theia:n313263,type_1,type_0,rel_1,0,0,0,0,train:window_3,0,38304.0
328.0,darpa_theia:n1121,darpa_theia:n315007,type_1,type_0,rel_1,0,0,0,0,train:window_3,0,38384.0
329.0,darpa_theia:n1121,darpa_theia:n315669,type_1,type_0,rel_1,0,0,0,0,train:window_3,0,38392.0
330.0,darpa_theia:n1121,darpa_theia:n316173,type_1,type_0,rel_1,0,0,0,0,train:window_3,0,38428.0
331.0,darpa_theia:n1121,darpa_theia:n318501,type_1,type_0,rel_1,0,0,0,0,train:window_3,0,38514.0
332.0,darpa_theia:n1121,darpa_theia:n320707,type_1,type_0,rel_1,0,0,0,0,train:window_3,0,38589.0
333.0,darpa_theia:n1121,darpa_theia:n322986,type_1,type_0,rel_1,0,0,0,0,train:window_3,0,38674.0
334.0,darpa_theia:n1121,darpa_theia:n323028,type_1,type_0,rel_1,0,0,0,0,train:window_3,0,38677.0
335.0,darpa_theia:n1121,darpa_theia:n325473,type_1,type_0,rel_1,0,0,0,0,train:window_3,0,38777.0
336.0,darpa_theia:n1121,darpa_theia:n325669,type_1,type_0,rel_1,0,0,0,0,train:window_3,0,38791.0
337.0,darpa_theia:n1128,darpa_theia:n337854,type_1,type_0,rel_1,0,0,0,0,train:window_3,0,39131.0
338.0,darpa_theia:n1132,darpa_theia:n17060,type_1,type_0,rel_1,0,0,0,0,train:window_3,0,39150.0
339.0,darpa_theia:n1132,darpa_theia:n21892,type_1,type_0,rel_1,0,0,0,0,train:window_3,0,39152.0
340.0,darpa_theia:n1132,darpa_theia:n57096,type_1,type_0,rel_1,0,0,0,0,train:window_3,0,39182.0
341.0,darpa_theia:n1132,darpa_theia:n315270,type_1,type_0,rel_1,0,0,0,0,train:window_3,0,39345.0
342.0,darpa_theia:n1132,darpa_theia:n317699,type_1,type_0,rel_1,0,0,0,0,train:window_3,0,39347.0
343.0,darpa_theia:n1132,darpa_theia:n334055,type_1,type_0,rel_1,0,0,0,0,train:window_3,0,39357.0
344.0,darpa_theia:n1136,darpa_theia:n150339,type_1,type_0,rel_1,0,0,0,0,train:window_3,0,39478.0
345.0,darpa_theia:n1136,darpa_theia:n161086,type_1,type_0,rel_1,0,0,0,0,train:window_3,0,39486.0
346.0,darpa_theia:n1136,darpa_theia:n194669,type_1,type_0,rel_1,0,0,0,0,train:window_3,0,39507.0
347.0,darpa_theia:n1140,darpa_theia:n48767,type_1,type_0,rel_1,0,0,0,0,train:window_3,0,39582.0
348.0,darpa_theia:n1144,darpa_theia:n36299,type_1,type_0,rel_1,0,0,0,0,train:window_3,0,39704.0
349.0,darpa_theia:n1144,darpa_theia:n132029,type_1,type_0,rel_1,0,0,0,0,train:window_3,0,39744.0
350.0,darpa_theia:n1144,darpa_theia:n340516,type_1,type_0,rel_1,0,0,0,0,train:window_3,0,39814.0
351.0,darpa_theia:n1148,darpa_theia:n6688,type_1,type_0,rel_1,0,0,0,0,train:window_3,0,39822.0
352.0,darpa_theia:n1152,darpa_theia:n71768,type_1,type_0,rel_1,0,0,0,0,train:window_3,0,39972.0
353.0,darpa_theia:n1170,darpa_theia:n129270,type_1,type_0,rel_1,0,0,0,0,train:window_3,0,40344.0
354.0,darpa_theia:n1171,darpa_theia:n20952,type_1,type_0,rel_1,0,0,0,0,train:window_3,0,40400.0
355.0,darpa_theia:n1171,darpa_theia:n191816,type_1,type_0,rel_1,0,0,0,0,train:window_3,0,40540.0
356.0,darpa_theia:n1171,darpa_theia:n314267,type_1,type_0,rel_1,0,0,0,0,train:window_3,0,40613.0
357.0,darpa_theia:n1173,darpa_theia:n99192,type_1,type_0,rel_1,0,0,0,0,train:window_3,0,40676.0
358.0,darpa_theia:n1180,darpa_theia:n8709,type_1,type_0,rel_1,0,0,0,0,train:window_3,0,40759.0
359.0,darpa_theia:n1181,darpa_theia:n330050,type_1,type_0,rel_1,0,0,0,0,train:window_3,0,40991.0
360.0,darpa_theia:n1181,darpa_theia:n335887,type_1,type_0,rel_1,0,0,0,0,train:window_3,0,40997.0
361.0,darpa_theia:n1185,darpa_theia:n337854,type_1,type_0,rel_1,0,0,0,0,train:window_3,0,41127.0
362.0,darpa_theia:n1187,darpa_theia:n201774,type_1,type_0,rel_1,0,0,0,0,train:window_3,0,41211.0
363.0,darpa_theia:n1196,darpa_theia:n26680,type_1,type_0,rel_1,0,0,0,0,train:window_3,0,41270.0
364.0,darpa_theia:n1196,darpa_theia:n68954,type_1,type_0,rel_1,0,0,0,0,train:window_3,0,41287.0
365.0,darpa_theia:n1196,darpa_theia:n102142,type_1,type_0,rel_1,0,0,0,0,train:window_3,0,41302.0
366.0,darpa_theia:n1196,darpa_theia:n334561,type_1,type_0,rel_1,0,0,0,0,train:window_3,0,41377.0
367.0,darpa_theia:n1197,darpa_theia:n175264,type_1,type_0,rel_1,0,0,0,0,train:window_3,0,41455.0
368.0,darpa_theia:n1197,darpa_theia:n303880,type_1,type_0,rel_1,0,0,0,0,train:window_3,0,41491.0
369.0,darpa_theia:n1199,darpa_theia:n109351,type_1,type_0,rel_1,0,0,0,0,train:window_3,0,41686.0
370.0,darpa_theia:n1204,darpa_theia:n53711,type_1,type_0,rel_1,0,0,0,0,train:window_3,0,41789.0
371.0,darpa_theia:n1204,darpa_theia:n56518,type_1,type_0,rel_1,0,0,0,0,train:window_3,0,41790.0
372.0,darpa_theia:n1204,darpa_theia:n334055,type_1,type_0,rel_1,0,0,0,0,train:window_3,0,41884.0
373.0,darpa_theia:n1208,darpa_theia:n173171,type_1,type_0,rel_1,0,0,0,0,train:window_3,0,41962.0
374.0,darpa_theia:n1208,darpa_theia:n335887,type_1,type_0,rel_1,0,0,0,0,train:window_3,0,42013.0
375.0,darpa_theia:n1211,darpa_theia:n38682,type_1,type_0,rel_1,0,0,0,0,train:window_3,0,42036.0
376.0,darpa_theia:n1215,darpa_theia:n53711,type_1,type_0,rel_1,0,0,0,0,train:window_3,0,42169.0
377.0,darpa_theia:n1219,darpa_theia:n24275,type_1,type_0,rel_1,0,0,0,0,train:window_3,0,42283.0
378.0,darpa_theia:n1219,darpa_theia:n41608,type_1,type_0,rel_1,0,0,0,0,train:window_3,0,42291.0
379.0,darpa_theia:n1223,darpa_theia:n85885,type_1,type_0,rel_1,0,0,0,0,train:window_3,0,42437.0
380.0,darpa_theia:n1227,darpa_theia:n85885,type_1,type_0,rel_1,0,0,0,0,train:window_3,0,42564.0
381.0,darpa_theia:n1231,darpa_theia:n340516,type_1,type_0,rel_1,0,0,0,0,train:window_3,0,42779.0
382.0,darpa_theia:n1237,darpa_theia:n33477,type_1,type_0,rel_1,0,0,0,0,train:window_3,0,42956.0
383.0,darpa_theia:n1237,darpa_theia:n199233,type_1,type_0,rel_1,0,0,0,0,train:window_3,0,43019.0
384.0,darpa_theia:n1239,darpa_theia:n28942,type_1,type_0,rel_1,0,0,0,0,train:window_3,0,43129.0
385.0,darpa_theia:n1239,darpa_theia:n51923,type_1,type_0,rel_1,0,0,0,0,train:window_3,0,43168.0
386.0,darpa_theia:n1239,darpa_theia:n124609,type_1,type_0,rel_1,0,0,0,0,train:window_3,0,43312.0
387.0,darpa_theia:n1239,darpa_theia:n205410,type_1,type_0,rel_1,0,0,0,0,train:window_3,0,43462.0
388.0,darpa_theia:n1239,darpa_theia:n224393,type_1,type_0,rel_1,0,0,0,0,train:window_3,0,43469.0
389.0,darpa_theia:n1239,darpa_theia:n304151,type_1,type_0,rel_1,0,0,0,0,train:window_3,0,43565.0
390.0,darpa_theia:n1240,darpa_theia:n37265,type_1,type_0,rel_1,0,0,0,0,train:window_3,0,43717.0
391.0,darpa_theia:n1240,darpa_theia:n61774,type_1,type_0,rel_1,0,0,0,0,train:window_3,0,43759.0
392.0,darpa_theia:n1240,darpa_theia:n89729,type_1,type_0,rel_1,0,0,0,0,train:window_3,0,43817.0
393.0,darpa_theia:n1240,darpa_theia:n134151,type_1,type_0,rel_1,0,0,0,0,train:window_3,0,43904.0
394.0,darpa_theia:n1240,darpa_theia:n197753,type_1,type_0,rel_1,0,0,0,0,train:window_3,0,44007.0
395.0,darpa_theia:n1240,darpa_theia:n305973,type_1,type_0,rel_1,0,0,0,0,train:window_3,0,44141.0
396.0,darpa_theia:n1240,darpa_theia:n343052,type_1,type_0,rel_1,0,0,0,0,train:window_3,0,44213.0
397.0,darpa_theia:n1244,darpa_theia:n94148,type_1,type_0,rel_1,0,0,0,0,train:window_3,0,44433.0
398.0,darpa_theia:n1244,darpa_theia:n127120,type_1,type_0,rel_1,0,0,0,0,train:window_3,0,44504.0
399.0,darpa_theia:n1244,darpa_theia:n166838,type_1,type_0,rel_1,0,0,0,0,train:window_3,0,44584.0
400.0,darpa_theia:n1248,darpa_theia:n2075,type_1,type_0,rel_1,0,0,0,0,train:window_3,0,44859.0
401.0,darpa_theia:n1248,darpa_theia:n54022,type_1,type_0,rel_1,0,0,0,0,train:window_4,0,44953.0
402.0,darpa_theia:n1248,darpa_theia:n68954,type_1,type_0,rel_1,0,0,0,0,train:window_4,0,44979.0
403.0,darpa_theia:n1248,darpa_theia:n185462,type_1,type_0,rel_1,0,0,0,0,train:window_4,0,45191.0
404.0,darpa_theia:n1248,darpa_theia:n328887,type_1,type_0,rel_1,0,0,0,0,train:window_4,0,45381.0
405.0,darpa_theia:n1252,darpa_theia:n278921,type_1,type_0,rel_1,0,0,0,0,train:window_4,0,45854.0
406.0,darpa_theia:n1252,darpa_theia:n294355,type_1,type_0,rel_1,0,0,0,0,train:window_4,0,45886.0
407.0,darpa_theia:n1252,darpa_theia:n295942,type_1,type_0,rel_1,0,0,0,0,train:window_4,0,45892.0
408.0,darpa_theia:n1256,darpa_theia:n81051,type_1,type_0,rel_1,0,0,0,0,train:window_4,0,46021.0
409.0,darpa_theia:n1275,darpa_theia:n93413,type_1,type_0,rel_1,0,0,0,0,train:window_4,0,46313.0
410.0,darpa_theia:n1275,darpa_theia:n199453,type_1,type_0,rel_1,0,0,0,0,train:window_4,0,46333.0
411.0,darpa_theia:n1275,darpa_theia:n305200,type_1,type_0,rel_1,0,0,0,0,train:window_4,0,46353.0
412.0,darpa_theia:n1287,darpa_theia:n24275,type_1,type_0,rel_1,0,0,0,0,train:window_4,0,46549.0
413.0,darpa_theia:n1287,darpa_theia:n27030,type_1,type_0,rel_1,0,0,0,0,train:window_4,0,46563.0
414.0,darpa_theia:n1287,darpa_theia:n33696,type_1,type_0,rel_1,0,0,0,0,train:window_4,0,46580.0
415.0,darpa_theia:n1287,darpa_theia:n76928,type_1,type_0,rel_1,0,0,0,0,train:window_4,0,46675.0
416.0,darpa_theia:n1287,darpa_theia:n132029,type_1,type_0,rel_1,0,0,0,0,train:window_4,0,46809.0
417.0,darpa_theia:n1287,darpa_theia:n132302,type_1,type_0,rel_1,0,0,0,0,train:window_4,0,46810.0
418.0,darpa_theia:n1287,darpa_theia:n156350,type_1,type_0,rel_1,0,0,0,0,train:window_4,0,46842.0
419.0,darpa_theia:n1287,darpa_theia:n170959,type_1,type_0,rel_1,0,0,0,0,train:window_4,0,46874.0
420.0,darpa_theia:n1287,darpa_theia:n179878,type_1,type_0,rel_1,0,0,0,0,train:window_4,0,46889.0
421.0,darpa_theia:n1287,darpa_theia:n195154,type_1,type_0,rel_1,0,0,0,0,train:window_4,0,46919.0
422.0,darpa_theia:n1287,darpa_theia:n337355,type_1,type_0,rel_1,0,0,0,0,train:window_4,0,47074.0
423.0,darpa_theia:n1287,darpa_theia:n340516,type_1,type_0,rel_1,0,0,0,0,train:window_4,0,47086.0
424.0,darpa_theia:n1293,darpa_theia:n330270,type_1,type_0,rel_1,0,0,0,0,train:window_4,0,47244.0
425.0,darpa_theia:n1293,darpa_theia:n339055,type_1,type_0,rel_1,0,0,0,0,train:window_4,0,47250.0
426.0,darpa_theia:n1297,darpa_theia:n340736,type_1,type_0,rel_1,0,0,0,0,train:window_4,0,47326.0
427.0,darpa_theia:n1304,darpa_theia:n85885,type_1,type_0,rel_1,0,0,0,0,train:window_4,0,47477.0
428.0,darpa_theia:n1304,darpa_theia:n119696,type_1,type_0,rel_1,0,0,0,0,train:window_4,0,47540.0
429.0,darpa_theia:n1304,darpa_theia:n287677,type_1,type_0,rel_1,0,0,0,0,train:window_4,0,47681.0
430.0,darpa_theia:n1304,darpa_theia:n334349,type_1,type_0,rel_1,0,0,0,0,train:window_4,0,47738.0
431.0,darpa_theia:n1360,darpa_theia:n94148,type_1,type_0,rel_1,0,0,0,0,train:window_4,0,48253.0
432.0,darpa_theia:n1369,darpa_theia:n27506,type_1,type_0,rel_1,0,0,0,0,train:window_4,0,48344.0
433.0,darpa_theia:n1369,darpa_theia:n306362,type_1,type_0,rel_1,0,0,0,0,train:window_4,0,48691.0
434.0,darpa_theia:n1370,darpa_theia:n8709,type_1,type_0,rel_1,0,0,0,0,train:window_4,0,48717.0
435.0,darpa_theia:n1370,darpa_theia:n91766,type_1,type_0,rel_1,0,0,0,0,train:window_4,0,48790.0
436.0,darpa_theia:n1370,darpa_theia:n114447,type_1,type_0,rel_1,0,0,0,0,train:window_4,0,48809.0
437.0,darpa_theia:n1370,darpa_theia:n337854,type_1,type_0,rel_1,0,0,0,0,train:window_4,0,48982.0
438.0,darpa_theia:n1379,darpa_theia:n175264,type_1,type_0,rel_1,0,0,0,0,train:window_4,0,49040.0
439.0,darpa_theia:n1385,darpa_theia:n3249,type_0,type_3,rel_11,1,1,0,1,train:window_4,1,49071.0
440.0,darpa_theia:n1385,darpa_theia:n3798,type_0,type_3,rel_3,0,0,0,0,train:window_4,0,49117.0
441.0,darpa_theia:n1385,darpa_theia:n3823,type_0,type_3,rel_11,1,1,0,1,train:window_4,1,49120.0
442.0,darpa_theia:n1385,darpa_theia:n3878,type_0,type_3,rel_11,1,1,0,1,train:window_4,1,49132.0
443.0,darpa_theia:n1385,darpa_theia:n3911,type_0,type_3,rel_11,1,1,0,1,train:window_4,1,49152.0
444.0,darpa_theia:n1385,darpa_theia:n3932,type_0,type_3,rel_11,1,1,0,1,train:window_4,1,49161.0
445.0,darpa_theia:n1385,darpa_theia:n3983,type_0,type_3,rel_11,1,1,0,1,train:window_4,1,49191.0
446.0,darpa_theia:n1385,darpa_theia:n3984,type_0,type_3,rel_3,0,0,0,0,train:window_4,0,49192.0
447.0,darpa_theia:n1385,darpa_theia:n5892,type_0,type_3,rel_11,1,1,0,1,train:window_4,1,49204.0
448.0,darpa_theia:n1385,darpa_theia:n5993,type_0,type_3,rel_11,1,1,0,1,train:window_4,1,49268.0
449.0,darpa_theia:n1385,darpa_theia:n6007,type_0,type_3,rel_11,1,1,0,1,train:window_4,1,49281.0
450.0,darpa_theia:n1385,darpa_theia:n6052,type_0,type_3,rel_11,1,1,0,1,train:window_4,1,49306.0
451.0,darpa_theia:n1385,darpa_theia:n6132,type_0,type_3,rel_11,1,1,0,1,train:window_4,1,49347.0
452.0,darpa_theia:n1385,darpa_theia:n6168,type_0,type_3,rel_11,1,1,0,1,train:window_4,1,49367.0
453.0,darpa_theia:n1385,darpa_theia:n6177,type_0,type_3,rel_3,0,0,0,0,train:window_4,0,49374.0
454.0,darpa_theia:n1385,darpa_theia:n6206,type_0,type_3,rel_11,1,1,0,1,train:window_4,1,49394.0
455.0,darpa_theia:n1385,darpa_theia:n6259,type_0,type_3,rel_11,1,1,0,1,train:window_4,1,49402.0
456.0,darpa_theia:n1385,darpa_theia:n6278,type_0,type_3,rel_11,1,1,0,1,train:window_4,1,49409.0
457.0,darpa_theia:n1385,darpa_theia:n6315,type_0,type_3,rel_11,1,1,0,1,train:window_4,1,49429.0
458.0,darpa_theia:n1427,darpa_theia:n168603,type_1,type_0,rel_1,0,0,0,0,train:window_4,0,49562.0
459.0,darpa_theia:n1429,darpa_theia:n287407,type_1,type_0,rel_1,0,0,0,0,train:window_4,0,49737.0
460.0,darpa_theia:n1430,darpa_theia:n68954,type_1,type_0,rel_1,0,0,0,0,train:window_4,0,49769.0
461.0,darpa_theia:n1430,darpa_theia:n88761,type_1,type_0,rel_1,0,0,0,0,train:window_4,0,49776.0
462.0,darpa_theia:n1430,darpa_theia:n179878,type_1,type_0,rel_1,0,0,0,0,train:window_4,0,49807.0
463.0,darpa_theia:n1443,darpa_theia:n300958,type_1,type_0,rel_1,0,0,0,0,train:window_4,0,50177.0
464.0,darpa_theia:n1444,darpa_theia:n170646,type_1,type_0,rel_1,0,0,0,0,train:window_4,0,50241.0
465.0,darpa_theia:n1449,darpa_theia:n102142,type_1,type_0,rel_1,0,0,0,0,train:window_4,0,50618.0
466.0,darpa_theia:n1453,darpa_theia:n4482,type_1,type_0,rel_1,0,0,0,0,train:window_4,0,50670.0
467.0,darpa_theia:n1453,darpa_theia:n206584,type_1,type_0,rel_1,0,0,0,0,train:window_4,0,50733.0
468.0,darpa_theia:n1453,darpa_theia:n306964,type_1,type_0,rel_1,0,0,0,0,train:window_4,0,50740.0
469.0,darpa_theia:n1458,darpa_theia:n177807,type_1,type_0,rel_1,0,0,0,0,train:window_4,0,51124.0
470.0,darpa_theia:n1461,darpa_theia:n38682,type_1,type_0,rel_1,0,0,0,0,train:window_4,0,51315.0
471.0,darpa_theia:n1462,darpa_theia:n63923,type_1,type_0,rel_1,0,0,0,0,train:window_4,0,51405.0
472.0,darpa_theia:n1462,darpa_theia:n83811,type_1,type_0,rel_1,0,0,0,0,train:window_4,0,51412.0
473.0,darpa_theia:n1463,darpa_theia:n107045,type_1,type_0,rel_1,0,0,0,0,train:window_4,0,51500.0
474.0,darpa_theia:n1466,darpa_theia:n287407,type_1,type_0,rel_1,0,0,0,0,train:window_4,0,51709.0
475.0,darpa_theia:n1467,darpa_theia:n81051,type_1,type_0,rel_1,0,0,0,0,train:window_4,0,51759.0
476.0,darpa_theia:n1469,darpa_theia:n6688,type_1,type_0,rel_1,0,0,0,0,train:window_4,0,51831.0
477.0,darpa_theia:n1472,darpa_theia:n61774,type_1,type_0,rel_1,0,0,0,0,train:window_4,0,52150.0
478.0,darpa_theia:n1473,darpa_theia:n8709,type_1,type_0,rel_1,0,0,0,0,train:window_4,0,52233.0
479.0,darpa_theia:n1473,darpa_theia:n114447,type_1,type_0,rel_1,0,0,0,0,train:window_4,0,52273.0
480.0,darpa_theia:n1473,darpa_theia:n287407,type_1,type_0,rel_1,0,0,0,0,train:window_4,0,52309.0
481.0,darpa_theia:n1474,darpa_theia:n102142,type_1,type_0,rel_1,0,0,0,0,train:window_4,0,52368.0
482.0,darpa_theia:n1474,darpa_theia:n194669,type_1,type_0,rel_1,0,0,0,0,train:window_4,0,52402.0
483.0,darpa_theia:n1476,darpa_theia:n166045,type_1,type_0,rel_1,0,0,0,0,train:window_4,0,52590.0
484.0,darpa_theia:n1478,darpa_theia:n339445,type_1,type_0,rel_1,0,0,0,0,train:window_4,0,52826.0
485.0,darpa_theia:n1480,darpa_theia:n117347,type_1,type_0,rel_1,0,0,0,0,train:window_4,0,52974.0
486.0,darpa_theia:n1481,darpa_theia:n93169,type_1,type_0,rel_1,0,0,0,0,train:window_4,0,53064.0
487.0,darpa_theia:n1481,darpa_theia:n268552,type_1,type_0,rel_1,0,0,0,0,train:window_4,0,53107.0
488.0,darpa_theia:n1481,darpa_theia:n305517,type_1,type_0,rel_1,0,0,0,0,train:window_4,0,53119.0
489.0,darpa_theia:n1482,darpa_theia:n71768,type_1,type_0,rel_1,0,0,0,0,train:window_4,0,53154.0
490.0,darpa_theia:n1484,darpa_theia:n337854,type_1,type_0,rel_1,0,0,0,0,train:window_4,0,53425.0
491.0,darpa_theia:n1485,darpa_theia:n30822,type_1,type_0,rel_1,0,0,0,0,train:window_4,0,53438.0
492.0,darpa_theia:n1488,darpa_theia:n112152,type_1,type_0,rel_1,0,0,0,0,train:window_4,0,53772.0
493.0,darpa_theia:n1489,darpa_theia:n76476,type_1,type_0,rel_1,0,0,0,0,train:window_4,0,53856.0
494.0,darpa_theia:n1490,darpa_theia:n4482,type_1,type_0,rel_1,0,0,0,0,train:window_4,0,53930.0
495.0,darpa_theia:n1491,darpa_theia:n24275,type_1,type_0,rel_1,0,0,0,0,train:window_4,0,54034.0
496.0,darpa_theia:n1491,darpa_theia:n179878,type_1,type_0,rel_1,0,0,0,0,train:window_4,0,54096.0
497.0,darpa_theia:n1492,darpa_theia:n36299,type_1,type_0,rel_1,0,0,0,0,train:window_4,0,54140.0
498.0,darpa_theia:n1495,darpa_theia:n28152,type_1,type_0,rel_1,0,0,0,0,train:window_4,0,54437.0
499.0,darpa_theia:n1495,darpa_theia:n188604,type_1,type_0,rel_1,0,0,0,0,train:window_4,0,54499.0
500.0,darpa_theia:n1496,darpa_theia:n299517,type_1,type_0,rel_1,0,0,0,0,train:window_4,0,54616.0
501.0,darpa_theia:n1497,darpa_theia:n71768,type_1,type_0,rel_1,0,0,0,0,train:window_5,0,54654.0
502.0,darpa_theia:n1502,darpa_theia:n153250,type_1,type_0,rel_1,0,0,0,0,train:window_5,0,55185.0
503.0,darpa_theia:n1504,darpa_theia:n8709,type_1,type_0,rel_1,0,0,0,0,train:window_5,0,55333.0
504.0,darpa_theia:n1506,darpa_theia:n51474,type_1,type_0,rel_1,0,0,0,0,train:window_5,0,55546.0
505.0,darpa_theia:n1510,darpa_theia:n119397,type_1,type_0,rel_1,0,0,0,0,train:window_5,0,55975.0
506.0,darpa_theia:n1511,darpa_theia:n93169,type_1,type_0,rel_1,0,0,0,0,train:window_5,0,56064.0
507.0,darpa_theia:n1512,darpa_theia:n97086,type_1,type_0,rel_1,0,0,0,0,train:window_5,0,56166.0
508.0,darpa_theia:n1512,darpa_theia:n107045,type_1,type_0,rel_1,0,0,0,0,train:window_5,0,56170.0
509.0,darpa_theia:n1513,darpa_theia:n53711,type_1,type_0,rel_1,0,0,0,0,train:window_5,0,56247.0
510.0,darpa_theia:n1513,darpa_theia:n194669,type_1,type_0,rel_1,0,0,0,0,train:window_5,0,56302.0
511.0,darpa_theia:n1513,darpa_theia:n199902,type_1,type_0,rel_1,0,0,0,0,train:window_5,0,56303.0
512.0,darpa_theia:n1514,darpa_theia:n339445,type_1,type_0,rel_1,0,0,0,0,train:window_5,0,56426.0
513.0,darpa_theia:n1516,darpa_theia:n161086,type_1,type_0,rel_1,0,0,0,0,train:window_5,0,56588.0
514.0,darpa_theia:n1517,darpa_theia:n58865,type_1,type_0,rel_1,0,0,0,0,train:window_5,0,56649.0
515.0,darpa_theia:n1518,darpa_theia:n25231,type_1,type_0,rel_1,0,0,0,0,train:window_5,0,56735.0
516.0,darpa_theia:n1518,darpa_theia:n305517,type_1,type_0,rel_1,0,0,0,0,train:window_5,0,56818.0
517.0,darpa_theia:n1519,darpa_theia:n48767,type_1,type_0,rel_1,0,0,0,0,train:window_5,0,56844.0
518.0,darpa_theia:n1529,darpa_theia:n300958,type_1,type_0,rel_1,0,0,0,0,train:window_5,0,57315.0
519.0,darpa_theia:n1530,darpa_theia:n205410,type_1,type_0,rel_1,0,0,0,0,train:window_5,0,57403.0
520.0,darpa_theia:n1531,darpa_theia:n33477,type_1,type_0,rel_1,0,0,0,0,train:window_5,0,57437.0
521.0,darpa_theia:n1623,darpa_theia:n1647,type_0,type_2,rel_10,0,0,0,0,train:window_5,0,57809.0
522.0,darpa_theia:n1634,darpa_theia:n19478,type_1,type_0,rel_1,0,0,0,0,train:window_5,0,58002.0
523.0,darpa_theia:n1634,darpa_theia:n239389,type_1,type_0,rel_1,0,0,0,0,train:window_5,0,58165.0
524.0,darpa_theia:n1642,darpa_theia:n317699,type_1,type_0,rel_1,0,0,0,0,train:window_5,0,58477.0
525.0,darpa_theia:n1665,darpa_theia:n86379,type_1,type_0,rel_1,0,0,0,0,train:window_5,0,58532.0
526.0,darpa_theia:n1671,darpa_theia:n73983,type_1,type_0,rel_1,0,0,0,0,train:window_5,0,58644.0
527.0,darpa_theia:n1673,darpa_theia:n134202,type_1,type_0,rel_1,0,0,0,0,train:window_5,0,58693.0
528.0,darpa_theia:n1681,darpa_theia:n175756,type_1,type_0,rel_1,0,0,0,0,train:window_5,0,58851.0
529.0,darpa_theia:n1703,darpa_theia:n54206,type_1,type_0,rel_1,0,0,0,0,train:window_5,0,59210.0
530.0,darpa_theia:n1708,darpa_theia:n298518,type_1,type_0,rel_1,0,0,0,0,train:window_5,0,59563.0
531.0,darpa_theia:n1709,darpa_theia:n285539,type_1,type_0,rel_1,0,0,0,0,train:window_5,0,59656.0
532.0,darpa_theia:n1711,darpa_theia:n195734,type_1,type_0,rel_1,0,0,0,0,train:window_5,0,59814.0
533.0,darpa_theia:n1715,darpa_theia:n33477,type_1,type_0,rel_1,0,0,0,0,train:window_5,0,59861.0
534.0,darpa_theia:n1715,darpa_theia:n77311,type_1,type_0,rel_1,0,0,0,0,train:window_5,0,59896.0
535.0,darpa_theia:n1715,darpa_theia:n200487,type_1,type_0,rel_1,0,0,0,0,train:window_5,0,59983.0
536.0,darpa_theia:n1723,darpa_theia:n71768,type_1,type_0,rel_1,0,0,0,0,train:window_5,0,60230.0
537.0,darpa_theia:n1723,darpa_theia:n292216,type_1,type_0,rel_1,0,0,0,0,train:window_5,0,60357.0
538.0,darpa_theia:n1727,darpa_theia:n36874,type_1,type_0,rel_1,0,0,0,0,train:window_5,0,60404.0
539.0,darpa_theia:n1731,darpa_theia:n36874,type_1,type_0,rel_1,0,0,0,0,train:window_5,0,60571.0
540.0,darpa_theia:n1731,darpa_theia:n112152,type_1,type_0,rel_1,0,0,0,0,train:window_5,0,60634.0
541.0,darpa_theia:n1731,darpa_theia:n132863,type_1,type_0,rel_1,0,0,0,0,train:window_5,0,60652.0
542.0,darpa_theia:n1731,darpa_theia:n195734,type_1,type_0,rel_1,0,0,0,0,train:window_5,0,60689.0
543.0,darpa_theia:n1735,darpa_theia:n58865,type_1,type_0,rel_1,0,0,0,0,train:window_5,0,60756.0
544.0,darpa_theia:n1735,darpa_theia:n194669,type_1,type_0,rel_1,0,0,0,0,train:window_5,0,60854.0
545.0,darpa_theia:n1739,darpa_theia:n24275,type_1,type_0,rel_1,0,0,0,0,train:window_5,0,60892.0
546.0,darpa_theia:n1739,darpa_theia:n76476,type_1,type_0,rel_1,0,0,0,0,train:window_5,0,60936.0
547.0,darpa_theia:n1739,darpa_theia:n79594,type_1,type_0,rel_1,0,0,0,0,train:window_5,0,60940.0
548.0,darpa_theia:n1739,darpa_theia:n173171,type_1,type_0,rel_1,0,0,0,0,train:window_5,0,61007.0
549.0,darpa_theia:n1747,darpa_theia:n173171,type_1,type_0,rel_1,0,0,0,0,train:window_5,0,61340.0
550.0,darpa_theia:n1762,darpa_theia:n204920,type_1,type_0,rel_1,0,0,0,0,train:window_5,0,61460.0
551.0,darpa_theia:n1794,darpa_theia:n129762,type_1,type_0,rel_1,0,0,0,0,train:window_5,0,62233.0
552.0,darpa_theia:n1800,darpa_theia:n28646,type_1,type_0,rel_1,0,0,0,0,train:window_5,0,62328.0
553.0,darpa_theia:n1805,darpa_theia:n28646,type_1,type_0,rel_1,0,0,0,0,train:window_5,0,62404.0
554.0,darpa_theia:n1811,darpa_theia:n73983,type_1,type_0,rel_1,0,0,0,0,train:window_5,0,62520.0
555.0,darpa_theia:n1822,darpa_theia:n148182,type_1,type_0,rel_1,0,0,0,0,train:window_5,0,62680.0
556.0,darpa_theia:n1840,darpa_theia:n1845,type_0,type_1,rel_0,0,0,0,0,train:window_5,0,62745.0
557.0,darpa_theia:n1840,darpa_theia:n3654,type_0,type_1,rel_0,0,0,0,0,train:window_5,0,62765.0
558.0,darpa_theia:n1840,darpa_theia:n3762,type_0,type_1,rel_0,0,0,0,0,train:window_5,0,62803.0
559.0,darpa_theia:n1840,darpa_theia:n3773,type_0,type_1,rel_0,0,0,0,0,train:window_5,0,62810.0
560.0,darpa_theia:n1840,darpa_theia:n5846,type_0,type_1,rel_0,0,0,0,0,train:window_5,0,62910.0
561.0,darpa_theia:n1840,darpa_theia:n6087,type_0,type_1,rel_0,0,0,0,0,train:window_5,0,63012.0
562.0,darpa_theia:n1840,darpa_theia:n6129,type_0,type_1,rel_0,0,0,0,0,train:window_5,0,63030.0
563.0,darpa_theia:n1840,darpa_theia:n6217,type_0,type_2,rel_2,0,0,0,0,train:window_5,0,63059.0
564.0,darpa_theia:n1840,darpa_theia:n6320,type_0,type_1,rel_0,0,0,0,0,train:window_5,0,63113.0
565.0,darpa_theia:n1873,darpa_theia:n170646,type_1,type_0,rel_1,0,0,0,0,train:window_5,0,63176.0
566.0,darpa_theia:n1883,darpa_theia:n175264,type_1,type_0,rel_1,0,0,0,0,train:window_5,0,63365.0
567.0,darpa_theia:n2029,darpa_theia:n185462,type_1,type_0,rel_1,0,0,0,0,train:window_5,0,63697.0
568.0,darpa_theia:n2030,darpa_theia:n114447,type_1,type_0,rel_1,0,0,0,0,train:window_5,0,63715.0
569.0,darpa_theia:n2039,darpa_theia:n119397,type_1,type_0,rel_1,0,0,0,0,train:window_5,0,63746.0
570.0,darpa_theia:n2052,darpa_theia:n3874,type_0,type_2,rel_2,0,0,0,0,train:window_5,0,63813.0
571.0,darpa_theia:n2052,darpa_theia:n5819,type_0,type_2,rel_2,0,0,0,0,train:window_5,0,63876.0
572.0,darpa_theia:n2052,darpa_theia:n6214,type_0,type_1,rel_2,0,0,0,0,train:window_5,0,63883.0
573.0,darpa_theia:n2071,darpa_theia:n132863,type_1,type_0,rel_1,0,0,0,0,train:window_5,0,63947.0
574.0,darpa_theia:n2075,darpa_theia:n2089,type_0,type_2,rel_2,0,0,0,0,train:window_5,0,63996.0
575.0,darpa_theia:n2116,darpa_theia:n291010,type_1,type_0,rel_1,0,0,0,0,train:window_5,0,64172.0
576.0,darpa_theia:n2117,darpa_theia:n38682,type_1,type_0,rel_1,0,0,0,0,train:window_5,0,64187.0
577.0,darpa_theia:n2117,darpa_theia:n48767,type_1,type_0,rel_1,0,0,0,0,train:window_5,0,64189.0
578.0,darpa_theia:n2136,darpa_theia:n124166,type_1,type_0,rel_1,0,0,0,0,train:window_5,0,64325.0
579.0,darpa_theia:n2145,darpa_theia:n78564,type_1,type_0,rel_1,0,0,0,0,train:window_5,0,64419.0
580.0,darpa_theia:n2148,darpa_theia:n161086,type_1,type_0,rel_1,0,0,0,0,train:window_5,0,64488.0
581.0,darpa_theia:n2160,darpa_theia:n76476,type_1,type_0,rel_1,0,0,0,0,train:window_5,0,64615.0
582.0,darpa_theia:n2164,darpa_theia:n33477,type_1,type_0,rel_1,0,0,0,0,train:window_5,0,64684.0
583.0,darpa_theia:n2164,darpa_theia:n55037,type_1,type_0,rel_1,0,0,0,0,train:window_5,0,64705.0
584.0,darpa_theia:n2164,darpa_theia:n176611,type_1,type_0,rel_1,0,0,0,0,train:window_5,0,64812.0
585.0,darpa_theia:n2226,darpa_theia:n104215,type_1,type_0,rel_1,0,0,0,0,train:window_5,0,64899.0
586.0,darpa_theia:n2231,darpa_theia:n124166,type_1,type_0,rel_1,0,0,0,0,train:window_5,0,64943.0
587.0,darpa_theia:n2237,darpa_theia:n54409,type_1,type_0,rel_1,0,0,0,0,train:window_5,0,64969.0
588.0,darpa_theia:n2376,darpa_theia:n2718,type_1,type_0,rel_1,0,0,0,0,train:window_5,0,64998.0
589.0,darpa_theia:n2380,darpa_theia:n6501,type_0,type_2,rel_10,0,0,0,0,train:window_5,0,65182.0
590.0,darpa_theia:n2400,darpa_theia:n2406,type_0,type_1,rel_0,0,0,0,0,train:window_5,0,65226.0
591.0,darpa_theia:n2474,darpa_theia:n145,type_0,type_1,rel_0,0,0,0,0,train:window_5,0,65372.0
592.0,darpa_theia:n2486,darpa_theia:n243809,type_1,type_0,rel_1,0,0,0,0,train:window_5,0,65559.0
593.0,darpa_theia:n2649,darpa_theia:n63923,type_1,type_0,rel_1,0,0,0,0,train:window_5,0,65627.0
594.0,darpa_theia:n2825,darpa_theia:n87324,type_1,type_0,rel_1,0,0,0,0,train:window_5,0,66163.0
595.0,darpa_theia:n3150,darpa_theia:n130624,type_1,type_0,rel_1,0,0,0,0,train:window_5,0,66475.0
596.0,darpa_theia:n3234,darpa_theia:n3248,type_0,type_3,rel_11,0,0,0,0,train:window_5,0,66488.0
597.0,darpa_theia:n3326,darpa_theia:n29235,type_1,type_0,rel_1,0,0,0,0,train:window_5,0,66534.0
598.0,darpa_theia:n3341,darpa_theia:n2400,type_1,type_0,rel_1,0,0,0,0,train:window_5,0,66557.0
599.0,darpa_theia:n3379,darpa_theia:n1502,type_0,type_1,rel_0,0,0,0,0,train:window_5,0,66652.0
600.0,darpa_theia:n3379,darpa_theia:n194125,type_0,type_2,rel_2,0,0,0,0,train:window_5,0,66715.0
601.0,darpa_theia:n3380,darpa_theia:n2400,type_1,type_0,rel_1,0,0,0,0,train:window_6,0,66726.0
602.0,darpa_theia:n3405,darpa_theia:n157485,type_1,type_0,rel_1,0,0,0,0,train:window_6,0,66757.0
603.0,darpa_theia:n3627,darpa_theia:n63923,type_1,type_0,rel_1,1,0,1,0,train:window_6,1,66971.0
604.0,darpa_theia:n3627,darpa_theia:n73488,type_1,type_0,rel_1,1,0,1,0,train:window_6,1,66973.0
605.0,darpa_theia:n3627,darpa_theia:n114447,type_1,type_0,rel_1,1,0,1,0,train:window_6,1,66980.0
606.0,darpa_theia:n3627,darpa_theia:n124166,type_1,type_0,rel_1,1,0,1,0,train:window_6,1,66982.0
607.0,darpa_theia:n3627,darpa_theia:n150339,type_1,type_0,rel_1,1,0,1,0,train:window_6,1,66985.0
608.0,darpa_theia:n3627,darpa_theia:n161086,type_1,type_0,rel_1,1,0,1,0,train:window_6,1,66987.0
609.0,darpa_theia:n4072,darpa_theia:n150339,type_1,type_0,rel_1,0,0,0,0,train:window_6,0,67459.0
610.0,darpa_theia:n4080,darpa_theia:n7780,type_1,type_0,rel_1,0,0,0,0,train:window_6,0,67501.0
611.0,darpa_theia:n4150,darpa_theia:n205351,type_0,type_1,rel_0,0,0,0,0,train:window_6,0,67648.0
612.0,darpa_theia:n4151,darpa_theia:n92785,type_0,type_1,rel_0,0,0,0,0,train:window_6,0,67758.0
613.0,darpa_theia:n4211,darpa_theia:n2670,type_3,type_0,rel_4,0,0,0,0,train:window_6,0,68090.0
614.0,darpa_theia:n4325,darpa_theia:n171999,type_1,type_0,rel_1,0,0,0,0,train:window_6,0,68265.0
615.0,darpa_theia:n4329,darpa_theia:n40041,type_1,type_0,rel_1,0,0,0,0,train:window_6,0,68302.0
616.0,darpa_theia:n4340,darpa_theia:n120752,type_1,type_0,rel_1,0,0,0,0,train:window_6,0,68377.0
617.0,darpa_theia:n4342,darpa_theia:n151699,type_1,type_0,rel_1,0,0,0,0,train:window_6,0,68441.0
618.0,darpa_theia:n4353,darpa_theia:n176619,type_1,type_0,rel_1,0,0,0,0,train:window_6,0,68559.0
619.0,darpa_theia:n4482,darpa_theia:n4485,type_0,type_2,rel_10,0,0,0,0,train:window_6,0,68619.0
620.0,darpa_theia:n4482,darpa_theia:n1053,type_0,type_1,rel_0,0,0,0,0,train:window_6,0,68775.0
621.0,darpa_theia:n4482,darpa_theia:n4738,type_0,type_2,rel_2,0,0,0,0,train:window_6,0,68959.0
622.0,darpa_theia:n4482,darpa_theia:n4864,type_0,type_2,rel_10,0,0,0,0,train:window_6,0,69042.0
623.0,darpa_theia:n4482,darpa_theia:n4881,type_0,type_2,rel_2,0,0,0,0,train:window_6,0,69064.0
624.0,darpa_theia:n4482,darpa_theia:n1543,type_0,type_1,rel_0,0,0,0,0,train:window_6,0,69207.0
625.0,darpa_theia:n4935,darpa_theia:n4952,type_0,type_2,rel_2,0,0,0,0,train:window_6,0,69500.0
626.0,darpa_theia:n4935,darpa_theia:n4979,type_0,type_2,rel_2,0,0,0,0,train:window_6,0,69538.0
627.0,darpa_theia:n5058,darpa_theia:n107618,type_1,type_0,rel_1,0,0,0,0,train:window_6,0,69598.0
628.0,darpa_theia:n5059,darpa_theia:n136444,type_1,type_0,rel_1,0,0,0,0,train:window_6,0,69737.0
629.0,darpa_theia:n5059,darpa_theia:n296497,type_1,type_0,rel_1,0,0,0,0,train:window_6,0,69780.0
630.0,darpa_theia:n5064,darpa_theia:n5239,type_0,type_2,rel_2,0,0,0,0,train:window_6,0,69997.0
631.0,darpa_theia:n5283,darpa_theia:n5329,type_0,type_2,rel_2,0,0,0,0,train:window_6,0,70586.0
632.0,darpa_theia:n5283,darpa_theia:n5568,type_0,type_1,rel_0,0,0,0,0,train:window_6,0,70645.0
633.0,darpa_theia:n5297,darpa_theia:n154034,type_1,type_0,rel_1,0,0,0,0,train:window_6,0,70820.0
634.0,darpa_theia:n5298,darpa_theia:n42394,type_1,type_0,rel_1,0,0,0,0,train:window_6,0,70833.0
635.0,darpa_theia:n5298,darpa_theia:n154034,type_1,type_0,rel_1,0,0,0,0,train:window_6,0,70854.0
636.0,darpa_theia:n5302,darpa_theia:n112935,type_1,type_0,rel_1,0,0,0,0,train:window_6,0,70882.0
637.0,darpa_theia:n5309,darpa_theia:n154034,type_1,type_0,rel_1,0,0,0,0,train:window_6,0,70956.0
638.0,darpa_theia:n5338,darpa_theia:n47446,type_1,type_0,rel_1,0,0,0,0,train:window_6,0,71174.0
639.0,darpa_theia:n5338,darpa_theia:n159606,type_1,type_0,rel_1,0,0,0,0,train:window_6,0,71195.0
640.0,darpa_theia:n5355,darpa_theia:n5404,type_0,type_2,rel_2,0,0,0,0,train:window_6,0,71370.0
641.0,darpa_theia:n5355,darpa_theia:n5466,type_0,type_2,rel_2,0,0,0,0,train:window_6,0,71452.0
642.0,darpa_theia:n5547,darpa_theia:n42394,type_1,type_0,rel_1,0,0,0,0,train:window_6,0,71666.0
643.0,darpa_theia:n5547,darpa_theia:n57307,type_1,type_0,rel_1,0,0,0,0,train:window_6,0,71669.0
644.0,darpa_theia:n5572,darpa_theia:n89548,type_1,type_0,rel_1,0,0,0,0,train:window_6,0,71879.0
645.0,darpa_theia:n5580,darpa_theia:n137230,type_1,type_0,rel_1,0,0,0,0,train:window_6,0,71957.0
646.0,darpa_theia:n5818,darpa_theia:n874,type_1,type_0,rel_1,0,0,0,0,train:window_6,0,72144.0
647.0,darpa_theia:n5885,darpa_theia:n1840,type_1,type_0,rel_1,0,0,0,0,train:window_6,0,72218.0
648.0,darpa_theia:n5941,darpa_theia:n1385,type_3,type_0,rel_4,1,0,1,0,train:window_6,1,72249.0
649.0,darpa_theia:n6102,darpa_theia:n1385,type_3,type_0,rel_4,1,0,1,0,train:window_6,1,72382.0
650.0,darpa_theia:n6213,darpa_theia:n874,type_1,type_0,rel_1,0,0,0,0,train:window_6,0,72471.0
651.0,darpa_theia:n6528,darpa_theia:n3114,type_3,type_0,rel_4,0,0,0,0,train:window_6,0,72639.0
652.0,darpa_theia:n6688,darpa_theia:n6769,type_0,type_2,rel_2,0,0,0,0,train:window_6,0,72763.0
653.0,darpa_theia:n6688,darpa_theia:n6795,type_0,type_2,rel_2,0,0,0,0,train:window_6,0,72789.0
654.0,darpa_theia:n6688,darpa_theia:n1033,type_0,type_1,rel_0,0,0,0,0,train:window_6,0,72835.0
655.0,darpa_theia:n6688,darpa_theia:n6873,type_0,type_2,rel_2,0,0,0,0,train:window_6,0,72886.0
656.0,darpa_theia:n6688,darpa_theia:n7120,type_0,type_2,rel_10,0,0,0,0,train:window_6,0,73102.0
657.0,darpa_theia:n6688,darpa_theia:n7122,type_0,type_1,rel_0,0,0,0,0,train:window_6,0,73104.0
658.0,darpa_theia:n6688,darpa_theia:n7441,type_0,type_2,rel_2,0,0,0,0,train:window_6,0,73454.0
659.0,darpa_theia:n6688,darpa_theia:n7510,type_0,type_1,rel_0,0,0,0,0,train:window_6,0,73530.0
660.0,darpa_theia:n6688,darpa_theia:n7584,type_0,type_1,rel_0,0,0,0,0,train:window_6,0,73604.0
661.0,darpa_theia:n6752,darpa_theia:n24275,type_1,type_0,rel_1,0,0,0,0,train:window_6,0,73798.0
662.0,darpa_theia:n6776,darpa_theia:n6688,type_1,type_0,rel_1,0,0,0,0,train:window_6,0,73915.0
663.0,darpa_theia:n6792,darpa_theia:n291010,type_1,type_0,rel_1,0,0,0,0,train:window_6,0,74008.0
664.0,darpa_theia:n6844,darpa_theia:n268552,type_1,type_0,rel_1,0,0,0,0,train:window_6,0,74067.0
665.0,darpa_theia:n6954,darpa_theia:n7047,type_0,type_2,rel_10,0,0,0,0,train:window_6,0,74173.0
666.0,darpa_theia:n7118,darpa_theia:n298518,type_1,type_0,rel_1,0,0,0,0,train:window_6,0,74444.0
667.0,darpa_theia:n7126,darpa_theia:n298518,type_1,type_0,rel_1,0,0,0,0,train:window_6,0,74482.0
668.0,darpa_theia:n7160,darpa_theia:n24275,type_1,type_0,rel_1,0,0,0,0,train:window_6,0,74601.0
669.0,darpa_theia:n7274,darpa_theia:n291010,type_1,type_0,rel_1,0,0,0,0,train:window_6,0,74898.0
670.0,darpa_theia:n7305,darpa_theia:n194669,type_1,type_0,rel_1,0,0,0,0,train:window_6,0,74944.0
671.0,darpa_theia:n7397,darpa_theia:n91766,type_1,type_0,rel_1,0,0,0,0,train:window_6,0,75102.0
672.0,darpa_theia:n7432,darpa_theia:n24926,type_1,type_0,rel_1,0,0,0,0,train:window_6,0,75193.0
673.0,darpa_theia:n7446,darpa_theia:n142003,type_1,type_0,rel_1,0,0,0,0,train:window_6,0,75219.0
674.0,darpa_theia:n7465,darpa_theia:n78564,type_1,type_0,rel_1,0,0,0,0,train:window_6,0,75300.0
675.0,darpa_theia:n7489,darpa_theia:n291730,type_1,type_0,rel_1,0,0,0,0,train:window_6,0,75349.0
676.0,darpa_theia:n7496,darpa_theia:n142003,type_1,type_0,rel_1,0,0,0,0,train:window_6,0,75415.0
677.0,darpa_theia:n7497,darpa_theia:n300212,type_1,type_0,rel_1,0,0,0,0,train:window_6,0,75442.0
678.0,darpa_theia:n7502,darpa_theia:n194669,type_1,type_0,rel_1,0,0,0,0,train:window_6,0,75473.0
679.0,darpa_theia:n7510,darpa_theia:n24275,type_1,type_0,rel_1,0,0,0,0,train:window_6,0,75503.0
680.0,darpa_theia:n7566,darpa_theia:n79594,type_1,type_0,rel_1,0,0,0,0,train:window_6,0,75690.0
681.0,darpa_theia:n7567,darpa_theia:n78564,type_1,type_0,rel_1,0,0,0,0,train:window_6,0,75708.0
682.0,darpa_theia:n7589,darpa_theia:n80377,type_1,type_0,rel_1,0,0,0,0,train:window_6,0,75834.0
683.0,darpa_theia:n7590,darpa_theia:n26014,type_1,type_0,rel_1,0,0,0,0,train:window_6,0,75850.0
684.0,darpa_theia:n7590,darpa_theia:n299302,type_1,type_0,rel_1,0,0,0,0,train:window_6,0,75863.0
685.0,darpa_theia:n7593,darpa_theia:n27465,type_1,type_0,rel_1,0,0,0,0,train:window_6,0,75908.0
686.0,darpa_theia:n7628,darpa_theia:n9404,type_1,type_0,rel_1,0,0,0,0,train:window_6,0,76098.0
687.0,darpa_theia:n7628,darpa_theia:n25919,type_1,type_0,rel_1,0,0,0,0,train:window_6,0,76100.0
688.0,darpa_theia:n7629,darpa_theia:n6688,type_1,type_0,rel_1,0,0,0,0,train:window_6,0,76115.0
689.0,darpa_theia:n7669,darpa_theia:n193368,type_1,type_0,rel_1,0,0,0,0,train:window_6,0,76371.0
690.0,darpa_theia:n7687,darpa_theia:n299517,type_1,type_0,rel_1,0,0,0,0,train:window_6,0,76413.0
691.0,darpa_theia:n7711,darpa_theia:n194669,type_1,type_0,rel_1,0,0,0,0,train:window_6,0,76471.0
692.0,darpa_theia:n7780,darpa_theia:n8629,type_0,type_2,rel_2,0,0,0,0,train:window_6,0,77568.0
693.0,darpa_theia:n8024,darpa_theia:n8082,type_0,type_2,rel_2,0,0,0,0,train:window_6,0,77652.0
694.0,darpa_theia:n8316,darpa_theia:n8644,type_0,type_3,rel_11,1,1,0,1,train:window_6,1,77808.0
695.0,darpa_theia:n8371,darpa_theia:n8395,type_0,type_2,rel_10,0,0,0,0,train:window_6,0,77848.0
696.0,darpa_theia:n8576,darpa_theia:n2486,type_0,type_1,rel_0,0,0,0,0,train:window_6,0,77949.0
697.0,darpa_theia:n8709,darpa_theia:n8827,type_0,type_2,rel_10,0,0,0,0,train:window_6,0,78208.0
698.0,darpa_theia:n8709,darpa_theia:n6834,type_0,type_1,rel_0,0,0,0,0,train:window_6,0,78222.0
699.0,darpa_theia:n8709,darpa_theia:n8980,type_0,type_2,rel_10,0,0,0,0,train:window_6,0,78417.0
700.0,darpa_theia:n8709,darpa_theia:n9045,type_0,type_0,rel_8,0,0,0,0,train:window_6,0,78472.0
701.0,darpa_theia:n8709,darpa_theia:n9136,type_0,type_2,rel_10,0,0,0,0,train:window_7,0,78544.0
702.0,darpa_theia:n8709,darpa_theia:n9138,type_0,type_2,rel_2,0,0,0,0,train:window_7,0,78547.0
703.0,darpa_theia:n8709,darpa_theia:n7262,type_0,type_1,rel_0,0,0,0,0,train:window_7,0,78596.0
704.0,darpa_theia:n8709,darpa_theia:n2149,type_0,type_1,rel_0,0,0,0,0,train:window_7,0,78862.0
705.0,darpa_theia:n8709,darpa_theia:n9443,type_0,type_2,rel_2,0,0,0,0,train:window_7,0,78915.0
706.0,darpa_theia:n8731,darpa_theia:n329,type_0,type_1,rel_0,0,0,0,0,train:window_7,0,79110.0
707.0,darpa_theia:n9244,darpa_theia:n9623,type_0,type_3,rel_11,1,1,0,1,train:window_7,1,79313.0
708.0,darpa_theia:n9630,darpa_theia:n1097,type_0,type_1,rel_0,0,0,0,0,train:window_7,0,79573.0
709.0,darpa_theia:n9657,darpa_theia:n145265,type_1,type_0,rel_1,0,0,0,0,train:window_7,0,79837.0
710.0,darpa_theia:n9682,darpa_theia:n138543,type_1,type_0,rel_1,0,0,0,0,train:window_7,0,80003.0
711.0,darpa_theia:n9753,darpa_theia:n279047,type_1,type_0,rel_1,0,0,0,0,train:window_7,0,80465.0
712.0,darpa_theia:n9754,darpa_theia:n145265,type_1,type_0,rel_1,0,0,0,0,train:window_7,0,80485.0
713.0,darpa_theia:n9755,darpa_theia:n12345,type_1,type_0,rel_1,0,0,0,0,train:window_7,0,80516.0
714.0,darpa_theia:n9755,darpa_theia:n147933,type_1,type_0,rel_1,0,0,0,0,train:window_7,0,80526.0
715.0,darpa_theia:n9771,darpa_theia:n239090,type_1,type_0,rel_1,0,0,0,0,train:window_7,0,80694.0
716.0,darpa_theia:n9780,darpa_theia:n147933,type_1,type_0,rel_1,0,0,0,0,train:window_7,0,80759.0
717.0,darpa_theia:n9782,darpa_theia:n281472,type_1,type_0,rel_1,0,0,0,0,train:window_7,0,80857.0
718.0,darpa_theia:n9786,darpa_theia:n12345,type_1,type_0,rel_1,0,0,0,0,train:window_7,0,80869.0
719.0,darpa_theia:n9786,darpa_theia:n14674,type_1,type_0,rel_1,0,0,0,0,train:window_7,0,80870.0
720.0,darpa_theia:n9794,darpa_theia:n196263,type_1,type_0,rel_1,0,0,0,0,train:window_7,0,80921.0
721.0,darpa_theia:n9801,darpa_theia:n17060,type_1,type_0,rel_1,0,0,0,0,train:window_7,0,80951.0
722.0,darpa_theia:n9809,darpa_theia:n317699,type_1,type_0,rel_1,0,0,0,0,train:window_7,0,81047.0
723.0,darpa_theia:n9818,darpa_theia:n324879,type_1,type_0,rel_1,0,0,0,0,train:window_7,0,81170.0
724.0,darpa_theia:n9826,darpa_theia:n273278,type_1,type_0,rel_1,0,0,0,0,train:window_7,0,81257.0
725.0,darpa_theia:n9826,darpa_theia:n279047,type_1,type_0,rel_1,0,0,0,0,train:window_7,0,81262.0
726.0,darpa_theia:n9829,darpa_theia:n317540,type_1,type_0,rel_1,0,0,0,0,train:window_7,0,81366.0
727.0,darpa_theia:n9875,darpa_theia:n16962,type_1,type_0,rel_1,0,0,0,0,train:window_7,0,81590.0
728.0,darpa_theia:n9895,darpa_theia:n229847,type_1,type_0,rel_1,0,0,0,0,train:window_7,0,81751.0
729.0,darpa_theia:n9929,darpa_theia:n234533,type_1,type_0,rel_1,0,0,0,0,train:window_7,0,81861.0
730.0,darpa_theia:n9963,darpa_theia:n236885,type_1,type_0,rel_1,0,0,0,0,train:window_7,0,81939.0
731.0,darpa_theia:n9989,darpa_theia:n10673,type_0,type_0,rel_8,0,0,0,0,train:window_7,0,82038.0
732.0,darpa_theia:n9997,darpa_theia:n22165,type_1,type_0,rel_1,0,0,0,0,train:window_7,0,82086.0
733.0,darpa_theia:n10020,darpa_theia:n233206,type_1,type_0,rel_1,0,0,0,0,train:window_7,0,82308.0
734.0,darpa_theia:n10020,darpa_theia:n309101,type_1,type_0,rel_1,0,0,0,0,train:window_7,0,82425.0
735.0,darpa_theia:n10020,darpa_theia:n325907,type_1,type_0,rel_1,0,0,0,0,train:window_7,0,82485.0
736.0,darpa_theia:n10048,darpa_theia:n229958,type_1,type_0,rel_1,0,0,0,0,train:window_7,0,82598.0
737.0,darpa_theia:n10048,darpa_theia:n276939,type_1,type_0,rel_1,0,0,0,0,train:window_7,0,82697.0
738.0,darpa_theia:n10049,darpa_theia:n11088,type_1,type_0,rel_1,0,0,0,0,train:window_7,0,82804.0
739.0,darpa_theia:n10049,darpa_theia:n233163,type_1,type_0,rel_1,0,0,0,0,train:window_7,0,82915.0
740.0,darpa_theia:n10049,darpa_theia:n247185,type_1,type_0,rel_1,0,0,0,0,train:window_7,0,82967.0
741.0,darpa_theia:n10050,darpa_theia:n193960,type_1,type_0,rel_1,0,0,0,0,train:window_7,0,83192.0
742.0,darpa_theia:n10051,darpa_theia:n235655,type_1,type_0,rel_1,0,0,0,0,train:window_7,0,83536.0
743.0,darpa_theia:n10052,darpa_theia:n17360,type_1,type_0,rel_1,0,0,0,0,train:window_7,0,83735.0
744.0,darpa_theia:n10052,darpa_theia:n232296,type_1,type_0,rel_1,0,0,0,0,train:window_7,0,83823.0
745.0,darpa_theia:n10052,darpa_theia:n235345,type_1,type_0,rel_1,0,0,0,0,train:window_7,0,83834.0
746.0,darpa_theia:n10052,darpa_theia:n309187,type_1,type_0,rel_1,0,0,0,0,train:window_7,0,83947.0
747.0,darpa_theia:n10052,darpa_theia:n316342,type_1,type_0,rel_1,0,0,0,0,train:window_7,0,83970.0
748.0,darpa_theia:n10052,darpa_theia:n322887,type_1,type_0,rel_1,0,0,0,0,train:window_7,0,83995.0
749.0,darpa_theia:n10053,darpa_theia:n143209,type_1,type_0,rel_1,0,0,0,0,train:window_7,0,84075.0
750.0,darpa_theia:n10053,darpa_theia:n143987,type_1,type_0,rel_1,0,0,0,0,train:window_7,0,84078.0
751.0,darpa_theia:n10053,darpa_theia:n310708,type_1,type_0,rel_1,0,0,0,0,train:window_7,0,84253.0
752.0,darpa_theia:n10053,darpa_theia:n318949,type_1,type_0,rel_1,0,0,0,0,train:window_7,0,84286.0
753.0,darpa_theia:n10054,darpa_theia:n235526,type_1,type_0,rel_1,0,0,0,0,train:window_7,0,84445.0
754.0,darpa_theia:n10055,darpa_theia:n20551,type_1,type_0,rel_1,0,0,0,0,train:window_7,0,84659.0
755.0,darpa_theia:n10057,darpa_theia:n11003,type_1,type_0,rel_1,0,0,0,0,train:window_7,0,85234.0
756.0,darpa_theia:n10057,darpa_theia:n139614,type_1,type_0,rel_1,0,0,0,0,train:window_7,0,85285.0
757.0,darpa_theia:n10057,darpa_theia:n235612,type_1,type_0,rel_1,0,0,0,0,train:window_7,0,85359.0
758.0,darpa_theia:n10057,darpa_theia:n240162,type_1,type_0,rel_1,0,0,0,0,train:window_7,0,85373.0
759.0,darpa_theia:n10057,darpa_theia:n282639,type_1,type_0,rel_1,0,0,0,0,train:window_7,0,85455.0
760.0,darpa_theia:n10058,darpa_theia:n16012,type_1,type_0,rel_1,0,0,0,0,train:window_7,0,85558.0
761.0,darpa_theia:n10059,darpa_theia:n241700,type_1,type_0,rel_1,0,0,0,0,train:window_7,0,85987.0
762.0,darpa_theia:n10059,darpa_theia:n247408,type_1,type_0,rel_1,0,0,0,0,train:window_7,0,86011.0
763.0,darpa_theia:n10059,darpa_theia:n247451,type_1,type_0,rel_1,0,0,0,0,train:window_7,0,86012.0
764.0,darpa_theia:n10059,darpa_theia:n272879,type_1,type_0,rel_1,0,0,0,0,train:window_7,0,86026.0
765.0,darpa_theia:n10059,darpa_theia:n275520,type_1,type_0,rel_1,0,0,0,0,train:window_7,0,86039.0
766.0,darpa_theia:n10059,darpa_theia:n308964,type_1,type_0,rel_1,0,0,0,0,train:window_7,0,86071.0
767.0,darpa_theia:n10059,darpa_theia:n311662,type_1,type_0,rel_1,0,0,0,0,train:window_7,0,86083.0
768.0,darpa_theia:n10060,darpa_theia:n240429,type_1,type_0,rel_1,0,0,0,0,train:window_7,0,86290.0
769.0,darpa_theia:n10060,darpa_theia:n279346,type_1,type_0,rel_1,0,0,0,0,train:window_7,0,86354.0
770.0,darpa_theia:n10060,darpa_theia:n309187,type_1,type_0,rel_1,0,0,0,0,train:window_7,0,86379.0
771.0,darpa_theia:n10061,darpa_theia:n148963,type_1,type_0,rel_1,0,0,0,0,train:window_7,0,86527.0
772.0,darpa_theia:n10061,darpa_theia:n197563,type_1,type_0,rel_1,0,0,0,0,train:window_7,0,86545.0
773.0,darpa_theia:n10061,darpa_theia:n237804,type_1,type_0,rel_1,0,0,0,0,train:window_7,0,86581.0
774.0,darpa_theia:n10061,darpa_theia:n240343,type_1,type_0,rel_1,0,0,0,0,train:window_7,0,86592.0
775.0,darpa_theia:n10079,darpa_theia:n241771,type_1,type_0,rel_1,0,0,0,0,train:window_7,0,86917.0
776.0,darpa_theia:n10080,darpa_theia:n230938,type_1,type_0,rel_1,0,0,0,0,train:window_7,0,87175.0
777.0,darpa_theia:n10080,darpa_theia:n233191,type_1,type_0,rel_1,0,0,0,0,train:window_7,0,87182.0
778.0,darpa_theia:n10080,darpa_theia:n245131,type_1,type_0,rel_1,0,0,0,0,train:window_7,0,87230.0
779.0,darpa_theia:n10080,darpa_theia:n313121,type_1,type_0,rel_1,0,0,0,0,train:window_7,0,87313.0
780.0,darpa_theia:n10083,darpa_theia:n10085,type_0,type_2,rel_2,0,0,0,0,train:window_7,0,87371.0
781.0,darpa_theia:n10168,darpa_theia:n10177,type_0,type_2,rel_10,0,0,0,0,train:window_7,0,87514.0
782.0,darpa_theia:n10380,darpa_theia:n10388,type_0,type_2,rel_2,0,0,0,0,train:window_7,0,87798.0
783.0,darpa_theia:n10575,darpa_theia:n10577,type_0,type_2,rel_2,0,0,0,0,train:window_7,0,88055.0
784.0,darpa_theia:n10589,darpa_theia:n10599,type_0,type_2,rel_2,0,0,0,0,train:window_7,0,88084.0
785.0,darpa_theia:n10716,darpa_theia:n10717,type_0,type_2,rel_2,0,0,0,0,train:window_7,0,88243.0
786.0,darpa_theia:n10744,darpa_theia:n881,type_0,type_1,rel_0,0,0,0,0,train:window_7,0,88289.0
787.0,darpa_theia:n10800,darpa_theia:n10813,type_0,type_2,rel_2,0,0,0,0,train:window_7,0,88390.0
788.0,darpa_theia:n10843,darpa_theia:n10844,type_0,type_2,rel_2,0,0,0,0,train:window_7,0,88452.0
789.0,darpa_theia:n10872,darpa_theia:n10875,type_0,type_2,rel_2,0,0,0,0,train:window_7,0,88495.0
790.0,darpa_theia:n10903,darpa_theia:n329,type_0,type_1,rel_0,0,0,0,0,train:window_7,0,88663.0
791.0,darpa_theia:n10911,darpa_theia:n313949,type_1,type_0,rel_1,0,0,0,0,train:window_7,0,88744.0
792.0,darpa_theia:n11003,darpa_theia:n11010,type_0,type_2,rel_2,0,0,0,0,train:window_7,0,88916.0
793.0,darpa_theia:n11150,darpa_theia:n11151,type_0,type_2,rel_2,0,0,0,0,train:window_7,0,89165.0
794.0,darpa_theia:n11158,darpa_theia:n11167,type_0,type_2,rel_2,0,0,0,0,train:window_7,0,89217.0
795.0,darpa_theia:n11159,darpa_theia:n231062,type_1,type_0,rel_1,0,0,0,0,train:window_7,0,89236.0
796.0,darpa_theia:n11209,darpa_theia:n11216,type_0,type_2,rel_10,0,0,0,0,train:window_7,0,89380.0
797.0,darpa_theia:n11210,darpa_theia:n233448,type_1,type_0,rel_1,0,0,0,0,train:window_7,0,89399.0
798.0,darpa_theia:n11234,darpa_theia:n296414,type_1,type_0,rel_1,0,0,0,0,train:window_7,0,89599.0
799.0,darpa_theia:n11234,darpa_theia:n315270,type_1,type_0,rel_1,0,0,0,0,train:window_7,0,89603.0
800.0,darpa_theia:n11236,darpa_theia:n234315,type_1,type_0,rel_1,0,0,0,0,train:window_7,0,89666.0
801.0,darpa_theia:n11240,darpa_theia:n316740,type_1,type_0,rel_1,0,0,0,0,train:window_8,0,89771.0
802.0,darpa_theia:n11276,darpa_theia:n197927,type_1,type_0,rel_1,0,0,0,0,train:window_8,0,90152.0
803.0,darpa_theia:n11276,darpa_theia:n273280,type_1,type_0,rel_1,0,0,0,0,train:window_8,0,90162.0
804.0,darpa_theia:n11276,darpa_theia:n278111,type_1,type_0,rel_1,0,0,0,0,train:window_8,0,90164.0
805.0,darpa_theia:n11282,darpa_theia:n11290,type_0,type_2,rel_2,0,0,0,0,train:window_8,0,90352.0
806.0,darpa_theia:n11342,darpa_theia:n278111,type_1,type_0,rel_1,0,0,0,0,train:window_8,0,90440.0
807.0,darpa_theia:n11344,darpa_theia:n273280,type_1,type_0,rel_1,0,0,0,0,train:window_8,0,90504.0
808.0,darpa_theia:n11351,darpa_theia:n146739,type_1,type_0,rel_1,0,0,0,0,train:window_8,0,90723.0
809.0,darpa_theia:n11361,darpa_theia:n18532,type_1,type_0,rel_1,0,0,0,0,train:window_8,0,91048.0
810.0,darpa_theia:n11363,darpa_theia:n311882,type_1,type_0,rel_1,0,0,0,0,train:window_8,0,91137.0
811.0,darpa_theia:n11376,darpa_theia:n280519,type_1,type_0,rel_1,0,0,0,0,train:window_8,0,91563.0
812.0,darpa_theia:n11377,darpa_theia:n23364,type_1,type_0,rel_1,0,0,0,0,train:window_8,0,91578.0
813.0,darpa_theia:n11377,darpa_theia:n273280,type_1,type_0,rel_1,0,0,0,0,train:window_8,0,91593.0
814.0,darpa_theia:n11387,darpa_theia:n326349,type_1,type_0,rel_1,0,0,0,0,train:window_8,0,91935.0
815.0,darpa_theia:n11388,darpa_theia:n197927,type_1,type_0,rel_1,0,0,0,0,train:window_8,0,91946.0
816.0,darpa_theia:n11392,darpa_theia:n144388,type_1,type_0,rel_1,0,0,0,0,train:window_8,0,92075.0
817.0,darpa_theia:n11395,darpa_theia:n245280,type_1,type_0,rel_1,0,0,0,0,train:window_8,0,92184.0
818.0,darpa_theia:n11398,darpa_theia:n311882,type_1,type_0,rel_1,0,0,0,0,train:window_8,0,92259.0
819.0,darpa_theia:n11399,darpa_theia:n282945,type_1,type_0,rel_1,0,0,0,0,train:window_8,0,92290.0
820.0,darpa_theia:n11400,darpa_theia:n280519,type_1,type_0,rel_1,0,0,0,0,train:window_8,0,92322.0
821.0,darpa_theia:n11519,darpa_theia:n885,type_0,type_1,rel_0,0,0,0,0,train:window_8,0,92688.0
822.0,darpa_theia:n11579,darpa_theia:n1097,type_0,type_1,rel_0,0,0,0,0,train:window_8,0,92765.0
823.0,darpa_theia:n11579,darpa_theia:n885,type_0,type_1,rel_0,0,0,0,0,train:window_8,0,92769.0
824.0,darpa_theia:n11599,darpa_theia:n11612,type_0,type_2,rel_2,0,0,0,0,train:window_8,0,92807.0
825.0,darpa_theia:n11619,darpa_theia:n329,type_0,type_1,rel_0,0,0,0,0,train:window_8,0,92817.0
826.0,darpa_theia:n11619,darpa_theia:n895,type_0,type_1,rel_0,0,0,0,0,train:window_8,0,92837.0
827.0,darpa_theia:n11659,darpa_theia:n309551,type_1,type_0,rel_1,0,0,0,0,train:window_8,0,92959.0
828.0,darpa_theia:n11660,darpa_theia:n16146,type_1,type_0,rel_1,0,0,0,0,train:window_8,0,92969.0
829.0,darpa_theia:n11663,darpa_theia:n275696,type_1,type_0,rel_1,0,0,0,0,train:window_8,0,93087.0
830.0,darpa_theia:n11664,darpa_theia:n13818,type_1,type_0,rel_1,0,0,0,0,train:window_8,0,93100.0
831.0,darpa_theia:n11667,darpa_theia:n13818,type_1,type_0,rel_1,0,0,0,0,train:window_8,0,93199.0
832.0,darpa_theia:n11668,darpa_theia:n144388,type_1,type_0,rel_1,0,0,0,0,train:window_8,0,93238.0
833.0,darpa_theia:n11668,darpa_theia:n311882,type_1,type_0,rel_1,0,0,0,0,train:window_8,0,93257.0
834.0,darpa_theia:n11670,darpa_theia:n144388,type_1,type_0,rel_1,0,0,0,0,train:window_8,0,93304.0
835.0,darpa_theia:n11671,darpa_theia:n233469,type_1,type_0,rel_1,0,0,0,0,train:window_8,0,93342.0
836.0,darpa_theia:n11673,darpa_theia:n319168,type_1,type_0,rel_1,0,0,0,0,train:window_8,0,93425.0
837.0,darpa_theia:n11678,darpa_theia:n311882,type_1,type_0,rel_1,0,0,0,0,train:window_8,0,93587.0
838.0,darpa_theia:n11683,darpa_theia:n240563,type_1,type_0,rel_1,0,0,0,0,train:window_8,0,93741.0
839.0,darpa_theia:n11688,darpa_theia:n273280,type_1,type_0,rel_1,0,0,0,0,train:window_8,0,93911.0
840.0,darpa_theia:n11761,darpa_theia:n23364,type_1,type_0,rel_1,0,0,0,0,train:window_8,0,94597.0
841.0,darpa_theia:n11761,darpa_theia:n231132,type_1,type_0,rel_1,0,0,0,0,train:window_8,0,94603.0
842.0,darpa_theia:n11762,darpa_theia:n18532,type_1,type_0,rel_1,0,0,0,0,train:window_8,0,94628.0
843.0,darpa_theia:n11771,darpa_theia:n18532,type_1,type_0,rel_1,0,0,0,0,train:window_8,0,94925.0
844.0,darpa_theia:n11771,darpa_theia:n324017,type_1,type_0,rel_1,0,0,0,0,train:window_8,0,94953.0
845.0,darpa_theia:n11780,darpa_theia:n233469,type_1,type_0,rel_1,0,0,0,0,train:window_8,0,95231.0
846.0,darpa_theia:n11780,darpa_theia:n235789,type_1,type_0,rel_1,0,0,0,0,train:window_8,0,95232.0
847.0,darpa_theia:n11781,darpa_theia:n242874,type_1,type_0,rel_1,0,0,0,0,train:window_8,0,95268.0
848.0,darpa_theia:n11783,darpa_theia:n245280,type_1,type_0,rel_1,0,0,0,0,train:window_8,0,95335.0
849.0,darpa_theia:n11784,darpa_theia:n321627,type_1,type_0,rel_1,0,0,0,0,train:window_8,0,95381.0
850.0,darpa_theia:n11785,darpa_theia:n326349,type_1,type_0,rel_1,0,0,0,0,train:window_8,0,95416.0
851.0,darpa_theia:n11790,darpa_theia:n16146,type_1,type_0,rel_1,0,0,0,0,train:window_8,0,95551.0
852.0,darpa_theia:n11792,darpa_theia:n146739,type_1,type_0,rel_1,0,0,0,0,train:window_8,0,95623.0
853.0,darpa_theia:n11792,darpa_theia:n231132,type_1,type_0,rel_1,0,0,0,0,train:window_8,0,95626.0
854.0,darpa_theia:n11793,darpa_theia:n233469,type_1,type_0,rel_1,0,0,0,0,train:window_8,0,95660.0
855.0,darpa_theia:n11796,darpa_theia:n149407,type_1,type_0,rel_1,0,0,0,0,train:window_8,0,95756.0
856.0,darpa_theia:n11797,darpa_theia:n273280,type_1,type_0,rel_1,0,0,0,0,train:window_8,0,95800.0
857.0,darpa_theia:n11801,darpa_theia:n140213,type_1,type_0,rel_1,0,0,0,0,train:window_8,0,95918.0
858.0,darpa_theia:n11803,darpa_theia:n231132,type_1,type_0,rel_1,0,0,0,0,train:window_8,0,95989.0
859.0,darpa_theia:n11804,darpa_theia:n309551,type_1,type_0,rel_1,0,0,0,0,train:window_8,0,96036.0
860.0,darpa_theia:n11806,darpa_theia:n18532,type_1,type_0,rel_1,0,0,0,0,train:window_8,0,96047.0
861.0,darpa_theia:n11807,darpa_theia:n278111,type_1,type_0,rel_1,0,0,0,0,train:window_8,0,96099.0
862.0,darpa_theia:n11809,darpa_theia:n231132,type_1,type_0,rel_1,0,0,0,0,train:window_8,0,96154.0
863.0,darpa_theia:n11809,darpa_theia:n233469,type_1,type_0,rel_1,0,0,0,0,train:window_8,0,96155.0
864.0,darpa_theia:n11813,darpa_theia:n321627,type_1,type_0,rel_1,0,0,0,0,train:window_8,0,96305.0
865.0,darpa_theia:n11814,darpa_theia:n321627,type_1,type_0,rel_1,0,0,0,0,train:window_8,0,96338.0
866.0,darpa_theia:n11815,darpa_theia:n326349,type_1,type_0,rel_1,0,0,0,0,train:window_8,0,96373.0
867.0,darpa_theia:n11819,darpa_theia:n273280,type_1,type_0,rel_1,0,0,0,0,train:window_8,0,96493.0
868.0,darpa_theia:n11820,darpa_theia:n238110,type_1,type_0,rel_1,0,0,0,0,train:window_8,0,96520.0
869.0,darpa_theia:n11829,darpa_theia:n321627,type_1,type_0,rel_1,0,0,0,0,train:window_8,0,96833.0
870.0,darpa_theia:n11834,darpa_theia:n316742,type_1,type_0,rel_1,0,0,0,0,train:window_8,0,96996.0
871.0,darpa_theia:n11835,darpa_theia:n245280,type_1,type_0,rel_1,0,0,0,0,train:window_8,0,97018.0
872.0,darpa_theia:n11837,darpa_theia:n324017,type_1,type_0,rel_1,0,0,0,0,train:window_8,0,97098.0
873.0,darpa_theia:n11842,darpa_theia:n16146,type_1,type_0,rel_1,0,0,0,0,train:window_8,0,97234.0
874.0,darpa_theia:n11842,darpa_theia:n326349,type_1,type_0,rel_1,0,0,0,0,train:window_8,0,97264.0
875.0,darpa_theia:n11843,darpa_theia:n18532,type_1,type_0,rel_1,0,0,0,0,train:window_8,0,97268.0
876.0,darpa_theia:n11843,darpa_theia:n231132,type_1,type_0,rel_1,0,0,0,0,train:window_8,0,97276.0
877.0,darpa_theia:n11846,darpa_theia:n326349,type_1,type_0,rel_1,0,0,0,0,train:window_8,0,97396.0
878.0,darpa_theia:n11850,darpa_theia:n231132,type_1,type_0,rel_1,0,0,0,0,train:window_8,0,97507.0
879.0,darpa_theia:n11963,darpa_theia:n1121,type_0,type_1,rel_0,0,0,0,0,train:window_8,0,97756.0
880.0,darpa_theia:n12203,darpa_theia:n12235,type_0,type_2,rel_10,0,0,0,0,train:window_8,0,98074.0
881.0,darpa_theia:n12283,darpa_theia:n11247,type_0,type_1,rel_0,0,0,0,0,train:window_8,0,98263.0
882.0,darpa_theia:n12344,darpa_theia:n12341,type_3,type_0,rel_4,0,0,0,0,train:window_8,0,98322.0
883.0,darpa_theia:n12345,darpa_theia:n12387,type_0,type_2,rel_2,0,0,0,0,train:window_8,0,98380.0
884.0,darpa_theia:n12345,darpa_theia:n12427,type_0,type_3,rel_11,0,0,0,0,train:window_8,0,98448.0
885.0,darpa_theia:n12345,darpa_theia:n12432,type_0,type_2,rel_10,0,0,0,0,train:window_8,0,98457.0
886.0,darpa_theia:n12417,darpa_theia:n12345,type_3,type_0,rel_13,0,0,0,0,train:window_8,0,98549.0
887.0,darpa_theia:n12482,darpa_theia:n12494,type_0,type_2,rel_2,0,0,0,0,train:window_8,0,98574.0
888.0,darpa_theia:n12534,darpa_theia:n12536,type_0,type_2,rel_2,0,0,0,0,train:window_8,0,98629.0
889.0,darpa_theia:n12601,darpa_theia:n12617,type_0,type_2,rel_10,0,0,0,0,train:window_8,0,98738.0
890.0,darpa_theia:n12631,darpa_theia:n12637,type_0,type_2,rel_10,0,0,0,0,train:window_8,0,98831.0
891.0,darpa_theia:n12716,darpa_theia:n12725,type_0,type_2,rel_10,0,0,0,0,train:window_8,0,98988.0
892.0,darpa_theia:n12731,darpa_theia:n10003,type_0,type_1,rel_9,0,0,0,0,train:window_8,0,98997.0
893.0,darpa_theia:n12745,darpa_theia:n1121,type_0,type_1,rel_0,0,0,0,0,train:window_8,0,99033.0
894.0,darpa_theia:n12759,darpa_theia:n12763,type_0,type_2,rel_2,0,0,0,0,train:window_8,0,99041.0
895.0,darpa_theia:n13402,darpa_theia:n885,type_0,type_1,rel_0,0,0,0,0,train:window_8,0,99931.0
896.0,darpa_theia:n13417,darpa_theia:n881,type_0,type_1,rel_0,0,0,0,0,train:window_8,0,99969.0
897.0,darpa_theia:n13500,darpa_theia:n13508,type_0,type_2,rel_2,0,0,0,0,train:window_8,0,100093.0
898.0,darpa_theia:n13598,darpa_theia:n881,type_0,type_1,rel_0,0,0,0,0,train:window_8,0,100283.0
899.0,darpa_theia:n13750,darpa_theia:n13761,type_0,type_2,rel_10,0,0,0,0,train:window_8,0,100541.0
900.0,darpa_theia:n13818,darpa_theia:n1244,type_0,type_1,rel_0,0,0,0,0,train:window_8,0,100656.0
901.0,darpa_theia:n13818,darpa_theia:n13840,type_0,type_2,rel_2,0,0,0,0,train:window_9,0,100661.0
902.0,darpa_theia:n13818,darpa_theia:n11362,type_0,type_1,rel_0,0,0,0,0,train:window_9,0,100702.0
903.0,darpa_theia:n13818,darpa_theia:n13917,type_0,type_0,rel_8,0,0,0,0,train:window_9,0,100748.0
904.0,darpa_theia:n13818,darpa_theia:n11820,type_0,type_1,rel_0,0,0,0,0,train:window_9,0,100870.0
905.0,darpa_theia:n13919,darpa_theia:n13934,type_0,type_2,rel_2,0,0,0,0,train:window_9,0,101044.0
906.0,darpa_theia:n13939,darpa_theia:n13945,type_0,type_2,rel_10,0,0,0,0,train:window_9,0,101058.0
907.0,darpa_theia:n14019,darpa_theia:n14021,type_0,type_2,rel_2,0,0,0,0,train:window_9,0,101161.0
908.0,darpa_theia:n14039,darpa_theia:n14048,type_0,type_2,rel_10,0,0,0,0,train:window_9,0,101197.0
909.0,darpa_theia:n14160,darpa_theia:n14187,type_0,type_2,rel_2,0,0,0,0,train:window_9,0,101389.0
910.0,darpa_theia:n14228,darpa_theia:n14229,type_0,type_2,rel_2,0,0,0,0,train:window_9,0,101445.0
911.0,darpa_theia:n14238,darpa_theia:n885,type_0,type_1,rel_0,0,0,0,0,train:window_9,0,101459.0
912.0,darpa_theia:n14248,darpa_theia:n14254,type_0,type_2,rel_10,0,0,0,0,train:window_9,0,101477.0
913.0,darpa_theia:n14258,darpa_theia:n14263,type_0,type_2,rel_2,0,0,0,0,train:window_9,0,101489.0
914.0,darpa_theia:n14258,darpa_theia:n14266,type_0,type_2,rel_2,0,0,0,0,train:window_9,0,101493.0
915.0,darpa_theia:n14278,darpa_theia:n14290,type_0,type_2,rel_10,0,0,0,0,train:window_9,0,101527.0
916.0,darpa_theia:n14457,darpa_theia:n14461,type_0,type_2,rel_2,0,0,0,0,train:window_9,0,101758.0
917.0,darpa_theia:n14674,darpa_theia:n1369,type_0,type_1,rel_0,0,0,0,0,train:window_9,0,102141.0
918.0,darpa_theia:n14871,darpa_theia:n885,type_0,type_1,rel_0,0,0,0,0,train:window_9,0,102372.0
919.0,darpa_theia:n14899,darpa_theia:n14904,type_0,type_2,rel_10,0,0,0,0,train:window_9,0,102427.0
920.0,darpa_theia:n14948,darpa_theia:n14974,type_0,type_0,rel_8,0,0,0,0,train:window_9,0,102502.0
921.0,darpa_theia:n14948,darpa_theia:n15479,type_0,type_0,rel_8,0,0,0,0,train:window_9,0,102535.0
922.0,darpa_theia:n14960,darpa_theia:n14961,type_0,type_2,rel_2,0,0,0,0,train:window_9,0,102557.0
923.0,darpa_theia:n15116,darpa_theia:n15128,type_0,type_2,rel_10,0,0,0,0,train:window_9,0,102822.0
924.0,darpa_theia:n15255,darpa_theia:n15267,type_0,type_2,rel_10,0,0,0,0,train:window_9,0,103011.0
925.0,darpa_theia:n15311,darpa_theia:n15323,type_0,type_2,rel_10,0,0,0,0,train:window_9,0,103087.0
926.0,darpa_theia:n15325,darpa_theia:n15338,type_0,type_2,rel_2,0,0,0,0,train:window_9,0,103108.0
927.0,darpa_theia:n15437,darpa_theia:n15443,type_0,type_2,rel_10,0,0,0,0,train:window_9,0,103251.0
928.0,darpa_theia:n15451,darpa_theia:n15463,type_0,type_2,rel_10,0,0,0,0,train:window_9,0,103277.0
929.0,darpa_theia:n15493,darpa_theia:n15496,type_0,type_2,rel_10,0,0,0,0,train:window_9,0,103323.0
930.0,darpa_theia:n15577,darpa_theia:n10003,type_0,type_1,rel_9,0,0,0,0,train:window_9,0,103432.0
931.0,darpa_theia:n15689,darpa_theia:n329,type_0,type_1,rel_0,0,0,0,0,train:window_9,0,103585.0
932.0,darpa_theia:n15788,darpa_theia:n15800,type_0,type_2,rel_10,0,0,0,0,train:window_9,0,103774.0
933.0,darpa_theia:n15828,darpa_theia:n15834,type_0,type_2,rel_10,0,0,0,0,train:window_9,0,103824.0
934.0,darpa_theia:n15926,darpa_theia:n10055,type_0,type_1,rel_0,0,0,0,0,train:window_9,0,104038.0
935.0,darpa_theia:n15997,darpa_theia:n881,type_0,type_1,rel_0,0,0,0,0,train:window_9,0,104138.0
936.0,darpa_theia:n16125,darpa_theia:n16130,type_0,type_2,rel_10,0,0,0,0,train:window_9,0,104334.0
937.0,darpa_theia:n16146,darpa_theia:n16444,type_0,type_0,rel_8,0,0,0,0,train:window_9,0,104492.0
938.0,darpa_theia:n16146,darpa_theia:n11850,type_0,type_1,rel_0,0,0,0,0,train:window_9,0,104634.0
939.0,darpa_theia:n16146,darpa_theia:n16943,type_0,type_0,rel_8,0,0,0,0,train:window_9,0,104658.0
940.0,darpa_theia:n16244,darpa_theia:n16246,type_0,type_0,rel_8,0,0,0,0,train:window_9,0,104757.0
941.0,darpa_theia:n16426,darpa_theia:n329,type_0,type_1,rel_0,0,0,0,0,train:window_9,0,105002.0
942.0,darpa_theia:n16446,darpa_theia:n16458,type_0,type_2,rel_10,0,0,0,0,train:window_9,0,105044.0
943.0,darpa_theia:n16487,darpa_theia:n16506,type_0,type_2,rel_10,0,0,0,0,train:window_9,0,105114.0
944.0,darpa_theia:n16487,darpa_theia:n16508,type_0,type_2,rel_2,0,0,0,0,train:window_9,0,105117.0
945.0,darpa_theia:n16585,darpa_theia:n16589,type_0,type_2,rel_10,0,0,0,0,train:window_9,0,105224.0
946.0,darpa_theia:n16784,darpa_theia:n16788,type_0,type_2,rel_2,0,0,0,0,train:window_9,0,105494.0
947.0,darpa_theia:n16934,darpa_theia:n885,type_0,type_1,rel_0,0,0,0,0,train:window_9,0,105697.0
948.0,darpa_theia:n16962,darpa_theia:n16989,type_0,type_2,rel_2,0,0,0,0,train:window_9,0,105775.0
949.0,darpa_theia:n17060,darpa_theia:n9682,type_0,type_1,rel_0,0,0,0,0,train:window_9,0,105933.0
950.0,darpa_theia:n17249,darpa_theia:n17251,type_0,type_2,rel_2,0,0,0,0,train:window_9,0,106176.0
951.0,darpa_theia:n17293,darpa_theia:n17296,type_0,type_2,rel_10,0,0,0,0,train:window_9,0,106249.0
952.0,darpa_theia:n17388,darpa_theia:n17395,type_0,type_2,rel_2,0,0,0,0,train:window_9,0,106454.0
953.0,darpa_theia:n17558,darpa_theia:n10003,type_0,type_1,rel_9,0,0,0,0,train:window_9,0,106696.0
954.0,darpa_theia:n17572,darpa_theia:n17580,type_0,type_2,rel_2,0,0,0,0,train:window_9,0,106727.0
955.0,darpa_theia:n17740,darpa_theia:n17745,type_0,type_2,rel_2,0,0,0,0,train:window_9,0,106951.0
956.0,darpa_theia:n17768,darpa_theia:n17781,type_0,type_2,rel_2,0,0,0,0,train:window_9,0,106999.0
957.0,darpa_theia:n17796,darpa_theia:n17803,type_0,type_2,rel_2,0,0,0,0,train:window_9,0,107029.0
958.0,darpa_theia:n17866,darpa_theia:n17878,type_0,type_2,rel_10,0,0,0,0,train:window_9,0,107130.0
959.0,darpa_theia:n17992,darpa_theia:n1097,type_0,type_1,rel_0,0,0,0,0,train:window_9,0,107288.0
960.0,darpa_theia:n18228,darpa_theia:n885,type_0,type_1,rel_0,0,0,0,0,train:window_9,0,107669.0
961.0,darpa_theia:n18314,darpa_theia:n910,type_0,type_1,rel_0,0,0,0,0,train:window_9,0,107817.0
962.0,darpa_theia:n18314,darpa_theia:n18325,type_0,type_2,rel_2,0,0,0,0,train:window_9,0,107826.0
963.0,darpa_theia:n18314,darpa_theia:n18332,type_0,type_2,rel_2,0,0,0,0,train:window_9,0,107835.0
964.0,darpa_theia:n18341,darpa_theia:n1261,type_0,type_1,rel_0,0,0,0,0,train:window_9,0,107864.0
965.0,darpa_theia:n18426,darpa_theia:n1261,type_0,type_1,rel_0,0,0,0,0,train:window_9,0,108019.0
966.0,darpa_theia:n18426,darpa_theia:n18434,type_0,type_2,rel_2,0,0,0,0,train:window_9,0,108032.0
967.0,darpa_theia:n18532,darpa_theia:n11395,type_0,type_1,rel_0,0,0,0,0,train:window_9,0,108284.0
968.0,darpa_theia:n18532,darpa_theia:n11796,type_0,type_1,rel_0,0,0,0,0,train:window_9,0,108395.0
969.0,darpa_theia:n18573,darpa_theia:n1097,type_0,type_1,rel_0,0,0,0,0,train:window_9,0,108497.0
970.0,darpa_theia:n18692,darpa_theia:n895,type_0,type_1,rel_0,0,0,0,0,train:window_9,0,108676.0
971.0,darpa_theia:n18872,darpa_theia:n11295,type_0,type_1,rel_9,0,0,0,0,train:window_9,0,108900.0
972.0,darpa_theia:n19050,darpa_theia:n881,type_0,type_1,rel_0,0,0,0,0,train:window_9,0,109153.0
973.0,darpa_theia:n19110,darpa_theia:n19122,type_0,type_2,rel_10,0,0,0,0,train:window_9,0,109239.0
974.0,darpa_theia:n19150,darpa_theia:n885,type_0,type_1,rel_0,0,0,0,0,train:window_9,0,109284.0
975.0,darpa_theia:n19345,darpa_theia:n19362,type_0,type_2,rel_10,0,0,0,0,train:window_9,0,109564.0
976.0,darpa_theia:n19345,darpa_theia:n19399,type_0,type_3,rel_11,0,0,0,0,train:window_9,0,109612.0
977.0,darpa_theia:n19403,darpa_theia:n19405,type_0,type_2,rel_2,0,0,0,0,train:window_9,0,109656.0
978.0,darpa_theia:n19403,darpa_theia:n19414,type_0,type_2,rel_2,0,0,0,0,train:window_9,0,109668.0
979.0,darpa_theia:n19451,darpa_theia:n19466,type_0,type_2,rel_2,0,0,0,0,train:window_9,0,109739.0
980.0,darpa_theia:n19478,darpa_theia:n19524,type_0,type_2,rel_2,0,0,0,0,train:window_9,0,109814.0
981.0,darpa_theia:n19478,darpa_theia:n19575,type_0,type_2,rel_2,0,0,0,0,train:window_9,0,109898.0
982.0,darpa_theia:n19735,darpa_theia:n19741,type_0,type_2,rel_10,0,0,0,0,train:window_9,0,110176.0
983.0,darpa_theia:n19806,darpa_theia:n19812,type_0,type_2,rel_10,0,0,0,0,train:window_9,0,110332.0
984.0,darpa_theia:n19934,darpa_theia:n19945,type_0,type_2,rel_10,0,0,0,0,train:window_9,0,110533.0
985.0,darpa_theia:n20326,darpa_theia:n10003,type_0,type_1,rel_9,0,0,0,0,train:window_9,0,111049.0
986.0,darpa_theia:n20340,darpa_theia:n10003,type_0,type_1,rel_9,0,0,0,0,train:window_9,0,111068.0
987.0,darpa_theia:n20340,darpa_theia:n20342,type_0,type_2,rel_2,0,0,0,0,train:window_9,0,111072.0
988.0,darpa_theia:n20368,darpa_theia:n885,type_0,type_1,rel_0,0,0,0,0,train:window_9,0,111113.0
989.0,darpa_theia:n20396,darpa_theia:n20405,type_0,type_2,rel_10,0,0,0,0,train:window_9,0,111157.0
990.0,darpa_theia:n20438,darpa_theia:n20443,type_0,type_2,rel_2,0,0,0,0,train:window_9,0,111209.0
991.0,darpa_theia:n20466,darpa_theia:n20468,type_0,type_2,rel_2,0,0,0,0,train:window_9,0,111243.0
992.0,darpa_theia:n20480,darpa_theia:n20492,type_0,type_2,rel_10,0,0,0,0,train:window_9,0,111274.0
993.0,darpa_theia:n20480,darpa_theia:n20493,type_0,type_2,rel_2,0,0,0,0,train:window_9,0,111276.0
994.0,darpa_theia:n20674,darpa_theia:n20678,type_0,type_2,rel_2,0,0,0,0,train:window_9,0,111593.0
995.0,darpa_theia:n20689,darpa_theia:n885,type_0,type_1,rel_0,0,0,0,0,train:window_9,0,111624.0
996.0,darpa_theia:n20689,darpa_theia:n1634,type_0,type_1,rel_0,0,0,0,0,train:window_9,0,111628.0
997.0,darpa_theia:n20717,darpa_theia:n20723,type_0,type_2,rel_10,0,0,0,0,train:window_9,0,111674.0
998.0,darpa_theia:n20732,darpa_theia:n20739,type_0,type_2,rel_2,0,0,0,0,train:window_9,0,111697.0
999.0,darpa_theia:n20818,darpa_theia:n10047,type_0,type_1,rel_0,0,0,0,0,train:window_9,0,111880.0
1000.0,darpa_theia:n20884,darpa_theia:n20890,type_0,type_2,rel_10,0,0,0,0,train:window_9,0,111964.0
1001.0,darpa_theia:n20931,darpa_theia:n20936,type_0,type_2,rel_10,0,0,0,0,train:window_10,0,112029.0
1002.0,darpa_theia:n20952,darpa_theia:n11348,type_0,type_1,rel_0,0,0,0,0,train:window_10,0,112117.0
1003.0,darpa_theia:n20952,darpa_theia:n11759,type_0,type_1,rel_0,0,0,0,0,train:window_10,0,112238.0
1004.0,darpa_theia:n20952,darpa_theia:n21380,type_0,type_0,rel_8,0,0,0,0,train:window_10,0,112332.0
1005.0,darpa_theia:n21013,darpa_theia:n9875,type_0,type_1,rel_0,0,0,0,0,train:window_10,0,112428.0
1006.0,darpa_theia:n21070,darpa_theia:n21072,type_0,type_0,rel_8,0,0,0,0,train:window_10,0,112480.0
1007.0,darpa_theia:n21132,darpa_theia:n895,type_0,type_1,rel_0,0,0,0,0,train:window_10,0,112583.0
1008.0,darpa_theia:n21192,darpa_theia:n21199,type_0,type_2,rel_2,0,0,0,0,train:window_10,0,112653.0
1009.0,darpa_theia:n21192,darpa_theia:n21202,type_0,type_2,rel_2,0,0,0,0,train:window_10,0,112657.0
1010.0,darpa_theia:n21232,darpa_theia:n1121,type_0,type_1,rel_0,0,0,0,0,train:window_10,0,112714.0
1011.0,darpa_theia:n21371,darpa_theia:n21375,type_0,type_2,rel_2,0,0,0,0,train:window_10,0,112894.0
1012.0,darpa_theia:n21411,darpa_theia:n11315,type_0,type_1,rel_9,0,0,0,0,train:window_10,0,112942.0
1013.0,darpa_theia:n21490,darpa_theia:n21497,type_0,type_2,rel_2,0,0,0,0,train:window_10,0,113059.0
1014.0,darpa_theia:n21570,darpa_theia:n21576,type_0,type_2,rel_10,0,0,0,0,train:window_10,0,113166.0
1015.0,darpa_theia:n21630,darpa_theia:n21631,type_0,type_2,rel_2,0,0,0,0,train:window_10,0,113240.0
1016.0,darpa_theia:n21630,darpa_theia:n21636,type_0,type_2,rel_10,0,0,0,0,train:window_10,0,113247.0
1017.0,darpa_theia:n21650,darpa_theia:n21662,type_0,type_2,rel_10,0,0,0,0,train:window_10,0,113281.0
1018.0,darpa_theia:n21818,darpa_theia:n914,type_0,type_1,rel_0,0,0,0,0,train:window_10,0,113518.0
1019.0,darpa_theia:n21818,darpa_theia:n21829,type_0,type_2,rel_2,0,0,0,0,train:window_10,0,113527.0
1020.0,darpa_theia:n21856,darpa_theia:n21858,type_0,type_2,rel_2,0,0,0,0,train:window_10,0,113569.0
1021.0,darpa_theia:n21865,darpa_theia:n329,type_0,type_1,rel_0,0,0,0,0,train:window_10,0,113579.0
1022.0,darpa_theia:n21865,darpa_theia:n21877,type_0,type_2,rel_2,0,0,0,0,train:window_10,0,113594.0
1023.0,darpa_theia:n21892,darpa_theia:n22027,type_0,type_2,rel_2,0,0,0,0,train:window_10,0,113810.0
1024.0,darpa_theia:n22081,darpa_theia:n9895,type_0,type_1,rel_9,0,0,0,0,train:window_10,0,113912.0
1025.0,darpa_theia:n22147,darpa_theia:n22163,type_0,type_2,rel_10,0,0,0,0,train:window_10,0,114023.0
1026.0,darpa_theia:n22191,darpa_theia:n22212,type_0,type_2,rel_10,0,0,0,0,train:window_10,0,114154.0
1027.0,darpa_theia:n22305,darpa_theia:n1097,type_0,type_1,rel_0,0,0,0,0,train:window_10,0,114322.0
1028.0,darpa_theia:n22389,darpa_theia:n22398,type_0,type_2,rel_10,0,0,0,0,train:window_10,0,114446.0
1029.0,darpa_theia:n22417,darpa_theia:n1097,type_0,type_1,rel_0,0,0,0,0,train:window_10,0,114474.0
1030.0,darpa_theia:n22459,darpa_theia:n1097,type_0,type_1,rel_0,0,0,0,0,train:window_10,0,114531.0
1031.0,darpa_theia:n22459,darpa_theia:n22463,type_0,type_2,rel_2,0,0,0,0,train:window_10,0,114534.0
1032.0,darpa_theia:n22487,darpa_theia:n885,type_0,type_1,rel_0,0,0,0,0,train:window_10,0,114573.0
1033.0,darpa_theia:n22487,darpa_theia:n22499,type_0,type_2,rel_10,0,0,0,0,train:window_10,0,114582.0
1034.0,darpa_theia:n22529,darpa_theia:n22539,type_0,type_2,rel_2,0,0,0,0,train:window_10,0,114637.0
1035.0,darpa_theia:n22557,darpa_theia:n22560,type_0,type_2,rel_10,0,0,0,0,train:window_10,0,114666.0
1036.0,darpa_theia:n22571,darpa_theia:n22581,type_0,type_2,rel_2,0,0,0,0,train:window_10,0,114694.0
1037.0,darpa_theia:n22683,darpa_theia:n22686,type_0,type_2,rel_10,0,0,0,0,train:window_10,0,114837.0
1038.0,darpa_theia:n22683,darpa_theia:n22694,type_0,type_2,rel_10,0,0,0,0,train:window_10,0,114847.0
1039.0,darpa_theia:n22781,darpa_theia:n22785,type_0,type_2,rel_2,0,0,0,0,train:window_10,0,114971.0
1040.0,darpa_theia:n22809,darpa_theia:n1121,type_0,type_1,rel_0,0,0,0,0,train:window_10,0,115020.0
1041.0,darpa_theia:n22949,darpa_theia:n10078,type_0,type_1,rel_0,0,0,0,0,train:window_10,0,115230.0
1042.0,darpa_theia:n23007,darpa_theia:n1097,type_0,type_1,rel_0,0,0,0,0,train:window_10,0,115314.0
1043.0,darpa_theia:n23101,darpa_theia:n10047,type_0,type_1,rel_0,0,0,0,0,train:window_10,0,115505.0
1044.0,darpa_theia:n23322,darpa_theia:n23324,type_0,type_2,rel_2,0,0,0,0,train:window_10,0,115856.0
1045.0,darpa_theia:n23393,darpa_theia:n23394,type_0,type_0,rel_8,0,0,0,0,train:window_10,0,116217.0
1046.0,darpa_theia:n23453,darpa_theia:n23454,type_0,type_2,rel_2,0,0,0,0,train:window_10,0,116300.0
1047.0,darpa_theia:n23504,darpa_theia:n23510,type_0,type_2,rel_10,0,0,0,0,train:window_10,0,116375.0
1048.0,darpa_theia:n23504,darpa_theia:n23511,type_0,type_2,rel_2,0,0,0,0,train:window_10,0,116376.0
1049.0,darpa_theia:n23763,darpa_theia:n891,type_0,type_1,rel_0,0,0,0,0,train:window_10,0,116729.0
1050.0,darpa_theia:n23823,darpa_theia:n899,type_0,type_1,rel_0,0,0,0,0,train:window_10,0,116823.0
1051.0,darpa_theia:n23851,darpa_theia:n885,type_0,type_1,rel_0,0,0,0,0,train:window_10,0,116842.0
1052.0,darpa_theia:n23982,darpa_theia:n11295,type_0,type_1,rel_9,0,0,0,0,train:window_10,0,117015.0
1053.0,darpa_theia:n24042,darpa_theia:n24058,type_0,type_2,rel_2,0,0,0,0,train:window_10,0,117119.0
1054.0,darpa_theia:n24177,darpa_theia:n1256,type_0,type_1,rel_0,0,0,0,0,train:window_10,0,117345.0
1055.0,darpa_theia:n24228,darpa_theia:n877,type_0,type_1,rel_0,0,0,0,0,train:window_10,0,117364.0
1056.0,darpa_theia:n24275,darpa_theia:n24320,type_0,type_2,rel_2,0,0,0,0,train:window_10,0,117474.0
1057.0,darpa_theia:n24275,darpa_theia:n24346,type_0,type_2,rel_2,0,0,0,0,train:window_10,0,117507.0
1058.0,darpa_theia:n24275,darpa_theia:n24688,type_0,type_2,rel_2,0,0,0,0,train:window_10,0,117867.0
1059.0,darpa_theia:n24275,darpa_theia:n7563,type_0,type_1,rel_0,0,0,0,0,train:window_10,0,118331.0
1060.0,darpa_theia:n24275,darpa_theia:n25070,type_0,type_2,rel_2,0,0,0,0,train:window_10,0,118360.0
1061.0,darpa_theia:n24582,darpa_theia:n13,type_0,type_3,rel_11,0,0,0,0,train:window_10,0,118532.0
1062.0,darpa_theia:n24810,darpa_theia:n25140,type_0,type_3,rel_11,1,1,0,1,train:window_10,1,118649.0
1063.0,darpa_theia:n24864,darpa_theia:n24887,type_0,type_2,rel_10,0,0,0,0,train:window_10,0,118688.0
1064.0,darpa_theia:n24963,darpa_theia:n7769,type_0,type_1,rel_0,0,0,0,0,train:window_10,0,118726.0
1065.0,darpa_theia:n25116,darpa_theia:n25176,type_0,type_2,rel_2,0,0,0,0,train:window_10,0,118841.0
1066.0,darpa_theia:n25231,darpa_theia:n25361,type_0,type_2,rel_10,0,0,0,0,train:window_10,0,119147.0
1067.0,darpa_theia:n25231,darpa_theia:n6860,type_0,type_1,rel_0,0,0,0,0,train:window_10,0,119177.0
1068.0,darpa_theia:n25231,darpa_theia:n25397,type_0,type_2,rel_10,0,0,0,0,train:window_10,0,119195.0
1069.0,darpa_theia:n25231,darpa_theia:n25430,type_0,type_2,rel_10,0,0,0,0,train:window_10,0,119239.0
1070.0,darpa_theia:n25231,darpa_theia:n25453,type_0,type_2,rel_2,0,0,0,0,train:window_10,0,119270.0
1071.0,darpa_theia:n25231,darpa_theia:n25458,type_0,type_2,rel_2,0,0,0,0,train:window_10,0,119276.0
1072.0,darpa_theia:n25231,darpa_theia:n25532,type_0,type_2,rel_2,0,0,0,0,train:window_10,0,119385.0
1073.0,darpa_theia:n25231,darpa_theia:n5127,type_0,type_1,rel_0,0,0,0,0,train:window_10,0,119487.0
1074.0,darpa_theia:n25231,darpa_theia:n5081,type_0,type_1,rel_0,0,0,0,0,train:window_10,0,119491.0
1075.0,darpa_theia:n25231,darpa_theia:n25814,type_0,type_2,rel_10,0,0,0,0,train:window_10,0,119677.0
1076.0,darpa_theia:n25231,darpa_theia:n25934,type_0,type_2,rel_10,0,0,0,0,train:window_10,0,119801.0
1077.0,darpa_theia:n25231,darpa_theia:n26619,type_0,type_1,rel_0,0,0,0,0,train:window_10,0,120006.0
1078.0,darpa_theia:n25581,darpa_theia:n899,type_0,type_1,rel_0,0,0,0,0,train:window_10,0,120108.0
1079.0,darpa_theia:n25581,darpa_theia:n1113,type_0,type_1,rel_0,0,0,0,0,train:window_10,0,120124.0
1080.0,darpa_theia:n25718,darpa_theia:n25726,type_0,type_2,rel_2,0,0,0,0,train:window_10,0,120170.0
1081.0,darpa_theia:n25820,darpa_theia:n25844,type_0,type_2,rel_10,0,0,0,0,train:window_10,0,120254.0
1082.0,darpa_theia:n25989,darpa_theia:n26611,type_0,type_1,rel_0,0,0,0,0,train:window_10,0,120319.0
1083.0,darpa_theia:n26027,darpa_theia:n26033,type_0,type_2,rel_2,0,0,0,0,train:window_10,0,120350.0
1084.0,darpa_theia:n26054,darpa_theia:n26058,type_0,type_2,rel_10,0,0,0,0,train:window_10,0,120389.0
1085.0,darpa_theia:n26054,darpa_theia:n26098,type_0,type_2,rel_2,0,0,0,0,train:window_10,0,120443.0
1086.0,darpa_theia:n26054,darpa_theia:n26144,type_0,type_2,rel_10,0,0,0,0,train:window_10,0,120503.0
1087.0,darpa_theia:n26054,darpa_theia:n26166,type_0,type_2,rel_10,0,0,0,0,train:window_10,0,120526.0
1088.0,darpa_theia:n26054,darpa_theia:n26168,type_0,type_2,rel_2,0,0,0,0,train:window_10,0,120528.0
1089.0,darpa_theia:n26054,darpa_theia:n26213,type_0,type_2,rel_2,0,0,0,0,train:window_10,0,120573.0
1090.0,darpa_theia:n26246,darpa_theia:n5307,type_0,type_1,rel_0,0,0,0,0,train:window_10,0,120646.0
1091.0,darpa_theia:n26246,darpa_theia:n5541,type_0,type_1,rel_0,0,0,0,0,train:window_10,0,120700.0
1092.0,darpa_theia:n26645,darpa_theia:n180,type_1,type_0,rel_1,0,0,0,0,train:window_10,0,121139.0
1093.0,darpa_theia:n26680,darpa_theia:n26769,type_0,type_2,rel_2,0,0,0,0,train:window_10,0,121350.0
1094.0,darpa_theia:n26680,darpa_theia:n26925,type_0,type_2,rel_2,0,0,0,0,train:window_10,0,121552.0
1095.0,darpa_theia:n26680,darpa_theia:n27075,type_0,type_2,rel_10,0,0,0,0,train:window_10,0,121661.0
1096.0,darpa_theia:n26680,darpa_theia:n4080,type_0,type_1,rel_0,0,0,0,0,train:window_10,0,121699.0
1097.0,darpa_theia:n26680,darpa_theia:n1468,type_0,type_1,rel_0,0,0,0,0,train:window_10,0,121829.0
1098.0,darpa_theia:n26680,darpa_theia:n1565,type_0,type_1,rel_0,0,0,0,0,train:window_10,0,121927.0
1099.0,darpa_theia:n26680,darpa_theia:n27325,type_0,type_2,rel_10,0,0,0,0,train:window_10,0,121957.0
1100.0,darpa_theia:n26680,darpa_theia:n27351,type_0,type_2,rel_2,0,0,0,0,train:window_10,0,121998.0
1101.0,darpa_theia:n26680,darpa_theia:n27492,type_0,type_2,rel_2,0,0,0,0,train:window_11,0,122181.0
1102.0,darpa_theia:n26680,darpa_theia:n28042,type_0,type_0,rel_8,0,0,0,0,train:window_11,0,122249.0
1103.0,darpa_theia:n26702,darpa_theia:n26706,type_0,type_2,rel_2,0,0,0,0,train:window_11,0,122278.0
1104.0,darpa_theia:n27164,darpa_theia:n329,type_0,type_1,rel_0,0,0,0,0,train:window_11,0,122418.0
1105.0,darpa_theia:n27238,darpa_theia:n196,type_0,type_1,rel_0,0,0,0,0,train:window_11,0,122489.0
1106.0,darpa_theia:n27506,darpa_theia:n27565,type_0,type_2,rel_2,0,0,0,0,train:window_11,0,122734.0
1107.0,darpa_theia:n27506,darpa_theia:n27644,type_0,type_2,rel_2,0,0,0,0,train:window_11,0,122824.0
1108.0,darpa_theia:n27506,darpa_theia:n27653,type_0,type_2,rel_2,0,0,0,0,train:window_11,0,122833.0
1109.0,darpa_theia:n27704,darpa_theia:n27699,type_1,type_0,rel_1,0,0,0,0,train:window_11,0,123026.0
1110.0,darpa_theia:n27748,darpa_theia:n27762,type_0,type_2,rel_2,0,0,0,0,train:window_11,0,123047.0
1111.0,darpa_theia:n27870,darpa_theia:n27875,type_0,type_2,rel_2,0,0,0,0,train:window_11,0,123203.0
1112.0,darpa_theia:n28152,darpa_theia:n28178,type_0,type_2,rel_2,0,0,0,0,train:window_11,0,123590.0
1113.0,darpa_theia:n28152,darpa_theia:n28201,type_0,type_2,rel_2,0,0,0,0,train:window_11,0,123619.0
1114.0,darpa_theia:n28152,darpa_theia:n28260,type_0,type_2,rel_2,0,0,0,0,train:window_11,0,123699.0
1115.0,darpa_theia:n28152,darpa_theia:n28279,type_0,type_2,rel_2,0,0,0,0,train:window_11,0,123725.0
1116.0,darpa_theia:n28152,darpa_theia:n28301,type_0,type_2,rel_10,0,0,0,0,train:window_11,0,123754.0
1117.0,darpa_theia:n28152,darpa_theia:n28553,type_0,type_2,rel_10,0,0,0,0,train:window_11,0,123996.0
1118.0,darpa_theia:n28152,darpa_theia:n1561,type_0,type_1,rel_0,0,0,0,0,train:window_11,0,124138.0
1119.0,darpa_theia:n28152,darpa_theia:n28591,type_0,type_2,rel_2,0,0,0,0,train:window_11,0,124148.0
1120.0,darpa_theia:n28152,darpa_theia:n28820,type_0,type_2,rel_10,0,0,0,0,train:window_11,0,124332.0
1121.0,darpa_theia:n28152,darpa_theia:n28983,type_0,type_2,rel_10,0,0,0,0,train:window_11,0,124485.0
1122.0,darpa_theia:n28152,darpa_theia:n2148,type_0,type_1,rel_0,0,0,0,0,train:window_11,0,124510.0
1123.0,darpa_theia:n28152,darpa_theia:n29151,type_0,type_2,rel_10,0,0,0,0,train:window_11,0,124678.0
1124.0,darpa_theia:n28152,darpa_theia:n29252,type_0,type_2,rel_10,0,0,0,0,train:window_11,0,124778.0
1125.0,darpa_theia:n28152,darpa_theia:n29646,type_0,type_2,rel_10,0,0,0,0,train:window_11,0,125113.0
1126.0,darpa_theia:n28152,darpa_theia:n29846,type_0,type_2,rel_10,0,0,0,0,train:window_11,0,125286.0
1127.0,darpa_theia:n28152,darpa_theia:n29899,type_0,type_2,rel_10,0,0,0,0,train:window_11,0,125334.0
1128.0,darpa_theia:n28152,darpa_theia:n30055,type_0,type_2,rel_10,0,0,0,0,train:window_11,0,125468.0
1129.0,darpa_theia:n28152,darpa_theia:n30149,type_0,type_2,rel_10,0,0,0,0,train:window_11,0,125502.0
1130.0,darpa_theia:n28152,darpa_theia:n30250,type_0,type_1,rel_0,0,0,0,0,train:window_11,0,125598.0
1131.0,darpa_theia:n28152,darpa_theia:n30462,type_0,type_2,rel_10,0,0,0,0,train:window_11,0,125680.0
1132.0,darpa_theia:n28152,darpa_theia:n30467,type_0,type_2,rel_10,0,0,0,0,train:window_11,0,125685.0
1133.0,darpa_theia:n28152,darpa_theia:n30489,type_0,type_2,rel_10,0,0,0,0,train:window_11,0,125687.0
1134.0,darpa_theia:n28152,darpa_theia:n30555,type_0,type_1,rel_0,0,0,0,0,train:window_11,0,125751.0
1135.0,darpa_theia:n28152,darpa_theia:n30787,type_0,type_2,rel_10,0,0,0,0,train:window_11,0,125904.0
1136.0,darpa_theia:n28152,darpa_theia:n32424,type_0,type_2,rel_10,0,0,0,0,train:window_11,0,126082.0
1137.0,darpa_theia:n28152,darpa_theia:n33200,type_0,type_1,rel_0,0,0,0,0,train:window_11,0,126365.0
1138.0,darpa_theia:n28152,darpa_theia:n33303,type_0,type_2,rel_10,0,0,0,0,train:window_11,0,126413.0
1139.0,darpa_theia:n28371,darpa_theia:n28457,type_0,type_2,rel_2,0,0,0,0,train:window_11,0,126516.0
1140.0,darpa_theia:n28371,darpa_theia:n28459,type_0,type_2,rel_10,0,0,0,0,train:window_11,0,126519.0
1141.0,darpa_theia:n28523,darpa_theia:n30340,type_0,type_3,rel_11,1,1,0,1,train:window_11,1,126606.0
1142.0,darpa_theia:n28523,darpa_theia:n32158,type_0,type_3,rel_11,1,1,0,1,train:window_11,1,126699.0
1143.0,darpa_theia:n28523,darpa_theia:n32920,type_0,type_3,rel_11,1,1,0,1,train:window_11,1,126814.0
1144.0,darpa_theia:n28523,darpa_theia:n32924,type_0,type_3,rel_11,1,1,0,1,train:window_11,1,126818.0
1145.0,darpa_theia:n28592,darpa_theia:n28614,type_0,type_2,rel_2,0,0,0,0,train:window_11,0,127022.0
1146.0,darpa_theia:n28921,darpa_theia:n32282,type_0,type_2,rel_2,0,0,0,0,train:window_11,0,127645.0
1147.0,darpa_theia:n28921,darpa_theia:n32746,type_0,type_1,rel_2,0,0,0,0,train:window_11,0,127675.0
1148.0,darpa_theia:n28921,darpa_theia:n32932,type_0,type_1,rel_2,0,0,0,0,train:window_11,0,127691.0
1149.0,darpa_theia:n29213,darpa_theia:n29812,type_0,type_2,rel_10,0,0,0,0,train:window_11,0,127827.0
1150.0,darpa_theia:n29213,darpa_theia:n32546,type_0,type_2,rel_10,0,0,0,0,train:window_11,0,127854.0
1151.0,darpa_theia:n29506,darpa_theia:n4339,type_0,type_1,rel_0,0,0,0,0,train:window_11,0,128180.0
1152.0,darpa_theia:n29561,darpa_theia:n29798,type_0,type_2,rel_10,0,0,0,0,train:window_11,0,128234.0
1153.0,darpa_theia:n30119,darpa_theia:n34556,type_1,type_0,rel_1,0,0,0,0,train:window_11,0,128479.0
1154.0,darpa_theia:n30262,darpa_theia:n30584,type_0,type_3,rel_11,0,0,0,0,train:window_11,0,128521.0
1155.0,darpa_theia:n30822,darpa_theia:n30932,type_0,type_2,rel_2,0,0,0,0,train:window_11,0,128972.0
1156.0,darpa_theia:n30822,darpa_theia:n30940,type_0,type_2,rel_2,0,0,0,0,train:window_11,0,128982.0
1157.0,darpa_theia:n30822,darpa_theia:n30942,type_0,type_2,rel_10,0,0,0,0,train:window_11,0,128985.0
1158.0,darpa_theia:n30822,darpa_theia:n31009,type_0,type_2,rel_2,0,0,0,0,train:window_11,0,129075.0
1159.0,darpa_theia:n30822,darpa_theia:n31016,type_0,type_2,rel_10,0,0,0,0,train:window_11,0,129084.0
1160.0,darpa_theia:n30822,darpa_theia:n31041,type_0,type_2,rel_2,0,0,0,0,train:window_11,0,129110.0
1161.0,darpa_theia:n30822,darpa_theia:n31053,type_0,type_2,rel_2,0,0,0,0,train:window_11,0,129134.0
1162.0,darpa_theia:n30822,darpa_theia:n31083,type_0,type_2,rel_10,0,0,0,0,train:window_11,0,129177.0
1163.0,darpa_theia:n30822,darpa_theia:n31086,type_0,type_2,rel_10,0,0,0,0,train:window_11,0,129181.0
1164.0,darpa_theia:n30822,darpa_theia:n1709,type_0,type_1,rel_0,0,0,0,0,train:window_11,0,129265.0
1165.0,darpa_theia:n30822,darpa_theia:n1476,type_0,type_1,rel_0,0,0,0,0,train:window_11,0,129349.0
1166.0,darpa_theia:n30822,darpa_theia:n1488,type_0,type_1,rel_0,0,0,0,0,train:window_11,0,129361.0
1167.0,darpa_theia:n30822,darpa_theia:n1512,type_0,type_1,rel_0,0,0,0,0,train:window_11,0,129385.0
1168.0,darpa_theia:n30822,darpa_theia:n31367,type_0,type_2,rel_10,0,0,0,0,train:window_11,0,129460.0
1169.0,darpa_theia:n30822,darpa_theia:n31384,type_0,type_2,rel_10,0,0,0,0,train:window_11,0,129477.0
1170.0,darpa_theia:n31022,darpa_theia:n1459,type_0,type_1,rel_0,0,0,0,0,train:window_11,0,129590.0
1171.0,darpa_theia:n31399,darpa_theia:n31501,type_0,type_2,rel_2,0,0,0,0,train:window_11,0,129909.0
1172.0,darpa_theia:n31399,darpa_theia:n31599,type_0,type_2,rel_2,0,0,0,0,train:window_11,0,130007.0
1173.0,darpa_theia:n31610,darpa_theia:n31659,type_0,type_0,rel_8,0,0,0,0,train:window_11,0,130111.0
1174.0,darpa_theia:n31659,darpa_theia:n881,type_0,type_1,rel_0,0,0,0,0,train:window_11,0,130202.0
1175.0,darpa_theia:n31791,darpa_theia:n31798,type_0,type_2,rel_2,0,0,0,0,train:window_11,0,130356.0
1176.0,darpa_theia:n31791,darpa_theia:n885,type_0,type_1,rel_0,0,0,0,0,train:window_11,0,130361.0
1177.0,darpa_theia:n31791,darpa_theia:n910,type_0,type_1,rel_0,0,0,0,0,train:window_11,0,130373.0
1178.0,darpa_theia:n32083,darpa_theia:n28152,type_1,type_0,rel_1,0,0,0,0,train:window_11,0,130513.0
1179.0,darpa_theia:n32155,darpa_theia:n28523,type_3,type_0,rel_4,1,0,1,0,train:window_11,1,130582.0
1180.0,darpa_theia:n32463,darpa_theia:n29882,type_3,type_0,rel_4,0,0,0,0,train:window_11,0,130754.0
1181.0,darpa_theia:n32515,darpa_theia:n199,type_0,type_1,rel_0,0,0,0,0,train:window_11,0,130808.0
1182.0,darpa_theia:n32775,darpa_theia:n28152,type_1,type_0,rel_1,0,0,0,0,train:window_11,0,130923.0
1183.0,darpa_theia:n32874,darpa_theia:n328354,type_3,type_0,rel_4,0,0,0,0,train:window_11,0,130951.0
1184.0,darpa_theia:n32949,darpa_theia:n28747,type_1,type_0,rel_1,0,0,0,0,train:window_11,0,131001.0
1185.0,darpa_theia:n33278,darpa_theia:n286160,type_3,type_0,rel_4,0,0,0,0,train:window_11,0,131214.0
1186.0,darpa_theia:n33413,darpa_theia:n33416,type_0,type_1,rel_0,0,0,0,0,train:window_11,0,131305.0
1187.0,darpa_theia:n33477,darpa_theia:n33498,type_0,type_2,rel_10,0,0,0,0,train:window_11,0,131358.0
1188.0,darpa_theia:n33477,darpa_theia:n33561,type_0,type_2,rel_2,0,0,0,0,train:window_11,0,131442.0
1189.0,darpa_theia:n33477,darpa_theia:n1037,type_0,type_1,rel_0,0,0,0,0,train:window_11,0,131491.0
1190.0,darpa_theia:n33477,darpa_theia:n33636,type_0,type_2,rel_2,0,0,0,0,train:window_11,0,131542.0
1191.0,darpa_theia:n33477,darpa_theia:n1877,type_0,type_1,rel_0,0,0,0,0,train:window_11,0,132055.0
1192.0,darpa_theia:n33477,darpa_theia:n34135,type_0,type_2,rel_10,0,0,0,0,train:window_11,0,132093.0
1193.0,darpa_theia:n33477,darpa_theia:n34142,type_0,type_2,rel_10,0,0,0,0,train:window_11,0,132102.0
1194.0,darpa_theia:n33477,darpa_theia:n34345,type_0,type_2,rel_10,0,0,0,0,train:window_11,0,132319.0
1195.0,darpa_theia:n33477,darpa_theia:n34470,type_0,type_2,rel_10,0,0,0,0,train:window_11,0,132448.0
1196.0,darpa_theia:n33477,darpa_theia:n34575,type_0,type_2,rel_10,0,0,0,0,train:window_11,0,132552.0
1197.0,darpa_theia:n33477,darpa_theia:n34670,type_0,type_2,rel_10,0,0,0,0,train:window_11,0,132633.0
1198.0,darpa_theia:n33477,darpa_theia:n34769,type_0,type_2,rel_10,0,0,0,0,train:window_11,0,132735.0
1199.0,darpa_theia:n33477,darpa_theia:n34804,type_0,type_2,rel_2,0,0,0,0,train:window_11,0,132765.0
1200.0,darpa_theia:n33477,darpa_theia:n35095,type_0,type_2,rel_10,0,0,0,0,train:window_11,0,133011.0
1201.0,darpa_theia:n33477,darpa_theia:n35206,type_0,type_2,rel_10,0,0,0,0,train:window_12,0,133095.0
1202.0,darpa_theia:n33477,darpa_theia:n35253,type_0,type_2,rel_10,0,0,0,0,train:window_12,0,133139.0
1203.0,darpa_theia:n33477,darpa_theia:n35562,type_0,type_2,rel_10,0,0,0,0,train:window_12,0,133362.0
1204.0,darpa_theia:n33477,darpa_theia:n35658,type_0,type_2,rel_10,0,0,0,0,train:window_12,0,133442.0
1205.0,darpa_theia:n33477,darpa_theia:n3627,type_0,type_1,rel_0,1,1,0,1,train:window_12,1,133460.0
1206.0,darpa_theia:n33477,darpa_theia:n36010,type_0,type_1,rel_0,0,0,0,0,train:window_12,0,133610.0
1207.0,darpa_theia:n33477,darpa_theia:n36153,type_0,type_2,rel_10,0,0,0,0,train:window_12,0,133703.0
1208.0,darpa_theia:n33477,darpa_theia:n36178,type_0,type_2,rel_10,0,0,0,0,train:window_12,0,133727.0
1209.0,darpa_theia:n33477,darpa_theia:n36579,type_0,type_2,rel_2,0,0,0,0,train:window_12,0,133799.0
1210.0,darpa_theia:n33477,darpa_theia:n37926,type_0,type_2,rel_10,0,0,0,0,train:window_12,0,133940.0
1211.0,darpa_theia:n33477,darpa_theia:n38078,type_0,type_2,rel_10,0,0,0,0,train:window_12,0,134072.0
1212.0,darpa_theia:n33477,darpa_theia:n38404,type_0,type_1,rel_0,0,0,0,0,train:window_12,0,134217.0
1213.0,darpa_theia:n33477,darpa_theia:n38606,type_0,type_1,rel_0,0,0,0,0,train:window_12,0,134271.0
1214.0,darpa_theia:n33477,darpa_theia:n323,type_0,type_1,rel_0,0,0,0,0,train:window_12,0,134279.0
1215.0,darpa_theia:n33696,darpa_theia:n1287,type_0,type_1,rel_0,0,0,0,0,train:window_12,0,134338.0
1216.0,darpa_theia:n33696,darpa_theia:n33832,type_0,type_2,rel_2,0,0,0,0,train:window_12,0,134363.0
1217.0,darpa_theia:n33784,darpa_theia:n1308,type_0,type_1,rel_9,0,0,0,0,train:window_12,0,134371.0
1218.0,darpa_theia:n33784,darpa_theia:n33815,type_0,type_2,rel_2,0,0,0,0,train:window_12,0,134413.0
1219.0,darpa_theia:n33846,darpa_theia:n35705,type_0,type_3,rel_11,1,1,0,1,train:window_12,1,134440.0
1220.0,darpa_theia:n33846,darpa_theia:n35749,type_0,type_3,rel_11,1,1,0,1,train:window_12,1,134470.0
1221.0,darpa_theia:n33846,darpa_theia:n35814,type_0,type_3,rel_11,1,1,0,1,train:window_12,1,134485.0
1222.0,darpa_theia:n33846,darpa_theia:n37451,type_0,type_3,rel_11,1,1,0,1,train:window_12,1,134523.0
1223.0,darpa_theia:n33846,darpa_theia:n37600,type_0,type_3,rel_11,1,1,0,1,train:window_12,1,134554.0
1224.0,darpa_theia:n33846,darpa_theia:n37604,type_0,type_3,rel_11,1,1,0,1,train:window_12,1,134556.0
1225.0,darpa_theia:n33846,darpa_theia:n37664,type_0,type_3,rel_11,1,1,0,1,train:window_12,1,134597.0
1226.0,darpa_theia:n33846,darpa_theia:n37713,type_0,type_3,rel_11,1,1,0,1,train:window_12,1,134626.0
1227.0,darpa_theia:n33846,darpa_theia:n38215,type_0,type_3,rel_11,1,1,0,1,train:window_12,1,134674.0
1228.0,darpa_theia:n33846,darpa_theia:n38322,type_0,type_3,rel_11,1,1,0,1,train:window_12,1,134727.0
1229.0,darpa_theia:n33846,darpa_theia:n38325,type_0,type_3,rel_11,1,1,0,1,train:window_12,1,134729.0
1230.0,darpa_theia:n33969,darpa_theia:n1634,type_0,type_1,rel_0,0,0,0,0,train:window_12,0,134829.0
1231.0,darpa_theia:n34074,darpa_theia:n35763,type_0,type_1,rel_0,0,0,0,0,train:window_12,0,134982.0
1232.0,darpa_theia:n34074,darpa_theia:n35843,type_0,type_1,rel_0,0,0,0,0,train:window_12,0,135008.0
1233.0,darpa_theia:n34074,darpa_theia:n37783,type_0,type_1,rel_0,0,0,0,0,train:window_12,0,135113.0
1234.0,darpa_theia:n34074,darpa_theia:n38341,type_0,type_1,rel_0,0,0,0,0,train:window_12,0,135224.0
1235.0,darpa_theia:n34247,darpa_theia:n35682,type_0,type_2,rel_2,0,0,0,0,train:window_12,0,135288.0
1236.0,darpa_theia:n34247,darpa_theia:n36026,type_0,type_1,rel_2,0,0,0,0,train:window_12,0,135329.0
1237.0,darpa_theia:n34247,darpa_theia:n36043,type_0,type_1,rel_2,0,0,0,0,train:window_12,0,135339.0
1238.0,darpa_theia:n34247,darpa_theia:n38020,type_0,type_1,rel_2,0,0,0,0,train:window_12,0,135408.0
1239.0,darpa_theia:n34537,darpa_theia:n38468,type_0,type_2,rel_10,0,0,0,0,train:window_12,0,135634.0
1240.0,darpa_theia:n34556,darpa_theia:n35454,type_0,type_1,rel_0,0,0,0,0,train:window_12,0,135806.0
1241.0,darpa_theia:n34589,darpa_theia:n32676,type_0,type_3,rel_11,0,0,0,0,train:window_12,0,135860.0
1242.0,darpa_theia:n34829,darpa_theia:n32712,type_0,type_1,rel_0,0,0,0,0,train:window_12,0,135919.0
1243.0,darpa_theia:n35098,darpa_theia:n35107,type_0,type_2,rel_2,0,0,0,0,train:window_12,0,136058.0
1244.0,darpa_theia:n35442,darpa_theia:n34556,type_1,type_0,rel_1,0,0,0,0,train:window_12,0,136204.0
1245.0,darpa_theia:n36299,darpa_theia:n1025,type_0,type_1,rel_0,0,0,0,0,train:window_12,0,136731.0
1246.0,darpa_theia:n36299,darpa_theia:n36460,type_0,type_2,rel_2,0,0,0,0,train:window_12,0,136816.0
1247.0,darpa_theia:n36299,darpa_theia:n36477,type_0,type_2,rel_10,0,0,0,0,train:window_12,0,136839.0
1248.0,darpa_theia:n36299,darpa_theia:n36574,type_0,type_1,rel_0,0,0,0,0,train:window_12,0,136971.0
1249.0,darpa_theia:n36299,darpa_theia:n1499,type_0,type_1,rel_0,0,0,0,0,train:window_12,0,137148.0
1250.0,darpa_theia:n36496,darpa_theia:n1456,type_0,type_1,rel_0,0,0,0,0,train:window_12,0,137347.0
1251.0,darpa_theia:n36874,darpa_theia:n1739,type_0,type_1,rel_0,0,0,0,0,train:window_12,0,137640.0
1252.0,darpa_theia:n36874,darpa_theia:n37051,type_0,type_2,rel_2,0,0,0,0,train:window_12,0,137747.0
1253.0,darpa_theia:n37084,darpa_theia:n37343,type_0,type_2,rel_2,0,0,0,0,train:window_12,0,137908.0
1254.0,darpa_theia:n37133,darpa_theia:n5071,type_0,type_1,rel_0,0,0,0,0,train:window_12,0,137936.0
1255.0,darpa_theia:n37353,darpa_theia:n37356,type_0,type_2,rel_2,0,0,0,0,train:window_12,0,138188.0
1256.0,darpa_theia:n37353,darpa_theia:n37404,type_0,type_2,rel_10,0,0,0,0,train:window_12,0,138255.0
1257.0,darpa_theia:n37598,darpa_theia:n33846,type_3,type_0,rel_4,1,0,1,0,train:window_12,1,138326.0
1258.0,darpa_theia:n37640,darpa_theia:n33846,type_3,type_0,rel_4,0,0,0,0,train:window_12,0,138363.0
1259.0,darpa_theia:n37687,darpa_theia:n33846,type_3,type_0,rel_4,0,0,0,0,train:window_12,0,138391.0
1260.0,darpa_theia:n38375,darpa_theia:n33477,type_1,type_0,rel_1,0,0,0,0,train:window_12,0,138809.0
1261.0,darpa_theia:n38682,darpa_theia:n875,type_0,type_1,rel_9,0,0,0,0,train:window_12,0,138956.0
1262.0,darpa_theia:n38682,darpa_theia:n38832,type_0,type_2,rel_2,0,0,0,0,train:window_12,0,139158.0
1263.0,darpa_theia:n38682,darpa_theia:n38834,type_0,type_2,rel_10,0,0,0,0,train:window_12,0,139161.0
1264.0,darpa_theia:n38682,darpa_theia:n38861,type_0,type_2,rel_10,0,0,0,0,train:window_12,0,139197.0
1265.0,darpa_theia:n38682,darpa_theia:n38877,type_0,type_2,rel_2,0,0,0,0,train:window_12,0,139219.0
1266.0,darpa_theia:n38682,darpa_theia:n38906,type_0,type_2,rel_2,0,0,0,0,train:window_12,0,139255.0
1267.0,darpa_theia:n38682,darpa_theia:n38924,type_0,type_2,rel_10,0,0,0,0,train:window_12,0,139285.0
1268.0,darpa_theia:n38682,darpa_theia:n39071,type_0,type_0,rel_8,0,0,0,0,train:window_12,0,139387.0
1269.0,darpa_theia:n38682,darpa_theia:n39300,type_0,type_2,rel_10,0,0,0,0,train:window_12,0,139668.0
1270.0,darpa_theia:n38682,darpa_theia:n39333,type_0,type_2,rel_10,0,0,0,0,train:window_12,0,139710.0
1271.0,darpa_theia:n38682,darpa_theia:n39360,type_0,type_2,rel_10,0,0,0,0,train:window_12,0,139743.0
1272.0,darpa_theia:n38682,darpa_theia:n39365,type_0,type_2,rel_10,0,0,0,0,train:window_12,0,139755.0
1273.0,darpa_theia:n38682,darpa_theia:n39526,type_0,type_2,rel_10,0,0,0,0,train:window_12,0,139900.0
1274.0,darpa_theia:n38682,darpa_theia:n39671,type_0,type_2,rel_10,0,0,0,0,train:window_12,0,140070.0
1275.0,darpa_theia:n38682,darpa_theia:n39754,type_0,type_2,rel_10,0,0,0,0,train:window_12,0,140154.0
1276.0,darpa_theia:n38682,darpa_theia:n39865,type_0,type_2,rel_2,0,0,0,0,train:window_12,0,140250.0
1277.0,darpa_theia:n38682,darpa_theia:n39926,type_0,type_2,rel_10,0,0,0,0,train:window_12,0,140311.0
1278.0,darpa_theia:n38682,darpa_theia:n40054,type_0,type_2,rel_10,0,0,0,0,train:window_12,0,140427.0
1279.0,darpa_theia:n38682,darpa_theia:n40166,type_0,type_2,rel_10,0,0,0,0,train:window_12,0,140509.0
1280.0,darpa_theia:n38682,darpa_theia:n40244,type_0,type_2,rel_10,0,0,0,0,train:window_12,0,140587.0
1281.0,darpa_theia:n38682,darpa_theia:n40305,type_0,type_2,rel_10,0,0,0,0,train:window_12,0,140647.0
1282.0,darpa_theia:n38682,darpa_theia:n40317,type_0,type_2,rel_10,0,0,0,0,train:window_12,0,140654.0
1283.0,darpa_theia:n38682,darpa_theia:n40349,type_0,type_2,rel_10,0,0,0,0,train:window_12,0,140665.0
1284.0,darpa_theia:n38682,darpa_theia:n40819,type_0,type_2,rel_10,0,0,0,0,train:window_12,0,141043.0
1285.0,darpa_theia:n38682,darpa_theia:n40865,type_0,type_2,rel_10,0,0,0,0,train:window_12,0,141082.0
1286.0,darpa_theia:n38682,darpa_theia:n40879,type_0,type_1,rel_0,0,0,0,0,train:window_12,0,141089.0
1287.0,darpa_theia:n38682,darpa_theia:n41333,type_0,type_1,rel_0,0,0,0,0,train:window_12,0,141302.0
1288.0,darpa_theia:n38682,darpa_theia:n42809,type_0,type_2,rel_10,0,0,0,0,train:window_12,0,141490.0
1289.0,darpa_theia:n38682,darpa_theia:n43701,type_0,type_2,rel_10,0,0,0,0,train:window_12,0,141818.0
1290.0,darpa_theia:n38903,darpa_theia:n38946,type_0,type_2,rel_2,0,0,0,0,train:window_12,0,141857.0
1291.0,darpa_theia:n39056,darpa_theia:n40916,type_0,type_3,rel_11,1,1,0,1,train:window_12,1,141969.0
1292.0,darpa_theia:n39056,darpa_theia:n40942,type_0,type_3,rel_11,1,1,0,1,train:window_12,1,141990.0
1293.0,darpa_theia:n39056,darpa_theia:n41034,type_0,type_3,rel_11,1,1,0,1,train:window_12,1,142012.0
1294.0,darpa_theia:n39056,darpa_theia:n41122,type_0,type_3,rel_11,1,1,0,1,train:window_12,1,142046.0
1295.0,darpa_theia:n39056,darpa_theia:n41143,type_0,type_3,rel_11,1,1,0,1,train:window_12,1,142060.0
1296.0,darpa_theia:n39056,darpa_theia:n41149,type_0,type_3,rel_11,1,1,0,1,train:window_12,1,142064.0
1297.0,darpa_theia:n39056,darpa_theia:n41167,type_0,type_3,rel_11,1,1,0,1,train:window_12,1,142076.0
1298.0,darpa_theia:n39056,darpa_theia:n43044,type_0,type_3,rel_11,1,1,0,1,train:window_12,1,142172.0
1299.0,darpa_theia:n39056,darpa_theia:n43062,type_0,type_3,rel_11,1,1,0,1,train:window_12,1,142183.0
1300.0,darpa_theia:n39056,darpa_theia:n43095,type_0,type_3,rel_11,1,1,0,1,train:window_12,1,142201.0
1301.0,darpa_theia:n39056,darpa_theia:n43149,type_0,type_3,rel_11,1,1,0,1,train:window_13,1,142249.0
1302.0,darpa_theia:n39056,darpa_theia:n43172,type_0,type_3,rel_11,1,1,0,1,train:window_13,1,142263.0
1303.0,darpa_theia:n39056,darpa_theia:n43201,type_0,type_3,rel_11,1,1,0,1,train:window_13,1,142276.0
1304.0,darpa_theia:n39056,darpa_theia:n43213,type_0,type_3,rel_11,1,1,0,1,train:window_13,1,142283.0
1305.0,darpa_theia:n39127,darpa_theia:n1248,type_0,type_1,rel_0,0,0,0,0,train:window_13,0,142386.0
1306.0,darpa_theia:n39282,darpa_theia:n41088,type_0,type_1,rel_0,0,0,0,0,train:window_13,0,142638.0
1307.0,darpa_theia:n39282,darpa_theia:n5984,type_0,type_1,rel_0,0,0,0,0,train:window_13,0,142685.0
1308.0,darpa_theia:n39282,darpa_theia:n6221,type_0,type_1,rel_0,0,0,0,0,train:window_13,0,142805.0
1309.0,darpa_theia:n39282,darpa_theia:n43325,type_0,type_1,rel_0,0,0,0,0,train:window_13,0,142906.0
1310.0,darpa_theia:n39455,darpa_theia:n40749,type_0,type_1,rel_2,0,0,0,0,train:window_13,0,142937.0
1311.0,darpa_theia:n39455,darpa_theia:n41002,type_0,type_1,rel_2,0,0,0,0,train:window_13,0,142963.0
1312.0,darpa_theia:n39455,darpa_theia:n41058,type_0,type_2,rel_2,0,0,0,0,train:window_13,0,142972.0
1313.0,darpa_theia:n39748,darpa_theia:n40308,type_0,type_2,rel_10,0,0,0,0,train:window_13,0,143144.0
1314.0,darpa_theia:n39748,darpa_theia:n41475,type_0,type_1,rel_0,0,0,0,0,train:window_13,0,143157.0
1315.0,darpa_theia:n39748,darpa_theia:n43444,type_0,type_2,rel_10,0,0,0,0,train:window_13,0,143196.0
1316.0,darpa_theia:n39770,darpa_theia:n40629,type_0,type_1,rel_0,0,0,0,0,train:window_13,0,143347.0
1317.0,darpa_theia:n40095,darpa_theia:n40479,type_0,type_2,rel_10,0,0,0,0,train:window_13,0,143557.0
1318.0,darpa_theia:n41030,darpa_theia:n229232,type_3,type_0,rel_4,0,0,0,0,train:window_13,0,143918.0
1319.0,darpa_theia:n41608,darpa_theia:n41610,type_0,type_2,rel_2,0,0,0,0,train:window_13,0,144240.0
1320.0,darpa_theia:n41608,darpa_theia:n1109,type_0,type_1,rel_0,0,0,0,0,train:window_13,0,144453.0
1321.0,darpa_theia:n41608,darpa_theia:n41769,type_0,type_2,rel_2,0,0,0,0,train:window_13,0,144454.0
1322.0,darpa_theia:n41608,darpa_theia:n42010,type_0,type_2,rel_2,0,0,0,0,train:window_13,0,144690.0
1323.0,darpa_theia:n41608,darpa_theia:n1502,type_0,type_1,rel_0,0,0,0,0,train:window_13,0,144788.0
1324.0,darpa_theia:n41608,darpa_theia:n1510,type_0,type_1,rel_0,0,0,0,0,train:window_13,0,144796.0
1325.0,darpa_theia:n41608,darpa_theia:n1527,type_0,type_1,rel_0,0,0,0,0,train:window_13,0,144813.0
1326.0,darpa_theia:n41608,darpa_theia:n4148,type_0,type_1,rel_0,0,0,0,0,train:window_13,0,144907.0
1327.0,darpa_theia:n41823,darpa_theia:n41923,type_0,type_2,rel_2,0,0,0,0,train:window_13,0,145009.0
1328.0,darpa_theia:n41950,darpa_theia:n652,type_1,type_0,rel_1,0,0,0,0,train:window_13,0,145094.0
1329.0,darpa_theia:n42061,darpa_theia:n42086,type_0,type_2,rel_2,0,0,0,0,train:window_13,0,145133.0
1330.0,darpa_theia:n42183,darpa_theia:n42186,type_0,type_2,rel_10,0,0,0,0,train:window_13,0,145179.0
1331.0,darpa_theia:n42183,darpa_theia:n42341,type_0,type_2,rel_10,0,0,0,0,train:window_13,0,145367.0
1332.0,darpa_theia:n42443,darpa_theia:n2071,type_0,type_1,rel_0,0,0,0,0,train:window_13,0,145588.0
1333.0,darpa_theia:n42443,darpa_theia:n899,type_0,type_1,rel_0,0,0,0,0,train:window_13,0,145612.0
1334.0,darpa_theia:n42443,darpa_theia:n42499,type_0,type_2,rel_2,0,0,0,0,train:window_13,0,145643.0
1335.0,darpa_theia:n42663,darpa_theia:n42674,type_0,type_2,rel_10,0,0,0,0,train:window_13,0,145840.0
1336.0,darpa_theia:n42989,darpa_theia:n44316,type_1,type_0,rel_1,0,0,0,0,train:window_13,0,145957.0
1337.0,darpa_theia:n43010,darpa_theia:n39056,type_3,type_0,rel_4,1,0,1,0,train:window_13,1,145976.0
1338.0,darpa_theia:n43192,darpa_theia:n39056,type_3,type_0,rel_4,0,0,0,0,train:window_13,0,146111.0
1339.0,darpa_theia:n43719,darpa_theia:n1180,type_0,type_1,rel_0,0,0,0,0,train:window_13,0,146604.0
1340.0,darpa_theia:n43719,darpa_theia:n43963,type_0,type_2,rel_10,0,0,0,0,train:window_13,0,146633.0
1341.0,darpa_theia:n43719,darpa_theia:n1444,type_0,type_1,rel_0,0,0,0,0,train:window_13,0,146772.0
1342.0,darpa_theia:n43719,darpa_theia:n1453,type_0,type_1,rel_0,0,0,0,0,train:window_13,0,146781.0
1343.0,darpa_theia:n43719,darpa_theia:n1477,type_0,type_1,rel_0,0,0,0,0,train:window_13,0,146805.0
1344.0,darpa_theia:n43719,darpa_theia:n44444,type_0,type_2,rel_10,0,0,0,0,train:window_13,0,147149.0
1345.0,darpa_theia:n43719,darpa_theia:n44735,type_0,type_2,rel_10,0,0,0,0,train:window_13,0,147444.0
1346.0,darpa_theia:n43719,darpa_theia:n44784,type_0,type_2,rel_2,0,0,0,0,train:window_13,0,147494.0
1347.0,darpa_theia:n43719,darpa_theia:n45390,type_0,type_2,rel_10,0,0,0,0,train:window_13,0,148013.0
1348.0,darpa_theia:n43719,darpa_theia:n45429,type_0,type_2,rel_10,0,0,0,0,train:window_13,0,148052.0
1349.0,darpa_theia:n43719,darpa_theia:n3149,type_0,type_1,rel_0,0,0,0,0,train:window_13,0,148107.0
1350.0,darpa_theia:n43719,darpa_theia:n45626,type_0,type_2,rel_10,0,0,0,0,train:window_13,0,148219.0
1351.0,darpa_theia:n43719,darpa_theia:n45631,type_0,type_2,rel_10,0,0,0,0,train:window_13,0,148224.0
1352.0,darpa_theia:n43719,darpa_theia:n45746,type_0,type_2,rel_10,0,0,0,0,train:window_13,0,148276.0
1353.0,darpa_theia:n43719,darpa_theia:n45758,type_0,type_2,rel_10,0,0,0,0,train:window_13,0,148288.0
1354.0,darpa_theia:n43719,darpa_theia:n45802,type_0,type_2,rel_10,0,0,0,0,train:window_13,0,148330.0
1355.0,darpa_theia:n43719,darpa_theia:n3627,type_0,type_1,rel_0,1,1,0,1,train:window_13,1,148434.0
1356.0,darpa_theia:n43719,darpa_theia:n46551,type_0,type_2,rel_2,0,0,0,0,train:window_13,0,148748.0
1357.0,darpa_theia:n43719,darpa_theia:n47898,type_0,type_2,rel_10,0,0,0,0,train:window_13,0,148874.0
1358.0,darpa_theia:n43931,darpa_theia:n43934,type_0,type_1,rel_0,0,0,0,0,train:window_13,0,149175.0
1359.0,darpa_theia:n44092,darpa_theia:n45960,type_0,type_3,rel_11,1,1,0,1,train:window_13,1,149311.0
1360.0,darpa_theia:n44092,darpa_theia:n45978,type_0,type_3,rel_3,0,0,0,0,train:window_13,0,149329.0
1361.0,darpa_theia:n44092,darpa_theia:n33405,type_0,type_3,rel_11,1,1,0,1,train:window_13,1,149357.0
1362.0,darpa_theia:n44092,darpa_theia:n46173,type_0,type_3,rel_11,1,1,0,1,train:window_13,1,149395.0
1363.0,darpa_theia:n44092,darpa_theia:n46220,type_0,type_3,rel_11,1,1,0,1,train:window_13,1,149425.0
1364.0,darpa_theia:n44092,darpa_theia:n48067,type_0,type_3,rel_11,1,1,0,1,train:window_13,1,149491.0
1365.0,darpa_theia:n44092,darpa_theia:n48097,type_0,type_3,rel_11,1,1,0,1,train:window_13,1,149511.0
1366.0,darpa_theia:n44092,darpa_theia:n48138,type_0,type_3,rel_11,1,1,0,1,train:window_13,1,149540.0
1367.0,darpa_theia:n44092,darpa_theia:n48213,type_0,type_3,rel_11,1,1,0,1,train:window_13,1,149582.0
1368.0,darpa_theia:n44092,darpa_theia:n48217,type_0,type_3,rel_11,1,1,0,1,train:window_13,1,149585.0
1369.0,darpa_theia:n44092,darpa_theia:n48269,type_0,type_3,rel_3,0,0,0,0,train:window_13,0,149623.0
1370.0,darpa_theia:n44092,darpa_theia:n48324,type_0,type_3,rel_11,1,1,0,1,train:window_13,1,149638.0
1371.0,darpa_theia:n44092,darpa_theia:n48359,type_0,type_3,rel_11,1,1,0,1,train:window_13,1,149659.0
1372.0,darpa_theia:n44212,darpa_theia:n1642,type_0,type_1,rel_0,0,0,0,0,train:window_13,0,149763.0
1373.0,darpa_theia:n44212,darpa_theia:n1814,type_0,type_1,rel_0,0,0,0,0,train:window_13,0,149884.0
1374.0,darpa_theia:n44316,darpa_theia:n45991,type_0,type_1,rel_0,0,0,0,0,train:window_13,0,149928.0
1375.0,darpa_theia:n44316,darpa_theia:n43325,type_0,type_1,rel_0,0,0,0,0,train:window_13,0,150230.0
1376.0,darpa_theia:n44489,darpa_theia:n46542,type_0,type_1,rel_2,0,0,0,0,train:window_13,0,150374.0
1377.0,darpa_theia:n44489,darpa_theia:n47841,type_0,type_2,rel_2,0,0,0,0,train:window_13,0,150395.0
1378.0,darpa_theia:n44510,darpa_theia:n44516,type_0,type_2,rel_10,0,0,0,0,train:window_13,0,150423.0
1379.0,darpa_theia:n44781,darpa_theia:n2759,type_0,type_1,rel_0,0,0,0,0,train:window_13,0,150497.0
1380.0,darpa_theia:n44800,darpa_theia:n45672,type_0,type_1,rel_0,0,0,0,0,train:window_13,0,150717.0
1381.0,darpa_theia:n45123,darpa_theia:n45361,type_0,type_2,rel_10,0,0,0,0,train:window_13,0,150911.0
1382.0,darpa_theia:n45156,darpa_theia:n2818,type_0,type_1,rel_0,0,0,0,0,train:window_13,0,150958.0
1383.0,darpa_theia:n45595,darpa_theia:n44833,type_3,type_0,rel_4,0,0,0,0,train:window_13,0,151035.0
1384.0,darpa_theia:n45916,darpa_theia:n46397,type_0,type_2,rel_2,0,0,0,0,train:window_13,0,151187.0
1385.0,darpa_theia:n45956,darpa_theia:n46400,type_0,type_2,rel_2,0,0,0,0,train:window_13,0,151217.0
1386.0,darpa_theia:n46128,darpa_theia:n64522,type_1,type_0,rel_1,0,0,0,0,train:window_13,0,151303.0
1387.0,darpa_theia:n46305,darpa_theia:n45568,type_3,type_0,rel_4,0,0,0,0,train:window_13,0,151386.0
1388.0,darpa_theia:n46419,darpa_theia:n45956,type_3,type_0,rel_4,0,0,0,0,train:window_13,0,151455.0
1389.0,darpa_theia:n46441,darpa_theia:n229401,type_3,type_0,rel_4,0,0,0,0,train:window_13,0,151472.0
1390.0,darpa_theia:n46659,darpa_theia:n46812,type_0,type_2,rel_10,0,0,0,0,train:window_13,0,151809.0
1391.0,darpa_theia:n46659,darpa_theia:n46917,type_0,type_2,rel_2,0,0,0,0,train:window_13,0,151952.0
1392.0,darpa_theia:n46659,darpa_theia:n46928,type_0,type_2,rel_10,0,0,0,0,train:window_13,0,151966.0
1393.0,darpa_theia:n46659,darpa_theia:n46930,type_0,type_0,rel_8,0,0,0,0,train:window_13,0,151971.0
1394.0,darpa_theia:n46659,darpa_theia:n47777,type_0,type_2,rel_2,0,0,0,0,train:window_13,0,152278.0
1395.0,darpa_theia:n46932,darpa_theia:n46950,type_0,type_2,rel_2,0,0,0,0,train:window_13,0,152402.0
1396.0,darpa_theia:n46932,darpa_theia:n46952,type_0,type_2,rel_10,0,0,0,0,train:window_13,0,152405.0
1397.0,darpa_theia:n46932,darpa_theia:n914,type_0,type_1,rel_0,0,0,0,0,train:window_13,0,152415.0
1398.0,darpa_theia:n47235,darpa_theia:n47260,type_0,type_2,rel_10,0,0,0,0,train:window_13,0,152571.0
1399.0,darpa_theia:n47235,darpa_theia:n910,type_0,type_1,rel_0,0,0,0,0,train:window_13,0,152585.0
1400.0,darpa_theia:n47235,darpa_theia:n47275,type_0,type_2,rel_10,0,0,0,0,train:window_13,0,152591.0
1401.0,darpa_theia:n47446,darpa_theia:n47475,type_0,type_2,rel_10,0,0,0,0,train:window_14,0,152843.0
1402.0,darpa_theia:n47496,darpa_theia:n47551,type_0,type_2,rel_10,0,0,0,0,train:window_14,0,153006.0
1403.0,darpa_theia:n47628,darpa_theia:n47654,type_0,type_2,rel_2,0,0,0,0,train:window_14,0,153148.0
1404.0,darpa_theia:n47628,darpa_theia:n47670,type_0,type_2,rel_10,0,0,0,0,train:window_14,0,153171.0
1405.0,darpa_theia:n47717,darpa_theia:n47721,type_0,type_2,rel_2,0,0,0,0,train:window_14,0,153194.0
1406.0,darpa_theia:n47717,darpa_theia:n47735,type_0,type_2,rel_10,0,0,0,0,train:window_14,0,153213.0
1407.0,darpa_theia:n48044,darpa_theia:n44092,type_3,type_0,rel_4,1,0,1,0,train:window_14,1,153311.0
1408.0,darpa_theia:n48100,darpa_theia:n44092,type_3,type_0,rel_4,1,0,1,0,train:window_14,1,153357.0
1409.0,darpa_theia:n48103,darpa_theia:n44092,type_3,type_0,rel_4,1,0,1,0,train:window_14,1,153360.0
1410.0,darpa_theia:n48119,darpa_theia:n44092,type_3,type_0,rel_4,1,0,1,0,train:window_14,1,153374.0
1411.0,darpa_theia:n48165,darpa_theia:n64522,type_1,type_0,rel_1,0,0,0,0,train:window_14,0,153408.0
1412.0,darpa_theia:n48207,darpa_theia:n64522,type_1,type_0,rel_1,0,0,0,0,train:window_14,0,153438.0
1413.0,darpa_theia:n48348,darpa_theia:n44092,type_3,type_0,rel_4,0,0,0,0,train:window_14,0,153538.0
1414.0,darpa_theia:n48358,darpa_theia:n44092,type_3,type_0,rel_4,1,0,1,0,train:window_14,1,153545.0
1415.0,darpa_theia:n48600,darpa_theia:n43719,type_1,type_0,rel_1,0,0,0,0,train:window_14,0,153625.0
1416.0,darpa_theia:n48767,darpa_theia:n914,type_0,type_1,rel_0,0,0,0,0,train:window_14,0,153692.0
1417.0,darpa_theia:n48767,darpa_theia:n969,type_0,type_1,rel_0,0,0,0,0,train:window_14,0,153747.0
1418.0,darpa_theia:n48767,darpa_theia:n48843,type_0,type_2,rel_2,0,0,0,0,train:window_14,0,153756.0
1419.0,darpa_theia:n48767,darpa_theia:n48929,type_0,type_2,rel_2,0,0,0,0,train:window_14,0,153870.0
1420.0,darpa_theia:n48767,darpa_theia:n1468,type_0,type_1,rel_0,0,0,0,0,train:window_14,0,154147.0
1421.0,darpa_theia:n48767,darpa_theia:n1503,type_0,type_1,rel_0,0,0,0,0,train:window_14,0,154182.0
1422.0,darpa_theia:n48767,darpa_theia:n1506,type_0,type_1,rel_0,0,0,0,0,train:window_14,0,154185.0
1423.0,darpa_theia:n48767,darpa_theia:n1519,type_0,type_1,rel_0,0,0,0,0,train:window_14,0,154198.0
1424.0,darpa_theia:n48767,darpa_theia:n1739,type_0,type_1,rel_0,0,0,0,0,train:window_14,0,154303.0
1425.0,darpa_theia:n48767,darpa_theia:n49335,type_0,type_2,rel_10,0,0,0,0,train:window_14,0,154318.0
1426.0,darpa_theia:n48767,darpa_theia:n49642,type_0,type_2,rel_10,0,0,0,0,train:window_14,0,154650.0
1427.0,darpa_theia:n48767,darpa_theia:n49820,type_0,type_2,rel_10,0,0,0,0,train:window_14,0,154832.0
1428.0,darpa_theia:n48767,darpa_theia:n49886,type_0,type_2,rel_10,0,0,0,0,train:window_14,0,154897.0
1429.0,darpa_theia:n48767,darpa_theia:n49913,type_0,type_2,rel_10,0,0,0,0,train:window_14,0,154914.0
1430.0,darpa_theia:n48767,darpa_theia:n49950,type_0,type_2,rel_2,0,0,0,0,train:window_14,0,154947.0
1431.0,darpa_theia:n48767,darpa_theia:n50054,type_0,type_2,rel_10,0,0,0,0,train:window_14,0,155051.0
1432.0,darpa_theia:n48767,darpa_theia:n50295,type_0,type_2,rel_10,0,0,0,0,train:window_14,0,155250.0
1433.0,darpa_theia:n48767,darpa_theia:n50399,type_0,type_2,rel_10,0,0,0,0,train:window_14,0,155348.0
1434.0,darpa_theia:n48767,darpa_theia:n50531,type_0,type_2,rel_10,0,0,0,0,train:window_14,0,155454.0
1435.0,darpa_theia:n48767,darpa_theia:n50549,type_0,type_2,rel_10,0,0,0,0,train:window_14,0,155473.0
1436.0,darpa_theia:n48767,darpa_theia:n50623,type_0,type_2,rel_10,0,0,0,0,train:window_14,0,155529.0
1437.0,darpa_theia:n48767,darpa_theia:n50928,type_0,type_2,rel_10,0,0,0,0,train:window_14,0,155752.0
1438.0,darpa_theia:n48767,darpa_theia:n53317,type_0,type_2,rel_10,0,0,0,0,train:window_14,0,156299.0
1439.0,darpa_theia:n48767,darpa_theia:n53336,type_0,type_2,rel_10,0,0,0,0,train:window_14,0,156313.0
1440.0,darpa_theia:n49078,darpa_theia:n49104,type_0,type_2,rel_10,0,0,0,0,train:window_14,0,156603.0
1441.0,darpa_theia:n49140,darpa_theia:n51036,type_0,type_3,rel_11,1,1,0,1,train:window_14,1,156655.0
1442.0,darpa_theia:n49140,darpa_theia:n51046,type_0,type_3,rel_11,1,1,0,1,train:window_14,1,156658.0
1443.0,darpa_theia:n49140,darpa_theia:n52882,type_0,type_3,rel_11,1,1,0,1,train:window_14,1,156685.0
1444.0,darpa_theia:n49140,darpa_theia:n52898,type_0,type_3,rel_11,1,1,0,1,train:window_14,1,156699.0
1445.0,darpa_theia:n49140,darpa_theia:n52906,type_0,type_3,rel_11,1,1,0,1,train:window_14,1,156706.0
1446.0,darpa_theia:n49140,darpa_theia:n52924,type_0,type_3,rel_11,1,1,0,1,train:window_14,1,156716.0
1447.0,darpa_theia:n49140,darpa_theia:n52935,type_0,type_3,rel_11,1,1,0,1,train:window_14,1,156725.0
1448.0,darpa_theia:n49140,darpa_theia:n53012,type_0,type_3,rel_11,1,1,0,1,train:window_14,1,156782.0
1449.0,darpa_theia:n49140,darpa_theia:n53185,type_0,type_3,rel_11,1,1,0,1,train:window_14,1,156848.0
1450.0,darpa_theia:n49140,darpa_theia:n53211,type_0,type_3,rel_11,1,1,0,1,train:window_14,1,156859.0
1451.0,darpa_theia:n49140,darpa_theia:n53234,type_0,type_3,rel_11,1,1,0,1,train:window_14,1,156872.0
1452.0,darpa_theia:n49140,darpa_theia:n53245,type_0,type_3,rel_3,0,0,0,0,train:window_14,0,156878.0
1453.0,darpa_theia:n49140,darpa_theia:n53251,type_0,type_3,rel_11,1,1,0,1,train:window_14,1,156880.0
1454.0,darpa_theia:n49140,darpa_theia:n53260,type_0,type_3,rel_11,1,1,0,1,train:window_14,1,156885.0
1455.0,darpa_theia:n49140,darpa_theia:n53263,type_0,type_3,rel_11,1,1,0,1,train:window_14,1,156887.0
1456.0,darpa_theia:n49365,darpa_theia:n52846,type_0,type_1,rel_0,0,0,0,0,train:window_14,0,157217.0
1457.0,darpa_theia:n49365,darpa_theia:n53066,type_0,type_1,rel_0,0,0,0,0,train:window_14,0,157277.0
1458.0,darpa_theia:n49365,darpa_theia:n53077,type_0,type_1,rel_0,0,0,0,0,train:window_14,0,157287.0
1459.0,darpa_theia:n49365,darpa_theia:n53247,type_0,type_1,rel_0,0,0,0,0,train:window_14,0,157367.0
1460.0,darpa_theia:n49539,darpa_theia:n49922,type_0,type_2,rel_2,0,0,0,0,train:window_14,0,157397.0
1461.0,darpa_theia:n49560,darpa_theia:n899,type_0,type_1,rel_0,0,0,0,0,train:window_14,0,157503.0
1462.0,darpa_theia:n49560,darpa_theia:n49586,type_0,type_2,rel_2,0,0,0,0,train:window_14,0,157534.0
1463.0,darpa_theia:n49853,darpa_theia:n45699,type_0,type_1,rel_0,0,0,0,0,train:window_14,0,157711.0
1464.0,darpa_theia:n49853,darpa_theia:n50746,type_0,type_1,rel_0,0,0,0,0,train:window_14,0,157814.0
1465.0,darpa_theia:n50731,darpa_theia:n49853,type_1,type_0,rel_1,0,0,0,0,train:window_14,0,158162.0
1466.0,darpa_theia:n50737,darpa_theia:n49853,type_1,type_0,rel_1,0,0,0,0,train:window_14,0,158173.0
1467.0,darpa_theia:n50838,darpa_theia:n48767,type_1,type_0,rel_1,0,0,0,0,train:window_14,0,158201.0
1468.0,darpa_theia:n51043,darpa_theia:n81649,type_1,type_0,rel_1,0,0,0,0,train:window_14,0,158300.0
1469.0,darpa_theia:n51351,darpa_theia:n51459,type_0,type_2,rel_10,0,0,0,0,train:window_14,0,158503.0
1470.0,darpa_theia:n51474,darpa_theia:n51496,type_0,type_2,rel_10,0,0,0,0,train:window_14,0,158579.0
1471.0,darpa_theia:n51474,darpa_theia:n51599,type_0,type_2,rel_10,0,0,0,0,train:window_14,0,158718.0
1472.0,darpa_theia:n51474,darpa_theia:n51702,type_0,type_2,rel_2,0,0,0,0,train:window_14,0,158856.0
1473.0,darpa_theia:n51474,darpa_theia:n1370,type_0,type_1,rel_0,0,0,0,0,train:window_14,0,158922.0
1474.0,darpa_theia:n51474,darpa_theia:n51826,type_0,type_2,rel_10,0,0,0,0,train:window_14,0,158946.0
1475.0,darpa_theia:n51474,darpa_theia:n1470,type_0,type_1,rel_0,0,0,0,0,train:window_14,0,159067.0
1476.0,darpa_theia:n51474,darpa_theia:n1499,type_0,type_1,rel_0,0,0,0,0,train:window_14,0,159096.0
1477.0,darpa_theia:n51747,darpa_theia:n51758,type_0,type_2,rel_2,0,0,0,0,train:window_14,0,159330.0
1478.0,darpa_theia:n51923,darpa_theia:n51941,type_0,type_2,rel_10,0,0,0,0,train:window_14,0,159433.0
1479.0,darpa_theia:n52046,darpa_theia:n52069,type_0,type_2,rel_2,0,0,0,0,train:window_14,0,159516.0
1480.0,darpa_theia:n52046,darpa_theia:n52123,type_0,type_2,rel_2,0,0,0,0,train:window_14,0,159588.0
1481.0,darpa_theia:n52306,darpa_theia:n1304,type_0,type_1,rel_0,0,0,0,0,train:window_14,0,160054.0
1482.0,darpa_theia:n52438,darpa_theia:n1239,type_0,type_1,rel_0,0,0,0,0,train:window_14,0,160114.0
1483.0,darpa_theia:n52526,darpa_theia:n52542,type_0,type_2,rel_2,0,0,0,0,train:window_14,0,160156.0
1484.0,darpa_theia:n52940,darpa_theia:n49140,type_3,type_0,rel_4,0,0,0,0,train:window_14,0,160356.0
1485.0,darpa_theia:n53149,darpa_theia:n49365,type_1,type_0,rel_1,0,0,0,0,train:window_14,0,160494.0
1486.0,darpa_theia:n53260,darpa_theia:n185836,type_3,type_0,rel_4,1,0,1,0,train:window_14,1,160557.0
1487.0,darpa_theia:n53268,darpa_theia:n49365,type_1,type_0,rel_1,0,0,0,0,train:window_14,0,160561.0
1488.0,darpa_theia:n53711,darpa_theia:n910,type_0,type_1,rel_0,0,0,0,0,train:window_14,0,160704.0
1489.0,darpa_theia:n53711,darpa_theia:n53782,type_0,type_2,rel_10,0,0,0,0,train:window_14,0,160765.0
1490.0,darpa_theia:n53711,darpa_theia:n989,type_0,type_1,rel_0,0,0,0,0,train:window_14,0,160783.0
1491.0,darpa_theia:n53711,darpa_theia:n53935,type_0,type_2,rel_2,0,0,0,0,train:window_14,0,160967.0
1492.0,darpa_theia:n53711,darpa_theia:n1502,type_0,type_1,rel_0,0,0,0,0,train:window_14,0,161197.0
1493.0,darpa_theia:n53711,darpa_theia:n1525,type_0,type_1,rel_2,0,0,0,0,train:window_14,0,161220.0
1494.0,darpa_theia:n53711,darpa_theia:n54256,type_0,type_2,rel_10,0,0,0,0,train:window_14,0,161306.0
1495.0,darpa_theia:n53711,darpa_theia:n1735,type_0,type_1,rel_0,0,0,0,0,train:window_14,0,161316.0
1496.0,darpa_theia:n53711,darpa_theia:n54388,type_0,type_2,rel_10,0,0,0,0,train:window_14,0,161456.0
1497.0,darpa_theia:n53711,darpa_theia:n54406,type_0,type_2,rel_10,0,0,0,0,train:window_14,0,161483.0
1498.0,darpa_theia:n53711,darpa_theia:n54407,type_0,type_2,rel_10,0,0,0,0,train:window_14,0,161484.0
1499.0,darpa_theia:n53711,darpa_theia:n54410,type_0,type_2,rel_10,0,0,0,0,train:window_14,0,161489.0
1500.0,darpa_theia:n53711,darpa_theia:n54499,type_0,type_2,rel_10,0,0,0,0,train:window_14,0,161588.0
1501.0,darpa_theia:n53711,darpa_theia:n54559,type_0,type_2,rel_2,0,0,0,0,train:window_15,0,161622.0
1502.0,darpa_theia:n53711,darpa_theia:n54593,type_0,type_2,rel_10,0,0,0,0,train:window_15,0,161673.0
1503.0,darpa_theia:n53711,darpa_theia:n54637,type_0,type_2,rel_10,0,0,0,0,train:window_15,0,161723.0
1504.0,darpa_theia:n53711,darpa_theia:n54767,type_0,type_2,rel_10,0,0,0,0,train:window_15,0,161851.0
1505.0,darpa_theia:n53711,darpa_theia:n54810,type_0,type_2,rel_10,0,0,0,0,train:window_15,0,161893.0
1506.0,darpa_theia:n53711,darpa_theia:n54892,type_0,type_2,rel_2,0,0,0,0,train:window_15,0,161961.0
1507.0,darpa_theia:n53711,darpa_theia:n55137,type_0,type_2,rel_10,0,0,0,0,train:window_15,0,162167.0
1508.0,darpa_theia:n53711,darpa_theia:n55221,type_0,type_2,rel_10,0,0,0,0,train:window_15,0,162241.0
1509.0,darpa_theia:n53711,darpa_theia:n55269,type_0,type_2,rel_10,0,0,0,0,train:window_15,0,162289.0
1510.0,darpa_theia:n53711,darpa_theia:n55285,type_0,type_2,rel_10,0,0,0,0,train:window_15,0,162305.0
1511.0,darpa_theia:n53711,darpa_theia:n55536,type_0,type_2,rel_10,0,0,0,0,train:window_15,0,162509.0
1512.0,darpa_theia:n53711,darpa_theia:n55714,type_0,type_2,rel_10,0,0,0,0,train:window_15,0,162615.0
1513.0,darpa_theia:n53711,darpa_theia:n55935,type_0,type_2,rel_10,0,0,0,0,train:window_15,0,162812.0
1514.0,darpa_theia:n53711,darpa_theia:n56014,type_0,type_2,rel_10,0,0,0,0,train:window_15,0,162841.0
1515.0,darpa_theia:n53711,darpa_theia:n56274,type_0,type_1,rel_0,0,0,0,0,train:window_15,0,163001.0
1516.0,darpa_theia:n53711,darpa_theia:n56364,type_0,type_2,rel_10,0,0,0,0,train:window_15,0,163040.0
1517.0,darpa_theia:n53711,darpa_theia:n58344,type_0,type_2,rel_10,0,0,0,0,train:window_15,0,163470.0
1518.0,darpa_theia:n53711,darpa_theia:n58518,type_0,type_1,rel_0,0,0,0,0,train:window_15,0,163521.0
1519.0,darpa_theia:n53711,darpa_theia:n58804,type_0,type_1,rel_0,0,0,0,0,train:window_15,0,163662.0
1520.0,darpa_theia:n54022,darpa_theia:n54041,type_0,type_2,rel_2,0,0,0,0,train:window_15,0,163776.0
1521.0,darpa_theia:n54084,darpa_theia:n55987,type_0,type_3,rel_11,1,1,0,1,train:window_15,1,163849.0
1522.0,darpa_theia:n54084,darpa_theia:n55992,type_0,type_3,rel_11,1,1,0,1,train:window_15,1,163851.0
1523.0,darpa_theia:n54084,darpa_theia:n55997,type_0,type_3,rel_11,1,1,0,1,train:window_15,1,163855.0
1524.0,darpa_theia:n54084,darpa_theia:n56034,type_0,type_3,rel_3,0,0,0,0,train:window_15,0,163868.0
1525.0,darpa_theia:n54084,darpa_theia:n56083,type_0,type_3,rel_11,1,1,0,1,train:window_15,1,163887.0
1526.0,darpa_theia:n54084,darpa_theia:n57798,type_0,type_3,rel_11,1,1,0,1,train:window_15,1,163916.0
1527.0,darpa_theia:n54084,darpa_theia:n57839,type_0,type_3,rel_11,1,1,0,1,train:window_15,1,163951.0
1528.0,darpa_theia:n54084,darpa_theia:n57852,type_0,type_3,rel_11,1,1,0,1,train:window_15,1,163963.0
1529.0,darpa_theia:n54084,darpa_theia:n57880,type_0,type_3,rel_11,1,1,0,1,train:window_15,1,163990.0
1530.0,darpa_theia:n54084,darpa_theia:n57886,type_0,type_3,rel_11,1,1,0,1,train:window_15,1,163996.0
1531.0,darpa_theia:n54084,darpa_theia:n57908,type_0,type_3,rel_11,1,1,0,1,train:window_15,1,164004.0
1532.0,darpa_theia:n54084,darpa_theia:n57927,type_0,type_3,rel_11,1,1,0,1,train:window_15,1,164010.0
1533.0,darpa_theia:n54084,darpa_theia:n58366,type_0,type_3,rel_11,1,1,0,1,train:window_15,1,164055.0
1534.0,darpa_theia:n54084,darpa_theia:n58372,type_0,type_3,rel_11,1,1,0,1,train:window_15,1,164061.0
1535.0,darpa_theia:n54084,darpa_theia:n58429,type_0,type_3,rel_11,1,1,0,1,train:window_15,1,164097.0
1536.0,darpa_theia:n54084,darpa_theia:n58431,type_0,type_3,rel_11,1,1,0,1,train:window_15,1,164099.0
1537.0,darpa_theia:n54084,darpa_theia:n58432,type_0,type_3,rel_3,0,0,0,0,train:window_15,0,164100.0
1538.0,darpa_theia:n54206,darpa_theia:n329,type_0,type_1,rel_0,0,0,0,0,train:window_15,0,164215.0
1539.0,darpa_theia:n54206,darpa_theia:n54213,type_0,type_2,rel_2,0,0,0,0,train:window_15,0,164218.0
1540.0,darpa_theia:n54310,darpa_theia:n35848,type_0,type_1,rel_0,0,0,0,0,train:window_15,0,164387.0
1541.0,darpa_theia:n54310,darpa_theia:n37835,type_0,type_1,rel_0,0,0,0,0,train:window_15,0,164484.0
1542.0,darpa_theia:n54483,darpa_theia:n56470,type_0,type_2,rel_2,0,0,0,0,train:window_15,0,164773.0
1543.0,darpa_theia:n54483,darpa_theia:n58129,type_0,type_2,rel_2,0,0,0,0,train:window_15,0,164805.0
1544.0,darpa_theia:n54483,darpa_theia:n58183,type_0,type_1,rel_2,0,0,0,0,train:window_15,0,164822.0
1545.0,darpa_theia:n54483,darpa_theia:n58215,type_0,type_1,rel_2,0,0,0,0,train:window_15,0,164827.0
1546.0,darpa_theia:n54483,darpa_theia:n58406,type_0,type_1,rel_2,0,0,0,0,train:window_15,0,164835.0
1547.0,darpa_theia:n54483,darpa_theia:n58436,type_0,type_1,rel_2,0,0,0,0,train:window_15,0,164843.0
1548.0,darpa_theia:n54483,darpa_theia:n58503,type_0,type_2,rel_2,0,0,0,0,train:window_15,0,164851.0
1549.0,darpa_theia:n54775,darpa_theia:n55338,type_0,type_2,rel_10,0,0,0,0,train:window_15,0,164982.0
1550.0,darpa_theia:n54775,darpa_theia:n58859,type_0,type_2,rel_10,0,0,0,0,train:window_15,0,165106.0
1551.0,darpa_theia:n54794,darpa_theia:n55660,type_0,type_1,rel_0,0,0,0,0,train:window_15,0,165176.0
1552.0,darpa_theia:n55065,darpa_theia:n51378,type_0,type_1,rel_0,0,0,0,0,train:window_15,0,165321.0
1553.0,darpa_theia:n55334,darpa_theia:n55342,type_0,type_2,rel_2,0,0,0,0,train:window_15,0,165461.0
1554.0,darpa_theia:n55636,darpa_theia:n54794,type_1,type_0,rel_1,0,0,0,0,train:window_15,0,165540.0
1555.0,darpa_theia:n55892,darpa_theia:n55895,type_0,type_3,rel_11,0,0,0,0,train:window_15,0,165656.0
1556.0,darpa_theia:n55914,darpa_theia:n57781,type_0,type_2,rel_2,0,0,0,0,train:window_15,0,165696.0
1557.0,darpa_theia:n56024,darpa_theia:n54310,type_1,type_0,rel_1,0,0,0,0,train:window_15,0,165747.0
1558.0,darpa_theia:n56115,darpa_theia:n104813,type_1,type_0,rel_1,0,0,0,0,train:window_15,0,165794.0
1559.0,darpa_theia:n56416,darpa_theia:n56500,type_0,type_2,rel_10,0,0,0,0,train:window_15,0,165932.0
1560.0,darpa_theia:n56518,darpa_theia:n1037,type_0,type_1,rel_0,0,0,0,0,train:window_15,0,166130.0
1561.0,darpa_theia:n56518,darpa_theia:n1258,type_0,type_1,rel_0,0,0,0,0,train:window_15,0,166353.0
1562.0,darpa_theia:n56518,darpa_theia:n56925,type_0,type_2,rel_2,0,0,0,0,train:window_15,0,166447.0
1563.0,darpa_theia:n56518,darpa_theia:n1472,type_0,type_1,rel_0,0,0,0,0,train:window_15,0,166509.0
1564.0,darpa_theia:n56518,darpa_theia:n57026,type_0,type_2,rel_2,0,0,0,0,train:window_15,0,166560.0
1565.0,darpa_theia:n56518,darpa_theia:n57033,type_0,type_2,rel_2,0,0,0,0,train:window_15,0,166578.0
1566.0,darpa_theia:n56518,darpa_theia:n57090,type_0,type_2,rel_10,0,0,0,0,train:window_15,0,166649.0
1567.0,darpa_theia:n56518,darpa_theia:n57095,type_0,type_1,rel_0,0,0,0,0,train:window_15,0,166658.0
1568.0,darpa_theia:n56972,darpa_theia:n906,type_0,type_1,rel_0,0,0,0,0,train:window_15,0,166869.0
1569.0,darpa_theia:n57096,darpa_theia:n329,type_0,type_1,rel_0,0,0,0,0,train:window_15,0,166928.0
1570.0,darpa_theia:n57096,darpa_theia:n57133,type_0,type_2,rel_10,0,0,0,0,train:window_15,0,166972.0
1571.0,darpa_theia:n57096,darpa_theia:n57142,type_0,type_2,rel_10,0,0,0,0,train:window_15,0,166984.0
1572.0,darpa_theia:n57096,darpa_theia:n57242,type_0,type_2,rel_10,0,0,0,0,train:window_15,0,167102.0
1573.0,darpa_theia:n57096,darpa_theia:n57260,type_0,type_2,rel_10,0,0,0,0,train:window_15,0,167120.0
1574.0,darpa_theia:n57307,darpa_theia:n5316,type_0,type_1,rel_0,0,0,0,0,train:window_15,0,167216.0
1575.0,darpa_theia:n57307,darpa_theia:n57339,type_0,type_2,rel_2,0,0,0,0,train:window_15,0,167233.0
1576.0,darpa_theia:n57307,darpa_theia:n57559,type_0,type_2,rel_10,0,0,0,0,train:window_15,0,167286.0
1577.0,darpa_theia:n57488,darpa_theia:n57496,type_0,type_2,rel_2,0,0,0,0,train:window_15,0,167506.0
1578.0,darpa_theia:n57488,darpa_theia:n57524,type_0,type_2,rel_10,0,0,0,0,train:window_15,0,167543.0
1579.0,darpa_theia:n57788,darpa_theia:n143,type_0,type_1,rel_0,0,0,0,0,train:window_15,0,167669.0
1580.0,darpa_theia:n57864,darpa_theia:n54084,type_3,type_0,rel_4,1,0,1,0,train:window_15,1,167731.0
1581.0,darpa_theia:n57882,darpa_theia:n54084,type_3,type_0,rel_4,0,0,0,0,train:window_15,0,167743.0
1582.0,darpa_theia:n58153,darpa_theia:n53711,type_1,type_0,rel_1,0,0,0,0,train:window_15,0,167950.0
1583.0,darpa_theia:n58340,darpa_theia:n300869,type_3,type_0,rel_4,0,0,0,0,train:window_15,0,167979.0
1584.0,darpa_theia:n58380,darpa_theia:n53711,type_1,type_0,rel_1,0,0,0,0,train:window_15,0,167999.0
1585.0,darpa_theia:n58865,darpa_theia:n973,type_0,type_1,rel_0,0,0,0,0,train:window_15,0,168330.0
1586.0,darpa_theia:n58865,darpa_theia:n977,type_0,type_1,rel_0,0,0,0,0,train:window_15,0,168334.0
1587.0,darpa_theia:n58865,darpa_theia:n59064,type_0,type_2,rel_2,0,0,0,0,train:window_15,0,168499.0
1588.0,darpa_theia:n58865,darpa_theia:n1525,type_0,type_1,rel_0,0,0,0,0,train:window_15,0,168781.0
1589.0,darpa_theia:n58865,darpa_theia:n1304,type_0,type_1,rel_0,0,0,0,0,train:window_15,0,168830.0
1590.0,darpa_theia:n58865,darpa_theia:n59402,type_0,type_2,rel_2,0,0,0,0,train:window_15,0,168859.0
1591.0,darpa_theia:n58865,darpa_theia:n59535,type_0,type_2,rel_10,0,0,0,0,train:window_15,0,169012.0
1592.0,darpa_theia:n58865,darpa_theia:n59756,type_0,type_2,rel_10,0,0,0,0,train:window_15,0,169245.0
1593.0,darpa_theia:n58865,darpa_theia:n59813,type_0,type_2,rel_2,0,0,0,0,train:window_15,0,169305.0
1594.0,darpa_theia:n58865,darpa_theia:n59836,type_0,type_2,rel_10,0,0,0,0,train:window_15,0,169329.0
1595.0,darpa_theia:n58865,darpa_theia:n60000,type_0,type_2,rel_10,0,0,0,0,train:window_15,0,169482.0
1596.0,darpa_theia:n58865,darpa_theia:n60034,type_0,type_2,rel_10,0,0,0,0,train:window_15,0,169512.0
1597.0,darpa_theia:n58865,darpa_theia:n60038,type_0,type_2,rel_10,0,0,0,0,train:window_15,0,169516.0
1598.0,darpa_theia:n58865,darpa_theia:n60127,type_0,type_2,rel_10,0,0,0,0,train:window_15,0,169605.0
1599.0,darpa_theia:n58865,darpa_theia:n60242,type_0,type_1,rel_0,0,0,0,0,train:window_15,0,169703.0
1600.0,darpa_theia:n58865,darpa_theia:n60328,type_0,type_2,rel_10,0,0,0,0,train:window_15,0,169758.0
1601.0,darpa_theia:n58865,darpa_theia:n60624,type_0,type_2,rel_10,0,0,0,0,train:window_16,0,170026.0
1602.0,darpa_theia:n58865,darpa_theia:n60967,type_0,type_2,rel_10,0,0,0,0,train:window_16,0,170261.0
1603.0,darpa_theia:n58865,darpa_theia:n61467,type_0,type_1,rel_0,0,0,0,0,train:window_16,0,170560.0
1604.0,darpa_theia:n58865,darpa_theia:n63229,type_0,type_2,rel_10,0,0,0,0,train:window_16,0,170940.0
1605.0,darpa_theia:n58865,darpa_theia:n63407,type_0,type_1,rel_0,0,0,0,0,train:window_16,0,170983.0
1606.0,darpa_theia:n58865,darpa_theia:n63439,type_0,type_2,rel_2,0,0,0,0,train:window_16,0,170996.0
1607.0,darpa_theia:n58865,darpa_theia:n63487,type_0,type_2,rel_10,0,0,0,0,train:window_16,0,171043.0
1608.0,darpa_theia:n58865,darpa_theia:n63492,type_0,type_1,rel_0,0,0,0,0,train:window_16,0,171048.0
1609.0,darpa_theia:n59085,darpa_theia:n59166,type_0,type_2,rel_10,0,0,0,0,train:window_16,0,171283.0
1610.0,darpa_theia:n59164,darpa_theia:n59184,type_0,type_2,rel_2,0,0,0,0,train:window_16,0,171323.0
1611.0,darpa_theia:n59237,darpa_theia:n61271,type_0,type_3,rel_11,1,1,0,1,train:window_16,1,171419.0
1612.0,darpa_theia:n59237,darpa_theia:n61292,type_0,type_3,rel_11,1,1,0,1,train:window_16,1,171429.0
1613.0,darpa_theia:n59237,darpa_theia:n61295,type_0,type_3,rel_11,1,1,0,1,train:window_16,1,171431.0
1614.0,darpa_theia:n59237,darpa_theia:n61321,type_0,type_3,rel_11,1,1,0,1,train:window_16,1,171449.0
1615.0,darpa_theia:n59237,darpa_theia:n61326,type_0,type_3,rel_3,0,0,0,0,train:window_16,0,171452.0
1616.0,darpa_theia:n59237,darpa_theia:n63296,type_0,type_3,rel_11,1,1,0,1,train:window_16,1,171486.0
1617.0,darpa_theia:n59237,darpa_theia:n63322,type_0,type_3,rel_3,0,0,0,0,train:window_16,0,171506.0
1618.0,darpa_theia:n59237,darpa_theia:n63686,type_0,type_3,rel_11,1,1,0,1,train:window_16,1,171563.0
1619.0,darpa_theia:n59237,darpa_theia:n63702,type_0,type_3,rel_11,1,1,0,1,train:window_16,1,171576.0
1620.0,darpa_theia:n59237,darpa_theia:n63715,type_0,type_3,rel_11,1,1,0,1,train:window_16,1,171584.0
1621.0,darpa_theia:n59250,darpa_theia:n61515,type_0,type_2,rel_2,0,0,0,0,train:window_16,0,171609.0
1622.0,darpa_theia:n59308,darpa_theia:n59319,type_0,type_2,rel_2,0,0,0,0,train:window_16,0,171629.0
1623.0,darpa_theia:n59363,darpa_theia:n1790,type_0,type_1,rel_0,0,0,0,0,train:window_16,0,171787.0
1624.0,darpa_theia:n59463,darpa_theia:n61189,type_0,type_1,rel_0,0,0,0,0,train:window_16,0,171863.0
1625.0,darpa_theia:n59463,darpa_theia:n61191,type_0,type_1,rel_0,0,0,0,0,train:window_16,0,171865.0
1626.0,darpa_theia:n59463,darpa_theia:n61270,type_0,type_1,rel_0,0,0,0,0,train:window_16,0,171887.0
1627.0,darpa_theia:n59463,darpa_theia:n63732,type_0,type_1,rel_0,0,0,0,0,train:window_16,0,172028.0
1628.0,darpa_theia:n59658,darpa_theia:n1065,type_0,type_1,rel_0,0,0,0,0,train:window_16,0,172257.0
1629.0,darpa_theia:n59927,darpa_theia:n60208,type_0,type_2,rel_10,0,0,0,0,train:window_16,0,172312.0
1630.0,darpa_theia:n59927,darpa_theia:n63199,type_0,type_2,rel_10,0,0,0,0,train:window_16,0,172434.0
1631.0,darpa_theia:n59949,darpa_theia:n55664,type_0,type_1,rel_0,0,0,0,0,train:window_16,0,172540.0
1632.0,darpa_theia:n59981,darpa_theia:n329,type_0,type_1,rel_0,0,0,0,0,train:window_16,0,172578.0
1633.0,darpa_theia:n60191,darpa_theia:n2164,type_0,type_1,rel_0,0,0,0,0,train:window_16,0,172675.0
1634.0,darpa_theia:n60597,darpa_theia:n60602,type_0,type_3,rel_11,0,0,0,0,train:window_16,0,172801.0
1635.0,darpa_theia:n60712,darpa_theia:n61572,type_0,type_3,rel_11,0,0,0,0,train:window_16,0,172852.0
1636.0,darpa_theia:n60849,darpa_theia:n59949,type_1,type_0,rel_1,0,0,0,0,train:window_16,0,172975.0
1637.0,darpa_theia:n61105,darpa_theia:n59463,type_1,type_0,rel_1,0,0,0,0,train:window_16,0,173075.0
1638.0,darpa_theia:n61269,darpa_theia:n59237,type_3,type_0,rel_4,0,0,0,0,train:window_16,0,173154.0
1639.0,darpa_theia:n61774,darpa_theia:n61796,type_0,type_2,rel_10,0,0,0,0,train:window_16,0,173447.0
1640.0,darpa_theia:n61774,darpa_theia:n61913,type_0,type_2,rel_2,0,0,0,0,train:window_16,0,173604.0
1641.0,darpa_theia:n61774,darpa_theia:n1109,type_0,type_1,rel_0,0,0,0,0,train:window_16,0,173633.0
1642.0,darpa_theia:n61774,darpa_theia:n61961,type_0,type_2,rel_2,0,0,0,0,train:window_16,0,173668.0
1643.0,darpa_theia:n61774,darpa_theia:n62155,type_0,type_2,rel_10,0,0,0,0,train:window_16,0,173844.0
1644.0,darpa_theia:n61774,darpa_theia:n1491,type_0,type_1,rel_0,0,0,0,0,train:window_16,0,173959.0
1645.0,darpa_theia:n62227,darpa_theia:n62249,type_0,type_2,rel_2,0,0,0,0,train:window_16,0,174309.0
1646.0,darpa_theia:n62352,darpa_theia:n5081,type_0,type_1,rel_0,0,0,0,0,train:window_16,0,174376.0
1647.0,darpa_theia:n62563,darpa_theia:n62601,type_0,type_2,rel_2,0,0,0,0,train:window_16,0,174677.0
1648.0,darpa_theia:n62563,darpa_theia:n5568,type_0,type_1,rel_0,0,0,0,0,train:window_16,0,174724.0
1649.0,darpa_theia:n62613,darpa_theia:n62638,type_0,type_2,rel_10,0,0,0,0,train:window_16,0,174785.0
1650.0,darpa_theia:n62613,darpa_theia:n62683,type_0,type_2,rel_10,0,0,0,0,train:window_16,0,174845.0
1651.0,darpa_theia:n62613,darpa_theia:n62744,type_0,type_0,rel_8,0,0,0,0,train:window_16,0,174927.0
1652.0,darpa_theia:n62744,darpa_theia:n62782,type_0,type_2,rel_10,0,0,0,0,train:window_16,0,174981.0
1653.0,darpa_theia:n63617,darpa_theia:n59237,type_3,type_0,rel_4,0,0,0,0,train:window_16,0,175323.0
1654.0,darpa_theia:n63679,darpa_theia:n115045,type_1,type_0,rel_1,0,0,0,0,train:window_16,0,175364.0
1655.0,darpa_theia:n63680,darpa_theia:n59463,type_1,type_0,rel_1,0,0,0,0,train:window_16,0,175365.0
1656.0,darpa_theia:n63757,darpa_theia:n58865,type_1,type_0,rel_1,0,0,0,0,train:window_16,0,175422.0
1657.0,darpa_theia:n63827,darpa_theia:n60597,type_3,type_0,rel_4,0,0,0,0,train:window_16,0,175460.0
1658.0,darpa_theia:n63923,darpa_theia:n63954,type_0,type_2,rel_2,0,0,0,0,train:window_16,0,175536.0
1659.0,darpa_theia:n63923,darpa_theia:n64113,type_0,type_2,rel_10,0,0,0,0,train:window_16,0,175749.0
1660.0,darpa_theia:n63923,darpa_theia:n64131,type_0,type_2,rel_10,0,0,0,0,train:window_16,0,175773.0
1661.0,darpa_theia:n63923,darpa_theia:n64314,type_0,type_2,rel_2,0,0,0,0,train:window_16,0,175926.0
1662.0,darpa_theia:n63923,darpa_theia:n64481,type_0,type_2,rel_2,0,0,0,0,train:window_16,0,176147.0
1663.0,darpa_theia:n63923,darpa_theia:n64498,type_0,type_2,rel_10,0,0,0,0,train:window_16,0,176165.0
1664.0,darpa_theia:n63923,darpa_theia:n64505,type_0,type_2,rel_10,0,0,0,0,train:window_16,0,176171.0
1665.0,darpa_theia:n63923,darpa_theia:n64524,type_0,type_2,rel_10,0,0,0,0,train:window_16,0,176190.0
1666.0,darpa_theia:n63923,darpa_theia:n64597,type_0,type_2,rel_10,0,0,0,0,train:window_16,0,176277.0
1667.0,darpa_theia:n63923,darpa_theia:n64646,type_0,type_2,rel_10,0,0,0,0,train:window_16,0,176339.0
1668.0,darpa_theia:n63923,darpa_theia:n2039,type_0,type_1,rel_0,0,0,0,0,train:window_16,0,176382.0
1669.0,darpa_theia:n63923,darpa_theia:n64930,type_0,type_2,rel_10,0,0,0,0,train:window_16,0,176626.0
1670.0,darpa_theia:n63923,darpa_theia:n65127,type_0,type_2,rel_10,0,0,0,0,train:window_16,0,176808.0
1671.0,darpa_theia:n63923,darpa_theia:n65162,type_0,type_2,rel_10,0,0,0,0,train:window_16,0,176843.0
1672.0,darpa_theia:n63923,darpa_theia:n65286,type_0,type_2,rel_10,0,0,0,0,train:window_16,0,176952.0
1673.0,darpa_theia:n63923,darpa_theia:n65364,type_0,type_2,rel_2,0,0,0,0,train:window_16,0,177002.0
1674.0,darpa_theia:n63923,darpa_theia:n65457,type_0,type_2,rel_10,0,0,0,0,train:window_16,0,177090.0
1675.0,darpa_theia:n63923,darpa_theia:n65526,type_0,type_2,rel_10,0,0,0,0,train:window_16,0,177159.0
1676.0,darpa_theia:n63923,darpa_theia:n65640,type_0,type_2,rel_10,0,0,0,0,train:window_16,0,177246.0
1677.0,darpa_theia:n63923,darpa_theia:n66019,type_0,type_2,rel_10,0,0,0,0,train:window_16,0,177527.0
1678.0,darpa_theia:n63923,darpa_theia:n66219,type_0,type_2,rel_10,0,0,0,0,train:window_16,0,177654.0
1679.0,darpa_theia:n63923,darpa_theia:n66480,type_0,type_2,rel_10,0,0,0,0,train:window_16,0,177746.0
1680.0,darpa_theia:n63923,darpa_theia:n66789,type_0,type_2,rel_10,0,0,0,0,train:window_16,0,177966.0
1681.0,darpa_theia:n63923,darpa_theia:n68933,type_0,type_2,rel_10,0,0,0,0,train:window_16,0,178335.0
1682.0,darpa_theia:n64144,darpa_theia:n64201,type_0,type_2,rel_2,0,0,0,0,train:window_16,0,178375.0
1683.0,darpa_theia:n64220,darpa_theia:n1304,type_0,type_1,rel_0,0,0,0,0,train:window_16,0,178404.0
1684.0,darpa_theia:n64296,darpa_theia:n66157,type_0,type_3,rel_11,1,1,0,1,train:window_16,1,178484.0
1685.0,darpa_theia:n64296,darpa_theia:n66161,type_0,type_3,rel_11,1,1,0,1,train:window_16,1,178488.0
1686.0,darpa_theia:n64296,darpa_theia:n66179,type_0,type_3,rel_11,1,1,0,1,train:window_16,1,178506.0
1687.0,darpa_theia:n64296,darpa_theia:n66222,type_0,type_3,rel_11,1,1,0,1,train:window_16,1,178517.0
1688.0,darpa_theia:n64296,darpa_theia:n66259,type_0,type_3,rel_11,0,0,0,0,train:window_16,0,178525.0
1689.0,darpa_theia:n64296,darpa_theia:n66271,type_0,type_3,rel_11,1,1,0,1,train:window_16,1,178527.0
1690.0,darpa_theia:n64296,darpa_theia:n66306,type_0,type_3,rel_3,0,0,0,0,train:window_16,0,178532.0
1691.0,darpa_theia:n64296,darpa_theia:n66373,type_0,type_3,rel_11,1,1,0,1,train:window_16,1,178567.0
1692.0,darpa_theia:n64296,darpa_theia:n66376,type_0,type_3,rel_11,1,1,0,1,train:window_16,1,178569.0
1693.0,darpa_theia:n64296,darpa_theia:n68189,type_0,type_3,rel_11,1,1,0,1,train:window_16,1,178612.0
1694.0,darpa_theia:n64296,darpa_theia:n68191,type_0,type_3,rel_11,1,1,0,1,train:window_16,1,178614.0
1695.0,darpa_theia:n64296,darpa_theia:n68210,type_0,type_3,rel_11,1,1,0,1,train:window_16,1,178631.0
1696.0,darpa_theia:n64296,darpa_theia:n68239,type_0,type_3,rel_11,1,1,0,1,train:window_16,1,178640.0
1697.0,darpa_theia:n64296,darpa_theia:n68281,type_0,type_3,rel_11,1,1,0,1,train:window_16,1,178667.0
1698.0,darpa_theia:n64296,darpa_theia:n68292,type_0,type_3,rel_11,1,1,0,1,train:window_16,1,178673.0
1699.0,darpa_theia:n64296,darpa_theia:n68326,type_0,type_3,rel_11,1,1,0,1,train:window_16,1,178693.0
1700.0,darpa_theia:n64296,darpa_theia:n68352,type_0,type_3,rel_11,1,1,0,1,train:window_16,1,178718.0
1701.0,darpa_theia:n64296,darpa_theia:n68363,type_0,type_3,rel_11,1,1,0,1,train:window_17,1,178729.0
1702.0,darpa_theia:n64296,darpa_theia:n68376,type_0,type_3,rel_11,1,1,0,1,train:window_17,1,178742.0
1703.0,darpa_theia:n64296,darpa_theia:n68399,type_0,type_3,rel_11,1,1,0,1,train:window_17,1,178764.0
1704.0,darpa_theia:n64296,darpa_theia:n68402,type_0,type_3,rel_11,1,1,0,1,train:window_17,1,178767.0
1705.0,darpa_theia:n64296,darpa_theia:n68446,type_0,type_3,rel_11,0,0,0,0,train:window_17,0,178800.0
1706.0,darpa_theia:n64296,darpa_theia:n68547,type_0,type_3,rel_11,1,1,0,1,train:window_17,1,178823.0
1707.0,darpa_theia:n64296,darpa_theia:n68554,type_0,type_3,rel_3,0,0,0,0,train:window_17,0,178830.0
1708.0,darpa_theia:n64296,darpa_theia:n68565,type_0,type_3,rel_3,0,0,0,0,train:window_17,0,178836.0
1709.0,darpa_theia:n64522,darpa_theia:n68504,type_0,type_1,rel_0,0,0,0,0,train:window_17,0,179387.0
1710.0,darpa_theia:n64695,darpa_theia:n65073,type_0,type_1,rel_15,0,0,0,0,train:window_17,0,179445.0
1711.0,darpa_theia:n64695,darpa_theia:n65308,type_0,type_1,rel_2,0,0,0,0,train:window_17,0,179453.0
1712.0,darpa_theia:n64716,darpa_theia:n64752,type_0,type_2,rel_10,0,0,0,0,train:window_17,0,179627.0
1713.0,darpa_theia:n64862,darpa_theia:n63923,type_1,type_0,rel_1,0,0,0,0,train:window_17,0,179630.0
1714.0,darpa_theia:n64986,darpa_theia:n68768,type_0,type_2,rel_10,0,0,0,0,train:window_17,0,179773.0
1715.0,darpa_theia:n65292,darpa_theia:n68592,type_0,type_2,rel_2,0,0,0,0,train:window_17,0,180052.0
1716.0,darpa_theia:n65292,darpa_theia:n68787,type_0,type_3,rel_11,0,0,0,0,train:window_17,0,180059.0
1717.0,darpa_theia:n65847,darpa_theia:n65005,type_1,type_0,rel_1,0,0,0,0,train:window_17,0,180221.0
1718.0,darpa_theia:n66153,darpa_theia:n68607,type_0,type_2,rel_2,0,0,0,0,train:window_17,0,180410.0
1719.0,darpa_theia:n66153,darpa_theia:n68664,type_0,type_3,rel_11,0,0,0,0,train:window_17,0,180415.0
1720.0,darpa_theia:n66204,darpa_theia:n74088,type_1,type_0,rel_1,0,0,0,0,train:window_17,0,180441.0
1721.0,darpa_theia:n66240,darpa_theia:n63923,type_1,type_0,rel_1,0,0,0,0,train:window_17,0,180457.0
1722.0,darpa_theia:n66346,darpa_theia:n185836,type_3,type_0,rel_4,1,0,1,0,train:window_17,1,180506.0
1723.0,darpa_theia:n66453,darpa_theia:n66094,type_3,type_0,rel_4,0,0,0,0,train:window_17,0,180566.0
1724.0,darpa_theia:n66564,darpa_theia:n63923,type_1,type_0,rel_1,0,0,0,0,train:window_17,0,180608.0
1725.0,darpa_theia:n66577,darpa_theia:n63923,type_1,type_0,rel_1,0,0,0,0,train:window_17,0,180619.0
1726.0,darpa_theia:n66626,darpa_theia:n65292,type_3,type_0,rel_4,0,0,0,0,train:window_17,0,180675.0
1727.0,darpa_theia:n66717,darpa_theia:n66872,type_0,type_2,rel_10,0,0,0,0,train:window_17,0,180749.0
1728.0,darpa_theia:n66883,darpa_theia:n910,type_0,type_1,rel_0,0,0,0,0,train:window_17,0,180803.0
1729.0,darpa_theia:n66883,darpa_theia:n66924,type_0,type_2,rel_10,0,0,0,0,train:window_17,0,180838.0
1730.0,darpa_theia:n66883,darpa_theia:n67088,type_0,type_2,rel_2,0,0,0,0,train:window_17,0,181049.0
1731.0,darpa_theia:n66883,darpa_theia:n1367,type_0,type_1,rel_0,0,0,0,0,train:window_17,0,181058.0
1732.0,darpa_theia:n66883,darpa_theia:n67244,type_0,type_0,rel_8,0,0,0,0,train:window_17,0,181186.0
1733.0,darpa_theia:n66883,darpa_theia:n67454,type_0,type_2,rel_10,0,0,0,0,train:window_17,0,181445.0
1734.0,darpa_theia:n66883,darpa_theia:n68004,type_0,type_2,rel_2,0,0,0,0,train:window_17,0,181469.0
1735.0,darpa_theia:n67082,darpa_theia:n1428,type_0,type_1,rel_0,0,0,0,0,train:window_17,0,181521.0
1736.0,darpa_theia:n67082,darpa_theia:n1464,type_0,type_1,rel_0,0,0,0,0,train:window_17,0,181546.0
1737.0,darpa_theia:n67160,darpa_theia:n67174,type_0,type_2,rel_2,0,0,0,0,train:window_17,0,181571.0
1738.0,darpa_theia:n67460,darpa_theia:n67552,type_0,type_2,rel_2,0,0,0,0,train:window_17,0,181847.0
1739.0,darpa_theia:n67671,darpa_theia:n67912,type_0,type_2,rel_10,0,0,0,0,train:window_17,0,182075.0
1740.0,darpa_theia:n67720,darpa_theia:n931,type_0,type_1,rel_0,0,0,0,0,train:window_17,0,182119.0
1741.0,darpa_theia:n67851,darpa_theia:n67879,type_0,type_2,rel_2,0,0,0,0,train:window_17,0,182334.0
1742.0,darpa_theia:n67939,darpa_theia:n1117,type_0,type_1,rel_0,0,0,0,0,train:window_17,0,182419.0
1743.0,darpa_theia:n68288,darpa_theia:n74088,type_1,type_0,rel_1,0,0,0,0,train:window_17,0,182532.0
1744.0,darpa_theia:n68503,darpa_theia:n74088,type_1,type_0,rel_1,0,0,0,0,train:window_17,0,182700.0
1745.0,darpa_theia:n68792,darpa_theia:n66153,type_3,type_0,rel_4,0,0,0,0,train:window_17,0,182820.0
1746.0,darpa_theia:n68954,darpa_theia:n69009,type_0,type_2,rel_10,0,0,0,0,train:window_17,0,182935.0
1747.0,darpa_theia:n68954,darpa_theia:n1005,type_0,type_1,rel_0,0,0,0,0,train:window_17,0,182992.0
1748.0,darpa_theia:n68954,darpa_theia:n69193,type_0,type_2,rel_2,0,0,0,0,train:window_17,0,183186.0
1749.0,darpa_theia:n68954,darpa_theia:n69202,type_0,type_2,rel_2,0,0,0,0,train:window_17,0,183198.0
1750.0,darpa_theia:n68954,darpa_theia:n69225,type_0,type_2,rel_2,0,0,0,0,train:window_17,0,183204.0
1751.0,darpa_theia:n68954,darpa_theia:n69731,type_0,type_2,rel_2,0,0,0,0,train:window_17,0,183768.0
1752.0,darpa_theia:n68954,darpa_theia:n70014,type_0,type_2,rel_10,0,0,0,0,train:window_17,0,184046.0
1753.0,darpa_theia:n68954,darpa_theia:n70022,type_0,type_2,rel_2,0,0,0,0,train:window_17,0,184055.0
1754.0,darpa_theia:n68954,darpa_theia:n70163,type_0,type_2,rel_10,0,0,0,0,train:window_17,0,184180.0
1755.0,darpa_theia:n68954,darpa_theia:n70165,type_0,type_2,rel_10,0,0,0,0,train:window_17,0,184182.0
1756.0,darpa_theia:n68954,darpa_theia:n70303,type_0,type_2,rel_2,0,0,0,0,train:window_17,0,184305.0
1757.0,darpa_theia:n68954,darpa_theia:n70381,type_0,type_2,rel_10,0,0,0,0,train:window_17,0,184361.0
1758.0,darpa_theia:n68954,darpa_theia:n70408,type_0,type_2,rel_10,0,0,0,0,train:window_17,0,184380.0
1759.0,darpa_theia:n68954,darpa_theia:n70500,type_0,type_2,rel_10,0,0,0,0,train:window_17,0,184471.0
1760.0,darpa_theia:n68954,darpa_theia:n70529,type_0,type_2,rel_10,0,0,0,0,train:window_17,0,184500.0
1761.0,darpa_theia:n68954,darpa_theia:n70709,type_0,type_2,rel_10,0,0,0,0,train:window_17,0,184648.0
1762.0,darpa_theia:n68954,darpa_theia:n70779,type_0,type_2,rel_10,0,0,0,0,train:window_17,0,184705.0
1763.0,darpa_theia:n68954,darpa_theia:n70945,type_0,type_2,rel_10,0,0,0,0,train:window_17,0,184801.0
1764.0,darpa_theia:n68954,darpa_theia:n70947,type_0,type_2,rel_10,0,0,0,0,train:window_17,0,184803.0
1765.0,darpa_theia:n68954,darpa_theia:n71130,type_0,type_2,rel_10,0,0,0,0,train:window_17,0,184979.0
1766.0,darpa_theia:n68954,darpa_theia:n71555,type_0,type_2,rel_10,0,0,0,0,train:window_17,0,185212.0
1767.0,darpa_theia:n68954,darpa_theia:n73430,type_0,type_2,rel_10,0,0,0,0,train:window_17,0,185653.0
1768.0,darpa_theia:n69328,darpa_theia:n71236,type_0,type_3,rel_11,1,1,0,1,train:window_17,1,185803.0
1769.0,darpa_theia:n69328,darpa_theia:n71282,type_0,type_3,rel_11,1,1,0,1,train:window_17,1,185817.0
1770.0,darpa_theia:n69328,darpa_theia:n73116,type_0,type_3,rel_3,0,0,0,0,train:window_17,0,185854.0
1771.0,darpa_theia:n69328,darpa_theia:n73120,type_0,type_3,rel_11,1,1,0,1,train:window_17,1,185855.0
1772.0,darpa_theia:n69450,darpa_theia:n1790,type_0,type_1,rel_0,0,0,0,0,train:window_17,0,186074.0
1773.0,darpa_theia:n69748,darpa_theia:n69759,type_0,type_2,rel_2,0,0,0,0,train:window_17,0,186332.0
1774.0,darpa_theia:n70040,darpa_theia:n65867,type_0,type_1,rel_0,0,0,0,0,train:window_17,0,186567.0
1775.0,darpa_theia:n70804,darpa_theia:n73369,type_0,type_2,rel_2,0,0,0,0,train:window_17,0,186902.0
1776.0,darpa_theia:n71157,darpa_theia:n70072,type_3,type_0,rel_4,0,0,0,0,train:window_17,0,187016.0
1777.0,darpa_theia:n71247,darpa_theia:n69328,type_3,type_0,rel_4,0,0,0,0,train:window_17,0,187095.0
1778.0,darpa_theia:n71456,darpa_theia:n68954,type_1,type_0,rel_1,0,0,0,0,train:window_17,0,187165.0
1779.0,darpa_theia:n71715,darpa_theia:n68954,type_1,type_0,rel_1,0,0,0,0,train:window_17,0,187325.0
1780.0,darpa_theia:n71768,darpa_theia:n1017,type_0,type_1,rel_0,0,0,0,0,train:window_17,0,187450.0
1781.0,darpa_theia:n71768,darpa_theia:n71880,type_0,type_2,rel_2,0,0,0,0,train:window_17,0,187477.0
1782.0,darpa_theia:n71768,darpa_theia:n1089,type_0,type_1,rel_0,0,0,0,0,train:window_17,0,187522.0
1783.0,darpa_theia:n71768,darpa_theia:n72028,type_0,type_2,rel_2,0,0,0,0,train:window_17,0,187678.0
1784.0,darpa_theia:n71768,darpa_theia:n1496,type_0,type_1,rel_0,0,0,0,0,train:window_17,0,187872.0
1785.0,darpa_theia:n71768,darpa_theia:n72898,type_0,type_2,rel_10,0,0,0,0,train:window_17,0,188027.0
1786.0,darpa_theia:n71768,darpa_theia:n72926,type_0,type_2,rel_10,0,0,0,0,train:window_17,0,188049.0
1787.0,darpa_theia:n72046,darpa_theia:n72074,type_0,type_2,rel_10,0,0,0,0,train:window_17,0,188147.0
1788.0,darpa_theia:n72219,darpa_theia:n72226,type_0,type_2,rel_2,0,0,0,0,train:window_17,0,188200.0
1789.0,darpa_theia:n72553,darpa_theia:n72570,type_0,type_2,rel_10,0,0,0,0,train:window_17,0,188556.0
1790.0,darpa_theia:n72553,darpa_theia:n72578,type_0,type_2,rel_2,0,0,0,0,train:window_17,0,188568.0
1791.0,darpa_theia:n72553,darpa_theia:n5560,type_0,type_1,rel_0,0,0,0,0,train:window_17,0,188624.0
1792.0,darpa_theia:n72733,darpa_theia:n72740,type_0,type_2,rel_2,0,0,0,0,train:window_17,0,188848.0
1793.0,darpa_theia:n72733,darpa_theia:n72771,type_0,type_2,rel_10,0,0,0,0,train:window_17,0,188889.0
1794.0,darpa_theia:n72820,darpa_theia:n329,type_0,type_1,rel_0,0,0,0,0,train:window_17,0,188919.0
1795.0,darpa_theia:n72820,darpa_theia:n72852,type_0,type_2,rel_2,0,0,0,0,train:window_17,0,188958.0
1796.0,darpa_theia:n73126,darpa_theia:n185836,type_3,type_0,rel_4,1,0,1,0,train:window_17,1,189030.0
1797.0,darpa_theia:n73182,darpa_theia:n68954,type_1,type_0,rel_1,0,0,0,0,train:window_17,0,189059.0
1798.0,darpa_theia:n73343,darpa_theia:n309,type_0,type_3,rel_3,0,0,0,0,train:window_17,0,189077.0
1799.0,darpa_theia:n73488,darpa_theia:n73570,type_0,type_2,rel_2,0,0,0,0,train:window_17,0,189256.0
1800.0,darpa_theia:n73488,darpa_theia:n73593,type_0,type_2,rel_2,0,0,0,0,train:window_17,0,189286.0
1801.0,darpa_theia:n73488,darpa_theia:n1033,type_0,type_1,rel_0,0,0,0,0,train:window_18,0,189303.0
1802.0,darpa_theia:n73488,darpa_theia:n1077,type_0,type_1,rel_0,0,0,0,0,train:window_18,0,189347.0
1803.0,darpa_theia:n73488,darpa_theia:n73782,type_0,type_2,rel_2,0,0,0,0,train:window_18,0,189519.0
1804.0,darpa_theia:n73488,darpa_theia:n73861,type_0,type_2,rel_10,0,0,0,0,train:window_18,0,189559.0
1805.0,darpa_theia:n73488,darpa_theia:n73895,type_0,type_2,rel_10,0,0,0,0,train:window_18,0,189595.0
1806.0,darpa_theia:n73488,darpa_theia:n74033,type_0,type_2,rel_2,0,0,0,0,train:window_18,0,189781.0
1807.0,darpa_theia:n73488,darpa_theia:n1731,type_0,type_1,rel_0,0,0,0,0,train:window_18,0,189788.0
1808.0,darpa_theia:n73488,darpa_theia:n74106,type_0,type_2,rel_10,0,0,0,0,train:window_18,0,189856.0
1809.0,darpa_theia:n73488,darpa_theia:n74132,type_0,type_2,rel_10,0,0,0,0,train:window_18,0,189891.0
1810.0,darpa_theia:n73488,darpa_theia:n1963,type_0,type_1,rel_0,0,0,0,0,train:window_18,0,189958.0
1811.0,darpa_theia:n73488,darpa_theia:n74243,type_0,type_2,rel_10,0,0,0,0,train:window_18,0,190028.0
1812.0,darpa_theia:n73488,darpa_theia:n74475,type_0,type_2,rel_10,0,0,0,0,train:window_18,0,190257.0
1813.0,darpa_theia:n73488,darpa_theia:n74562,type_0,type_2,rel_10,0,0,0,0,train:window_18,0,190345.0
1814.0,darpa_theia:n73488,darpa_theia:n74767,type_0,type_2,rel_10,0,0,0,0,train:window_18,0,190534.0
1815.0,darpa_theia:n73488,darpa_theia:n74854,type_0,type_2,rel_2,0,0,0,0,train:window_18,0,190605.0
1816.0,darpa_theia:n73488,darpa_theia:n74994,type_0,type_2,rel_10,0,0,0,0,train:window_18,0,190714.0
1817.0,darpa_theia:n73488,darpa_theia:n75045,type_0,type_2,rel_10,0,0,0,0,train:window_18,0,190765.0
1818.0,darpa_theia:n73488,darpa_theia:n75254,type_0,type_2,rel_10,0,0,0,0,train:window_18,0,190942.0
1819.0,darpa_theia:n73488,darpa_theia:n75298,type_0,type_2,rel_10,0,0,0,0,train:window_18,0,190973.0
1820.0,darpa_theia:n73488,darpa_theia:n75529,type_0,type_2,rel_10,0,0,0,0,train:window_18,0,191131.0
1821.0,darpa_theia:n73488,darpa_theia:n75582,type_0,type_2,rel_10,0,0,0,0,train:window_18,0,191181.0
1822.0,darpa_theia:n73488,darpa_theia:n75696,type_0,type_2,rel_10,0,0,0,0,train:window_18,0,191276.0
1823.0,darpa_theia:n73488,darpa_theia:n75700,type_0,type_2,rel_10,0,0,0,0,train:window_18,0,191280.0
1824.0,darpa_theia:n73488,darpa_theia:n76132,type_0,type_1,rel_0,0,0,0,0,train:window_18,0,191485.0
1825.0,darpa_theia:n73488,darpa_theia:n76336,type_0,type_2,rel_10,0,0,0,0,train:window_18,0,191616.0
1826.0,darpa_theia:n73488,darpa_theia:n78028,type_0,type_1,rel_0,0,0,0,0,train:window_18,0,191876.0
1827.0,darpa_theia:n73488,darpa_theia:n78406,type_0,type_2,rel_10,0,0,0,0,train:window_18,0,191950.0
1828.0,darpa_theia:n73862,darpa_theia:n75692,type_0,type_3,rel_11,1,1,0,1,train:window_18,1,192197.0
1829.0,darpa_theia:n73862,darpa_theia:n75881,type_0,type_3,rel_11,1,1,0,1,train:window_18,1,192251.0
1830.0,darpa_theia:n73862,darpa_theia:n75912,type_0,type_3,rel_11,1,1,0,1,train:window_18,1,192269.0
1831.0,darpa_theia:n73862,darpa_theia:n75967,type_0,type_3,rel_11,1,1,0,1,train:window_18,1,192305.0
1832.0,darpa_theia:n73862,darpa_theia:n77824,type_0,type_3,rel_11,1,1,0,1,train:window_18,1,192327.0
1833.0,darpa_theia:n73862,darpa_theia:n77825,type_0,type_3,rel_11,1,1,0,1,train:window_18,1,192328.0
1834.0,darpa_theia:n73862,darpa_theia:n77834,type_0,type_3,rel_11,1,1,0,1,train:window_18,1,192336.0
1835.0,darpa_theia:n73862,darpa_theia:n77838,type_0,type_3,rel_11,1,1,0,1,train:window_18,1,192339.0
1836.0,darpa_theia:n73862,darpa_theia:n77924,type_0,type_3,rel_11,1,1,0,1,train:window_18,1,192392.0
1837.0,darpa_theia:n73862,darpa_theia:n77979,type_0,type_3,rel_11,1,1,0,1,train:window_18,1,192433.0
1838.0,darpa_theia:n73862,darpa_theia:n77993,type_0,type_3,rel_11,1,1,0,1,train:window_18,1,192447.0
1839.0,darpa_theia:n73862,darpa_theia:n68414,type_0,type_3,rel_11,1,1,0,1,train:window_18,1,192482.0
1840.0,darpa_theia:n73862,darpa_theia:n78038,type_0,type_3,rel_11,1,1,0,1,train:window_18,1,192488.0
1841.0,darpa_theia:n73862,darpa_theia:n78041,type_0,type_3,rel_11,1,1,0,1,train:window_18,1,192490.0
1842.0,darpa_theia:n73862,darpa_theia:n78042,type_0,type_3,rel_11,1,1,0,1,train:window_18,1,192491.0
1843.0,darpa_theia:n73862,darpa_theia:n78076,type_0,type_3,rel_11,1,1,0,1,train:window_18,1,192508.0
1844.0,darpa_theia:n73862,darpa_theia:n78081,type_0,type_3,rel_11,1,1,0,1,train:window_18,1,192510.0
1845.0,darpa_theia:n73862,darpa_theia:n78150,type_0,type_3,rel_11,1,1,0,1,train:window_18,1,192521.0
1846.0,darpa_theia:n73862,darpa_theia:n78171,type_0,type_3,rel_11,1,1,0,1,train:window_18,1,192533.0
1847.0,darpa_theia:n73932,darpa_theia:n73965,type_0,type_2,rel_10,0,0,0,0,train:window_18,0,192617.0
1848.0,darpa_theia:n74088,darpa_theia:n75751,type_0,type_1,rel_0,0,0,0,0,train:window_18,0,192809.0
1849.0,darpa_theia:n74088,darpa_theia:n77858,type_0,type_1,rel_0,0,0,0,0,train:window_18,0,192988.0
1850.0,darpa_theia:n74088,darpa_theia:n77934,type_0,type_1,rel_0,0,0,0,0,train:window_18,0,193012.0
1851.0,darpa_theia:n74258,darpa_theia:n76369,type_0,type_1,rel_2,0,0,0,0,train:window_18,0,193245.0
1852.0,darpa_theia:n74279,darpa_theia:n74280,type_0,type_2,rel_2,0,0,0,0,train:window_18,0,193284.0
1853.0,darpa_theia:n74549,darpa_theia:n76210,type_0,type_2,rel_10,0,0,0,0,train:window_18,0,193387.0
1854.0,darpa_theia:n74549,darpa_theia:n76391,type_0,type_2,rel_10,0,0,0,0,train:window_18,0,193393.0
1855.0,darpa_theia:n74549,darpa_theia:n78274,type_0,type_2,rel_10,0,0,0,0,train:window_18,0,193420.0
1856.0,darpa_theia:n74568,darpa_theia:n70888,type_0,type_1,rel_0,0,0,0,0,train:window_18,0,193567.0
1857.0,darpa_theia:n74568,darpa_theia:n75443,type_0,type_1,rel_0,0,0,0,0,train:window_18,0,193590.0
1858.0,darpa_theia:n74792,darpa_theia:n78485,type_0,type_2,rel_2,0,0,0,0,train:window_18,0,193665.0
1859.0,darpa_theia:n74840,darpa_theia:n4328,type_0,type_1,rel_0,0,0,0,0,train:window_18,0,193719.0
1860.0,darpa_theia:n75449,darpa_theia:n82135,type_1,type_0,rel_1,0,0,0,0,train:window_18,0,193978.0
1861.0,darpa_theia:n75677,darpa_theia:n76388,type_0,type_3,rel_11,0,0,0,0,train:window_18,0,194077.0
1862.0,darpa_theia:n75874,darpa_theia:n94746,type_1,type_0,rel_1,0,0,0,0,train:window_18,0,194173.0
1863.0,darpa_theia:n75880,darpa_theia:n94746,type_1,type_0,rel_1,0,0,0,0,train:window_18,0,194177.0
1864.0,darpa_theia:n76088,darpa_theia:n73488,type_1,type_0,rel_1,0,0,0,0,train:window_18,0,194264.0
1865.0,darpa_theia:n76206,darpa_theia:n296304,type_3,type_0,rel_4,0,0,0,0,train:window_18,0,194380.0
1866.0,darpa_theia:n76476,darpa_theia:n76553,type_0,type_2,rel_2,0,0,0,0,train:window_18,0,194577.0
1867.0,darpa_theia:n76476,darpa_theia:n76658,type_0,type_2,rel_10,0,0,0,0,train:window_18,0,194717.0
1868.0,darpa_theia:n76476,darpa_theia:n1179,type_0,type_1,rel_0,0,0,0,0,train:window_18,0,194762.0
1869.0,darpa_theia:n76476,darpa_theia:n76723,type_0,type_2,rel_10,0,0,0,0,train:window_18,0,194804.0
1870.0,darpa_theia:n76476,darpa_theia:n1469,type_0,type_1,rel_0,0,0,0,0,train:window_18,0,194991.0
1871.0,darpa_theia:n76476,darpa_theia:n1537,type_0,type_1,rel_0,0,0,0,0,train:window_18,0,195059.0
1872.0,darpa_theia:n76476,darpa_theia:n77037,type_0,type_2,rel_10,0,0,0,0,train:window_18,0,195126.0
1873.0,darpa_theia:n76476,darpa_theia:n77047,type_0,type_2,rel_10,0,0,0,0,train:window_18,0,195136.0
1874.0,darpa_theia:n76749,darpa_theia:n1117,type_0,type_1,rel_0,0,0,0,0,train:window_18,0,195302.0
1875.0,darpa_theia:n76928,darpa_theia:n76957,type_0,type_2,rel_2,0,0,0,0,train:window_18,0,195375.0
1876.0,darpa_theia:n77051,darpa_theia:n77152,type_0,type_2,rel_2,0,0,0,0,train:window_18,0,195547.0
1877.0,darpa_theia:n77311,darpa_theia:n77333,type_0,type_2,rel_10,0,0,0,0,train:window_18,0,195839.0
1878.0,darpa_theia:n77311,darpa_theia:n77391,type_0,type_2,rel_2,0,0,0,0,train:window_18,0,195916.0
1879.0,darpa_theia:n77311,darpa_theia:n77410,type_0,type_2,rel_2,0,0,0,0,train:window_18,0,195942.0
1880.0,darpa_theia:n77311,darpa_theia:n77416,type_0,type_2,rel_2,0,0,0,0,train:window_18,0,195950.0
1881.0,darpa_theia:n77532,darpa_theia:n77540,type_0,type_2,rel_2,0,0,0,0,train:window_18,0,196077.0
1882.0,darpa_theia:n77532,darpa_theia:n885,type_0,type_1,rel_0,0,0,0,0,train:window_18,0,196080.0
1883.0,darpa_theia:n77640,darpa_theia:n74601,type_3,type_0,rel_4,0,0,0,0,train:window_18,0,196143.0
1884.0,darpa_theia:n77907,darpa_theia:n94746,type_1,type_0,rel_1,0,0,0,0,train:window_18,0,196222.0
1885.0,darpa_theia:n77952,darpa_theia:n73862,type_3,type_0,rel_4,1,0,1,0,train:window_18,1,196253.0
1886.0,darpa_theia:n77993,darpa_theia:n73862,type_3,type_0,rel_4,1,0,1,0,train:window_18,1,196284.0
1887.0,darpa_theia:n78014,darpa_theia:n73862,type_3,type_0,rel_4,1,0,1,0,train:window_18,1,196298.0
1888.0,darpa_theia:n78092,darpa_theia:n94746,type_1,type_0,rel_1,0,0,0,0,train:window_18,0,196356.0
1889.0,darpa_theia:n78564,darpa_theia:n78646,type_0,type_2,rel_2,0,0,0,0,train:window_18,0,196644.0
1890.0,darpa_theia:n78564,darpa_theia:n6860,type_0,type_1,rel_0,0,0,0,0,train:window_18,0,196738.0
1891.0,darpa_theia:n78564,darpa_theia:n78798,type_0,type_2,rel_2,0,0,0,0,train:window_18,0,196847.0
1892.0,darpa_theia:n78564,darpa_theia:n7110,type_0,type_1,rel_0,0,0,0,0,train:window_18,0,196959.0
1893.0,darpa_theia:n78564,darpa_theia:n79003,type_0,type_2,rel_2,0,0,0,0,train:window_18,0,197019.0
1894.0,darpa_theia:n78564,darpa_theia:n79122,type_0,type_0,rel_8,0,0,0,0,train:window_18,0,197128.0
1895.0,darpa_theia:n78564,darpa_theia:n79125,type_0,type_2,rel_2,0,0,0,0,train:window_18,0,197191.0
1896.0,darpa_theia:n78564,darpa_theia:n79146,type_0,type_2,rel_2,0,0,0,0,train:window_18,0,197236.0
1897.0,darpa_theia:n78564,darpa_theia:n7404,type_0,type_1,rel_0,0,0,0,0,train:window_18,0,197278.0
1898.0,darpa_theia:n78564,darpa_theia:n7496,type_0,type_1,rel_0,0,0,0,0,train:window_18,0,197395.0
1899.0,darpa_theia:n78564,darpa_theia:n7514,type_0,type_1,rel_0,0,0,0,0,train:window_18,0,197413.0
1900.0,darpa_theia:n78564,darpa_theia:n79318,type_0,type_2,rel_2,0,0,0,0,train:window_18,0,197426.0
1901.0,darpa_theia:n78564,darpa_theia:n79361,type_0,type_2,rel_2,0,0,0,0,train:window_19,0,197483.0
1902.0,darpa_theia:n78564,darpa_theia:n79365,type_0,type_1,rel_0,0,0,0,0,train:window_19,0,197487.0
1903.0,darpa_theia:n78586,darpa_theia:n885,type_0,type_1,rel_0,0,0,0,0,train:window_19,0,197593.0
1904.0,darpa_theia:n78808,darpa_theia:n78900,type_0,type_2,rel_2,0,0,0,0,train:window_19,0,197645.0
1905.0,darpa_theia:n78914,darpa_theia:n78934,type_0,type_2,rel_2,0,0,0,0,train:window_19,0,197704.0
1906.0,darpa_theia:n79099,darpa_theia:n79441,type_0,type_3,rel_11,1,1,0,1,train:window_19,1,197792.0
1907.0,darpa_theia:n79373,darpa_theia:n145,type_0,type_1,rel_0,0,0,0,0,train:window_19,0,197924.0
1908.0,darpa_theia:n79594,darpa_theia:n79614,type_0,type_2,rel_10,0,0,0,0,train:window_19,0,198241.0
1909.0,darpa_theia:n79594,darpa_theia:n79757,type_0,type_2,rel_10,0,0,0,0,train:window_19,0,198421.0
1910.0,darpa_theia:n79594,darpa_theia:n1105,type_0,type_1,rel_0,0,0,0,0,train:window_19,0,198431.0
1911.0,darpa_theia:n79594,darpa_theia:n79809,type_0,type_2,rel_2,0,0,0,0,train:window_19,0,198490.0
1912.0,darpa_theia:n79594,darpa_theia:n1211,type_0,type_1,rel_0,0,0,0,0,train:window_19,0,198594.0
1913.0,darpa_theia:n79594,darpa_theia:n7156,type_0,type_1,rel_0,0,0,0,0,train:window_19,0,198676.0
1914.0,darpa_theia:n79594,darpa_theia:n80006,type_0,type_2,rel_2,0,0,0,0,train:window_19,0,198677.0
1915.0,darpa_theia:n79594,darpa_theia:n80009,type_0,type_2,rel_2,0,0,0,0,train:window_19,0,198681.0
1916.0,darpa_theia:n79594,darpa_theia:n80289,type_0,type_2,rel_10,0,0,0,0,train:window_19,0,199022.0
1917.0,darpa_theia:n79594,darpa_theia:n80412,type_0,type_2,rel_2,0,0,0,0,train:window_19,0,199181.0
1918.0,darpa_theia:n79594,darpa_theia:n80937,type_0,type_0,rel_8,0,0,0,0,train:window_19,0,199217.0
1919.0,darpa_theia:n79838,darpa_theia:n79889,type_0,type_2,rel_10,0,0,0,0,train:window_19,0,199275.0
1920.0,darpa_theia:n80282,darpa_theia:n80958,type_0,type_1,rel_0,0,0,0,0,train:window_19,0,199522.0
1921.0,darpa_theia:n80390,darpa_theia:n3573,type_0,type_1,rel_0,0,0,0,0,train:window_19,0,199593.0
1922.0,darpa_theia:n80402,darpa_theia:n80390,type_3,type_0,rel_4,0,0,0,0,train:window_19,0,199610.0
1923.0,darpa_theia:n80417,darpa_theia:n80549,type_0,type_2,rel_2,0,0,0,0,train:window_19,0,199777.0
1924.0,darpa_theia:n80610,darpa_theia:n80619,type_0,type_2,rel_10,0,0,0,0,train:window_19,0,199871.0
1925.0,darpa_theia:n80659,darpa_theia:n5116,type_0,type_1,rel_0,0,0,0,0,train:window_19,0,200050.0
1926.0,darpa_theia:n80782,darpa_theia:n1248,type_0,type_1,rel_0,0,0,0,0,train:window_19,0,200199.0
1927.0,darpa_theia:n80854,darpa_theia:n80856,type_0,type_2,rel_2,0,0,0,0,train:window_19,0,200214.0
1928.0,darpa_theia:n80914,darpa_theia:n80915,type_0,type_2,rel_2,0,0,0,0,train:window_19,0,200284.0
1929.0,darpa_theia:n81001,darpa_theia:n309,type_0,type_3,rel_3,0,0,0,0,train:window_19,0,200340.0
1930.0,darpa_theia:n81031,darpa_theia:n81035,type_0,type_3,rel_11,0,0,0,0,train:window_19,0,200431.0
1931.0,darpa_theia:n81051,darpa_theia:n81054,type_0,type_2,rel_10,0,0,0,0,train:window_19,0,200484.0
1932.0,darpa_theia:n81051,darpa_theia:n81177,type_0,type_2,rel_2,0,0,0,0,train:window_19,0,200649.0
1933.0,darpa_theia:n81051,darpa_theia:n1496,type_0,type_1,rel_0,0,0,0,0,train:window_19,0,200999.0
1934.0,darpa_theia:n81051,darpa_theia:n1529,type_0,type_1,rel_0,0,0,0,0,train:window_19,0,201032.0
1935.0,darpa_theia:n81051,darpa_theia:n81616,type_0,type_2,rel_10,0,0,0,0,train:window_19,0,201141.0
1936.0,darpa_theia:n81051,darpa_theia:n81624,type_0,type_2,rel_2,0,0,0,0,train:window_19,0,201149.0
1937.0,darpa_theia:n81051,darpa_theia:n81651,type_0,type_2,rel_10,0,0,0,0,train:window_19,0,201175.0
1938.0,darpa_theia:n81051,darpa_theia:n81798,type_0,type_2,rel_10,0,0,0,0,train:window_19,0,201350.0
1939.0,darpa_theia:n81051,darpa_theia:n2160,type_0,type_1,rel_0,0,0,0,0,train:window_19,0,201450.0
1940.0,darpa_theia:n81051,darpa_theia:n82150,type_0,type_2,rel_10,0,0,0,0,train:window_19,0,201703.0
1941.0,darpa_theia:n81051,darpa_theia:n82235,type_0,type_2,rel_10,0,0,0,0,train:window_19,0,201774.0
1942.0,darpa_theia:n81051,darpa_theia:n82349,type_0,type_2,rel_10,0,0,0,0,train:window_19,0,201891.0
1943.0,darpa_theia:n81051,darpa_theia:n82427,type_0,type_2,rel_2,0,0,0,0,train:window_19,0,201949.0
1944.0,darpa_theia:n81051,darpa_theia:n82564,type_0,type_2,rel_10,0,0,0,0,train:window_19,0,202054.0
1945.0,darpa_theia:n81051,darpa_theia:n82674,type_0,type_2,rel_10,0,0,0,0,train:window_19,0,202163.0
1946.0,darpa_theia:n81051,darpa_theia:n82928,type_0,type_2,rel_10,0,0,0,0,train:window_19,0,202368.0
1947.0,darpa_theia:n81051,darpa_theia:n83212,type_0,type_2,rel_10,0,0,0,0,train:window_19,0,202579.0
1948.0,darpa_theia:n81051,darpa_theia:n83713,type_0,type_2,rel_10,0,0,0,0,train:window_19,0,202901.0
1949.0,darpa_theia:n81051,darpa_theia:n85074,type_0,type_2,rel_10,0,0,0,0,train:window_19,0,203047.0
1950.0,darpa_theia:n81051,darpa_theia:n85121,type_0,type_2,rel_10,0,0,0,0,train:window_19,0,203085.0
1951.0,darpa_theia:n81051,darpa_theia:n85382,type_0,type_1,rel_0,0,0,0,0,train:window_19,0,203122.0
1952.0,darpa_theia:n81051,darpa_theia:n85579,type_0,type_2,rel_10,0,0,0,0,train:window_19,0,203181.0
1953.0,darpa_theia:n81051,darpa_theia:n85627,type_0,type_2,rel_10,0,0,0,0,train:window_19,0,203210.0
1954.0,darpa_theia:n81360,darpa_theia:n1256,type_0,type_1,rel_0,0,0,0,0,train:window_19,0,203436.0
1955.0,darpa_theia:n81400,darpa_theia:n13,type_0,type_3,rel_6,0,0,0,0,train:window_19,0,203437.0
1956.0,darpa_theia:n81421,darpa_theia:n83297,type_0,type_3,rel_11,1,1,0,1,train:window_19,1,203453.0
1957.0,darpa_theia:n81421,darpa_theia:n83300,type_0,type_3,rel_3,0,0,0,0,train:window_19,0,203456.0
1958.0,darpa_theia:n81421,darpa_theia:n85115,type_0,type_3,rel_11,1,1,0,1,train:window_19,1,203487.0
1959.0,darpa_theia:n81421,darpa_theia:n85128,type_0,type_3,rel_11,1,1,0,1,train:window_19,1,203493.0
1960.0,darpa_theia:n81421,darpa_theia:n85151,type_0,type_3,rel_11,1,1,0,1,train:window_19,1,203507.0
1961.0,darpa_theia:n81421,darpa_theia:n85156,type_0,type_3,rel_11,1,1,0,1,train:window_19,1,203512.0
1962.0,darpa_theia:n81421,darpa_theia:n85210,type_0,type_3,rel_11,1,1,0,1,train:window_19,1,203553.0
1963.0,darpa_theia:n81421,darpa_theia:n85277,type_0,type_3,rel_11,1,1,0,1,train:window_19,1,203590.0
1964.0,darpa_theia:n81421,darpa_theia:n85301,type_0,type_3,rel_11,1,1,0,1,train:window_19,1,203612.0
1965.0,darpa_theia:n81421,darpa_theia:n85346,type_0,type_3,rel_11,1,1,0,1,train:window_19,1,203630.0
1966.0,darpa_theia:n81421,darpa_theia:n85388,type_0,type_3,rel_11,1,1,0,1,train:window_19,1,203640.0
1967.0,darpa_theia:n81421,darpa_theia:n85389,type_0,type_3,rel_11,1,1,0,1,train:window_19,1,203641.0
1968.0,darpa_theia:n81421,darpa_theia:n85436,type_0,type_3,rel_11,1,1,0,1,train:window_19,1,203662.0
1969.0,darpa_theia:n81493,darpa_theia:n81494,type_0,type_2,rel_2,0,0,0,0,train:window_19,0,203737.0
1970.0,darpa_theia:n81544,darpa_theia:n1626,type_0,type_1,rel_9,0,0,0,0,train:window_19,0,203792.0
1971.0,darpa_theia:n81544,darpa_theia:n1689,type_0,type_1,rel_0,0,0,0,0,train:window_19,0,203860.0
1972.0,darpa_theia:n81544,darpa_theia:n1782,type_0,type_1,rel_0,0,0,0,0,train:window_19,0,203901.0
1973.0,darpa_theia:n81649,darpa_theia:n83332,type_0,type_1,rel_0,0,0,0,0,train:window_19,0,203962.0
1974.0,darpa_theia:n81649,darpa_theia:n85244,type_0,type_1,rel_0,0,0,0,0,train:window_19,0,204086.0
1975.0,darpa_theia:n81822,darpa_theia:n83256,type_0,type_2,rel_2,0,0,0,0,train:window_19,0,204234.0
1976.0,darpa_theia:n82113,darpa_theia:n85538,type_0,type_2,rel_10,0,0,0,0,train:window_19,0,204427.0
1977.0,darpa_theia:n82113,darpa_theia:n85842,type_0,type_1,rel_0,0,0,0,0,train:window_19,0,204531.0
1978.0,darpa_theia:n82135,darpa_theia:n82981,type_0,type_1,rel_0,0,0,0,0,train:window_19,0,204595.0
1979.0,darpa_theia:n82204,darpa_theia:n81051,type_1,type_0,rel_1,0,0,0,0,train:window_19,0,204695.0
1980.0,darpa_theia:n82360,darpa_theia:n83610,type_0,type_3,rel_11,0,0,0,0,train:window_19,0,204728.0
1981.0,darpa_theia:n82974,darpa_theia:n86967,type_1,type_0,rel_1,0,0,0,0,train:window_19,0,204959.0
1982.0,darpa_theia:n83491,darpa_theia:n81051,type_1,type_0,rel_1,0,0,0,0,train:window_19,0,205174.0
1983.0,darpa_theia:n83594,darpa_theia:n83597,type_0,type_3,rel_11,0,0,0,0,train:window_19,0,205252.0
1984.0,darpa_theia:n83626,darpa_theia:n4270,type_0,type_1,rel_0,0,0,0,0,train:window_19,0,205293.0
1985.0,darpa_theia:n83670,darpa_theia:n83796,type_0,type_2,rel_10,0,0,0,0,train:window_19,0,205335.0
1986.0,darpa_theia:n83811,darpa_theia:n83949,type_0,type_2,rel_10,0,0,0,0,train:window_19,0,205568.0
1987.0,darpa_theia:n83811,darpa_theia:n83982,type_0,type_2,rel_2,0,0,0,0,train:window_19,0,205613.0
1988.0,darpa_theia:n83811,darpa_theia:n1171,type_0,type_1,rel_0,0,0,0,0,train:window_19,0,205662.0
1989.0,darpa_theia:n83811,darpa_theia:n84087,type_0,type_1,rel_0,0,0,0,0,train:window_19,0,205752.0
1990.0,darpa_theia:n83811,darpa_theia:n84160,type_0,type_2,rel_10,0,0,0,0,train:window_19,0,205773.0
1991.0,darpa_theia:n83811,darpa_theia:n84228,type_0,type_2,rel_2,0,0,0,0,train:window_19,0,205856.0
1992.0,darpa_theia:n83811,darpa_theia:n1523,type_0,type_1,rel_0,0,0,0,0,train:window_19,0,205953.0
1993.0,darpa_theia:n83811,darpa_theia:n1565,type_0,type_1,rel_0,0,0,0,0,train:window_19,0,205995.0
1994.0,darpa_theia:n84009,darpa_theia:n1430,type_0,type_1,rel_0,0,0,0,0,train:window_19,0,206116.0
1995.0,darpa_theia:n84387,darpa_theia:n84513,type_0,type_2,rel_2,0,0,0,0,train:window_19,0,206476.0
1996.0,darpa_theia:n84647,darpa_theia:n84710,type_0,type_2,rel_2,0,0,0,0,train:window_19,0,206794.0
1997.0,darpa_theia:n84867,darpa_theia:n13,type_0,type_3,rel_11,0,0,0,0,train:window_19,0,207018.0
1998.0,darpa_theia:n84991,darpa_theia:n82360,type_3,type_0,rel_4,0,0,0,0,train:window_19,0,207041.0
1999.0,darpa_theia:n85249,darpa_theia:n119997,type_1,type_0,rel_1,0,0,0,0,train:window_19,0,207131.0
2000.0,darpa_theia:n85454,darpa_theia:n185836,type_3,type_0,rel_4,1,0,1,0,train:window_19,1,207255.0
2001.0,darpa_theia:n85468,darpa_theia:n81421,type_3,type_0,rel_4,0,0,0,0,train:window_20,0,207263.0
2002.0,darpa_theia:n85472,darpa_theia:n185836,type_3,type_0,rel_4,1,0,1,0,train:window_20,1,207266.0
2003.0,darpa_theia:n85885,darpa_theia:n86253,type_0,type_0,rel_8,0,0,0,0,train:window_20,0,207764.0
2004.0,darpa_theia:n85885,darpa_theia:n1489,type_0,type_1,rel_0,0,0,0,0,train:window_20,0,207869.0
2005.0,darpa_theia:n85885,darpa_theia:n86322,type_0,type_2,rel_2,0,0,0,0,train:window_20,0,207943.0
2006.0,darpa_theia:n85885,darpa_theia:n86438,type_0,type_2,rel_10,0,0,0,0,train:window_20,0,208003.0
2007.0,darpa_theia:n85885,darpa_theia:n86456,type_0,type_2,rel_10,0,0,0,0,train:window_20,0,208023.0
2008.0,darpa_theia:n85885,darpa_theia:n86735,type_0,type_2,rel_2,0,0,0,0,train:window_20,0,208316.0
2009.0,darpa_theia:n85885,darpa_theia:n86908,type_0,type_2,rel_10,0,0,0,0,train:window_20,0,208504.0
2010.0,darpa_theia:n85885,darpa_theia:n86939,type_0,type_2,rel_10,0,0,0,0,train:window_20,0,208535.0
2011.0,darpa_theia:n85885,darpa_theia:n86964,type_0,type_2,rel_10,0,0,0,0,train:window_20,0,208561.0
2012.0,darpa_theia:n85885,darpa_theia:n86987,type_0,type_2,rel_10,0,0,0,0,train:window_20,0,208582.0
2013.0,darpa_theia:n85885,darpa_theia:n87089,type_0,type_2,rel_10,0,0,0,0,train:window_20,0,208669.0
2014.0,darpa_theia:n85885,darpa_theia:n87244,type_0,type_2,rel_10,0,0,0,0,train:window_20,0,208811.0
2015.0,darpa_theia:n85885,darpa_theia:n87349,type_0,type_2,rel_10,0,0,0,0,train:window_20,0,208882.0
2016.0,darpa_theia:n85885,darpa_theia:n87535,type_0,type_2,rel_10,0,0,0,0,train:window_20,0,209049.0
2017.0,darpa_theia:n85885,darpa_theia:n87639,type_0,type_2,rel_10,0,0,0,0,train:window_20,0,209143.0
2018.0,darpa_theia:n85885,darpa_theia:n88177,type_0,type_2,rel_10,0,0,0,0,train:window_20,0,209534.0
2019.0,darpa_theia:n85885,darpa_theia:n88253,type_0,type_1,rel_0,0,0,0,0,train:window_20,0,209577.0
2020.0,darpa_theia:n85885,darpa_theia:n88512,type_0,type_2,rel_10,0,0,0,0,train:window_20,0,209730.0
2021.0,darpa_theia:n85885,darpa_theia:n88586,type_0,type_2,rel_10,0,0,0,0,train:window_20,0,209775.0
2022.0,darpa_theia:n85885,darpa_theia:n89967,type_0,type_2,rel_10,0,0,0,0,train:window_20,0,209935.0
2023.0,darpa_theia:n85885,darpa_theia:n90722,type_0,type_2,rel_10,0,0,0,0,train:window_20,0,210138.0
2024.0,darpa_theia:n85885,darpa_theia:n91098,type_0,type_2,rel_10,0,0,0,0,train:window_20,0,210317.0
2025.0,darpa_theia:n85885,darpa_theia:n91311,type_0,type_2,rel_10,0,0,0,0,train:window_20,0,210467.0
2026.0,darpa_theia:n85885,darpa_theia:n91543,type_0,type_2,rel_10,0,0,0,0,train:window_20,0,210548.0
2027.0,darpa_theia:n86105,darpa_theia:n86163,type_0,type_2,rel_2,0,0,0,0,train:window_20,0,210558.0
2028.0,darpa_theia:n86105,darpa_theia:n877,type_0,type_1,rel_0,0,0,0,0,train:window_20,0,210598.0
2029.0,darpa_theia:n86257,darpa_theia:n88124,type_0,type_3,rel_11,1,1,0,1,train:window_20,1,210688.0
2030.0,darpa_theia:n86257,darpa_theia:n88236,type_0,type_3,rel_11,1,1,0,1,train:window_20,1,210719.0
2031.0,darpa_theia:n86257,darpa_theia:n88252,type_0,type_3,rel_11,1,1,0,1,train:window_20,1,210725.0
2032.0,darpa_theia:n86257,darpa_theia:n88292,type_0,type_3,rel_11,1,1,0,1,train:window_20,1,210747.0
2033.0,darpa_theia:n86257,darpa_theia:n88301,type_0,type_3,rel_11,1,1,0,1,train:window_20,1,210753.0
2034.0,darpa_theia:n86257,darpa_theia:n88331,type_0,type_3,rel_11,1,1,0,1,train:window_20,1,210765.0
2035.0,darpa_theia:n86257,darpa_theia:n90105,type_0,type_3,rel_11,1,1,0,1,train:window_20,1,210777.0
2036.0,darpa_theia:n86257,darpa_theia:n90161,type_0,type_3,rel_11,1,1,0,1,train:window_20,1,210786.0
2037.0,darpa_theia:n86257,darpa_theia:n90172,type_0,type_3,rel_11,1,1,0,1,train:window_20,1,210797.0
2038.0,darpa_theia:n86257,darpa_theia:n90174,type_0,type_3,rel_11,1,1,0,1,train:window_20,1,210799.0
2039.0,darpa_theia:n86257,darpa_theia:n90186,type_0,type_3,rel_11,1,1,0,1,train:window_20,1,210810.0
2040.0,darpa_theia:n86257,darpa_theia:n90201,type_0,type_3,rel_3,0,0,0,0,train:window_20,0,210814.0
2041.0,darpa_theia:n86257,darpa_theia:n90226,type_0,type_3,rel_11,1,1,0,1,train:window_20,1,210832.0
2042.0,darpa_theia:n86257,darpa_theia:n90239,type_0,type_3,rel_11,1,1,0,1,train:window_20,1,210837.0
2043.0,darpa_theia:n86257,darpa_theia:n90250,type_0,type_3,rel_11,1,1,0,1,train:window_20,1,210844.0
2044.0,darpa_theia:n86257,darpa_theia:n90262,type_0,type_3,rel_11,1,1,0,1,train:window_20,1,210856.0
2045.0,darpa_theia:n86257,darpa_theia:n90289,type_0,type_3,rel_11,1,1,0,1,train:window_20,1,210872.0
2046.0,darpa_theia:n86257,darpa_theia:n90334,type_0,type_3,rel_11,1,1,0,1,train:window_20,1,210900.0
2047.0,darpa_theia:n86257,darpa_theia:n90346,type_0,type_3,rel_11,1,1,0,1,train:window_20,1,210909.0
2048.0,darpa_theia:n86257,darpa_theia:n90522,type_0,type_3,rel_11,1,1,0,1,train:window_20,1,210971.0
2049.0,darpa_theia:n86257,darpa_theia:n90565,type_0,type_3,rel_11,1,1,0,1,train:window_20,1,210984.0
2050.0,darpa_theia:n86257,darpa_theia:n90602,type_0,type_3,rel_11,1,1,0,1,train:window_20,1,211007.0
2051.0,darpa_theia:n86257,darpa_theia:n90608,type_0,type_3,rel_3,0,0,0,0,train:window_20,0,211011.0
2052.0,darpa_theia:n86257,darpa_theia:n90678,type_0,type_3,rel_11,1,1,0,1,train:window_20,1,211036.0
2053.0,darpa_theia:n86257,darpa_theia:n91030,type_0,type_3,rel_11,1,1,0,1,train:window_20,1,211038.0
2054.0,darpa_theia:n86257,darpa_theia:n91258,type_0,type_3,rel_11,1,1,0,1,train:window_20,1,211051.0
2055.0,darpa_theia:n86257,darpa_theia:n91263,type_0,type_3,rel_3,0,0,0,0,train:window_20,0,211056.0
2056.0,darpa_theia:n86257,darpa_theia:n91314,type_0,type_3,rel_3,0,0,0,0,train:window_20,0,211075.0
2057.0,darpa_theia:n86328,darpa_theia:n86343,type_0,type_2,rel_10,0,0,0,0,train:window_20,0,211146.0
2058.0,darpa_theia:n86379,darpa_theia:n86401,type_0,type_2,rel_2,0,0,0,0,train:window_20,0,211206.0
2059.0,darpa_theia:n86379,darpa_theia:n1681,type_0,type_1,rel_0,0,0,0,0,train:window_20,0,211245.0
2060.0,darpa_theia:n86379,darpa_theia:n1692,type_0,type_1,rel_0,0,0,0,0,train:window_20,0,211253.0
2061.0,darpa_theia:n86379,darpa_theia:n1810,type_0,type_1,rel_0,0,0,0,0,train:window_20,0,211317.0
2062.0,darpa_theia:n86483,darpa_theia:n90079,type_0,type_1,rel_0,0,0,0,0,train:window_20,0,211433.0
2063.0,darpa_theia:n86483,darpa_theia:n90272,type_0,type_1,rel_0,0,0,0,0,train:window_20,0,211506.0
2064.0,darpa_theia:n86483,darpa_theia:n90718,type_0,type_1,rel_0,0,0,0,0,train:window_20,0,211674.0
2065.0,darpa_theia:n86483,darpa_theia:n63331,type_0,type_1,rel_0,0,0,0,0,train:window_20,0,211697.0
2066.0,darpa_theia:n86494,darpa_theia:n86483,type_1,type_0,rel_1,0,0,0,0,train:window_20,0,211732.0
2067.0,darpa_theia:n86656,darpa_theia:n88088,type_0,type_2,rel_2,0,0,0,0,train:window_20,0,211781.0
2068.0,darpa_theia:n86656,darpa_theia:n90817,type_0,type_1,rel_2,0,0,0,0,train:window_20,0,211897.0
2069.0,darpa_theia:n86656,darpa_theia:n91483,type_0,type_1,rel_2,0,0,0,0,train:window_20,0,211989.0
2070.0,darpa_theia:n86677,darpa_theia:n86684,type_0,type_2,rel_2,0,0,0,0,train:window_20,0,212003.0
2071.0,darpa_theia:n86677,darpa_theia:n1256,type_0,type_1,rel_0,0,0,0,0,train:window_20,0,212046.0
2072.0,darpa_theia:n86948,darpa_theia:n87279,type_0,type_2,rel_10,0,0,0,0,train:window_20,0,212081.0
2073.0,darpa_theia:n86948,darpa_theia:n90881,type_0,type_2,rel_10,0,0,0,0,train:window_20,0,212139.0
2074.0,darpa_theia:n86948,darpa_theia:n90952,type_0,type_2,rel_10,0,0,0,0,train:window_20,0,212190.0
2075.0,darpa_theia:n86967,darpa_theia:n83003,type_0,type_1,rel_0,0,0,0,0,train:window_20,0,212228.0
2076.0,darpa_theia:n86967,darpa_theia:n87851,type_0,type_1,rel_0,0,0,0,0,train:window_20,0,212311.0
2077.0,darpa_theia:n87292,darpa_theia:n87533,type_0,type_2,rel_10,0,0,0,0,train:window_20,0,212526.0
2078.0,darpa_theia:n87842,darpa_theia:n86967,type_1,type_0,rel_1,0,0,0,0,train:window_20,0,212714.0
2079.0,darpa_theia:n88761,darpa_theia:n88887,type_0,type_2,rel_10,0,0,0,0,train:window_20,0,213318.0
2080.0,darpa_theia:n88761,darpa_theia:n88922,type_0,type_2,rel_2,0,0,0,0,train:window_20,0,213365.0
2081.0,darpa_theia:n88761,darpa_theia:n1173,type_0,type_1,rel_0,0,0,0,0,train:window_20,0,213431.0
2082.0,darpa_theia:n88761,darpa_theia:n88991,type_0,type_2,rel_2,0,0,0,0,train:window_20,0,213456.0
2083.0,darpa_theia:n88761,darpa_theia:n1204,type_0,type_1,rel_0,0,0,0,0,train:window_20,0,213458.0
2084.0,darpa_theia:n88761,darpa_theia:n89151,type_0,type_2,rel_2,0,0,0,0,train:window_20,0,213585.0
2085.0,darpa_theia:n89033,darpa_theia:n1304,type_0,type_1,rel_0,0,0,0,0,train:window_20,0,213940.0
2086.0,darpa_theia:n89035,darpa_theia:n89051,type_0,type_2,rel_2,0,0,0,0,train:window_20,0,213955.0
2087.0,darpa_theia:n89337,darpa_theia:n89404,type_0,type_2,rel_10,0,0,0,0,train:window_20,0,214194.0
2088.0,darpa_theia:n89337,darpa_theia:n89514,type_0,type_2,rel_2,0,0,0,0,train:window_20,0,214315.0
2089.0,darpa_theia:n89548,darpa_theia:n5580,type_0,type_1,rel_0,0,0,0,0,train:window_20,0,214482.0
2090.0,darpa_theia:n89597,darpa_theia:n89659,type_0,type_2,rel_2,0,0,0,0,train:window_20,0,214580.0
2091.0,darpa_theia:n89729,darpa_theia:n89770,type_0,type_2,rel_2,0,0,0,0,train:window_20,0,214735.0
2092.0,darpa_theia:n90416,darpa_theia:n86483,type_1,type_0,rel_1,0,0,0,0,train:window_20,0,215098.0
2093.0,darpa_theia:n90423,darpa_theia:n150935,type_1,type_0,rel_1,0,0,0,0,train:window_20,0,215103.0
2094.0,darpa_theia:n90465,darpa_theia:n85885,type_1,type_0,rel_1,0,0,0,0,train:window_20,0,215129.0
2095.0,darpa_theia:n90562,darpa_theia:n86257,type_3,type_0,rel_4,0,0,0,0,train:window_20,0,215195.0
2096.0,darpa_theia:n90601,darpa_theia:n150935,type_1,type_0,rel_1,0,0,0,0,train:window_20,0,215219.0
2097.0,darpa_theia:n90790,darpa_theia:n85885,type_1,type_0,rel_1,0,0,0,0,train:window_20,0,215317.0
2098.0,darpa_theia:n90798,darpa_theia:n87250,type_3,type_0,rel_4,0,0,0,0,train:window_20,0,215325.0
2099.0,darpa_theia:n91376,darpa_theia:n86257,type_3,type_0,rel_4,0,0,0,0,train:window_20,0,215590.0
2100.0,darpa_theia:n91567,darpa_theia:n306361,type_0,type_0,rel_8,0,0,0,0,train:window_20,0,215752.0
2101.0,darpa_theia:n91619,darpa_theia:n91625,type_0,type_2,rel_2,0,0,0,0,train:window_21,0,215850.0
2102.0,darpa_theia:n91635,darpa_theia:n885,type_0,type_1,rel_0,0,0,0,0,train:window_21,0,215880.0
2103.0,darpa_theia:n91635,darpa_theia:n91660,type_0,type_2,rel_10,0,0,0,0,train:window_21,0,215893.0
2104.0,darpa_theia:n91766,darpa_theia:n91787,type_0,type_2,rel_10,0,0,0,0,train:window_21,0,216110.0
2105.0,darpa_theia:n91766,darpa_theia:n91824,type_0,type_2,rel_2,0,0,0,0,train:window_21,0,216149.0
2106.0,darpa_theia:n91766,darpa_theia:n91880,type_0,type_2,rel_2,0,0,0,0,train:window_21,0,216224.0
2107.0,darpa_theia:n91766,darpa_theia:n6834,type_0,type_1,rel_0,0,0,0,0,train:window_21,0,216243.0
2108.0,darpa_theia:n91766,darpa_theia:n91928,type_0,type_2,rel_2,0,0,0,0,train:window_21,0,216288.0
2109.0,darpa_theia:n91766,darpa_theia:n91977,type_0,type_2,rel_2,0,0,0,0,train:window_21,0,216353.0
2110.0,darpa_theia:n91766,darpa_theia:n92186,type_0,type_2,rel_2,0,0,0,0,train:window_21,0,216535.0
2111.0,darpa_theia:n91766,darpa_theia:n7179,type_0,type_1,rel_0,0,0,0,0,train:window_21,0,216567.0
2112.0,darpa_theia:n91766,darpa_theia:n1492,type_0,type_1,rel_0,0,0,0,0,train:window_21,0,216695.0
2113.0,darpa_theia:n91766,darpa_theia:n92428,type_0,type_2,rel_2,0,0,0,0,train:window_21,0,216833.0
2114.0,darpa_theia:n91766,darpa_theia:n1723,type_0,type_1,rel_0,0,0,0,0,train:window_21,0,216838.0
2115.0,darpa_theia:n91766,darpa_theia:n92497,type_0,type_2,rel_2,0,0,0,0,train:window_21,0,216934.0
2116.0,darpa_theia:n92010,darpa_theia:n92105,type_0,type_2,rel_10,0,0,0,0,train:window_21,0,217169.0
2117.0,darpa_theia:n92010,darpa_theia:n92109,type_0,type_2,rel_2,0,0,0,0,train:window_21,0,217174.0
2118.0,darpa_theia:n92116,darpa_theia:n92151,type_0,type_2,rel_2,0,0,0,0,train:window_21,0,217247.0
2119.0,darpa_theia:n92156,darpa_theia:n13,type_0,type_3,rel_6,0,0,0,0,train:window_21,0,217253.0
2120.0,darpa_theia:n92357,darpa_theia:n1248,type_0,type_1,rel_0,0,0,0,0,train:window_21,0,217365.0
2121.0,darpa_theia:n92525,darpa_theia:n93142,type_0,type_1,rel_0,0,0,0,0,train:window_21,0,217413.0
2122.0,darpa_theia:n92589,darpa_theia:n92630,type_0,type_2,rel_2,0,0,0,0,train:window_21,0,217533.0
2123.0,darpa_theia:n92781,darpa_theia:n92810,type_0,type_2,rel_10,0,0,0,0,train:window_21,0,217761.0
2124.0,darpa_theia:n92831,darpa_theia:n92833,type_0,type_2,rel_2,0,0,0,0,train:window_21,0,217855.0
2125.0,darpa_theia:n92831,darpa_theia:n92884,type_0,type_2,rel_2,0,0,0,0,train:window_21,0,217923.0
2126.0,darpa_theia:n92831,darpa_theia:n92929,type_0,type_2,rel_2,0,0,0,0,train:window_21,0,217983.0
2127.0,darpa_theia:n92954,darpa_theia:n92961,type_0,type_2,rel_2,0,0,0,0,train:window_21,0,218030.0
2128.0,darpa_theia:n92954,darpa_theia:n92965,type_0,type_2,rel_2,0,0,0,0,train:window_21,0,218036.0
2129.0,darpa_theia:n93072,darpa_theia:n92562,type_3,type_0,rel_4,0,0,0,0,train:window_21,0,218135.0
2130.0,darpa_theia:n93162,darpa_theia:n93857,type_1,type_0,rel_1,0,0,0,0,train:window_21,0,218202.0
2131.0,darpa_theia:n93169,darpa_theia:n6719,type_0,type_1,rel_9,0,0,0,0,train:window_21,0,218235.0
2132.0,darpa_theia:n93169,darpa_theia:n93289,type_0,type_2,rel_2,0,0,0,0,train:window_21,0,218355.0
2133.0,darpa_theia:n93169,darpa_theia:n7114,type_0,type_1,rel_0,0,0,0,0,train:window_21,0,218623.0
2134.0,darpa_theia:n93169,darpa_theia:n93590,type_0,type_2,rel_2,0,0,0,0,train:window_21,0,218656.0
2135.0,darpa_theia:n93169,darpa_theia:n1539,type_0,type_1,rel_0,0,0,0,0,train:window_21,0,218864.0
2136.0,darpa_theia:n93169,darpa_theia:n7404,type_0,type_1,rel_0,0,0,0,0,train:window_21,0,218935.0
2137.0,darpa_theia:n93169,darpa_theia:n93820,type_0,type_0,rel_8,0,0,0,0,train:window_21,0,218940.0
2138.0,darpa_theia:n93169,darpa_theia:n1439,type_0,type_1,rel_0,0,0,0,0,train:window_21,0,219013.0
2139.0,darpa_theia:n93169,darpa_theia:n93875,type_0,type_0,rel_8,0,0,0,0,train:window_21,0,219027.0
2140.0,darpa_theia:n93169,darpa_theia:n93894,type_0,type_2,rel_2,0,0,0,0,train:window_21,0,219051.0
2141.0,darpa_theia:n93191,darpa_theia:n329,type_0,type_1,rel_0,0,0,0,0,train:window_21,0,219234.0
2142.0,darpa_theia:n93413,darpa_theia:n93483,type_0,type_2,rel_2,0,0,0,0,train:window_21,0,219257.0
2143.0,darpa_theia:n93704,darpa_theia:n93977,type_0,type_3,rel_3,0,0,0,0,train:window_21,0,219432.0
2144.0,darpa_theia:n93704,darpa_theia:n94059,type_0,type_3,rel_11,1,1,0,1,train:window_21,1,219437.0
2145.0,darpa_theia:n94094,darpa_theia:n94093,type_0,type_1,rel_0,0,0,0,0,train:window_21,0,219684.0
2146.0,darpa_theia:n94123,darpa_theia:n194,type_0,type_1,rel_0,0,0,0,0,train:window_21,0,219760.0
2147.0,darpa_theia:n94126,darpa_theia:n180,type_1,type_0,rel_1,0,0,0,0,train:window_21,0,219769.0
2148.0,darpa_theia:n94130,darpa_theia:n94128,type_3,type_0,rel_4,0,0,0,0,train:window_21,0,219777.0
2149.0,darpa_theia:n94148,darpa_theia:n1541,type_0,type_1,rel_0,0,0,0,0,train:window_21,0,220389.0
2150.0,darpa_theia:n94148,darpa_theia:n94843,type_0,type_2,rel_10,0,0,0,0,train:window_21,0,220635.0
2151.0,darpa_theia:n94148,darpa_theia:n94859,type_0,type_2,rel_10,0,0,0,0,train:window_21,0,220653.0
2152.0,darpa_theia:n94148,darpa_theia:n94920,type_0,type_2,rel_2,0,0,0,0,train:window_21,0,220724.0
2153.0,darpa_theia:n94148,darpa_theia:n94999,type_0,type_2,rel_2,0,0,0,0,train:window_21,0,220783.0
2154.0,darpa_theia:n94148,darpa_theia:n95040,type_0,type_2,rel_10,0,0,0,0,train:window_21,0,220835.0
2155.0,darpa_theia:n94148,darpa_theia:n2224,type_0,type_1,rel_0,0,0,0,0,train:window_21,0,220859.0
2156.0,darpa_theia:n94148,darpa_theia:n95331,type_0,type_2,rel_2,0,0,0,0,train:window_21,0,221115.0
2157.0,darpa_theia:n94148,darpa_theia:n95559,type_0,type_2,rel_10,0,0,0,0,train:window_21,0,221307.0
2158.0,darpa_theia:n94148,darpa_theia:n95595,type_0,type_0,rel_8,0,0,0,0,train:window_21,0,221339.0
2159.0,darpa_theia:n94148,darpa_theia:n2844,type_0,type_1,rel_0,0,0,0,0,train:window_21,0,221364.0
2160.0,darpa_theia:n94148,darpa_theia:n95660,type_0,type_2,rel_10,0,0,0,0,train:window_21,0,221398.0
2161.0,darpa_theia:n94148,darpa_theia:n95726,type_0,type_2,rel_10,0,0,0,0,train:window_21,0,221464.0
2162.0,darpa_theia:n94148,darpa_theia:n96145,type_0,type_2,rel_10,0,0,0,0,train:window_21,0,221767.0
2163.0,darpa_theia:n94148,darpa_theia:n96193,type_0,type_2,rel_10,0,0,0,0,train:window_21,0,221811.0
2164.0,darpa_theia:n94148,darpa_theia:n96233,type_0,type_2,rel_10,0,0,0,0,train:window_21,0,221849.0
2165.0,darpa_theia:n94148,darpa_theia:n96332,type_0,type_2,rel_10,0,0,0,0,train:window_21,0,221939.0
2166.0,darpa_theia:n94148,darpa_theia:n96522,type_0,type_2,rel_2,0,0,0,0,train:window_21,0,222038.0
2167.0,darpa_theia:n94148,darpa_theia:n96800,type_0,type_2,rel_2,0,0,0,0,train:window_21,0,222165.0
2168.0,darpa_theia:n94148,darpa_theia:n97075,type_0,type_2,rel_10,0,0,0,0,train:window_21,0,222325.0
2169.0,darpa_theia:n94148,darpa_theia:n98324,type_0,type_2,rel_10,0,0,0,0,train:window_21,0,222408.0
2170.0,darpa_theia:n94148,darpa_theia:n98882,type_0,type_2,rel_10,0,0,0,0,train:window_21,0,222526.0
2171.0,darpa_theia:n94369,darpa_theia:n329,type_0,type_1,rel_0,0,0,0,0,train:window_21,0,222710.0
2172.0,darpa_theia:n94369,darpa_theia:n1279,type_0,type_1,rel_0,0,0,0,0,train:window_21,0,222728.0
2173.0,darpa_theia:n94369,darpa_theia:n1283,type_0,type_1,rel_0,0,0,0,0,train:window_21,0,222732.0
2174.0,darpa_theia:n94369,darpa_theia:n94452,type_0,type_2,rel_2,0,0,0,0,train:window_21,0,222744.0
2175.0,darpa_theia:n94521,darpa_theia:n96391,type_0,type_3,rel_11,1,1,0,1,train:window_21,1,222849.0
2176.0,darpa_theia:n94521,darpa_theia:n96576,type_0,type_3,rel_11,1,1,0,1,train:window_21,1,222912.0
2177.0,darpa_theia:n94521,darpa_theia:n96589,type_0,type_3,rel_11,0,0,0,0,train:window_21,0,222920.0
2178.0,darpa_theia:n94521,darpa_theia:n98433,type_0,type_3,rel_11,1,1,0,1,train:window_21,1,223006.0
2179.0,darpa_theia:n94521,darpa_theia:n98454,type_0,type_3,rel_11,1,1,0,1,train:window_21,1,223022.0
2180.0,darpa_theia:n94521,darpa_theia:n98467,type_0,type_3,rel_11,1,1,0,1,train:window_21,1,223027.0
2181.0,darpa_theia:n94521,darpa_theia:n98518,type_0,type_3,rel_11,1,1,0,1,train:window_21,1,223065.0
2182.0,darpa_theia:n94521,darpa_theia:n98557,type_0,type_3,rel_11,1,1,0,1,train:window_21,1,223104.0
2183.0,darpa_theia:n94521,darpa_theia:n98561,type_0,type_3,rel_3,0,0,0,0,train:window_21,0,223108.0
2184.0,darpa_theia:n94521,darpa_theia:n98575,type_0,type_3,rel_11,1,1,0,1,train:window_21,1,223122.0
2185.0,darpa_theia:n94521,darpa_theia:n98593,type_0,type_3,rel_11,1,1,0,1,train:window_21,1,223134.0
2186.0,darpa_theia:n94521,darpa_theia:n98617,type_0,type_3,rel_11,1,1,0,1,train:window_21,1,223145.0
2187.0,darpa_theia:n94530,darpa_theia:n96843,type_0,type_2,rel_2,0,0,0,0,train:window_21,0,223206.0
2188.0,darpa_theia:n94642,darpa_theia:n1760,type_0,type_1,rel_0,0,0,0,0,train:window_21,0,223362.0
2189.0,darpa_theia:n94642,darpa_theia:n1781,type_0,type_1,rel_0,0,0,0,0,train:window_21,0,223384.0
2190.0,darpa_theia:n94746,darpa_theia:n5802,type_0,type_1,rel_0,0,0,0,0,train:window_21,0,223556.0
2191.0,darpa_theia:n94746,darpa_theia:n77917,type_0,type_1,rel_0,0,0,0,0,train:window_21,0,223577.0
2192.0,darpa_theia:n94789,darpa_theia:n675,type_0,type_1,rel_0,0,0,0,0,train:window_21,0,223792.0
2193.0,darpa_theia:n94919,darpa_theia:n96353,type_0,type_2,rel_2,0,0,0,0,train:window_21,0,223837.0
2194.0,darpa_theia:n94919,darpa_theia:n96777,type_0,type_1,rel_2,0,0,0,0,train:window_21,0,223873.0
2195.0,darpa_theia:n95234,darpa_theia:n87834,type_0,type_1,rel_0,0,0,0,0,train:window_21,0,224204.0
2196.0,darpa_theia:n95457,darpa_theia:n99101,type_0,type_2,rel_2,0,0,0,0,train:window_21,0,224327.0
2197.0,darpa_theia:n95522,darpa_theia:n98758,type_0,type_2,rel_2,0,0,0,0,train:window_21,0,224416.0
2198.0,darpa_theia:n95522,darpa_theia:n98764,type_0,type_3,rel_11,0,0,0,0,train:window_21,0,224418.0
2199.0,darpa_theia:n96316,darpa_theia:n98857,type_0,type_3,rel_11,0,0,0,0,train:window_21,0,224719.0
2200.0,darpa_theia:n96683,darpa_theia:n95522,type_3,type_0,rel_4,0,0,0,0,train:window_21,0,224906.0
2201.0,darpa_theia:n96876,darpa_theia:n95459,type_3,type_0,rel_4,0,0,0,0,train:window_22,0,225020.0
2202.0,darpa_theia:n97019,darpa_theia:n100555,type_1,type_0,rel_1,0,0,0,0,train:window_22,0,225092.0
2203.0,darpa_theia:n97086,darpa_theia:n97126,type_0,type_2,rel_2,0,0,0,0,train:window_22,0,225162.0
2204.0,darpa_theia:n97086,darpa_theia:n97322,type_0,type_2,rel_10,0,0,0,0,train:window_22,0,225427.0
2205.0,darpa_theia:n97086,darpa_theia:n97461,type_0,type_2,rel_10,0,0,0,0,train:window_22,0,225531.0
2206.0,darpa_theia:n97086,darpa_theia:n97503,type_0,type_2,rel_2,0,0,0,0,train:window_22,0,225587.0
2207.0,darpa_theia:n97086,darpa_theia:n97507,type_0,type_2,rel_10,0,0,0,0,train:window_22,0,225591.0
2208.0,darpa_theia:n97533,darpa_theia:n97559,type_0,type_2,rel_2,0,0,0,0,train:window_22,0,226002.0
2209.0,darpa_theia:n97656,darpa_theia:n97703,type_0,type_2,rel_2,0,0,0,0,train:window_22,0,226106.0
2210.0,darpa_theia:n97656,darpa_theia:n97719,type_0,type_2,rel_2,0,0,0,0,train:window_22,0,226128.0
2211.0,darpa_theia:n97656,darpa_theia:n97802,type_0,type_2,rel_10,0,0,0,0,train:window_22,0,226223.0
2212.0,darpa_theia:n97656,darpa_theia:n97821,type_0,type_2,rel_2,0,0,0,0,train:window_22,0,226242.0
2213.0,darpa_theia:n97915,darpa_theia:n97919,type_0,type_2,rel_2,0,0,0,0,train:window_22,0,226440.0
2214.0,darpa_theia:n97915,darpa_theia:n1101,type_0,type_1,rel_0,0,0,0,0,train:window_22,0,226590.0
2215.0,darpa_theia:n98134,darpa_theia:n1113,type_0,type_1,rel_0,0,0,0,0,train:window_22,0,226733.0
2216.0,darpa_theia:n98134,darpa_theia:n1239,type_0,type_1,rel_0,0,0,0,0,train:window_22,0,226746.0
2217.0,darpa_theia:n98529,darpa_theia:n94521,type_3,type_0,rel_4,0,0,0,0,train:window_22,0,226880.0
2218.0,darpa_theia:n98563,darpa_theia:n94521,type_3,type_0,rel_4,1,0,1,0,train:window_22,1,226902.0
2219.0,darpa_theia:n98649,darpa_theia:n99790,type_1,type_0,rel_1,0,0,0,0,train:window_22,0,226966.0
2220.0,darpa_theia:n98718,darpa_theia:n94521,type_3,type_0,rel_4,1,0,1,0,train:window_22,1,227022.0
2221.0,darpa_theia:n98754,darpa_theia:n99790,type_1,type_0,rel_1,0,0,0,0,train:window_22,0,227046.0
2222.0,darpa_theia:n99137,darpa_theia:n99790,type_1,type_0,rel_1,0,0,0,0,train:window_22,0,227144.0
2223.0,darpa_theia:n99192,darpa_theia:n99343,type_0,type_2,rel_2,0,0,0,0,train:window_22,0,227350.0
2224.0,darpa_theia:n99192,darpa_theia:n99369,type_0,type_2,rel_2,0,0,0,0,train:window_22,0,227384.0
2225.0,darpa_theia:n99192,darpa_theia:n1123,type_0,type_1,rel_0,0,0,0,0,train:window_22,0,227395.0
2226.0,darpa_theia:n99192,darpa_theia:n1211,type_0,type_1,rel_0,0,0,0,0,train:window_22,0,227478.0
2227.0,darpa_theia:n99192,darpa_theia:n1482,type_0,type_1,rel_0,0,0,0,0,train:window_22,0,227654.0
2228.0,darpa_theia:n99192,darpa_theia:n1937,type_0,type_1,rel_0,0,0,0,0,train:window_22,0,227936.0
2229.0,darpa_theia:n99192,darpa_theia:n99878,type_0,type_2,rel_10,0,0,0,0,train:window_22,0,227950.0
2230.0,darpa_theia:n99192,darpa_theia:n99889,type_0,type_0,rel_8,0,0,0,0,train:window_22,0,227965.0
2231.0,darpa_theia:n99192,darpa_theia:n99917,type_0,type_2,rel_10,0,0,0,0,train:window_22,0,227995.0
2232.0,darpa_theia:n99192,darpa_theia:n100054,type_0,type_2,rel_10,0,0,0,0,train:window_22,0,228131.0
2233.0,darpa_theia:n99192,darpa_theia:n2383,type_0,type_1,rel_0,0,0,0,0,train:window_22,0,228338.0
2234.0,darpa_theia:n99192,darpa_theia:n100411,type_0,type_2,rel_10,0,0,0,0,train:window_22,0,228477.0
2235.0,darpa_theia:n99192,darpa_theia:n100857,type_0,type_2,rel_10,0,0,0,0,train:window_22,0,228851.0
2236.0,darpa_theia:n99192,darpa_theia:n100874,type_0,type_2,rel_10,0,0,0,0,train:window_22,0,228868.0
2237.0,darpa_theia:n99192,darpa_theia:n100948,type_0,type_2,rel_10,0,0,0,0,train:window_22,0,228938.0
2238.0,darpa_theia:n99192,darpa_theia:n101693,type_0,type_2,rel_10,0,0,0,0,train:window_22,0,229381.0
2239.0,darpa_theia:n99192,darpa_theia:n101941,type_0,type_2,rel_10,0,0,0,0,train:window_22,0,229523.0
2240.0,darpa_theia:n99192,darpa_theia:n101971,type_0,type_2,rel_10,0,0,0,0,train:window_22,0,229553.0
2241.0,darpa_theia:n99192,darpa_theia:n103888,type_0,type_2,rel_10,0,0,0,0,train:window_22,0,229825.0
2242.0,darpa_theia:n99192,darpa_theia:n103928,type_0,type_2,rel_10,0,0,0,0,train:window_22,0,229843.0
2243.0,darpa_theia:n99192,darpa_theia:n103967,type_0,type_2,rel_10,0,0,0,0,train:window_22,0,229863.0
2244.0,darpa_theia:n99192,darpa_theia:n103993,type_0,type_2,rel_10,0,0,0,0,train:window_22,0,229877.0
2245.0,darpa_theia:n99192,darpa_theia:n104186,type_0,type_2,rel_10,0,0,0,0,train:window_22,0,230012.0
2246.0,darpa_theia:n99564,darpa_theia:n101418,type_0,type_3,rel_11,1,1,0,1,train:window_22,1,230172.0
2247.0,darpa_theia:n99564,darpa_theia:n101438,type_0,type_3,rel_11,1,1,0,1,train:window_22,1,230193.0
2248.0,darpa_theia:n99564,darpa_theia:n101583,type_0,type_3,rel_11,1,1,0,1,train:window_22,1,230230.0
2249.0,darpa_theia:n99564,darpa_theia:n101666,type_0,type_3,rel_11,1,1,0,1,train:window_22,1,230281.0
2250.0,darpa_theia:n99564,darpa_theia:n103417,type_0,type_3,rel_11,1,1,0,1,train:window_22,1,230296.0
2251.0,darpa_theia:n99564,darpa_theia:n103447,type_0,type_3,rel_11,1,1,0,1,train:window_22,1,230319.0
2252.0,darpa_theia:n99564,darpa_theia:n103484,type_0,type_3,rel_11,1,1,0,1,train:window_22,1,230341.0
2253.0,darpa_theia:n99564,darpa_theia:n103515,type_0,type_3,rel_11,1,1,0,1,train:window_22,1,230367.0
2254.0,darpa_theia:n99564,darpa_theia:n103521,type_0,type_3,rel_11,1,1,0,1,train:window_22,1,230371.0
2255.0,darpa_theia:n99564,darpa_theia:n103567,type_0,type_3,rel_11,1,1,0,1,train:window_22,1,230401.0
2256.0,darpa_theia:n99564,darpa_theia:n103589,type_0,type_3,rel_11,1,1,0,1,train:window_22,1,230418.0
2257.0,darpa_theia:n99564,darpa_theia:n103653,type_0,type_3,rel_11,1,1,0,1,train:window_22,1,230448.0
2258.0,darpa_theia:n99564,darpa_theia:n103655,type_0,type_3,rel_11,1,1,0,1,train:window_22,1,230450.0
2259.0,darpa_theia:n99564,darpa_theia:n103677,type_0,type_3,rel_11,1,1,0,1,train:window_22,1,230467.0
2260.0,darpa_theia:n99564,darpa_theia:n103736,type_0,type_3,rel_11,1,1,0,1,train:window_22,1,230492.0
2261.0,darpa_theia:n99686,darpa_theia:n899,type_0,type_1,rel_0,0,0,0,0,train:window_22,0,230604.0
2262.0,darpa_theia:n99790,darpa_theia:n96540,type_0,type_1,rel_0,0,0,0,0,train:window_22,0,230767.0
2263.0,darpa_theia:n99790,darpa_theia:n96581,type_0,type_1,rel_0,0,0,0,0,train:window_22,0,230799.0
2264.0,darpa_theia:n99790,darpa_theia:n103502,type_0,type_1,rel_0,0,0,0,0,train:window_22,0,230969.0
2265.0,darpa_theia:n99790,darpa_theia:n103551,type_0,type_1,rel_0,0,0,0,0,train:window_22,0,230983.0
2266.0,darpa_theia:n99790,darpa_theia:n103646,type_0,type_1,rel_0,0,0,0,0,train:window_22,0,231037.0
2267.0,darpa_theia:n99889,darpa_theia:n100120,type_0,type_2,rel_2,0,0,0,0,train:window_22,0,231122.0
2268.0,darpa_theia:n99964,darpa_theia:n101057,type_0,type_2,rel_2,0,0,0,0,train:window_22,0,231141.0
2269.0,darpa_theia:n99964,darpa_theia:n101280,type_0,type_1,rel_2,0,0,0,0,train:window_22,0,231148.0
2270.0,darpa_theia:n99964,darpa_theia:n101785,type_0,type_1,rel_2,0,0,0,0,train:window_22,0,231188.0
2271.0,darpa_theia:n99964,darpa_theia:n101805,type_0,type_1,rel_2,0,0,0,0,train:window_22,0,231200.0
2272.0,darpa_theia:n99964,darpa_theia:n102068,type_0,type_1,rel_2,0,0,0,0,train:window_22,0,231236.0
2273.0,darpa_theia:n99964,darpa_theia:n102102,type_0,type_2,rel_2,0,0,0,0,train:window_22,0,231242.0
2274.0,darpa_theia:n100254,darpa_theia:n103859,type_0,type_2,rel_10,0,0,0,0,train:window_22,0,231389.0
2275.0,darpa_theia:n100273,darpa_theia:n96103,type_0,type_1,rel_0,0,0,0,0,train:window_22,0,231560.0
2276.0,darpa_theia:n100273,darpa_theia:n101147,type_0,type_1,rel_0,0,0,0,0,train:window_22,0,231569.0
2277.0,darpa_theia:n100498,darpa_theia:n101831,type_0,type_3,rel_11,0,0,0,0,train:window_22,0,231665.0
2278.0,darpa_theia:n100565,darpa_theia:n99192,type_1,type_0,rel_1,0,0,0,0,train:window_22,0,231751.0
2279.0,darpa_theia:n100597,darpa_theia:n101078,type_0,type_1,rel_0,0,0,0,0,train:window_22,0,231784.0
2280.0,darpa_theia:n101109,darpa_theia:n100273,type_1,type_0,rel_1,0,0,0,0,train:window_22,0,231877.0
2281.0,darpa_theia:n101574,darpa_theia:n186061,type_1,type_0,rel_1,0,0,0,0,train:window_22,0,232139.0
2282.0,darpa_theia:n101796,darpa_theia:n99192,type_1,type_0,rel_1,0,0,0,0,train:window_22,0,232235.0
2283.0,darpa_theia:n101825,darpa_theia:n99192,type_1,type_0,rel_1,0,0,0,0,train:window_22,0,232261.0
2284.0,darpa_theia:n102142,darpa_theia:n102352,type_0,type_2,rel_2,0,0,0,0,train:window_22,0,232687.0
2285.0,darpa_theia:n102142,darpa_theia:n102386,type_0,type_2,rel_10,0,0,0,0,train:window_22,0,232741.0
2286.0,darpa_theia:n102142,darpa_theia:n102513,type_0,type_2,rel_10,0,0,0,0,train:window_22,0,232830.0
2287.0,darpa_theia:n102142,darpa_theia:n1484,type_0,type_1,rel_0,0,0,0,0,train:window_22,0,232942.0
2288.0,darpa_theia:n102340,darpa_theia:n1453,type_0,type_1,rel_0,0,0,0,0,train:window_22,0,233157.0
2289.0,darpa_theia:n102589,darpa_theia:n102627,type_0,type_2,rel_10,0,0,0,0,train:window_22,0,233320.0
2290.0,darpa_theia:n102713,darpa_theia:n102719,type_0,type_2,rel_2,0,0,0,0,train:window_22,0,233355.0
2291.0,darpa_theia:n102713,darpa_theia:n102787,type_0,type_2,rel_2,0,0,0,0,train:window_22,0,233445.0
2292.0,darpa_theia:n102713,darpa_theia:n102821,type_0,type_2,rel_2,0,0,0,0,train:window_22,0,233488.0
2293.0,darpa_theia:n102713,darpa_theia:n102858,type_0,type_2,rel_2,0,0,0,0,train:window_22,0,233525.0
2294.0,darpa_theia:n102713,darpa_theia:n102859,type_0,type_2,rel_10,0,0,0,0,train:window_22,0,233526.0
2295.0,darpa_theia:n102973,darpa_theia:n103009,type_0,type_2,rel_2,0,0,0,0,train:window_22,0,233788.0
2296.0,darpa_theia:n102973,darpa_theia:n103014,type_0,type_2,rel_2,0,0,0,0,train:window_22,0,233794.0
2297.0,darpa_theia:n102973,darpa_theia:n103046,type_0,type_2,rel_10,0,0,0,0,train:window_22,0,233837.0
2298.0,darpa_theia:n102973,darpa_theia:n1089,type_0,type_1,rel_0,0,0,0,0,train:window_22,0,233903.0
2299.0,darpa_theia:n103193,darpa_theia:n1240,type_0,type_1,rel_0,0,0,0,0,train:window_22,0,234052.0
2300.0,darpa_theia:n103434,darpa_theia:n99564,type_3,type_0,rel_4,1,0,1,0,train:window_22,1,234116.0
2301.0,darpa_theia:n103512,darpa_theia:n99564,type_3,type_0,rel_4,1,0,1,0,train:window_23,1,234174.0
2302.0,darpa_theia:n103542,darpa_theia:n180475,type_1,type_0,rel_1,0,0,0,0,train:window_23,0,234198.0
2303.0,darpa_theia:n103589,darpa_theia:n99564,type_3,type_0,rel_4,1,0,1,0,train:window_23,1,234235.0
2304.0,darpa_theia:n103690,darpa_theia:n99564,type_3,type_0,rel_4,0,0,0,0,train:window_23,0,234313.0
2305.0,darpa_theia:n104215,darpa_theia:n104766,type_0,type_2,rel_2,0,0,0,0,train:window_23,0,235116.0
2306.0,darpa_theia:n104215,darpa_theia:n1873,type_0,type_1,rel_0,0,0,0,0,train:window_23,0,235192.0
2307.0,darpa_theia:n104215,darpa_theia:n105002,type_0,type_2,rel_10,0,0,0,0,train:window_23,0,235387.0
2308.0,darpa_theia:n104215,darpa_theia:n105108,type_0,type_2,rel_10,0,0,0,0,train:window_23,0,235484.0
2309.0,darpa_theia:n104215,darpa_theia:n105204,type_0,type_2,rel_10,0,0,0,0,train:window_23,0,235587.0
2310.0,darpa_theia:n104215,darpa_theia:n105214,type_0,type_2,rel_10,0,0,0,0,train:window_23,0,235597.0
2311.0,darpa_theia:n104215,darpa_theia:n105233,type_0,type_2,rel_10,0,0,0,0,train:window_23,0,235616.0
2312.0,darpa_theia:n104215,darpa_theia:n105812,type_0,type_2,rel_10,0,0,0,0,train:window_23,0,236134.0
2313.0,darpa_theia:n104215,darpa_theia:n105892,type_0,type_2,rel_10,0,0,0,0,train:window_23,0,236185.0
2314.0,darpa_theia:n104215,darpa_theia:n105899,type_0,type_2,rel_10,0,0,0,0,train:window_23,0,236192.0
2315.0,darpa_theia:n104215,darpa_theia:n106233,type_0,type_2,rel_10,0,0,0,0,train:window_23,0,236431.0
2316.0,darpa_theia:n104215,darpa_theia:n106299,type_0,type_2,rel_10,0,0,0,0,train:window_23,0,236495.0
2317.0,darpa_theia:n104215,darpa_theia:n106394,type_0,type_2,rel_10,0,0,0,0,train:window_23,0,236578.0
2318.0,darpa_theia:n104215,darpa_theia:n106750,type_0,type_1,rel_0,0,0,0,0,train:window_23,0,236794.0
2319.0,darpa_theia:n104215,darpa_theia:n106861,type_0,type_2,rel_10,0,0,0,0,train:window_23,0,236849.0
2320.0,darpa_theia:n104215,darpa_theia:n106902,type_0,type_2,rel_10,0,0,0,0,train:window_23,0,236889.0
2321.0,darpa_theia:n104215,darpa_theia:n106929,type_0,type_1,rel_0,0,0,0,0,train:window_23,0,236916.0
2322.0,darpa_theia:n104215,darpa_theia:n106987,type_0,type_2,rel_10,0,0,0,0,train:window_23,0,236960.0
2323.0,darpa_theia:n104215,darpa_theia:n108639,type_0,type_1,rel_0,0,0,0,0,train:window_23,0,237116.0
2324.0,darpa_theia:n104215,darpa_theia:n108713,type_0,type_2,rel_10,0,0,0,0,train:window_23,0,237187.0
2325.0,darpa_theia:n104215,darpa_theia:n109097,type_0,type_2,rel_10,0,0,0,0,train:window_23,0,237389.0
2326.0,darpa_theia:n104215,darpa_theia:n109128,type_0,type_2,rel_10,0,0,0,0,train:window_23,0,237402.0
2327.0,darpa_theia:n104215,darpa_theia:n326,type_0,type_1,rel_0,0,0,0,0,train:window_23,0,237455.0
2328.0,darpa_theia:n104215,darpa_theia:n109306,type_0,type_2,rel_10,0,0,0,0,train:window_23,0,237462.0
2329.0,darpa_theia:n104575,darpa_theia:n1369,type_0,type_1,rel_0,0,0,0,0,train:window_23,0,237597.0
2330.0,darpa_theia:n104588,darpa_theia:n106085,type_0,type_3,rel_11,1,1,0,1,train:window_23,1,237608.0
2331.0,darpa_theia:n104588,darpa_theia:n106480,type_0,type_3,rel_3,0,0,0,0,train:window_23,0,237634.0
2332.0,darpa_theia:n104588,darpa_theia:n48006,type_0,type_3,rel_11,1,1,0,1,train:window_23,1,237645.0
2333.0,darpa_theia:n104588,darpa_theia:n48044,type_0,type_3,rel_11,1,1,0,1,train:window_23,1,237675.0
2334.0,darpa_theia:n104588,darpa_theia:n108282,type_0,type_3,rel_11,1,1,0,1,train:window_23,1,237705.0
2335.0,darpa_theia:n104588,darpa_theia:n108349,type_0,type_3,rel_11,1,1,0,1,train:window_23,1,237762.0
2336.0,darpa_theia:n104588,darpa_theia:n108366,type_0,type_3,rel_11,1,1,0,1,train:window_23,1,237777.0
2337.0,darpa_theia:n104588,darpa_theia:n108370,type_0,type_3,rel_11,1,1,0,1,train:window_23,1,237781.0
2338.0,darpa_theia:n104588,darpa_theia:n108464,type_0,type_3,rel_3,0,0,0,0,train:window_23,0,237819.0
2339.0,darpa_theia:n104588,darpa_theia:n108838,type_0,type_3,rel_11,1,1,0,1,train:window_23,1,237850.0
2340.0,darpa_theia:n104588,darpa_theia:n108839,type_0,type_3,rel_11,1,1,0,1,train:window_23,1,237851.0
2341.0,darpa_theia:n104588,darpa_theia:n108846,type_0,type_3,rel_3,0,0,0,0,train:window_23,0,237858.0
2342.0,darpa_theia:n104588,darpa_theia:n108856,type_0,type_3,rel_11,1,1,0,1,train:window_23,1,237866.0
2343.0,darpa_theia:n104588,darpa_theia:n108860,type_0,type_3,rel_11,1,1,0,1,train:window_23,1,237870.0
2344.0,darpa_theia:n104588,darpa_theia:n108862,type_0,type_3,rel_11,1,1,0,1,train:window_23,1,237872.0
2345.0,darpa_theia:n104588,darpa_theia:n108897,type_0,type_3,rel_11,1,1,0,1,train:window_23,1,237884.0
2346.0,darpa_theia:n104588,darpa_theia:n108916,type_0,type_3,rel_11,1,1,0,1,train:window_23,1,237895.0
2347.0,darpa_theia:n104588,darpa_theia:n108917,type_0,type_3,rel_11,1,1,0,1,train:window_23,1,237896.0
2348.0,darpa_theia:n104588,darpa_theia:n108920,type_0,type_3,rel_11,1,1,0,1,train:window_23,1,237899.0
2349.0,darpa_theia:n104588,darpa_theia:n108947,type_0,type_3,rel_11,1,1,0,1,train:window_23,1,237911.0
2350.0,darpa_theia:n104588,darpa_theia:n108994,type_0,type_3,rel_11,1,1,0,1,train:window_23,1,237917.0
2351.0,darpa_theia:n104709,darpa_theia:n1764,type_0,type_1,rel_0,0,0,0,0,train:window_23,0,238093.0
2352.0,darpa_theia:n104813,darpa_theia:n58039,type_0,type_1,rel_0,0,0,0,0,train:window_23,0,238280.0
2353.0,darpa_theia:n104813,darpa_theia:n108508,type_0,type_1,rel_0,0,0,0,0,train:window_23,0,238326.0
2354.0,darpa_theia:n104813,darpa_theia:n58471,type_0,type_1,rel_0,0,0,0,0,train:window_23,0,238376.0
2355.0,darpa_theia:n104986,darpa_theia:n106746,type_0,type_1,rel_2,0,0,0,0,train:window_23,0,238536.0
2356.0,darpa_theia:n104986,darpa_theia:n108926,type_0,type_2,rel_2,0,0,0,0,train:window_23,0,238625.0
2357.0,darpa_theia:n105007,darpa_theia:n105013,type_0,type_2,rel_10,0,0,0,0,train:window_23,0,238687.0
2358.0,darpa_theia:n105007,darpa_theia:n105039,type_0,type_2,rel_2,0,0,0,0,train:window_23,0,238724.0
2359.0,darpa_theia:n105277,darpa_theia:n109087,type_0,type_2,rel_10,0,0,0,0,train:window_23,0,238841.0
2360.0,darpa_theia:n105277,darpa_theia:n109157,type_0,type_2,rel_10,0,0,0,0,train:window_23,0,238883.0
2361.0,darpa_theia:n106148,darpa_theia:n105299,type_1,type_0,rel_1,0,0,0,0,train:window_23,0,239354.0
2362.0,darpa_theia:n106203,darpa_theia:n105299,type_1,type_0,rel_1,0,0,0,0,train:window_23,0,239437.0
2363.0,darpa_theia:n106418,darpa_theia:n106676,type_0,type_3,rel_11,0,0,0,0,train:window_23,0,239486.0
2364.0,darpa_theia:n106702,darpa_theia:n104215,type_1,type_0,rel_1,0,0,0,0,train:window_23,0,239621.0
2365.0,darpa_theia:n107045,darpa_theia:n1077,type_0,type_1,rel_0,0,0,0,0,train:window_23,0,239989.0
2366.0,darpa_theia:n107045,darpa_theia:n107402,type_0,type_0,rel_8,0,0,0,0,train:window_23,0,240207.0
2367.0,darpa_theia:n107045,darpa_theia:n1518,type_0,type_1,rel_0,0,0,0,0,train:window_23,0,240372.0
2368.0,darpa_theia:n107260,darpa_theia:n13,type_0,type_3,rel_6,0,0,0,0,train:window_23,0,240572.0
2369.0,darpa_theia:n107317,darpa_theia:n107347,type_0,type_2,rel_2,0,0,0,0,train:window_23,0,240622.0
2370.0,darpa_theia:n107317,darpa_theia:n1113,type_0,type_1,rel_0,0,0,0,0,train:window_23,0,240625.0
2371.0,darpa_theia:n107317,darpa_theia:n107378,type_0,type_2,rel_2,0,0,0,0,train:window_23,0,240651.0
2372.0,darpa_theia:n107618,darpa_theia:n107714,type_0,type_2,rel_2,0,0,0,0,train:window_23,0,240869.0
2373.0,darpa_theia:n107829,darpa_theia:n108068,type_0,type_2,rel_10,0,0,0,0,train:window_23,0,241087.0
2374.0,darpa_theia:n107878,darpa_theia:n108010,type_0,type_0,rel_8,0,0,0,0,train:window_23,0,241310.0
2375.0,darpa_theia:n108098,darpa_theia:n108142,type_0,type_2,rel_2,0,0,0,0,train:window_23,0,241451.0
2376.0,darpa_theia:n108663,darpa_theia:n104215,type_1,type_0,rel_1,0,0,0,0,train:window_23,0,241712.0
2377.0,darpa_theia:n109351,darpa_theia:n109428,type_0,type_2,rel_10,0,0,0,0,train:window_23,0,242128.0
2378.0,darpa_theia:n109351,darpa_theia:n109604,type_0,type_2,rel_2,0,0,0,0,train:window_23,0,242368.0
2379.0,darpa_theia:n109351,darpa_theia:n109745,type_0,type_2,rel_10,0,0,0,0,train:window_23,0,242459.0
2380.0,darpa_theia:n109351,darpa_theia:n109756,type_0,type_0,rel_8,0,0,0,0,train:window_23,0,242472.0
2381.0,darpa_theia:n109351,darpa_theia:n1504,type_0,type_1,rel_0,0,0,0,0,train:window_23,0,242552.0
2382.0,darpa_theia:n109351,darpa_theia:n109920,type_0,type_2,rel_10,0,0,0,0,train:window_23,0,242691.0
2383.0,darpa_theia:n109351,darpa_theia:n2028,type_0,type_1,rel_0,0,0,0,0,train:window_23,0,242901.0
2384.0,darpa_theia:n109351,darpa_theia:n2142,type_0,type_1,rel_0,0,0,0,0,train:window_23,0,242977.0
2385.0,darpa_theia:n109351,darpa_theia:n110254,type_0,type_2,rel_10,0,0,0,0,train:window_23,0,243050.0
2386.0,darpa_theia:n109351,darpa_theia:n110605,type_0,type_2,rel_10,0,0,0,0,train:window_23,0,243389.0
2387.0,darpa_theia:n109351,darpa_theia:n110754,type_0,type_2,rel_10,0,0,0,0,train:window_23,0,243498.0
2388.0,darpa_theia:n109351,darpa_theia:n110802,type_0,type_2,rel_10,0,0,0,0,train:window_23,0,243530.0
2389.0,darpa_theia:n109351,darpa_theia:n110916,type_0,type_2,rel_10,0,0,0,0,train:window_23,0,243647.0
2390.0,darpa_theia:n109351,darpa_theia:n111423,type_0,type_2,rel_10,0,0,0,0,train:window_23,0,244035.0
2391.0,darpa_theia:n109351,darpa_theia:n113341,type_0,type_2,rel_10,0,0,0,0,train:window_23,0,244524.0
2392.0,darpa_theia:n109351,darpa_theia:n113898,type_0,type_1,rel_0,0,0,0,0,train:window_23,0,244791.0
2393.0,darpa_theia:n109351,darpa_theia:n113900,type_0,type_1,rel_0,0,0,0,0,train:window_23,0,244793.0
2394.0,darpa_theia:n109351,darpa_theia:n113957,type_0,type_2,rel_2,0,0,0,0,train:window_23,0,244832.0
2395.0,darpa_theia:n109351,darpa_theia:n114127,type_0,type_1,rel_0,0,0,0,0,train:window_23,0,244883.0
2396.0,darpa_theia:n109351,darpa_theia:n114152,type_0,type_1,rel_0,0,0,0,0,train:window_23,0,244906.0
2397.0,darpa_theia:n109351,darpa_theia:n114219,type_0,type_2,rel_10,0,0,0,0,train:window_23,0,244942.0
2398.0,darpa_theia:n109721,darpa_theia:n111581,type_0,type_3,rel_3,0,0,0,0,train:window_23,0,245168.0
2399.0,darpa_theia:n109721,darpa_theia:n111600,type_0,type_3,rel_11,1,1,0,1,train:window_23,1,245179.0
2400.0,darpa_theia:n109721,darpa_theia:n111713,type_0,type_3,rel_11,1,1,0,1,train:window_23,1,245223.0
2401.0,darpa_theia:n109721,darpa_theia:n113444,type_0,type_3,rel_11,1,1,0,1,train:window_24,1,245251.0
2402.0,darpa_theia:n109721,darpa_theia:n113456,type_0,type_3,rel_11,1,1,0,1,train:window_24,1,245256.0
2403.0,darpa_theia:n109721,darpa_theia:n113476,type_0,type_3,rel_11,1,1,0,1,train:window_24,1,245273.0
2404.0,darpa_theia:n109721,darpa_theia:n113509,type_0,type_3,rel_11,1,1,0,1,train:window_24,1,245303.0
2405.0,darpa_theia:n109721,darpa_theia:n113521,type_0,type_3,rel_11,1,1,0,1,train:window_24,1,245315.0
2406.0,darpa_theia:n109721,darpa_theia:n113638,type_0,type_3,rel_11,1,1,0,1,train:window_24,1,245368.0
2407.0,darpa_theia:n109721,darpa_theia:n114003,type_0,type_3,rel_11,1,1,0,1,train:window_24,1,245408.0
2408.0,darpa_theia:n109721,darpa_theia:n114019,type_0,type_3,rel_11,1,1,0,1,train:window_24,1,245420.0
2409.0,darpa_theia:n109721,darpa_theia:n114031,type_0,type_3,rel_11,1,1,0,1,train:window_24,1,245424.0
2410.0,darpa_theia:n109844,darpa_theia:n1089,type_0,type_1,rel_0,0,0,0,0,train:window_24,0,245574.0
2411.0,darpa_theia:n109949,darpa_theia:n113587,type_0,type_1,rel_0,0,0,0,0,train:window_24,0,245834.0
2412.0,darpa_theia:n110657,darpa_theia:n111917,type_0,type_3,rel_11,0,0,0,0,train:window_24,0,246637.0
2413.0,darpa_theia:n110744,darpa_theia:n111150,type_0,type_2,rel_10,0,0,0,0,train:window_24,0,246745.0
2414.0,darpa_theia:n111316,darpa_theia:n115532,type_1,type_0,rel_1,0,0,0,0,train:window_24,0,246951.0
2415.0,darpa_theia:n111881,darpa_theia:n109351,type_1,type_0,rel_1,0,0,0,0,train:window_24,0,247156.0
2416.0,darpa_theia:n112152,darpa_theia:n985,type_0,type_1,rel_0,0,0,0,0,train:window_24,0,247379.0
2417.0,darpa_theia:n112152,darpa_theia:n1065,type_0,type_1,rel_0,0,0,0,0,train:window_24,0,247459.0
2418.0,darpa_theia:n112152,darpa_theia:n112335,type_0,type_2,rel_2,0,0,0,0,train:window_24,0,247534.0
2419.0,darpa_theia:n112152,darpa_theia:n112399,type_0,type_2,rel_2,0,0,0,0,train:window_24,0,247618.0
2420.0,darpa_theia:n112152,darpa_theia:n112693,type_0,type_2,rel_10,0,0,0,0,train:window_24,0,247920.0
2421.0,darpa_theia:n112152,darpa_theia:n113262,type_0,type_0,rel_8,0,0,0,0,train:window_24,0,247960.0
2422.0,darpa_theia:n112152,darpa_theia:n113263,type_0,type_2,rel_2,0,0,0,0,train:window_24,0,247961.0
2423.0,darpa_theia:n112425,darpa_theia:n112471,type_0,type_2,rel_2,0,0,0,0,train:window_24,0,248110.0
2424.0,darpa_theia:n112725,darpa_theia:n112736,type_0,type_2,rel_2,0,0,0,0,train:window_24,0,248236.0
2425.0,darpa_theia:n112725,darpa_theia:n13,type_0,type_3,rel_11,0,0,0,0,train:window_24,0,248463.0
2426.0,darpa_theia:n112725,darpa_theia:n1287,type_0,type_1,rel_0,0,0,0,0,train:window_24,0,248464.0
2427.0,darpa_theia:n112935,darpa_theia:n112965,type_0,type_2,rel_2,0,0,0,0,train:window_24,0,248527.0
2428.0,darpa_theia:n112935,darpa_theia:n5346,type_0,type_1,rel_0,0,0,0,0,train:window_24,0,248547.0
2429.0,darpa_theia:n112935,darpa_theia:n113180,type_0,type_2,rel_10,0,0,0,0,train:window_24,0,248575.0
2430.0,darpa_theia:n112935,darpa_theia:n113184,type_0,type_2,rel_10,0,0,0,0,train:window_24,0,248580.0
2431.0,darpa_theia:n112984,darpa_theia:n113049,type_0,type_2,rel_2,0,0,0,0,train:window_24,0,248700.0
2432.0,darpa_theia:n112984,darpa_theia:n1025,type_0,type_1,rel_0,0,0,0,0,train:window_24,0,248773.0
2433.0,darpa_theia:n113204,darpa_theia:n113245,type_0,type_2,rel_2,0,0,0,0,train:window_24,0,248927.0
2434.0,darpa_theia:n113204,darpa_theia:n113246,type_0,type_2,rel_10,0,0,0,0,train:window_24,0,248928.0
2435.0,darpa_theia:n113204,darpa_theia:n113256,type_0,type_2,rel_2,0,0,0,0,train:window_24,0,248941.0
2436.0,darpa_theia:n113475,darpa_theia:n109721,type_3,type_0,rel_4,1,0,1,0,train:window_24,1,248984.0
2437.0,darpa_theia:n113499,darpa_theia:n109721,type_3,type_0,rel_4,1,0,1,0,train:window_24,1,249004.0
2438.0,darpa_theia:n113521,darpa_theia:n109721,type_3,type_0,rel_4,1,0,1,0,train:window_24,1,249020.0
2439.0,darpa_theia:n113525,darpa_theia:n109721,type_3,type_0,rel_4,1,0,1,0,train:window_24,1,249022.0
2440.0,darpa_theia:n114447,darpa_theia:n114495,type_0,type_2,rel_2,0,0,0,0,train:window_24,0,249561.0
2441.0,darpa_theia:n114447,darpa_theia:n114686,type_0,type_2,rel_10,0,0,0,0,train:window_24,0,249823.0
2442.0,darpa_theia:n114447,darpa_theia:n114826,type_0,type_0,rel_8,0,0,0,0,train:window_24,0,249918.0
2443.0,darpa_theia:n114447,darpa_theia:n115298,type_0,type_2,rel_2,0,0,0,0,train:window_24,0,250457.0
2444.0,darpa_theia:n114447,darpa_theia:n115338,type_0,type_2,rel_10,0,0,0,0,train:window_24,0,250508.0
2445.0,darpa_theia:n114447,darpa_theia:n115450,type_0,type_2,rel_10,0,0,0,0,train:window_24,0,250624.0
2446.0,darpa_theia:n114447,darpa_theia:n116160,type_0,type_2,rel_10,0,0,0,0,train:window_24,0,251247.0
2447.0,darpa_theia:n114447,darpa_theia:n116330,type_0,type_2,rel_10,0,0,0,0,train:window_24,0,251391.0
2448.0,darpa_theia:n114447,darpa_theia:n116504,type_0,type_2,rel_10,0,0,0,0,train:window_24,0,251494.0
2449.0,darpa_theia:n114447,darpa_theia:n116511,type_0,type_2,rel_10,0,0,0,0,train:window_24,0,251502.0
2450.0,darpa_theia:n114447,darpa_theia:n116752,type_0,type_2,rel_10,0,0,0,0,train:window_24,0,251678.0
2451.0,darpa_theia:n114447,darpa_theia:n117003,type_0,type_1,rel_0,0,0,0,0,train:window_24,0,251825.0
2452.0,darpa_theia:n114447,darpa_theia:n117206,type_0,type_2,rel_10,0,0,0,0,train:window_24,0,251942.0
2453.0,darpa_theia:n114447,darpa_theia:n117226,type_0,type_2,rel_10,0,0,0,0,train:window_24,0,251961.0
2454.0,darpa_theia:n114447,darpa_theia:n117292,type_0,type_2,rel_10,0,0,0,0,train:window_24,0,252020.0
2455.0,darpa_theia:n114447,darpa_theia:n118973,type_0,type_1,rel_0,0,0,0,0,train:window_24,0,252274.0
2456.0,darpa_theia:n114447,darpa_theia:n119153,type_0,type_1,rel_0,0,0,0,0,train:window_24,0,252371.0
2457.0,darpa_theia:n114447,darpa_theia:n119342,type_0,type_0,rel_8,0,0,0,0,train:window_24,0,252455.0
2458.0,darpa_theia:n114817,darpa_theia:n116309,type_0,type_3,rel_11,1,1,0,1,train:window_24,1,252624.0
2459.0,darpa_theia:n114817,darpa_theia:n118848,type_0,type_3,rel_11,1,1,0,1,train:window_24,1,252762.0
2460.0,darpa_theia:n114817,darpa_theia:n119060,type_0,type_3,rel_11,1,1,0,1,train:window_24,1,252771.0
2461.0,darpa_theia:n114817,darpa_theia:n119106,type_0,type_3,rel_11,1,1,0,1,train:window_24,1,252799.0
2462.0,darpa_theia:n114817,darpa_theia:n119151,type_0,type_3,rel_3,0,0,0,0,train:window_24,0,252821.0
2463.0,darpa_theia:n114817,darpa_theia:n119156,type_0,type_3,rel_11,1,1,0,1,train:window_24,1,252825.0
2464.0,darpa_theia:n114940,darpa_theia:n114953,type_0,type_2,rel_2,0,0,0,0,train:window_24,0,252924.0
2465.0,darpa_theia:n114940,darpa_theia:n114962,type_0,type_2,rel_2,0,0,0,0,train:window_24,0,252936.0
2466.0,darpa_theia:n114940,darpa_theia:n1775,type_0,type_1,rel_0,0,0,0,0,train:window_24,0,253012.0
2467.0,darpa_theia:n114940,darpa_theia:n1794,type_0,type_1,rel_0,0,0,0,0,train:window_24,0,253031.0
2468.0,darpa_theia:n114940,darpa_theia:n1811,type_0,type_1,rel_0,0,0,0,0,train:window_24,0,253048.0
2469.0,darpa_theia:n115045,darpa_theia:n88291,type_0,type_1,rel_0,0,0,0,0,train:window_24,0,253108.0
2470.0,darpa_theia:n115218,darpa_theia:n117001,type_0,type_1,rel_2,0,0,0,0,train:window_24,0,253348.0
2471.0,darpa_theia:n115218,darpa_theia:n119211,type_0,type_1,rel_2,0,0,0,0,train:window_24,0,253472.0
2472.0,darpa_theia:n115510,darpa_theia:n116069,type_0,type_2,rel_10,0,0,0,0,train:window_24,0,253581.0
2473.0,darpa_theia:n115510,darpa_theia:n117145,type_0,type_2,rel_10,0,0,0,0,train:window_24,0,253600.0
2474.0,darpa_theia:n115510,darpa_theia:n113961,type_0,type_1,rel_0,0,0,0,0,train:window_24,0,253607.0
2475.0,darpa_theia:n115532,darpa_theia:n111294,type_0,type_1,rel_0,0,0,0,0,train:window_24,0,253720.0
2476.0,darpa_theia:n115532,darpa_theia:n111306,type_0,type_1,rel_0,0,0,0,0,train:window_24,0,253758.0
2477.0,darpa_theia:n115564,darpa_theia:n115576,type_0,type_2,rel_2,0,0,0,0,train:window_24,0,253835.0
2478.0,darpa_theia:n115818,darpa_theia:n115821,type_0,type_3,rel_11,0,0,0,0,train:window_24,0,253938.0
2479.0,darpa_theia:n116080,darpa_theia:n115818,type_3,type_0,rel_4,0,0,0,0,train:window_24,0,254043.0
2480.0,darpa_theia:n116398,darpa_theia:n120481,type_1,type_0,rel_1,0,0,0,0,train:window_24,0,254148.0
2481.0,darpa_theia:n116419,darpa_theia:n115532,type_1,type_0,rel_1,0,0,0,0,train:window_24,0,254184.0
2482.0,darpa_theia:n116450,darpa_theia:n145,type_0,type_1,rel_0,0,0,0,0,train:window_24,0,254206.0
2483.0,darpa_theia:n116996,darpa_theia:n114447,type_1,type_0,rel_1,0,0,0,0,train:window_24,0,254392.0
2484.0,darpa_theia:n117137,darpa_theia:n117134,type_1,type_0,rel_1,0,0,0,0,train:window_24,0,254524.0
2485.0,darpa_theia:n117227,darpa_theia:n329,type_0,type_1,rel_0,0,0,0,0,train:window_24,0,254572.0
2486.0,darpa_theia:n117227,darpa_theia:n2759,type_0,type_1,rel_0,0,0,0,0,train:window_24,0,254574.0
2487.0,darpa_theia:n117347,darpa_theia:n117493,type_0,type_2,rel_2,0,0,0,0,train:window_24,0,254823.0
2488.0,darpa_theia:n117347,darpa_theia:n117541,type_0,type_2,rel_2,0,0,0,0,train:window_24,0,254887.0
2489.0,darpa_theia:n117347,darpa_theia:n117694,type_0,type_0,rel_8,0,0,0,0,train:window_24,0,255018.0
2490.0,darpa_theia:n117347,darpa_theia:n117720,type_0,type_2,rel_10,0,0,0,0,train:window_24,0,255046.0
2491.0,darpa_theia:n117347,darpa_theia:n1715,type_0,type_1,rel_0,0,0,0,0,train:window_24,0,255073.0
2492.0,darpa_theia:n118132,darpa_theia:n13,type_0,type_3,rel_11,0,0,0,0,train:window_24,0,255826.0
2493.0,darpa_theia:n118132,darpa_theia:n5547,type_0,type_1,rel_0,0,0,0,0,train:window_24,0,255907.0
2494.0,darpa_theia:n118132,darpa_theia:n118388,type_0,type_2,rel_2,0,0,0,0,train:window_24,0,255931.0
2495.0,darpa_theia:n118132,darpa_theia:n118401,type_0,type_0,rel_8,0,0,0,0,train:window_24,0,255948.0
2496.0,darpa_theia:n118401,darpa_theia:n118424,type_0,type_2,rel_2,0,0,0,0,train:window_24,0,256243.0
2497.0,darpa_theia:n118779,darpa_theia:n114817,type_3,type_0,rel_4,0,0,0,0,train:window_24,0,256320.0
2498.0,darpa_theia:n118844,darpa_theia:n150935,type_1,type_0,rel_1,0,0,0,0,train:window_24,0,256356.0
2499.0,darpa_theia:n119159,darpa_theia:n114447,type_1,type_0,rel_1,0,0,0,0,train:window_24,0,256492.0
2500.0,darpa_theia:n119190,darpa_theia:n114447,type_1,type_0,rel_1,0,0,0,0,train:window_24,0,256523.0
2501.0,darpa_theia:n119287,darpa_theia:n288332,type_3,type_0,rel_4,0,0,0,0,train:window_25,0,256615.0
2502.0,darpa_theia:n119397,darpa_theia:n119436,type_0,type_2,rel_10,0,0,0,0,train:window_25,0,256710.0
2503.0,darpa_theia:n119397,darpa_theia:n1447,type_0,type_1,rel_0,0,0,0,0,train:window_25,0,257134.0
2504.0,darpa_theia:n119397,darpa_theia:n120179,type_0,type_2,rel_10,0,0,0,0,train:window_25,0,257570.0
2505.0,darpa_theia:n119397,darpa_theia:n2154,type_0,type_1,rel_0,0,0,0,0,train:window_25,0,257624.0
2506.0,darpa_theia:n119397,darpa_theia:n120304,type_0,type_2,rel_10,0,0,0,0,train:window_25,0,257687.0
2507.0,darpa_theia:n119397,darpa_theia:n120372,type_0,type_2,rel_10,0,0,0,0,train:window_25,0,257758.0
2508.0,darpa_theia:n119397,darpa_theia:n120417,type_0,type_2,rel_10,0,0,0,0,train:window_25,0,257803.0
2509.0,darpa_theia:n119397,darpa_theia:n120422,type_0,type_2,rel_10,0,0,0,0,train:window_25,0,257808.0
2510.0,darpa_theia:n119397,darpa_theia:n120544,type_0,type_1,rel_0,0,0,0,0,train:window_25,0,257920.0
2511.0,darpa_theia:n119397,darpa_theia:n120931,type_0,type_2,rel_10,0,0,0,0,train:window_25,0,258255.0
2512.0,darpa_theia:n119397,darpa_theia:n121606,type_0,type_2,rel_2,0,0,0,0,train:window_25,0,258792.0
2513.0,darpa_theia:n119397,darpa_theia:n121754,type_0,type_2,rel_10,0,0,0,0,train:window_25,0,258871.0
2514.0,darpa_theia:n119397,darpa_theia:n121792,type_0,type_1,rel_0,0,0,0,0,train:window_25,0,258907.0
2515.0,darpa_theia:n119397,darpa_theia:n123319,type_0,type_2,rel_10,0,0,0,0,train:window_25,0,259142.0
2516.0,darpa_theia:n119397,darpa_theia:n123353,type_0,type_2,rel_10,0,0,0,0,train:window_25,0,259176.0
2517.0,darpa_theia:n119397,darpa_theia:n123767,type_0,type_2,rel_10,0,0,0,0,train:window_25,0,259265.0
2518.0,darpa_theia:n119397,darpa_theia:n123883,type_0,type_2,rel_10,0,0,0,0,train:window_25,0,259357.0
2519.0,darpa_theia:n119397,darpa_theia:n124152,type_0,type_2,rel_10,0,0,0,0,train:window_25,0,259458.0
2520.0,darpa_theia:n119618,darpa_theia:n119675,type_0,type_2,rel_2,0,0,0,0,train:window_25,0,259492.0
2521.0,darpa_theia:n119771,darpa_theia:n121565,type_0,type_3,rel_11,1,1,0,1,train:window_25,1,259595.0
2522.0,darpa_theia:n119771,darpa_theia:n123413,type_0,type_3,rel_11,1,1,0,1,train:window_25,1,259638.0
2523.0,darpa_theia:n119771,darpa_theia:n123425,type_0,type_3,rel_11,1,1,0,1,train:window_25,1,259646.0
2524.0,darpa_theia:n119771,darpa_theia:n123441,type_0,type_3,rel_11,1,1,0,1,train:window_25,1,259658.0
2525.0,darpa_theia:n119771,darpa_theia:n123443,type_0,type_3,rel_3,0,0,0,0,train:window_25,0,259660.0
2526.0,darpa_theia:n119771,darpa_theia:n123448,type_0,type_3,rel_11,1,1,0,1,train:window_25,1,259663.0
2527.0,darpa_theia:n119771,darpa_theia:n123475,type_0,type_3,rel_11,1,1,0,1,train:window_25,1,259684.0
2528.0,darpa_theia:n119771,darpa_theia:n123480,type_0,type_3,rel_11,1,1,0,1,train:window_25,1,259687.0
2529.0,darpa_theia:n119771,darpa_theia:n123497,type_0,type_3,rel_11,1,1,0,1,train:window_25,1,259695.0
2530.0,darpa_theia:n119771,darpa_theia:n123532,type_0,type_3,rel_11,1,1,0,1,train:window_25,1,259714.0
2531.0,darpa_theia:n119771,darpa_theia:n123550,type_0,type_3,rel_11,1,1,0,1,train:window_25,1,259732.0
2532.0,darpa_theia:n119771,darpa_theia:n68402,type_0,type_3,rel_11,1,1,0,1,train:window_25,1,259765.0
2533.0,darpa_theia:n119771,darpa_theia:n123645,type_0,type_3,rel_11,1,1,0,1,train:window_25,1,259779.0
2534.0,darpa_theia:n119771,darpa_theia:n123703,type_0,type_3,rel_11,1,1,0,1,train:window_25,1,259810.0
2535.0,darpa_theia:n119771,darpa_theia:n123725,type_0,type_3,rel_3,0,0,0,0,train:window_25,0,259821.0
2536.0,darpa_theia:n119771,darpa_theia:n93100,type_0,type_3,rel_11,1,1,0,1,train:window_25,1,259822.0
2537.0,darpa_theia:n119771,darpa_theia:n123729,type_0,type_3,rel_11,1,1,0,1,train:window_25,1,259825.0
2538.0,darpa_theia:n119771,darpa_theia:n123758,type_0,type_3,rel_11,1,1,0,1,train:window_25,1,259843.0
2539.0,darpa_theia:n119893,darpa_theia:n1669,type_0,type_1,rel_0,0,0,0,0,train:window_25,0,259989.0
2540.0,darpa_theia:n120096,darpa_theia:n120326,type_0,type_2,rel_2,0,0,0,0,train:window_25,0,260350.0
2541.0,darpa_theia:n120170,darpa_theia:n120544,type_0,type_1,rel_2,0,0,0,0,train:window_25,0,260358.0
2542.0,darpa_theia:n120170,darpa_theia:n120776,type_0,type_2,rel_2,0,0,0,0,train:window_25,0,260365.0
2543.0,darpa_theia:n120170,darpa_theia:n121586,type_0,type_1,rel_2,0,0,0,0,train:window_25,0,260390.0
2544.0,darpa_theia:n120191,darpa_theia:n120227,type_0,type_2,rel_10,0,0,0,0,train:window_25,0,260508.0
2545.0,darpa_theia:n120481,darpa_theia:n116399,type_0,type_1,rel_0,0,0,0,0,train:window_25,0,260716.0
2546.0,darpa_theia:n120481,darpa_theia:n121347,type_0,type_1,rel_0,0,0,0,0,train:window_25,0,260755.0
2547.0,darpa_theia:n120481,darpa_theia:n121351,type_0,type_1,rel_0,0,0,0,0,train:window_25,0,260760.0
2548.0,darpa_theia:n120514,darpa_theia:n121829,type_0,type_3,rel_11,0,0,0,0,train:window_25,0,260818.0
2549.0,darpa_theia:n120705,darpa_theia:n123892,type_0,type_3,rel_11,0,0,0,0,train:window_25,0,260866.0
2550.0,darpa_theia:n121811,darpa_theia:n328558,type_3,type_0,rel_4,0,0,0,0,train:window_25,0,261340.0
2551.0,darpa_theia:n122094,darpa_theia:n910,type_0,type_1,rel_0,0,0,0,0,train:window_25,0,261510.0
2552.0,darpa_theia:n122094,darpa_theia:n122123,type_0,type_2,rel_2,0,0,0,0,train:window_25,0,261528.0
2553.0,darpa_theia:n122094,darpa_theia:n122125,type_0,type_2,rel_2,0,0,0,0,train:window_25,0,261530.0
2554.0,darpa_theia:n122094,darpa_theia:n122193,type_0,type_2,rel_10,0,0,0,0,train:window_25,0,261624.0
2555.0,darpa_theia:n122094,darpa_theia:n1029,type_0,type_1,rel_2,0,0,0,0,train:window_25,0,261627.0
2556.0,darpa_theia:n122094,darpa_theia:n123228,type_0,type_2,rel_2,0,0,0,0,train:window_25,0,262190.0
2557.0,darpa_theia:n122094,darpa_theia:n123241,type_0,type_2,rel_10,0,0,0,0,train:window_25,0,262203.0
2558.0,darpa_theia:n122292,darpa_theia:n122297,type_0,type_1,rel_0,0,0,0,0,train:window_25,0,262220.0
2559.0,darpa_theia:n122671,darpa_theia:n122752,type_0,type_2,rel_2,0,0,0,0,train:window_25,0,262540.0
2560.0,darpa_theia:n122671,darpa_theia:n122757,type_0,type_2,rel_2,0,0,0,0,train:window_25,0,262546.0
2561.0,darpa_theia:n122875,darpa_theia:n1350,type_0,type_1,rel_0,0,0,0,0,train:window_25,0,262683.0
2562.0,darpa_theia:n122931,darpa_theia:n122970,type_0,type_2,rel_2,0,0,0,0,train:window_25,0,262877.0
2563.0,darpa_theia:n123063,darpa_theia:n123068,type_0,type_2,rel_2,0,0,0,0,train:window_25,0,263012.0
2564.0,darpa_theia:n123151,darpa_theia:n1261,type_0,type_1,rel_0,0,0,0,0,train:window_25,0,263079.0
2565.0,darpa_theia:n123151,darpa_theia:n123158,type_0,type_2,rel_2,0,0,0,0,train:window_25,0,263090.0
2566.0,darpa_theia:n123151,darpa_theia:n123164,type_0,type_2,rel_2,0,0,0,0,train:window_25,0,263098.0
2567.0,darpa_theia:n123151,darpa_theia:n910,type_0,type_1,rel_0,0,0,0,0,train:window_25,0,263107.0
2568.0,darpa_theia:n123487,darpa_theia:n119771,type_3,type_0,rel_4,0,0,0,0,train:window_25,0,263220.0
2569.0,darpa_theia:n123630,darpa_theia:n134306,type_1,type_0,rel_1,0,0,0,0,train:window_25,0,263313.0
2570.0,darpa_theia:n123741,darpa_theia:n119771,type_3,type_0,rel_4,0,0,0,0,train:window_25,0,263382.0
2571.0,darpa_theia:n124074,darpa_theia:n121250,type_3,type_0,rel_4,0,0,0,0,train:window_25,0,263446.0
2572.0,darpa_theia:n124166,darpa_theia:n124179,type_0,type_2,rel_2,0,0,0,0,train:window_25,0,263486.0
2573.0,darpa_theia:n124166,darpa_theia:n124382,type_0,type_2,rel_2,0,0,0,0,train:window_25,0,263753.0
2574.0,darpa_theia:n124166,darpa_theia:n124405,type_0,type_2,rel_2,0,0,0,0,train:window_25,0,263793.0
2575.0,darpa_theia:n124166,darpa_theia:n1434,type_0,type_1,rel_0,0,0,0,0,train:window_25,0,263929.0
2576.0,darpa_theia:n124166,darpa_theia:n124651,type_0,type_2,rel_10,0,0,0,0,train:window_25,0,264073.0
2577.0,darpa_theia:n124166,darpa_theia:n124707,type_0,type_2,rel_2,0,0,0,0,train:window_25,0,264099.0
2578.0,darpa_theia:n124166,darpa_theia:n125013,type_0,type_2,rel_2,0,0,0,0,train:window_25,0,264423.0
2579.0,darpa_theia:n124166,darpa_theia:n125059,type_0,type_2,rel_10,0,0,0,0,train:window_25,0,264482.0
2580.0,darpa_theia:n124166,darpa_theia:n125145,type_0,type_2,rel_2,0,0,0,0,train:window_25,0,264572.0
2581.0,darpa_theia:n124166,darpa_theia:n125155,type_0,type_2,rel_10,0,0,0,0,train:window_25,0,264582.0
2582.0,darpa_theia:n124166,darpa_theia:n125217,type_0,type_2,rel_10,0,0,0,0,train:window_25,0,264644.0
2583.0,darpa_theia:n124166,darpa_theia:n125329,type_0,type_2,rel_10,0,0,0,0,train:window_25,0,264742.0
2584.0,darpa_theia:n124166,darpa_theia:n125397,type_0,type_2,rel_10,0,0,0,0,train:window_25,0,264810.0
2585.0,darpa_theia:n124166,darpa_theia:n125476,type_0,type_0,rel_8,0,0,0,0,train:window_25,0,264893.0
2586.0,darpa_theia:n124166,darpa_theia:n125585,type_0,type_2,rel_10,0,0,0,0,train:window_25,0,264964.0
2587.0,darpa_theia:n124166,darpa_theia:n125644,type_0,type_2,rel_10,0,0,0,0,train:window_25,0,265013.0
2588.0,darpa_theia:n124166,darpa_theia:n125747,type_0,type_2,rel_10,0,0,0,0,train:window_25,0,265116.0
2589.0,darpa_theia:n124166,darpa_theia:n125830,type_0,type_2,rel_10,0,0,0,0,train:window_25,0,265171.0
2590.0,darpa_theia:n124166,darpa_theia:n125904,type_0,type_2,rel_10,0,0,0,0,train:window_25,0,265240.0
2591.0,darpa_theia:n124166,darpa_theia:n126183,type_0,type_2,rel_10,0,0,0,0,train:window_25,0,265433.0
2592.0,darpa_theia:n124166,darpa_theia:n126212,type_0,type_2,rel_10,0,0,0,0,train:window_25,0,265462.0
2593.0,darpa_theia:n124166,darpa_theia:n126215,type_0,type_2,rel_10,0,0,0,0,train:window_25,0,265465.0
2594.0,darpa_theia:n124166,darpa_theia:n126478,type_0,type_2,rel_10,0,0,0,0,train:window_25,0,265613.0
2595.0,darpa_theia:n124166,darpa_theia:n126619,type_0,type_2,rel_10,0,0,0,0,train:window_25,0,265707.0
2596.0,darpa_theia:n124166,darpa_theia:n128260,type_0,type_1,rel_0,0,0,0,0,train:window_25,0,266019.0
2597.0,darpa_theia:n124166,darpa_theia:n128685,type_0,type_1,rel_0,0,0,0,0,train:window_25,0,266125.0
2598.0,darpa_theia:n124166,darpa_theia:n128786,type_0,type_2,rel_10,0,0,0,0,train:window_25,0,266212.0
2599.0,darpa_theia:n124166,darpa_theia:n128890,type_0,type_1,rel_0,0,0,0,0,train:window_25,0,266239.0
2600.0,darpa_theia:n124477,darpa_theia:n124489,type_0,type_2,rel_2,0,0,0,0,train:window_25,0,266464.0
2601.0,darpa_theia:n124539,darpa_theia:n111615,type_0,type_3,rel_11,1,1,0,1,train:window_26,1,266519.0
2602.0,darpa_theia:n124539,darpa_theia:n111713,type_0,type_3,rel_11,1,1,0,1,train:window_26,1,266551.0
2603.0,darpa_theia:n124539,darpa_theia:n126431,type_0,type_3,rel_3,0,0,0,0,train:window_26,0,266578.0
2604.0,darpa_theia:n124539,darpa_theia:n128147,type_0,type_3,rel_11,1,1,0,1,train:window_26,1,266601.0
2605.0,darpa_theia:n124539,darpa_theia:n128196,type_0,type_3,rel_3,0,0,0,0,train:window_26,0,266634.0
2606.0,darpa_theia:n124539,darpa_theia:n128844,type_0,type_3,rel_3,0,0,0,0,train:window_26,0,266753.0
2607.0,darpa_theia:n124539,darpa_theia:n128872,type_0,type_3,rel_3,0,0,0,0,train:window_26,0,266773.0
2608.0,darpa_theia:n124539,darpa_theia:n128901,type_0,type_3,rel_11,1,1,0,1,train:window_26,1,266794.0
2609.0,darpa_theia:n124539,darpa_theia:n128930,type_0,type_3,rel_11,1,1,0,1,train:window_26,1,266813.0
2610.0,darpa_theia:n124539,darpa_theia:n128933,type_0,type_3,rel_11,1,1,0,1,train:window_26,1,266816.0
2611.0,darpa_theia:n124539,darpa_theia:n129006,type_0,type_3,rel_11,1,1,0,1,train:window_26,1,266836.0
2612.0,darpa_theia:n124539,darpa_theia:n58446,type_0,type_3,rel_11,1,1,0,1,train:window_26,1,266854.0
2613.0,darpa_theia:n124539,darpa_theia:n58462,type_0,type_3,rel_11,1,1,0,1,train:window_26,1,266861.0
2614.0,darpa_theia:n124539,darpa_theia:n58473,type_0,type_3,rel_11,1,1,0,1,train:window_26,1,266865.0
2615.0,darpa_theia:n124539,darpa_theia:n91283,type_0,type_3,rel_11,1,1,0,1,train:window_26,1,266868.0
2616.0,darpa_theia:n124659,darpa_theia:n124749,type_0,type_2,rel_2,0,0,0,0,train:window_26,0,266970.0
2617.0,darpa_theia:n124660,darpa_theia:n1809,type_0,type_1,rel_0,0,0,0,0,train:window_26,0,267107.0
2618.0,darpa_theia:n124764,darpa_theia:n30403,type_0,type_1,rel_0,0,0,0,0,train:window_26,0,267131.0
2619.0,darpa_theia:n124764,darpa_theia:n32094,type_0,type_1,rel_0,0,0,0,0,train:window_26,0,267182.0
2620.0,darpa_theia:n124764,darpa_theia:n33244,type_0,type_1,rel_0,0,0,0,0,train:window_26,0,267445.0
2621.0,darpa_theia:n124934,darpa_theia:n128343,type_0,type_2,rel_2,0,0,0,0,train:window_26,0,267575.0
2622.0,darpa_theia:n125248,darpa_theia:n121336,type_0,type_1,rel_0,0,0,0,0,train:window_26,0,267932.0
2623.0,darpa_theia:n125519,darpa_theia:n3989,type_0,type_1,rel_0,0,0,0,0,train:window_26,0,268079.0
2624.0,darpa_theia:n125573,darpa_theia:n128054,type_0,type_1,rel_0,0,0,0,0,train:window_26,0,268187.0
2625.0,darpa_theia:n125897,darpa_theia:n128438,type_0,type_3,rel_11,0,0,0,0,train:window_26,0,268252.0
2626.0,darpa_theia:n126306,darpa_theia:n128249,type_0,type_2,rel_2,0,0,0,0,train:window_26,0,268488.0
2627.0,darpa_theia:n126550,darpa_theia:n124166,type_1,type_0,rel_1,0,0,0,0,train:window_26,0,268595.0
2628.0,darpa_theia:n126576,darpa_theia:n187655,type_3,type_0,rel_4,0,0,0,0,train:window_26,0,268631.0
2629.0,darpa_theia:n126604,darpa_theia:n125897,type_3,type_0,rel_4,0,0,0,0,train:window_26,0,268647.0
2630.0,darpa_theia:n126702,darpa_theia:n126808,type_0,type_2,rel_10,0,0,0,0,train:window_26,0,268657.0
2631.0,darpa_theia:n126845,darpa_theia:n931,type_0,type_1,rel_0,0,0,0,0,train:window_26,0,268731.0
2632.0,darpa_theia:n126845,darpa_theia:n127003,type_0,type_2,rel_2,0,0,0,0,train:window_26,0,268942.0
2633.0,darpa_theia:n126845,darpa_theia:n1181,type_0,type_1,rel_0,0,0,0,0,train:window_26,0,269021.0
2634.0,darpa_theia:n126845,darpa_theia:n1747,type_0,type_1,rel_0,0,0,0,0,train:window_26,0,269207.0
2635.0,darpa_theia:n126845,darpa_theia:n127965,type_0,type_2,rel_10,0,0,0,0,train:window_26,0,269408.0
2636.0,darpa_theia:n126845,darpa_theia:n128668,type_0,type_2,rel_10,0,0,0,0,train:window_26,0,269467.0
2637.0,darpa_theia:n126845,darpa_theia:n128674,type_0,type_2,rel_10,0,0,0,0,train:window_26,0,269473.0
2638.0,darpa_theia:n127300,darpa_theia:n1117,type_0,type_1,rel_0,0,0,0,0,train:window_26,0,269658.0
2639.0,darpa_theia:n127425,darpa_theia:n1171,type_0,type_1,rel_0,0,0,0,0,train:window_26,0,269935.0
2640.0,darpa_theia:n127636,darpa_theia:n5316,type_0,type_1,rel_0,0,0,0,0,train:window_26,0,269981.0
2641.0,darpa_theia:n127684,darpa_theia:n127717,type_0,type_2,rel_2,0,0,0,0,train:window_26,0,270126.0
2642.0,darpa_theia:n127904,darpa_theia:n899,type_0,type_1,rel_0,0,0,0,0,train:window_26,0,270348.0
2643.0,darpa_theia:n128113,darpa_theia:n125897,type_3,type_0,rel_4,0,0,0,0,train:window_26,0,270419.0
2644.0,darpa_theia:n128308,darpa_theia:n124539,type_3,type_0,rel_4,0,0,0,0,train:window_26,0,270526.0
2645.0,darpa_theia:n128589,darpa_theia:n128587,type_3,type_0,rel_4,0,0,0,0,train:window_26,0,270645.0
2646.0,darpa_theia:n128607,darpa_theia:n126280,type_3,type_0,rel_4,0,0,0,0,train:window_26,0,270671.0
2647.0,darpa_theia:n128641,darpa_theia:n124166,type_1,type_0,rel_1,0,0,0,0,train:window_26,0,270704.0
2648.0,darpa_theia:n128781,darpa_theia:n145,type_0,type_1,rel_0,0,0,0,0,train:window_26,0,270753.0
2649.0,darpa_theia:n128815,darpa_theia:n186061,type_1,type_0,rel_1,0,0,0,0,train:window_26,0,270764.0
2650.0,darpa_theia:n128850,darpa_theia:n124539,type_3,type_0,rel_4,0,0,0,0,train:window_26,0,270783.0
2651.0,darpa_theia:n128954,darpa_theia:n124166,type_1,type_0,rel_1,0,0,0,0,train:window_26,0,270843.0
2652.0,darpa_theia:n129187,darpa_theia:n180993,type_3,type_0,rel_4,0,0,0,0,train:window_26,0,270972.0
2653.0,darpa_theia:n129270,darpa_theia:n129320,type_0,type_2,rel_2,0,0,0,0,train:window_26,0,271090.0
2654.0,darpa_theia:n129270,darpa_theia:n950,type_0,type_1,rel_0,0,0,0,0,train:window_26,0,271099.0
2655.0,darpa_theia:n129270,darpa_theia:n1132,type_0,type_1,rel_0,0,0,0,0,train:window_26,0,271281.0
2656.0,darpa_theia:n129270,darpa_theia:n1478,type_0,type_1,rel_0,0,0,0,0,train:window_26,0,271527.0
2657.0,darpa_theia:n129270,darpa_theia:n1491,type_0,type_1,rel_0,0,0,0,0,train:window_26,0,271540.0
2658.0,darpa_theia:n129270,darpa_theia:n2053,type_0,type_1,rel_0,0,0,0,0,train:window_26,0,271922.0
2659.0,darpa_theia:n129270,darpa_theia:n130136,type_0,type_2,rel_10,0,0,0,0,train:window_26,0,272009.0
2660.0,darpa_theia:n129270,darpa_theia:n130242,type_0,type_2,rel_10,0,0,0,0,train:window_26,0,272119.0
2661.0,darpa_theia:n129270,darpa_theia:n130423,type_0,type_2,rel_2,0,0,0,0,train:window_26,0,272285.0
2662.0,darpa_theia:n129270,darpa_theia:n130550,type_0,type_2,rel_10,0,0,0,0,train:window_26,0,272412.0
2663.0,darpa_theia:n129270,darpa_theia:n130729,type_0,type_2,rel_10,0,0,0,0,train:window_26,0,272546.0
2664.0,darpa_theia:n129270,darpa_theia:n130738,type_0,type_2,rel_10,0,0,0,0,train:window_26,0,272556.0
2665.0,darpa_theia:n129270,darpa_theia:n130759,type_0,type_2,rel_10,0,0,0,0,train:window_26,0,272577.0
2666.0,darpa_theia:n129270,darpa_theia:n130942,type_0,type_2,rel_10,0,0,0,0,train:window_26,0,272733.0
2667.0,darpa_theia:n129270,darpa_theia:n131000,type_0,type_2,rel_10,0,0,0,0,train:window_26,0,272789.0
2668.0,darpa_theia:n129270,darpa_theia:n131326,type_0,type_2,rel_10,0,0,0,0,train:window_26,0,273028.0
2669.0,darpa_theia:n129270,darpa_theia:n131722,type_0,type_2,rel_2,0,0,0,0,train:window_26,0,273308.0
2670.0,darpa_theia:n129270,darpa_theia:n131847,type_0,type_2,rel_10,0,0,0,0,train:window_26,0,273367.0
2671.0,darpa_theia:n129270,darpa_theia:n131907,type_0,type_2,rel_10,0,0,0,0,train:window_26,0,273424.0
2672.0,darpa_theia:n129642,darpa_theia:n131576,type_0,type_3,rel_11,1,1,0,1,train:window_26,1,273923.0
2673.0,darpa_theia:n129642,darpa_theia:n133196,type_0,type_3,rel_11,1,1,0,1,train:window_26,1,273950.0
2674.0,darpa_theia:n129711,darpa_theia:n129747,type_0,type_2,rel_10,0,0,0,0,train:window_26,0,274059.0
2675.0,darpa_theia:n129762,darpa_theia:n1668,type_0,type_1,rel_0,0,0,0,0,train:window_26,0,274115.0
2676.0,darpa_theia:n130332,darpa_theia:n130923,type_0,type_2,rel_10,0,0,0,0,train:window_26,0,274501.0
2677.0,darpa_theia:n130332,darpa_theia:n133486,type_0,type_2,rel_10,0,0,0,0,train:window_26,0,274566.0
2678.0,darpa_theia:n130351,darpa_theia:n126089,type_0,type_1,rel_0,0,0,0,0,train:window_26,0,274675.0
2679.0,darpa_theia:n130351,darpa_theia:n131211,type_0,type_1,rel_0,0,0,0,0,train:window_26,0,274695.0
2680.0,darpa_theia:n130670,darpa_theia:n130902,type_0,type_2,rel_10,0,0,0,0,train:window_26,0,274874.0
2681.0,darpa_theia:n131491,darpa_theia:n131670,type_0,type_3,rel_11,0,0,0,0,train:window_26,0,275160.0
2682.0,darpa_theia:n132029,darpa_theia:n132085,type_0,type_2,rel_2,0,0,0,0,train:window_26,0,275492.0
2683.0,darpa_theia:n132029,darpa_theia:n132285,type_0,type_2,rel_2,0,0,0,0,train:window_26,0,275760.0
2684.0,darpa_theia:n132029,darpa_theia:n1529,type_0,type_1,rel_0,0,0,0,0,train:window_26,0,275992.0
2685.0,darpa_theia:n132603,darpa_theia:n132672,type_0,type_2,rel_10,0,0,0,0,train:window_26,0,276441.0
2686.0,darpa_theia:n132603,darpa_theia:n132734,type_0,type_2,rel_10,0,0,0,0,train:window_26,0,276513.0
2687.0,darpa_theia:n132603,darpa_theia:n132763,type_0,type_2,rel_2,0,0,0,0,train:window_26,0,276542.0
2688.0,darpa_theia:n132814,darpa_theia:n1171,type_0,type_1,rel_0,0,0,0,0,train:window_26,0,276610.0
2689.0,darpa_theia:n132863,darpa_theia:n132880,type_0,type_2,rel_2,0,0,0,0,train:window_26,0,276764.0
2690.0,darpa_theia:n132863,darpa_theia:n132884,type_0,type_2,rel_2,0,0,0,0,train:window_26,0,276770.0
2691.0,darpa_theia:n132863,darpa_theia:n1105,type_0,type_1,rel_0,0,0,0,0,train:window_26,0,276857.0
2692.0,darpa_theia:n132863,darpa_theia:n132988,type_0,type_2,rel_2,0,0,0,0,train:window_26,0,276908.0
2693.0,darpa_theia:n133083,darpa_theia:n1248,type_0,type_1,rel_0,0,0,0,0,train:window_26,0,277062.0
2694.0,darpa_theia:n133709,darpa_theia:n133943,type_0,type_2,rel_2,0,0,0,0,train:window_26,0,277531.0
2695.0,darpa_theia:n133709,darpa_theia:n1709,type_0,type_1,rel_0,0,0,0,0,train:window_26,0,277834.0
2696.0,darpa_theia:n133709,darpa_theia:n134344,type_0,type_2,rel_2,0,0,0,0,train:window_26,0,277953.0
2697.0,darpa_theia:n133709,darpa_theia:n134354,type_0,type_2,rel_10,0,0,0,0,train:window_26,0,277961.0
2698.0,darpa_theia:n133709,darpa_theia:n1944,type_0,type_1,rel_0,0,0,0,0,train:window_26,0,278008.0
2699.0,darpa_theia:n133709,darpa_theia:n134421,type_0,type_2,rel_10,0,0,0,0,train:window_26,0,278046.0
2700.0,darpa_theia:n133709,darpa_theia:n134446,type_0,type_2,rel_10,0,0,0,0,train:window_26,0,278074.0
2701.0,darpa_theia:n133709,darpa_theia:n134501,type_0,type_0,rel_8,0,0,0,0,train:window_27,0,278137.0
2702.0,darpa_theia:n133709,darpa_theia:n134695,type_0,type_2,rel_10,0,0,0,0,train:window_27,0,278324.0
2703.0,darpa_theia:n133709,darpa_theia:n134721,type_0,type_2,rel_10,0,0,0,0,train:window_27,0,278350.0
2704.0,darpa_theia:n133709,darpa_theia:n134824,type_0,type_0,rel_8,0,0,0,0,train:window_27,0,278452.0
2705.0,darpa_theia:n133709,darpa_theia:n134845,type_0,type_2,rel_10,0,0,0,0,train:window_27,0,278463.0
2706.0,darpa_theia:n133709,darpa_theia:n134912,type_0,type_2,rel_10,0,0,0,0,train:window_27,0,278526.0
2707.0,darpa_theia:n133709,darpa_theia:n134966,type_0,type_2,rel_10,0,0,0,0,train:window_27,0,278580.0
2708.0,darpa_theia:n133709,darpa_theia:n134982,type_0,type_2,rel_10,0,0,0,0,train:window_27,0,278596.0
2709.0,darpa_theia:n133709,darpa_theia:n135217,type_0,type_2,rel_10,0,0,0,0,train:window_27,0,278787.0
2710.0,darpa_theia:n133709,darpa_theia:n135332,type_0,type_2,rel_10,0,0,0,0,train:window_27,0,278901.0
2711.0,darpa_theia:n133709,darpa_theia:n135627,type_0,type_2,rel_10,0,0,0,0,train:window_27,0,279141.0
2712.0,darpa_theia:n133709,darpa_theia:n135801,type_0,type_2,rel_10,0,0,0,0,train:window_27,0,279251.0
2713.0,darpa_theia:n133709,darpa_theia:n136034,type_0,type_2,rel_10,0,0,0,0,train:window_27,0,279404.0
2714.0,darpa_theia:n133709,darpa_theia:n136117,type_0,type_1,rel_0,0,0,0,0,train:window_27,0,279461.0
2715.0,darpa_theia:n133709,darpa_theia:n136169,type_0,type_2,rel_10,0,0,0,0,train:window_27,0,279497.0
2716.0,darpa_theia:n133709,darpa_theia:n136318,type_0,type_2,rel_10,0,0,0,0,train:window_27,0,279591.0
2717.0,darpa_theia:n133709,darpa_theia:n136342,type_0,type_1,rel_0,0,0,0,0,train:window_27,0,279614.0
2718.0,darpa_theia:n133709,darpa_theia:n138149,type_0,type_2,rel_10,0,0,0,0,train:window_27,0,279856.0
2719.0,darpa_theia:n133709,darpa_theia:n138216,type_0,type_2,rel_10,0,0,0,0,train:window_27,0,279913.0
2720.0,darpa_theia:n133709,darpa_theia:n138504,type_0,type_2,rel_10,0,0,0,0,train:window_27,0,280037.0
2721.0,darpa_theia:n133928,darpa_theia:n133993,type_0,type_2,rel_2,0,0,0,0,train:window_27,0,280076.0
2722.0,darpa_theia:n133928,darpa_theia:n134004,type_0,type_2,rel_2,0,0,0,0,train:window_27,0,280090.0
2723.0,darpa_theia:n134006,darpa_theia:n134032,type_0,type_2,rel_10,0,0,0,0,train:window_27,0,280143.0
2724.0,darpa_theia:n134080,darpa_theia:n136014,type_0,type_3,rel_11,1,1,0,1,train:window_27,1,280220.0
2725.0,darpa_theia:n134080,darpa_theia:n137734,type_0,type_3,rel_11,1,1,0,1,train:window_27,1,280232.0
2726.0,darpa_theia:n134080,darpa_theia:n137745,type_0,type_3,rel_11,1,1,0,1,train:window_27,1,280234.0
2727.0,darpa_theia:n134080,darpa_theia:n137798,type_0,type_3,rel_11,1,1,0,1,train:window_27,1,280275.0
2728.0,darpa_theia:n134080,darpa_theia:n137807,type_0,type_3,rel_11,1,1,0,1,train:window_27,1,280283.0
2729.0,darpa_theia:n134080,darpa_theia:n137819,type_0,type_3,rel_11,1,1,0,1,train:window_27,1,280293.0
2730.0,darpa_theia:n134080,darpa_theia:n137843,type_0,type_3,rel_11,1,1,0,1,train:window_27,1,280301.0
2731.0,darpa_theia:n134080,darpa_theia:n137866,type_0,type_3,rel_11,1,1,0,1,train:window_27,1,280316.0
2732.0,darpa_theia:n134080,darpa_theia:n137888,type_0,type_3,rel_11,1,1,0,1,train:window_27,1,280338.0
2733.0,darpa_theia:n134080,darpa_theia:n123724,type_0,type_3,rel_11,1,1,0,1,train:window_27,1,280387.0
2734.0,darpa_theia:n134091,darpa_theia:n138416,type_0,type_2,rel_2,0,0,0,0,train:window_27,0,280460.0
2735.0,darpa_theia:n134151,darpa_theia:n134155,type_0,type_2,rel_2,0,0,0,0,train:window_27,0,280484.0
2736.0,darpa_theia:n134202,darpa_theia:n1682,type_0,type_1,rel_0,0,0,0,0,train:window_27,0,280599.0
2737.0,darpa_theia:n134202,darpa_theia:n1702,type_0,type_1,rel_0,0,0,0,0,train:window_27,0,280616.0
2738.0,darpa_theia:n134306,darpa_theia:n135942,type_0,type_2,rel_2,0,0,0,0,train:window_27,0,280697.0
2739.0,darpa_theia:n134306,darpa_theia:n123499,type_0,type_1,rel_0,0,0,0,0,train:window_27,0,280748.0
2740.0,darpa_theia:n134770,darpa_theia:n135044,type_0,type_2,rel_10,0,0,0,0,train:window_27,0,281119.0
2741.0,darpa_theia:n134770,darpa_theia:n135052,type_0,type_2,rel_10,0,0,0,0,train:window_27,0,281127.0
2742.0,darpa_theia:n134770,darpa_theia:n138286,type_0,type_2,rel_10,0,0,0,0,train:window_27,0,281205.0
2743.0,darpa_theia:n134770,darpa_theia:n138320,type_0,type_2,rel_10,0,0,0,0,train:window_27,0,281225.0
2744.0,darpa_theia:n134770,darpa_theia:n138534,type_0,type_2,rel_10,0,0,0,0,train:window_27,0,281278.0
2745.0,darpa_theia:n134792,darpa_theia:n135654,type_0,type_1,rel_0,0,0,0,0,train:window_27,0,281350.0
2746.0,darpa_theia:n134792,darpa_theia:n135680,type_0,type_1,rel_0,0,0,0,0,train:window_27,0,281378.0
2747.0,darpa_theia:n134824,darpa_theia:n138239,type_0,type_3,rel_11,0,0,0,0,train:window_27,0,281433.0
2748.0,darpa_theia:n134824,darpa_theia:n138397,type_0,type_3,rel_11,0,0,0,0,train:window_27,0,281435.0
2749.0,darpa_theia:n135017,darpa_theia:n138413,type_0,type_3,rel_11,0,0,0,0,train:window_27,0,281488.0
2750.0,darpa_theia:n135149,darpa_theia:n2825,type_0,type_1,rel_0,0,0,0,0,train:window_27,0,281616.0
2751.0,darpa_theia:n135151,darpa_theia:n135160,type_0,type_2,rel_2,0,0,0,0,train:window_27,0,281627.0
2752.0,darpa_theia:n135442,darpa_theia:n136049,type_0,type_2,rel_2,0,0,0,0,train:window_27,0,281645.0
2753.0,darpa_theia:n135690,darpa_theia:n134792,type_1,type_0,rel_1,0,0,0,0,train:window_27,0,281800.0
2754.0,darpa_theia:n136048,darpa_theia:n135017,type_3,type_0,rel_4,0,0,0,0,train:window_27,0,281922.0
2755.0,darpa_theia:n136444,darpa_theia:n1365,type_0,type_1,rel_0,0,0,0,0,train:window_27,0,282355.0
2756.0,darpa_theia:n136444,darpa_theia:n136661,type_0,type_2,rel_10,0,0,0,0,train:window_27,0,282375.0
2757.0,darpa_theia:n136444,darpa_theia:n1369,type_0,type_1,rel_0,0,0,0,0,train:window_27,0,282464.0
2758.0,darpa_theia:n136444,darpa_theia:n1505,type_0,type_1,rel_0,0,0,0,0,train:window_27,0,282645.0
2759.0,darpa_theia:n136715,darpa_theia:n136782,type_0,type_2,rel_10,0,0,0,0,train:window_27,0,282868.0
2760.0,darpa_theia:n136716,darpa_theia:n136725,type_0,type_2,rel_2,0,0,0,0,train:window_27,0,282882.0
2761.0,darpa_theia:n137019,darpa_theia:n137052,type_0,type_2,rel_2,0,0,0,0,train:window_27,0,283074.0
2762.0,darpa_theia:n137019,darpa_theia:n895,type_0,type_1,rel_0,0,0,0,0,train:window_27,0,283163.0
2763.0,darpa_theia:n137230,darpa_theia:n137262,type_0,type_2,rel_2,0,0,0,0,train:window_27,0,283340.0
2764.0,darpa_theia:n137279,darpa_theia:n137336,type_0,type_2,rel_2,0,0,0,0,train:window_27,0,283502.0
2765.0,darpa_theia:n137279,darpa_theia:n137385,type_0,type_2,rel_10,0,0,0,0,train:window_27,0,283567.0
2766.0,darpa_theia:n137734,darpa_theia:n134080,type_3,type_0,rel_4,1,0,1,0,train:window_27,1,283768.0
2767.0,darpa_theia:n138058,darpa_theia:n134080,type_3,type_0,rel_4,0,0,0,0,train:window_27,0,283976.0
2768.0,darpa_theia:n138119,darpa_theia:n192,type_0,type_1,rel_0,0,0,0,0,train:window_27,0,283999.0
2769.0,darpa_theia:n138543,darpa_theia:n138568,type_0,type_2,rel_2,0,0,0,0,train:window_27,0,284122.0
2770.0,darpa_theia:n138543,darpa_theia:n138740,type_0,type_0,rel_8,0,0,0,0,train:window_27,0,284296.0
2771.0,darpa_theia:n138680,darpa_theia:n138691,type_0,type_2,rel_2,0,0,0,0,train:window_27,0,284335.0
2772.0,darpa_theia:n138792,darpa_theia:n138794,type_0,type_2,rel_2,0,0,0,0,train:window_27,0,284484.0
2773.0,darpa_theia:n138800,darpa_theia:n138807,type_0,type_2,rel_2,0,0,0,0,train:window_27,0,284513.0
2774.0,darpa_theia:n138817,darpa_theia:n139334,type_0,type_0,rel_8,0,0,0,0,train:window_27,0,284564.0
2775.0,darpa_theia:n138914,darpa_theia:n138919,type_0,type_2,rel_2,0,0,0,0,train:window_27,0,284746.0
2776.0,darpa_theia:n138943,darpa_theia:n138950,type_0,type_2,rel_2,0,0,0,0,train:window_27,0,284789.0
2777.0,darpa_theia:n139125,darpa_theia:n881,type_0,type_1,rel_0,0,0,0,0,train:window_27,0,285037.0
2778.0,darpa_theia:n139278,darpa_theia:n329,type_0,type_1,rel_0,0,0,0,0,train:window_27,0,285235.0
2779.0,darpa_theia:n139404,darpa_theia:n885,type_0,type_1,rel_0,0,0,0,0,train:window_27,0,285412.0
2780.0,darpa_theia:n139432,darpa_theia:n1121,type_0,type_1,rel_0,0,0,0,0,train:window_27,0,285460.0
2781.0,darpa_theia:n139515,darpa_theia:n139526,type_0,type_2,rel_10,0,0,0,0,train:window_27,0,285571.0
2782.0,darpa_theia:n139571,darpa_theia:n139573,type_0,type_2,rel_2,0,0,0,0,train:window_27,0,285636.0
2783.0,darpa_theia:n139571,darpa_theia:n10056,type_0,type_1,rel_0,0,0,0,0,train:window_27,0,285678.0
2784.0,darpa_theia:n139599,darpa_theia:n139609,type_0,type_2,rel_2,0,0,0,0,train:window_27,0,285702.0
2785.0,darpa_theia:n139709,darpa_theia:n885,type_0,type_1,rel_0,0,0,0,0,train:window_27,0,285883.0
2786.0,darpa_theia:n139947,darpa_theia:n139949,type_0,type_2,rel_2,0,0,0,0,train:window_27,0,286297.0
2787.0,darpa_theia:n139959,darpa_theia:n1121,type_0,type_1,rel_0,0,0,0,0,train:window_27,0,286336.0
2788.0,darpa_theia:n140122,darpa_theia:n140139,type_0,type_2,rel_10,0,0,0,0,train:window_27,0,286560.0
2789.0,darpa_theia:n140213,darpa_theia:n11383,type_0,type_1,rel_0,0,0,0,0,train:window_27,0,286776.0
2790.0,darpa_theia:n140213,darpa_theia:n11773,type_0,type_1,rel_0,0,0,0,0,train:window_27,0,286876.0
2791.0,darpa_theia:n140493,darpa_theia:n140498,type_0,type_2,rel_2,0,0,0,0,train:window_27,0,287326.0
2792.0,darpa_theia:n140605,darpa_theia:n329,type_0,type_1,rel_0,0,0,0,0,train:window_27,0,287473.0
2793.0,darpa_theia:n140652,darpa_theia:n140656,type_0,type_2,rel_10,0,0,0,0,train:window_27,0,287541.0
2794.0,darpa_theia:n140851,darpa_theia:n11295,type_0,type_1,rel_9,0,0,0,0,train:window_27,0,287805.0
2795.0,darpa_theia:n141002,darpa_theia:n141013,type_0,type_2,rel_10,0,0,0,0,train:window_27,0,288024.0
2796.0,darpa_theia:n141002,darpa_theia:n141096,type_0,type_1,rel_0,0,0,0,0,train:window_27,0,288109.0
2797.0,darpa_theia:n141002,darpa_theia:n141309,type_0,type_1,rel_0,0,0,0,0,train:window_27,0,288323.0
2798.0,darpa_theia:n141002,darpa_theia:n141364,type_0,type_1,rel_0,0,0,0,0,train:window_27,0,288378.0
2799.0,darpa_theia:n141002,darpa_theia:n141543,type_0,type_1,rel_0,0,0,0,0,train:window_27,0,288557.0
2800.0,darpa_theia:n141002,darpa_theia:n141646,type_0,type_1,rel_0,0,0,0,0,train:window_27,0,288660.0
2801.0,darpa_theia:n141002,darpa_theia:n141764,type_0,type_1,rel_0,0,0,0,0,train:window_28,0,288778.0
2802.0,darpa_theia:n141002,darpa_theia:n141774,type_0,type_1,rel_0,0,0,0,0,train:window_28,0,288788.0
2803.0,darpa_theia:n141087,darpa_theia:n317529,type_1,type_0,rel_1,0,0,0,0,train:window_28,0,289051.0
2804.0,darpa_theia:n141094,darpa_theia:n281308,type_1,type_0,rel_1,0,0,0,0,train:window_28,0,289071.0
2805.0,darpa_theia:n141109,darpa_theia:n141002,type_1,type_0,rel_1,0,0,0,0,train:window_28,0,289109.0
2806.0,darpa_theia:n141158,darpa_theia:n281308,type_1,type_0,rel_1,0,0,0,0,train:window_28,0,289263.0
2807.0,darpa_theia:n141227,darpa_theia:n317529,type_1,type_0,rel_1,0,0,0,0,train:window_28,0,289453.0
2808.0,darpa_theia:n141305,darpa_theia:n141002,type_1,type_0,rel_1,0,0,0,0,train:window_28,0,289664.0
2809.0,darpa_theia:n141337,darpa_theia:n281308,type_1,type_0,rel_1,0,0,0,0,train:window_28,0,289758.0
2810.0,darpa_theia:n141346,darpa_theia:n141002,type_1,type_0,rel_1,0,0,0,0,train:window_28,0,289781.0
2811.0,darpa_theia:n141369,darpa_theia:n141002,type_1,type_0,rel_1,0,0,0,0,train:window_28,0,289847.0
2812.0,darpa_theia:n141400,darpa_theia:n317529,type_1,type_0,rel_1,0,0,0,0,train:window_28,0,289942.0
2813.0,darpa_theia:n141419,darpa_theia:n281308,type_1,type_0,rel_1,0,0,0,0,train:window_28,0,289992.0
2814.0,darpa_theia:n141458,darpa_theia:n317529,type_1,type_0,rel_1,0,0,0,0,train:window_28,0,290104.0
2815.0,darpa_theia:n141558,darpa_theia:n281308,type_1,type_0,rel_1,0,0,0,0,train:window_28,0,290394.0
2816.0,darpa_theia:n141743,darpa_theia:n281308,type_1,type_0,rel_1,0,0,0,0,train:window_28,0,290919.0
2817.0,darpa_theia:n141802,darpa_theia:n281308,type_1,type_0,rel_1,0,0,0,0,train:window_28,0,291081.0
2818.0,darpa_theia:n141808,darpa_theia:n317529,type_1,type_0,rel_1,0,0,0,0,train:window_28,0,291097.0
2819.0,darpa_theia:n141838,darpa_theia:n281308,type_1,type_0,rel_1,0,0,0,0,train:window_28,0,291183.0
2820.0,darpa_theia:n142003,darpa_theia:n142115,type_0,type_2,rel_10,0,0,0,0,train:window_28,0,291597.0
2821.0,darpa_theia:n142003,darpa_theia:n142142,type_0,type_2,rel_10,0,0,0,0,train:window_28,0,291633.0
2822.0,darpa_theia:n142003,darpa_theia:n1081,type_0,type_1,rel_0,0,0,0,0,train:window_28,0,291727.0
2823.0,darpa_theia:n142003,darpa_theia:n142251,type_0,type_2,rel_10,0,0,0,0,train:window_28,0,291773.0
2824.0,darpa_theia:n142003,darpa_theia:n1194,type_0,type_1,rel_0,0,0,0,0,train:window_28,0,291822.0
2825.0,darpa_theia:n142003,darpa_theia:n142287,type_0,type_2,rel_2,0,0,0,0,train:window_28,0,291836.0
2826.0,darpa_theia:n142003,darpa_theia:n142439,type_0,type_2,rel_2,0,0,0,0,train:window_28,0,291931.0
2827.0,darpa_theia:n142003,darpa_theia:n1541,type_0,type_1,rel_0,0,0,0,0,train:window_28,0,292121.0
2828.0,darpa_theia:n142003,darpa_theia:n2235,type_0,type_1,rel_14,0,0,0,0,train:window_28,0,292161.0
2829.0,darpa_theia:n142003,darpa_theia:n7502,type_0,type_1,rel_0,0,0,0,0,train:window_28,0,292305.0
2830.0,darpa_theia:n142003,darpa_theia:n142844,type_0,type_0,rel_8,0,0,0,0,train:window_28,0,292440.0
2831.0,darpa_theia:n142394,darpa_theia:n652,type_1,type_0,rel_1,0,0,0,0,train:window_28,0,292627.0
2832.0,darpa_theia:n142491,darpa_theia:n899,type_0,type_1,rel_0,0,0,0,0,train:window_28,0,292636.0
2833.0,darpa_theia:n142491,darpa_theia:n142516,type_0,type_2,rel_2,0,0,0,0,train:window_28,0,292664.0
2834.0,darpa_theia:n142897,darpa_theia:n9701,type_0,type_1,rel_0,0,0,0,0,train:window_28,0,292994.0
2835.0,darpa_theia:n142897,darpa_theia:n143022,type_0,type_2,rel_10,0,0,0,0,train:window_28,0,293088.0
2836.0,darpa_theia:n143142,darpa_theia:n9937,type_0,type_1,rel_9,0,0,0,0,train:window_28,0,293283.0
2837.0,darpa_theia:n143183,darpa_theia:n143481,type_0,type_0,rel_8,0,0,0,0,train:window_28,0,293371.0
2838.0,darpa_theia:n143339,darpa_theia:n143345,type_0,type_2,rel_10,0,0,0,0,train:window_28,0,293650.0
2839.0,darpa_theia:n143424,darpa_theia:n143426,type_0,type_2,rel_2,0,0,0,0,train:window_28,0,293762.0
2840.0,darpa_theia:n143509,darpa_theia:n143510,type_0,type_2,rel_2,0,0,0,0,train:window_28,0,293874.0
2841.0,darpa_theia:n143537,darpa_theia:n143542,type_0,type_2,rel_2,0,0,0,0,train:window_28,0,293918.0
2842.0,darpa_theia:n143621,darpa_theia:n143625,type_0,type_2,rel_2,0,0,0,0,train:window_28,0,294030.0
2843.0,darpa_theia:n143635,darpa_theia:n143638,type_0,type_2,rel_10,0,0,0,0,train:window_28,0,294048.0
2844.0,darpa_theia:n143635,darpa_theia:n143641,type_0,type_2,rel_10,0,0,0,0,train:window_28,0,294052.0
2845.0,darpa_theia:n143691,darpa_theia:n1097,type_0,type_1,rel_0,0,0,0,0,train:window_28,0,294122.0
2846.0,darpa_theia:n143776,darpa_theia:n143781,type_0,type_2,rel_2,0,0,0,0,train:window_28,0,294242.0
2847.0,darpa_theia:n143888,darpa_theia:n143899,type_0,type_2,rel_10,0,0,0,0,train:window_28,0,294401.0
2848.0,darpa_theia:n143916,darpa_theia:n143924,type_0,type_2,rel_2,0,0,0,0,train:window_28,0,294436.0
2849.0,darpa_theia:n143930,darpa_theia:n881,type_0,type_1,rel_0,0,0,0,0,train:window_28,0,294453.0
2850.0,darpa_theia:n144015,darpa_theia:n1097,type_0,type_1,rel_0,0,0,0,0,train:window_28,0,294598.0
2851.0,darpa_theia:n144063,darpa_theia:n10873,type_0,type_1,rel_9,0,0,0,0,train:window_28,0,294664.0
2852.0,darpa_theia:n144125,darpa_theia:n10057,type_0,type_1,rel_0,0,0,0,0,train:window_28,0,294822.0
2853.0,darpa_theia:n144168,darpa_theia:n144195,type_0,type_2,rel_10,0,0,0,0,train:window_28,0,294889.0
2854.0,darpa_theia:n144196,darpa_theia:n144197,type_0,type_2,rel_2,0,0,0,0,train:window_28,0,294911.0
2855.0,darpa_theia:n144211,darpa_theia:n144226,type_0,type_2,rel_10,0,0,0,0,train:window_28,0,294952.0
2856.0,darpa_theia:n144239,darpa_theia:n1097,type_0,type_1,rel_0,0,0,0,0,train:window_28,0,294990.0
2857.0,darpa_theia:n144239,darpa_theia:n144251,type_0,type_2,rel_10,0,0,0,0,train:window_28,0,295003.0
2858.0,darpa_theia:n144320,darpa_theia:n144325,type_0,type_2,rel_10,0,0,0,0,train:window_28,0,295128.0
2859.0,darpa_theia:n144388,darpa_theia:n11346,type_0,type_1,rel_0,0,0,0,0,train:window_28,0,295279.0
2860.0,darpa_theia:n144488,darpa_theia:n144489,type_0,type_2,rel_2,0,0,0,0,train:window_28,0,295616.0
2861.0,darpa_theia:n144508,darpa_theia:n144519,type_0,type_2,rel_10,0,0,0,0,train:window_28,0,295656.0
2862.0,darpa_theia:n144728,darpa_theia:n144761,type_0,type_2,rel_2,0,0,0,0,train:window_28,0,295953.0
2863.0,darpa_theia:n144792,darpa_theia:n144796,type_0,type_2,rel_2,0,0,0,0,train:window_28,0,296028.0
2864.0,darpa_theia:n144852,darpa_theia:n144860,type_0,type_2,rel_2,0,0,0,0,train:window_28,0,296114.0
2865.0,darpa_theia:n144880,darpa_theia:n144885,type_0,type_2,rel_10,0,0,0,0,train:window_28,0,296148.0
2866.0,darpa_theia:n144911,darpa_theia:n144916,type_0,type_2,rel_2,0,0,0,0,train:window_28,0,296190.0
2867.0,darpa_theia:n145091,darpa_theia:n895,type_0,type_1,rel_0,0,0,0,0,train:window_28,0,296446.0
2868.0,darpa_theia:n145131,darpa_theia:n1121,type_0,type_1,rel_0,0,0,0,0,train:window_28,0,296498.0
2869.0,darpa_theia:n145133,darpa_theia:n145144,type_0,type_2,rel_10,0,0,0,0,train:window_28,0,296541.0
2870.0,darpa_theia:n145214,darpa_theia:n145229,type_0,type_2,rel_2,0,0,0,0,train:window_28,0,296617.0
2871.0,darpa_theia:n145265,darpa_theia:n9753,type_0,type_1,rel_0,0,0,0,0,train:window_28,0,296829.0
2872.0,darpa_theia:n145265,darpa_theia:n9755,type_0,type_1,rel_0,0,0,0,0,train:window_28,0,296831.0
2873.0,darpa_theia:n145265,darpa_theia:n145386,type_0,type_2,rel_2,0,0,0,0,train:window_28,0,296880.0
2874.0,darpa_theia:n145265,darpa_theia:n145393,type_0,type_2,rel_10,0,0,0,0,train:window_28,0,296889.0
2875.0,darpa_theia:n145462,darpa_theia:n145464,type_0,type_2,rel_2,0,0,0,0,train:window_28,0,297017.0
2876.0,darpa_theia:n145506,darpa_theia:n145510,type_0,type_2,rel_2,0,0,0,0,train:window_28,0,297090.0
2877.0,darpa_theia:n145636,darpa_theia:n10078,type_0,type_1,rel_0,0,0,0,0,train:window_28,0,297371.0
2878.0,darpa_theia:n145665,darpa_theia:n145675,type_0,type_2,rel_2,0,0,0,0,train:window_28,0,297407.0
2879.0,darpa_theia:n145679,darpa_theia:n145687,type_0,type_2,rel_2,0,0,0,0,train:window_28,0,297424.0
2880.0,darpa_theia:n145833,darpa_theia:n145841,type_0,type_2,rel_2,0,0,0,0,train:window_28,0,297633.0
2881.0,darpa_theia:n145889,darpa_theia:n145900,type_0,type_2,rel_10,0,0,0,0,train:window_28,0,297712.0
2882.0,darpa_theia:n145973,darpa_theia:n145974,type_0,type_2,rel_2,0,0,0,0,train:window_28,0,297813.0
2883.0,darpa_theia:n146113,darpa_theia:n146116,type_0,type_2,rel_10,0,0,0,0,train:window_28,0,298006.0
2884.0,darpa_theia:n146113,darpa_theia:n146123,type_0,type_2,rel_2,0,0,0,0,train:window_28,0,298015.0
2885.0,darpa_theia:n146267,darpa_theia:n146268,type_0,type_2,rel_2,0,0,0,0,train:window_28,0,298212.0
2886.0,darpa_theia:n146323,darpa_theia:n146330,type_0,type_2,rel_2,0,0,0,0,train:window_28,0,298314.0
2887.0,darpa_theia:n146402,darpa_theia:n146409,type_0,type_2,rel_2,0,0,0,0,train:window_28,0,298444.0
2888.0,darpa_theia:n146476,darpa_theia:n146502,type_0,type_2,rel_10,0,0,0,0,train:window_28,0,298597.0
2889.0,darpa_theia:n146605,darpa_theia:n10057,type_0,type_1,rel_0,0,0,0,0,train:window_28,0,298843.0
2890.0,darpa_theia:n146671,darpa_theia:n146683,type_0,type_0,rel_8,0,0,0,0,train:window_28,0,298924.0
2891.0,darpa_theia:n146697,darpa_theia:n146707,type_0,type_2,rel_2,0,0,0,0,train:window_28,0,298960.0
2892.0,darpa_theia:n146730,darpa_theia:n146736,type_0,type_2,rel_10,0,0,0,0,train:window_28,0,298998.0
2893.0,darpa_theia:n146739,darpa_theia:n11247,type_0,type_1,rel_0,0,0,0,0,train:window_28,0,299009.0
2894.0,darpa_theia:n146739,darpa_theia:n11850,type_0,type_1,rel_0,0,0,0,0,train:window_28,0,299282.0
2895.0,darpa_theia:n146739,darpa_theia:n147224,type_0,type_0,rel_8,0,0,0,0,train:window_28,0,299289.0
2896.0,darpa_theia:n146879,darpa_theia:n146890,type_0,type_2,rel_10,0,0,0,0,train:window_28,0,299473.0
2897.0,darpa_theia:n146959,darpa_theia:n146975,type_0,type_2,rel_2,0,0,0,0,train:window_28,0,299589.0
2898.0,darpa_theia:n146997,darpa_theia:n146998,type_0,type_0,rel_8,0,0,0,0,train:window_28,0,299618.0
2899.0,darpa_theia:n146999,darpa_theia:n147002,type_0,type_2,rel_10,0,0,0,0,train:window_28,0,299625.0
2900.0,darpa_theia:n147079,darpa_theia:n147119,type_0,type_2,rel_10,0,0,0,0,train:window_28,0,299746.0
2901.0,darpa_theia:n147198,darpa_theia:n899,type_0,type_1,rel_0,0,0,0,0,train:window_29,0,299915.0
2902.0,darpa_theia:n147257,darpa_theia:n1097,type_0,type_1,rel_0,0,0,0,0,train:window_29,0,299974.0
2903.0,darpa_theia:n147297,darpa_theia:n885,type_0,type_1,rel_0,0,0,0,0,train:window_29,0,300032.0
2904.0,darpa_theia:n147297,darpa_theia:n147306,type_0,type_2,rel_10,0,0,0,0,train:window_29,0,300038.0
2905.0,darpa_theia:n147396,darpa_theia:n147403,type_0,type_2,rel_2,0,0,0,0,train:window_29,0,300169.0
2906.0,darpa_theia:n147436,darpa_theia:n891,type_0,type_1,rel_0,0,0,0,0,train:window_29,0,300232.0
2907.0,darpa_theia:n147527,darpa_theia:n147663,type_0,type_1,rel_0,0,0,0,0,train:window_29,0,300496.0
2908.0,darpa_theia:n147527,darpa_theia:n147667,type_0,type_1,rel_0,0,0,0,0,train:window_29,0,300501.0
2909.0,darpa_theia:n147527,darpa_theia:n147737,type_0,type_1,rel_0,0,0,0,0,train:window_29,0,300571.0
2910.0,darpa_theia:n147527,darpa_theia:n147814,type_0,type_1,rel_0,0,0,0,0,train:window_29,0,300648.0
2911.0,darpa_theia:n147559,darpa_theia:n202437,type_1,type_0,rel_1,0,0,0,0,train:window_29,0,300758.0
2912.0,darpa_theia:n147566,darpa_theia:n147527,type_1,type_0,rel_1,0,0,0,0,train:window_29,0,300805.0
2913.0,darpa_theia:n147573,darpa_theia:n202437,type_1,type_0,rel_1,0,0,0,0,train:window_29,0,300856.0
2914.0,darpa_theia:n147585,darpa_theia:n147527,type_1,type_0,rel_1,0,0,0,0,train:window_29,0,300935.0
2915.0,darpa_theia:n147620,darpa_theia:n147527,type_1,type_0,rel_1,0,0,0,0,train:window_29,0,301183.0
2916.0,darpa_theia:n147624,darpa_theia:n147527,type_1,type_0,rel_1,0,0,0,0,train:window_29,0,301211.0
2917.0,darpa_theia:n147629,darpa_theia:n147527,type_1,type_0,rel_1,0,0,0,0,train:window_29,0,301243.0
2918.0,darpa_theia:n147636,darpa_theia:n198824,type_1,type_0,rel_1,0,0,0,0,train:window_29,0,301296.0
2919.0,darpa_theia:n147651,darpa_theia:n147527,type_1,type_0,rel_1,0,0,0,0,train:window_29,0,301397.0
2920.0,darpa_theia:n147678,darpa_theia:n198871,type_1,type_0,rel_1,0,0,0,0,train:window_29,0,301575.0
2921.0,darpa_theia:n147714,darpa_theia:n193264,type_1,type_0,rel_1,0,0,0,0,train:window_29,0,301828.0
2922.0,darpa_theia:n147727,darpa_theia:n147527,type_1,type_0,rel_1,0,0,0,0,train:window_29,0,301921.0
2923.0,darpa_theia:n147754,darpa_theia:n203236,type_1,type_0,rel_1,0,0,0,0,train:window_29,0,302113.0
2924.0,darpa_theia:n147758,darpa_theia:n147527,type_1,type_0,rel_1,0,0,0,0,train:window_29,0,302135.0
2925.0,darpa_theia:n147804,darpa_theia:n202437,type_1,type_0,rel_1,0,0,0,0,train:window_29,0,302462.0
2926.0,darpa_theia:n147814,darpa_theia:n198871,type_1,type_0,rel_1,0,0,0,0,train:window_29,0,302530.0
2927.0,darpa_theia:n147933,darpa_theia:n147998,type_0,type_2,rel_2,0,0,0,0,train:window_29,0,303128.0
2928.0,darpa_theia:n147933,darpa_theia:n148047,type_0,type_2,rel_2,0,0,0,0,train:window_29,0,303205.0
2929.0,darpa_theia:n148138,darpa_theia:n149398,type_0,type_0,rel_8,0,0,0,0,train:window_29,0,303382.0
2930.0,darpa_theia:n148174,darpa_theia:n885,type_0,type_1,rel_0,0,0,0,0,train:window_29,0,303420.0
2931.0,darpa_theia:n148174,darpa_theia:n148180,type_0,type_2,rel_10,0,0,0,0,train:window_29,0,303425.0
2932.0,darpa_theia:n148207,darpa_theia:n10062,type_0,type_1,rel_0,0,0,0,0,train:window_29,0,303481.0
2933.0,darpa_theia:n148207,darpa_theia:n148641,type_0,type_0,rel_8,0,0,0,0,train:window_29,0,303505.0
2934.0,darpa_theia:n148261,darpa_theia:n148266,type_0,type_2,rel_2,0,0,0,0,train:window_29,0,303615.0
2935.0,darpa_theia:n148347,darpa_theia:n148356,type_0,type_2,rel_10,0,0,0,0,train:window_29,0,303758.0
2936.0,darpa_theia:n148403,darpa_theia:n148406,type_0,type_2,rel_10,0,0,0,0,train:window_29,0,303826.0
2937.0,darpa_theia:n148417,darpa_theia:n148428,type_0,type_2,rel_10,0,0,0,0,train:window_29,0,303855.0
2938.0,darpa_theia:n148431,darpa_theia:n148433,type_0,type_2,rel_2,0,0,0,0,train:window_29,0,303863.0
2939.0,darpa_theia:n148431,darpa_theia:n148437,type_0,type_2,rel_10,0,0,0,0,train:window_29,0,303868.0
2940.0,darpa_theia:n148487,darpa_theia:n148490,type_0,type_2,rel_10,0,0,0,0,train:window_29,0,303940.0
2941.0,darpa_theia:n148571,darpa_theia:n148584,type_0,type_2,rel_2,0,0,0,0,train:window_29,0,304067.0
2942.0,darpa_theia:n148599,darpa_theia:n148605,type_0,type_2,rel_10,0,0,0,0,train:window_29,0,304096.0
2943.0,darpa_theia:n148795,darpa_theia:n148802,type_0,type_2,rel_2,0,0,0,0,train:window_29,0,304363.0
2944.0,darpa_theia:n148809,darpa_theia:n148816,type_0,type_2,rel_2,0,0,0,0,train:window_29,0,304382.0
2945.0,darpa_theia:n148963,darpa_theia:n10053,type_0,type_1,rel_0,0,0,0,0,train:window_29,0,304624.0
2946.0,darpa_theia:n149006,darpa_theia:n10055,type_0,type_1,rel_0,0,0,0,0,train:window_29,0,304704.0
2947.0,darpa_theia:n149049,darpa_theia:n149051,type_0,type_2,rel_2,0,0,0,0,train:window_29,0,304741.0
2948.0,darpa_theia:n149187,darpa_theia:n149192,type_0,type_2,rel_2,0,0,0,0,train:window_29,0,304979.0
2949.0,darpa_theia:n149187,darpa_theia:n149204,type_0,type_2,rel_2,0,0,0,0,train:window_29,0,304995.0
2950.0,darpa_theia:n149230,darpa_theia:n10059,type_0,type_1,rel_0,0,0,0,0,train:window_29,0,305098.0
2951.0,darpa_theia:n149273,darpa_theia:n149298,type_0,type_2,rel_2,0,0,0,0,train:window_29,0,305161.0
2952.0,darpa_theia:n149398,darpa_theia:n149400,type_0,type_2,rel_2,0,0,0,0,train:window_29,0,305325.0
2953.0,darpa_theia:n149407,darpa_theia:n149422,type_0,type_2,rel_2,0,0,0,0,train:window_29,0,305362.0
2954.0,darpa_theia:n149407,darpa_theia:n11372,type_0,type_1,rel_0,0,0,0,0,train:window_29,0,305425.0
2955.0,darpa_theia:n149407,darpa_theia:n11377,type_0,type_1,rel_0,0,0,0,0,train:window_29,0,305430.0
2956.0,darpa_theia:n149407,darpa_theia:n11387,type_0,type_1,rel_0,0,0,0,0,train:window_29,0,305440.0
2957.0,darpa_theia:n149407,darpa_theia:n11391,type_0,type_1,rel_0,0,0,0,0,train:window_29,0,305444.0
2958.0,darpa_theia:n149407,darpa_theia:n149505,type_0,type_0,rel_8,0,0,0,0,train:window_29,0,305461.0
2959.0,darpa_theia:n149407,darpa_theia:n11666,type_0,type_1,rel_0,0,0,0,0,train:window_29,0,305482.0
2960.0,darpa_theia:n149407,darpa_theia:n11759,type_0,type_1,rel_0,0,0,0,0,train:window_29,0,305522.0
2961.0,darpa_theia:n149525,darpa_theia:n149527,type_0,type_0,rel_8,0,0,0,0,train:window_29,0,305763.0
2962.0,darpa_theia:n149607,darpa_theia:n885,type_0,type_1,rel_0,0,0,0,0,train:window_29,0,305879.0
2963.0,darpa_theia:n149667,darpa_theia:n1097,type_0,type_1,rel_0,0,0,0,0,train:window_29,0,305956.0
2964.0,darpa_theia:n149748,darpa_theia:n11716,type_0,type_1,rel_9,0,0,0,0,train:window_29,0,306088.0
2965.0,darpa_theia:n149749,darpa_theia:n885,type_0,type_1,rel_0,0,0,0,0,train:window_29,0,306115.0
2966.0,darpa_theia:n149749,darpa_theia:n149773,type_0,type_2,rel_2,0,0,0,0,train:window_29,0,306126.0
2967.0,darpa_theia:n149846,darpa_theia:n149858,type_0,type_2,rel_10,0,0,0,0,train:window_29,0,306213.0
2968.0,darpa_theia:n150065,darpa_theia:n150070,type_0,type_2,rel_2,0,0,0,0,train:window_29,0,306502.0
2969.0,darpa_theia:n150065,darpa_theia:n150077,type_0,type_2,rel_10,0,0,0,0,train:window_29,0,306510.0
2970.0,darpa_theia:n150339,darpa_theia:n150534,type_0,type_2,rel_10,0,0,0,0,train:window_29,0,307192.0
2971.0,darpa_theia:n150339,darpa_theia:n1531,type_0,type_1,rel_0,0,0,0,0,train:window_29,0,307486.0
2972.0,darpa_theia:n150339,darpa_theia:n150896,type_0,type_2,rel_10,0,0,0,0,train:window_29,0,307584.0
2973.0,darpa_theia:n150339,darpa_theia:n150918,type_0,type_2,rel_10,0,0,0,0,train:window_29,0,307604.0
2974.0,darpa_theia:n150339,darpa_theia:n1944,type_0,type_1,rel_0,0,0,0,0,train:window_29,0,307724.0
2975.0,darpa_theia:n150339,darpa_theia:n151182,type_0,type_2,rel_10,0,0,0,0,train:window_29,0,307874.0
2976.0,darpa_theia:n150339,darpa_theia:n2212,type_0,type_1,rel_0,0,0,0,0,train:window_29,0,307954.0
2977.0,darpa_theia:n150339,darpa_theia:n151451,type_0,type_0,rel_8,0,0,0,0,train:window_29,0,308167.0
2978.0,darpa_theia:n150339,darpa_theia:n151529,type_0,type_2,rel_10,0,0,0,0,train:window_29,0,308231.0
2979.0,darpa_theia:n150339,darpa_theia:n151767,type_0,type_2,rel_10,0,0,0,0,train:window_29,0,308423.0
2980.0,darpa_theia:n150339,darpa_theia:n151805,type_0,type_2,rel_10,0,0,0,0,train:window_29,0,308451.0
2981.0,darpa_theia:n150339,darpa_theia:n151849,type_0,type_2,rel_10,0,0,0,0,train:window_29,0,308498.0
2982.0,darpa_theia:n150339,darpa_theia:n152137,type_0,type_2,rel_10,0,0,0,0,train:window_29,0,308755.0
2983.0,darpa_theia:n150339,darpa_theia:n152328,type_0,type_2,rel_10,0,0,0,0,train:window_29,0,308867.0
2984.0,darpa_theia:n150339,darpa_theia:n152332,type_0,type_2,rel_10,0,0,0,0,train:window_29,0,308871.0
2985.0,darpa_theia:n150339,darpa_theia:n152426,type_0,type_2,rel_10,0,0,0,0,train:window_29,0,308957.0
2986.0,darpa_theia:n150339,darpa_theia:n152428,type_0,type_2,rel_10,0,0,0,0,train:window_29,0,308959.0
2987.0,darpa_theia:n150339,darpa_theia:n152524,type_0,type_2,rel_10,0,0,0,0,train:window_29,0,309053.0
2988.0,darpa_theia:n150339,darpa_theia:n153105,type_0,type_2,rel_10,0,0,0,0,train:window_29,0,309428.0
2989.0,darpa_theia:n150339,darpa_theia:n153129,type_0,type_2,rel_2,0,0,0,0,train:window_29,0,309451.0
2990.0,darpa_theia:n150339,darpa_theia:n153208,type_0,type_2,rel_10,0,0,0,0,train:window_29,0,309502.0
2991.0,darpa_theia:n150339,darpa_theia:n154418,type_0,type_2,rel_10,0,0,0,0,train:window_29,0,309528.0
2992.0,darpa_theia:n150339,darpa_theia:n154470,type_0,type_2,rel_10,0,0,0,0,train:window_29,0,309577.0
2993.0,darpa_theia:n150339,darpa_theia:n154557,type_0,type_1,rel_0,0,0,0,0,train:window_29,0,309627.0
2994.0,darpa_theia:n150339,darpa_theia:n154753,type_0,type_2,rel_10,0,0,0,0,train:window_29,0,309642.0
2995.0,darpa_theia:n150339,darpa_theia:n154801,type_0,type_2,rel_10,0,0,0,0,train:window_29,0,309667.0
2996.0,darpa_theia:n150339,darpa_theia:n155485,type_0,type_2,rel_10,0,0,0,0,train:window_29,0,310005.0
2997.0,darpa_theia:n150339,darpa_theia:n155495,type_0,type_2,rel_10,0,0,0,0,train:window_29,0,310015.0
2998.0,darpa_theia:n150339,darpa_theia:n155563,type_0,type_2,rel_10,0,0,0,0,train:window_29,0,310064.0
2999.0,darpa_theia:n150559,darpa_theia:n150691,type_0,type_2,rel_2,0,0,0,0,train:window_29,0,310273.0
3000.0,darpa_theia:n150650,darpa_theia:n150678,type_0,type_2,rel_10,0,0,0,0,train:window_29,0,310326.0
3001.0,darpa_theia:n150711,darpa_theia:n152622,type_0,type_3,rel_11,1,1,0,1,train:window_30,1,310364.0
3002.0,darpa_theia:n150711,darpa_theia:n152649,type_0,type_3,rel_11,1,1,0,1,train:window_30,1,310378.0
3003.0,darpa_theia:n150711,darpa_theia:n152672,type_0,type_3,rel_11,1,1,0,1,train:window_30,1,310382.0
3004.0,darpa_theia:n150711,darpa_theia:n152676,type_0,type_3,rel_11,1,1,0,1,train:window_30,1,310384.0
3005.0,darpa_theia:n150711,darpa_theia:n152766,type_0,type_3,rel_11,1,1,0,1,train:window_30,1,310406.0
3006.0,darpa_theia:n150711,darpa_theia:n152772,type_0,type_3,rel_11,1,1,0,1,train:window_30,1,310410.0
3007.0,darpa_theia:n150711,darpa_theia:n154626,type_0,type_3,rel_11,1,1,0,1,train:window_30,1,310508.0
3008.0,darpa_theia:n150711,darpa_theia:n154682,type_0,type_3,rel_3,0,0,0,0,train:window_30,0,310550.0
3009.0,darpa_theia:n150711,darpa_theia:n154726,type_0,type_3,rel_11,1,1,0,1,train:window_30,1,310576.0
3010.0,darpa_theia:n150711,darpa_theia:n154738,type_0,type_3,rel_11,1,1,0,1,train:window_30,1,310584.0
3011.0,darpa_theia:n150711,darpa_theia:n154783,type_0,type_3,rel_3,0,0,0,0,train:window_30,0,310595.0
3012.0,darpa_theia:n150711,darpa_theia:n154969,type_0,type_3,rel_11,1,1,0,1,train:window_30,1,310667.0
3013.0,darpa_theia:n150711,darpa_theia:n5915,type_0,type_3,rel_11,1,1,0,1,train:window_30,1,310701.0
3014.0,darpa_theia:n150711,darpa_theia:n155006,type_0,type_3,rel_3,0,0,0,0,train:window_30,0,310702.0
3015.0,darpa_theia:n150711,darpa_theia:n5916,type_0,type_3,rel_11,1,1,0,1,train:window_30,1,310703.0
3016.0,darpa_theia:n150711,darpa_theia:n48315,type_0,type_3,rel_11,1,1,0,1,train:window_30,1,310739.0
3017.0,darpa_theia:n150831,darpa_theia:n1693,type_0,type_1,rel_0,0,0,0,0,train:window_30,0,310921.0
3018.0,darpa_theia:n150935,darpa_theia:n90152,type_0,type_1,rel_0,0,0,0,0,train:window_30,0,311155.0
3019.0,darpa_theia:n150935,darpa_theia:n155038,type_0,type_1,rel_0,0,0,0,0,train:window_30,0,311307.0
3020.0,darpa_theia:n150935,darpa_theia:n118799,type_0,type_1,rel_0,0,0,0,0,train:window_30,0,311352.0
3021.0,darpa_theia:n150935,darpa_theia:n155598,type_0,type_1,rel_0,0,0,0,0,train:window_30,0,311366.0
3022.0,darpa_theia:n151109,darpa_theia:n155359,type_0,type_1,rel_2,0,0,0,0,train:window_30,0,311584.0
3023.0,darpa_theia:n151109,darpa_theia:n155546,type_0,type_1,rel_15,0,0,0,0,train:window_30,0,311628.0
3024.0,darpa_theia:n151109,darpa_theia:n155785,type_0,type_1,rel_2,0,0,0,0,train:window_30,0,311646.0
3025.0,darpa_theia:n151401,darpa_theia:n1369,type_0,type_1,rel_0,0,0,0,0,train:window_30,0,311713.0
3026.0,darpa_theia:n151420,darpa_theia:n135671,type_0,type_1,rel_0,0,0,0,0,train:window_30,0,311888.0
3027.0,darpa_theia:n151420,darpa_theia:n152293,type_0,type_1,rel_0,0,0,0,0,train:window_30,0,311951.0
3028.0,darpa_theia:n151699,darpa_theia:n4329,type_0,type_1,rel_0,0,0,0,0,train:window_30,0,312126.0
3029.0,darpa_theia:n151789,darpa_theia:n2818,type_0,type_1,rel_0,0,0,0,0,train:window_30,0,312245.0
3030.0,darpa_theia:n152198,darpa_theia:n155739,type_0,type_3,rel_11,0,0,0,0,train:window_30,0,312341.0
3031.0,darpa_theia:n152308,darpa_theia:n157214,type_1,type_0,rel_1,0,0,0,0,train:window_30,0,312410.0
3032.0,darpa_theia:n152624,darpa_theia:n150711,type_3,type_0,rel_4,0,0,0,0,train:window_30,0,312529.0
3033.0,darpa_theia:n152626,darpa_theia:n150711,type_3,type_0,rel_4,0,0,0,0,train:window_30,0,312531.0
3034.0,darpa_theia:n153250,darpa_theia:n153300,type_0,type_2,rel_2,0,0,0,0,train:window_30,0,312840.0
3035.0,darpa_theia:n153250,darpa_theia:n153482,type_0,type_2,rel_2,0,0,0,0,train:window_30,0,313083.0
3036.0,darpa_theia:n153250,darpa_theia:n1511,type_0,type_1,rel_0,0,0,0,0,train:window_30,0,313331.0
3037.0,darpa_theia:n153250,darpa_theia:n1516,type_0,type_1,rel_0,0,0,0,0,train:window_30,0,313336.0
3038.0,darpa_theia:n153250,darpa_theia:n154372,type_0,type_2,rel_2,0,0,0,0,train:window_30,0,313462.0
3039.0,darpa_theia:n153524,darpa_theia:n153571,type_0,type_2,rel_10,0,0,0,0,train:window_30,0,313605.0
3040.0,darpa_theia:n153524,darpa_theia:n153577,type_0,type_2,rel_2,0,0,0,0,train:window_30,0,313616.0
3041.0,darpa_theia:n153699,darpa_theia:n153734,type_0,type_2,rel_2,0,0,0,0,train:window_30,0,313682.0
3042.0,darpa_theia:n153823,darpa_theia:n153855,type_0,type_2,rel_2,0,0,0,0,train:window_30,0,313754.0
3043.0,darpa_theia:n153823,darpa_theia:n153886,type_0,type_2,rel_2,0,0,0,0,train:window_30,0,313796.0
3044.0,darpa_theia:n153823,darpa_theia:n153891,type_0,type_2,rel_2,0,0,0,0,train:window_30,0,313802.0
3045.0,darpa_theia:n153823,darpa_theia:n4148,type_0,type_1,rel_0,0,0,0,0,train:window_30,0,313960.0
3046.0,darpa_theia:n154034,darpa_theia:n5302,type_0,type_1,rel_0,0,0,0,0,train:window_30,0,313991.0
3047.0,darpa_theia:n154034,darpa_theia:n154291,type_0,type_2,rel_2,0,0,0,0,train:window_30,0,314082.0
3048.0,darpa_theia:n154083,darpa_theia:n5112,type_0,type_1,rel_0,0,0,0,0,train:window_30,0,314172.0
3049.0,darpa_theia:n154083,darpa_theia:n154150,type_0,type_2,rel_10,0,0,0,0,train:window_30,0,314194.0
3050.0,darpa_theia:n154083,darpa_theia:n154154,type_0,type_2,rel_2,0,0,0,0,train:window_30,0,314199.0
3051.0,darpa_theia:n154303,darpa_theia:n154312,type_0,type_2,rel_10,0,0,0,0,train:window_30,0,314373.0
3052.0,darpa_theia:n154739,darpa_theia:n150711,type_3,type_0,rel_4,0,0,0,0,train:window_30,0,314599.0
3053.0,darpa_theia:n154746,darpa_theia:n186061,type_1,type_0,rel_1,0,0,0,0,train:window_30,0,314603.0
3054.0,darpa_theia:n154982,darpa_theia:n150711,type_3,type_0,rel_4,0,0,0,0,train:window_30,0,314686.0
3055.0,darpa_theia:n155034,darpa_theia:n186061,type_1,type_0,rel_1,0,0,0,0,train:window_30,0,314714.0
3056.0,darpa_theia:n155366,darpa_theia:n150339,type_1,type_0,rel_1,0,0,0,0,train:window_30,0,314899.0
3057.0,darpa_theia:n155638,darpa_theia:n186061,type_1,type_0,rel_1,0,0,0,0,train:window_30,0,315013.0
3058.0,darpa_theia:n155762,darpa_theia:n152083,type_3,type_0,rel_4,0,0,0,0,train:window_30,0,315080.0
3059.0,darpa_theia:n155923,darpa_theia:n180,type_1,type_0,rel_1,0,0,0,0,train:window_30,0,315177.0
3060.0,darpa_theia:n155924,darpa_theia:n191,type_0,type_1,rel_0,0,0,0,0,train:window_30,0,315181.0
3061.0,darpa_theia:n155978,darpa_theia:n183,type_0,type_3,rel_3,0,0,0,0,train:window_30,0,315335.0
3062.0,darpa_theia:n156022,darpa_theia:n899,type_0,type_1,rel_0,0,0,0,0,train:window_30,0,315523.0
3063.0,darpa_theia:n156106,darpa_theia:n156109,type_0,type_1,rel_0,0,0,0,0,train:window_30,0,315619.0
3064.0,darpa_theia:n156125,darpa_theia:n199,type_0,type_1,rel_0,0,0,0,0,train:window_30,0,315679.0
3065.0,darpa_theia:n156130,darpa_theia:n156270,type_0,type_2,rel_10,0,0,0,0,train:window_30,0,315872.0
3066.0,darpa_theia:n156130,darpa_theia:n156283,type_0,type_2,rel_2,0,0,0,0,train:window_30,0,315889.0
3067.0,darpa_theia:n156130,darpa_theia:n156403,type_0,type_2,rel_10,0,0,0,0,train:window_30,0,316029.0
3068.0,darpa_theia:n156130,darpa_theia:n156533,type_0,type_2,rel_10,0,0,0,0,train:window_30,0,316128.0
3069.0,darpa_theia:n156130,darpa_theia:n1466,type_0,type_1,rel_0,0,0,0,0,train:window_30,0,316175.0
3070.0,darpa_theia:n156130,darpa_theia:n1478,type_0,type_1,rel_0,0,0,0,0,train:window_30,0,316187.0
3071.0,darpa_theia:n156130,darpa_theia:n1488,type_0,type_1,rel_0,0,0,0,0,train:window_30,0,316197.0
3072.0,darpa_theia:n156130,darpa_theia:n157114,type_0,type_2,rel_10,0,0,0,0,train:window_30,0,316793.0
3073.0,darpa_theia:n156130,darpa_theia:n157148,type_0,type_2,rel_10,0,0,0,0,train:window_30,0,316827.0
3074.0,darpa_theia:n156130,darpa_theia:n157337,type_0,type_2,rel_10,0,0,0,0,train:window_30,0,317001.0
3075.0,darpa_theia:n156130,darpa_theia:n157338,type_0,type_2,rel_10,0,0,0,0,train:window_30,0,317002.0
3076.0,darpa_theia:n156130,darpa_theia:n157412,type_0,type_2,rel_10,0,0,0,0,train:window_30,0,317076.0
3077.0,darpa_theia:n156130,darpa_theia:n157448,type_0,type_2,rel_10,0,0,0,0,train:window_30,0,317113.0
3078.0,darpa_theia:n156130,darpa_theia:n157458,type_0,type_2,rel_2,0,0,0,0,train:window_30,0,317120.0
3079.0,darpa_theia:n156130,darpa_theia:n157609,type_0,type_2,rel_10,0,0,0,0,train:window_30,0,317227.0
3080.0,darpa_theia:n156130,darpa_theia:n158028,type_0,type_2,rel_10,0,0,0,0,train:window_30,0,317590.0
3081.0,darpa_theia:n156130,darpa_theia:n158038,type_0,type_2,rel_10,0,0,0,0,train:window_30,0,317600.0
3082.0,darpa_theia:n156130,darpa_theia:n158178,type_0,type_2,rel_10,0,0,0,0,train:window_30,0,317678.0
3083.0,darpa_theia:n156130,darpa_theia:n158517,type_0,type_2,rel_10,0,0,0,0,train:window_30,0,317921.0
3084.0,darpa_theia:n156130,darpa_theia:n158598,type_0,type_2,rel_10,0,0,0,0,train:window_30,0,317996.0
3085.0,darpa_theia:n156130,darpa_theia:n158600,type_0,type_2,rel_10,0,0,0,0,train:window_30,0,317998.0
3086.0,darpa_theia:n156130,darpa_theia:n158694,type_0,type_2,rel_10,0,0,0,0,train:window_30,0,318074.0
3087.0,darpa_theia:n156130,darpa_theia:n160512,type_0,type_2,rel_10,0,0,0,0,train:window_30,0,318585.0
3088.0,darpa_theia:n156130,darpa_theia:n160951,type_0,type_2,rel_10,0,0,0,0,train:window_30,0,318811.0
3089.0,darpa_theia:n156130,darpa_theia:n161043,type_0,type_2,rel_10,0,0,0,0,train:window_30,0,318877.0
3090.0,darpa_theia:n156502,darpa_theia:n158409,type_0,type_3,rel_11,1,1,0,1,train:window_30,1,319048.0
3091.0,darpa_theia:n156502,darpa_theia:n160578,type_0,type_3,rel_11,1,1,0,1,train:window_30,1,319099.0
3092.0,darpa_theia:n156572,darpa_theia:n156596,type_0,type_2,rel_10,0,0,0,0,train:window_30,0,319158.0
3093.0,darpa_theia:n156901,darpa_theia:n160408,type_0,type_1,rel_2,0,0,0,0,train:window_30,0,319565.0
3094.0,darpa_theia:n156922,darpa_theia:n156940,type_0,type_2,rel_10,0,0,0,0,train:window_30,0,319676.0
3095.0,darpa_theia:n157192,darpa_theia:n157471,type_0,type_2,rel_10,0,0,0,0,train:window_30,0,319720.0
3096.0,darpa_theia:n157192,darpa_theia:n160775,type_0,type_2,rel_10,0,0,0,0,train:window_30,0,319780.0
3097.0,darpa_theia:n157438,darpa_theia:n160733,type_0,type_3,rel_11,0,0,0,0,train:window_30,0,320070.0
3098.0,darpa_theia:n157538,darpa_theia:n160938,type_0,type_1,rel_0,0,0,0,0,train:window_30,0,320189.0
3099.0,darpa_theia:n157978,darpa_theia:n158124,type_0,type_3,rel_11,0,0,0,0,train:window_30,0,320241.0
3100.0,darpa_theia:n158091,darpa_theia:n162168,type_1,type_0,rel_1,0,0,0,0,train:window_30,0,320316.0
3101.0,darpa_theia:n158102,darpa_theia:n162168,type_1,type_0,rel_1,0,0,0,0,train:window_31,0,320337.0
3102.0,darpa_theia:n158326,darpa_theia:n158323,type_3,type_0,rel_4,0,0,0,0,train:window_31,0,320382.0
3103.0,darpa_theia:n158812,darpa_theia:n159096,type_0,type_2,rel_2,0,0,0,0,train:window_31,0,320949.0
3104.0,darpa_theia:n158812,darpa_theia:n159191,type_0,type_2,rel_10,0,0,0,0,train:window_31,0,320996.0
3105.0,darpa_theia:n158812,darpa_theia:n1304,type_0,type_1,rel_0,0,0,0,0,train:window_31,0,321088.0
3106.0,darpa_theia:n158812,darpa_theia:n1517,type_0,type_1,rel_0,0,0,0,0,train:window_31,0,321143.0
3107.0,darpa_theia:n158812,darpa_theia:n159332,type_0,type_2,rel_2,0,0,0,0,train:window_31,0,321170.0
3108.0,darpa_theia:n159012,darpa_theia:n1428,type_0,type_1,rel_0,0,0,0,0,train:window_31,0,321308.0
3109.0,darpa_theia:n159395,darpa_theia:n159507,type_0,type_2,rel_2,0,0,0,0,train:window_31,0,321660.0
3110.0,darpa_theia:n159655,darpa_theia:n2071,type_0,type_1,rel_0,0,0,0,0,train:window_31,0,321927.0
3111.0,darpa_theia:n159655,darpa_theia:n159735,type_0,type_2,rel_2,0,0,0,0,train:window_31,0,322014.0
3112.0,darpa_theia:n159655,darpa_theia:n159771,type_0,type_2,rel_2,0,0,0,0,train:window_31,0,322062.0
3113.0,darpa_theia:n159874,darpa_theia:n159926,type_0,type_2,rel_2,0,0,0,0,train:window_31,0,322234.0
3114.0,darpa_theia:n160053,darpa_theia:n157978,type_3,type_0,rel_4,0,0,0,0,train:window_31,0,322242.0
3115.0,darpa_theia:n160144,darpa_theia:n156130,type_1,type_0,rel_1,0,0,0,0,train:window_31,0,322253.0
3116.0,darpa_theia:n160182,darpa_theia:n156130,type_1,type_0,rel_1,0,0,0,0,train:window_31,0,322280.0
3117.0,darpa_theia:n160290,darpa_theia:n157978,type_3,type_0,rel_4,0,0,0,0,train:window_31,0,322345.0
3118.0,darpa_theia:n160338,darpa_theia:n157246,type_3,type_0,rel_4,0,0,0,0,train:window_31,0,322372.0
3119.0,darpa_theia:n160738,darpa_theia:n145,type_0,type_1,rel_0,0,0,0,0,train:window_31,0,322579.0
3120.0,darpa_theia:n161086,darpa_theia:n161128,type_0,type_2,rel_2,0,0,0,0,train:window_31,0,322701.0
3121.0,darpa_theia:n161086,darpa_theia:n1033,type_0,type_1,rel_0,0,0,0,0,train:window_31,0,322805.0
3122.0,darpa_theia:n161086,darpa_theia:n161678,type_0,type_2,rel_10,0,0,0,0,train:window_31,0,323332.0
3123.0,darpa_theia:n161086,darpa_theia:n161687,type_0,type_2,rel_10,0,0,0,0,train:window_31,0,323342.0
3124.0,darpa_theia:n161086,darpa_theia:n161744,type_0,type_2,rel_10,0,0,0,0,train:window_31,0,323405.0
3125.0,darpa_theia:n161086,darpa_theia:n161759,type_0,type_2,rel_10,0,0,0,0,train:window_31,0,323426.0
3126.0,darpa_theia:n161086,darpa_theia:n1944,type_0,type_1,rel_0,0,0,0,0,train:window_31,0,323440.0
3127.0,darpa_theia:n161086,darpa_theia:n162177,type_0,type_2,rel_10,0,0,0,0,train:window_31,0,323858.0
3128.0,darpa_theia:n161086,darpa_theia:n162223,type_0,type_2,rel_10,0,0,0,0,train:window_31,0,323894.0
3129.0,darpa_theia:n161086,darpa_theia:n162297,type_0,type_2,rel_10,0,0,0,0,train:window_31,0,323964.0
3130.0,darpa_theia:n161086,darpa_theia:n162536,type_0,type_2,rel_10,0,0,0,0,train:window_31,0,324157.0
3131.0,darpa_theia:n161086,darpa_theia:n162567,type_0,type_2,rel_10,0,0,0,0,train:window_31,0,324190.0
3132.0,darpa_theia:n161086,darpa_theia:n162750,type_0,type_2,rel_10,0,0,0,0,train:window_31,0,324346.0
3133.0,darpa_theia:n161086,darpa_theia:n162761,type_0,type_2,rel_10,0,0,0,0,train:window_31,0,324357.0
3134.0,darpa_theia:n161086,darpa_theia:n162851,type_0,type_2,rel_10,0,0,0,0,train:window_31,0,324441.0
3135.0,darpa_theia:n161086,darpa_theia:n162865,type_0,type_2,rel_10,0,0,0,0,train:window_31,0,324457.0
3136.0,darpa_theia:n161086,darpa_theia:n162918,type_0,type_2,rel_10,0,0,0,0,train:window_31,0,324495.0
3137.0,darpa_theia:n161086,darpa_theia:n162929,type_0,type_2,rel_10,0,0,0,0,train:window_31,0,324506.0
3138.0,darpa_theia:n161086,darpa_theia:n163264,type_0,type_2,rel_10,0,0,0,0,train:window_31,0,324768.0
3139.0,darpa_theia:n161086,darpa_theia:n163305,type_0,type_1,rel_0,0,0,0,0,train:window_31,0,324797.0
3140.0,darpa_theia:n161086,darpa_theia:n163573,type_0,type_2,rel_10,0,0,0,0,train:window_31,0,324984.0
3141.0,darpa_theia:n161086,darpa_theia:n164925,type_0,type_2,rel_10,0,0,0,0,train:window_31,0,325137.0
3142.0,darpa_theia:n161086,darpa_theia:n165222,type_0,type_1,rel_0,0,0,0,0,train:window_31,0,325402.0
3143.0,darpa_theia:n161086,darpa_theia:n165393,type_0,type_2,rel_10,0,0,0,0,train:window_31,0,325497.0
3144.0,darpa_theia:n161086,darpa_theia:n165613,type_0,type_1,rel_0,0,0,0,0,train:window_31,0,325665.0
3145.0,darpa_theia:n161397,darpa_theia:n161399,type_0,type_1,rel_0,0,0,0,0,train:window_31,0,325982.0
3146.0,darpa_theia:n161397,darpa_theia:n161420,type_0,type_2,rel_10,0,0,0,0,train:window_31,0,326013.0
3147.0,darpa_theia:n161459,darpa_theia:n133357,type_0,type_3,rel_11,1,1,0,1,train:window_31,1,326050.0
3148.0,darpa_theia:n161459,darpa_theia:n163361,type_0,type_3,rel_11,1,1,0,1,train:window_31,1,326065.0
3149.0,darpa_theia:n161459,darpa_theia:n163396,type_0,type_3,rel_11,1,1,0,1,train:window_31,1,326079.0
3150.0,darpa_theia:n161459,darpa_theia:n163464,type_0,type_3,rel_11,1,1,0,1,train:window_31,1,326085.0
3151.0,darpa_theia:n161459,darpa_theia:n165171,type_0,type_3,rel_11,1,1,0,1,train:window_31,1,326091.0
3152.0,darpa_theia:n161459,darpa_theia:n165480,type_0,type_3,rel_11,1,1,0,1,train:window_31,1,326095.0
3153.0,darpa_theia:n161459,darpa_theia:n165493,type_0,type_3,rel_3,0,0,0,0,train:window_31,0,326101.0
3154.0,darpa_theia:n161459,darpa_theia:n165850,type_0,type_3,rel_11,1,1,0,1,train:window_31,1,326119.0
3155.0,darpa_theia:n161685,darpa_theia:n158444,type_0,type_1,rel_0,0,0,0,0,train:window_31,0,326347.0
3156.0,darpa_theia:n161728,darpa_theia:n161729,type_0,type_2,rel_2,0,0,0,0,train:window_31,0,326424.0
3157.0,darpa_theia:n161858,darpa_theia:n163307,type_0,type_2,rel_2,0,0,0,0,train:window_31,0,326457.0
3158.0,darpa_theia:n161858,darpa_theia:n163412,type_0,type_1,rel_2,0,0,0,0,train:window_31,0,326470.0
3159.0,darpa_theia:n161858,darpa_theia:n165437,type_0,type_1,rel_2,0,0,0,0,train:window_31,0,326586.0
3160.0,darpa_theia:n161858,darpa_theia:n165561,type_0,type_1,rel_2,0,0,0,0,train:window_31,0,326608.0
3161.0,darpa_theia:n162149,darpa_theia:n165715,type_0,type_2,rel_10,0,0,0,0,train:window_31,0,326774.0
3162.0,darpa_theia:n162149,darpa_theia:n165782,type_0,type_2,rel_10,0,0,0,0,train:window_31,0,326816.0
3163.0,darpa_theia:n162489,darpa_theia:n166041,type_0,type_2,rel_2,0,0,0,0,train:window_31,0,327194.0
3164.0,darpa_theia:n162818,darpa_theia:n165379,type_0,type_3,rel_11,0,0,0,0,train:window_31,0,327229.0
3165.0,darpa_theia:n162818,darpa_theia:n165662,type_0,type_3,rel_11,0,0,0,0,train:window_31,0,327235.0
3166.0,darpa_theia:n162824,darpa_theia:n285014,type_3,type_0,rel_4,0,0,0,0,train:window_31,0,327240.0
3167.0,darpa_theia:n163001,darpa_theia:n162168,type_1,type_0,rel_1,0,0,0,0,train:window_31,0,327264.0
3168.0,darpa_theia:n163008,darpa_theia:n167131,type_1,type_0,rel_1,0,0,0,0,train:window_31,0,327276.0
3169.0,darpa_theia:n163045,darpa_theia:n167131,type_1,type_0,rel_1,0,0,0,0,train:window_31,0,327330.0
3170.0,darpa_theia:n163731,darpa_theia:n163758,type_0,type_2,rel_2,0,0,0,0,train:window_31,0,327580.0
3171.0,darpa_theia:n163731,darpa_theia:n163955,type_0,type_2,rel_2,0,0,0,0,train:window_31,0,327836.0
3172.0,darpa_theia:n163731,darpa_theia:n164133,type_0,type_2,rel_2,0,0,0,0,train:window_31,0,327998.0
3173.0,darpa_theia:n163731,darpa_theia:n1470,type_0,type_1,rel_0,0,0,0,0,train:window_31,0,328068.0
3174.0,darpa_theia:n164309,darpa_theia:n1723,type_0,type_1,rel_0,0,0,0,0,train:window_31,0,328568.0
3175.0,darpa_theia:n164309,darpa_theia:n4148,type_0,type_1,rel_0,0,0,0,0,train:window_31,0,328733.0
3176.0,darpa_theia:n164520,darpa_theia:n164544,type_0,type_2,rel_2,0,0,0,0,train:window_31,0,328782.0
3177.0,darpa_theia:n164568,darpa_theia:n164579,type_0,type_2,rel_2,0,0,0,0,train:window_31,0,328891.0
3178.0,darpa_theia:n164568,darpa_theia:n164680,type_0,type_2,rel_10,0,0,0,0,train:window_31,0,329026.0
3179.0,darpa_theia:n165154,darpa_theia:n161086,type_1,type_0,rel_1,0,0,0,0,train:window_31,0,329258.0
3180.0,darpa_theia:n165431,darpa_theia:n161086,type_1,type_0,rel_1,0,0,0,0,train:window_31,0,329390.0
3181.0,darpa_theia:n166045,darpa_theia:n166161,type_0,type_2,rel_10,0,0,0,0,train:window_31,0,329737.0
3182.0,darpa_theia:n166045,darpa_theia:n166288,type_0,type_2,rel_2,0,0,0,0,train:window_31,0,329910.0
3183.0,darpa_theia:n166045,darpa_theia:n1347,type_0,type_1,rel_0,0,0,0,0,train:window_31,0,329969.0
3184.0,darpa_theia:n166045,darpa_theia:n1435,type_0,type_1,rel_0,0,0,0,0,train:window_31,0,330043.0
3185.0,darpa_theia:n166045,darpa_theia:n1480,type_0,type_1,rel_0,0,0,0,0,train:window_31,0,330088.0
3186.0,darpa_theia:n166045,darpa_theia:n1504,type_0,type_1,rel_0,0,0,0,0,train:window_31,0,330112.0
3187.0,darpa_theia:n166045,darpa_theia:n166593,type_0,type_2,rel_10,0,0,0,0,train:window_31,0,330222.0
3188.0,darpa_theia:n166045,darpa_theia:n166636,type_0,type_2,rel_10,0,0,0,0,train:window_31,0,330267.0
3189.0,darpa_theia:n166045,darpa_theia:n166650,type_0,type_2,rel_10,0,0,0,0,train:window_31,0,330282.0
3190.0,darpa_theia:n166045,darpa_theia:n166954,type_0,type_2,rel_10,0,0,0,0,train:window_31,0,330613.0
3191.0,darpa_theia:n166045,darpa_theia:n167080,type_0,type_2,rel_10,0,0,0,0,train:window_31,0,330742.0
3192.0,darpa_theia:n166045,darpa_theia:n167106,type_0,type_2,rel_10,0,0,0,0,train:window_31,0,330768.0
3193.0,darpa_theia:n166045,darpa_theia:n167460,type_0,type_2,rel_10,0,0,0,0,train:window_31,0,331072.0
3194.0,darpa_theia:n166045,darpa_theia:n167894,type_0,type_2,rel_10,0,0,0,0,train:window_31,0,331453.0
3195.0,darpa_theia:n166045,darpa_theia:n167901,type_0,type_2,rel_10,0,0,0,0,train:window_31,0,331454.0
3196.0,darpa_theia:n166045,darpa_theia:n167946,type_0,type_2,rel_10,0,0,0,0,train:window_31,0,331496.0
3197.0,darpa_theia:n166045,darpa_theia:n168033,type_0,type_2,rel_10,0,0,0,0,train:window_31,0,331525.0
3198.0,darpa_theia:n166045,darpa_theia:n168131,type_0,type_2,rel_10,0,0,0,0,train:window_31,0,331616.0
3199.0,darpa_theia:n166045,darpa_theia:n168156,type_0,type_2,rel_10,0,0,0,0,train:window_31,0,331639.0
3200.0,darpa_theia:n166045,darpa_theia:n168225,type_0,type_2,rel_10,0,0,0,0,train:window_31,0,331688.0
3201.0,darpa_theia:n166045,darpa_theia:n168233,type_0,type_2,rel_10,0,0,0,0,train:window_32,0,331696.0
3202.0,darpa_theia:n166045,darpa_theia:n168451,type_0,type_2,rel_10,0,0,0,0,train:window_32,0,331851.0
3203.0,darpa_theia:n166045,darpa_theia:n168545,type_0,type_2,rel_10,0,0,0,0,train:window_32,0,331941.0
3204.0,darpa_theia:n166045,darpa_theia:n169228,type_0,type_2,rel_10,0,0,0,0,train:window_32,0,331972.0
3205.0,darpa_theia:n166045,darpa_theia:n169781,type_0,type_2,rel_10,0,0,0,0,train:window_32,0,332305.0
3206.0,darpa_theia:n166045,darpa_theia:n169954,type_0,type_1,rel_0,0,0,0,0,train:window_32,0,332408.0
3207.0,darpa_theia:n166045,darpa_theia:n170046,type_0,type_2,rel_10,0,0,0,0,train:window_32,0,332494.0
3208.0,darpa_theia:n166045,darpa_theia:n170615,type_0,type_2,rel_10,0,0,0,0,train:window_32,0,332686.0
3209.0,darpa_theia:n166357,darpa_theia:n166394,type_0,type_2,rel_2,0,0,0,0,train:window_32,0,332826.0
3210.0,darpa_theia:n166419,darpa_theia:n168267,type_0,type_3,rel_3,0,0,0,0,train:window_32,0,332852.0
3211.0,darpa_theia:n166419,darpa_theia:n168271,type_0,type_3,rel_11,1,1,0,1,train:window_32,1,332854.0
3212.0,darpa_theia:n166419,darpa_theia:n169647,type_0,type_3,rel_11,1,1,0,1,train:window_32,1,332905.0
3213.0,darpa_theia:n166419,darpa_theia:n169659,type_0,type_3,rel_11,1,1,0,1,train:window_32,1,332909.0
3214.0,darpa_theia:n166419,darpa_theia:n169692,type_0,type_3,rel_11,1,1,0,1,train:window_32,1,332921.0
3215.0,darpa_theia:n166419,darpa_theia:n170097,type_0,type_3,rel_11,1,1,0,1,train:window_32,1,332968.0
3216.0,darpa_theia:n166419,darpa_theia:n170137,type_0,type_3,rel_11,1,1,0,1,train:window_32,1,332994.0
3217.0,darpa_theia:n166419,darpa_theia:n170140,type_0,type_3,rel_11,1,1,0,1,train:window_32,1,332997.0
3218.0,darpa_theia:n166419,darpa_theia:n170221,type_0,type_3,rel_3,0,0,0,0,train:window_32,0,333048.0
3219.0,darpa_theia:n166419,darpa_theia:n170249,type_0,type_3,rel_11,1,1,0,1,train:window_32,1,333054.0
3220.0,darpa_theia:n166540,darpa_theia:n1679,type_0,type_1,rel_0,0,0,0,0,train:window_32,0,333193.0
3221.0,darpa_theia:n166644,darpa_theia:n168253,type_0,type_1,rel_0,0,0,0,0,train:window_32,0,333292.0
3222.0,darpa_theia:n166644,darpa_theia:n169619,type_0,type_1,rel_0,0,0,0,0,train:window_32,0,333347.0
3223.0,darpa_theia:n166644,darpa_theia:n170147,type_0,type_1,rel_0,0,0,0,0,train:window_32,0,333445.0
3224.0,darpa_theia:n166743,darpa_theia:n2237,type_0,type_1,rel_0,0,0,0,0,train:window_32,0,333509.0
3225.0,darpa_theia:n166838,darpa_theia:n166848,type_0,type_2,rel_2,0,0,0,0,train:window_32,0,333710.0
3226.0,darpa_theia:n166838,darpa_theia:n166858,type_0,type_2,rel_2,0,0,0,0,train:window_32,0,333724.0
3227.0,darpa_theia:n166838,darpa_theia:n13,type_0,type_3,rel_11,0,0,0,0,train:window_32,0,333729.0
3228.0,darpa_theia:n167163,darpa_theia:n170334,type_0,type_3,rel_11,0,0,0,0,train:window_32,0,334068.0
3229.0,darpa_theia:n167163,darpa_theia:n170382,type_0,type_3,rel_11,0,0,0,0,train:window_32,0,334074.0
3230.0,darpa_theia:n168278,darpa_theia:n166644,type_1,type_0,rel_1,0,0,0,0,train:window_32,0,334490.0
3231.0,darpa_theia:n168327,darpa_theia:n171247,type_1,type_0,rel_1,0,0,0,0,train:window_32,0,334510.0
3232.0,darpa_theia:n168603,darpa_theia:n914,type_0,type_1,rel_0,0,0,0,0,train:window_32,0,334601.0
3233.0,darpa_theia:n168603,darpa_theia:n1057,type_0,type_1,rel_0,0,0,0,0,train:window_32,0,334741.0
3234.0,darpa_theia:n168603,darpa_theia:n168791,type_0,type_2,rel_10,0,0,0,0,train:window_32,0,334826.0
3235.0,darpa_theia:n168603,darpa_theia:n168816,type_0,type_2,rel_10,0,0,0,0,train:window_32,0,334851.0
3236.0,darpa_theia:n168603,darpa_theia:n1378,type_0,type_1,rel_0,0,0,0,0,train:window_32,0,334962.0
3237.0,darpa_theia:n168603,darpa_theia:n168948,type_0,type_2,rel_2,0,0,0,0,train:window_32,0,334964.0
3238.0,darpa_theia:n168603,darpa_theia:n168951,type_0,type_0,rel_8,0,0,0,0,train:window_32,0,334967.0
3239.0,darpa_theia:n168603,darpa_theia:n169179,type_0,type_2,rel_10,0,0,0,0,train:window_32,0,335243.0
3240.0,darpa_theia:n168603,darpa_theia:n169188,type_0,type_2,rel_2,0,0,0,0,train:window_32,0,335257.0
3241.0,darpa_theia:n168886,darpa_theia:n168897,type_0,type_2,rel_2,0,0,0,0,train:window_32,0,335367.0
3242.0,darpa_theia:n169058,darpa_theia:n1256,type_0,type_1,rel_0,0,0,0,0,train:window_32,0,335513.0
3243.0,darpa_theia:n169239,darpa_theia:n169832,type_0,type_3,rel_11,0,0,0,0,train:window_32,0,335527.0
3244.0,darpa_theia:n169656,darpa_theia:n166419,type_3,type_0,rel_4,0,0,0,0,train:window_32,0,335689.0
3245.0,darpa_theia:n169853,darpa_theia:n167779,type_3,type_0,rel_4,0,0,0,0,train:window_32,0,335793.0
3246.0,darpa_theia:n170115,darpa_theia:n166419,type_3,type_0,rel_4,0,0,0,0,train:window_32,0,335920.0
3247.0,darpa_theia:n170123,darpa_theia:n166419,type_3,type_0,rel_4,0,0,0,0,train:window_32,0,335923.0
3248.0,darpa_theia:n170388,darpa_theia:n300869,type_3,type_0,rel_4,0,0,0,0,train:window_32,0,336099.0
3249.0,darpa_theia:n170646,darpa_theia:n171015,type_0,type_2,rel_2,0,0,0,0,train:window_32,0,336556.0
3250.0,darpa_theia:n170646,darpa_theia:n171133,type_0,type_2,rel_2,0,0,0,0,train:window_32,0,336753.0
3251.0,darpa_theia:n170646,darpa_theia:n171317,type_0,type_2,rel_10,0,0,0,0,train:window_32,0,336925.0
3252.0,darpa_theia:n170646,darpa_theia:n171559,type_0,type_2,rel_10,0,0,0,0,train:window_32,0,337182.0
3253.0,darpa_theia:n170646,darpa_theia:n171594,type_0,type_2,rel_10,0,0,0,0,train:window_32,0,337219.0
3254.0,darpa_theia:n170646,darpa_theia:n171718,type_0,type_2,rel_10,0,0,0,0,train:window_32,0,337345.0
3255.0,darpa_theia:n170646,darpa_theia:n171740,type_0,type_2,rel_10,0,0,0,0,train:window_32,0,337365.0
3256.0,darpa_theia:n170646,darpa_theia:n171848,type_0,type_2,rel_10,0,0,0,0,train:window_32,0,337460.0
3257.0,darpa_theia:n170646,darpa_theia:n171967,type_0,type_2,rel_10,0,0,0,0,train:window_32,0,337577.0
3258.0,darpa_theia:n170646,darpa_theia:n172021,type_0,type_1,rel_0,0,0,0,0,train:window_32,0,337616.0
3259.0,darpa_theia:n170646,darpa_theia:n172234,type_0,type_2,rel_10,0,0,0,0,train:window_32,0,337801.0
3260.0,darpa_theia:n170646,darpa_theia:n172434,type_0,type_2,rel_10,0,0,0,0,train:window_32,0,337970.0
3261.0,darpa_theia:n170646,darpa_theia:n172671,type_0,type_2,rel_10,0,0,0,0,train:window_32,0,338120.0
3262.0,darpa_theia:n170646,darpa_theia:n173831,type_0,type_2,rel_10,0,0,0,0,train:window_32,0,338538.0
3263.0,darpa_theia:n170646,darpa_theia:n174166,type_0,type_1,rel_0,0,0,0,0,train:window_32,0,338794.0
3264.0,darpa_theia:n170646,darpa_theia:n174422,type_0,type_1,rel_0,0,0,0,0,train:window_32,0,338929.0
3265.0,darpa_theia:n170646,darpa_theia:n174478,type_0,type_2,rel_10,0,0,0,0,train:window_32,0,338962.0
3266.0,darpa_theia:n170646,darpa_theia:n174499,type_0,type_1,rel_0,0,0,0,0,train:window_32,0,338983.0
3267.0,darpa_theia:n170646,darpa_theia:n174601,type_0,type_2,rel_10,0,0,0,0,train:window_32,0,339082.0
3268.0,darpa_theia:n170646,darpa_theia:n175111,type_0,type_2,rel_10,0,0,0,0,train:window_32,0,339283.0
3269.0,darpa_theia:n170867,darpa_theia:n170931,type_0,type_2,rel_2,0,0,0,0,train:window_32,0,339430.0
3270.0,darpa_theia:n171021,darpa_theia:n174114,type_0,type_3,rel_11,1,1,0,1,train:window_32,1,339587.0
3271.0,darpa_theia:n171021,darpa_theia:n174160,type_0,type_3,rel_11,1,1,0,1,train:window_32,1,339605.0
3272.0,darpa_theia:n171021,darpa_theia:n174259,type_0,type_3,rel_11,1,1,0,1,train:window_32,1,339649.0
3273.0,darpa_theia:n171021,darpa_theia:n174639,type_0,type_3,rel_11,1,1,0,1,train:window_32,1,339651.0
3274.0,darpa_theia:n171021,darpa_theia:n174640,type_0,type_3,rel_11,1,1,0,1,train:window_32,1,339653.0
3275.0,darpa_theia:n171021,darpa_theia:n174679,type_0,type_3,rel_11,1,1,0,1,train:window_32,1,339668.0
3276.0,darpa_theia:n171021,darpa_theia:n174717,type_0,type_3,rel_11,1,1,0,1,train:window_32,1,339701.0
3277.0,darpa_theia:n171021,darpa_theia:n174764,type_0,type_3,rel_3,0,0,0,0,train:window_32,0,339735.0
3278.0,darpa_theia:n171021,darpa_theia:n174775,type_0,type_3,rel_11,1,1,0,1,train:window_32,1,339740.0
3279.0,darpa_theia:n171092,darpa_theia:n171114,type_0,type_2,rel_2,0,0,0,0,train:window_32,0,339798.0
3280.0,darpa_theia:n171147,darpa_theia:n1634,type_0,type_1,rel_0,0,0,0,0,train:window_32,0,339836.0
3281.0,darpa_theia:n171147,darpa_theia:n1684,type_0,type_1,rel_0,0,0,0,0,train:window_32,0,339891.0
3282.0,darpa_theia:n171247,darpa_theia:n170201,type_0,type_1,rel_0,0,0,0,0,train:window_32,0,340130.0
3283.0,darpa_theia:n171247,darpa_theia:n174737,type_0,type_1,rel_0,0,0,0,0,train:window_32,0,340149.0
3284.0,darpa_theia:n171247,darpa_theia:n174789,type_0,type_1,rel_0,0,0,0,0,train:window_32,0,340172.0
3285.0,darpa_theia:n171420,darpa_theia:n174177,type_0,type_1,rel_2,0,0,0,0,train:window_32,0,340315.0
3286.0,darpa_theia:n171441,darpa_theia:n13,type_0,type_3,rel_11,0,0,0,0,train:window_32,0,340427.0
3287.0,darpa_theia:n171441,darpa_theia:n171469,type_0,type_2,rel_2,0,0,0,0,train:window_32,0,340434.0
3288.0,darpa_theia:n171763,darpa_theia:n3573,type_0,type_1,rel_0,0,0,0,0,train:window_32,0,340749.0
3289.0,darpa_theia:n171763,darpa_theia:n174877,type_0,type_3,rel_11,0,0,0,0,train:window_32,0,340767.0
3290.0,darpa_theia:n171952,darpa_theia:n174361,type_0,type_3,rel_11,0,0,0,0,train:window_32,0,340802.0
3291.0,darpa_theia:n172609,darpa_theia:n176348,type_1,type_0,rel_1,0,0,0,0,train:window_32,0,341049.0
3292.0,darpa_theia:n172771,darpa_theia:n172769,type_3,type_0,rel_4,0,0,0,0,train:window_32,0,341113.0
3293.0,darpa_theia:n172895,darpa_theia:n175860,type_1,type_0,rel_1,0,0,0,0,train:window_32,0,341177.0
3294.0,darpa_theia:n172949,darpa_theia:n170646,type_1,type_0,rel_1,0,0,0,0,train:window_32,0,341185.0
3295.0,darpa_theia:n173171,darpa_theia:n173265,type_0,type_2,rel_2,0,0,0,0,train:window_32,0,341342.0
3296.0,darpa_theia:n173171,darpa_theia:n173434,type_0,type_2,rel_2,0,0,0,0,train:window_32,0,341567.0
3297.0,darpa_theia:n173171,darpa_theia:n173451,type_0,type_2,rel_2,0,0,0,0,train:window_32,0,341593.0
3298.0,darpa_theia:n173171,darpa_theia:n173781,type_0,type_2,rel_2,0,0,0,0,train:window_32,0,341930.0
3299.0,darpa_theia:n173171,darpa_theia:n173796,type_0,type_2,rel_10,0,0,0,0,train:window_32,0,341946.0
3300.0,darpa_theia:n173462,darpa_theia:n173464,type_0,type_0,rel_8,0,0,0,0,train:window_32,0,342020.0
3301.0,darpa_theia:n173464,darpa_theia:n173501,type_0,type_2,rel_2,0,0,0,0,train:window_33,0,342068.0
3302.0,darpa_theia:n173464,darpa_theia:n1287,type_0,type_1,rel_0,0,0,0,0,train:window_33,0,342080.0
3303.0,darpa_theia:n173642,darpa_theia:n899,type_0,type_1,rel_0,0,0,0,0,train:window_33,0,342117.0
3304.0,darpa_theia:n173822,darpa_theia:n174075,type_0,type_2,rel_2,0,0,0,0,train:window_33,0,342187.0
3305.0,darpa_theia:n174094,darpa_theia:n171021,type_3,type_0,rel_4,1,0,1,0,train:window_33,1,342266.0
3306.0,darpa_theia:n174108,darpa_theia:n171021,type_3,type_0,rel_4,0,0,0,0,train:window_33,0,342276.0
3307.0,darpa_theia:n174368,darpa_theia:n297478,type_3,type_0,rel_4,0,0,0,0,train:window_33,0,342406.0
3308.0,darpa_theia:n174465,darpa_theia:n170646,type_1,type_0,rel_1,0,0,0,0,train:window_33,0,342424.0
3309.0,darpa_theia:n174685,darpa_theia:n171021,type_3,type_0,rel_4,0,0,0,0,train:window_33,0,342481.0
3310.0,darpa_theia:n175264,darpa_theia:n175451,type_0,type_2,rel_2,0,0,0,0,train:window_33,0,342938.0
3311.0,darpa_theia:n175264,darpa_theia:n2028,type_0,type_1,rel_0,0,0,0,0,train:window_33,0,343562.0
3312.0,darpa_theia:n175264,darpa_theia:n176098,type_0,type_2,rel_10,0,0,0,0,train:window_33,0,343621.0
3313.0,darpa_theia:n175264,darpa_theia:n2146,type_0,type_1,rel_0,0,0,0,0,train:window_33,0,343642.0
3314.0,darpa_theia:n175264,darpa_theia:n176424,type_0,type_2,rel_10,0,0,0,0,train:window_33,0,343958.0
3315.0,darpa_theia:n175264,darpa_theia:n176434,type_0,type_2,rel_10,0,0,0,0,train:window_33,0,343967.0
3316.0,darpa_theia:n175264,darpa_theia:n176499,type_0,type_2,rel_10,0,0,0,0,train:window_33,0,344032.0
3317.0,darpa_theia:n175264,darpa_theia:n176516,type_0,type_2,rel_10,0,0,0,0,train:window_33,0,344049.0
3318.0,darpa_theia:n175264,darpa_theia:n176546,type_0,type_2,rel_10,0,0,0,0,train:window_33,0,344079.0
3319.0,darpa_theia:n175264,darpa_theia:n176822,type_0,type_2,rel_10,0,0,0,0,train:window_33,0,344307.0
3320.0,darpa_theia:n175264,darpa_theia:n177136,type_0,type_2,rel_10,0,0,0,0,train:window_33,0,344572.0
3321.0,darpa_theia:n175264,darpa_theia:n177380,type_0,type_2,rel_10,0,0,0,0,train:window_33,0,344749.0
3322.0,darpa_theia:n175264,darpa_theia:n177552,type_0,type_2,rel_10,0,0,0,0,train:window_33,0,344854.0
3323.0,darpa_theia:n175264,darpa_theia:n177728,type_0,type_2,rel_10,0,0,0,0,train:window_33,0,345016.0
3324.0,darpa_theia:n175264,darpa_theia:n177770,type_0,type_2,rel_10,0,0,0,0,train:window_33,0,345038.0
3325.0,darpa_theia:n175264,darpa_theia:n177773,type_0,type_2,rel_10,0,0,0,0,train:window_33,0,345041.0
3326.0,darpa_theia:n175264,darpa_theia:n178507,type_0,type_2,rel_10,0,0,0,0,train:window_33,0,345125.0
3327.0,darpa_theia:n175264,darpa_theia:n178547,type_0,type_2,rel_10,0,0,0,0,train:window_33,0,345165.0
3328.0,darpa_theia:n175264,darpa_theia:n178637,type_0,type_2,rel_10,0,0,0,0,train:window_33,0,345251.0
3329.0,darpa_theia:n175264,darpa_theia:n178908,type_0,type_2,rel_10,0,0,0,0,train:window_33,0,345378.0
3330.0,darpa_theia:n175264,darpa_theia:n178909,type_0,type_2,rel_10,0,0,0,0,train:window_33,0,345379.0
3331.0,darpa_theia:n175264,darpa_theia:n179628,type_0,type_2,rel_10,0,0,0,0,train:window_33,0,345723.0
3332.0,darpa_theia:n175636,darpa_theia:n177466,type_0,type_3,rel_11,1,1,0,1,train:window_33,1,345973.0
3333.0,darpa_theia:n175636,darpa_theia:n177501,type_0,type_3,rel_11,1,1,0,1,train:window_33,1,345988.0
3334.0,darpa_theia:n175636,darpa_theia:n178802,type_0,type_3,rel_11,1,1,0,1,train:window_33,1,346034.0
3335.0,darpa_theia:n175636,darpa_theia:n178893,type_0,type_3,rel_11,1,1,0,1,train:window_33,1,346082.0
3336.0,darpa_theia:n175636,darpa_theia:n179155,type_0,type_3,rel_11,0,0,0,0,train:window_33,0,346087.0
3337.0,darpa_theia:n175636,darpa_theia:n101576,type_0,type_3,rel_11,1,1,0,1,train:window_33,1,346093.0
3338.0,darpa_theia:n175636,darpa_theia:n179229,type_0,type_3,rel_11,1,1,0,1,train:window_33,1,346138.0
3339.0,darpa_theia:n175636,darpa_theia:n179252,type_0,type_3,rel_11,1,1,0,1,train:window_33,1,346152.0
3340.0,darpa_theia:n175636,darpa_theia:n179253,type_0,type_3,rel_11,1,1,0,1,train:window_33,1,346153.0
3341.0,darpa_theia:n175636,darpa_theia:n179262,type_0,type_3,rel_11,1,1,0,1,train:window_33,1,346161.0
3342.0,darpa_theia:n175756,darpa_theia:n1703,type_0,type_1,rel_0,0,0,0,0,train:window_33,0,346341.0
3343.0,darpa_theia:n175756,darpa_theia:n1806,type_0,type_1,rel_0,0,0,0,0,train:window_33,0,346391.0
3344.0,darpa_theia:n175860,darpa_theia:n170049,type_0,type_1,rel_0,0,0,0,0,train:window_33,0,346538.0
3345.0,darpa_theia:n176034,darpa_theia:n178650,type_0,type_1,rel_2,0,0,0,0,train:window_33,0,346722.0
3346.0,darpa_theia:n176326,darpa_theia:n176647,type_0,type_2,rel_10,0,0,0,0,train:window_33,0,346905.0
3347.0,darpa_theia:n176348,darpa_theia:n172599,type_0,type_1,rel_0,0,0,0,0,train:window_33,0,347064.0
3348.0,darpa_theia:n176348,darpa_theia:n177208,type_0,type_1,rel_0,0,0,0,0,train:window_33,0,347131.0
3349.0,darpa_theia:n176572,darpa_theia:n143,type_0,type_1,rel_0,0,0,0,0,train:window_33,0,347219.0
3350.0,darpa_theia:n176572,darpa_theia:n119304,type_0,type_3,rel_11,0,0,0,0,train:window_33,0,347238.0
3351.0,darpa_theia:n176673,darpa_theia:n176902,type_0,type_2,rel_10,0,0,0,0,train:window_33,0,347319.0
3352.0,darpa_theia:n177204,darpa_theia:n180960,type_1,type_0,rel_1,0,0,0,0,train:window_33,0,347468.0
3353.0,darpa_theia:n177394,darpa_theia:n179398,type_0,type_3,rel_11,0,0,0,0,train:window_33,0,347558.0
3354.0,darpa_theia:n177422,darpa_theia:n56191,type_0,type_3,rel_11,0,0,0,0,train:window_33,0,347567.0
3355.0,darpa_theia:n177807,darpa_theia:n177938,type_0,type_2,rel_2,0,0,0,0,train:window_33,0,347853.0
3356.0,darpa_theia:n177807,darpa_theia:n178010,type_0,type_2,rel_10,0,0,0,0,train:window_33,0,347943.0
3357.0,darpa_theia:n177807,darpa_theia:n1181,type_0,type_1,rel_0,0,0,0,0,train:window_33,0,347971.0
3358.0,darpa_theia:n177807,darpa_theia:n1499,type_0,type_1,rel_0,0,0,0,0,train:window_33,0,348228.0
3359.0,darpa_theia:n177807,darpa_theia:n1531,type_0,type_1,rel_0,0,0,0,0,train:window_33,0,348259.0
3360.0,darpa_theia:n178006,darpa_theia:n1443,type_0,type_1,rel_0,0,0,0,0,train:window_33,0,348419.0
3361.0,darpa_theia:n178082,darpa_theia:n178099,type_0,type_2,rel_2,0,0,0,0,train:window_33,0,348467.0
3362.0,darpa_theia:n178155,darpa_theia:n177807,type_1,type_0,rel_1,0,0,0,0,train:window_33,0,348537.0
3363.0,darpa_theia:n178261,darpa_theia:n178271,type_0,type_2,rel_2,0,0,0,0,train:window_33,0,348555.0
3364.0,darpa_theia:n178438,darpa_theia:n179420,type_0,type_3,rel_11,0,0,0,0,train:window_33,0,348635.0
3365.0,darpa_theia:n178744,darpa_theia:n175636,type_3,type_0,rel_4,1,0,1,0,train:window_33,1,348707.0
3366.0,darpa_theia:n179264,darpa_theia:n175636,type_3,type_0,rel_4,0,0,0,0,train:window_33,0,348966.0
3367.0,darpa_theia:n179433,darpa_theia:n198729,type_3,type_0,rel_4,0,0,0,0,train:window_33,0,349077.0
3368.0,darpa_theia:n179556,darpa_theia:n176632,type_3,type_0,rel_4,0,0,0,0,train:window_33,0,349096.0
3369.0,darpa_theia:n179802,darpa_theia:n179801,type_0,type_1,rel_0,0,0,0,0,train:window_33,0,349204.0
3370.0,darpa_theia:n179864,darpa_theia:n179865,type_0,type_1,rel_0,0,0,0,0,train:window_33,0,349373.0
3371.0,darpa_theia:n179878,darpa_theia:n329,type_0,type_1,rel_0,0,0,0,0,train:window_33,0,349416.0
3372.0,darpa_theia:n179878,darpa_theia:n1170,type_0,type_1,rel_0,0,0,0,0,train:window_33,0,349706.0
3373.0,darpa_theia:n179878,darpa_theia:n180285,type_0,type_0,rel_8,0,0,0,0,train:window_33,0,349865.0
3374.0,darpa_theia:n179878,darpa_theia:n1514,type_0,type_1,rel_0,0,0,0,0,train:window_33,0,349953.0
3375.0,darpa_theia:n179878,darpa_theia:n180315,type_0,type_2,rel_2,0,0,0,0,train:window_33,0,350004.0
3376.0,darpa_theia:n179878,darpa_theia:n1570,type_0,type_1,rel_0,0,0,0,0,train:window_33,0,350010.0
3377.0,darpa_theia:n179878,darpa_theia:n180320,type_0,type_0,rel_8,0,0,0,0,train:window_33,0,350013.0
3378.0,darpa_theia:n179878,darpa_theia:n180428,type_0,type_2,rel_2,0,0,0,0,train:window_33,0,350059.0
3379.0,darpa_theia:n179878,darpa_theia:n180602,type_0,type_2,rel_10,0,0,0,0,train:window_33,0,350262.0
3380.0,darpa_theia:n179878,darpa_theia:n180724,type_0,type_2,rel_2,0,0,0,0,train:window_33,0,350366.0
3381.0,darpa_theia:n179878,darpa_theia:n180732,type_0,type_2,rel_10,0,0,0,0,train:window_33,0,350387.0
3382.0,darpa_theia:n179878,darpa_theia:n180740,type_0,type_2,rel_10,0,0,0,0,train:window_33,0,350399.0
3383.0,darpa_theia:n179878,darpa_theia:n180884,type_0,type_2,rel_10,0,0,0,0,train:window_33,0,350546.0
3384.0,darpa_theia:n179878,darpa_theia:n180919,type_0,type_2,rel_10,0,0,0,0,train:window_33,0,350581.0
3385.0,darpa_theia:n179878,darpa_theia:n180935,type_0,type_2,rel_10,0,0,0,0,train:window_33,0,350597.0
3386.0,darpa_theia:n179878,darpa_theia:n180994,type_0,type_2,rel_10,0,0,0,0,train:window_33,0,350655.0
3387.0,darpa_theia:n179878,darpa_theia:n181188,type_0,type_2,rel_10,0,0,0,0,train:window_33,0,350839.0
3388.0,darpa_theia:n179878,darpa_theia:n181465,type_0,type_2,rel_10,0,0,0,0,train:window_33,0,351065.0
3389.0,darpa_theia:n179878,darpa_theia:n181577,type_0,type_2,rel_10,0,0,0,0,train:window_33,0,351150.0
3390.0,darpa_theia:n179878,darpa_theia:n181587,type_0,type_2,rel_10,0,0,0,0,train:window_33,0,351160.0
3391.0,darpa_theia:n179878,darpa_theia:n181589,type_0,type_2,rel_10,0,0,0,0,train:window_33,0,351162.0
3392.0,darpa_theia:n179878,darpa_theia:n181723,type_0,type_2,rel_10,0,0,0,0,train:window_33,0,351273.0
3393.0,darpa_theia:n179878,darpa_theia:n182111,type_0,type_2,rel_10,0,0,0,0,train:window_33,0,351570.0
3394.0,darpa_theia:n179878,darpa_theia:n182122,type_0,type_2,rel_10,0,0,0,0,train:window_33,0,351581.0
3395.0,darpa_theia:n179878,darpa_theia:n182660,type_0,type_2,rel_10,0,0,0,0,train:window_33,0,351724.0
3396.0,darpa_theia:n179878,darpa_theia:n183303,type_0,type_2,rel_10,0,0,0,0,train:window_33,0,351885.0
3397.0,darpa_theia:n179878,darpa_theia:n183378,type_0,type_2,rel_10,0,0,0,0,train:window_33,0,351912.0
3398.0,darpa_theia:n179878,darpa_theia:n183897,type_0,type_2,rel_10,0,0,0,0,train:window_33,0,352082.0
3399.0,darpa_theia:n179878,darpa_theia:n183924,type_0,type_2,rel_10,0,0,0,0,train:window_33,0,352097.0
3400.0,darpa_theia:n179878,darpa_theia:n183928,type_0,type_2,rel_10,0,0,0,0,train:window_33,0,352101.0
3401.0,darpa_theia:n179878,darpa_theia:n184835,type_0,type_1,rel_0,0,0,0,0,train:window_34,0,352331.0
3402.0,darpa_theia:n179878,darpa_theia:n184945,type_0,type_2,rel_10,0,0,0,0,train:window_34,0,352344.0
3403.0,darpa_theia:n179878,darpa_theia:n185032,type_0,type_1,rel_0,0,0,0,0,train:window_34,0,352351.0
3404.0,darpa_theia:n179878,darpa_theia:n185405,type_0,type_1,rel_0,0,0,0,0,train:window_34,0,352541.0
3405.0,darpa_theia:n180098,darpa_theia:n180154,type_0,type_2,rel_2,0,0,0,0,train:window_34,0,352593.0
3406.0,darpa_theia:n180189,darpa_theia:n1287,type_0,type_1,rel_0,0,0,0,0,train:window_34,0,352665.0
3407.0,darpa_theia:n180250,darpa_theia:n182201,type_0,type_3,rel_11,1,1,0,1,train:window_34,1,352709.0
3408.0,darpa_theia:n180250,darpa_theia:n182203,type_0,type_3,rel_11,1,1,0,1,train:window_34,1,352711.0
3409.0,darpa_theia:n180250,darpa_theia:n182215,type_0,type_3,rel_3,0,0,0,0,train:window_34,0,352723.0
3410.0,darpa_theia:n180250,darpa_theia:n113641,type_0,type_3,rel_11,1,1,0,1,train:window_34,1,352732.0
3411.0,darpa_theia:n180250,darpa_theia:n182266,type_0,type_3,rel_11,1,1,0,1,train:window_34,1,352736.0
3412.0,darpa_theia:n180250,darpa_theia:n182309,type_0,type_3,rel_11,1,1,0,1,train:window_34,1,352750.0
3413.0,darpa_theia:n180250,darpa_theia:n182340,type_0,type_3,rel_11,1,1,0,1,train:window_34,1,352762.0
3414.0,darpa_theia:n180250,darpa_theia:n182418,type_0,type_3,rel_11,0,0,0,0,train:window_34,0,352796.0
3415.0,darpa_theia:n180250,darpa_theia:n182492,type_0,type_3,rel_11,1,1,0,1,train:window_34,1,352846.0
3416.0,darpa_theia:n180250,darpa_theia:n182609,type_0,type_3,rel_11,1,1,0,1,train:window_34,1,352910.0
3417.0,darpa_theia:n180250,darpa_theia:n182624,type_0,type_3,rel_11,1,1,0,1,train:window_34,1,352920.0
3418.0,darpa_theia:n180250,darpa_theia:n184658,type_0,type_3,rel_11,1,1,0,1,train:window_34,1,352930.0
3419.0,darpa_theia:n180250,darpa_theia:n184839,type_0,type_3,rel_11,1,1,0,1,train:window_34,1,352958.0
3420.0,darpa_theia:n180250,darpa_theia:n184849,type_0,type_3,rel_11,1,1,0,1,train:window_34,1,352968.0
3421.0,darpa_theia:n180250,darpa_theia:n184866,type_0,type_3,rel_11,1,1,0,1,train:window_34,1,352986.0
3422.0,darpa_theia:n180250,darpa_theia:n184874,type_0,type_3,rel_11,1,1,0,1,train:window_34,1,352989.0
3423.0,darpa_theia:n180250,darpa_theia:n185176,type_0,type_3,rel_11,1,1,0,1,train:window_34,1,353025.0
3424.0,darpa_theia:n180250,darpa_theia:n113476,type_0,type_3,rel_11,1,1,0,1,train:window_34,1,353057.0
3425.0,darpa_theia:n180250,darpa_theia:n185326,type_0,type_3,rel_11,1,1,0,1,train:window_34,1,353107.0
3426.0,darpa_theia:n180375,darpa_theia:n1807,type_0,type_1,rel_0,0,0,0,0,train:window_34,0,353339.0
3427.0,darpa_theia:n180475,darpa_theia:n182432,type_0,type_1,rel_0,0,0,0,0,train:window_34,0,353525.0
3428.0,darpa_theia:n180475,darpa_theia:n182614,type_0,type_1,rel_0,0,0,0,0,train:window_34,0,353593.0
3429.0,darpa_theia:n180475,darpa_theia:n178883,type_0,type_1,rel_0,0,0,0,0,train:window_34,0,353645.0
3430.0,darpa_theia:n180475,darpa_theia:n179285,type_0,type_1,rel_0,0,0,0,0,train:window_34,0,353702.0
3431.0,darpa_theia:n180648,darpa_theia:n181974,type_0,type_1,rel_2,0,0,0,0,train:window_34,0,353827.0
3432.0,darpa_theia:n180648,darpa_theia:n185265,type_0,type_1,rel_2,0,0,0,0,train:window_34,0,353962.0
3433.0,darpa_theia:n180941,darpa_theia:n181662,type_0,type_2,rel_10,0,0,0,0,train:window_34,0,354099.0
3434.0,darpa_theia:n180941,darpa_theia:n6379,type_0,type_1,rel_0,0,0,0,0,train:window_34,0,354115.0
3435.0,darpa_theia:n180941,darpa_theia:n183505,type_0,type_2,rel_10,0,0,0,0,train:window_34,0,354126.0
3436.0,darpa_theia:n180960,darpa_theia:n181750,type_0,type_1,rel_0,0,0,0,0,train:window_34,0,354265.0
3437.0,darpa_theia:n180960,darpa_theia:n181782,type_0,type_1,rel_0,0,0,0,0,train:window_34,0,354294.0
3438.0,darpa_theia:n180993,darpa_theia:n181004,type_0,type_2,rel_2,0,0,0,0,train:window_34,0,354333.0
3439.0,darpa_theia:n181247,darpa_theia:n184970,type_0,type_3,rel_11,0,0,0,0,train:window_34,0,354556.0
3440.0,darpa_theia:n181616,darpa_theia:n185375,type_0,type_2,rel_2,0,0,0,0,train:window_34,0,354678.0
3441.0,darpa_theia:n181750,darpa_theia:n186546,type_1,type_0,rel_1,0,0,0,0,train:window_34,0,354702.0
3442.0,darpa_theia:n182181,darpa_theia:n184983,type_0,type_3,rel_11,0,0,0,0,train:window_34,0,354945.0
3443.0,darpa_theia:n182814,darpa_theia:n182820,type_0,type_2,rel_2,0,0,0,0,train:window_34,0,355258.0
3444.0,darpa_theia:n183056,darpa_theia:n183077,type_0,type_2,rel_2,0,0,0,0,train:window_34,0,355650.0
3445.0,darpa_theia:n183358,darpa_theia:n180993,type_3,type_0,rel_4,0,0,0,0,train:window_34,0,355952.0
3446.0,darpa_theia:n183689,darpa_theia:n300869,type_3,type_0,rel_4,0,0,0,0,train:window_34,0,356092.0
3447.0,darpa_theia:n183774,darpa_theia:n183886,type_0,type_2,rel_10,0,0,0,0,train:window_34,0,356240.0
3448.0,darpa_theia:n183789,darpa_theia:n4352,type_0,type_1,rel_0,0,0,0,0,train:window_34,0,356268.0
3449.0,darpa_theia:n184009,darpa_theia:n953,type_0,type_1,rel_0,0,0,0,0,train:window_34,0,356423.0
3450.0,darpa_theia:n184009,darpa_theia:n184118,type_0,type_2,rel_2,0,0,0,0,train:window_34,0,356510.0
3451.0,darpa_theia:n184009,darpa_theia:n184220,type_0,type_2,rel_2,0,0,0,0,train:window_34,0,356641.0
3452.0,darpa_theia:n184009,darpa_theia:n184375,type_0,type_2,rel_2,0,0,0,0,train:window_34,0,356765.0
3453.0,darpa_theia:n184009,darpa_theia:n184421,type_0,type_2,rel_2,0,0,0,0,train:window_34,0,356817.0
3454.0,darpa_theia:n184009,darpa_theia:n1474,type_0,type_1,rel_0,0,0,0,0,train:window_34,0,356885.0
3455.0,darpa_theia:n184009,darpa_theia:n184550,type_0,type_2,rel_2,0,0,0,0,train:window_34,0,356960.0
3456.0,darpa_theia:n184009,darpa_theia:n184553,type_0,type_2,rel_2,0,0,0,0,train:window_34,0,356966.0
3457.0,darpa_theia:n184009,darpa_theia:n184623,type_0,type_2,rel_10,0,0,0,0,train:window_34,0,357048.0
3458.0,darpa_theia:n184208,darpa_theia:n1435,type_0,type_1,rel_0,0,0,0,0,train:window_34,0,357102.0
3459.0,darpa_theia:n184208,darpa_theia:n1447,type_0,type_1,rel_0,0,0,0,0,train:window_34,0,357109.0
3460.0,darpa_theia:n184282,darpa_theia:n184292,type_0,type_2,rel_2,0,0,0,0,train:window_34,0,357149.0
3461.0,darpa_theia:n184609,darpa_theia:n1304,type_0,type_1,rel_0,0,0,0,0,train:window_34,0,357310.0
3462.0,darpa_theia:n185263,darpa_theia:n179878,type_1,type_0,rel_1,0,0,0,0,train:window_34,0,357549.0
3463.0,darpa_theia:n185462,darpa_theia:n185543,type_0,type_2,rel_2,0,0,0,0,train:window_34,0,357784.0
3464.0,darpa_theia:n185462,darpa_theia:n1164,type_0,type_1,rel_0,0,0,0,0,train:window_34,0,357961.0
3465.0,darpa_theia:n185462,darpa_theia:n1244,type_0,type_1,rel_0,0,0,0,0,train:window_34,0,358042.0
3466.0,darpa_theia:n185462,darpa_theia:n1378,type_0,type_1,rel_0,0,0,0,0,train:window_34,0,358083.0
3467.0,darpa_theia:n185462,darpa_theia:n1459,type_0,type_1,rel_0,0,0,0,0,train:window_34,0,358161.0
3468.0,darpa_theia:n185462,darpa_theia:n186040,type_0,type_2,rel_10,0,0,0,0,train:window_34,0,358348.0
3469.0,darpa_theia:n185462,darpa_theia:n186464,type_0,type_2,rel_10,0,0,0,0,train:window_34,0,358801.0
3470.0,darpa_theia:n185462,darpa_theia:n186677,type_0,type_2,rel_10,0,0,0,0,train:window_34,0,358999.0
3471.0,darpa_theia:n185462,darpa_theia:n186825,type_0,type_2,rel_10,0,0,0,0,train:window_34,0,359133.0
3472.0,darpa_theia:n185462,darpa_theia:n186874,type_0,type_0,rel_8,0,0,0,0,train:window_34,0,359158.0
3473.0,darpa_theia:n185462,darpa_theia:n186892,type_0,type_2,rel_10,0,0,0,0,train:window_34,0,359176.0
3474.0,darpa_theia:n185462,darpa_theia:n186937,type_0,type_2,rel_10,0,0,0,0,train:window_34,0,359211.0
3475.0,darpa_theia:n185462,darpa_theia:n187247,type_0,type_2,rel_10,0,0,0,0,train:window_34,0,359492.0
3476.0,darpa_theia:n185462,darpa_theia:n187509,type_0,type_2,rel_10,0,0,0,0,train:window_34,0,359668.0
3477.0,darpa_theia:n185462,darpa_theia:n187654,type_0,type_2,rel_10,0,0,0,0,train:window_34,0,359800.0
3478.0,darpa_theia:n185462,darpa_theia:n187889,type_0,type_2,rel_10,0,0,0,0,train:window_34,0,359943.0
3479.0,darpa_theia:n185462,darpa_theia:n187923,type_0,type_2,rel_10,0,0,0,0,train:window_34,0,359975.0
3480.0,darpa_theia:n185462,darpa_theia:n188131,type_0,type_2,rel_10,0,0,0,0,train:window_34,0,360078.0
3481.0,darpa_theia:n185462,darpa_theia:n188422,type_0,type_2,rel_10,0,0,0,0,train:window_34,0,360195.0
3482.0,darpa_theia:n185462,darpa_theia:n189925,type_0,type_2,rel_10,0,0,0,0,train:window_34,0,360449.0
3483.0,darpa_theia:n185462,darpa_theia:n190019,type_0,type_2,rel_10,0,0,0,0,train:window_34,0,360500.0
3484.0,darpa_theia:n185462,darpa_theia:n190303,type_0,type_2,rel_10,0,0,0,0,train:window_34,0,360618.0
3485.0,darpa_theia:n185462,darpa_theia:n190305,type_0,type_2,rel_10,0,0,0,0,train:window_34,0,360620.0
3486.0,darpa_theia:n185462,darpa_theia:n190644,type_0,type_2,rel_10,0,0,0,0,train:window_34,0,360694.0
3487.0,darpa_theia:n185462,darpa_theia:n190803,type_0,type_2,rel_10,0,0,0,0,train:window_34,0,360725.0
3488.0,darpa_theia:n185462,darpa_theia:n190974,type_0,type_2,rel_10,0,0,0,0,train:window_34,0,360767.0
3489.0,darpa_theia:n185462,darpa_theia:n191076,type_0,type_1,rel_0,0,0,0,0,train:window_34,0,360774.0
3490.0,darpa_theia:n185462,darpa_theia:n191691,type_0,type_2,rel_2,0,0,0,0,train:window_34,0,360828.0
3491.0,darpa_theia:n185462,darpa_theia:n201094,type_0,type_2,rel_10,0,0,0,0,train:window_34,0,360983.0
3492.0,darpa_theia:n185462,darpa_theia:n201100,type_0,type_2,rel_10,0,0,0,0,train:window_34,0,360989.0
3493.0,darpa_theia:n185462,darpa_theia:n205390,type_0,type_1,rel_0,0,0,0,0,train:window_34,0,361254.0
3494.0,darpa_theia:n185462,darpa_theia:n207561,type_0,type_2,rel_10,0,0,0,0,train:window_34,0,361315.0
3495.0,darpa_theia:n185462,darpa_theia:n286735,type_0,type_1,rel_0,0,0,0,0,train:window_34,0,361547.0
3496.0,darpa_theia:n185462,darpa_theia:n288345,type_0,type_1,rel_0,0,0,0,0,train:window_34,0,361629.0
3497.0,darpa_theia:n185462,darpa_theia:n288725,type_0,type_1,rel_0,0,0,0,0,train:window_34,0,361637.0
3498.0,darpa_theia:n185462,darpa_theia:n290129,type_0,type_2,rel_10,0,0,0,0,train:window_34,0,361839.0
3499.0,darpa_theia:n185462,darpa_theia:n290455,type_0,type_2,rel_10,0,0,0,0,train:window_34,0,361916.0
3500.0,darpa_theia:n185462,darpa_theia:n290474,type_0,type_2,rel_10,0,0,0,0,train:window_34,0,361925.0
3501.0,darpa_theia:n185462,darpa_theia:n290602,type_0,type_2,rel_10,0,0,0,0,train:window_35,0,361954.0
3502.0,darpa_theia:n185462,darpa_theia:n290635,type_0,type_1,rel_0,0,0,0,0,train:window_35,0,361977.0
3503.0,darpa_theia:n185462,darpa_theia:n297143,type_0,type_2,rel_10,0,0,0,0,train:window_35,0,362108.0
3504.0,darpa_theia:n185462,darpa_theia:n304868,type_0,type_1,rel_0,0,0,0,0,train:window_35,0,362543.0
3505.0,darpa_theia:n185462,darpa_theia:n304966,type_0,type_1,rel_0,0,0,0,0,train:window_35,0,362554.0
3506.0,darpa_theia:n185462,darpa_theia:n305353,type_0,type_1,rel_0,0,0,0,0,train:window_35,0,362568.0
3507.0,darpa_theia:n185462,darpa_theia:n307334,type_0,type_1,rel_0,0,0,0,0,train:window_35,0,362659.0
3508.0,darpa_theia:n185462,darpa_theia:n328620,type_0,type_1,rel_0,0,0,0,0,train:window_35,0,362722.0
3509.0,darpa_theia:n185462,darpa_theia:n328864,type_0,type_1,rel_0,0,0,0,0,train:window_35,0,362743.0
3510.0,darpa_theia:n185462,darpa_theia:n329913,type_0,type_1,rel_0,0,0,0,0,train:window_35,0,362876.0
3511.0,darpa_theia:n185462,darpa_theia:n330414,type_0,type_1,rel_0,0,0,0,0,train:window_35,0,362913.0
3512.0,darpa_theia:n185462,darpa_theia:n331406,type_0,type_2,rel_10,0,0,0,0,train:window_35,0,362976.0
3513.0,darpa_theia:n185462,darpa_theia:n331456,type_0,type_1,rel_0,0,0,0,0,train:window_35,0,362988.0
3514.0,darpa_theia:n185462,darpa_theia:n331557,type_0,type_2,rel_10,0,0,0,0,train:window_35,0,363037.0
3515.0,darpa_theia:n185462,darpa_theia:n331578,type_0,type_2,rel_10,0,0,0,0,train:window_35,0,363053.0
3516.0,darpa_theia:n185462,darpa_theia:n332681,type_0,type_1,rel_0,0,0,0,0,train:window_35,0,363260.0
3517.0,darpa_theia:n185462,darpa_theia:n333801,type_0,type_1,rel_0,0,0,0,0,train:window_35,0,363490.0
3518.0,darpa_theia:n185462,darpa_theia:n335384,type_0,type_2,rel_10,0,0,0,0,train:window_35,0,363588.0
3519.0,darpa_theia:n185462,darpa_theia:n335402,type_0,type_1,rel_0,0,0,0,0,train:window_35,0,363606.0
3520.0,darpa_theia:n185462,darpa_theia:n336328,type_0,type_1,rel_0,0,0,0,0,train:window_35,0,363752.0
3521.0,darpa_theia:n185462,darpa_theia:n340503,type_0,type_1,rel_0,0,0,0,0,train:window_35,0,363957.0
3522.0,darpa_theia:n185462,darpa_theia:n340884,type_0,type_1,rel_0,0,0,0,0,train:window_35,0,363965.0
3523.0,darpa_theia:n185462,darpa_theia:n343284,type_0,type_1,rel_0,0,0,0,0,train:window_35,0,364083.0
3524.0,darpa_theia:n185774,darpa_theia:n185788,type_0,type_2,rel_10,0,0,0,0,train:window_35,0,364252.0
3525.0,darpa_theia:n185836,darpa_theia:n187737,type_0,type_3,rel_11,1,1,0,1,train:window_35,1,364340.0
3526.0,darpa_theia:n185836,darpa_theia:n187750,type_0,type_3,rel_11,1,1,0,1,train:window_35,1,364348.0
3527.0,darpa_theia:n185836,darpa_theia:n52941,type_0,type_3,rel_11,1,1,0,1,train:window_35,1,364380.0
3528.0,darpa_theia:n185836,darpa_theia:n52953,type_0,type_3,rel_11,1,1,0,1,train:window_35,1,364381.0
3529.0,darpa_theia:n185836,darpa_theia:n189982,type_0,type_3,rel_11,1,1,0,1,train:window_35,1,364388.0
3530.0,darpa_theia:n185836,darpa_theia:n190390,type_0,type_3,rel_11,1,1,0,1,train:window_35,1,364433.0
3531.0,darpa_theia:n185836,darpa_theia:n190401,type_0,type_3,rel_3,0,0,0,0,train:window_35,0,364441.0
3532.0,darpa_theia:n185836,darpa_theia:n190413,type_0,type_3,rel_11,1,1,0,1,train:window_35,1,364450.0
3533.0,darpa_theia:n185836,darpa_theia:n190501,type_0,type_3,rel_11,1,1,0,1,train:window_35,1,364508.0
3534.0,darpa_theia:n185836,darpa_theia:n190513,type_0,type_3,rel_11,1,1,0,1,train:window_35,1,364516.0
3535.0,darpa_theia:n185836,darpa_theia:n190516,type_0,type_3,rel_11,1,1,0,1,train:window_35,1,364518.0
3536.0,darpa_theia:n185836,darpa_theia:n190630,type_0,type_3,rel_11,1,1,0,1,train:window_35,1,364561.0
3537.0,darpa_theia:n185836,darpa_theia:n190676,type_0,type_3,rel_11,1,1,0,1,train:window_35,1,364581.0
3538.0,darpa_theia:n185836,darpa_theia:n190745,type_0,type_3,rel_3,0,0,0,0,train:window_35,0,364614.0
3539.0,darpa_theia:n185836,darpa_theia:n33006,type_0,type_3,rel_11,1,1,0,1,train:window_35,1,364617.0
3540.0,darpa_theia:n185836,darpa_theia:n190992,type_0,type_3,rel_11,1,1,0,1,train:window_35,1,364628.0
3541.0,darpa_theia:n185836,darpa_theia:n190999,type_0,type_3,rel_11,0,0,0,0,train:window_35,0,364630.0
3542.0,darpa_theia:n185836,darpa_theia:n191003,type_0,type_3,rel_11,1,1,0,1,train:window_35,1,364632.0
3543.0,darpa_theia:n185836,darpa_theia:n191032,type_0,type_3,rel_11,1,1,0,1,train:window_35,1,364648.0
3544.0,darpa_theia:n185836,darpa_theia:n191404,type_0,type_3,rel_11,1,1,0,1,train:window_35,1,364657.0
3545.0,darpa_theia:n185836,darpa_theia:n168263,type_0,type_3,rel_11,1,1,0,1,train:window_35,1,364660.0
3546.0,darpa_theia:n185836,darpa_theia:n193123,type_0,type_3,rel_11,1,1,0,1,train:window_35,1,364704.0
3547.0,darpa_theia:n185836,darpa_theia:n193165,type_0,type_3,rel_11,1,1,0,1,train:window_35,1,364725.0
3548.0,darpa_theia:n185836,darpa_theia:n194159,type_0,type_3,rel_11,1,1,0,1,train:window_35,1,364744.0
3549.0,darpa_theia:n185836,darpa_theia:n194194,type_0,type_3,rel_11,1,1,0,1,train:window_35,1,364763.0
3550.0,darpa_theia:n185836,darpa_theia:n169729,type_0,type_3,rel_11,1,1,0,1,train:window_35,1,364792.0
3551.0,darpa_theia:n185836,darpa_theia:n196046,type_0,type_3,rel_11,1,1,0,1,train:window_35,1,364875.0
3552.0,darpa_theia:n185836,darpa_theia:n196057,type_0,type_3,rel_11,1,1,0,1,train:window_35,1,364881.0
3553.0,darpa_theia:n185836,darpa_theia:n198742,type_0,type_3,rel_11,1,1,0,1,train:window_35,1,364924.0
3554.0,darpa_theia:n185836,darpa_theia:n198780,type_0,type_3,rel_11,1,1,0,1,train:window_35,1,364942.0
3555.0,darpa_theia:n185836,darpa_theia:n199641,type_0,type_3,rel_11,1,1,0,1,train:window_35,1,364969.0
3556.0,darpa_theia:n185836,darpa_theia:n199648,type_0,type_3,rel_11,1,1,0,1,train:window_35,1,364971.0
3557.0,darpa_theia:n185836,darpa_theia:n199660,type_0,type_3,rel_11,1,1,0,1,train:window_35,1,364983.0
3558.0,darpa_theia:n185836,darpa_theia:n199686,type_0,type_3,rel_11,1,1,0,1,train:window_35,1,365003.0
3559.0,darpa_theia:n185836,darpa_theia:n199687,type_0,type_3,rel_11,1,1,0,1,train:window_35,1,365004.0
3560.0,darpa_theia:n185836,darpa_theia:n199702,type_0,type_3,rel_11,1,1,0,1,train:window_35,1,365013.0
3561.0,darpa_theia:n185836,darpa_theia:n199731,type_0,type_3,rel_11,1,1,0,1,train:window_35,1,365027.0
3562.0,darpa_theia:n185836,darpa_theia:n199745,type_0,type_3,rel_11,1,1,0,1,train:window_35,1,365031.0
3563.0,darpa_theia:n185836,darpa_theia:n201148,type_0,type_3,rel_11,1,1,0,1,train:window_35,1,365107.0
3564.0,darpa_theia:n185836,darpa_theia:n201207,type_0,type_3,rel_11,1,1,0,1,train:window_35,1,365143.0
3565.0,darpa_theia:n185836,darpa_theia:n201220,type_0,type_3,rel_11,1,1,0,1,train:window_35,1,365152.0
3566.0,darpa_theia:n185836,darpa_theia:n73087,type_0,type_3,rel_11,1,1,0,1,train:window_35,1,365166.0
3567.0,darpa_theia:n185836,darpa_theia:n73102,type_0,type_3,rel_11,1,1,0,1,train:window_35,1,365173.0
3568.0,darpa_theia:n185836,darpa_theia:n73120,type_0,type_3,rel_11,1,1,0,1,train:window_35,1,365178.0
3569.0,darpa_theia:n185836,darpa_theia:n73128,type_0,type_3,rel_11,1,1,0,1,train:window_35,1,365186.0
3570.0,darpa_theia:n185836,darpa_theia:n201270,type_0,type_3,rel_11,1,1,0,1,train:window_35,1,365192.0
3571.0,darpa_theia:n185836,darpa_theia:n201272,type_0,type_3,rel_11,1,1,0,1,train:window_35,1,365194.0
3572.0,darpa_theia:n185836,darpa_theia:n201294,type_0,type_3,rel_11,1,1,0,1,train:window_35,1,365208.0
3573.0,darpa_theia:n185836,darpa_theia:n201302,type_0,type_3,rel_11,1,1,0,1,train:window_35,1,365214.0
3574.0,darpa_theia:n185836,darpa_theia:n52862,type_0,type_3,rel_11,1,1,0,1,train:window_35,1,365235.0
3575.0,darpa_theia:n185836,darpa_theia:n68290,type_0,type_3,rel_11,1,1,0,1,train:window_35,1,365243.0
3576.0,darpa_theia:n185836,darpa_theia:n201396,type_0,type_3,rel_11,1,1,0,1,train:window_35,1,365283.0
3577.0,darpa_theia:n185836,darpa_theia:n201488,type_0,type_3,rel_11,1,1,0,1,train:window_35,1,365311.0
3578.0,darpa_theia:n185836,darpa_theia:n202198,type_0,type_3,rel_11,1,1,0,1,train:window_35,1,365324.0
3579.0,darpa_theia:n185836,darpa_theia:n202218,type_0,type_3,rel_11,1,1,0,1,train:window_35,1,365336.0
3580.0,darpa_theia:n185836,darpa_theia:n202224,type_0,type_3,rel_11,1,1,0,1,train:window_35,1,365339.0
3581.0,darpa_theia:n185836,darpa_theia:n202238,type_0,type_3,rel_11,1,1,0,1,train:window_35,1,365350.0
3582.0,darpa_theia:n185836,darpa_theia:n202315,type_0,type_3,rel_11,1,1,0,1,train:window_35,1,365406.0
3583.0,darpa_theia:n185836,darpa_theia:n202321,type_0,type_3,rel_11,1,1,0,1,train:window_35,1,365412.0
3584.0,darpa_theia:n185836,darpa_theia:n202339,type_0,type_3,rel_11,1,1,0,1,train:window_35,1,365428.0
3585.0,darpa_theia:n185836,darpa_theia:n202411,type_0,type_3,rel_11,1,1,0,1,train:window_35,1,365447.0
3586.0,darpa_theia:n185836,darpa_theia:n3871,type_0,type_3,rel_11,1,1,0,1,train:window_35,1,365453.0
3587.0,darpa_theia:n185836,darpa_theia:n202558,type_0,type_3,rel_11,1,1,0,1,train:window_35,1,365455.0
3588.0,darpa_theia:n185836,darpa_theia:n202565,type_0,type_3,rel_11,1,1,0,1,train:window_35,1,365461.0
3589.0,darpa_theia:n185836,darpa_theia:n202570,type_0,type_3,rel_3,0,0,0,0,train:window_35,0,365466.0
3590.0,darpa_theia:n185836,darpa_theia:n202571,type_0,type_3,rel_11,1,1,0,1,train:window_35,1,365467.0
3591.0,darpa_theia:n185836,darpa_theia:n202615,type_0,type_3,rel_11,1,1,0,1,train:window_35,1,365505.0
3592.0,darpa_theia:n185836,darpa_theia:n202631,type_0,type_3,rel_11,1,1,0,1,train:window_35,1,365516.0
3593.0,darpa_theia:n185836,darpa_theia:n202646,type_0,type_3,rel_11,1,1,0,1,train:window_35,1,365528.0
3594.0,darpa_theia:n185836,darpa_theia:n202650,type_0,type_3,rel_11,1,1,0,1,train:window_35,1,365532.0
3595.0,darpa_theia:n185836,darpa_theia:n202658,type_0,type_3,rel_11,1,1,0,1,train:window_35,1,365539.0
3596.0,darpa_theia:n185836,darpa_theia:n202699,type_0,type_3,rel_11,1,1,0,1,train:window_35,1,365570.0
3597.0,darpa_theia:n185836,darpa_theia:n202710,type_0,type_3,rel_3,0,0,0,0,train:window_35,0,365575.0
3598.0,darpa_theia:n185836,darpa_theia:n202750,type_0,type_3,rel_11,1,1,0,1,train:window_35,1,365598.0
3599.0,darpa_theia:n185836,darpa_theia:n202807,type_0,type_3,rel_11,1,1,0,1,train:window_35,1,365630.0
3600.0,darpa_theia:n185836,darpa_theia:n202843,type_0,type_3,rel_11,1,1,0,1,train:window_35,1,365655.0
3601.0,darpa_theia:n185836,darpa_theia:n202871,type_0,type_3,rel_11,1,1,0,1,train:window_36,1,365660.0
3602.0,darpa_theia:n185836,darpa_theia:n202879,type_0,type_3,rel_3,0,0,0,0,train:window_36,0,365667.0
3603.0,darpa_theia:n185836,darpa_theia:n202884,type_0,type_3,rel_11,1,1,0,1,train:window_36,1,365672.0
3604.0,darpa_theia:n185836,darpa_theia:n203163,type_0,type_3,rel_11,1,1,0,1,train:window_36,1,365685.0
3605.0,darpa_theia:n185836,darpa_theia:n203175,type_0,type_3,rel_11,1,1,0,1,train:window_36,1,365692.0
3606.0,darpa_theia:n185836,darpa_theia:n128276,type_0,type_3,rel_11,1,1,0,1,train:window_36,1,365700.0
3607.0,darpa_theia:n185836,darpa_theia:n203216,type_0,type_3,rel_11,1,1,0,1,train:window_36,1,365711.0
3608.0,darpa_theia:n185836,darpa_theia:n203701,type_0,type_3,rel_11,1,1,0,1,train:window_36,1,365723.0
3609.0,darpa_theia:n185836,darpa_theia:n203723,type_0,type_3,rel_11,1,1,0,1,train:window_36,1,365740.0
3610.0,darpa_theia:n185836,darpa_theia:n203783,type_0,type_3,rel_11,1,1,0,1,train:window_36,1,365785.0
3611.0,darpa_theia:n185836,darpa_theia:n66157,type_0,type_3,rel_11,1,1,0,1,train:window_36,1,365851.0
3612.0,darpa_theia:n185836,darpa_theia:n204699,type_0,type_3,rel_11,1,1,0,1,train:window_36,1,365875.0
3613.0,darpa_theia:n185836,darpa_theia:n204743,type_0,type_3,rel_11,1,1,0,1,train:window_36,1,365911.0
3614.0,darpa_theia:n185836,darpa_theia:n204752,type_0,type_3,rel_11,1,1,0,1,train:window_36,1,365918.0
3615.0,darpa_theia:n185836,darpa_theia:n85193,type_0,type_3,rel_11,1,1,0,1,train:window_36,1,365926.0
3616.0,darpa_theia:n185836,darpa_theia:n205227,type_0,type_3,rel_11,1,1,0,1,train:window_36,1,365956.0
3617.0,darpa_theia:n185836,darpa_theia:n205239,type_0,type_3,rel_11,1,1,0,1,train:window_36,1,365962.0
3618.0,darpa_theia:n185836,darpa_theia:n206055,type_0,type_3,rel_11,1,1,0,1,train:window_36,1,366007.0
3619.0,darpa_theia:n185836,darpa_theia:n206074,type_0,type_3,rel_11,1,1,0,1,train:window_36,1,366017.0
3620.0,darpa_theia:n185836,darpa_theia:n206107,type_0,type_3,rel_11,1,1,0,1,train:window_36,1,366045.0
3621.0,darpa_theia:n185836,darpa_theia:n206193,type_0,type_3,rel_11,1,1,0,1,train:window_36,1,366108.0
3622.0,darpa_theia:n185836,darpa_theia:n206263,type_0,type_3,rel_11,1,1,0,1,train:window_36,1,366137.0
3623.0,darpa_theia:n185836,darpa_theia:n206276,type_0,type_3,rel_11,1,1,0,1,train:window_36,1,366148.0
3624.0,darpa_theia:n185836,darpa_theia:n206296,type_0,type_3,rel_11,1,1,0,1,train:window_36,1,366165.0
3625.0,darpa_theia:n185836,darpa_theia:n206298,type_0,type_3,rel_11,1,1,0,1,train:window_36,1,366167.0
3626.0,darpa_theia:n185836,darpa_theia:n206356,type_0,type_3,rel_11,1,1,0,1,train:window_36,1,366199.0
3627.0,darpa_theia:n185836,darpa_theia:n206389,type_0,type_3,rel_11,1,1,0,1,train:window_36,1,366215.0
3628.0,darpa_theia:n185836,darpa_theia:n206506,type_0,type_3,rel_11,1,1,0,1,train:window_36,1,366240.0
3629.0,darpa_theia:n185836,darpa_theia:n207227,type_0,type_3,rel_11,1,1,0,1,train:window_36,1,366262.0
3630.0,darpa_theia:n185836,darpa_theia:n207267,type_0,type_3,rel_11,1,1,0,1,train:window_36,1,366301.0
3631.0,darpa_theia:n185836,darpa_theia:n207284,type_0,type_3,rel_11,1,1,0,1,train:window_36,1,366317.0
3632.0,darpa_theia:n185836,darpa_theia:n207344,type_0,type_3,rel_11,1,1,0,1,train:window_36,1,366372.0
3633.0,darpa_theia:n185836,darpa_theia:n207446,type_0,type_3,rel_11,1,1,0,1,train:window_36,1,366407.0
3634.0,darpa_theia:n185836,darpa_theia:n207471,type_0,type_3,rel_11,1,1,0,1,train:window_36,1,366425.0
3635.0,darpa_theia:n185836,darpa_theia:n207486,type_0,type_3,rel_11,1,1,0,1,train:window_36,1,366430.0
3636.0,darpa_theia:n185836,darpa_theia:n207507,type_0,type_3,rel_11,1,1,0,1,train:window_36,1,366439.0
3637.0,darpa_theia:n185836,darpa_theia:n207541,type_0,type_3,rel_11,1,1,0,1,train:window_36,1,366460.0
3638.0,darpa_theia:n185836,darpa_theia:n207862,type_0,type_3,rel_11,1,1,0,1,train:window_36,1,366495.0
3639.0,darpa_theia:n185836,darpa_theia:n210487,type_0,type_3,rel_11,1,1,0,1,train:window_36,1,366524.0
3640.0,darpa_theia:n185836,darpa_theia:n211267,type_0,type_3,rel_11,1,1,0,1,train:window_36,1,366527.0
3641.0,darpa_theia:n185836,darpa_theia:n211072,type_0,type_3,rel_11,1,1,0,1,train:window_36,1,366545.0
3642.0,darpa_theia:n185836,darpa_theia:n215837,type_0,type_3,rel_11,1,1,0,1,train:window_36,1,366561.0
3643.0,darpa_theia:n185836,darpa_theia:n221323,type_0,type_3,rel_11,1,1,0,1,train:window_36,1,366568.0
3644.0,darpa_theia:n185836,darpa_theia:n219347,type_0,type_3,rel_11,1,1,0,1,train:window_36,1,366587.0
3645.0,darpa_theia:n185836,darpa_theia:n208459,type_0,type_3,rel_11,1,1,0,1,train:window_36,1,366656.0
3646.0,darpa_theia:n185836,darpa_theia:n226985,type_0,type_3,rel_11,1,1,0,1,train:window_36,1,366696.0
3647.0,darpa_theia:n185836,darpa_theia:n220238,type_0,type_3,rel_11,1,1,0,1,train:window_36,1,366727.0
3648.0,darpa_theia:n185836,darpa_theia:n220074,type_0,type_3,rel_11,1,1,0,1,train:window_36,1,366736.0
3649.0,darpa_theia:n185836,darpa_theia:n214084,type_0,type_3,rel_11,1,1,0,1,train:window_36,1,366744.0
3650.0,darpa_theia:n185836,darpa_theia:n220750,type_0,type_3,rel_11,1,1,0,1,train:window_36,1,366752.0
3651.0,darpa_theia:n185836,darpa_theia:n209112,type_0,type_3,rel_11,1,1,0,1,train:window_36,1,366771.0
3652.0,darpa_theia:n185836,darpa_theia:n220418,type_0,type_3,rel_11,1,1,0,1,train:window_36,1,366834.0
3653.0,darpa_theia:n185836,darpa_theia:n216900,type_0,type_3,rel_11,1,1,0,1,train:window_36,1,366838.0
3654.0,darpa_theia:n185836,darpa_theia:n42942,type_0,type_3,rel_11,1,1,0,1,train:window_36,1,366875.0
3655.0,darpa_theia:n185836,darpa_theia:n222922,type_0,type_3,rel_11,1,1,0,1,train:window_36,1,366908.0
3656.0,darpa_theia:n185836,darpa_theia:n214187,type_0,type_3,rel_11,1,1,0,1,train:window_36,1,366953.0
3657.0,darpa_theia:n185836,darpa_theia:n211044,type_0,type_3,rel_11,1,1,0,1,train:window_36,1,367032.0
3658.0,darpa_theia:n185836,darpa_theia:n219064,type_0,type_3,rel_11,1,1,0,1,train:window_36,1,367044.0
3659.0,darpa_theia:n185836,darpa_theia:n286260,type_0,type_3,rel_3,0,0,0,0,train:window_36,0,367059.0
3660.0,darpa_theia:n185836,darpa_theia:n226357,type_0,type_3,rel_11,1,1,0,1,train:window_36,1,367089.0
3661.0,darpa_theia:n185836,darpa_theia:n215372,type_0,type_3,rel_11,1,1,0,1,train:window_36,1,367136.0
3662.0,darpa_theia:n185836,darpa_theia:n224693,type_0,type_3,rel_11,1,1,0,1,train:window_36,1,367192.0
3663.0,darpa_theia:n185836,darpa_theia:n226347,type_0,type_3,rel_11,1,1,0,1,train:window_36,1,367206.0
3664.0,darpa_theia:n185836,darpa_theia:n208266,type_0,type_3,rel_11,1,1,0,1,train:window_36,1,367241.0
3665.0,darpa_theia:n185836,darpa_theia:n57908,type_0,type_3,rel_11,1,1,0,1,train:window_36,1,367249.0
3666.0,darpa_theia:n185836,darpa_theia:n48119,type_0,type_3,rel_11,1,1,0,1,train:window_36,1,367305.0
3667.0,darpa_theia:n185836,darpa_theia:n217919,type_0,type_3,rel_11,1,1,0,1,train:window_36,1,367343.0
3668.0,darpa_theia:n185836,darpa_theia:n213792,type_0,type_3,rel_11,1,1,0,1,train:window_36,1,367344.0
3669.0,darpa_theia:n185836,darpa_theia:n220977,type_0,type_3,rel_11,1,1,0,1,train:window_36,1,367354.0
3670.0,darpa_theia:n185836,darpa_theia:n217081,type_0,type_3,rel_11,1,1,0,1,train:window_36,1,367357.0
3671.0,darpa_theia:n185836,darpa_theia:n68396,type_0,type_3,rel_11,1,1,0,1,train:window_36,1,367361.0
3672.0,darpa_theia:n185836,darpa_theia:n213632,type_0,type_3,rel_11,1,1,0,1,train:window_36,1,367375.0
3673.0,darpa_theia:n185836,darpa_theia:n213925,type_0,type_3,rel_11,1,1,0,1,train:window_36,1,367456.0
3674.0,darpa_theia:n185836,darpa_theia:n212903,type_0,type_3,rel_11,1,1,0,1,train:window_36,1,367520.0
3675.0,darpa_theia:n185836,darpa_theia:n225150,type_0,type_3,rel_11,1,1,0,1,train:window_36,1,367522.0
3676.0,darpa_theia:n185836,darpa_theia:n216943,type_0,type_3,rel_11,1,1,0,1,train:window_36,1,367528.0
3677.0,darpa_theia:n185836,darpa_theia:n218601,type_0,type_3,rel_11,1,1,0,1,train:window_36,1,367540.0
3678.0,darpa_theia:n185836,darpa_theia:n163353,type_0,type_3,rel_11,1,1,0,1,train:window_36,1,367580.0
3679.0,darpa_theia:n185836,darpa_theia:n163389,type_0,type_3,rel_11,1,1,0,1,train:window_36,1,367598.0
3680.0,darpa_theia:n185836,darpa_theia:n163398,type_0,type_3,rel_11,1,1,0,1,train:window_36,1,367601.0
3681.0,darpa_theia:n185836,darpa_theia:n288819,type_0,type_3,rel_3,0,0,0,0,train:window_36,0,367627.0
3682.0,darpa_theia:n185836,darpa_theia:n214197,type_0,type_3,rel_11,1,1,0,1,train:window_36,1,367658.0
3683.0,darpa_theia:n185836,darpa_theia:n218482,type_0,type_3,rel_11,1,1,0,1,train:window_36,1,367663.0
3684.0,darpa_theia:n185836,darpa_theia:n288950,type_0,type_3,rel_3,0,0,0,0,train:window_36,0,367681.0
3685.0,darpa_theia:n185836,darpa_theia:n208896,type_0,type_3,rel_11,1,1,0,1,train:window_36,1,367696.0
3686.0,darpa_theia:n185836,darpa_theia:n215866,type_0,type_3,rel_11,1,1,0,1,train:window_36,1,367717.0
3687.0,darpa_theia:n185836,darpa_theia:n216112,type_0,type_3,rel_11,1,1,0,1,train:window_36,1,367721.0
3688.0,darpa_theia:n185836,darpa_theia:n288986,type_0,type_3,rel_3,0,0,0,0,train:window_36,0,367726.0
3689.0,darpa_theia:n185836,darpa_theia:n218930,type_0,type_3,rel_11,1,1,0,1,train:window_36,1,367741.0
3690.0,darpa_theia:n185836,darpa_theia:n220786,type_0,type_3,rel_11,1,1,0,1,train:window_36,1,367800.0
3691.0,darpa_theia:n185836,darpa_theia:n224735,type_0,type_3,rel_11,1,1,0,1,train:window_36,1,367812.0
3692.0,darpa_theia:n185836,darpa_theia:n77937,type_0,type_3,rel_11,1,1,0,1,train:window_36,1,367832.0
3693.0,darpa_theia:n185836,darpa_theia:n77938,type_0,type_3,rel_11,1,1,0,1,train:window_36,1,367835.0
3694.0,darpa_theia:n185836,darpa_theia:n77956,type_0,type_3,rel_11,1,1,0,1,train:window_36,1,367849.0
3695.0,darpa_theia:n185836,darpa_theia:n219855,type_0,type_3,rel_11,1,1,0,1,train:window_36,1,367892.0
3696.0,darpa_theia:n185836,darpa_theia:n226619,type_0,type_3,rel_11,1,1,0,1,train:window_36,1,367961.0
3697.0,darpa_theia:n185836,darpa_theia:n227887,type_0,type_3,rel_11,1,1,0,1,train:window_36,1,367977.0
3698.0,darpa_theia:n185836,darpa_theia:n211259,type_0,type_3,rel_11,1,1,0,1,train:window_36,1,367983.0
3699.0,darpa_theia:n185836,darpa_theia:n227301,type_0,type_3,rel_11,1,1,0,1,train:window_36,1,367989.0
3700.0,darpa_theia:n185836,darpa_theia:n289539,type_0,type_3,rel_3,0,0,0,0,train:window_36,0,368003.0
3701.0,darpa_theia:n185836,darpa_theia:n208624,type_0,type_3,rel_11,1,1,0,1,train:window_37,1,368033.0
3702.0,darpa_theia:n185836,darpa_theia:n212927,type_0,type_3,rel_11,1,1,0,1,train:window_37,1,368061.0
3703.0,darpa_theia:n185836,darpa_theia:n219948,type_0,type_3,rel_11,1,1,0,1,train:window_37,1,368115.0
3704.0,darpa_theia:n185836,darpa_theia:n224596,type_0,type_3,rel_11,1,1,0,1,train:window_37,1,368188.0
3705.0,darpa_theia:n185836,darpa_theia:n228362,type_0,type_3,rel_11,1,1,0,1,train:window_37,1,368196.0
3706.0,darpa_theia:n185836,darpa_theia:n226458,type_0,type_3,rel_11,1,1,0,1,train:window_37,1,368201.0
3707.0,darpa_theia:n185836,darpa_theia:n222843,type_0,type_3,rel_11,1,1,0,1,train:window_37,1,368244.0
3708.0,darpa_theia:n185836,darpa_theia:n210423,type_0,type_3,rel_11,1,1,0,1,train:window_37,1,368268.0
3709.0,darpa_theia:n185836,darpa_theia:n215888,type_0,type_3,rel_11,1,1,0,1,train:window_37,1,368273.0
3710.0,darpa_theia:n185836,darpa_theia:n222854,type_0,type_3,rel_11,1,1,0,1,train:window_37,1,368307.0
3711.0,darpa_theia:n185836,darpa_theia:n290410,type_0,type_3,rel_3,0,0,0,0,train:window_37,0,368315.0
3712.0,darpa_theia:n185836,darpa_theia:n224016,type_0,type_3,rel_11,1,1,0,1,train:window_37,1,368323.0
3713.0,darpa_theia:n185836,darpa_theia:n228674,type_0,type_3,rel_11,1,1,0,1,train:window_37,1,368352.0
3714.0,darpa_theia:n185836,darpa_theia:n290489,type_0,type_3,rel_3,0,0,0,0,train:window_37,0,368371.0
3715.0,darpa_theia:n185836,darpa_theia:n220150,type_0,type_3,rel_11,1,1,0,1,train:window_37,1,368384.0
3716.0,darpa_theia:n185836,darpa_theia:n290532,type_0,type_3,rel_3,0,0,0,0,train:window_37,0,368393.0
3717.0,darpa_theia:n185836,darpa_theia:n209849,type_0,type_3,rel_11,1,1,0,1,train:window_37,1,368461.0
3718.0,darpa_theia:n185836,darpa_theia:n214286,type_0,type_3,rel_11,1,1,0,1,train:window_37,1,368527.0
3719.0,darpa_theia:n185836,darpa_theia:n292105,type_0,type_3,rel_3,0,0,0,0,train:window_37,0,368558.0
3720.0,darpa_theia:n185836,darpa_theia:n221416,type_0,type_3,rel_11,1,1,0,1,train:window_37,1,368580.0
3721.0,darpa_theia:n185836,darpa_theia:n224025,type_0,type_3,rel_11,1,1,0,1,train:window_37,1,368593.0
3722.0,darpa_theia:n185836,darpa_theia:n220556,type_0,type_3,rel_11,1,1,0,1,train:window_37,1,368598.0
3723.0,darpa_theia:n185836,darpa_theia:n77863,type_0,type_3,rel_11,1,1,0,1,train:window_37,1,368703.0
3724.0,darpa_theia:n185836,darpa_theia:n296361,type_0,type_3,rel_3,0,0,0,0,train:window_37,0,368779.0
3725.0,darpa_theia:n185836,darpa_theia:n209566,type_0,type_3,rel_11,1,1,0,1,train:window_37,1,368809.0
3726.0,darpa_theia:n185836,darpa_theia:n154652,type_0,type_3,rel_11,1,1,0,1,train:window_37,1,368852.0
3727.0,darpa_theia:n185836,darpa_theia:n225874,type_0,type_3,rel_11,1,1,0,1,train:window_37,1,368901.0
3728.0,darpa_theia:n185836,darpa_theia:n215710,type_0,type_3,rel_11,1,1,0,1,train:window_37,1,368922.0
3729.0,darpa_theia:n185836,darpa_theia:n297270,type_0,type_3,rel_3,0,0,0,0,train:window_37,0,368937.0
3730.0,darpa_theia:n185836,darpa_theia:n209794,type_0,type_3,rel_11,1,1,0,1,train:window_37,1,368944.0
3731.0,darpa_theia:n185836,darpa_theia:n297316,type_0,type_3,rel_3,0,0,0,0,train:window_37,0,368948.0
3732.0,darpa_theia:n185836,darpa_theia:n225971,type_0,type_3,rel_11,1,1,0,1,train:window_37,1,368955.0
3733.0,darpa_theia:n185836,darpa_theia:n297372,type_0,type_3,rel_11,0,0,0,0,train:window_37,0,368982.0
3734.0,darpa_theia:n185836,darpa_theia:n297384,type_0,type_3,rel_3,0,0,0,0,train:window_37,0,368996.0
3735.0,darpa_theia:n185836,darpa_theia:n226905,type_0,type_3,rel_11,1,1,0,1,train:window_37,1,369049.0
3736.0,darpa_theia:n185836,darpa_theia:n214310,type_0,type_3,rel_11,1,1,0,1,train:window_37,1,369051.0
3737.0,darpa_theia:n185836,darpa_theia:n226778,type_0,type_3,rel_11,1,1,0,1,train:window_37,1,369077.0
3738.0,darpa_theia:n185836,darpa_theia:n220864,type_0,type_3,rel_11,1,1,0,1,train:window_37,1,369083.0
3739.0,darpa_theia:n185836,darpa_theia:n216950,type_0,type_3,rel_11,1,1,0,1,train:window_37,1,369130.0
3740.0,darpa_theia:n185836,darpa_theia:n298136,type_0,type_3,rel_3,0,0,0,0,train:window_37,0,369157.0
3741.0,darpa_theia:n185836,darpa_theia:n228765,type_0,type_3,rel_11,1,1,0,1,train:window_37,1,369211.0
3742.0,darpa_theia:n185836,darpa_theia:n228156,type_0,type_3,rel_11,1,1,0,1,train:window_37,1,369241.0
3743.0,darpa_theia:n185836,darpa_theia:n220538,type_0,type_3,rel_11,1,1,0,1,train:window_37,1,369243.0
3744.0,darpa_theia:n185836,darpa_theia:n214358,type_0,type_3,rel_11,1,1,0,1,train:window_37,1,369254.0
3745.0,darpa_theia:n185836,darpa_theia:n227561,type_0,type_3,rel_11,1,1,0,1,train:window_37,1,369264.0
3746.0,darpa_theia:n185836,darpa_theia:n88123,type_0,type_3,rel_11,1,1,0,1,train:window_37,1,369270.0
3747.0,darpa_theia:n185836,darpa_theia:n227141,type_0,type_3,rel_11,1,1,0,1,train:window_37,1,369275.0
3748.0,darpa_theia:n185836,darpa_theia:n226368,type_0,type_3,rel_11,1,1,0,1,train:window_37,1,369283.0
3749.0,darpa_theia:n185836,darpa_theia:n218182,type_0,type_3,rel_11,1,1,0,1,train:window_37,1,369331.0
3750.0,darpa_theia:n185836,darpa_theia:n298410,type_0,type_3,rel_3,0,0,0,0,train:window_37,0,369348.0
3751.0,darpa_theia:n185836,darpa_theia:n227583,type_0,type_3,rel_11,1,1,0,1,train:window_37,1,369380.0
3752.0,darpa_theia:n185836,darpa_theia:n214852,type_0,type_3,rel_11,1,1,0,1,train:window_37,1,369437.0
3753.0,darpa_theia:n185836,darpa_theia:n208856,type_0,type_3,rel_11,1,1,0,1,train:window_37,1,369454.0
3754.0,darpa_theia:n185836,darpa_theia:n228026,type_0,type_3,rel_11,1,1,0,1,train:window_37,1,369467.0
3755.0,darpa_theia:n185836,darpa_theia:n224629,type_0,type_3,rel_11,1,1,0,1,train:window_37,1,369480.0
3756.0,darpa_theia:n185836,darpa_theia:n223869,type_0,type_3,rel_11,1,1,0,1,train:window_37,1,369481.0
3757.0,darpa_theia:n185836,darpa_theia:n219991,type_0,type_3,rel_11,1,1,0,1,train:window_37,1,369553.0
3758.0,darpa_theia:n185836,darpa_theia:n128901,type_0,type_3,rel_11,1,1,0,1,train:window_37,1,369562.0
3759.0,darpa_theia:n185836,darpa_theia:n209024,type_0,type_3,rel_11,1,1,0,1,train:window_37,1,369593.0
3760.0,darpa_theia:n185836,darpa_theia:n227175,type_0,type_3,rel_11,1,1,0,1,train:window_37,1,369605.0
3761.0,darpa_theia:n185836,darpa_theia:n218849,type_0,type_3,rel_11,1,1,0,1,train:window_37,1,369622.0
3762.0,darpa_theia:n185836,darpa_theia:n224070,type_0,type_3,rel_11,1,1,0,1,train:window_37,1,369627.0
3763.0,darpa_theia:n185836,darpa_theia:n222087,type_0,type_3,rel_11,1,1,0,1,train:window_37,1,369659.0
3764.0,darpa_theia:n185836,darpa_theia:n217659,type_0,type_3,rel_11,1,1,0,1,train:window_37,1,369667.0
3765.0,darpa_theia:n185836,darpa_theia:n302424,type_0,type_3,rel_3,0,0,0,0,train:window_37,0,369686.0
3766.0,darpa_theia:n185836,darpa_theia:n227651,type_0,type_3,rel_11,1,1,0,1,train:window_37,1,369709.0
3767.0,darpa_theia:n185836,darpa_theia:n222897,type_0,type_3,rel_11,1,1,0,1,train:window_37,1,369802.0
3768.0,darpa_theia:n185836,darpa_theia:n222787,type_0,type_3,rel_11,1,1,0,1,train:window_37,1,369804.0
3769.0,darpa_theia:n185836,darpa_theia:n212070,type_0,type_3,rel_11,1,1,0,1,train:window_37,1,369816.0
3770.0,darpa_theia:n185836,darpa_theia:n213539,type_0,type_3,rel_11,1,1,0,1,train:window_37,1,369820.0
3771.0,darpa_theia:n185836,darpa_theia:n217151,type_0,type_3,rel_11,1,1,0,1,train:window_37,1,369838.0
3772.0,darpa_theia:n185836,darpa_theia:n227395,type_0,type_3,rel_11,1,1,0,1,train:window_37,1,369854.0
3773.0,darpa_theia:n185836,darpa_theia:n226243,type_0,type_3,rel_11,1,1,0,1,train:window_37,1,369856.0
3774.0,darpa_theia:n185836,darpa_theia:n226379,type_0,type_3,rel_11,1,1,0,1,train:window_37,1,369906.0
3775.0,darpa_theia:n185836,darpa_theia:n211912,type_0,type_3,rel_11,1,1,0,1,train:window_37,1,369927.0
3776.0,darpa_theia:n185836,darpa_theia:n215699,type_0,type_3,rel_11,1,1,0,1,train:window_37,1,369952.0
3777.0,darpa_theia:n185836,darpa_theia:n223440,type_0,type_3,rel_11,1,1,0,1,train:window_37,1,369979.0
3778.0,darpa_theia:n185836,darpa_theia:n221955,type_0,type_3,rel_11,1,1,0,1,train:window_37,1,370033.0
3779.0,darpa_theia:n185836,darpa_theia:n303207,type_0,type_3,rel_3,0,0,0,0,train:window_37,0,370040.0
3780.0,darpa_theia:n185836,darpa_theia:n213269,type_0,type_3,rel_11,1,1,0,1,train:window_37,1,370050.0
3781.0,darpa_theia:n185836,darpa_theia:n63360,type_0,type_3,rel_11,1,1,0,1,train:window_37,1,370074.0
3782.0,darpa_theia:n185836,darpa_theia:n222841,type_0,type_3,rel_11,1,1,0,1,train:window_37,1,370077.0
3783.0,darpa_theia:n185836,darpa_theia:n222455,type_0,type_3,rel_11,1,1,0,1,train:window_37,1,370102.0
3784.0,darpa_theia:n185836,darpa_theia:n215073,type_0,type_3,rel_11,1,1,0,1,train:window_37,1,370112.0
3785.0,darpa_theia:n185836,darpa_theia:n304557,type_0,type_3,rel_3,0,0,0,0,train:window_37,0,370195.0
3786.0,darpa_theia:n185836,darpa_theia:n52906,type_0,type_3,rel_11,1,1,0,1,train:window_37,1,370227.0
3787.0,darpa_theia:n185836,darpa_theia:n52915,type_0,type_3,rel_11,1,1,0,1,train:window_37,1,370230.0
3788.0,darpa_theia:n185836,darpa_theia:n226555,type_0,type_3,rel_11,1,1,0,1,train:window_37,1,370267.0
3789.0,darpa_theia:n185836,darpa_theia:n184824,type_0,type_3,rel_11,1,1,0,1,train:window_37,1,370276.0
3790.0,darpa_theia:n185836,darpa_theia:n68312,type_0,type_3,rel_11,1,1,0,1,train:window_37,1,370290.0
3791.0,darpa_theia:n185836,darpa_theia:n68325,type_0,type_3,rel_11,1,1,0,1,train:window_37,1,370298.0
3792.0,darpa_theia:n185836,darpa_theia:n68326,type_0,type_3,rel_11,1,1,0,1,train:window_37,1,370301.0
3793.0,darpa_theia:n185836,darpa_theia:n184853,type_0,type_3,rel_11,1,1,0,1,train:window_37,1,370305.0
3794.0,darpa_theia:n185836,darpa_theia:n128197,type_0,type_3,rel_11,1,1,0,1,train:window_37,1,370357.0
3795.0,darpa_theia:n185836,darpa_theia:n210903,type_0,type_3,rel_11,1,1,0,1,train:window_37,1,370374.0
3796.0,darpa_theia:n185836,darpa_theia:n211828,type_0,type_3,rel_11,1,1,0,1,train:window_37,1,370386.0
3797.0,darpa_theia:n185836,darpa_theia:n68436,type_0,type_3,rel_11,1,1,0,1,train:window_37,1,370394.0
3798.0,darpa_theia:n185836,darpa_theia:n221524,type_0,type_3,rel_11,1,1,0,1,train:window_37,1,370409.0
3799.0,darpa_theia:n185836,darpa_theia:n215563,type_0,type_3,rel_11,1,1,0,1,train:window_37,1,370451.0
3800.0,darpa_theia:n185836,darpa_theia:n209148,type_0,type_3,rel_11,1,1,0,1,train:window_37,1,370532.0
3801.0,darpa_theia:n185836,darpa_theia:n306323,type_0,type_3,rel_3,0,0,0,0,train:window_38,0,370587.0
3802.0,darpa_theia:n185836,darpa_theia:n225157,type_0,type_3,rel_11,1,1,0,1,train:window_38,1,370608.0
3803.0,darpa_theia:n185836,darpa_theia:n220528,type_0,type_3,rel_11,1,1,0,1,train:window_38,1,370617.0
3804.0,darpa_theia:n185836,darpa_theia:n218367,type_0,type_3,rel_11,1,1,0,1,train:window_38,1,370653.0
3805.0,darpa_theia:n185836,darpa_theia:n218922,type_0,type_3,rel_11,1,1,0,1,train:window_38,1,370670.0
3806.0,darpa_theia:n185836,darpa_theia:n219117,type_0,type_3,rel_11,1,1,0,1,train:window_38,1,370679.0
3807.0,darpa_theia:n185836,darpa_theia:n228756,type_0,type_3,rel_11,1,1,0,1,train:window_38,1,370697.0
3808.0,darpa_theia:n185836,darpa_theia:n223673,type_0,type_3,rel_11,1,1,0,1,train:window_38,1,370730.0
3809.0,darpa_theia:n185836,darpa_theia:n214783,type_0,type_3,rel_11,1,1,0,1,train:window_38,1,370810.0
3810.0,darpa_theia:n185836,darpa_theia:n210917,type_0,type_3,rel_11,1,1,0,1,train:window_38,1,370887.0
3811.0,darpa_theia:n185836,darpa_theia:n111210,type_0,type_3,rel_11,1,1,0,1,train:window_38,1,370965.0
3812.0,darpa_theia:n185836,darpa_theia:n211543,type_0,type_3,rel_11,1,1,0,1,train:window_38,1,370977.0
3813.0,darpa_theia:n185836,darpa_theia:n208740,type_0,type_3,rel_11,1,1,0,1,train:window_38,1,371012.0
3814.0,darpa_theia:n185836,darpa_theia:n221282,type_0,type_3,rel_11,1,1,0,1,train:window_38,1,371040.0
3815.0,darpa_theia:n185836,darpa_theia:n217593,type_0,type_3,rel_11,1,1,0,1,train:window_38,1,371065.0
3816.0,darpa_theia:n185836,darpa_theia:n217879,type_0,type_3,rel_11,1,1,0,1,train:window_38,1,371071.0
3817.0,darpa_theia:n185836,darpa_theia:n219505,type_0,type_3,rel_11,1,1,0,1,train:window_38,1,371075.0
3818.0,darpa_theia:n185836,darpa_theia:n222582,type_0,type_3,rel_11,1,1,0,1,train:window_38,1,371081.0
3819.0,darpa_theia:n185836,darpa_theia:n224360,type_0,type_3,rel_11,1,1,0,1,train:window_38,1,371087.0
3820.0,darpa_theia:n185836,darpa_theia:n328734,type_0,type_3,rel_3,0,0,0,0,train:window_38,0,371193.0
3821.0,darpa_theia:n185836,darpa_theia:n212269,type_0,type_3,rel_11,1,1,0,1,train:window_38,1,371207.0
3822.0,darpa_theia:n185836,darpa_theia:n210816,type_0,type_3,rel_11,1,1,0,1,train:window_38,1,371210.0
3823.0,darpa_theia:n185836,darpa_theia:n227570,type_0,type_3,rel_11,1,1,0,1,train:window_38,1,371241.0
3824.0,darpa_theia:n185836,darpa_theia:n228749,type_0,type_3,rel_11,1,1,0,1,train:window_38,1,371243.0
3825.0,darpa_theia:n185836,darpa_theia:n219976,type_0,type_3,rel_11,1,1,0,1,train:window_38,1,371274.0
3826.0,darpa_theia:n185836,darpa_theia:n214256,type_0,type_3,rel_11,1,1,0,1,train:window_38,1,371297.0
3827.0,darpa_theia:n185836,darpa_theia:n217518,type_0,type_3,rel_11,1,1,0,1,train:window_38,1,371321.0
3828.0,darpa_theia:n185836,darpa_theia:n329455,type_0,type_3,rel_3,0,0,0,0,train:window_38,0,371365.0
3829.0,darpa_theia:n185836,darpa_theia:n208368,type_0,type_3,rel_11,1,1,0,1,train:window_38,1,371385.0
3830.0,darpa_theia:n185836,darpa_theia:n214509,type_0,type_3,rel_11,1,1,0,1,train:window_38,1,371394.0
3831.0,darpa_theia:n185836,darpa_theia:n225001,type_0,type_3,rel_11,1,1,0,1,train:window_38,1,371489.0
3832.0,darpa_theia:n185836,darpa_theia:n213196,type_0,type_3,rel_11,1,1,0,1,train:window_38,1,371499.0
3833.0,darpa_theia:n185836,darpa_theia:n212345,type_0,type_3,rel_11,1,1,0,1,train:window_38,1,371515.0
3834.0,darpa_theia:n185836,darpa_theia:n329640,type_0,type_3,rel_3,0,0,0,0,train:window_38,0,371550.0
3835.0,darpa_theia:n185836,darpa_theia:n214506,type_0,type_3,rel_11,1,1,0,1,train:window_38,1,371556.0
3836.0,darpa_theia:n185836,darpa_theia:n85502,type_0,type_3,rel_11,1,1,0,1,train:window_38,1,371656.0
3837.0,darpa_theia:n185836,darpa_theia:n218221,type_0,type_3,rel_11,1,1,0,1,train:window_38,1,371674.0
3838.0,darpa_theia:n185836,darpa_theia:n211118,type_0,type_3,rel_11,1,1,0,1,train:window_38,1,371676.0
3839.0,darpa_theia:n185836,darpa_theia:n215135,type_0,type_3,rel_11,1,1,0,1,train:window_38,1,371683.0
3840.0,darpa_theia:n185836,darpa_theia:n225718,type_0,type_3,rel_11,1,1,0,1,train:window_38,1,371691.0
3841.0,darpa_theia:n185836,darpa_theia:n207976,type_0,type_3,rel_11,1,1,0,1,train:window_38,1,371727.0
3842.0,darpa_theia:n185836,darpa_theia:n227948,type_0,type_3,rel_11,1,1,0,1,train:window_38,1,371740.0
3843.0,darpa_theia:n185836,darpa_theia:n224369,type_0,type_3,rel_11,1,1,0,1,train:window_38,1,371761.0
3844.0,darpa_theia:n185836,darpa_theia:n222217,type_0,type_3,rel_11,1,1,0,1,train:window_38,1,371794.0
3845.0,darpa_theia:n185836,darpa_theia:n209373,type_0,type_3,rel_11,1,1,0,1,train:window_38,1,371815.0
3846.0,darpa_theia:n185836,darpa_theia:n331333,type_0,type_3,rel_3,0,0,0,0,train:window_38,0,371821.0
3847.0,darpa_theia:n185836,darpa_theia:n227253,type_0,type_3,rel_11,1,1,0,1,train:window_38,1,371827.0
3848.0,darpa_theia:n185836,darpa_theia:n213353,type_0,type_3,rel_11,1,1,0,1,train:window_38,1,371834.0
3849.0,darpa_theia:n185836,darpa_theia:n209000,type_0,type_3,rel_11,1,1,0,1,train:window_38,1,371837.0
3850.0,darpa_theia:n185836,darpa_theia:n210219,type_0,type_3,rel_11,1,1,0,1,train:window_38,1,371872.0
3851.0,darpa_theia:n185836,darpa_theia:n223619,type_0,type_3,rel_11,1,1,0,1,train:window_38,1,371875.0
3852.0,darpa_theia:n185836,darpa_theia:n222439,type_0,type_3,rel_11,1,1,0,1,train:window_38,1,371891.0
3853.0,darpa_theia:n185836,darpa_theia:n215673,type_0,type_3,rel_11,1,1,0,1,train:window_38,1,371892.0
3854.0,darpa_theia:n185836,darpa_theia:n217595,type_0,type_3,rel_11,1,1,0,1,train:window_38,1,371925.0
3855.0,darpa_theia:n185836,darpa_theia:n103512,type_0,type_3,rel_11,1,1,0,1,train:window_38,1,371928.0
3856.0,darpa_theia:n185836,darpa_theia:n221918,type_0,type_3,rel_11,1,1,0,1,train:window_38,1,371950.0
3857.0,darpa_theia:n185836,darpa_theia:n211035,type_0,type_3,rel_11,1,1,0,1,train:window_38,1,371966.0
3858.0,darpa_theia:n185836,darpa_theia:n222461,type_0,type_3,rel_11,1,1,0,1,train:window_38,1,371984.0
3859.0,darpa_theia:n185836,darpa_theia:n220666,type_0,type_3,rel_11,1,1,0,1,train:window_38,1,372002.0
3860.0,darpa_theia:n185836,darpa_theia:n209441,type_0,type_3,rel_11,1,1,0,1,train:window_38,1,372009.0
3861.0,darpa_theia:n185836,darpa_theia:n217814,type_0,type_3,rel_11,1,1,0,1,train:window_38,1,372030.0
3862.0,darpa_theia:n185836,darpa_theia:n215815,type_0,type_3,rel_11,1,1,0,1,train:window_38,1,372034.0
3863.0,darpa_theia:n185836,darpa_theia:n103693,type_0,type_3,rel_11,0,0,0,0,train:window_38,0,372037.0
3864.0,darpa_theia:n185836,darpa_theia:n332287,type_0,type_3,rel_3,0,0,0,0,train:window_38,0,372054.0
3865.0,darpa_theia:n185836,darpa_theia:n182405,type_0,type_3,rel_11,1,1,0,1,train:window_38,1,372089.0
3866.0,darpa_theia:n185836,darpa_theia:n182415,type_0,type_3,rel_11,1,1,0,1,train:window_38,1,372092.0
3867.0,darpa_theia:n185836,darpa_theia:n182424,type_0,type_3,rel_11,1,1,0,1,train:window_38,1,372099.0
3868.0,darpa_theia:n185836,darpa_theia:n209768,type_0,type_3,rel_11,1,1,0,1,train:window_38,1,372155.0
3869.0,darpa_theia:n185836,darpa_theia:n223335,type_0,type_3,rel_11,1,1,0,1,train:window_38,1,372159.0
3870.0,darpa_theia:n185836,darpa_theia:n332371,type_0,type_3,rel_3,0,0,0,0,train:window_38,0,372168.0
3871.0,darpa_theia:n185836,darpa_theia:n215675,type_0,type_3,rel_11,1,1,0,1,train:window_38,1,372194.0
3872.0,darpa_theia:n185836,darpa_theia:n221843,type_0,type_3,rel_11,1,1,0,1,train:window_38,1,372203.0
3873.0,darpa_theia:n185836,darpa_theia:n182612,type_0,type_3,rel_11,1,1,0,1,train:window_38,1,372213.0
3874.0,darpa_theia:n185836,darpa_theia:n209754,type_0,type_3,rel_11,1,1,0,1,train:window_38,1,372234.0
3875.0,darpa_theia:n185836,darpa_theia:n332454,type_0,type_3,rel_3,0,0,0,0,train:window_38,0,372238.0
3876.0,darpa_theia:n185836,darpa_theia:n221205,type_0,type_3,rel_11,1,1,0,1,train:window_38,1,372247.0
3877.0,darpa_theia:n185836,darpa_theia:n218337,type_0,type_3,rel_11,1,1,0,1,train:window_38,1,372248.0
3878.0,darpa_theia:n185836,darpa_theia:n50991,type_0,type_3,rel_11,1,1,0,1,train:window_38,1,372255.0
3879.0,darpa_theia:n185836,darpa_theia:n103570,type_0,type_3,rel_11,1,1,0,1,train:window_38,1,372259.0
3880.0,darpa_theia:n185836,darpa_theia:n90615,type_0,type_3,rel_11,1,1,0,1,train:window_38,1,372326.0
3881.0,darpa_theia:n185836,darpa_theia:n90661,type_0,type_3,rel_11,1,1,0,1,train:window_38,1,372342.0
3882.0,darpa_theia:n185836,darpa_theia:n218842,type_0,type_3,rel_11,1,1,0,1,train:window_38,1,372363.0
3883.0,darpa_theia:n185836,darpa_theia:n226745,type_0,type_3,rel_11,1,1,0,1,train:window_38,1,372393.0
3884.0,darpa_theia:n185836,darpa_theia:n66346,type_0,type_3,rel_11,1,1,0,1,train:window_38,1,372428.0
3885.0,darpa_theia:n185836,darpa_theia:n66349,type_0,type_3,rel_11,1,1,0,1,train:window_38,1,372429.0
3886.0,darpa_theia:n185836,darpa_theia:n53254,type_0,type_3,rel_11,1,1,0,1,train:window_38,1,372487.0
3887.0,darpa_theia:n185836,darpa_theia:n333401,type_0,type_3,rel_3,0,0,0,0,train:window_38,0,372494.0
3888.0,darpa_theia:n185836,darpa_theia:n208575,type_0,type_3,rel_11,1,1,0,1,train:window_38,1,372499.0
3889.0,darpa_theia:n185836,darpa_theia:n219389,type_0,type_3,rel_11,1,1,0,1,train:window_38,1,372516.0
3890.0,darpa_theia:n185836,darpa_theia:n333601,type_0,type_3,rel_3,0,0,0,0,train:window_38,0,372518.0
3891.0,darpa_theia:n185836,darpa_theia:n215412,type_0,type_3,rel_11,1,1,0,1,train:window_38,1,372521.0
3892.0,darpa_theia:n185836,darpa_theia:n214337,type_0,type_3,rel_11,1,1,0,1,train:window_38,1,372534.0
3893.0,darpa_theia:n185836,darpa_theia:n222812,type_0,type_3,rel_11,1,1,0,1,train:window_38,1,372543.0
3894.0,darpa_theia:n185836,darpa_theia:n216305,type_0,type_3,rel_11,1,1,0,1,train:window_38,1,372568.0
3895.0,darpa_theia:n185836,darpa_theia:n226245,type_0,type_3,rel_11,1,1,0,1,train:window_38,1,372569.0
3896.0,darpa_theia:n185836,darpa_theia:n216303,type_0,type_3,rel_11,1,1,0,1,train:window_38,1,372570.0
3897.0,darpa_theia:n185836,darpa_theia:n333645,type_0,type_3,rel_3,0,0,0,0,train:window_38,0,372575.0
3898.0,darpa_theia:n185836,darpa_theia:n217443,type_0,type_3,rel_11,1,1,0,1,train:window_38,1,372578.0
3899.0,darpa_theia:n185836,darpa_theia:n218610,type_0,type_3,rel_11,1,1,0,1,train:window_38,1,372611.0
3900.0,darpa_theia:n185836,darpa_theia:n210585,type_0,type_3,rel_11,1,1,0,1,train:window_38,1,372676.0
3901.0,darpa_theia:n185836,darpa_theia:n216591,type_0,type_3,rel_11,1,1,0,1,train:window_39,1,372740.0
3902.0,darpa_theia:n185836,darpa_theia:n207989,type_0,type_3,rel_11,1,1,0,1,train:window_39,1,372744.0
3903.0,darpa_theia:n185836,darpa_theia:n209790,type_0,type_3,rel_11,1,1,0,1,train:window_39,1,372769.0
3904.0,darpa_theia:n185836,darpa_theia:n222592,type_0,type_3,rel_11,1,1,0,1,train:window_39,1,372796.0
3905.0,darpa_theia:n185836,darpa_theia:n210013,type_0,type_3,rel_11,1,1,0,1,train:window_39,1,372819.0
3906.0,darpa_theia:n185836,darpa_theia:n215435,type_0,type_3,rel_11,1,1,0,1,train:window_39,1,372835.0
3907.0,darpa_theia:n185836,darpa_theia:n335243,type_0,type_3,rel_3,0,0,0,0,train:window_39,0,372869.0
3908.0,darpa_theia:n185836,darpa_theia:n213231,type_0,type_3,rel_11,1,1,0,1,train:window_39,1,372904.0
3909.0,darpa_theia:n185836,darpa_theia:n215854,type_0,type_3,rel_11,1,1,0,1,train:window_39,1,372916.0
3910.0,darpa_theia:n185836,darpa_theia:n208762,type_0,type_3,rel_11,1,1,0,1,train:window_39,1,372944.0
3911.0,darpa_theia:n185836,darpa_theia:n103767,type_0,type_3,rel_11,1,1,0,1,train:window_39,1,372949.0
3912.0,darpa_theia:n185836,darpa_theia:n223891,type_0,type_3,rel_11,1,1,0,1,train:window_39,1,372958.0
3913.0,darpa_theia:n185836,darpa_theia:n222380,type_0,type_3,rel_11,1,1,0,1,train:window_39,1,372961.0
3914.0,darpa_theia:n185836,darpa_theia:n220321,type_0,type_3,rel_11,1,1,0,1,train:window_39,1,372999.0
3915.0,darpa_theia:n185836,darpa_theia:n128925,type_0,type_3,rel_11,1,1,0,1,train:window_39,1,373043.0
3916.0,darpa_theia:n185836,darpa_theia:n77630,type_0,type_3,rel_11,1,1,0,1,train:window_39,1,373045.0
3917.0,darpa_theia:n185836,darpa_theia:n217516,type_0,type_3,rel_11,1,1,0,1,train:window_39,1,373049.0
3918.0,darpa_theia:n185836,darpa_theia:n210668,type_0,type_3,rel_11,1,1,0,1,train:window_39,1,373054.0
3919.0,darpa_theia:n185836,darpa_theia:n210137,type_0,type_3,rel_11,1,1,0,1,train:window_39,1,373059.0
3920.0,darpa_theia:n185836,darpa_theia:n209727,type_0,type_3,rel_11,1,1,0,1,train:window_39,1,373067.0
3921.0,darpa_theia:n185836,darpa_theia:n226435,type_0,type_3,rel_11,1,1,0,1,train:window_39,1,373074.0
3922.0,darpa_theia:n185836,darpa_theia:n221112,type_0,type_3,rel_11,1,1,0,1,train:window_39,1,373088.0
3923.0,darpa_theia:n185836,darpa_theia:n214906,type_0,type_3,rel_11,1,1,0,1,train:window_39,1,373095.0
3924.0,darpa_theia:n185836,darpa_theia:n221570,type_0,type_3,rel_11,1,1,0,1,train:window_39,1,373145.0
3925.0,darpa_theia:n185836,darpa_theia:n335797,type_0,type_3,rel_3,0,0,0,0,train:window_39,0,373161.0
3926.0,darpa_theia:n185836,darpa_theia:n220841,type_0,type_3,rel_11,1,1,0,1,train:window_39,1,373165.0
3927.0,darpa_theia:n185836,darpa_theia:n228640,type_0,type_3,rel_11,1,1,0,1,train:window_39,1,373174.0
3928.0,darpa_theia:n185836,darpa_theia:n213537,type_0,type_3,rel_11,1,1,0,1,train:window_39,1,373191.0
3929.0,darpa_theia:n185836,darpa_theia:n218622,type_0,type_3,rel_11,1,1,0,1,train:window_39,1,373196.0
3930.0,darpa_theia:n185836,darpa_theia:n68160,type_0,type_3,rel_11,1,1,0,1,train:window_39,1,373207.0
3931.0,darpa_theia:n185836,darpa_theia:n225873,type_0,type_3,rel_11,1,1,0,1,train:window_39,1,373288.0
3932.0,darpa_theia:n185836,darpa_theia:n225502,type_0,type_3,rel_11,1,1,0,1,train:window_39,1,373290.0
3933.0,darpa_theia:n185836,darpa_theia:n216459,type_0,type_3,rel_11,1,1,0,1,train:window_39,1,373296.0
3934.0,darpa_theia:n185836,darpa_theia:n212152,type_0,type_3,rel_11,1,1,0,1,train:window_39,1,373318.0
3935.0,darpa_theia:n185836,darpa_theia:n212568,type_0,type_3,rel_11,1,1,0,1,train:window_39,1,373351.0
3936.0,darpa_theia:n185836,darpa_theia:n155668,type_0,type_3,rel_11,1,1,0,1,train:window_39,1,373422.0
3937.0,darpa_theia:n185836,darpa_theia:n211266,type_0,type_3,rel_11,1,1,0,1,train:window_39,1,373451.0
3938.0,darpa_theia:n185836,darpa_theia:n216472,type_0,type_3,rel_11,1,1,0,1,train:window_39,1,373464.0
3939.0,darpa_theia:n185836,darpa_theia:n209116,type_0,type_3,rel_11,1,1,0,1,train:window_39,1,373511.0
3940.0,darpa_theia:n185836,darpa_theia:n215917,type_0,type_3,rel_11,1,1,0,1,train:window_39,1,373522.0
3941.0,darpa_theia:n185836,darpa_theia:n225021,type_0,type_3,rel_11,1,1,0,1,train:window_39,1,373546.0
3942.0,darpa_theia:n185836,darpa_theia:n217629,type_0,type_3,rel_11,1,1,0,1,train:window_39,1,373582.0
3943.0,darpa_theia:n185836,darpa_theia:n228472,type_0,type_3,rel_11,1,1,0,1,train:window_39,1,373594.0
3944.0,darpa_theia:n185836,darpa_theia:n213938,type_0,type_3,rel_11,1,1,0,1,train:window_39,1,373640.0
3945.0,darpa_theia:n185836,darpa_theia:n220067,type_0,type_3,rel_11,1,1,0,1,train:window_39,1,373687.0
3946.0,darpa_theia:n185836,darpa_theia:n223803,type_0,type_3,rel_11,1,1,0,1,train:window_39,1,373706.0
3947.0,darpa_theia:n185836,darpa_theia:n218394,type_0,type_3,rel_11,1,1,0,1,train:window_39,1,373722.0
3948.0,darpa_theia:n185836,darpa_theia:n225630,type_0,type_3,rel_11,1,1,0,1,train:window_39,1,373776.0
3949.0,darpa_theia:n185836,darpa_theia:n227442,type_0,type_3,rel_11,1,1,0,1,train:window_39,1,373825.0
3950.0,darpa_theia:n185836,darpa_theia:n90336,type_0,type_3,rel_11,1,1,0,1,train:window_39,1,373898.0
3951.0,darpa_theia:n185836,darpa_theia:n214065,type_0,type_3,rel_11,1,1,0,1,train:window_39,1,373946.0
3952.0,darpa_theia:n185836,darpa_theia:n208506,type_0,type_3,rel_11,1,1,0,1,train:window_39,1,373972.0
3953.0,darpa_theia:n185836,darpa_theia:n228425,type_0,type_3,rel_11,1,1,0,1,train:window_39,1,373991.0
3954.0,darpa_theia:n185836,darpa_theia:n340247,type_0,type_3,rel_3,0,0,0,0,train:window_39,0,374002.0
3955.0,darpa_theia:n185836,darpa_theia:n96386,type_0,type_3,rel_11,1,1,0,1,train:window_39,1,374013.0
3956.0,darpa_theia:n185836,darpa_theia:n96391,type_0,type_3,rel_11,1,1,0,1,train:window_39,1,374015.0
3957.0,darpa_theia:n185836,darpa_theia:n221134,type_0,type_3,rel_11,1,1,0,1,train:window_39,1,374048.0
3958.0,darpa_theia:n185836,darpa_theia:n227563,type_0,type_3,rel_11,1,1,0,1,train:window_39,1,374054.0
3959.0,darpa_theia:n185836,darpa_theia:n223390,type_0,type_3,rel_11,1,1,0,1,train:window_39,1,374069.0
3960.0,darpa_theia:n185836,darpa_theia:n214174,type_0,type_3,rel_11,1,1,0,1,train:window_39,1,374143.0
3961.0,darpa_theia:n185836,darpa_theia:n212078,type_0,type_3,rel_11,1,1,0,1,train:window_39,1,374144.0
3962.0,darpa_theia:n185836,darpa_theia:n225307,type_0,type_3,rel_11,1,1,0,1,train:window_39,1,374145.0
3963.0,darpa_theia:n185836,darpa_theia:n213650,type_0,type_3,rel_11,1,1,0,1,train:window_39,1,374181.0
3964.0,darpa_theia:n185836,darpa_theia:n341134,type_0,type_3,rel_3,0,0,0,0,train:window_39,0,374225.0
3965.0,darpa_theia:n185836,darpa_theia:n209041,type_0,type_3,rel_11,1,1,0,1,train:window_39,1,374252.0
3966.0,darpa_theia:n185836,darpa_theia:n223913,type_0,type_3,rel_11,1,1,0,1,train:window_39,1,374253.0
3967.0,darpa_theia:n185836,darpa_theia:n220429,type_0,type_3,rel_11,1,1,0,1,train:window_39,1,374286.0
3968.0,darpa_theia:n185836,darpa_theia:n227985,type_0,type_3,rel_11,1,1,0,1,train:window_39,1,374295.0
3969.0,darpa_theia:n185836,darpa_theia:n210483,type_0,type_3,rel_11,1,1,0,1,train:window_39,1,374297.0
3970.0,darpa_theia:n185836,darpa_theia:n228215,type_0,type_3,rel_11,1,1,0,1,train:window_39,1,374299.0
3971.0,darpa_theia:n185836,darpa_theia:n219512,type_0,type_3,rel_11,1,1,0,1,train:window_39,1,374307.0
3972.0,darpa_theia:n185836,darpa_theia:n214658,type_0,type_3,rel_11,1,1,0,1,train:window_39,1,374309.0
3973.0,darpa_theia:n185836,darpa_theia:n341204,type_0,type_3,rel_3,0,0,0,0,train:window_39,0,374311.0
3974.0,darpa_theia:n185836,darpa_theia:n226603,type_0,type_3,rel_11,1,1,0,1,train:window_39,1,374346.0
3975.0,darpa_theia:n185836,darpa_theia:n341372,type_0,type_3,rel_3,0,0,0,0,train:window_39,0,374417.0
3976.0,darpa_theia:n185836,darpa_theia:n214680,type_0,type_3,rel_11,1,1,0,1,train:window_39,1,374433.0
3977.0,darpa_theia:n185836,darpa_theia:n225419,type_0,type_3,rel_11,1,1,0,1,train:window_39,1,374446.0
3978.0,darpa_theia:n185836,darpa_theia:n222984,type_0,type_3,rel_11,1,1,0,1,train:window_39,1,374479.0
3979.0,darpa_theia:n185836,darpa_theia:n136003,type_0,type_3,rel_11,1,1,0,1,train:window_39,1,374492.0
3980.0,darpa_theia:n185836,darpa_theia:n228134,type_0,type_3,rel_11,1,1,0,1,train:window_39,1,374533.0
3981.0,darpa_theia:n185836,darpa_theia:n169732,type_0,type_3,rel_11,1,1,0,1,train:window_39,1,374547.0
3982.0,darpa_theia:n185836,darpa_theia:n343143,type_0,type_3,rel_3,0,0,0,0,train:window_39,0,374553.0
3983.0,darpa_theia:n185836,darpa_theia:n343147,type_0,type_3,rel_3,0,0,0,0,train:window_39,0,374560.0
3984.0,darpa_theia:n185836,darpa_theia:n226739,type_0,type_3,rel_11,1,1,0,1,train:window_39,1,374588.0
3985.0,darpa_theia:n185836,darpa_theia:n211569,type_0,type_3,rel_11,1,1,0,1,train:window_39,1,374593.0
3986.0,darpa_theia:n185836,darpa_theia:n213592,type_0,type_3,rel_11,1,1,0,1,train:window_39,1,374603.0
3987.0,darpa_theia:n185836,darpa_theia:n214532,type_0,type_3,rel_11,1,1,0,1,train:window_39,1,374661.0
3988.0,darpa_theia:n185836,darpa_theia:n219622,type_0,type_3,rel_11,1,1,0,1,train:window_39,1,374664.0
3989.0,darpa_theia:n185836,darpa_theia:n215428,type_0,type_3,rel_11,1,1,0,1,train:window_39,1,374679.0
3990.0,darpa_theia:n185836,darpa_theia:n226073,type_0,type_3,rel_11,1,1,0,1,train:window_39,1,374787.0
3991.0,darpa_theia:n185836,darpa_theia:n228864,type_0,type_3,rel_11,1,1,0,1,train:window_39,1,374806.0
3992.0,darpa_theia:n185836,darpa_theia:n211287,type_0,type_3,rel_11,1,1,0,1,train:window_39,1,374825.0
3993.0,darpa_theia:n185905,darpa_theia:n185930,type_0,type_2,rel_2,0,0,0,0,train:window_39,0,374948.0
3994.0,darpa_theia:n186061,darpa_theia:n185448,type_0,type_1,rel_0,0,0,0,0,train:window_39,0,375117.0
3995.0,darpa_theia:n186061,darpa_theia:n190409,type_0,type_1,rel_0,0,0,0,0,train:window_39,0,375275.0
3996.0,darpa_theia:n186061,darpa_theia:n182535,type_0,type_1,rel_0,0,0,0,0,train:window_39,0,375790.0
3997.0,darpa_theia:n186061,darpa_theia:n201409,type_0,type_1,rel_0,0,0,0,0,train:window_39,0,375830.0
3998.0,darpa_theia:n186061,darpa_theia:n202397,type_0,type_1,rel_0,0,0,0,0,train:window_39,0,375942.0
3999.0,darpa_theia:n186061,darpa_theia:n202609,type_0,type_1,rel_0,0,0,0,0,train:window_39,0,375953.0
4000.0,darpa_theia:n186061,darpa_theia:n206220,type_0,type_1,rel_0,0,0,0,0,train:window_39,0,376347.0
4001.0,darpa_theia:n186061,darpa_theia:n155013,type_0,type_1,rel_0,0,0,0,0,validation:window_0,0,376918.0
4002.0,darpa_theia:n186061,darpa_theia:n288101,type_0,type_1,rel_0,0,0,0,0,validation:window_0,0,377082.0
4003.0,darpa_theia:n186061,darpa_theia:n288172,type_0,type_1,rel_0,0,0,0,0,validation:window_0,0,377102.0
4004.0,darpa_theia:n186061,darpa_theia:n289132,type_0,type_1,rel_0,0,0,0,0,validation:window_0,0,377282.0
4005.0,darpa_theia:n186061,darpa_theia:n290073,type_0,type_1,rel_0,0,0,0,0,validation:window_0,0,377401.0
4006.0,darpa_theia:n186061,darpa_theia:n290517,type_0,type_1,rel_0,0,0,0,0,validation:window_0,0,377499.0
4007.0,darpa_theia:n186061,darpa_theia:n290582,type_0,type_1,rel_0,0,0,0,0,validation:window_0,0,377531.0
4008.0,darpa_theia:n186061,darpa_theia:n297288,type_0,type_1,rel_0,0,0,0,0,validation:window_0,0,377766.0
4009.0,darpa_theia:n186061,darpa_theia:n113670,type_0,type_1,rel_0,0,0,0,0,validation:window_0,0,377973.0
4010.0,darpa_theia:n186061,darpa_theia:n298409,type_0,type_1,rel_0,0,0,0,0,validation:window_0,0,378074.0
4011.0,darpa_theia:n186061,darpa_theia:n299453,type_0,type_1,rel_0,0,0,0,0,validation:window_0,0,378102.0
4012.0,darpa_theia:n186061,darpa_theia:n301615,type_0,type_1,rel_0,0,0,0,0,validation:window_0,0,378136.0
4013.0,darpa_theia:n186061,darpa_theia:n301781,type_0,type_1,rel_0,0,0,0,0,validation:window_0,0,378187.0
4014.0,darpa_theia:n186061,darpa_theia:n302443,type_0,type_1,rel_0,0,0,0,0,validation:window_0,0,378289.0
4015.0,darpa_theia:n186061,darpa_theia:n302679,type_0,type_1,rel_0,0,0,0,0,validation:window_0,0,378380.0
4016.0,darpa_theia:n186061,darpa_theia:n302683,type_0,type_1,rel_0,0,0,0,0,validation:window_0,0,378384.0
4017.0,darpa_theia:n186061,darpa_theia:n302886,type_0,type_1,rel_0,0,0,0,0,validation:window_0,0,378490.0
4018.0,darpa_theia:n186061,darpa_theia:n128352,type_0,type_1,rel_0,0,0,0,0,validation:window_0,0,378759.0
4019.0,darpa_theia:n186061,darpa_theia:n128382,type_0,type_1,rel_0,0,0,0,0,validation:window_0,0,378779.0
4020.0,darpa_theia:n186061,darpa_theia:n128939,type_0,type_1,rel_0,0,0,0,0,validation:window_0,0,378836.0
4021.0,darpa_theia:n186061,darpa_theia:n304797,type_0,type_1,rel_0,0,0,0,0,validation:window_0,0,378884.0
4022.0,darpa_theia:n186061,darpa_theia:n129023,type_0,type_1,rel_0,0,0,0,0,validation:window_0,0,378928.0
4023.0,darpa_theia:n186061,darpa_theia:n306218,type_0,type_1,rel_0,0,0,0,0,validation:window_0,0,379014.0
4024.0,darpa_theia:n186061,darpa_theia:n306308,type_0,type_1,rel_0,0,0,0,0,validation:window_0,0,379039.0
4025.0,darpa_theia:n186061,darpa_theia:n306879,type_0,type_1,rel_0,0,0,0,0,validation:window_0,0,379083.0
4026.0,darpa_theia:n186061,darpa_theia:n307727,type_0,type_1,rel_0,0,0,0,0,validation:window_0,0,379136.0
4027.0,darpa_theia:n186061,darpa_theia:n328713,type_0,type_1,rel_0,0,0,0,0,validation:window_0,0,379336.0
4028.0,darpa_theia:n186061,darpa_theia:n329520,type_0,type_1,rel_0,0,0,0,0,validation:window_0,0,379449.0
4029.0,darpa_theia:n186061,darpa_theia:n329644,type_0,type_1,rel_0,0,0,0,0,validation:window_0,0,379496.0
4030.0,darpa_theia:n186061,darpa_theia:n330441,type_0,type_1,rel_0,0,0,0,0,validation:window_0,0,379580.0
4031.0,darpa_theia:n186061,darpa_theia:n331413,type_0,type_1,rel_0,0,0,0,0,validation:window_0,0,379665.0
4032.0,darpa_theia:n186061,darpa_theia:n331422,type_0,type_1,rel_0,0,0,0,0,validation:window_0,0,379674.0
4033.0,darpa_theia:n186061,darpa_theia:n332582,type_0,type_1,rel_0,0,0,0,0,validation:window_0,0,379869.0
4034.0,darpa_theia:n186061,darpa_theia:n332845,type_0,type_1,rel_0,0,0,0,0,validation:window_0,0,379914.0
4035.0,darpa_theia:n186061,darpa_theia:n333703,type_0,type_1,rel_0,0,0,0,0,validation:window_0,0,379989.0
4036.0,darpa_theia:n186061,darpa_theia:n333740,type_0,type_1,rel_0,0,0,0,0,validation:window_0,0,380019.0
4037.0,darpa_theia:n186061,darpa_theia:n333978,type_0,type_1,rel_0,0,0,0,0,validation:window_0,0,380088.0
4038.0,darpa_theia:n186061,darpa_theia:n336283,type_0,type_1,rel_0,0,0,0,0,validation:window_0,0,380309.0
4039.0,darpa_theia:n186061,darpa_theia:n336287,type_0,type_1,rel_0,0,0,0,0,validation:window_0,0,380310.0
4040.0,darpa_theia:n186061,darpa_theia:n336289,type_0,type_1,rel_0,0,0,0,0,validation:window_0,0,380312.0
4041.0,darpa_theia:n186061,darpa_theia:n340140,type_0,type_1,rel_0,0,0,0,0,validation:window_0,0,380615.0
4042.0,darpa_theia:n186061,darpa_theia:n341164,type_0,type_1,rel_0,0,0,0,0,validation:window_0,0,380809.0
4043.0,darpa_theia:n186061,darpa_theia:n341213,type_0,type_1,rel_0,0,0,0,0,validation:window_0,0,380827.0
4044.0,darpa_theia:n186061,darpa_theia:n341231,type_0,type_1,rel_0,0,0,0,0,validation:window_0,0,380839.0
4045.0,darpa_theia:n186061,darpa_theia:n344198,type_0,type_1,rel_0,0,0,0,0,validation:window_0,0,381090.0
4046.0,darpa_theia:n186234,darpa_theia:n186611,type_0,type_2,rel_2,0,0,0,0,validation:window_0,0,381162.0
4047.0,darpa_theia:n186234,darpa_theia:n187328,type_0,type_2,rel_2,0,0,0,0,validation:window_0,0,381179.0
4048.0,darpa_theia:n186234,darpa_theia:n189827,type_0,type_1,rel_15,0,0,0,0,validation:window_0,0,381287.0
4049.0,darpa_theia:n186234,darpa_theia:n190257,type_0,type_1,rel_2,0,0,0,0,validation:window_0,0,381333.0
4050.0,darpa_theia:n186234,darpa_theia:n289972,type_0,type_1,rel_15,0,0,0,0,validation:window_0,0,381969.0
4051.0,darpa_theia:n186234,darpa_theia:n290144,type_0,type_1,rel_2,0,0,0,0,validation:window_0,0,381988.0
4052.0,darpa_theia:n186234,darpa_theia:n303684,type_0,type_1,rel_15,0,0,0,0,validation:window_0,0,382305.0
4053.0,darpa_theia:n186234,darpa_theia:n330041,type_0,type_1,rel_2,0,0,0,0,validation:window_0,0,382619.0
4054.0,darpa_theia:n186234,darpa_theia:n330593,type_0,type_1,rel_2,0,0,0,0,validation:window_0,0,382643.0
4055.0,darpa_theia:n186234,darpa_theia:n337080,type_0,type_1,rel_15,0,0,0,0,validation:window_0,0,382994.0
4056.0,darpa_theia:n186234,darpa_theia:n337715,type_0,type_1,rel_2,0,0,0,0,validation:window_0,0,383019.0
4057.0,darpa_theia:n186234,darpa_theia:n340501,type_0,type_1,rel_2,0,0,0,0,validation:window_0,0,383132.0
4058.0,darpa_theia:n186524,darpa_theia:n186902,type_0,type_2,rel_10,0,0,0,0,validation:window_0,0,383422.0
4059.0,darpa_theia:n186524,darpa_theia:n188506,type_0,type_2,rel_10,0,0,0,0,validation:window_0,0,383529.0
4060.0,darpa_theia:n186524,darpa_theia:n205139,type_0,type_2,rel_10,0,0,0,0,validation:window_0,0,383583.0
4061.0,darpa_theia:n186524,darpa_theia:n207646,type_0,type_1,rel_0,0,0,0,0,validation:window_0,0,383588.0
4062.0,darpa_theia:n186524,darpa_theia:n333451,type_0,type_2,rel_10,0,0,0,0,validation:window_0,0,383716.0
4063.0,darpa_theia:n186524,darpa_theia:n336394,type_0,type_2,rel_10,0,0,0,0,validation:window_0,0,383731.0
4064.0,darpa_theia:n186524,darpa_theia:n341111,type_0,type_2,rel_10,0,0,0,0,validation:window_0,0,383755.0
4065.0,darpa_theia:n186546,darpa_theia:n181763,type_0,type_1,rel_0,0,0,0,0,validation:window_0,0,383792.0
4066.0,darpa_theia:n186546,darpa_theia:n187384,type_0,type_1,rel_0,0,0,0,0,validation:window_0,0,383819.0
4067.0,darpa_theia:n186772,darpa_theia:n190321,type_0,type_3,rel_11,0,0,0,0,validation:window_0,0,384007.0
4068.0,darpa_theia:n186772,darpa_theia:n190777,type_0,type_3,rel_11,0,0,0,0,validation:window_0,0,384011.0
4069.0,darpa_theia:n186772,darpa_theia:n193274,type_0,type_3,rel_11,0,0,0,0,validation:window_0,0,384199.0
4070.0,darpa_theia:n186772,darpa_theia:n194260,type_0,type_3,rel_11,0,0,0,0,validation:window_0,0,384255.0
4071.0,darpa_theia:n186833,darpa_theia:n187861,type_0,type_3,rel_11,0,0,0,0,validation:window_0,0,384289.0
4072.0,darpa_theia:n186833,darpa_theia:n190756,type_0,type_3,rel_11,0,0,0,0,validation:window_0,0,384343.0
4073.0,darpa_theia:n186833,darpa_theia:n131802,type_0,type_3,rel_11,0,0,0,0,validation:window_0,0,384476.0
4074.0,darpa_theia:n186833,darpa_theia:n191693,type_0,type_2,rel_2,0,0,0,0,validation:window_0,0,384480.0
4075.0,darpa_theia:n186833,darpa_theia:n121904,type_0,type_3,rel_11,0,0,0,0,validation:window_0,0,384509.0
4076.0,darpa_theia:n186874,darpa_theia:n322439,type_0,type_1,rel_0,0,0,0,0,validation:window_0,0,384903.0
4077.0,darpa_theia:n186874,darpa_theia:n344045,type_0,type_1,rel_0,0,0,0,0,validation:window_0,0,385026.0
4078.0,darpa_theia:n187198,darpa_theia:n190759,type_0,type_3,rel_11,0,0,0,0,validation:window_0,0,385117.0
4079.0,darpa_theia:n187198,darpa_theia:n190780,type_0,type_3,rel_11,0,0,0,0,validation:window_0,0,385120.0
4080.0,darpa_theia:n187198,darpa_theia:n191486,type_0,type_3,rel_11,0,0,0,0,validation:window_0,0,385218.0
4081.0,darpa_theia:n187311,darpa_theia:n191323,type_0,type_3,rel_11,0,0,0,0,validation:window_0,0,385436.0
4082.0,darpa_theia:n187311,darpa_theia:n194150,type_0,type_3,rel_11,0,0,0,0,validation:window_0,0,385477.0
4083.0,darpa_theia:n187677,darpa_theia:n190764,type_0,type_2,rel_2,0,0,0,0,validation:window_0,0,385656.0
4084.0,darpa_theia:n187677,darpa_theia:n190765,type_0,type_3,rel_11,0,0,0,0,validation:window_0,0,385657.0
4085.0,darpa_theia:n187712,darpa_theia:n188003,type_0,type_3,rel_11,0,0,0,0,validation:window_0,0,385723.0
4086.0,darpa_theia:n187870,darpa_theia:n202547,type_3,type_0,rel_4,0,0,0,0,validation:window_0,0,385810.0
4087.0,darpa_theia:n188333,darpa_theia:n190154,type_0,type_0,rel_8,0,0,0,0,validation:window_0,0,386042.0
4088.0,darpa_theia:n188463,darpa_theia:n288880,type_0,type_2,rel_10,0,0,0,0,validation:window_0,0,386339.0
4089.0,darpa_theia:n188463,darpa_theia:n327713,type_0,type_2,rel_10,0,0,0,0,validation:window_0,0,386506.0
4090.0,darpa_theia:n188463,darpa_theia:n330554,type_0,type_2,rel_10,0,0,0,0,validation:window_0,0,386510.0
4091.0,darpa_theia:n188604,darpa_theia:n188673,type_0,type_2,rel_10,0,0,0,0,validation:window_0,0,386775.0
4092.0,darpa_theia:n188604,darpa_theia:n188724,type_0,type_2,rel_10,0,0,0,0,validation:window_0,0,386843.0
4093.0,darpa_theia:n188604,darpa_theia:n1136,type_0,type_1,rel_0,0,0,0,0,validation:window_0,0,386924.0
4094.0,darpa_theia:n188604,darpa_theia:n188824,type_0,type_2,rel_2,0,0,0,0,validation:window_0,0,386970.0
4095.0,darpa_theia:n188604,darpa_theia:n188992,type_0,type_2,rel_10,0,0,0,0,validation:window_0,0,387117.0
4096.0,darpa_theia:n188877,darpa_theia:n188914,type_0,type_2,rel_10,0,0,0,0,validation:window_0,0,387516.0
4097.0,darpa_theia:n188877,darpa_theia:n188933,type_0,type_2,rel_2,0,0,0,0,validation:window_0,0,387537.0
4098.0,darpa_theia:n189179,darpa_theia:n189234,type_0,type_2,rel_10,0,0,0,0,validation:window_0,0,387705.0
4099.0,darpa_theia:n189179,darpa_theia:n189373,type_0,type_2,rel_10,0,0,0,0,validation:window_0,0,387859.0
4100.0,darpa_theia:n189390,darpa_theia:n5309,type_0,type_1,rel_0,0,0,0,0,validation:window_0,0,387918.0
4101.0,darpa_theia:n189390,darpa_theia:n189410,type_0,type_2,rel_2,0,0,0,0,validation:window_1,0,387924.0
4102.0,darpa_theia:n189439,darpa_theia:n189501,type_0,type_2,rel_2,0,0,0,0,validation:window_1,0,388107.0
4103.0,darpa_theia:n189439,darpa_theia:n1121,type_0,type_1,rel_0,0,0,0,0,validation:window_1,0,388198.0
4104.0,darpa_theia:n189659,darpa_theia:n1239,type_0,type_1,rel_0,0,0,0,0,validation:window_1,0,388336.0
4105.0,darpa_theia:n190069,darpa_theia:n186772,type_3,type_0,rel_4,0,0,0,0,validation:window_1,0,388434.0
4106.0,darpa_theia:n190195,darpa_theia:n185462,type_1,type_0,rel_1,0,0,0,0,validation:window_1,0,388538.0
4107.0,darpa_theia:n190316,darpa_theia:n190319,type_0,type_1,rel_0,0,0,0,0,validation:window_1,0,388593.0
4108.0,darpa_theia:n190320,darpa_theia:n186833,type_3,type_0,rel_4,0,0,0,0,validation:window_1,0,388598.0
4109.0,darpa_theia:n190392,darpa_theia:n185462,type_1,type_0,rel_1,0,0,0,0,validation:window_1,0,388636.0
4110.0,darpa_theia:n190570,darpa_theia:n186061,type_1,type_0,rel_1,0,0,0,0,validation:window_1,0,388745.0
4111.0,darpa_theia:n190655,darpa_theia:n186061,type_1,type_0,rel_1,0,0,0,0,validation:window_1,0,388798.0
4112.0,darpa_theia:n190957,darpa_theia:n185462,type_1,type_0,rel_1,0,0,0,0,validation:window_1,0,389024.0
4113.0,darpa_theia:n191278,darpa_theia:n187198,type_3,type_0,rel_4,0,0,0,0,validation:window_1,0,389390.0
4114.0,darpa_theia:n191386,darpa_theia:n186833,type_3,type_0,rel_4,0,0,0,0,validation:window_1,0,389537.0
4115.0,darpa_theia:n191400,darpa_theia:n193100,type_0,type_3,rel_11,0,0,0,0,validation:window_1,0,389652.0
4116.0,darpa_theia:n191555,darpa_theia:n191567,type_0,type_1,rel_0,0,0,0,0,validation:window_1,0,389827.0
4117.0,darpa_theia:n191648,darpa_theia:n187198,type_3,type_0,rel_4,0,0,0,0,validation:window_1,0,389943.0
4118.0,darpa_theia:n191651,darpa_theia:n186833,type_3,type_0,rel_4,0,0,0,0,validation:window_1,0,389946.0
4119.0,darpa_theia:n191653,darpa_theia:n187198,type_3,type_0,rel_4,0,0,0,0,validation:window_1,0,389948.0
4120.0,darpa_theia:n191654,darpa_theia:n191399,type_3,type_0,rel_4,0,0,0,0,validation:window_1,0,389949.0
4121.0,darpa_theia:n191715,darpa_theia:n187198,type_3,type_0,rel_4,0,0,0,0,validation:window_1,0,390004.0
4122.0,darpa_theia:n191727,darpa_theia:n187311,type_3,type_0,rel_4,0,0,0,0,validation:window_1,0,390019.0
4123.0,darpa_theia:n191816,darpa_theia:n1041,type_0,type_1,rel_0,0,0,0,0,validation:window_1,0,390263.0
4124.0,darpa_theia:n191816,darpa_theia:n192047,type_0,type_2,rel_2,0,0,0,0,validation:window_1,0,390424.0
4125.0,darpa_theia:n191816,darpa_theia:n192166,type_0,type_2,rel_10,0,0,0,0,validation:window_1,0,390504.0
4126.0,darpa_theia:n191816,darpa_theia:n1515,type_0,type_1,rel_0,0,0,0,0,validation:window_1,0,390678.0
4127.0,darpa_theia:n191816,darpa_theia:n192346,type_0,type_2,rel_2,0,0,0,0,validation:window_1,0,390706.0
4128.0,darpa_theia:n191816,darpa_theia:n2053,type_0,type_1,rel_0,0,0,0,0,validation:window_1,0,390727.0
4129.0,darpa_theia:n192090,darpa_theia:n192103,type_0,type_2,rel_10,0,0,0,0,validation:window_1,0,390917.0
4130.0,darpa_theia:n192405,darpa_theia:n192434,type_0,type_2,rel_2,0,0,0,0,validation:window_1,0,391113.0
4131.0,darpa_theia:n192405,darpa_theia:n192518,type_0,type_2,rel_10,0,0,0,0,validation:window_1,0,391221.0
4132.0,darpa_theia:n192405,darpa_theia:n192588,type_0,type_2,rel_2,0,0,0,0,validation:window_1,0,391291.0
4133.0,darpa_theia:n192609,darpa_theia:n1304,type_0,type_1,rel_0,0,0,0,0,validation:window_1,0,391331.0
4134.0,darpa_theia:n192665,darpa_theia:n192676,type_0,type_2,rel_2,0,0,0,0,validation:window_1,0,391483.0
4135.0,darpa_theia:n192796,darpa_theia:n1239,type_0,type_1,rel_0,0,0,0,0,validation:window_1,0,391703.0
4136.0,darpa_theia:n192796,darpa_theia:n192838,type_0,type_2,rel_10,0,0,0,0,validation:window_1,0,391706.0
4137.0,darpa_theia:n192884,darpa_theia:n1261,type_0,type_1,rel_0,0,0,0,0,validation:window_1,0,391722.0
4138.0,darpa_theia:n193060,darpa_theia:n193418,type_0,type_2,rel_10,0,0,0,0,validation:window_1,0,391906.0
4139.0,darpa_theia:n193060,darpa_theia:n196232,type_0,type_2,rel_10,0,0,0,0,validation:window_1,0,391938.0
4140.0,darpa_theia:n193235,darpa_theia:n186833,type_3,type_0,rel_4,0,0,0,0,validation:window_1,0,392148.0
4141.0,darpa_theia:n193264,darpa_theia:n147720,type_0,type_1,rel_0,0,0,0,0,validation:window_1,0,392264.0
4142.0,darpa_theia:n193264,darpa_theia:n193265,type_0,type_1,rel_0,0,0,0,0,validation:window_1,0,392339.0
4143.0,darpa_theia:n193267,darpa_theia:n202437,type_1,type_0,rel_1,0,0,0,0,validation:window_1,0,392364.0
4144.0,darpa_theia:n193293,darpa_theia:n193296,type_0,type_1,rel_0,0,0,0,0,validation:window_1,0,392399.0
4145.0,darpa_theia:n193355,darpa_theia:n145,type_0,type_1,rel_0,0,0,0,0,validation:window_1,0,392471.0
4146.0,darpa_theia:n193392,darpa_theia:n193389,type_1,type_0,rel_1,0,0,0,0,validation:window_1,0,392523.0
4147.0,darpa_theia:n193444,darpa_theia:n186772,type_3,type_0,rel_4,0,0,0,0,validation:window_1,0,392584.0
4148.0,darpa_theia:n193495,darpa_theia:n193540,type_0,type_2,rel_2,0,0,0,0,validation:window_1,0,392736.0
4149.0,darpa_theia:n193495,darpa_theia:n193579,type_0,type_2,rel_2,0,0,0,0,validation:window_1,0,392811.0
4150.0,darpa_theia:n193495,darpa_theia:n193597,type_0,type_1,rel_0,0,0,0,0,validation:window_1,0,392833.0
4151.0,darpa_theia:n193495,darpa_theia:n193707,type_0,type_1,rel_0,0,0,0,0,validation:window_1,0,392950.0
4152.0,darpa_theia:n193495,darpa_theia:n10061,type_0,type_1,rel_0,0,0,0,0,validation:window_1,0,392968.0
4153.0,darpa_theia:n193606,darpa_theia:n193495,type_1,type_0,rel_1,0,0,0,0,validation:window_1,0,393192.0
4154.0,darpa_theia:n193631,darpa_theia:n193960,type_1,type_0,rel_1,0,0,0,0,validation:window_1,0,393257.0
4155.0,darpa_theia:n193729,darpa_theia:n1700,type_0,type_1,rel_0,0,0,0,0,validation:window_1,0,393606.0
4156.0,darpa_theia:n193778,darpa_theia:n1097,type_0,type_1,rel_0,0,0,0,0,validation:window_1,0,393691.0
4157.0,darpa_theia:n193818,darpa_theia:n193856,type_0,type_2,rel_2,0,0,0,0,validation:window_1,0,393795.0
4158.0,darpa_theia:n193818,darpa_theia:n193876,type_0,type_2,rel_2,0,0,0,0,validation:window_1,0,393821.0
4159.0,darpa_theia:n193897,darpa_theia:n1661,type_0,type_1,rel_0,0,0,0,0,validation:window_1,0,393957.0
4160.0,darpa_theia:n193897,darpa_theia:n1813,type_0,type_1,rel_0,0,0,0,0,validation:window_1,0,394053.0
4161.0,darpa_theia:n193897,darpa_theia:n193551,type_0,type_1,rel_0,0,0,0,0,validation:window_1,0,394062.0
4162.0,darpa_theia:n193897,darpa_theia:n193707,type_0,type_1,rel_0,0,0,0,0,validation:window_1,0,394206.0
4163.0,darpa_theia:n193960,darpa_theia:n193972,type_0,type_2,rel_2,0,0,0,0,validation:window_1,0,394249.0
4164.0,darpa_theia:n193960,darpa_theia:n1661,type_0,type_1,rel_0,0,0,0,0,validation:window_1,0,394276.0
4165.0,darpa_theia:n193960,darpa_theia:n1685,type_0,type_1,rel_0,0,0,0,0,validation:window_1,0,394299.0
4166.0,darpa_theia:n193960,darpa_theia:n1812,type_0,type_1,rel_0,0,0,0,0,validation:window_1,0,394370.0
4167.0,darpa_theia:n193960,darpa_theia:n1813,type_0,type_1,rel_0,0,0,0,0,validation:window_1,0,394371.0
4168.0,darpa_theia:n193960,darpa_theia:n193704,type_0,type_1,rel_0,0,0,0,0,validation:window_1,0,394521.0
4169.0,darpa_theia:n193960,darpa_theia:n10055,type_0,type_1,rel_0,0,0,0,0,validation:window_1,0,394536.0
4170.0,darpa_theia:n193960,darpa_theia:n193958,type_0,type_1,rel_0,0,0,0,0,validation:window_1,0,394545.0
4171.0,darpa_theia:n194022,darpa_theia:n1701,type_0,type_1,rel_0,0,0,0,0,validation:window_1,0,394632.0
4172.0,darpa_theia:n194022,darpa_theia:n1773,type_0,type_1,rel_0,0,0,0,0,validation:window_1,0,394651.0
4173.0,darpa_theia:n194022,darpa_theia:n1787,type_0,type_1,rel_0,0,0,0,0,validation:window_1,0,394666.0
4174.0,darpa_theia:n194022,darpa_theia:n1789,type_0,type_1,rel_0,0,0,0,0,validation:window_1,0,394668.0
4175.0,darpa_theia:n194022,darpa_theia:n10059,type_0,type_1,rel_0,0,0,0,0,validation:window_1,0,394859.0
4176.0,darpa_theia:n194135,darpa_theia:n204837,type_1,type_0,rel_1,0,0,0,0,validation:window_1,0,394893.0
4177.0,darpa_theia:n194315,darpa_theia:n194452,type_0,type_3,rel_11,0,0,0,0,validation:window_1,0,395210.0
4178.0,darpa_theia:n194498,darpa_theia:n194624,type_0,type_3,rel_11,0,0,0,0,validation:window_1,0,395441.0
4179.0,darpa_theia:n194669,darpa_theia:n194704,type_0,type_2,rel_2,0,0,0,0,validation:window_1,0,395706.0
4180.0,darpa_theia:n194669,darpa_theia:n6772,type_0,type_1,rel_0,0,0,0,0,validation:window_1,0,395756.0
4181.0,darpa_theia:n194669,darpa_theia:n194933,type_0,type_2,rel_10,0,0,0,0,validation:window_1,0,396013.0
4182.0,darpa_theia:n194669,darpa_theia:n194945,type_0,type_2,rel_2,0,0,0,0,validation:window_1,0,396031.0
4183.0,darpa_theia:n194669,darpa_theia:n195154,type_0,type_0,rel_8,0,0,0,0,validation:window_1,0,396202.0
4184.0,darpa_theia:n194669,darpa_theia:n7274,type_0,type_1,rel_0,0,0,0,0,validation:window_1,0,396220.0
4185.0,darpa_theia:n194669,darpa_theia:n195204,type_0,type_2,rel_10,0,0,0,0,validation:window_1,0,396226.0
4186.0,darpa_theia:n194669,darpa_theia:n195249,type_0,type_2,rel_10,0,0,0,0,validation:window_1,0,396355.0
4187.0,darpa_theia:n194669,darpa_theia:n195446,type_0,type_2,rel_10,0,0,0,0,validation:window_1,0,396586.0
4188.0,darpa_theia:n194669,darpa_theia:n7589,type_0,type_1,rel_5,0,0,0,0,validation:window_1,0,396687.0
4189.0,darpa_theia:n195154,darpa_theia:n195184,type_0,type_2,rel_10,0,0,0,0,validation:window_1,0,396880.0
4190.0,darpa_theia:n195154,darpa_theia:n195191,type_0,type_2,rel_2,0,0,0,0,validation:window_1,0,396889.0
4191.0,darpa_theia:n195259,darpa_theia:n195277,type_0,type_2,rel_10,0,0,0,0,validation:window_1,0,396930.0
4192.0,darpa_theia:n195494,darpa_theia:n195496,type_0,type_2,rel_2,0,0,0,0,validation:window_1,0,397069.0
4193.0,darpa_theia:n195494,darpa_theia:n1132,type_0,type_1,rel_0,0,0,0,0,validation:window_1,0,397086.0
4194.0,darpa_theia:n195494,darpa_theia:n195535,type_0,type_2,rel_2,0,0,0,0,validation:window_1,0,397121.0
4195.0,darpa_theia:n195494,darpa_theia:n1715,type_0,type_1,rel_0,0,0,0,0,validation:window_1,0,397150.0
4196.0,darpa_theia:n195686,darpa_theia:n195687,type_0,type_2,rel_2,0,0,0,0,validation:window_1,0,397307.0
4197.0,darpa_theia:n195734,darpa_theia:n885,type_0,type_1,rel_0,0,0,0,0,validation:window_1,0,397482.0
4198.0,darpa_theia:n195734,darpa_theia:n195775,type_0,type_2,rel_2,0,0,0,0,validation:window_1,0,397493.0
4199.0,darpa_theia:n195734,darpa_theia:n195780,type_0,type_2,rel_10,0,0,0,0,validation:window_1,0,397500.0
4200.0,darpa_theia:n195930,darpa_theia:n195944,type_0,type_2,rel_2,0,0,0,0,validation:window_1,0,397682.0
4201.0,darpa_theia:n196035,darpa_theia:n178959,type_0,type_3,rel_11,0,0,0,0,validation:window_2,0,397788.0
4202.0,darpa_theia:n196035,darpa_theia:n199852,type_0,type_3,rel_11,0,0,0,0,validation:window_2,0,397799.0
4203.0,darpa_theia:n196039,darpa_theia:n196108,type_0,type_3,rel_11,0,0,0,0,validation:window_2,0,397896.0
4204.0,darpa_theia:n196142,darpa_theia:n183,type_0,type_3,rel_3,0,0,0,0,validation:window_2,0,397958.0
4205.0,darpa_theia:n196243,darpa_theia:n196240,type_3,type_0,rel_4,0,0,0,0,validation:window_2,0,398040.0
4206.0,darpa_theia:n196428,darpa_theia:n196450,type_0,type_2,rel_10,0,0,0,0,validation:window_2,0,398387.0
4207.0,darpa_theia:n196471,darpa_theia:n196477,type_0,type_2,rel_10,0,0,0,0,validation:window_2,0,398422.0
4208.0,darpa_theia:n196484,darpa_theia:n196491,type_0,type_0,rel_8,0,0,0,0,validation:window_2,0,398449.0
4209.0,darpa_theia:n196507,darpa_theia:n9937,type_0,type_1,rel_9,0,0,0,0,validation:window_2,0,398472.0
4210.0,darpa_theia:n196507,darpa_theia:n196513,type_0,type_2,rel_10,0,0,0,0,validation:window_2,0,398480.0
4211.0,darpa_theia:n196523,darpa_theia:n196529,type_0,type_2,rel_10,0,0,0,0,validation:window_2,0,398514.0
4212.0,darpa_theia:n196540,darpa_theia:n196652,type_0,type_0,rel_8,0,0,0,0,validation:window_2,0,398537.0
4213.0,darpa_theia:n196540,darpa_theia:n196778,type_0,type_0,rel_8,0,0,0,0,validation:window_2,0,398546.0
4214.0,darpa_theia:n196540,darpa_theia:n197296,type_0,type_0,rel_8,0,0,0,0,validation:window_2,0,398583.0
4215.0,darpa_theia:n196566,darpa_theia:n10057,type_0,type_1,rel_0,0,0,0,0,validation:window_2,0,398653.0
4216.0,darpa_theia:n196736,darpa_theia:n1097,type_0,type_1,rel_0,0,0,0,0,validation:window_2,0,398879.0
4217.0,darpa_theia:n196792,darpa_theia:n196793,type_0,type_2,rel_2,0,0,0,0,validation:window_2,0,398954.0
4218.0,darpa_theia:n196890,darpa_theia:n196893,type_0,type_2,rel_10,0,0,0,0,validation:window_2,0,399090.0
4219.0,darpa_theia:n197030,darpa_theia:n885,type_0,type_1,rel_0,0,0,0,0,validation:window_2,0,399282.0
4220.0,darpa_theia:n197072,darpa_theia:n197081,type_0,type_2,rel_10,0,0,0,0,validation:window_2,0,399345.0
4221.0,darpa_theia:n197142,darpa_theia:n1097,type_0,type_1,rel_0,0,0,0,0,validation:window_2,0,399430.0
4222.0,darpa_theia:n197240,darpa_theia:n197245,type_0,type_2,rel_2,0,0,0,0,validation:window_2,0,399568.0
4223.0,darpa_theia:n197268,darpa_theia:n197276,type_0,type_2,rel_2,0,0,0,0,validation:window_2,0,399610.0
4224.0,darpa_theia:n197282,darpa_theia:n197287,type_0,type_2,rel_2,0,0,0,0,validation:window_2,0,399625.0
4225.0,darpa_theia:n197339,darpa_theia:n197367,type_0,type_0,rel_8,0,0,0,0,validation:window_2,0,399767.0
4226.0,darpa_theia:n197367,darpa_theia:n197369,type_0,type_2,rel_2,0,0,0,0,validation:window_2,0,399774.0
4227.0,darpa_theia:n197382,darpa_theia:n881,type_0,type_1,rel_0,0,0,0,0,validation:window_2,0,399803.0
4228.0,darpa_theia:n197422,darpa_theia:n197430,type_0,type_2,rel_2,0,0,0,0,validation:window_2,0,399861.0
4229.0,darpa_theia:n197434,darpa_theia:n197455,type_0,type_2,rel_10,0,0,0,0,validation:window_2,0,399901.0
4230.0,darpa_theia:n197477,darpa_theia:n881,type_0,type_1,rel_0,0,0,0,0,validation:window_2,0,399973.0
4231.0,darpa_theia:n197520,darpa_theia:n910,type_0,type_1,rel_0,0,0,0,0,validation:window_2,0,400035.0
4232.0,darpa_theia:n197563,darpa_theia:n197588,type_0,type_2,rel_2,0,0,0,0,validation:window_2,0,400140.0
4233.0,darpa_theia:n197606,darpa_theia:n197608,type_0,type_2,rel_2,0,0,0,0,validation:window_2,0,400188.0
4234.0,darpa_theia:n197684,darpa_theia:n10003,type_0,type_1,rel_9,0,0,0,0,validation:window_2,0,400323.0
4235.0,darpa_theia:n197753,darpa_theia:n1248,type_0,type_1,rel_0,0,0,0,0,validation:window_2,0,400463.0
4236.0,darpa_theia:n197838,darpa_theia:n140079,type_0,type_1,rel_9,0,0,0,0,validation:window_2,0,400559.0
4237.0,darpa_theia:n197868,darpa_theia:n197869,type_0,type_2,rel_2,0,0,0,0,validation:window_2,0,400588.0
4238.0,darpa_theia:n197927,darpa_theia:n13,type_0,type_3,rel_11,0,0,0,0,validation:window_2,0,400682.0
4239.0,darpa_theia:n198067,darpa_theia:n198078,type_0,type_2,rel_10,0,0,0,0,validation:window_2,0,401130.0
4240.0,darpa_theia:n198087,darpa_theia:n329,type_0,type_1,rel_0,0,0,0,0,validation:window_2,0,401143.0
4241.0,darpa_theia:n198107,darpa_theia:n885,type_0,type_1,rel_0,0,0,0,0,validation:window_2,0,401176.0
4242.0,darpa_theia:n198165,darpa_theia:n198166,type_0,type_0,rel_8,0,0,0,0,validation:window_2,0,401248.0
4243.0,darpa_theia:n198167,darpa_theia:n198172,type_0,type_2,rel_2,0,0,0,0,validation:window_2,0,401257.0
4244.0,darpa_theia:n198227,darpa_theia:n198238,type_0,type_2,rel_10,0,0,0,0,validation:window_2,0,401346.0
4245.0,darpa_theia:n198247,darpa_theia:n198251,type_0,type_2,rel_2,0,0,0,0,validation:window_2,0,401364.0
4246.0,darpa_theia:n198269,darpa_theia:n198284,type_0,type_2,rel_2,0,0,0,0,validation:window_2,0,401454.0
4247.0,darpa_theia:n198326,darpa_theia:n198330,type_0,type_2,rel_2,0,0,0,0,validation:window_2,0,401475.0
4248.0,darpa_theia:n198366,darpa_theia:n11295,type_0,type_1,rel_9,0,0,0,0,validation:window_2,0,401522.0
4249.0,darpa_theia:n198425,darpa_theia:n198427,type_0,type_2,rel_2,0,0,0,0,validation:window_2,0,401606.0
4250.0,darpa_theia:n198505,darpa_theia:n198516,type_0,type_2,rel_10,0,0,0,0,validation:window_2,0,401724.0
4251.0,darpa_theia:n198545,darpa_theia:n891,type_0,type_1,rel_0,0,0,0,0,validation:window_2,0,401782.0
4252.0,darpa_theia:n198625,darpa_theia:n198634,type_0,type_2,rel_10,0,0,0,0,validation:window_2,0,401884.0
4253.0,darpa_theia:n198667,darpa_theia:n198714,type_0,type_2,rel_2,0,0,0,0,validation:window_2,0,401995.0
4254.0,darpa_theia:n198727,darpa_theia:n205240,type_0,type_3,rel_11,0,0,0,0,validation:window_2,0,402093.0
4255.0,darpa_theia:n198729,darpa_theia:n202906,type_0,type_3,rel_11,0,0,0,0,validation:window_2,0,402391.0
4256.0,darpa_theia:n198824,darpa_theia:n147682,type_0,type_1,rel_0,0,0,0,0,validation:window_2,0,402741.0
4257.0,darpa_theia:n198824,darpa_theia:n147728,type_0,type_1,rel_0,0,0,0,0,validation:window_2,0,402786.0
4258.0,darpa_theia:n198865,darpa_theia:n198727,type_3,type_0,rel_4,0,0,0,0,validation:window_2,0,402989.0
4259.0,darpa_theia:n198871,darpa_theia:n198990,type_0,type_1,rel_0,0,0,0,0,validation:window_2,0,403181.0
4260.0,darpa_theia:n198871,darpa_theia:n147736,type_0,type_1,rel_0,0,0,0,0,validation:window_2,0,403319.0
4261.0,darpa_theia:n198871,darpa_theia:n199119,type_0,type_1,rel_0,0,0,0,0,validation:window_2,0,403378.0
4262.0,darpa_theia:n198871,darpa_theia:n199208,type_0,type_1,rel_0,0,0,0,0,validation:window_2,0,403515.0
4263.0,darpa_theia:n198871,darpa_theia:n199209,type_0,type_1,rel_0,0,0,0,0,validation:window_2,0,403516.0
4264.0,darpa_theia:n198966,darpa_theia:n202437,type_1,type_0,rel_1,0,0,0,0,validation:window_2,0,403872.0
4265.0,darpa_theia:n198995,darpa_theia:n203236,type_1,type_0,rel_1,0,0,0,0,validation:window_2,0,404018.0
4266.0,darpa_theia:n198995,darpa_theia:n204837,type_1,type_0,rel_1,0,0,0,0,validation:window_2,0,404019.0
4267.0,darpa_theia:n198996,darpa_theia:n203236,type_1,type_0,rel_1,0,0,0,0,validation:window_2,0,404023.0
4268.0,darpa_theia:n199004,darpa_theia:n202437,type_1,type_0,rel_1,0,0,0,0,validation:window_2,0,404062.0
4269.0,darpa_theia:n199036,darpa_theia:n198871,type_1,type_0,rel_1,0,0,0,0,validation:window_2,0,404220.0
4270.0,darpa_theia:n199084,darpa_theia:n203236,type_1,type_0,rel_1,0,0,0,0,validation:window_2,0,404463.0
4271.0,darpa_theia:n199094,darpa_theia:n203236,type_1,type_0,rel_1,0,0,0,0,validation:window_2,0,404513.0
4272.0,darpa_theia:n199099,darpa_theia:n204837,type_1,type_0,rel_1,0,0,0,0,validation:window_2,0,404539.0
4273.0,darpa_theia:n199105,darpa_theia:n198871,type_1,type_0,rel_1,0,0,0,0,validation:window_2,0,404565.0
4274.0,darpa_theia:n199119,darpa_theia:n203236,type_1,type_0,rel_1,0,0,0,0,validation:window_2,0,404638.0
4275.0,darpa_theia:n199167,darpa_theia:n203236,type_1,type_0,rel_1,0,0,0,0,validation:window_2,0,404878.0
4276.0,darpa_theia:n199223,darpa_theia:n202437,type_1,type_0,rel_1,0,0,0,0,validation:window_2,0,405151.0
4277.0,darpa_theia:n199233,darpa_theia:n199353,type_0,type_2,rel_2,0,0,0,0,validation:window_2,0,405346.0
4278.0,darpa_theia:n199233,darpa_theia:n199438,type_0,type_2,rel_2,0,0,0,0,validation:window_2,0,405460.0
4279.0,darpa_theia:n199233,darpa_theia:n199458,type_0,type_2,rel_2,0,0,0,0,validation:window_2,0,405488.0
4280.0,darpa_theia:n199600,darpa_theia:n185462,type_1,type_0,rel_1,0,0,0,0,validation:window_2,0,405702.0
4281.0,darpa_theia:n199674,darpa_theia:n185836,type_3,type_0,rel_4,0,0,0,0,validation:window_2,0,405737.0
4282.0,darpa_theia:n199846,darpa_theia:n145,type_0,type_1,rel_0,0,0,0,0,validation:window_2,0,405872.0
4283.0,darpa_theia:n199902,darpa_theia:n199939,type_0,type_2,rel_2,0,0,0,0,validation:window_2,0,405959.0
4284.0,darpa_theia:n199902,darpa_theia:n200007,type_0,type_2,rel_10,0,0,0,0,validation:window_2,0,406051.0
4285.0,darpa_theia:n199902,darpa_theia:n1172,type_0,type_1,rel_0,0,0,0,0,validation:window_2,0,406193.0
4286.0,darpa_theia:n199902,darpa_theia:n200156,type_0,type_2,rel_10,0,0,0,0,validation:window_2,0,406252.0
4287.0,darpa_theia:n199902,darpa_theia:n200315,type_0,type_2,rel_2,0,0,0,0,validation:window_2,0,406365.0
4288.0,darpa_theia:n199902,darpa_theia:n1529,type_0,type_1,rel_0,0,0,0,0,validation:window_2,0,406486.0
4289.0,darpa_theia:n199902,darpa_theia:n201028,type_0,type_2,rel_2,0,0,0,0,validation:window_2,0,406589.0
4290.0,darpa_theia:n199902,darpa_theia:n201038,type_0,type_2,rel_10,0,0,0,0,validation:window_2,0,406603.0
4291.0,darpa_theia:n200172,darpa_theia:n1304,type_0,type_1,rel_0,0,0,0,0,validation:window_2,0,406706.0
4292.0,darpa_theia:n200363,darpa_theia:n200381,type_0,type_2,rel_10,0,0,0,0,validation:window_2,0,406828.0
4293.0,darpa_theia:n200487,darpa_theia:n1132,type_0,type_1,rel_0,0,0,0,0,validation:window_2,0,406904.0
4294.0,darpa_theia:n200487,darpa_theia:n200523,type_0,type_2,rel_2,0,0,0,0,validation:window_2,0,406929.0
4295.0,darpa_theia:n200487,darpa_theia:n200604,type_0,type_2,rel_2,0,0,0,0,validation:window_2,0,407031.0
4296.0,darpa_theia:n200747,darpa_theia:n1711,type_0,type_1,rel_0,0,0,0,0,validation:window_2,0,407304.0
4297.0,darpa_theia:n201108,darpa_theia:n202199,type_0,type_2,rel_2,0,0,0,0,validation:window_2,0,407652.0
4298.0,darpa_theia:n201312,darpa_theia:n185836,type_3,type_0,rel_4,0,0,0,0,validation:window_2,0,407847.0
4299.0,darpa_theia:n201416,darpa_theia:n186061,type_1,type_0,rel_1,0,0,0,0,validation:window_2,0,407923.0
4300.0,darpa_theia:n201600,darpa_theia:n918,type_0,type_1,rel_0,0,0,0,0,validation:window_2,0,408121.0
4301.0,darpa_theia:n201600,darpa_theia:n1672,type_0,type_1,rel_0,0,0,0,0,validation:window_3,0,408140.0
4302.0,darpa_theia:n201600,darpa_theia:n1680,type_0,type_1,rel_0,0,0,0,0,validation:window_3,0,408148.0
4303.0,darpa_theia:n201600,darpa_theia:n193590,type_0,type_1,rel_0,0,0,0,0,validation:window_3,0,408275.0
4304.0,darpa_theia:n201600,darpa_theia:n193623,type_0,type_1,rel_0,0,0,0,0,validation:window_3,0,408315.0
4305.0,darpa_theia:n201600,darpa_theia:n193665,type_0,type_1,rel_0,0,0,0,0,validation:window_3,0,408357.0
4306.0,darpa_theia:n201600,darpa_theia:n10048,type_0,type_1,rel_0,0,0,0,0,validation:window_3,0,408406.0
4307.0,darpa_theia:n201600,darpa_theia:n1795,type_0,type_1,rel_0,0,0,0,0,validation:window_3,0,408422.0
4308.0,darpa_theia:n201697,darpa_theia:n1121,type_0,type_1,rel_0,0,0,0,0,validation:window_3,0,408553.0
4309.0,darpa_theia:n201774,darpa_theia:n881,type_0,type_1,rel_0,0,0,0,0,validation:window_3,0,408595.0
4310.0,darpa_theia:n201774,darpa_theia:n969,type_0,type_1,rel_0,0,0,0,0,validation:window_3,0,408683.0
4311.0,darpa_theia:n201774,darpa_theia:n201955,type_0,type_2,rel_2,0,0,0,0,validation:window_3,0,408832.0
4312.0,darpa_theia:n201774,darpa_theia:n201956,type_0,type_2,rel_10,0,0,0,0,validation:window_3,0,408833.0
4313.0,darpa_theia:n202084,darpa_theia:n202101,type_0,type_2,rel_2,0,0,0,0,validation:window_3,0,409065.0
4314.0,darpa_theia:n202157,darpa_theia:n198872,type_0,type_1,rel_9,0,0,0,0,validation:window_3,0,409108.0
4315.0,darpa_theia:n202157,darpa_theia:n202164,type_0,type_2,rel_2,0,0,0,0,validation:window_3,0,409118.0
4316.0,darpa_theia:n202157,darpa_theia:n198957,type_0,type_1,rel_0,0,0,0,0,validation:window_3,0,409242.0
4317.0,darpa_theia:n202157,darpa_theia:n198994,type_0,type_1,rel_0,0,0,0,0,validation:window_3,0,409298.0
4318.0,darpa_theia:n202157,darpa_theia:n199097,type_0,type_1,rel_0,0,0,0,0,validation:window_3,0,409456.0
4319.0,darpa_theia:n202157,darpa_theia:n199141,type_0,type_1,rel_0,0,0,0,0,validation:window_3,0,409522.0
4320.0,darpa_theia:n202157,darpa_theia:n199154,type_0,type_1,rel_0,0,0,0,0,validation:window_3,0,409542.0
4321.0,darpa_theia:n202157,darpa_theia:n147864,type_0,type_1,rel_0,0,0,0,0,validation:window_3,0,409622.0
4322.0,darpa_theia:n202437,darpa_theia:n202473,type_0,type_2,rel_2,0,0,0,0,validation:window_3,0,409911.0
4323.0,darpa_theia:n202437,darpa_theia:n198939,type_0,type_1,rel_0,0,0,0,0,validation:window_3,0,409979.0
4324.0,darpa_theia:n202437,darpa_theia:n147647,type_0,type_1,rel_0,0,0,0,0,validation:window_3,0,410061.0
4325.0,darpa_theia:n202437,darpa_theia:n147649,type_0,type_1,rel_0,0,0,0,0,validation:window_3,0,410064.0
4326.0,darpa_theia:n202437,darpa_theia:n147696,type_0,type_1,rel_0,0,0,0,0,validation:window_3,0,410134.0
4327.0,darpa_theia:n202437,darpa_theia:n199056,type_0,type_1,rel_0,0,0,0,0,validation:window_3,0,410159.0
4328.0,darpa_theia:n202437,darpa_theia:n147748,type_0,type_1,rel_0,0,0,0,0,validation:window_3,0,410212.0
4329.0,darpa_theia:n202437,darpa_theia:n199152,type_0,type_1,rel_0,0,0,0,0,validation:window_3,0,410302.0
4330.0,darpa_theia:n202437,darpa_theia:n147840,type_0,type_1,rel_0,0,0,0,0,validation:window_3,0,410349.0
4331.0,darpa_theia:n202547,darpa_theia:n203836,type_0,type_3,rel_11,0,0,0,0,validation:window_3,0,410568.0
4332.0,darpa_theia:n202547,darpa_theia:n136054,type_0,type_3,rel_11,0,0,0,0,validation:window_3,0,410642.0
4333.0,darpa_theia:n202761,darpa_theia:n186061,type_1,type_0,rel_1,0,0,0,0,validation:window_3,0,410814.0
4334.0,darpa_theia:n202819,darpa_theia:n185836,type_3,type_0,rel_4,0,0,0,0,validation:window_3,0,410859.0
4335.0,darpa_theia:n202836,darpa_theia:n186061,type_1,type_0,rel_1,0,0,0,0,validation:window_3,0,410873.0
4336.0,darpa_theia:n202975,darpa_theia:n1764,type_0,type_1,rel_0,0,0,0,0,validation:window_3,0,411107.0
4337.0,darpa_theia:n202975,darpa_theia:n193558,type_0,type_1,rel_0,0,0,0,0,validation:window_3,0,411150.0
4338.0,darpa_theia:n202975,darpa_theia:n193630,type_0,type_1,rel_0,0,0,0,0,validation:window_3,0,411233.0
4339.0,darpa_theia:n203205,darpa_theia:n185836,type_3,type_0,rel_4,0,0,0,0,validation:window_3,0,411533.0
4340.0,darpa_theia:n203236,darpa_theia:n203258,type_0,type_2,rel_10,0,0,0,0,validation:window_3,0,411564.0
4341.0,darpa_theia:n203236,darpa_theia:n203261,type_0,type_1,rel_0,0,0,0,0,validation:window_3,0,411570.0
4342.0,darpa_theia:n203236,darpa_theia:n198934,type_0,type_1,rel_0,0,0,0,0,validation:window_3,0,411652.0
4343.0,darpa_theia:n203236,darpa_theia:n198982,type_0,type_1,rel_0,0,0,0,0,validation:window_3,0,411724.0
4344.0,darpa_theia:n203236,darpa_theia:n199009,type_0,type_1,rel_0,0,0,0,0,validation:window_3,0,411764.0
4345.0,darpa_theia:n203236,darpa_theia:n199064,type_0,type_1,rel_0,0,0,0,0,validation:window_3,0,411851.0
4346.0,darpa_theia:n203236,darpa_theia:n199119,type_0,type_1,rel_0,0,0,0,0,validation:window_3,0,411933.0
4347.0,darpa_theia:n203236,darpa_theia:n199146,type_0,type_1,rel_0,0,0,0,0,validation:window_3,0,411974.0
4348.0,darpa_theia:n203283,darpa_theia:n203236,type_1,type_0,rel_1,0,0,0,0,validation:window_3,0,412146.0
4349.0,darpa_theia:n203288,darpa_theia:n203289,type_0,type_1,rel_0,0,0,0,0,validation:window_3,0,412152.0
4350.0,darpa_theia:n203292,darpa_theia:n203420,type_0,type_2,rel_10,0,0,0,0,validation:window_3,0,412340.0
4351.0,darpa_theia:n203292,darpa_theia:n203442,type_0,type_2,rel_2,0,0,0,0,validation:window_3,0,412369.0
4352.0,darpa_theia:n203292,darpa_theia:n1089,type_0,type_1,rel_0,0,0,0,0,validation:window_3,0,412382.0
4353.0,darpa_theia:n203292,darpa_theia:n203485,type_0,type_2,rel_10,0,0,0,0,validation:window_3,0,412427.0
4354.0,darpa_theia:n203292,darpa_theia:n1256,type_0,type_1,rel_0,0,0,0,0,validation:window_3,0,412546.0
4355.0,darpa_theia:n203605,darpa_theia:n1308,type_0,type_1,rel_9,0,0,0,0,validation:window_3,0,412626.0
4356.0,darpa_theia:n203774,darpa_theia:n185836,type_3,type_0,rel_4,0,0,0,0,validation:window_3,0,412761.0
4357.0,darpa_theia:n203873,darpa_theia:n1049,type_0,type_1,rel_0,0,0,0,0,validation:window_3,0,412988.0
4358.0,darpa_theia:n203873,darpa_theia:n204035,type_0,type_2,rel_10,0,0,0,0,validation:window_3,0,413050.0
4359.0,darpa_theia:n203873,darpa_theia:n204221,type_0,type_0,rel_8,0,0,0,0,validation:window_3,0,413225.0
4360.0,darpa_theia:n203873,darpa_theia:n204225,type_0,type_0,rel_8,0,0,0,0,validation:window_3,0,413229.0
4361.0,darpa_theia:n203873,darpa_theia:n204256,type_0,type_2,rel_10,0,0,0,0,validation:window_3,0,413261.0
4362.0,darpa_theia:n203873,darpa_theia:n204284,type_0,type_2,rel_10,0,0,0,0,validation:window_3,0,413300.0
4363.0,darpa_theia:n203873,darpa_theia:n204291,type_0,type_2,rel_2,0,0,0,0,validation:window_3,0,413309.0
4364.0,darpa_theia:n204324,darpa_theia:n204352,type_0,type_2,rel_2,0,0,0,0,validation:window_3,0,413739.0
4365.0,darpa_theia:n204507,darpa_theia:n204504,type_1,type_0,rel_1,0,0,0,0,validation:window_3,0,413798.0
4366.0,darpa_theia:n204524,darpa_theia:n185462,type_1,type_0,rel_1,0,0,0,0,validation:window_3,0,413805.0
4367.0,darpa_theia:n204662,darpa_theia:n185462,type_1,type_0,rel_1,0,0,0,0,validation:window_3,0,413887.0
4368.0,darpa_theia:n204837,darpa_theia:n198982,type_0,type_1,rel_0,0,0,0,0,validation:window_3,0,414167.0
4369.0,darpa_theia:n204837,darpa_theia:n199077,type_0,type_1,rel_0,0,0,0,0,validation:window_3,0,414313.0
4370.0,darpa_theia:n204837,darpa_theia:n147816,type_0,type_1,rel_0,0,0,0,0,validation:window_3,0,414437.0
4371.0,darpa_theia:n204837,darpa_theia:n199179,type_0,type_1,rel_0,0,0,0,0,validation:window_3,0,414465.0
4372.0,darpa_theia:n204837,darpa_theia:n147840,type_0,type_1,rel_0,0,0,0,0,validation:window_3,0,414472.0
4373.0,darpa_theia:n204838,darpa_theia:n204872,type_0,type_2,rel_10,0,0,0,0,validation:window_3,0,414569.0
4374.0,darpa_theia:n204920,darpa_theia:n1764,type_0,type_1,rel_0,0,0,0,0,validation:window_3,0,414731.0
4375.0,darpa_theia:n204920,darpa_theia:n1813,type_0,type_1,rel_0,0,0,0,0,validation:window_3,0,414755.0
4376.0,darpa_theia:n204920,darpa_theia:n193607,type_0,type_1,rel_0,0,0,0,0,validation:window_3,0,414833.0
4377.0,darpa_theia:n204920,darpa_theia:n193666,type_0,type_1,rel_0,0,0,0,0,validation:window_3,0,414893.0
4378.0,darpa_theia:n205003,darpa_theia:n205015,type_0,type_2,rel_10,0,0,0,0,validation:window_3,0,415006.0
4379.0,darpa_theia:n205163,darpa_theia:n328354,type_3,type_0,rel_4,0,0,0,0,validation:window_3,0,415215.0
4380.0,darpa_theia:n205177,darpa_theia:n186061,type_1,type_0,rel_1,0,0,0,0,validation:window_3,0,415227.0
4381.0,darpa_theia:n205240,darpa_theia:n198727,type_3,type_0,rel_4,0,0,0,0,validation:window_3,0,415272.0
4382.0,darpa_theia:n205289,darpa_theia:n185836,type_3,type_0,rel_4,0,0,0,0,validation:window_3,0,415295.0
4383.0,darpa_theia:n205410,darpa_theia:n205846,type_0,type_2,rel_10,0,0,0,0,validation:window_3,0,415922.0
4384.0,darpa_theia:n205410,darpa_theia:n206558,type_0,type_2,rel_10,0,0,0,0,validation:window_3,0,416153.0
4385.0,darpa_theia:n205606,darpa_theia:n1464,type_0,type_1,rel_0,0,0,0,0,validation:window_3,0,416182.0
4386.0,darpa_theia:n205682,darpa_theia:n205697,type_0,type_2,rel_10,0,0,0,0,validation:window_3,0,416220.0
4387.0,darpa_theia:n205682,darpa_theia:n1065,type_0,type_1,rel_0,0,0,0,0,validation:window_3,0,416238.0
4388.0,darpa_theia:n205858,darpa_theia:n205905,type_0,type_2,rel_2,0,0,0,0,validation:window_3,0,416354.0
4389.0,darpa_theia:n206023,darpa_theia:n206385,type_0,type_2,rel_2,0,0,0,0,validation:window_3,0,416377.0
4390.0,darpa_theia:n206204,darpa_theia:n185836,type_3,type_0,rel_4,0,0,0,0,validation:window_3,0,416545.0
4391.0,darpa_theia:n206464,darpa_theia:n206481,type_0,type_2,rel_2,0,0,0,0,validation:window_3,0,416756.0
4392.0,darpa_theia:n206584,darpa_theia:n206591,type_0,type_2,rel_10,0,0,0,0,validation:window_3,0,416928.0
4393.0,darpa_theia:n206584,darpa_theia:n206663,type_0,type_2,rel_2,0,0,0,0,validation:window_3,0,417025.0
4394.0,darpa_theia:n206584,darpa_theia:n206703,type_0,type_2,rel_2,0,0,0,0,validation:window_3,0,417079.0
4395.0,darpa_theia:n206584,darpa_theia:n206768,type_0,type_2,rel_2,0,0,0,0,validation:window_3,0,417166.0
4396.0,darpa_theia:n206584,darpa_theia:n206820,type_0,type_2,rel_2,0,0,0,0,validation:window_3,0,417237.0
4397.0,darpa_theia:n206584,darpa_theia:n206848,type_0,type_2,rel_10,0,0,0,0,validation:window_3,0,417278.0
4398.0,darpa_theia:n206584,darpa_theia:n1492,type_0,type_1,rel_0,0,0,0,0,validation:window_3,0,417455.0
4399.0,darpa_theia:n207030,darpa_theia:n985,type_0,type_1,rel_0,0,0,0,0,validation:window_3,0,417788.0
4400.0,darpa_theia:n207508,darpa_theia:n185836,type_3,type_0,rel_4,0,0,0,0,validation:window_3,0,418067.0
4401.0,darpa_theia:n207781,darpa_theia:n208526,type_0,type_3,rel_11,1,1,1,1,validation:window_4,1,419061.0
4402.0,darpa_theia:n207781,darpa_theia:n208915,type_0,type_3,rel_11,1,1,1,1,validation:window_4,1,419530.0
4403.0,darpa_theia:n207781,darpa_theia:n208964,type_0,type_3,rel_11,1,1,1,1,validation:window_4,1,419587.0
4404.0,darpa_theia:n207781,darpa_theia:n209012,type_0,type_3,rel_11,1,1,1,1,validation:window_4,1,419647.0
4405.0,darpa_theia:n207781,darpa_theia:n209291,type_0,type_3,rel_11,1,1,1,1,validation:window_4,1,419987.0
4406.0,darpa_theia:n207781,darpa_theia:n209361,type_0,type_3,rel_11,1,1,1,1,validation:window_4,1,420076.0
4407.0,darpa_theia:n207781,darpa_theia:n209530,type_0,type_3,rel_11,1,1,1,1,validation:window_4,1,420286.0
4408.0,darpa_theia:n207781,darpa_theia:n210031,type_0,type_3,rel_11,1,1,1,1,validation:window_4,1,420882.0
4409.0,darpa_theia:n207781,darpa_theia:n210229,type_0,type_3,rel_11,1,1,1,1,validation:window_4,1,421122.0
4410.0,darpa_theia:n207781,darpa_theia:n210731,type_0,type_3,rel_11,1,1,1,1,validation:window_4,1,421723.0
4411.0,darpa_theia:n207781,darpa_theia:n210735,type_0,type_3,rel_11,1,1,1,1,validation:window_4,1,421727.0
4412.0,darpa_theia:n207781,darpa_theia:n210851,type_0,type_3,rel_11,1,1,1,1,validation:window_4,1,421877.0
4413.0,darpa_theia:n207781,darpa_theia:n210855,type_0,type_3,rel_11,1,1,1,1,validation:window_4,1,421881.0
4414.0,darpa_theia:n207781,darpa_theia:n211313,type_0,type_3,rel_11,1,1,1,1,validation:window_4,1,422425.0
4415.0,darpa_theia:n207781,darpa_theia:n211408,type_0,type_3,rel_11,1,1,1,1,validation:window_4,1,422532.0
4416.0,darpa_theia:n207781,darpa_theia:n211429,type_0,type_3,rel_11,1,1,1,1,validation:window_4,1,422558.0
4417.0,darpa_theia:n207781,darpa_theia:n211590,type_0,type_3,rel_11,1,1,1,1,validation:window_4,1,422771.0
4418.0,darpa_theia:n207781,darpa_theia:n211664,type_0,type_3,rel_11,1,1,1,1,validation:window_4,1,422858.0
4419.0,darpa_theia:n207781,darpa_theia:n212159,type_0,type_3,rel_11,1,1,1,1,validation:window_4,1,423468.0
4420.0,darpa_theia:n207781,darpa_theia:n212580,type_0,type_3,rel_11,1,1,1,1,validation:window_4,1,423965.0
4421.0,darpa_theia:n207781,darpa_theia:n57942,type_0,type_3,rel_11,1,1,1,1,validation:window_4,1,423977.0
4422.0,darpa_theia:n207781,darpa_theia:n212903,type_0,type_3,rel_11,1,1,1,1,validation:window_4,1,424373.0
4423.0,darpa_theia:n207781,darpa_theia:n213069,type_0,type_3,rel_11,1,1,1,1,validation:window_4,1,424585.0
4424.0,darpa_theia:n207781,darpa_theia:n123681,type_0,type_3,rel_11,1,1,1,1,validation:window_4,1,424600.0
4425.0,darpa_theia:n207781,darpa_theia:n213327,type_0,type_3,rel_11,1,1,1,1,validation:window_4,1,424899.0
4426.0,darpa_theia:n207781,darpa_theia:n133347,type_0,type_3,rel_11,1,1,1,1,validation:window_4,1,424917.0
4427.0,darpa_theia:n207781,darpa_theia:n213462,type_0,type_3,rel_11,1,1,1,1,validation:window_4,1,425063.0
4428.0,darpa_theia:n207781,darpa_theia:n213585,type_0,type_3,rel_11,1,1,1,1,validation:window_4,1,425212.0
4429.0,darpa_theia:n207781,darpa_theia:n213637,type_0,type_3,rel_11,1,1,1,1,validation:window_4,1,425271.0
4430.0,darpa_theia:n207781,darpa_theia:n213656,type_0,type_3,rel_11,1,1,1,1,validation:window_4,1,425295.0
4431.0,darpa_theia:n207781,darpa_theia:n137778,type_0,type_3,rel_11,1,1,1,1,validation:window_4,1,425779.0
4432.0,darpa_theia:n207781,darpa_theia:n214237,type_0,type_3,rel_11,1,1,1,1,validation:window_4,1,426019.0
4433.0,darpa_theia:n207781,darpa_theia:n214554,type_0,type_3,rel_11,1,1,1,1,validation:window_4,1,426396.0
4434.0,darpa_theia:n207781,darpa_theia:n214859,type_0,type_3,rel_11,1,1,1,1,validation:window_4,1,426756.0
4435.0,darpa_theia:n207781,darpa_theia:n214912,type_0,type_3,rel_11,1,1,1,1,validation:window_4,1,426817.0
4436.0,darpa_theia:n207781,darpa_theia:n214924,type_0,type_3,rel_11,1,1,1,1,validation:window_4,1,426830.0
4437.0,darpa_theia:n207781,darpa_theia:n215070,type_0,type_3,rel_11,1,1,1,1,validation:window_4,1,427010.0
4438.0,darpa_theia:n207781,darpa_theia:n215357,type_0,type_3,rel_11,1,1,1,1,validation:window_4,1,427367.0
4439.0,darpa_theia:n207781,darpa_theia:n215561,type_0,type_3,rel_11,1,1,1,1,validation:window_4,1,427618.0
4440.0,darpa_theia:n207781,darpa_theia:n215769,type_0,type_3,rel_11,1,1,1,1,validation:window_4,1,427869.0
4441.0,darpa_theia:n207781,darpa_theia:n215990,type_0,type_3,rel_11,1,1,1,1,validation:window_4,1,428144.0
4442.0,darpa_theia:n207781,darpa_theia:n216071,type_0,type_3,rel_11,1,1,1,1,validation:window_4,1,428236.0
4443.0,darpa_theia:n207781,darpa_theia:n216112,type_0,type_3,rel_11,1,1,1,1,validation:window_4,1,428287.0
4444.0,darpa_theia:n207781,darpa_theia:n216410,type_0,type_3,rel_11,1,1,1,1,validation:window_4,1,428655.0
4445.0,darpa_theia:n207781,darpa_theia:n3891,type_0,type_3,rel_11,1,1,1,1,validation:window_4,1,428686.0
4446.0,darpa_theia:n207781,darpa_theia:n37620,type_0,type_3,rel_11,1,1,1,1,validation:window_4,1,428896.0
4447.0,darpa_theia:n207781,darpa_theia:n216943,type_0,type_3,rel_11,1,1,1,1,validation:window_4,1,429295.0
4448.0,darpa_theia:n207781,darpa_theia:n217622,type_0,type_3,rel_11,1,1,1,1,validation:window_4,1,430117.0
4449.0,darpa_theia:n207781,darpa_theia:n217931,type_0,type_3,rel_11,1,1,1,1,validation:window_4,1,430479.0
4450.0,darpa_theia:n207781,darpa_theia:n217944,type_0,type_3,rel_11,1,1,1,1,validation:window_4,1,430495.0
4451.0,darpa_theia:n207781,darpa_theia:n218159,type_0,type_3,rel_11,1,1,1,1,validation:window_4,1,430755.0
4452.0,darpa_theia:n207781,darpa_theia:n218196,type_0,type_3,rel_11,1,1,1,1,validation:window_4,1,430802.0
4453.0,darpa_theia:n207781,darpa_theia:n218397,type_0,type_3,rel_11,1,1,1,1,validation:window_4,1,431051.0
4454.0,darpa_theia:n207781,darpa_theia:n218403,type_0,type_3,rel_11,1,1,1,1,validation:window_4,1,431058.0
4455.0,darpa_theia:n207781,darpa_theia:n218467,type_0,type_3,rel_11,1,1,1,1,validation:window_4,1,431139.0
4456.0,darpa_theia:n207781,darpa_theia:n218558,type_0,type_3,rel_11,1,1,1,1,validation:window_4,1,431247.0
4457.0,darpa_theia:n207781,darpa_theia:n218631,type_0,type_3,rel_11,1,1,1,1,validation:window_4,1,431335.0
4458.0,darpa_theia:n207781,darpa_theia:n219173,type_0,type_3,rel_11,1,1,1,1,validation:window_4,1,431967.0
4459.0,darpa_theia:n207781,darpa_theia:n219353,type_0,type_3,rel_11,1,1,1,1,validation:window_4,1,432175.0
4460.0,darpa_theia:n207781,darpa_theia:n68190,type_0,type_3,rel_11,1,1,1,1,validation:window_4,1,432400.0
4461.0,darpa_theia:n207781,darpa_theia:n63287,type_0,type_3,rel_11,1,1,1,1,validation:window_4,1,432637.0
4462.0,darpa_theia:n207781,darpa_theia:n219856,type_0,type_3,rel_11,1,1,1,1,validation:window_4,1,432800.0
4463.0,darpa_theia:n207781,darpa_theia:n101611,type_0,type_3,rel_11,1,1,1,1,validation:window_4,1,432925.0
4464.0,darpa_theia:n207781,darpa_theia:n220292,type_0,type_3,rel_11,1,1,1,1,validation:window_4,1,433325.0
4465.0,darpa_theia:n207781,darpa_theia:n220355,type_0,type_3,rel_11,1,1,1,1,validation:window_4,1,433398.0
4466.0,darpa_theia:n207781,darpa_theia:n220551,type_0,type_3,rel_11,1,1,1,1,validation:window_4,1,433633.0
4467.0,darpa_theia:n207781,darpa_theia:n220613,type_0,type_3,rel_11,1,1,1,1,validation:window_4,1,433705.0
4468.0,darpa_theia:n207781,darpa_theia:n220637,type_0,type_3,rel_11,1,1,1,1,validation:window_4,1,433739.0
4469.0,darpa_theia:n207781,darpa_theia:n220644,type_0,type_3,rel_11,1,1,1,1,validation:window_4,1,433750.0
4470.0,darpa_theia:n207781,darpa_theia:n221233,type_0,type_3,rel_11,1,1,1,1,validation:window_4,1,434448.0
4471.0,darpa_theia:n207781,darpa_theia:n85241,type_0,type_3,rel_11,1,1,1,1,validation:window_4,1,434538.0
4472.0,darpa_theia:n207781,darpa_theia:n221379,type_0,type_3,rel_11,1,1,1,1,validation:window_4,1,434623.0
4473.0,darpa_theia:n207781,darpa_theia:n221394,type_0,type_3,rel_11,1,1,1,1,validation:window_4,1,434639.0
4474.0,darpa_theia:n207781,darpa_theia:n221423,type_0,type_3,rel_11,1,1,1,1,validation:window_4,1,434674.0
4475.0,darpa_theia:n207781,darpa_theia:n221469,type_0,type_3,rel_11,1,1,1,1,validation:window_4,1,434733.0
4476.0,darpa_theia:n207781,darpa_theia:n221545,type_0,type_3,rel_11,1,1,1,1,validation:window_4,1,434820.0
4477.0,darpa_theia:n207781,darpa_theia:n221615,type_0,type_3,rel_11,1,1,1,1,validation:window_4,1,434902.0
4478.0,darpa_theia:n207781,darpa_theia:n221634,type_0,type_3,rel_11,1,1,1,1,validation:window_4,1,434928.0
4479.0,darpa_theia:n207781,darpa_theia:n193151,type_0,type_3,rel_11,1,1,1,1,validation:window_4,1,434953.0
4480.0,darpa_theia:n207781,darpa_theia:n221880,type_0,type_3,rel_11,1,1,1,1,validation:window_4,1,435236.0
4481.0,darpa_theia:n207781,darpa_theia:n222106,type_0,type_3,rel_11,1,1,1,1,validation:window_4,1,435502.0
4482.0,darpa_theia:n207781,darpa_theia:n222887,type_0,type_3,rel_11,1,1,1,1,validation:window_4,1,436264.0
4483.0,darpa_theia:n207781,darpa_theia:n223013,type_0,type_3,rel_11,1,1,1,1,validation:window_4,1,436416.0
4484.0,darpa_theia:n207781,darpa_theia:n223014,type_0,type_3,rel_11,1,1,1,1,validation:window_4,1,436417.0
4485.0,darpa_theia:n207781,darpa_theia:n123524,type_0,type_3,rel_11,1,1,1,1,validation:window_4,1,436532.0
4486.0,darpa_theia:n207781,darpa_theia:n223379,type_0,type_3,rel_11,1,1,1,1,validation:window_4,1,436864.0
4487.0,darpa_theia:n207781,darpa_theia:n85160,type_0,type_3,rel_11,1,1,1,1,validation:window_4,1,436972.0
4488.0,darpa_theia:n207781,darpa_theia:n223483,type_0,type_3,rel_11,1,1,1,1,validation:window_4,1,436988.0
4489.0,darpa_theia:n207781,darpa_theia:n223647,type_0,type_3,rel_11,1,1,1,1,validation:window_4,1,437178.0
4490.0,darpa_theia:n207781,darpa_theia:n199637,type_0,type_3,rel_11,1,1,1,1,validation:window_4,1,437825.0
4491.0,darpa_theia:n207781,darpa_theia:n224863,type_0,type_3,rel_11,1,1,1,1,validation:window_4,1,438514.0
4492.0,darpa_theia:n207781,darpa_theia:n85476,type_0,type_3,rel_11,1,1,1,1,validation:window_4,1,438529.0
4493.0,darpa_theia:n207781,darpa_theia:n225013,type_0,type_3,rel_11,1,1,1,1,validation:window_4,1,438703.0
4494.0,darpa_theia:n207781,darpa_theia:n190350,type_0,type_3,rel_11,1,1,1,1,validation:window_4,1,438802.0
4495.0,darpa_theia:n207781,darpa_theia:n152741,type_0,type_3,rel_11,1,1,1,1,validation:window_4,1,438923.0
4496.0,darpa_theia:n207781,darpa_theia:n225185,type_0,type_3,rel_11,1,1,1,1,validation:window_4,1,438924.0
4497.0,darpa_theia:n207781,darpa_theia:n225213,type_0,type_3,rel_11,1,1,1,1,validation:window_4,1,438957.0
4498.0,darpa_theia:n207781,darpa_theia:n225305,type_0,type_3,rel_11,1,1,1,1,validation:window_4,1,439080.0
4499.0,darpa_theia:n207781,darpa_theia:n225510,type_0,type_3,rel_11,1,1,1,1,validation:window_4,1,439327.0
4500.0,darpa_theia:n207781,darpa_theia:n225646,type_0,type_3,rel_11,1,1,1,1,validation:window_4,1,439500.0
4501.0,darpa_theia:n207781,darpa_theia:n225889,type_0,type_3,rel_11,1,1,1,1,test:window_0,1,439808.0
4502.0,darpa_theia:n207781,darpa_theia:n225918,type_0,type_3,rel_11,1,1,1,1,test:window_0,1,439845.0
4503.0,darpa_theia:n207781,darpa_theia:n225922,type_0,type_3,rel_11,1,1,1,1,test:window_0,1,439850.0
4504.0,darpa_theia:n207781,darpa_theia:n225948,type_0,type_3,rel_11,1,1,1,1,test:window_0,1,439884.0
4505.0,darpa_theia:n207781,darpa_theia:n225951,type_0,type_3,rel_11,1,1,1,1,test:window_0,1,439887.0
4506.0,darpa_theia:n207781,darpa_theia:n225994,type_0,type_3,rel_11,1,1,1,1,test:window_0,1,439939.0
4507.0,darpa_theia:n207781,darpa_theia:n226032,type_0,type_3,rel_11,1,1,1,1,test:window_0,1,439984.0
4508.0,darpa_theia:n207781,darpa_theia:n108196,type_0,type_3,rel_11,1,1,1,1,test:window_0,1,439998.0
4509.0,darpa_theia:n207781,darpa_theia:n226045,type_0,type_3,rel_11,1,1,1,1,test:window_0,1,439999.0
4510.0,darpa_theia:n207781,darpa_theia:n226062,type_0,type_3,rel_11,1,1,1,1,test:window_0,1,440018.0
4511.0,darpa_theia:n207781,darpa_theia:n226065,type_0,type_3,rel_11,1,1,1,1,test:window_0,1,440021.0
4512.0,darpa_theia:n207781,darpa_theia:n226129,type_0,type_3,rel_11,1,1,1,1,test:window_0,1,440097.0
4513.0,darpa_theia:n207781,darpa_theia:n90160,type_0,type_3,rel_11,1,1,1,1,test:window_0,1,440108.0
4514.0,darpa_theia:n207781,darpa_theia:n226149,type_0,type_3,rel_11,1,1,1,1,test:window_0,1,440121.0
4515.0,darpa_theia:n207781,darpa_theia:n226222,type_0,type_3,rel_11,1,1,1,1,test:window_0,1,440212.0
4516.0,darpa_theia:n207781,darpa_theia:n226266,type_0,type_3,rel_11,1,1,1,1,test:window_0,1,440263.0
4517.0,darpa_theia:n207781,darpa_theia:n108491,type_0,type_3,rel_11,1,1,1,1,test:window_0,1,440265.0
4518.0,darpa_theia:n207781,darpa_theia:n226300,type_0,type_3,rel_11,1,1,1,1,test:window_0,1,440302.0
4519.0,darpa_theia:n207781,darpa_theia:n113578,type_0,type_3,rel_11,1,1,1,1,test:window_0,1,440373.0
4520.0,darpa_theia:n207781,darpa_theia:n226502,type_0,type_3,rel_11,1,1,1,1,test:window_0,1,440553.0
4521.0,darpa_theia:n207781,darpa_theia:n226538,type_0,type_3,rel_11,1,1,1,1,test:window_0,1,440595.0
4522.0,darpa_theia:n207781,darpa_theia:n207885,type_0,type_3,rel_11,1,1,1,1,test:window_0,1,440600.0
4523.0,darpa_theia:n207781,darpa_theia:n48214,type_0,type_3,rel_11,1,1,1,1,test:window_0,1,440605.0
4524.0,darpa_theia:n207781,darpa_theia:n57927,type_0,type_3,rel_11,1,1,1,1,test:window_0,1,440637.0
4525.0,darpa_theia:n207781,darpa_theia:n226615,type_0,type_3,rel_11,1,1,1,1,test:window_0,1,440690.0
4526.0,darpa_theia:n207781,darpa_theia:n226678,type_0,type_3,rel_11,1,1,1,1,test:window_0,1,440764.0
4527.0,darpa_theia:n207781,darpa_theia:n202886,type_0,type_3,rel_11,1,1,1,1,test:window_0,1,440780.0
4528.0,darpa_theia:n207781,darpa_theia:n226699,type_0,type_3,rel_11,1,1,1,1,test:window_0,1,440792.0
4529.0,darpa_theia:n207781,darpa_theia:n226740,type_0,type_3,rel_11,1,1,1,1,test:window_0,1,440833.0
4530.0,darpa_theia:n207781,darpa_theia:n226757,type_0,type_3,rel_11,1,1,1,1,test:window_0,1,440854.0
4531.0,darpa_theia:n207781,darpa_theia:n182570,type_0,type_3,rel_11,1,1,1,1,test:window_0,1,440890.0
4532.0,darpa_theia:n207781,darpa_theia:n226871,type_0,type_3,rel_11,1,1,1,1,test:window_0,1,440991.0
4533.0,darpa_theia:n207781,darpa_theia:n202841,type_0,type_3,rel_11,1,1,1,1,test:window_0,1,441005.0
4534.0,darpa_theia:n207781,darpa_theia:n226998,type_0,type_3,rel_11,1,1,1,1,test:window_0,1,441150.0
4535.0,darpa_theia:n207781,darpa_theia:n179305,type_0,type_3,rel_11,1,1,1,1,test:window_0,1,441231.0
4536.0,darpa_theia:n207781,darpa_theia:n227090,type_0,type_3,rel_11,1,1,1,1,test:window_0,1,441267.0
4537.0,darpa_theia:n207781,darpa_theia:n227095,type_0,type_3,rel_11,1,1,1,1,test:window_0,1,441272.0
4538.0,darpa_theia:n207781,darpa_theia:n227159,type_0,type_3,rel_11,1,1,1,1,test:window_0,1,441345.0
4539.0,darpa_theia:n207781,darpa_theia:n108385,type_0,type_3,rel_11,1,1,1,1,test:window_0,1,441411.0
4540.0,darpa_theia:n207781,darpa_theia:n227225,type_0,type_3,rel_11,1,1,1,1,test:window_0,1,441423.0
4541.0,darpa_theia:n207781,darpa_theia:n227275,type_0,type_3,rel_11,1,1,1,1,test:window_0,1,441483.0
4542.0,darpa_theia:n207781,darpa_theia:n227342,type_0,type_3,rel_11,1,1,1,1,test:window_0,1,441563.0
4543.0,darpa_theia:n207781,darpa_theia:n227443,type_0,type_3,rel_11,1,1,1,1,test:window_0,1,441694.0
4544.0,darpa_theia:n207781,darpa_theia:n227657,type_0,type_3,rel_11,1,1,1,1,test:window_0,1,441959.0
4545.0,darpa_theia:n207781,darpa_theia:n227679,type_0,type_3,rel_11,1,1,1,1,test:window_0,1,441984.0
4546.0,darpa_theia:n207781,darpa_theia:n227785,type_0,type_3,rel_11,1,1,1,1,test:window_0,1,442103.0
4547.0,darpa_theia:n207781,darpa_theia:n227792,type_0,type_3,rel_11,1,1,1,1,test:window_0,1,442111.0
4548.0,darpa_theia:n207781,darpa_theia:n85188,type_0,type_3,rel_11,1,1,1,1,test:window_0,1,442131.0
4549.0,darpa_theia:n207781,darpa_theia:n227817,type_0,type_3,rel_11,1,1,1,1,test:window_0,1,442141.0
4550.0,darpa_theia:n207781,darpa_theia:n5900,type_0,type_3,rel_11,1,1,1,1,test:window_0,1,442193.0
4551.0,darpa_theia:n207781,darpa_theia:n227881,type_0,type_3,rel_11,1,1,1,1,test:window_0,1,442212.0
4552.0,darpa_theia:n207781,darpa_theia:n227884,type_0,type_3,rel_11,1,1,1,1,test:window_0,1,442215.0
4553.0,darpa_theia:n207781,darpa_theia:n227894,type_0,type_3,rel_11,1,1,1,1,test:window_0,1,442225.0
4554.0,darpa_theia:n207781,darpa_theia:n227912,type_0,type_3,rel_11,1,1,1,1,test:window_0,1,442248.0
4555.0,darpa_theia:n207781,darpa_theia:n227964,type_0,type_3,rel_11,1,1,1,1,test:window_0,1,442306.0
4556.0,darpa_theia:n207781,darpa_theia:n227969,type_0,type_3,rel_11,1,1,1,1,test:window_0,1,442311.0
4557.0,darpa_theia:n207781,darpa_theia:n227995,type_0,type_3,rel_11,1,1,1,1,test:window_0,1,442339.0
4558.0,darpa_theia:n207781,darpa_theia:n227997,type_0,type_3,rel_11,1,1,1,1,test:window_0,1,442342.0
4559.0,darpa_theia:n207781,darpa_theia:n228006,type_0,type_3,rel_11,1,1,1,1,test:window_0,1,442355.0
4560.0,darpa_theia:n207781,darpa_theia:n228031,type_0,type_3,rel_11,1,1,1,1,test:window_0,1,442387.0
4561.0,darpa_theia:n207781,darpa_theia:n228069,type_0,type_3,rel_11,1,1,1,1,test:window_0,1,442432.0
4562.0,darpa_theia:n207781,darpa_theia:n228074,type_0,type_3,rel_11,1,1,1,1,test:window_0,1,442437.0
4563.0,darpa_theia:n207781,darpa_theia:n228124,type_0,type_3,rel_11,1,1,1,1,test:window_0,1,442497.0
4564.0,darpa_theia:n207781,darpa_theia:n228132,type_0,type_3,rel_11,1,1,1,1,test:window_0,1,442507.0
4565.0,darpa_theia:n207781,darpa_theia:n228154,type_0,type_3,rel_11,1,1,1,1,test:window_0,1,442534.0
4566.0,darpa_theia:n207781,darpa_theia:n101629,type_0,type_3,rel_11,1,1,1,1,test:window_0,1,442557.0
4567.0,darpa_theia:n207781,darpa_theia:n228177,type_0,type_3,rel_11,1,1,1,1,test:window_0,1,442560.0
4568.0,darpa_theia:n207781,darpa_theia:n228189,type_0,type_3,rel_11,1,1,1,1,test:window_0,1,442573.0
4569.0,darpa_theia:n207781,darpa_theia:n108344,type_0,type_3,rel_11,1,1,1,1,test:window_0,1,442593.0
4570.0,darpa_theia:n207781,darpa_theia:n228232,type_0,type_3,rel_11,1,1,1,1,test:window_0,1,442626.0
4571.0,darpa_theia:n207781,darpa_theia:n228245,type_0,type_3,rel_11,1,1,1,1,test:window_0,1,442643.0
4572.0,darpa_theia:n207781,darpa_theia:n228265,type_0,type_3,rel_11,1,1,1,1,test:window_0,1,442666.0
4573.0,darpa_theia:n207781,darpa_theia:n88316,type_0,type_3,rel_11,1,1,1,1,test:window_0,1,442669.0
4574.0,darpa_theia:n207781,darpa_theia:n101438,type_0,type_3,rel_11,1,1,1,1,test:window_0,1,442684.0
4575.0,darpa_theia:n207781,darpa_theia:n228314,type_0,type_3,rel_11,1,1,1,1,test:window_0,1,442722.0
4576.0,darpa_theia:n207781,darpa_theia:n113530,type_0,type_3,rel_11,1,1,1,1,test:window_0,1,442813.0
4577.0,darpa_theia:n207781,darpa_theia:n228397,type_0,type_3,rel_11,1,1,1,1,test:window_0,1,442824.0
4578.0,darpa_theia:n207781,darpa_theia:n228424,type_0,type_3,rel_11,1,1,1,1,test:window_0,1,442857.0
4579.0,darpa_theia:n207781,darpa_theia:n228448,type_0,type_3,rel_11,1,1,1,1,test:window_0,1,442884.0
4580.0,darpa_theia:n207781,darpa_theia:n228457,type_0,type_3,rel_11,1,1,1,1,test:window_0,1,442895.0
4581.0,darpa_theia:n207781,darpa_theia:n228491,type_0,type_3,rel_11,1,1,1,1,test:window_0,1,442934.0
4582.0,darpa_theia:n207781,darpa_theia:n228495,type_0,type_3,rel_11,1,1,1,1,test:window_0,1,442938.0
4583.0,darpa_theia:n207781,darpa_theia:n119115,type_0,type_3,rel_11,1,1,1,1,test:window_0,1,442963.0
4584.0,darpa_theia:n207781,darpa_theia:n228533,type_0,type_3,rel_11,1,1,1,1,test:window_0,1,442983.0
4585.0,darpa_theia:n207781,darpa_theia:n228538,type_0,type_3,rel_11,1,1,1,1,test:window_0,1,442988.0
4586.0,darpa_theia:n207781,darpa_theia:n228616,type_0,type_3,rel_11,1,1,1,1,test:window_0,1,443080.0
4587.0,darpa_theia:n207781,darpa_theia:n228646,type_0,type_3,rel_11,1,1,1,1,test:window_0,1,443113.0
4588.0,darpa_theia:n207781,darpa_theia:n228653,type_0,type_3,rel_11,1,1,1,1,test:window_0,1,443123.0
4589.0,darpa_theia:n207781,darpa_theia:n228690,type_0,type_3,rel_11,1,1,1,1,test:window_0,1,443168.0
4590.0,darpa_theia:n207781,darpa_theia:n228710,type_0,type_3,rel_11,1,1,1,1,test:window_0,1,443189.0
4591.0,darpa_theia:n207781,darpa_theia:n228762,type_0,type_3,rel_11,1,1,1,1,test:window_0,1,443246.0
4592.0,darpa_theia:n207781,darpa_theia:n61138,type_0,type_3,rel_11,1,1,1,1,test:window_0,1,443273.0
4593.0,darpa_theia:n207781,darpa_theia:n228821,type_0,type_3,rel_11,1,1,1,1,test:window_0,1,443314.0
4594.0,darpa_theia:n207781,darpa_theia:n228907,type_0,type_3,rel_11,1,1,1,1,test:window_0,1,443425.0
4595.0,darpa_theia:n207781,darpa_theia:n228926,type_0,type_3,rel_11,1,1,1,1,test:window_0,1,443447.0
4596.0,darpa_theia:n207781,darpa_theia:n228984,type_0,type_3,rel_11,1,1,1,1,test:window_0,1,443524.0
4597.0,darpa_theia:n207781,darpa_theia:n229076,type_0,type_3,rel_11,1,1,1,1,test:window_0,1,443638.0
4598.0,darpa_theia:n207811,darpa_theia:n207890,type_0,type_3,rel_11,0,0,0,0,test:window_0,0,443696.0
4599.0,darpa_theia:n207811,darpa_theia:n207910,type_0,type_3,rel_11,0,0,0,0,test:window_0,0,443700.0
4600.0,darpa_theia:n208473,darpa_theia:n185836,type_3,type_0,rel_4,1,0,1,0,test:window_0,1,443857.0
4601.0,darpa_theia:n221440,darpa_theia:n185836,type_3,type_0,rel_4,1,0,1,0,test:window_1,1,444061.0
4602.0,darpa_theia:n222711,darpa_theia:n191,type_0,type_1,rel_0,0,0,0,0,test:window_1,0,444309.0
4603.0,darpa_theia:n223279,darpa_theia:n185836,type_3,type_0,rel_4,1,0,1,0,test:window_1,1,444340.0
4604.0,darpa_theia:n224393,darpa_theia:n224411,type_0,type_2,rel_2,0,0,0,0,test:window_1,0,444386.0
4605.0,darpa_theia:n229091,darpa_theia:n56327,type_0,type_3,rel_11,0,0,0,0,test:window_1,0,444633.0
4606.0,darpa_theia:n229353,darpa_theia:n73374,type_0,type_3,rel_11,0,0,0,0,test:window_1,0,445075.0
4607.0,darpa_theia:n229392,darpa_theia:n257837,type_0,type_3,rel_11,0,0,0,0,test:window_1,0,445207.0
4608.0,darpa_theia:n229395,darpa_theia:n229487,type_0,type_3,rel_11,0,0,0,0,test:window_1,0,445228.0
4609.0,darpa_theia:n229402,darpa_theia:n229409,type_0,type_3,rel_11,0,0,0,0,test:window_1,0,445285.0
4610.0,darpa_theia:n229426,darpa_theia:n268434,type_3,type_0,rel_4,0,0,0,0,test:window_1,0,445316.0
4611.0,darpa_theia:n229450,darpa_theia:n229401,type_3,type_0,rel_4,0,0,0,0,test:window_1,0,445340.0
4612.0,darpa_theia:n229466,darpa_theia:n195,type_0,type_1,rel_0,0,0,0,0,test:window_1,0,445360.0
4613.0,darpa_theia:n229558,darpa_theia:n197,type_0,type_1,rel_0,0,0,0,0,test:window_1,0,445488.0
4614.0,darpa_theia:n229573,darpa_theia:n229652,type_0,type_3,rel_11,0,0,0,0,test:window_1,0,445551.0
4615.0,darpa_theia:n229658,darpa_theia:n229710,type_0,type_2,rel_2,0,0,0,0,test:window_1,0,445714.0
4616.0,darpa_theia:n229658,darpa_theia:n229788,type_0,type_2,rel_2,0,0,0,0,test:window_1,0,445836.0
4617.0,darpa_theia:n229863,darpa_theia:n9920,type_0,type_1,rel_9,0,0,0,0,test:window_1,0,445976.0
4618.0,darpa_theia:n229914,darpa_theia:n329,type_0,type_1,rel_0,0,0,0,0,test:window_1,0,446050.0
4619.0,darpa_theia:n230141,darpa_theia:n230150,type_0,type_2,rel_10,0,0,0,0,test:window_1,0,446461.0
4620.0,darpa_theia:n230239,darpa_theia:n230252,type_0,type_2,rel_2,0,0,0,0,test:window_1,0,446599.0
4621.0,darpa_theia:n230267,darpa_theia:n230275,type_0,type_2,rel_2,0,0,0,0,test:window_1,0,446631.0
4622.0,darpa_theia:n230295,darpa_theia:n230308,type_0,type_2,rel_2,0,0,0,0,test:window_1,0,446674.0
4623.0,darpa_theia:n230449,darpa_theia:n230450,type_0,type_2,rel_2,0,0,0,0,test:window_1,0,446867.0
4624.0,darpa_theia:n230672,darpa_theia:n230674,type_0,type_2,rel_2,0,0,0,0,test:window_1,0,447171.0
4625.0,darpa_theia:n230672,darpa_theia:n230676,type_0,type_2,rel_2,0,0,0,0,test:window_1,0,447173.0
4626.0,darpa_theia:n230772,darpa_theia:n230784,type_0,type_2,rel_10,0,0,0,0,test:window_1,0,447358.0
4627.0,darpa_theia:n230867,darpa_theia:n10060,type_0,type_1,rel_0,0,0,0,0,test:window_1,0,447550.0
4628.0,darpa_theia:n230953,darpa_theia:n230975,type_0,type_2,rel_2,0,0,0,0,test:window_1,0,447686.0
4629.0,darpa_theia:n231074,darpa_theia:n231084,type_0,type_2,rel_2,0,0,0,0,test:window_1,0,447879.0
4630.0,darpa_theia:n231230,darpa_theia:n231232,type_0,type_0,rel_8,0,0,0,0,test:window_1,0,448349.0
4631.0,darpa_theia:n231452,darpa_theia:n231466,type_0,type_2,rel_2,0,0,0,0,test:window_1,0,448667.0
4632.0,darpa_theia:n231690,darpa_theia:n11295,type_0,type_1,rel_9,0,0,0,0,test:window_1,0,448972.0
4633.0,darpa_theia:n231690,darpa_theia:n231699,type_0,type_2,rel_10,0,0,0,0,test:window_1,0,448985.0
4634.0,darpa_theia:n231810,darpa_theia:n231819,type_0,type_2,rel_10,0,0,0,0,test:window_1,0,449147.0
4635.0,darpa_theia:n231830,darpa_theia:n231840,type_0,type_2,rel_2,0,0,0,0,test:window_1,0,449175.0
4636.0,darpa_theia:n231830,darpa_theia:n895,type_0,type_1,rel_0,0,0,0,0,test:window_1,0,449182.0
4637.0,darpa_theia:n231996,darpa_theia:n899,type_0,type_1,rel_0,0,0,0,0,test:window_1,0,449400.0
4638.0,darpa_theia:n231996,darpa_theia:n232034,type_0,type_2,rel_10,0,0,0,0,test:window_1,0,449434.0
4639.0,darpa_theia:n232133,darpa_theia:n232138,type_0,type_2,rel_2,0,0,0,0,test:window_1,0,449622.0
4640.0,darpa_theia:n232133,darpa_theia:n232151,type_0,type_2,rel_10,0,0,0,0,test:window_1,0,449639.0
4641.0,darpa_theia:n232367,darpa_theia:n10080,type_0,type_1,rel_0,0,0,0,0,test:window_1,0,450053.0
4642.0,darpa_theia:n232549,darpa_theia:n232559,type_0,type_2,rel_2,0,0,0,0,test:window_1,0,450295.0
4643.0,darpa_theia:n232661,darpa_theia:n329,type_0,type_1,rel_0,0,0,0,0,test:window_1,0,450434.0
4644.0,darpa_theia:n232857,darpa_theia:n232865,type_0,type_2,rel_2,0,0,0,0,test:window_1,0,450711.0
4645.0,darpa_theia:n232955,darpa_theia:n885,type_0,type_1,rel_0,0,0,0,0,test:window_1,0,450839.0
4646.0,darpa_theia:n233163,darpa_theia:n881,type_0,type_1,rel_0,0,0,0,0,test:window_1,0,451186.0
4647.0,darpa_theia:n233277,darpa_theia:n233289,type_0,type_2,rel_10,0,0,0,0,test:window_1,0,451391.0
4648.0,darpa_theia:n233363,darpa_theia:n233368,type_0,type_2,rel_2,0,0,0,0,test:window_1,0,451538.0
4649.0,darpa_theia:n233401,darpa_theia:n11159,type_0,type_1,rel_9,0,0,0,0,test:window_1,0,451587.0
4650.0,darpa_theia:n233469,darpa_theia:n233607,type_0,type_0,rel_8,0,0,0,0,test:window_1,0,451809.0
4651.0,darpa_theia:n233469,darpa_theia:n11851,type_0,type_1,rel_0,0,0,0,0,test:window_1,0,451959.0
4652.0,darpa_theia:n233629,darpa_theia:n233634,type_0,type_2,rel_2,0,0,0,0,test:window_1,0,452169.0
4653.0,darpa_theia:n233629,darpa_theia:n1121,type_0,type_1,rel_0,0,0,0,0,test:window_1,0,452178.0
4654.0,darpa_theia:n233729,darpa_theia:n233730,type_0,type_2,rel_2,0,0,0,0,test:window_1,0,452298.0
4655.0,darpa_theia:n233769,darpa_theia:n233778,type_0,type_2,rel_10,0,0,0,0,test:window_1,0,452363.0
4656.0,darpa_theia:n233810,darpa_theia:n1121,type_0,type_1,rel_0,0,0,0,0,test:window_1,0,452467.0
4657.0,darpa_theia:n233860,darpa_theia:n885,type_0,type_1,rel_0,0,0,0,0,test:window_1,0,452479.0
4658.0,darpa_theia:n233927,darpa_theia:n233932,type_0,type_2,rel_2,0,0,0,0,test:window_1,0,452575.0
4659.0,darpa_theia:n234065,darpa_theia:n234069,type_0,type_2,rel_2,0,0,0,0,test:window_1,0,452760.0
4660.0,darpa_theia:n234145,darpa_theia:n234150,type_0,type_2,rel_2,0,0,0,0,test:window_1,0,452870.0
4661.0,darpa_theia:n234165,darpa_theia:n234175,type_0,type_2,rel_2,0,0,0,0,test:window_1,0,452903.0
4662.0,darpa_theia:n234315,darpa_theia:n234400,type_0,type_2,rel_2,0,0,0,0,test:window_1,0,453222.0
4663.0,darpa_theia:n234452,darpa_theia:n234464,type_0,type_2,rel_2,0,0,0,0,test:window_1,0,453343.0
4664.0,darpa_theia:n234548,darpa_theia:n9937,type_0,type_1,rel_9,0,0,0,0,test:window_1,0,453466.0
4665.0,darpa_theia:n234615,darpa_theia:n329,type_0,type_1,rel_0,0,0,0,0,test:window_1,0,453611.0
4666.0,darpa_theia:n234686,darpa_theia:n234694,type_0,type_2,rel_2,0,0,0,0,test:window_1,0,453756.0
4667.0,darpa_theia:n234715,darpa_theia:n234716,type_0,type_2,rel_2,0,0,0,0,test:window_1,0,453787.0
4668.0,darpa_theia:n234785,darpa_theia:n1097,type_0,type_1,rel_0,0,0,0,0,test:window_1,0,453883.0
4669.0,darpa_theia:n234911,darpa_theia:n234918,type_0,type_2,rel_2,0,0,0,0,test:window_1,0,454061.0
4670.0,darpa_theia:n234911,darpa_theia:n234921,type_0,type_2,rel_2,0,0,0,0,test:window_1,0,454065.0
4671.0,darpa_theia:n235303,darpa_theia:n235312,type_0,type_2,rel_10,0,0,0,0,test:window_1,0,454596.0
4672.0,darpa_theia:n235388,darpa_theia:n235403,type_0,type_2,rel_10,0,0,0,0,test:window_1,0,454739.0
4673.0,darpa_theia:n235464,darpa_theia:n235465,type_0,type_2,rel_2,0,0,0,0,test:window_1,0,454845.0
4674.0,darpa_theia:n235526,darpa_theia:n10053,type_0,type_1,rel_0,0,0,0,0,test:window_1,0,454997.0
4675.0,darpa_theia:n235612,darpa_theia:n10055,type_0,type_1,rel_0,0,0,0,0,test:window_1,0,455155.0
4676.0,darpa_theia:n235789,darpa_theia:n235808,type_0,type_2,rel_2,0,0,0,0,test:window_1,0,455432.0
4677.0,darpa_theia:n235789,darpa_theia:n235809,type_0,type_2,rel_10,0,0,0,0,test:window_1,0,455433.0
4678.0,darpa_theia:n235850,darpa_theia:n235864,type_0,type_2,rel_2,0,0,0,0,test:window_1,0,455763.0
4679.0,darpa_theia:n236109,darpa_theia:n236126,type_0,type_2,rel_2,0,0,0,0,test:window_1,0,456117.0
4680.0,darpa_theia:n236130,darpa_theia:n236149,type_0,type_2,rel_10,0,0,0,0,test:window_1,0,456152.0
4681.0,darpa_theia:n236131,darpa_theia:n891,type_0,type_1,rel_0,0,0,0,0,test:window_1,0,456186.0
4682.0,darpa_theia:n236347,darpa_theia:n236352,type_0,type_2,rel_2,0,0,0,0,test:window_1,0,456426.0
4683.0,darpa_theia:n236347,darpa_theia:n236360,type_0,type_2,rel_2,0,0,0,0,test:window_1,0,456436.0
4684.0,darpa_theia:n236578,darpa_theia:n236584,type_0,type_2,rel_10,0,0,0,0,test:window_1,0,456741.0
4685.0,darpa_theia:n236636,darpa_theia:n236640,type_0,type_2,rel_2,0,0,0,0,test:window_1,0,456818.0
4686.0,darpa_theia:n236636,darpa_theia:n236715,type_0,type_2,rel_2,0,0,0,0,test:window_1,0,456933.0
4687.0,darpa_theia:n236636,darpa_theia:n9817,type_0,type_1,rel_0,0,0,0,0,test:window_1,0,457007.0
4688.0,darpa_theia:n236636,darpa_theia:n9828,type_0,type_1,rel_0,0,0,0,0,test:window_1,0,457017.0
4689.0,darpa_theia:n236841,darpa_theia:n236910,type_0,type_0,rel_8,0,0,0,0,test:window_1,0,457154.0
4690.0,darpa_theia:n236910,darpa_theia:n237176,type_0,type_0,rel_8,0,0,0,0,test:window_1,0,457270.0
4691.0,darpa_theia:n236922,darpa_theia:n236926,type_0,type_2,rel_2,0,0,0,0,test:window_1,0,457315.0
4692.0,darpa_theia:n236936,darpa_theia:n918,type_0,type_1,rel_0,0,0,0,0,test:window_1,0,457339.0
4693.0,darpa_theia:n236964,darpa_theia:n329,type_0,type_1,rel_0,0,0,0,0,test:window_1,0,457385.0
4694.0,darpa_theia:n237036,darpa_theia:n881,type_0,type_1,rel_0,0,0,0,0,test:window_1,0,457514.0
4695.0,darpa_theia:n237036,darpa_theia:n237046,type_0,type_2,rel_2,0,0,0,0,test:window_1,0,457517.0
4696.0,darpa_theia:n237120,darpa_theia:n237123,type_0,type_2,rel_10,0,0,0,0,test:window_1,0,457622.0
4697.0,darpa_theia:n237176,darpa_theia:n237188,type_0,type_2,rel_10,0,0,0,0,test:window_1,0,457709.0
4698.0,darpa_theia:n237568,darpa_theia:n1121,type_0,type_1,rel_0,0,0,0,0,test:window_1,0,458242.0
4699.0,darpa_theia:n237582,darpa_theia:n237591,type_0,type_2,rel_10,0,0,0,0,test:window_1,0,458257.0
4700.0,darpa_theia:n237804,darpa_theia:n10056,type_0,type_1,rel_0,0,0,0,0,test:window_1,0,458640.0
4701.0,darpa_theia:n237933,darpa_theia:n914,type_0,type_1,rel_0,0,0,0,0,test:window_2,0,458859.0
4702.0,darpa_theia:n238068,darpa_theia:n238070,type_0,type_2,rel_2,0,0,0,0,test:window_2,0,459060.0
4703.0,darpa_theia:n238108,darpa_theia:n236708,type_0,type_3,rel_12,0,0,0,0,test:window_2,0,459114.0
4704.0,darpa_theia:n238110,darpa_theia:n11683,type_0,type_1,rel_0,0,0,0,0,test:window_2,0,459278.0
4705.0,darpa_theia:n238110,darpa_theia:n11690,type_0,type_1,rel_0,0,0,0,0,test:window_2,0,459285.0
4706.0,darpa_theia:n238110,darpa_theia:n11760,type_0,type_1,rel_0,0,0,0,0,test:window_2,0,459302.0
4707.0,darpa_theia:n238289,darpa_theia:n238303,type_0,type_2,rel_2,0,0,0,0,test:window_2,0,459644.0
4708.0,darpa_theia:n238389,darpa_theia:n238400,type_0,type_2,rel_10,0,0,0,0,test:window_2,0,459774.0
4709.0,darpa_theia:n238568,darpa_theia:n238588,type_0,type_2,rel_2,0,0,0,0,test:window_2,0,460032.0
4710.0,darpa_theia:n238596,darpa_theia:n238597,type_0,type_2,rel_2,0,0,0,0,test:window_2,0,460045.0
4711.0,darpa_theia:n238746,darpa_theia:n891,type_0,type_1,rel_0,0,0,0,0,test:window_2,0,460263.0
4712.0,darpa_theia:n238783,darpa_theia:n238784,type_0,type_0,rel_8,0,0,0,0,test:window_2,0,460296.0
4713.0,darpa_theia:n238991,darpa_theia:n238919,type_3,type_0,rel_4,0,0,0,0,test:window_2,0,460619.0
4714.0,darpa_theia:n239057,darpa_theia:n239072,type_0,type_2,rel_2,0,0,0,0,test:window_2,0,460722.0
4715.0,darpa_theia:n239363,darpa_theia:n239657,type_0,type_0,rel_8,0,0,0,0,test:window_2,0,461206.0
4716.0,darpa_theia:n239657,darpa_theia:n1097,type_0,type_1,rel_0,0,0,0,0,test:window_2,0,461667.0
4717.0,darpa_theia:n239923,darpa_theia:n239927,type_0,type_2,rel_2,0,0,0,0,test:window_2,0,462030.0
4718.0,darpa_theia:n239923,darpa_theia:n1121,type_0,type_1,rel_0,0,0,0,0,test:window_2,0,462041.0
4719.0,darpa_theia:n240190,darpa_theia:n1261,type_0,type_1,rel_0,0,0,0,0,test:window_2,0,462423.0
4720.0,darpa_theia:n240219,darpa_theia:n240224,type_0,type_2,rel_10,0,0,0,0,test:window_2,0,462472.0
4721.0,darpa_theia:n240371,darpa_theia:n240373,type_0,type_2,rel_2,0,0,0,0,test:window_2,0,462742.0
4722.0,darpa_theia:n240554,darpa_theia:n885,type_0,type_1,rel_0,0,0,0,0,test:window_2,0,463035.0
4723.0,darpa_theia:n240563,darpa_theia:n11759,type_0,type_1,rel_0,0,0,0,0,test:window_2,0,463233.0
4724.0,darpa_theia:n240563,darpa_theia:n11825,type_0,type_1,rel_0,0,0,0,0,test:window_2,0,463299.0
4725.0,darpa_theia:n241062,darpa_theia:n241066,type_0,type_2,rel_2,0,0,0,0,test:window_2,0,463992.0
4726.0,darpa_theia:n241280,darpa_theia:n241282,type_0,type_0,rel_8,0,0,0,0,test:window_2,0,464282.0
4727.0,darpa_theia:n241303,darpa_theia:n241326,type_0,type_2,rel_2,0,0,0,0,test:window_2,0,464347.0
4728.0,darpa_theia:n241373,darpa_theia:n241394,type_0,type_2,rel_2,0,0,0,0,test:window_2,0,464437.0
4729.0,darpa_theia:n241373,darpa_theia:n241396,type_0,type_2,rel_2,0,0,0,0,test:window_2,0,464439.0
4730.0,darpa_theia:n241373,darpa_theia:n241397,type_0,type_2,rel_10,0,0,0,0,test:window_2,0,464440.0
4731.0,darpa_theia:n241400,darpa_theia:n241419,type_0,type_2,rel_2,0,0,0,0,test:window_2,0,464468.0
4732.0,darpa_theia:n241870,darpa_theia:n241874,type_0,type_2,rel_2,0,0,0,0,test:window_2,0,465235.0
4733.0,darpa_theia:n241996,darpa_theia:n241998,type_0,type_2,rel_2,0,0,0,0,test:window_2,0,465404.0
4734.0,darpa_theia:n242430,darpa_theia:n242458,type_0,type_0,rel_8,0,0,0,0,test:window_2,0,466042.0
4735.0,darpa_theia:n242556,darpa_theia:n242558,type_0,type_2,rel_2,0,0,0,0,test:window_2,0,466207.0
4736.0,darpa_theia:n242568,darpa_theia:n242596,type_0,type_0,rel_8,0,0,0,0,test:window_2,0,466278.0
4737.0,darpa_theia:n242654,darpa_theia:n242677,type_0,type_2,rel_2,0,0,0,0,test:window_2,0,466413.0
4738.0,darpa_theia:n242740,darpa_theia:n10020,type_0,type_1,rel_0,0,0,0,0,test:window_2,0,466540.0
4739.0,darpa_theia:n242832,darpa_theia:n11187,type_0,type_1,rel_9,0,0,0,0,test:window_2,0,466687.0
4740.0,darpa_theia:n242846,darpa_theia:n242847,type_0,type_2,rel_2,0,0,0,0,test:window_2,0,466708.0
4741.0,darpa_theia:n242874,darpa_theia:n242898,type_0,type_2,rel_2,0,0,0,0,test:window_2,0,466786.0
4742.0,darpa_theia:n243032,darpa_theia:n243034,type_0,type_0,rel_8,0,0,0,0,test:window_2,0,467225.0
4743.0,darpa_theia:n243074,darpa_theia:n243091,type_0,type_2,rel_2,0,0,0,0,test:window_2,0,467304.0
4744.0,darpa_theia:n243174,darpa_theia:n881,type_0,type_1,rel_0,0,0,0,0,test:window_2,0,467426.0
4745.0,darpa_theia:n243192,darpa_theia:n243194,type_0,type_0,rel_8,0,0,0,0,test:window_2,0,467441.0
4746.0,darpa_theia:n243392,darpa_theia:n881,type_0,type_1,rel_0,0,0,0,0,test:window_2,0,467724.0
4747.0,darpa_theia:n243472,darpa_theia:n885,type_0,type_1,rel_0,0,0,0,0,test:window_2,0,467828.0
4748.0,darpa_theia:n243552,darpa_theia:n243568,type_0,type_2,rel_2,0,0,0,0,test:window_2,0,467952.0
4749.0,darpa_theia:n243612,darpa_theia:n895,type_0,type_1,rel_0,0,0,0,0,test:window_2,0,468033.0
4750.0,darpa_theia:n243663,darpa_theia:n147586,type_0,type_1,rel_0,0,0,0,0,test:window_2,0,468155.0
4751.0,darpa_theia:n243663,darpa_theia:n147609,type_0,type_1,rel_0,0,0,0,0,test:window_2,0,468178.0
4752.0,darpa_theia:n243663,darpa_theia:n147784,type_0,type_1,rel_0,0,0,0,0,test:window_2,0,468352.0
4753.0,darpa_theia:n243772,darpa_theia:n9895,type_0,type_1,rel_9,0,0,0,0,test:window_2,0,468598.0
4754.0,darpa_theia:n243781,darpa_theia:n1261,type_0,type_1,rel_0,0,0,0,0,test:window_2,0,468608.0
4755.0,darpa_theia:n243809,darpa_theia:n243832,type_0,type_2,rel_10,0,0,0,0,test:window_2,0,468674.0
4756.0,darpa_theia:n243809,darpa_theia:n243895,type_0,type_2,rel_2,0,0,0,0,test:window_2,0,468775.0
4757.0,darpa_theia:n244083,darpa_theia:n244543,type_0,type_0,rel_8,0,0,0,0,test:window_2,0,469116.0
4758.0,darpa_theia:n244109,darpa_theia:n910,type_0,type_1,rel_0,0,0,0,0,test:window_2,0,469167.0
4759.0,darpa_theia:n244445,darpa_theia:n1121,type_0,type_1,rel_0,0,0,0,0,test:window_2,0,469673.0
4760.0,darpa_theia:n244654,darpa_theia:n244657,type_0,type_2,rel_10,0,0,0,0,test:window_2,0,469944.0
4761.0,darpa_theia:n244668,darpa_theia:n244679,type_0,type_2,rel_10,0,0,0,0,test:window_2,0,469973.0
4762.0,darpa_theia:n244696,darpa_theia:n244704,type_0,type_2,rel_2,0,0,0,0,test:window_2,0,470008.0
4763.0,darpa_theia:n244724,darpa_theia:n244734,type_0,type_2,rel_2,0,0,0,0,test:window_2,0,470048.0
4764.0,darpa_theia:n244836,darpa_theia:n244852,type_0,type_2,rel_2,0,0,0,0,test:window_2,0,470208.0
4765.0,darpa_theia:n244955,darpa_theia:n329,type_0,type_1,rel_0,0,0,0,0,test:window_2,0,470390.0
4766.0,darpa_theia:n245002,darpa_theia:n885,type_0,type_1,rel_0,0,0,0,0,test:window_2,0,470485.0
4767.0,darpa_theia:n245017,darpa_theia:n1634,type_0,type_1,rel_0,0,0,0,0,test:window_2,0,470519.0
4768.0,darpa_theia:n245189,darpa_theia:n245201,type_0,type_2,rel_10,0,0,0,0,test:window_2,0,470827.0
4769.0,darpa_theia:n245280,darpa_theia:n11830,type_0,type_1,rel_0,0,0,0,0,test:window_2,0,471198.0
4770.0,darpa_theia:n245310,darpa_theia:n245313,type_0,type_2,rel_10,0,0,0,0,test:window_2,0,471251.0
4771.0,darpa_theia:n245341,darpa_theia:n245358,type_0,type_2,rel_2,0,0,0,0,test:window_2,0,471311.0
4772.0,darpa_theia:n245438,darpa_theia:n245439,type_0,type_0,rel_8,0,0,0,0,test:window_2,0,471419.0
4773.0,darpa_theia:n245480,darpa_theia:n245495,type_0,type_2,rel_2,0,0,0,0,test:window_2,0,471497.0
4774.0,darpa_theia:n245520,darpa_theia:n11295,type_0,type_1,rel_9,0,0,0,0,test:window_2,0,471529.0
4775.0,darpa_theia:n245560,darpa_theia:n245571,type_0,type_2,rel_10,0,0,0,0,test:window_2,0,471598.0
4776.0,darpa_theia:n245620,darpa_theia:n245654,type_0,type_2,rel_10,0,0,0,0,test:window_2,0,471675.0
4777.0,darpa_theia:n245739,darpa_theia:n245744,type_0,type_2,rel_2,0,0,0,0,test:window_2,0,471836.0
4778.0,darpa_theia:n245838,darpa_theia:n11295,type_0,type_1,rel_9,0,0,0,0,test:window_2,0,471962.0
4779.0,darpa_theia:n245938,darpa_theia:n245951,type_0,type_2,rel_2,0,0,0,0,test:window_2,0,472115.0
4780.0,darpa_theia:n246069,darpa_theia:n147674,type_0,type_1,rel_0,0,0,0,0,test:window_2,0,472437.0
4781.0,darpa_theia:n246069,darpa_theia:n147752,type_0,type_1,rel_0,0,0,0,0,test:window_2,0,472515.0
4782.0,darpa_theia:n246069,darpa_theia:n147833,type_0,type_1,rel_0,0,0,0,0,test:window_2,0,472595.0
4783.0,darpa_theia:n246109,darpa_theia:n12284,type_0,type_1,rel_9,0,0,0,0,test:window_2,0,472679.0
4784.0,darpa_theia:n246156,darpa_theia:n9782,type_0,type_1,rel_0,0,0,0,0,test:window_2,0,472897.0
4785.0,darpa_theia:n246374,darpa_theia:n885,type_0,type_1,rel_0,0,0,0,0,test:window_2,0,473089.0
4786.0,darpa_theia:n246374,darpa_theia:n1822,type_0,type_1,rel_0,0,0,0,0,test:window_2,0,473095.0
4787.0,darpa_theia:n246430,darpa_theia:n885,type_0,type_1,rel_0,0,0,0,0,test:window_2,0,473169.0
4788.0,darpa_theia:n246499,darpa_theia:n10057,type_0,type_1,rel_0,0,0,0,0,test:window_2,0,473378.0
4789.0,darpa_theia:n246584,darpa_theia:n246591,type_0,type_2,rel_2,0,0,0,0,test:window_2,0,473476.0
4790.0,darpa_theia:n246836,darpa_theia:n246839,type_0,type_2,rel_10,0,0,0,0,test:window_2,0,473813.0
4791.0,darpa_theia:n246906,darpa_theia:n1121,type_0,type_1,rel_0,0,0,0,0,test:window_2,0,473920.0
4792.0,darpa_theia:n247074,darpa_theia:n247076,type_0,type_2,rel_2,0,0,0,0,test:window_2,0,474135.0
4793.0,darpa_theia:n247102,darpa_theia:n247111,type_0,type_2,rel_10,0,0,0,0,test:window_2,0,474182.0
4794.0,darpa_theia:n247130,darpa_theia:n1097,type_0,type_1,rel_0,0,0,0,0,test:window_2,0,474210.0
4795.0,darpa_theia:n247143,darpa_theia:n247155,type_0,type_2,rel_10,0,0,0,0,test:window_2,0,474241.0
4796.0,darpa_theia:n247284,darpa_theia:n247290,type_0,type_2,rel_10,0,0,0,0,test:window_2,0,474464.0
4797.0,darpa_theia:n247310,darpa_theia:n247315,type_0,type_2,rel_10,0,0,0,0,test:window_2,0,474502.0
4798.0,darpa_theia:n247365,darpa_theia:n1634,type_0,type_1,rel_0,0,0,0,0,test:window_2,0,474614.0
4799.0,darpa_theia:n247606,darpa_theia:n247616,type_0,type_2,rel_2,0,0,0,0,test:window_2,0,475019.0
4800.0,darpa_theia:n247627,darpa_theia:n11802,type_0,type_1,rel_0,0,0,0,0,test:window_2,0,475264.0
4801.0,darpa_theia:n247866,darpa_theia:n247877,type_0,type_2,rel_10,0,0,0,0,test:window_3,0,475635.0
4802.0,darpa_theia:n247946,darpa_theia:n247957,type_0,type_2,rel_10,0,0,0,0,test:window_3,0,475743.0
4803.0,darpa_theia:n247966,darpa_theia:n1097,type_0,type_1,rel_0,0,0,0,0,test:window_3,0,475760.0
4804.0,darpa_theia:n247967,darpa_theia:n247984,type_0,type_2,rel_2,0,0,0,0,test:window_3,0,475784.0
4805.0,darpa_theia:n248284,darpa_theia:n1121,type_0,type_1,rel_0,0,0,0,0,test:window_3,0,476205.0
4806.0,darpa_theia:n248366,darpa_theia:n248380,type_0,type_2,rel_2,0,0,0,0,test:window_3,0,476363.0
4807.0,darpa_theia:n248415,darpa_theia:n11241,type_0,type_1,rel_5,0,0,0,0,test:window_3,0,476378.0
4808.0,darpa_theia:n248422,darpa_theia:n248520,type_0,type_1,rel_0,0,0,0,0,test:window_3,0,476483.0
4809.0,darpa_theia:n248422,darpa_theia:n248522,type_0,type_1,rel_0,0,0,0,0,test:window_3,0,476485.0
4810.0,darpa_theia:n248422,darpa_theia:n248594,type_0,type_1,rel_0,0,0,0,0,test:window_3,0,476557.0
4811.0,darpa_theia:n248422,darpa_theia:n248595,type_0,type_1,rel_0,0,0,0,0,test:window_3,0,476558.0
4812.0,darpa_theia:n248422,darpa_theia:n248610,type_0,type_1,rel_0,0,0,0,0,test:window_3,0,476573.0
4813.0,darpa_theia:n248422,darpa_theia:n249102,type_0,type_1,rel_0,0,0,0,0,test:window_3,0,477065.0
4814.0,darpa_theia:n248422,darpa_theia:n249182,type_0,type_1,rel_0,0,0,0,0,test:window_3,0,477145.0
4815.0,darpa_theia:n248422,darpa_theia:n249255,type_0,type_1,rel_0,0,0,0,0,test:window_3,0,477218.0
4816.0,darpa_theia:n248422,darpa_theia:n249551,type_0,type_1,rel_0,0,0,0,0,test:window_3,0,477514.0
4817.0,darpa_theia:n248422,darpa_theia:n249605,type_0,type_1,rel_0,0,0,0,0,test:window_3,0,477568.0
4818.0,darpa_theia:n248422,darpa_theia:n249872,type_0,type_1,rel_0,0,0,0,0,test:window_3,0,477835.0
4819.0,darpa_theia:n248422,darpa_theia:n249889,type_0,type_1,rel_0,0,0,0,0,test:window_3,0,477852.0
4820.0,darpa_theia:n248422,darpa_theia:n249978,type_0,type_1,rel_0,0,0,0,0,test:window_3,0,477941.0
4821.0,darpa_theia:n248422,darpa_theia:n250033,type_0,type_1,rel_0,0,0,0,0,test:window_3,0,477996.0
4822.0,darpa_theia:n248422,darpa_theia:n250425,type_0,type_1,rel_0,0,0,0,0,test:window_3,0,478388.0
4823.0,darpa_theia:n248422,darpa_theia:n250452,type_0,type_1,rel_0,0,0,0,0,test:window_3,0,478415.0
4824.0,darpa_theia:n248422,darpa_theia:n250470,type_0,type_1,rel_0,0,0,0,0,test:window_3,0,478433.0
4825.0,darpa_theia:n248422,darpa_theia:n250551,type_0,type_1,rel_0,0,0,0,0,test:window_3,0,478514.0
4826.0,darpa_theia:n248422,darpa_theia:n250583,type_0,type_1,rel_0,0,0,0,0,test:window_3,0,478546.0
4827.0,darpa_theia:n248422,darpa_theia:n250609,type_0,type_1,rel_0,0,0,0,0,test:window_3,0,478572.0
4828.0,darpa_theia:n248422,darpa_theia:n250733,type_0,type_1,rel_0,0,0,0,0,test:window_3,0,478696.0
4829.0,darpa_theia:n248422,darpa_theia:n250773,type_0,type_1,rel_0,0,0,0,0,test:window_3,0,478736.0
4830.0,darpa_theia:n248422,darpa_theia:n251051,type_0,type_1,rel_0,0,0,0,0,test:window_3,0,479012.0
4831.0,darpa_theia:n248422,darpa_theia:n251240,type_0,type_1,rel_0,0,0,0,0,test:window_3,0,479201.0
4832.0,darpa_theia:n248422,darpa_theia:n251283,type_0,type_1,rel_0,0,0,0,0,test:window_3,0,479244.0
4833.0,darpa_theia:n248422,darpa_theia:n251487,type_0,type_1,rel_0,0,0,0,0,test:window_3,0,479448.0
4834.0,darpa_theia:n248422,darpa_theia:n251719,type_0,type_1,rel_0,0,0,0,0,test:window_3,0,479680.0
4835.0,darpa_theia:n248422,darpa_theia:n251828,type_0,type_1,rel_0,0,0,0,0,test:window_3,0,479789.0
4836.0,darpa_theia:n248422,darpa_theia:n251859,type_0,type_1,rel_0,0,0,0,0,test:window_3,0,479820.0
4837.0,darpa_theia:n248422,darpa_theia:n252160,type_0,type_1,rel_0,0,0,0,0,test:window_3,0,480121.0
4838.0,darpa_theia:n248422,darpa_theia:n252229,type_0,type_1,rel_0,0,0,0,0,test:window_3,0,480190.0
4839.0,darpa_theia:n248422,darpa_theia:n252341,type_0,type_1,rel_0,0,0,0,0,test:window_3,0,480302.0
4840.0,darpa_theia:n248422,darpa_theia:n252713,type_0,type_1,rel_0,0,0,0,0,test:window_3,0,480674.0
4841.0,darpa_theia:n248422,darpa_theia:n252885,type_0,type_1,rel_0,0,0,0,0,test:window_3,0,480846.0
4842.0,darpa_theia:n248422,darpa_theia:n252925,type_0,type_1,rel_0,0,0,0,0,test:window_3,0,480886.0
4843.0,darpa_theia:n248422,darpa_theia:n253205,type_0,type_1,rel_0,0,0,0,0,test:window_3,0,481166.0
4844.0,darpa_theia:n248422,darpa_theia:n253227,type_0,type_1,rel_0,0,0,0,0,test:window_3,0,481188.0
4845.0,darpa_theia:n248422,darpa_theia:n253231,type_0,type_1,rel_0,0,0,0,0,test:window_3,0,481192.0
4846.0,darpa_theia:n248422,darpa_theia:n253381,type_0,type_1,rel_0,0,0,0,0,test:window_3,0,481342.0
4847.0,darpa_theia:n248422,darpa_theia:n253399,type_0,type_1,rel_0,0,0,0,0,test:window_3,0,481360.0
4848.0,darpa_theia:n248422,darpa_theia:n253467,type_0,type_1,rel_0,0,0,0,0,test:window_3,0,481428.0
4849.0,darpa_theia:n248422,darpa_theia:n253849,type_0,type_1,rel_0,0,0,0,0,test:window_3,0,481810.0
4850.0,darpa_theia:n248422,darpa_theia:n253865,type_0,type_1,rel_0,0,0,0,0,test:window_3,0,481826.0
4851.0,darpa_theia:n248422,darpa_theia:n254145,type_0,type_1,rel_0,0,0,0,0,test:window_3,0,482106.0
4852.0,darpa_theia:n248422,darpa_theia:n254323,type_0,type_1,rel_0,0,0,0,0,test:window_3,0,482284.0
4853.0,darpa_theia:n248422,darpa_theia:n254386,type_0,type_1,rel_0,0,0,0,0,test:window_3,0,482347.0
4854.0,darpa_theia:n248422,darpa_theia:n254422,type_0,type_1,rel_0,0,0,0,0,test:window_3,0,482383.0
4855.0,darpa_theia:n248422,darpa_theia:n254502,type_0,type_1,rel_0,0,0,0,0,test:window_3,0,482462.0
4856.0,darpa_theia:n248422,darpa_theia:n254687,type_0,type_1,rel_0,0,0,0,0,test:window_3,0,482647.0
4857.0,darpa_theia:n248422,darpa_theia:n255890,type_0,type_1,rel_0,0,0,0,0,test:window_3,0,483850.0
4858.0,darpa_theia:n248422,darpa_theia:n256030,type_0,type_1,rel_0,0,0,0,0,test:window_3,0,483990.0
4859.0,darpa_theia:n248422,darpa_theia:n256303,type_0,type_1,rel_0,0,0,0,0,test:window_3,0,484263.0
4860.0,darpa_theia:n248422,darpa_theia:n256372,type_0,type_1,rel_0,0,0,0,0,test:window_3,0,484332.0
4861.0,darpa_theia:n248422,darpa_theia:n256646,type_0,type_1,rel_0,0,0,0,0,test:window_3,0,484606.0
4862.0,darpa_theia:n248422,darpa_theia:n256736,type_0,type_1,rel_0,0,0,0,0,test:window_3,0,484696.0
4863.0,darpa_theia:n248422,darpa_theia:n256798,type_0,type_1,rel_0,0,0,0,0,test:window_3,0,484758.0
4864.0,darpa_theia:n248422,darpa_theia:n256946,type_0,type_1,rel_0,0,0,0,0,test:window_3,0,484906.0
4865.0,darpa_theia:n248422,darpa_theia:n257083,type_0,type_1,rel_0,0,0,0,0,test:window_3,0,485043.0
4866.0,darpa_theia:n248422,darpa_theia:n257131,type_0,type_1,rel_0,0,0,0,0,test:window_3,0,485091.0
4867.0,darpa_theia:n248422,darpa_theia:n257309,type_0,type_1,rel_0,0,0,0,0,test:window_3,0,485269.0
4868.0,darpa_theia:n248422,darpa_theia:n257446,type_0,type_1,rel_0,0,0,0,0,test:window_3,0,485406.0
4869.0,darpa_theia:n248422,darpa_theia:n257457,type_0,type_1,rel_0,0,0,0,0,test:window_3,0,485417.0
4870.0,darpa_theia:n248422,darpa_theia:n257590,type_0,type_1,rel_0,0,0,0,0,test:window_3,0,485550.0
4871.0,darpa_theia:n248422,darpa_theia:n257886,type_0,type_1,rel_0,0,0,0,0,test:window_3,0,485845.0
4872.0,darpa_theia:n248422,darpa_theia:n257951,type_0,type_1,rel_0,0,0,0,0,test:window_3,0,485910.0
4873.0,darpa_theia:n248422,darpa_theia:n258064,type_0,type_1,rel_0,0,0,0,0,test:window_3,0,486023.0
4874.0,darpa_theia:n248422,darpa_theia:n258090,type_0,type_1,rel_0,0,0,0,0,test:window_3,0,486049.0
4875.0,darpa_theia:n248422,darpa_theia:n258388,type_0,type_1,rel_0,0,0,0,0,test:window_3,0,486347.0
4876.0,darpa_theia:n248422,darpa_theia:n258734,type_0,type_1,rel_0,0,0,0,0,test:window_3,0,486693.0
4877.0,darpa_theia:n248422,darpa_theia:n258835,type_0,type_1,rel_0,0,0,0,0,test:window_3,0,486794.0
4878.0,darpa_theia:n248422,darpa_theia:n258840,type_0,type_1,rel_0,0,0,0,0,test:window_3,0,486799.0
4879.0,darpa_theia:n248422,darpa_theia:n258846,type_0,type_1,rel_0,0,0,0,0,test:window_3,0,486805.0
4880.0,darpa_theia:n248422,darpa_theia:n258862,type_0,type_1,rel_0,0,0,0,0,test:window_3,0,486821.0
4881.0,darpa_theia:n248422,darpa_theia:n259206,type_0,type_1,rel_0,0,0,0,0,test:window_3,0,487165.0
4882.0,darpa_theia:n248422,darpa_theia:n259442,type_0,type_1,rel_0,0,0,0,0,test:window_3,0,487401.0
4883.0,darpa_theia:n248422,darpa_theia:n259585,type_0,type_1,rel_0,0,0,0,0,test:window_3,0,487544.0
4884.0,darpa_theia:n248422,darpa_theia:n259777,type_0,type_1,rel_0,0,0,0,0,test:window_3,0,487732.0
4885.0,darpa_theia:n248422,darpa_theia:n259842,type_0,type_1,rel_0,0,0,0,0,test:window_3,0,487796.0
4886.0,darpa_theia:n248422,darpa_theia:n260755,type_0,type_1,rel_0,0,0,0,0,test:window_3,0,488709.0
4887.0,darpa_theia:n248422,darpa_theia:n260833,type_0,type_1,rel_0,0,0,0,0,test:window_3,0,488787.0
4888.0,darpa_theia:n248422,darpa_theia:n260940,type_0,type_1,rel_0,0,0,0,0,test:window_3,0,488894.0
4889.0,darpa_theia:n248422,darpa_theia:n261323,type_0,type_1,rel_0,0,0,0,0,test:window_3,0,489277.0
4890.0,darpa_theia:n248422,darpa_theia:n261340,type_0,type_1,rel_0,0,0,0,0,test:window_3,0,489294.0
4891.0,darpa_theia:n248422,darpa_theia:n261433,type_0,type_1,rel_0,0,0,0,0,test:window_3,0,489387.0
4892.0,darpa_theia:n248422,darpa_theia:n261529,type_0,type_1,rel_0,0,0,0,0,test:window_3,0,489483.0
4893.0,darpa_theia:n248422,darpa_theia:n261623,type_0,type_1,rel_0,0,0,0,0,test:window_3,0,489577.0
4894.0,darpa_theia:n248422,darpa_theia:n261669,type_0,type_1,rel_0,0,0,0,0,test:window_3,0,489623.0
4895.0,darpa_theia:n248422,darpa_theia:n261820,type_0,type_1,rel_0,0,0,0,0,test:window_3,0,489774.0
4896.0,darpa_theia:n248422,darpa_theia:n261983,type_0,type_1,rel_0,0,0,0,0,test:window_3,0,489937.0
4897.0,darpa_theia:n248422,darpa_theia:n261988,type_0,type_1,rel_0,0,0,0,0,test:window_3,0,489942.0
4898.0,darpa_theia:n248422,darpa_theia:n262203,type_0,type_1,rel_0,0,0,0,0,test:window_3,0,490157.0
4899.0,darpa_theia:n248422,darpa_theia:n262229,type_0,type_1,rel_0,0,0,0,0,test:window_3,0,490183.0
4900.0,darpa_theia:n248422,darpa_theia:n262461,type_0,type_1,rel_0,0,0,0,0,test:window_3,0,490415.0
4901.0,darpa_theia:n248422,darpa_theia:n262554,type_0,type_1,rel_0,0,0,0,0,test:window_4,0,490508.0
4902.0,darpa_theia:n248422,darpa_theia:n262851,type_0,type_1,rel_0,0,0,0,0,test:window_4,0,490805.0
4903.0,darpa_theia:n248422,darpa_theia:n262906,type_0,type_1,rel_0,0,0,0,0,test:window_4,0,490860.0
4904.0,darpa_theia:n248422,darpa_theia:n263045,type_0,type_1,rel_0,0,0,0,0,test:window_4,0,490998.0
4905.0,darpa_theia:n248422,darpa_theia:n263084,type_0,type_1,rel_0,0,0,0,0,test:window_4,0,491037.0
4906.0,darpa_theia:n248422,darpa_theia:n263110,type_0,type_1,rel_0,0,0,0,0,test:window_4,0,491063.0
4907.0,darpa_theia:n248422,darpa_theia:n263238,type_0,type_1,rel_0,0,0,0,0,test:window_4,0,491191.0
4908.0,darpa_theia:n248422,darpa_theia:n263302,type_0,type_1,rel_0,0,0,0,0,test:window_4,0,491255.0
4909.0,darpa_theia:n248422,darpa_theia:n263341,type_0,type_1,rel_0,0,0,0,0,test:window_4,0,491294.0
4910.0,darpa_theia:n248422,darpa_theia:n263460,type_0,type_1,rel_0,0,0,0,0,test:window_4,0,491413.0
4911.0,darpa_theia:n248422,darpa_theia:n263659,type_0,type_1,rel_0,0,0,0,0,test:window_4,0,491612.0
4912.0,darpa_theia:n248422,darpa_theia:n263715,type_0,type_1,rel_0,0,0,0,0,test:window_4,0,491668.0
4913.0,darpa_theia:n248422,darpa_theia:n263927,type_0,type_1,rel_0,0,0,0,0,test:window_4,0,491880.0
4914.0,darpa_theia:n248422,darpa_theia:n264046,type_0,type_1,rel_0,0,0,0,0,test:window_4,0,491999.0
4915.0,darpa_theia:n248422,darpa_theia:n264313,type_0,type_1,rel_0,0,0,0,0,test:window_4,0,492266.0
4916.0,darpa_theia:n248422,darpa_theia:n264410,type_0,type_1,rel_0,0,0,0,0,test:window_4,0,492363.0
4917.0,darpa_theia:n248422,darpa_theia:n264520,type_0,type_1,rel_0,0,0,0,0,test:window_4,0,492473.0
4918.0,darpa_theia:n248422,darpa_theia:n264682,type_0,type_1,rel_0,0,0,0,0,test:window_4,0,492635.0
4919.0,darpa_theia:n248422,darpa_theia:n264690,type_0,type_1,rel_0,0,0,0,0,test:window_4,0,492643.0
4920.0,darpa_theia:n248422,darpa_theia:n264857,type_0,type_1,rel_0,0,0,0,0,test:window_4,0,492810.0
4921.0,darpa_theia:n248422,darpa_theia:n264896,type_0,type_1,rel_0,0,0,0,0,test:window_4,0,492849.0
4922.0,darpa_theia:n248422,darpa_theia:n264999,type_0,type_1,rel_0,0,0,0,0,test:window_4,0,492952.0
4923.0,darpa_theia:n248422,darpa_theia:n265001,type_0,type_1,rel_0,0,0,0,0,test:window_4,0,492954.0
4924.0,darpa_theia:n248422,darpa_theia:n265011,type_0,type_1,rel_0,0,0,0,0,test:window_4,0,492964.0
4925.0,darpa_theia:n248422,darpa_theia:n265024,type_0,type_1,rel_0,0,0,0,0,test:window_4,0,492977.0
4926.0,darpa_theia:n248422,darpa_theia:n265039,type_0,type_1,rel_0,0,0,0,0,test:window_4,0,492992.0
4927.0,darpa_theia:n248422,darpa_theia:n265470,type_0,type_1,rel_0,0,0,0,0,test:window_4,0,493423.0
4928.0,darpa_theia:n248422,darpa_theia:n265526,type_0,type_1,rel_0,0,0,0,0,test:window_4,0,493479.0
4929.0,darpa_theia:n248422,darpa_theia:n265680,type_0,type_1,rel_0,0,0,0,0,test:window_4,0,493633.0
4930.0,darpa_theia:n248422,darpa_theia:n265847,type_0,type_1,rel_0,0,0,0,0,test:window_4,0,493800.0
4931.0,darpa_theia:n248422,darpa_theia:n265901,type_0,type_1,rel_0,0,0,0,0,test:window_4,0,493854.0
4932.0,darpa_theia:n248422,darpa_theia:n266082,type_0,type_1,rel_0,0,0,0,0,test:window_4,0,494035.0
4933.0,darpa_theia:n248422,darpa_theia:n266609,type_0,type_1,rel_0,0,0,0,0,test:window_4,0,494562.0
4934.0,darpa_theia:n248422,darpa_theia:n266623,type_0,type_1,rel_0,0,0,0,0,test:window_4,0,494576.0
4935.0,darpa_theia:n248422,darpa_theia:n266653,type_0,type_1,rel_0,0,0,0,0,test:window_4,0,494606.0
4936.0,darpa_theia:n248422,darpa_theia:n266784,type_0,type_1,rel_0,0,0,0,0,test:window_4,0,494737.0
4937.0,darpa_theia:n248422,darpa_theia:n266963,type_0,type_1,rel_0,0,0,0,0,test:window_4,0,494916.0
4938.0,darpa_theia:n248422,darpa_theia:n267059,type_0,type_1,rel_0,0,0,0,0,test:window_4,0,495012.0
4939.0,darpa_theia:n248422,darpa_theia:n267064,type_0,type_1,rel_0,0,0,0,0,test:window_4,0,495017.0
4940.0,darpa_theia:n248422,darpa_theia:n267364,type_0,type_1,rel_0,0,0,0,0,test:window_4,0,495317.0
4941.0,darpa_theia:n248422,darpa_theia:n267393,type_0,type_1,rel_0,0,0,0,0,test:window_4,0,495346.0
4942.0,darpa_theia:n248422,darpa_theia:n267683,type_0,type_1,rel_0,0,0,0,0,test:window_4,0,495636.0
4943.0,darpa_theia:n248422,darpa_theia:n267833,type_0,type_1,rel_0,0,0,0,0,test:window_4,0,495786.0
4944.0,darpa_theia:n268428,darpa_theia:n191297,type_0,type_3,rel_11,0,0,0,0,test:window_4,0,496535.0
4945.0,darpa_theia:n268437,darpa_theia:n268470,type_0,type_2,rel_2,0,0,0,0,test:window_4,0,496615.0
4946.0,darpa_theia:n268552,darpa_theia:n6756,type_0,type_1,rel_0,0,0,0,0,test:window_4,0,496791.0
4947.0,darpa_theia:n268552,darpa_theia:n268760,type_0,type_2,rel_10,0,0,0,0,test:window_4,0,496986.0
4948.0,darpa_theia:n268552,darpa_theia:n268785,type_0,type_2,rel_2,0,0,0,0,test:window_4,0,497019.0
4949.0,darpa_theia:n268552,darpa_theia:n268967,type_0,type_2,rel_2,0,0,0,0,test:window_4,0,497162.0
4950.0,darpa_theia:n268552,darpa_theia:n269097,type_0,type_0,rel_8,0,0,0,0,test:window_4,0,497286.0
4951.0,darpa_theia:n268552,darpa_theia:n1516,type_0,type_1,rel_0,0,0,0,0,test:window_4,0,497353.0
4952.0,darpa_theia:n268552,darpa_theia:n269120,type_0,type_2,rel_2,0,0,0,0,test:window_4,0,497381.0
4953.0,darpa_theia:n268552,darpa_theia:n1707,type_0,type_1,rel_0,0,0,0,0,test:window_4,0,497458.0
4954.0,darpa_theia:n268552,darpa_theia:n2155,type_0,type_1,rel_0,0,0,0,0,test:window_4,0,497519.0
4955.0,darpa_theia:n268902,darpa_theia:n268924,type_0,type_2,rel_10,0,0,0,0,test:window_4,0,497863.0
4956.0,darpa_theia:n269037,darpa_theia:n269060,type_0,type_2,rel_2,0,0,0,0,test:window_4,0,497919.0
4957.0,darpa_theia:n269142,darpa_theia:n269167,type_0,type_2,rel_2,0,0,0,0,test:window_4,0,497990.0
4958.0,darpa_theia:n269488,darpa_theia:n2486,type_0,type_1,rel_0,0,0,0,0,test:window_4,0,498337.0
4959.0,darpa_theia:n269488,darpa_theia:n9782,type_0,type_1,rel_0,0,0,0,0,test:window_4,0,498375.0
4960.0,darpa_theia:n269488,darpa_theia:n269601,type_0,type_2,rel_2,0,0,0,0,test:window_4,0,498387.0
4961.0,darpa_theia:n269761,darpa_theia:n269999,type_0,type_0,rel_8,0,0,0,0,test:window_4,0,498670.0
4962.0,darpa_theia:n269787,darpa_theia:n269804,type_0,type_2,rel_2,0,0,0,0,test:window_4,0,498754.0
4963.0,darpa_theia:n269858,darpa_theia:n269867,type_0,type_2,rel_10,0,0,0,0,test:window_4,0,498876.0
4964.0,darpa_theia:n269873,darpa_theia:n10003,type_0,type_1,rel_9,0,0,0,0,test:window_4,0,498885.0
4965.0,darpa_theia:n269929,darpa_theia:n269940,type_0,type_2,rel_10,0,0,0,0,test:window_4,0,498976.0
4966.0,darpa_theia:n269971,darpa_theia:n1097,type_0,type_1,rel_0,0,0,0,0,test:window_4,0,499021.0
4967.0,darpa_theia:n270082,darpa_theia:n1121,type_0,type_1,rel_0,0,0,0,0,test:window_4,0,499186.0
4968.0,darpa_theia:n270110,darpa_theia:n270115,type_0,type_2,rel_2,0,0,0,0,test:window_4,0,499215.0
4969.0,darpa_theia:n270166,darpa_theia:n329,type_0,type_1,rel_0,0,0,0,0,test:window_4,0,499284.0
4970.0,darpa_theia:n270166,darpa_theia:n270170,type_0,type_2,rel_2,0,0,0,0,test:window_4,0,499289.0
4971.0,darpa_theia:n270278,darpa_theia:n270279,type_0,type_2,rel_2,0,0,0,0,test:window_4,0,499437.0
4972.0,darpa_theia:n270306,darpa_theia:n270307,type_0,type_2,rel_2,0,0,0,0,test:window_4,0,499475.0
4973.0,darpa_theia:n270460,darpa_theia:n270469,type_0,type_2,rel_2,0,0,0,0,test:window_4,0,499694.0
4974.0,darpa_theia:n270473,darpa_theia:n270478,type_0,type_2,rel_2,0,0,0,0,test:window_4,0,499707.0
4975.0,darpa_theia:n270558,darpa_theia:n1634,type_0,type_1,rel_0,0,0,0,0,test:window_4,0,499853.0
4976.0,darpa_theia:n270653,darpa_theia:n10061,type_0,type_1,rel_0,0,0,0,0,test:window_4,0,500043.0
4977.0,darpa_theia:n270696,darpa_theia:n270707,type_0,type_2,rel_2,0,0,0,0,test:window_4,0,500086.0
4978.0,darpa_theia:n270825,darpa_theia:n10057,type_0,type_1,rel_0,0,0,0,0,test:window_4,0,500350.0
4979.0,darpa_theia:n270868,darpa_theia:n885,type_0,type_1,rel_0,0,0,0,0,test:window_4,0,500392.0
4980.0,darpa_theia:n270959,darpa_theia:n1239,type_0,type_1,rel_0,0,0,0,0,test:window_4,0,500539.0
4981.0,darpa_theia:n270959,darpa_theia:n11355,type_0,type_1,rel_0,0,0,0,0,test:window_4,0,500583.0
4982.0,darpa_theia:n270959,darpa_theia:n271675,type_0,type_0,rel_8,0,0,0,0,test:window_4,0,500808.0
4983.0,darpa_theia:n271000,darpa_theia:n271015,type_0,type_2,rel_2,0,0,0,0,test:window_4,0,500849.0
4984.0,darpa_theia:n271000,darpa_theia:n271016,type_0,type_2,rel_2,0,0,0,0,test:window_4,0,500851.0
4985.0,darpa_theia:n271057,darpa_theia:n271058,type_0,type_0,rel_8,0,0,0,0,test:window_4,0,500907.0
4986.0,darpa_theia:n271059,darpa_theia:n885,type_0,type_1,rel_0,0,0,0,0,test:window_4,0,500916.0
4987.0,darpa_theia:n271059,darpa_theia:n1121,type_0,type_1,rel_0,0,0,0,0,test:window_4,0,500926.0
4988.0,darpa_theia:n271099,darpa_theia:n329,type_0,type_1,rel_0,0,0,0,0,test:window_4,0,500964.0
4989.0,darpa_theia:n271099,darpa_theia:n885,type_0,type_1,rel_0,0,0,0,0,test:window_4,0,500970.0
4990.0,darpa_theia:n271119,darpa_theia:n271130,type_0,type_2,rel_10,0,0,0,0,test:window_4,0,501005.0
4991.0,darpa_theia:n271139,darpa_theia:n271150,type_0,type_2,rel_10,0,0,0,0,test:window_4,0,501032.0
4992.0,darpa_theia:n271277,darpa_theia:n271278,type_0,type_0,rel_8,0,0,0,0,test:window_4,0,501204.0
4993.0,darpa_theia:n271300,darpa_theia:n271323,type_0,type_2,rel_10,0,0,0,0,test:window_4,0,501270.0
4994.0,darpa_theia:n271300,darpa_theia:n893,type_0,type_1,rel_0,0,0,0,0,test:window_4,0,501275.0
4995.0,darpa_theia:n271677,darpa_theia:n881,type_0,type_1,rel_0,0,0,0,0,test:window_4,0,501758.0
4996.0,darpa_theia:n271748,darpa_theia:n271752,type_0,type_2,rel_10,0,0,0,0,test:window_4,0,501851.0
4997.0,darpa_theia:n271807,darpa_theia:n271851,type_0,type_2,rel_10,0,0,0,0,test:window_4,0,501985.0
4998.0,darpa_theia:n271969,darpa_theia:n899,type_0,type_1,rel_0,0,0,0,0,test:window_4,0,502220.0
4999.0,darpa_theia:n272056,darpa_theia:n272064,type_0,type_0,rel_8,0,0,0,0,test:window_4,0,502329.0
5000.0,darpa_theia:n272107,darpa_theia:n272112,type_0,type_2,rel_2,0,0,0,0,test:window_4,0,502450.0
