timestamp,src_id,dst_id,src_type,dst_type,relation,edge_label,node_label,src_node_label,dst_node_label,campaign_id,campaign_label,feat_original_edge_index
1.0,darpa_trace:n53,darpa_trace:n18,type_3,type_0,rel_0,0,0,0,0,train:window_0,0,177.0
2.0,darpa_trace:n245,darpa_trace:n18,type_3,type_0,rel_0,0,0,0,0,train:window_0,0,535.0
3.0,darpa_trace:n259,darpa_trace:n18,type_3,type_0,rel_0,0,0,0,0,train:window_0,0,549.0
4.0,darpa_trace:n390,darpa_trace:n18,type_3,type_0,rel_0,0,0,0,0,train:window_0,0,680.0
5.0,darpa_trace:n1019,darpa_trace:n279394,type_0,type_1,rel_1,0,0,0,0,train:window_0,0,1402.0
6.0,darpa_trace:n1019,darpa_trace:n389357,type_0,type_1,rel_1,0,0,0,0,train:window_0,0,1476.0
7.0,darpa_trace:n1019,darpa_trace:n500282,type_0,type_1,rel_1,0,0,0,0,train:window_0,0,1525.0
8.0,darpa_trace:n1019,darpa_trace:n531493,type_0,type_1,rel_1,0,0,0,0,train:window_0,0,1605.0
9.0,darpa_trace:n1019,darpa_trace:n547222,type_0,type_1,rel_1,0,0,0,0,train:window_0,0,1623.0
10.0,darpa_trace:n1049,darpa_trace:n18,type_3,type_0,rel_0,0,0,0,0,train:window_0,0,1742.0
11.0,darpa_trace:n1075,darpa_trace:n18,type_3,type_0,rel_0,0,0,0,0,train:window_0,0,1768.0
12.0,darpa_trace:n1128,darpa_trace:n18,type_3,type_0,rel_0,0,0,0,0,train:window_0,0,1821.0
13.0,darpa_trace:n1475,darpa_trace:n18,type_3,type_0,rel_0,0,0,0,0,train:window_0,0,2165.0
14.0,darpa_trace:n1873,darpa_trace:n18,type_3,type_0,rel_0,0,0,0,0,train:window_0,0,2559.0
15.0,darpa_trace:n1923,darpa_trace:n18,type_3,type_0,rel_0,0,0,0,0,train:window_0,0,2609.0
16.0,darpa_trace:n1991,darpa_trace:n18,type_3,type_0,rel_0,0,0,0,0,train:window_0,0,2677.0
17.0,darpa_trace:n2117,darpa_trace:n18,type_3,type_0,rel_0,0,0,0,0,train:window_0,0,2799.0
18.0,darpa_trace:n2184,darpa_trace:n18,type_3,type_0,rel_0,0,0,0,0,train:window_0,0,2863.0
19.0,darpa_trace:n2312,darpa_trace:n2908,type_4,type_0,rel_9,1,0,1,0,train:window_0,1,3025.0
20.0,darpa_trace:n2312,darpa_trace:n3618,type_4,type_0,rel_9,1,0,1,0,train:window_0,1,3046.0
21.0,darpa_trace:n2312,darpa_trace:n3779,type_4,type_0,rel_9,1,0,1,0,train:window_0,1,3052.0
22.0,darpa_trace:n2312,darpa_trace:n4143,type_4,type_0,rel_9,1,0,1,0,train:window_0,1,3060.0
23.0,darpa_trace:n2312,darpa_trace:n4217,type_4,type_0,rel_9,1,0,1,0,train:window_0,1,3065.0
24.0,darpa_trace:n2312,darpa_trace:n4839,type_4,type_0,rel_9,1,0,1,0,train:window_0,1,3080.0
25.0,darpa_trace:n2312,darpa_trace:n5314,type_4,type_0,rel_9,1,0,1,0,train:window_0,1,3086.0
26.0,darpa_trace:n2312,darpa_trace:n69521,type_4,type_0,rel_9,1,0,1,0,train:window_0,1,3118.0
27.0,darpa_trace:n2312,darpa_trace:n69684,type_4,type_0,rel_9,1,0,1,0,train:window_0,1,3124.0
28.0,darpa_trace:n2312,darpa_trace:n70088,type_4,type_0,rel_9,1,0,1,0,train:window_0,1,3135.0
29.0,darpa_trace:n2312,darpa_trace:n70762,type_4,type_0,rel_9,1,0,1,0,train:window_0,1,3156.0
30.0,darpa_trace:n2312,darpa_trace:n77607,type_4,type_0,rel_9,1,0,1,0,train:window_0,1,3165.0
31.0,darpa_trace:n2312,darpa_trace:n77821,type_4,type_0,rel_9,1,0,1,0,train:window_0,1,3175.0
32.0,darpa_trace:n2312,darpa_trace:n78001,type_4,type_0,rel_9,1,0,1,0,train:window_0,1,3179.0
33.0,darpa_trace:n2312,darpa_trace:n78185,type_4,type_0,rel_9,1,0,1,0,train:window_0,1,3183.0
34.0,darpa_trace:n2312,darpa_trace:n78420,type_4,type_0,rel_9,1,0,1,0,train:window_0,1,3193.0
35.0,darpa_trace:n2312,darpa_trace:n78812,type_4,type_0,rel_9,1,0,1,0,train:window_0,1,3203.0
36.0,darpa_trace:n2312,darpa_trace:n78904,type_4,type_0,rel_9,1,0,1,0,train:window_0,1,3205.0
37.0,darpa_trace:n2312,darpa_trace:n79030,type_4,type_0,rel_9,1,0,1,0,train:window_0,1,3213.0
38.0,darpa_trace:n2312,darpa_trace:n79071,type_4,type_0,rel_9,1,0,1,0,train:window_0,1,3215.0
39.0,darpa_trace:n2312,darpa_trace:n79107,type_4,type_0,rel_9,1,0,1,0,train:window_0,1,3218.0
40.0,darpa_trace:n2312,darpa_trace:n79154,type_4,type_0,rel_9,1,0,1,0,train:window_0,1,3219.0
41.0,darpa_trace:n2312,darpa_trace:n83155,type_4,type_0,rel_9,1,0,1,0,train:window_0,1,3231.0
42.0,darpa_trace:n2312,darpa_trace:n265234,type_4,type_0,rel_9,1,0,1,0,train:window_0,1,3257.0
43.0,darpa_trace:n2312,darpa_trace:n265805,type_4,type_0,rel_9,1,0,1,0,train:window_0,1,3275.0
44.0,darpa_trace:n2312,darpa_trace:n265950,type_4,type_0,rel_9,1,0,1,0,train:window_0,1,3281.0
45.0,darpa_trace:n2312,darpa_trace:n265995,type_4,type_0,rel_9,1,0,1,0,train:window_0,1,3283.0
46.0,darpa_trace:n2312,darpa_trace:n266489,type_4,type_0,rel_9,1,0,1,0,train:window_0,1,3296.0
47.0,darpa_trace:n2312,darpa_trace:n270145,type_4,type_0,rel_9,1,0,1,0,train:window_0,1,3338.0
48.0,darpa_trace:n2312,darpa_trace:n272061,type_4,type_0,rel_9,1,0,1,0,train:window_0,1,3390.0
49.0,darpa_trace:n2312,darpa_trace:n272882,type_4,type_0,rel_9,1,0,1,0,train:window_0,1,3393.0
50.0,darpa_trace:n2312,darpa_trace:n276982,type_4,type_0,rel_9,1,0,1,0,train:window_0,1,3468.0
51.0,darpa_trace:n2312,darpa_trace:n276999,type_4,type_0,rel_9,1,0,1,0,train:window_0,1,3470.0
52.0,darpa_trace:n2312,darpa_trace:n277063,type_4,type_0,rel_9,1,0,1,0,train:window_0,1,3473.0
53.0,darpa_trace:n2312,darpa_trace:n277590,type_4,type_0,rel_9,1,0,1,0,train:window_0,1,3488.0
54.0,darpa_trace:n2312,darpa_trace:n277840,type_4,type_0,rel_9,1,0,1,0,train:window_0,1,3496.0
55.0,darpa_trace:n2312,darpa_trace:n278306,type_4,type_0,rel_9,1,0,1,0,train:window_0,1,3514.0
56.0,darpa_trace:n2312,darpa_trace:n280773,type_4,type_0,rel_9,1,0,1,0,train:window_0,1,3529.0
57.0,darpa_trace:n2312,darpa_trace:n280810,type_4,type_0,rel_9,1,0,1,0,train:window_0,1,3531.0
58.0,darpa_trace:n2312,darpa_trace:n281331,type_4,type_0,rel_9,1,0,1,0,train:window_0,1,3549.0
59.0,darpa_trace:n2312,darpa_trace:n281713,type_4,type_0,rel_9,1,0,1,0,train:window_0,1,3563.0
60.0,darpa_trace:n2312,darpa_trace:n282310,type_4,type_0,rel_9,1,0,1,0,train:window_0,1,3585.0
61.0,darpa_trace:n2312,darpa_trace:n332454,type_4,type_0,rel_9,1,0,1,0,train:window_0,1,3609.0
62.0,darpa_trace:n2312,darpa_trace:n332754,type_4,type_0,rel_9,1,0,1,0,train:window_0,1,3617.0
63.0,darpa_trace:n2312,darpa_trace:n333438,type_4,type_0,rel_9,1,0,1,0,train:window_0,1,3638.0
64.0,darpa_trace:n2312,darpa_trace:n333610,type_4,type_0,rel_9,1,0,1,0,train:window_0,1,3646.0
65.0,darpa_trace:n2312,darpa_trace:n333866,type_4,type_0,rel_9,1,0,1,0,train:window_0,1,3657.0
66.0,darpa_trace:n2312,darpa_trace:n371425,type_4,type_0,rel_9,1,0,1,0,train:window_0,1,3674.0
67.0,darpa_trace:n2312,darpa_trace:n371534,type_4,type_0,rel_9,1,0,1,0,train:window_0,1,3681.0
68.0,darpa_trace:n2312,darpa_trace:n371609,type_4,type_0,rel_9,1,0,1,0,train:window_0,1,3683.0
69.0,darpa_trace:n2312,darpa_trace:n371793,type_4,type_0,rel_9,1,0,1,0,train:window_0,1,3687.0
70.0,darpa_trace:n2312,darpa_trace:n373226,type_4,type_0,rel_9,1,0,1,0,train:window_0,1,3733.0
71.0,darpa_trace:n2312,darpa_trace:n373540,type_4,type_0,rel_9,1,0,1,0,train:window_0,1,3737.0
72.0,darpa_trace:n2312,darpa_trace:n375091,type_4,type_0,rel_9,1,0,1,0,train:window_0,1,3747.0
73.0,darpa_trace:n2312,darpa_trace:n375766,type_4,type_0,rel_9,1,0,1,0,train:window_0,1,3769.0
74.0,darpa_trace:n2312,darpa_trace:n376025,type_4,type_0,rel_9,1,0,1,0,train:window_0,1,3775.0
75.0,darpa_trace:n2312,darpa_trace:n376294,type_4,type_0,rel_9,1,0,1,0,train:window_0,1,3784.0
76.0,darpa_trace:n2312,darpa_trace:n376319,type_4,type_0,rel_9,1,0,1,0,train:window_0,1,3786.0
77.0,darpa_trace:n2312,darpa_trace:n381991,type_4,type_0,rel_9,1,0,1,0,train:window_0,1,3817.0
78.0,darpa_trace:n2312,darpa_trace:n382672,type_4,type_0,rel_9,1,0,1,0,train:window_0,1,3839.0
79.0,darpa_trace:n2312,darpa_trace:n382885,type_4,type_0,rel_9,1,0,1,0,train:window_0,1,3844.0
80.0,darpa_trace:n2312,darpa_trace:n383404,type_4,type_0,rel_9,1,0,1,0,train:window_0,1,3865.0
81.0,darpa_trace:n2312,darpa_trace:n386103,type_4,type_0,rel_9,1,0,1,0,train:window_0,1,3879.0
82.0,darpa_trace:n2312,darpa_trace:n386817,type_4,type_0,rel_9,1,0,1,0,train:window_0,1,3894.0
83.0,darpa_trace:n2312,darpa_trace:n387812,type_4,type_0,rel_9,1,0,1,0,train:window_0,1,3923.0
84.0,darpa_trace:n2312,darpa_trace:n387959,type_4,type_0,rel_9,1,0,1,0,train:window_0,1,3932.0
85.0,darpa_trace:n2312,darpa_trace:n388402,type_4,type_0,rel_9,1,0,1,0,train:window_0,1,3943.0
86.0,darpa_trace:n2312,darpa_trace:n390304,type_4,type_0,rel_9,1,0,1,0,train:window_0,1,3962.0
87.0,darpa_trace:n2312,darpa_trace:n390451,type_4,type_0,rel_9,1,0,1,0,train:window_0,1,3967.0
88.0,darpa_trace:n2312,darpa_trace:n391415,type_4,type_0,rel_9,1,0,1,0,train:window_0,1,3994.0
89.0,darpa_trace:n2312,darpa_trace:n391581,type_4,type_0,rel_9,1,0,1,0,train:window_0,1,4004.0
90.0,darpa_trace:n2312,darpa_trace:n392021,type_4,type_0,rel_9,1,0,1,0,train:window_0,1,4015.0
91.0,darpa_trace:n2312,darpa_trace:n489774,type_4,type_0,rel_9,1,0,1,0,train:window_0,1,4022.0
92.0,darpa_trace:n2312,darpa_trace:n490138,type_4,type_0,rel_9,1,0,1,0,train:window_0,1,4023.0
93.0,darpa_trace:n2312,darpa_trace:n490167,type_4,type_0,rel_9,1,0,1,0,train:window_0,1,4025.0
94.0,darpa_trace:n2312,darpa_trace:n490184,type_4,type_0,rel_9,1,0,1,0,train:window_0,1,4026.0
95.0,darpa_trace:n2312,darpa_trace:n490322,type_4,type_0,rel_9,1,0,1,0,train:window_0,1,4035.0
96.0,darpa_trace:n2312,darpa_trace:n490735,type_4,type_0,rel_9,1,0,1,0,train:window_0,1,4046.0
97.0,darpa_trace:n2312,darpa_trace:n490841,type_4,type_0,rel_9,1,0,1,0,train:window_0,1,4049.0
98.0,darpa_trace:n2312,darpa_trace:n491354,type_4,type_0,rel_9,1,0,1,0,train:window_0,1,4063.0
99.0,darpa_trace:n2312,darpa_trace:n491477,type_4,type_0,rel_9,1,0,1,0,train:window_0,1,4071.0
100.0,darpa_trace:n2312,darpa_trace:n491588,type_4,type_0,rel_9,1,0,1,0,train:window_0,1,4077.0
101.0,darpa_trace:n2312,darpa_trace:n491722,type_4,type_0,rel_9,1,0,1,0,train:window_1,1,4080.0
102.0,darpa_trace:n2312,darpa_trace:n491981,type_4,type_0,rel_9,1,0,1,0,train:window_1,1,4084.0
103.0,darpa_trace:n2312,darpa_trace:n494835,type_4,type_0,rel_9,1,0,1,0,train:window_1,1,4114.0
104.0,darpa_trace:n2312,darpa_trace:n495568,type_4,type_0,rel_9,1,0,1,0,train:window_1,1,4138.0
105.0,darpa_trace:n2312,darpa_trace:n495676,type_4,type_0,rel_9,1,0,1,0,train:window_1,1,4144.0
106.0,darpa_trace:n2312,darpa_trace:n496051,type_4,type_0,rel_9,1,0,1,0,train:window_1,1,4151.0
107.0,darpa_trace:n2312,darpa_trace:n496107,type_4,type_0,rel_9,1,0,1,0,train:window_1,1,4154.0
108.0,darpa_trace:n2312,darpa_trace:n496180,type_4,type_0,rel_9,1,0,1,0,train:window_1,1,4157.0
109.0,darpa_trace:n2312,darpa_trace:n497840,type_4,type_0,rel_9,1,0,1,0,train:window_1,1,4163.0
110.0,darpa_trace:n2312,darpa_trace:n498379,type_4,type_0,rel_9,1,0,1,0,train:window_1,1,4181.0
111.0,darpa_trace:n2312,darpa_trace:n498442,type_4,type_0,rel_9,1,0,1,0,train:window_1,1,4182.0
112.0,darpa_trace:n2312,darpa_trace:n498473,type_4,type_0,rel_9,1,0,1,0,train:window_1,1,4183.0
113.0,darpa_trace:n2312,darpa_trace:n498982,type_4,type_0,rel_9,1,0,1,0,train:window_1,1,4200.0
114.0,darpa_trace:n2312,darpa_trace:n499320,type_4,type_0,rel_9,1,0,1,0,train:window_1,1,4213.0
115.0,darpa_trace:n2312,darpa_trace:n501103,type_4,type_0,rel_9,1,0,1,0,train:window_1,1,4232.0
116.0,darpa_trace:n2312,darpa_trace:n501198,type_4,type_0,rel_9,1,0,1,0,train:window_1,1,4237.0
117.0,darpa_trace:n2312,darpa_trace:n501692,type_4,type_0,rel_9,1,0,1,0,train:window_1,1,4251.0
118.0,darpa_trace:n2312,darpa_trace:n501721,type_4,type_0,rel_9,1,0,1,0,train:window_1,1,4253.0
119.0,darpa_trace:n2312,darpa_trace:n501844,type_4,type_0,rel_9,1,0,1,0,train:window_1,1,4257.0
120.0,darpa_trace:n2312,darpa_trace:n501925,type_4,type_0,rel_9,1,0,1,0,train:window_1,1,4262.0
121.0,darpa_trace:n2312,darpa_trace:n502539,type_4,type_0,rel_9,1,0,1,0,train:window_1,1,4281.0
122.0,darpa_trace:n2312,darpa_trace:n502566,type_4,type_0,rel_9,1,0,1,0,train:window_1,1,4283.0
123.0,darpa_trace:n2312,darpa_trace:n503345,type_4,type_0,rel_9,1,0,1,0,train:window_1,1,4298.0
124.0,darpa_trace:n2312,darpa_trace:n503401,type_4,type_0,rel_9,1,0,1,0,train:window_1,1,4299.0
125.0,darpa_trace:n2312,darpa_trace:n505676,type_4,type_0,rel_9,1,0,1,0,train:window_1,1,4327.0
126.0,darpa_trace:n2312,darpa_trace:n506469,type_4,type_0,rel_9,1,0,1,0,train:window_1,1,4356.0
127.0,darpa_trace:n2312,darpa_trace:n506830,type_4,type_0,rel_9,1,0,1,0,train:window_1,1,4363.0
128.0,darpa_trace:n2312,darpa_trace:n506849,type_4,type_0,rel_9,1,0,1,0,train:window_1,1,4364.0
129.0,darpa_trace:n2312,darpa_trace:n514341,type_4,type_0,rel_9,1,0,1,0,train:window_1,1,4371.0
130.0,darpa_trace:n2312,darpa_trace:n514851,type_4,type_0,rel_9,1,0,1,0,train:window_1,1,4389.0
131.0,darpa_trace:n2312,darpa_trace:n515837,type_4,type_0,rel_9,1,0,1,0,train:window_1,1,4425.0
132.0,darpa_trace:n2312,darpa_trace:n516120,type_4,type_0,rel_9,1,0,1,0,train:window_1,1,4429.0
133.0,darpa_trace:n2312,darpa_trace:n516213,type_4,type_0,rel_9,1,0,1,0,train:window_1,1,4433.0
134.0,darpa_trace:n2312,darpa_trace:n516775,type_4,type_0,rel_9,1,0,1,0,train:window_1,1,4440.0
135.0,darpa_trace:n2312,darpa_trace:n519315,type_4,type_0,rel_9,1,0,1,0,train:window_1,1,4442.0
136.0,darpa_trace:n2312,darpa_trace:n519483,type_4,type_0,rel_9,1,0,1,0,train:window_1,1,4450.0
137.0,darpa_trace:n2312,darpa_trace:n519606,type_4,type_0,rel_9,1,0,1,0,train:window_1,1,4455.0
138.0,darpa_trace:n2312,darpa_trace:n519822,type_4,type_0,rel_9,1,0,1,0,train:window_1,1,4460.0
139.0,darpa_trace:n2312,darpa_trace:n520346,type_4,type_0,rel_9,1,0,1,0,train:window_1,1,4477.0
140.0,darpa_trace:n2312,darpa_trace:n520408,type_4,type_0,rel_9,1,0,1,0,train:window_1,1,4478.0
141.0,darpa_trace:n2312,darpa_trace:n520959,type_4,type_0,rel_9,1,0,1,0,train:window_1,1,4499.0
142.0,darpa_trace:n2312,darpa_trace:n521187,type_4,type_0,rel_9,1,0,1,0,train:window_1,1,4501.0
143.0,darpa_trace:n2312,darpa_trace:n521635,type_4,type_0,rel_9,1,0,1,0,train:window_1,1,4510.0
144.0,darpa_trace:n2312,darpa_trace:n522840,type_4,type_0,rel_9,1,0,1,0,train:window_1,1,4514.0
145.0,darpa_trace:n2312,darpa_trace:n523188,type_4,type_0,rel_9,1,0,1,0,train:window_1,1,4527.0
146.0,darpa_trace:n2312,darpa_trace:n523309,type_4,type_0,rel_9,1,0,1,0,train:window_1,1,4530.0
147.0,darpa_trace:n2312,darpa_trace:n523567,type_4,type_0,rel_9,1,0,1,0,train:window_1,1,4539.0
148.0,darpa_trace:n2312,darpa_trace:n523880,type_4,type_0,rel_9,1,0,1,0,train:window_1,1,4548.0
149.0,darpa_trace:n2312,darpa_trace:n524126,type_4,type_0,rel_9,1,0,1,0,train:window_1,1,4555.0
150.0,darpa_trace:n2312,darpa_trace:n524175,type_4,type_0,rel_9,1,0,1,0,train:window_1,1,4559.0
151.0,darpa_trace:n2312,darpa_trace:n524389,type_4,type_0,rel_9,1,0,1,0,train:window_1,1,4568.0
152.0,darpa_trace:n2312,darpa_trace:n524432,type_4,type_0,rel_9,1,0,1,0,train:window_1,1,4570.0
153.0,darpa_trace:n2312,darpa_trace:n526539,type_4,type_0,rel_9,1,0,1,0,train:window_1,1,4594.0
154.0,darpa_trace:n2312,darpa_trace:n527022,type_4,type_0,rel_9,1,0,1,0,train:window_1,1,4609.0
155.0,darpa_trace:n2312,darpa_trace:n532221,type_4,type_0,rel_9,1,0,1,0,train:window_1,1,4659.0
156.0,darpa_trace:n2312,darpa_trace:n532307,type_4,type_0,rel_9,1,0,1,0,train:window_1,1,4665.0
157.0,darpa_trace:n2312,darpa_trace:n532881,type_4,type_0,rel_9,1,0,1,0,train:window_1,1,4682.0
158.0,darpa_trace:n2312,darpa_trace:n533340,type_4,type_0,rel_9,1,0,1,0,train:window_1,1,4693.0
159.0,darpa_trace:n2312,darpa_trace:n533439,type_4,type_0,rel_9,1,0,1,0,train:window_1,1,4699.0
160.0,darpa_trace:n2312,darpa_trace:n542758,type_4,type_0,rel_9,1,0,1,0,train:window_1,1,4723.0
161.0,darpa_trace:n2312,darpa_trace:n542941,type_4,type_0,rel_9,1,0,1,0,train:window_1,1,4735.0
162.0,darpa_trace:n2312,darpa_trace:n543515,type_4,type_0,rel_9,1,0,1,0,train:window_1,1,4752.0
163.0,darpa_trace:n2312,darpa_trace:n543971,type_4,type_0,rel_9,1,0,1,0,train:window_1,1,4763.0
164.0,darpa_trace:n2312,darpa_trace:n544032,type_4,type_0,rel_9,1,0,1,0,train:window_1,1,4766.0
165.0,darpa_trace:n2312,darpa_trace:n544046,type_4,type_0,rel_9,1,0,1,0,train:window_1,1,4767.0
166.0,darpa_trace:n2312,darpa_trace:n547281,type_4,type_0,rel_9,1,0,1,0,train:window_1,1,4796.0
167.0,darpa_trace:n2312,darpa_trace:n547842,type_4,type_0,rel_9,1,0,1,0,train:window_1,1,4813.0
168.0,darpa_trace:n2312,darpa_trace:n547961,type_4,type_0,rel_9,1,0,1,0,train:window_1,1,4817.0
169.0,darpa_trace:n2312,darpa_trace:n548548,type_4,type_0,rel_9,1,0,1,0,train:window_1,1,4835.0
170.0,darpa_trace:n2312,darpa_trace:n548586,type_4,type_0,rel_9,1,0,1,0,train:window_1,1,4838.0
171.0,darpa_trace:n2312,darpa_trace:n548597,type_4,type_0,rel_9,1,0,1,0,train:window_1,1,4839.0
172.0,darpa_trace:n2312,darpa_trace:n548719,type_4,type_0,rel_9,1,0,1,0,train:window_1,1,4846.0
173.0,darpa_trace:n2312,darpa_trace:n548853,type_4,type_0,rel_9,1,0,1,0,train:window_1,1,4849.0
174.0,darpa_trace:n2312,darpa_trace:n549096,type_4,type_0,rel_9,1,0,1,0,train:window_1,1,4852.0
175.0,darpa_trace:n2312,darpa_trace:n549615,type_4,type_0,rel_9,1,0,1,0,train:window_1,1,4860.0
176.0,darpa_trace:n2312,darpa_trace:n550497,type_4,type_0,rel_9,1,0,1,0,train:window_1,1,4879.0
177.0,darpa_trace:n2312,darpa_trace:n550882,type_4,type_0,rel_9,1,0,1,0,train:window_1,1,4893.0
178.0,darpa_trace:n2312,darpa_trace:n551003,type_4,type_0,rel_9,1,0,1,0,train:window_1,1,4896.0
179.0,darpa_trace:n2312,darpa_trace:n551349,type_4,type_0,rel_9,1,0,1,0,train:window_1,1,4907.0
180.0,darpa_trace:n2312,darpa_trace:n551483,type_4,type_0,rel_9,1,0,1,0,train:window_1,1,4915.0
181.0,darpa_trace:n2312,darpa_trace:n556610,type_4,type_0,rel_9,1,0,1,0,train:window_1,1,4930.0
182.0,darpa_trace:n2312,darpa_trace:n556737,type_4,type_0,rel_9,1,0,1,0,train:window_1,1,4937.0
183.0,darpa_trace:n2312,darpa_trace:n556872,type_4,type_0,rel_9,1,0,1,0,train:window_1,1,4943.0
184.0,darpa_trace:n2312,darpa_trace:n557384,type_4,type_0,rel_9,1,0,1,0,train:window_1,1,4959.0
185.0,darpa_trace:n2312,darpa_trace:n557994,type_4,type_0,rel_9,1,0,1,0,train:window_1,1,4979.0
186.0,darpa_trace:n2312,darpa_trace:n558117,type_4,type_0,rel_9,1,0,1,0,train:window_1,1,4985.0
187.0,darpa_trace:n2312,darpa_trace:n558497,type_4,type_0,rel_9,1,0,1,0,train:window_1,1,4993.0
188.0,darpa_trace:n2312,darpa_trace:n558827,type_4,type_0,rel_9,1,0,1,0,train:window_1,1,4997.0
189.0,darpa_trace:n2312,darpa_trace:n561475,type_4,type_0,rel_9,1,0,1,0,train:window_1,1,5000.0
190.0,darpa_trace:n2312,darpa_trace:n561670,type_4,type_0,rel_9,1,0,1,0,train:window_1,1,5010.0
191.0,darpa_trace:n2312,darpa_trace:n562466,type_4,type_0,rel_9,1,0,1,0,train:window_1,1,5034.0
192.0,darpa_trace:n2312,darpa_trace:n562742,type_4,type_0,rel_9,1,0,1,0,train:window_1,1,5040.0
193.0,darpa_trace:n2312,darpa_trace:n562774,type_4,type_0,rel_9,1,0,1,0,train:window_1,1,5042.0
194.0,darpa_trace:n2312,darpa_trace:n562992,type_4,type_0,rel_9,1,0,1,0,train:window_1,1,5054.0
195.0,darpa_trace:n2312,darpa_trace:n563355,type_4,type_0,rel_9,1,0,1,0,train:window_1,1,5061.0
196.0,darpa_trace:n2312,darpa_trace:n563372,type_4,type_0,rel_9,1,0,1,0,train:window_1,1,5062.0
197.0,darpa_trace:n2312,darpa_trace:n564747,type_4,type_0,rel_9,1,0,1,0,train:window_1,1,5066.0
198.0,darpa_trace:n2312,darpa_trace:n567540,type_4,type_0,rel_9,1,0,1,0,train:window_1,1,5072.0
199.0,darpa_trace:n2312,darpa_trace:n567623,type_4,type_0,rel_9,1,0,1,0,train:window_1,1,5076.0
200.0,darpa_trace:n2312,darpa_trace:n567745,type_4,type_0,rel_9,1,0,1,0,train:window_1,1,5084.0
201.0,darpa_trace:n2312,darpa_trace:n567928,type_4,type_0,rel_9,1,0,1,0,train:window_2,1,5088.0
202.0,darpa_trace:n2312,darpa_trace:n568142,type_4,type_0,rel_9,1,0,1,0,train:window_2,1,5094.0
203.0,darpa_trace:n2312,darpa_trace:n568158,type_4,type_0,rel_9,1,0,1,0,train:window_2,1,5095.0
204.0,darpa_trace:n2312,darpa_trace:n568265,type_4,type_0,rel_9,1,0,1,0,train:window_2,1,5098.0
205.0,darpa_trace:n2312,darpa_trace:n568686,type_4,type_0,rel_9,1,0,1,0,train:window_2,1,5110.0
206.0,darpa_trace:n2312,darpa_trace:n568806,type_4,type_0,rel_9,1,0,1,0,train:window_2,1,5113.0
207.0,darpa_trace:n2312,darpa_trace:n568888,type_4,type_0,rel_9,1,0,1,0,train:window_2,1,5119.0
208.0,darpa_trace:n2312,darpa_trace:n568901,type_4,type_0,rel_9,1,0,1,0,train:window_2,1,5120.0
209.0,darpa_trace:n2312,darpa_trace:n569057,type_4,type_0,rel_9,1,0,1,0,train:window_2,1,5127.0
210.0,darpa_trace:n2312,darpa_trace:n569848,type_4,type_0,rel_9,1,0,1,0,train:window_2,1,5140.0
211.0,darpa_trace:n2312,darpa_trace:n571801,type_4,type_0,rel_9,1,0,1,0,train:window_2,1,5146.0
212.0,darpa_trace:n2312,darpa_trace:n572502,type_4,type_0,rel_9,1,0,1,0,train:window_2,1,5172.0
213.0,darpa_trace:n2312,darpa_trace:n572773,type_4,type_0,rel_9,1,0,1,0,train:window_2,1,5179.0
214.0,darpa_trace:n2312,darpa_trace:n573112,type_4,type_0,rel_9,1,0,1,0,train:window_2,1,5192.0
215.0,darpa_trace:n2312,darpa_trace:n573282,type_4,type_0,rel_9,1,0,1,0,train:window_2,1,5199.0
216.0,darpa_trace:n2312,darpa_trace:n573323,type_4,type_0,rel_9,1,0,1,0,train:window_2,1,5200.0
217.0,darpa_trace:n2312,darpa_trace:n573600,type_4,type_0,rel_9,1,0,1,0,train:window_2,1,5205.0
218.0,darpa_trace:n2313,darpa_trace:n2394,type_0,type_4,rel_5,0,0,0,0,train:window_2,0,5309.0
219.0,darpa_trace:n2314,darpa_trace:n381429,type_4,type_0,rel_9,0,0,0,0,train:window_2,0,5608.0
220.0,darpa_trace:n2346,darpa_trace:n518912,type_4,type_0,rel_2,0,0,0,0,train:window_2,0,6368.0
221.0,darpa_trace:n2356,darpa_trace:n77203,type_4,type_0,rel_2,0,0,0,0,train:window_2,0,6778.0
222.0,darpa_trace:n2356,darpa_trace:n499074,type_4,type_0,rel_2,0,0,0,0,train:window_2,0,6990.0
223.0,darpa_trace:n2356,darpa_trace:n523909,type_4,type_0,rel_2,0,0,0,0,train:window_2,0,7055.0
224.0,darpa_trace:n2379,darpa_trace:n2850,type_4,type_0,rel_2,1,0,1,0,train:window_2,1,7575.0
225.0,darpa_trace:n2379,darpa_trace:n3114,type_4,type_0,rel_2,1,0,1,0,train:window_2,1,7587.0
226.0,darpa_trace:n2379,darpa_trace:n4191,type_4,type_0,rel_2,1,0,1,0,train:window_2,1,7617.0
227.0,darpa_trace:n2379,darpa_trace:n69026,type_4,type_0,rel_2,1,0,1,0,train:window_2,1,7655.0
228.0,darpa_trace:n2379,darpa_trace:n69125,type_4,type_0,rel_2,1,0,1,0,train:window_2,1,7662.0
229.0,darpa_trace:n2379,darpa_trace:n69188,type_4,type_0,rel_2,1,0,1,0,train:window_2,1,7663.0
230.0,darpa_trace:n2379,darpa_trace:n69684,type_4,type_0,rel_2,1,0,1,0,train:window_2,1,7678.0
231.0,darpa_trace:n2379,darpa_trace:n70306,type_4,type_0,rel_2,1,0,1,0,train:window_2,1,7699.0
232.0,darpa_trace:n2379,darpa_trace:n70517,type_4,type_0,rel_2,1,0,1,0,train:window_2,1,7707.0
233.0,darpa_trace:n2379,darpa_trace:n71099,type_4,type_0,rel_2,1,0,1,0,train:window_2,1,7716.0
234.0,darpa_trace:n2379,darpa_trace:n77634,type_4,type_0,rel_2,1,0,1,0,train:window_2,1,7720.0
235.0,darpa_trace:n2379,darpa_trace:n78963,type_4,type_0,rel_2,1,0,1,0,train:window_2,1,7763.0
236.0,darpa_trace:n2379,darpa_trace:n79084,type_4,type_0,rel_2,1,0,1,0,train:window_2,1,7770.0
237.0,darpa_trace:n2379,darpa_trace:n79247,type_4,type_0,rel_2,1,0,1,0,train:window_2,1,7775.0
238.0,darpa_trace:n2379,darpa_trace:n127404,type_4,type_0,rel_2,1,0,1,0,train:window_2,1,7787.0
239.0,darpa_trace:n2379,darpa_trace:n213298,type_4,type_0,rel_2,1,0,1,0,train:window_2,1,7805.0
240.0,darpa_trace:n2379,darpa_trace:n265592,type_4,type_0,rel_2,1,0,1,0,train:window_2,1,7824.0
241.0,darpa_trace:n2379,darpa_trace:n265834,type_4,type_0,rel_2,1,0,1,0,train:window_2,1,7831.0
242.0,darpa_trace:n2379,darpa_trace:n266032,type_4,type_0,rel_2,1,0,1,0,train:window_2,1,7840.0
243.0,darpa_trace:n2379,darpa_trace:n266521,type_4,type_0,rel_2,1,0,1,0,train:window_2,1,7852.0
244.0,darpa_trace:n2379,darpa_trace:n266670,type_4,type_0,rel_2,1,0,1,0,train:window_2,1,7861.0
245.0,darpa_trace:n2379,darpa_trace:n266827,type_4,type_0,rel_2,1,0,1,0,train:window_2,1,7866.0
246.0,darpa_trace:n2379,darpa_trace:n267401,type_4,type_0,rel_2,1,0,1,0,train:window_2,1,7875.0
247.0,darpa_trace:n2379,darpa_trace:n269916,type_4,type_0,rel_2,1,0,1,0,train:window_2,1,7881.0
248.0,darpa_trace:n2379,darpa_trace:n270391,type_4,type_0,rel_2,1,0,1,0,train:window_2,1,7897.0
249.0,darpa_trace:n2379,darpa_trace:n270466,type_4,type_0,rel_2,1,0,1,0,train:window_2,1,7901.0
250.0,darpa_trace:n2379,darpa_trace:n270465,type_4,type_0,rel_2,1,0,1,0,train:window_2,1,7902.0
251.0,darpa_trace:n2379,darpa_trace:n270986,type_4,type_0,rel_2,1,0,1,0,train:window_2,1,7916.0
252.0,darpa_trace:n2379,darpa_trace:n271457,type_4,type_0,rel_2,1,0,1,0,train:window_2,1,7936.0
253.0,darpa_trace:n2379,darpa_trace:n272990,type_4,type_0,rel_2,1,0,1,0,train:window_2,1,7952.0
254.0,darpa_trace:n2379,darpa_trace:n273098,type_4,type_0,rel_2,1,0,1,0,train:window_2,1,7958.0
255.0,darpa_trace:n2379,darpa_trace:n273446,type_4,type_0,rel_2,1,0,1,0,train:window_2,1,7965.0
256.0,darpa_trace:n2379,darpa_trace:n274365,type_4,type_0,rel_2,1,0,1,0,train:window_2,1,7986.0
257.0,darpa_trace:n2379,darpa_trace:n274656,type_4,type_0,rel_2,1,0,1,0,train:window_2,1,8001.0
258.0,darpa_trace:n2379,darpa_trace:n275036,type_4,type_0,rel_2,1,0,1,0,train:window_2,1,8007.0
259.0,darpa_trace:n2379,darpa_trace:n275117,type_4,type_0,rel_2,1,0,1,0,train:window_2,1,8010.0
260.0,darpa_trace:n2379,darpa_trace:n277429,type_4,type_0,rel_2,1,0,1,0,train:window_2,1,8035.0
261.0,darpa_trace:n2379,darpa_trace:n277634,type_4,type_0,rel_2,1,0,1,0,train:window_2,1,8044.0
262.0,darpa_trace:n2379,darpa_trace:n277811,type_4,type_0,rel_2,1,0,1,0,train:window_2,1,8049.0
263.0,darpa_trace:n2379,darpa_trace:n278954,type_4,type_0,rel_2,1,0,1,0,train:window_2,1,8080.0
264.0,darpa_trace:n2379,darpa_trace:n280799,type_4,type_0,rel_2,1,0,1,0,train:window_2,1,8084.0
265.0,darpa_trace:n2379,darpa_trace:n280881,type_4,type_0,rel_2,1,0,1,0,train:window_2,1,8089.0
266.0,darpa_trace:n2379,darpa_trace:n280894,type_4,type_0,rel_2,1,0,1,0,train:window_2,1,8090.0
267.0,darpa_trace:n2379,darpa_trace:n280908,type_4,type_0,rel_2,1,0,1,0,train:window_2,1,8091.0
268.0,darpa_trace:n2379,darpa_trace:n281027,type_4,type_0,rel_2,1,0,1,0,train:window_2,1,8096.0
269.0,darpa_trace:n2379,darpa_trace:n281211,type_4,type_0,rel_2,1,0,1,0,train:window_2,1,8100.0
270.0,darpa_trace:n2379,darpa_trace:n281240,type_4,type_0,rel_2,1,0,1,0,train:window_2,1,8101.0
271.0,darpa_trace:n2379,darpa_trace:n281302,type_4,type_0,rel_2,1,0,1,0,train:window_2,1,8102.0
272.0,darpa_trace:n2379,darpa_trace:n281377,type_4,type_0,rel_2,1,0,1,0,train:window_2,1,8106.0
273.0,darpa_trace:n2379,darpa_trace:n281478,type_4,type_0,rel_2,1,0,1,0,train:window_2,1,8109.0
274.0,darpa_trace:n2379,darpa_trace:n282098,type_4,type_0,rel_2,1,0,1,0,train:window_2,1,8130.0
275.0,darpa_trace:n2379,darpa_trace:n332279,type_4,type_0,rel_2,1,0,1,0,train:window_2,1,8154.0
276.0,darpa_trace:n2379,darpa_trace:n332415,type_4,type_0,rel_2,1,0,1,0,train:window_2,1,8162.0
277.0,darpa_trace:n2379,darpa_trace:n332569,type_4,type_0,rel_2,1,0,1,0,train:window_2,1,8167.0
278.0,darpa_trace:n2379,darpa_trace:n333035,type_4,type_0,rel_2,1,0,1,0,train:window_2,1,8181.0
279.0,darpa_trace:n2379,darpa_trace:n333347,type_4,type_0,rel_2,1,0,1,0,train:window_2,1,8190.0
280.0,darpa_trace:n2379,darpa_trace:n333575,type_4,type_0,rel_2,1,0,1,0,train:window_2,1,8197.0
281.0,darpa_trace:n2379,darpa_trace:n371412,type_4,type_0,rel_2,1,0,1,0,train:window_2,1,8227.0
282.0,darpa_trace:n2379,darpa_trace:n371884,type_4,type_0,rel_2,1,0,1,0,train:window_2,1,8243.0
283.0,darpa_trace:n2379,darpa_trace:n372062,type_4,type_0,rel_2,1,0,1,0,train:window_2,1,8250.0
284.0,darpa_trace:n2379,darpa_trace:n372076,type_4,type_0,rel_2,1,0,1,0,train:window_2,1,8251.0
285.0,darpa_trace:n2379,darpa_trace:n372768,type_4,type_0,rel_2,1,0,1,0,train:window_2,1,8275.0
286.0,darpa_trace:n2379,darpa_trace:n372781,type_4,type_0,rel_2,1,0,1,0,train:window_2,1,8276.0
287.0,darpa_trace:n2379,darpa_trace:n372936,type_4,type_0,rel_2,1,0,1,0,train:window_2,1,8281.0
288.0,darpa_trace:n2379,darpa_trace:n373162,type_4,type_0,rel_2,1,0,1,0,train:window_2,1,8283.0
289.0,darpa_trace:n2379,darpa_trace:n374918,type_4,type_0,rel_2,1,0,1,0,train:window_2,1,8293.0
290.0,darpa_trace:n2379,darpa_trace:n376811,type_4,type_0,rel_2,1,0,1,0,train:window_2,1,8353.0
291.0,darpa_trace:n2379,darpa_trace:n376900,type_4,type_0,rel_2,1,0,1,0,train:window_2,1,8358.0
292.0,darpa_trace:n2379,darpa_trace:n381991,type_4,type_0,rel_2,1,0,1,0,train:window_2,1,8371.0
293.0,darpa_trace:n2379,darpa_trace:n382412,type_4,type_0,rel_2,1,0,1,0,train:window_2,1,8383.0
294.0,darpa_trace:n2379,darpa_trace:n382544,type_4,type_0,rel_2,1,0,1,0,train:window_2,1,8388.0
295.0,darpa_trace:n2379,darpa_trace:n383248,type_4,type_0,rel_2,1,0,1,0,train:window_2,1,8413.0
296.0,darpa_trace:n2379,darpa_trace:n383403,type_4,type_0,rel_2,1,0,1,0,train:window_2,1,8419.0
297.0,darpa_trace:n2379,darpa_trace:n385169,type_4,type_0,rel_2,1,0,1,0,train:window_2,1,8428.0
298.0,darpa_trace:n2379,darpa_trace:n385542,type_4,type_0,rel_2,1,0,1,0,train:window_2,1,8432.0
299.0,darpa_trace:n2379,darpa_trace:n386529,type_4,type_0,rel_2,1,0,1,0,train:window_2,1,8437.0
300.0,darpa_trace:n2379,darpa_trace:n386625,type_4,type_0,rel_2,1,0,1,0,train:window_2,1,8442.0
301.0,darpa_trace:n2379,darpa_trace:n386692,type_4,type_0,rel_2,1,0,1,0,train:window_3,1,8446.0
302.0,darpa_trace:n2379,darpa_trace:n387092,type_4,type_0,rel_2,1,0,1,0,train:window_3,1,8454.0
303.0,darpa_trace:n2379,darpa_trace:n387658,type_4,type_0,rel_2,1,0,1,0,train:window_3,1,8472.0
304.0,darpa_trace:n2379,darpa_trace:n387687,type_4,type_0,rel_2,1,0,1,0,train:window_3,1,8473.0
305.0,darpa_trace:n2379,darpa_trace:n388370,type_4,type_0,rel_2,1,0,1,0,train:window_3,1,8495.0
306.0,darpa_trace:n2379,darpa_trace:n388386,type_4,type_0,rel_2,1,0,1,0,train:window_3,1,8496.0
307.0,darpa_trace:n2379,darpa_trace:n388444,type_4,type_0,rel_2,1,0,1,0,train:window_3,1,8499.0
308.0,darpa_trace:n2379,darpa_trace:n388930,type_4,type_0,rel_2,1,0,1,0,train:window_3,1,8505.0
309.0,darpa_trace:n2379,darpa_trace:n390360,type_4,type_0,rel_2,1,0,1,0,train:window_3,1,8519.0
310.0,darpa_trace:n2379,darpa_trace:n390513,type_4,type_0,rel_2,1,0,1,0,train:window_3,1,8522.0
311.0,darpa_trace:n2379,darpa_trace:n390889,type_4,type_0,rel_2,1,0,1,0,train:window_3,1,8534.0
312.0,darpa_trace:n2379,darpa_trace:n391496,type_4,type_0,rel_2,1,0,1,0,train:window_3,1,8554.0
313.0,darpa_trace:n2379,darpa_trace:n493801,type_4,type_0,rel_2,1,0,1,0,train:window_3,1,8646.0
314.0,darpa_trace:n2379,darpa_trace:n494359,type_4,type_0,rel_2,1,0,1,0,train:window_3,1,8655.0
315.0,darpa_trace:n2379,darpa_trace:n494371,type_4,type_0,rel_2,1,0,1,0,train:window_3,1,8656.0
316.0,darpa_trace:n2379,darpa_trace:n494818,type_4,type_0,rel_2,1,0,1,0,train:window_3,1,8667.0
317.0,darpa_trace:n2379,darpa_trace:n494955,type_4,type_0,rel_2,1,0,1,0,train:window_3,1,8672.0
318.0,darpa_trace:n2379,darpa_trace:n495011,type_4,type_0,rel_2,1,0,1,0,train:window_3,1,8675.0
319.0,darpa_trace:n2379,darpa_trace:n495048,type_4,type_0,rel_2,1,0,1,0,train:window_3,1,8678.0
320.0,darpa_trace:n2379,darpa_trace:n495110,type_4,type_0,rel_2,1,0,1,0,train:window_3,1,8679.0
321.0,darpa_trace:n2379,darpa_trace:n495676,type_4,type_0,rel_2,1,0,1,0,train:window_3,1,8698.0
322.0,darpa_trace:n2379,darpa_trace:n495712,type_4,type_0,rel_2,1,0,1,0,train:window_3,1,8701.0
323.0,darpa_trace:n2379,darpa_trace:n496140,type_4,type_0,rel_2,1,0,1,0,train:window_3,1,8710.0
324.0,darpa_trace:n2379,darpa_trace:n498518,type_4,type_0,rel_2,1,0,1,0,train:window_3,1,8741.0
325.0,darpa_trace:n2379,darpa_trace:n498623,type_4,type_0,rel_2,1,0,1,0,train:window_3,1,8743.0
326.0,darpa_trace:n2379,darpa_trace:n498768,type_4,type_0,rel_2,1,0,1,0,train:window_3,1,8749.0
327.0,darpa_trace:n2379,darpa_trace:n498982,type_4,type_0,rel_2,1,0,1,0,train:window_3,1,8754.0
328.0,darpa_trace:n2379,darpa_trace:n499334,type_4,type_0,rel_2,1,0,1,0,train:window_3,1,8768.0
329.0,darpa_trace:n2379,darpa_trace:n499462,type_4,type_0,rel_2,1,0,1,0,train:window_3,1,8773.0
330.0,darpa_trace:n2379,darpa_trace:n499732,type_4,type_0,rel_2,1,0,1,0,train:window_3,1,8776.0
331.0,darpa_trace:n2379,darpa_trace:n501157,type_4,type_0,rel_2,1,0,1,0,train:window_3,1,8789.0
332.0,darpa_trace:n2379,darpa_trace:n501478,type_4,type_0,rel_2,1,0,1,0,train:window_3,1,8800.0
333.0,darpa_trace:n2379,darpa_trace:n501925,type_4,type_0,rel_2,1,0,1,0,train:window_3,1,8816.0
334.0,darpa_trace:n2379,darpa_trace:n502739,type_4,type_0,rel_2,1,0,1,0,train:window_3,1,8843.0
335.0,darpa_trace:n2379,darpa_trace:n505077,type_4,type_0,rel_2,1,0,1,0,train:window_3,1,8862.0
336.0,darpa_trace:n2379,darpa_trace:n505250,type_4,type_0,rel_2,1,0,1,0,train:window_3,1,8869.0
337.0,darpa_trace:n2379,darpa_trace:n505312,type_4,type_0,rel_2,1,0,1,0,train:window_3,1,8870.0
338.0,darpa_trace:n2379,darpa_trace:n505435,type_4,type_0,rel_2,1,0,1,0,train:window_3,1,8873.0
339.0,darpa_trace:n2379,darpa_trace:n505719,type_4,type_0,rel_2,1,0,1,0,train:window_3,1,8883.0
340.0,darpa_trace:n2379,darpa_trace:n505732,type_4,type_0,rel_2,1,0,1,0,train:window_3,1,8884.0
341.0,darpa_trace:n2379,darpa_trace:n514426,type_4,type_0,rel_2,1,0,1,0,train:window_3,1,8932.0
342.0,darpa_trace:n2379,darpa_trace:n515266,type_4,type_0,rel_2,1,0,1,0,train:window_3,1,8958.0
343.0,darpa_trace:n2379,darpa_trace:n515562,type_4,type_0,rel_2,1,0,1,0,train:window_3,1,8965.0
344.0,darpa_trace:n2379,darpa_trace:n519484,type_4,type_0,rel_2,1,0,1,0,train:window_3,1,9005.0
345.0,darpa_trace:n2379,darpa_trace:n519958,type_4,type_0,rel_2,1,0,1,0,train:window_3,1,9019.0
346.0,darpa_trace:n2379,darpa_trace:n519960,type_4,type_0,rel_2,1,0,1,0,train:window_3,1,9020.0
347.0,darpa_trace:n2379,darpa_trace:n520081,type_4,type_0,rel_2,1,0,1,0,train:window_3,1,9022.0
348.0,darpa_trace:n2379,darpa_trace:n520655,type_4,type_0,rel_2,1,0,1,0,train:window_3,1,9039.0
349.0,darpa_trace:n2379,darpa_trace:n522840,type_4,type_0,rel_2,1,0,1,0,train:window_3,1,9068.0
350.0,darpa_trace:n2379,darpa_trace:n523487,type_4,type_0,rel_2,1,0,1,0,train:window_3,1,9090.0
351.0,darpa_trace:n2379,darpa_trace:n523567,type_4,type_0,rel_2,1,0,1,0,train:window_3,1,9093.0
352.0,darpa_trace:n2379,darpa_trace:n524094,type_4,type_0,rel_2,1,0,1,0,train:window_3,1,9107.0
353.0,darpa_trace:n2379,darpa_trace:n524175,type_4,type_0,rel_2,1,0,1,0,train:window_3,1,9113.0
354.0,darpa_trace:n2379,darpa_trace:n524261,type_4,type_0,rel_2,1,0,1,0,train:window_3,1,9117.0
355.0,darpa_trace:n2379,darpa_trace:n524297,type_4,type_0,rel_2,1,0,1,0,train:window_3,1,9120.0
356.0,darpa_trace:n2379,darpa_trace:n525789,type_4,type_0,rel_2,1,0,1,0,train:window_3,1,9133.0
357.0,darpa_trace:n2379,darpa_trace:n526390,type_4,type_0,rel_2,1,0,1,0,train:window_3,1,9143.0
358.0,darpa_trace:n2379,darpa_trace:n526953,type_4,type_0,rel_2,1,0,1,0,train:window_3,1,9159.0
359.0,darpa_trace:n2379,darpa_trace:n527009,type_4,type_0,rel_2,1,0,1,0,train:window_3,1,9162.0
360.0,darpa_trace:n2379,darpa_trace:n527111,type_4,type_0,rel_2,1,0,1,0,train:window_3,1,9166.0
361.0,darpa_trace:n2379,darpa_trace:n528106,type_4,type_0,rel_2,1,0,1,0,train:window_3,1,9195.0
362.0,darpa_trace:n2379,darpa_trace:n530048,type_4,type_0,rel_2,1,0,1,0,train:window_3,1,9202.0
363.0,darpa_trace:n2379,darpa_trace:n530243,type_4,type_0,rel_2,1,0,1,0,train:window_3,1,9204.0
364.0,darpa_trace:n2379,darpa_trace:n532881,type_4,type_0,rel_2,1,0,1,0,train:window_3,1,9236.0
365.0,darpa_trace:n2379,darpa_trace:n533666,type_4,type_0,rel_2,1,0,1,0,train:window_3,1,9263.0
366.0,darpa_trace:n2379,darpa_trace:n533966,type_4,type_0,rel_2,1,0,1,0,train:window_3,1,9268.0
367.0,darpa_trace:n2379,darpa_trace:n534054,type_4,type_0,rel_2,1,0,1,0,train:window_3,1,9271.0
368.0,darpa_trace:n2379,darpa_trace:n542941,type_4,type_0,rel_2,1,0,1,0,train:window_3,1,9289.0
369.0,darpa_trace:n2379,darpa_trace:n543217,type_4,type_0,rel_2,1,0,1,0,train:window_3,1,9295.0
370.0,darpa_trace:n2379,darpa_trace:n543280,type_4,type_0,rel_2,1,0,1,0,train:window_3,1,9296.0
371.0,darpa_trace:n2379,darpa_trace:n543539,type_4,type_0,rel_2,1,0,1,0,train:window_3,1,9308.0
372.0,darpa_trace:n2379,darpa_trace:n544000,type_4,type_0,rel_2,1,0,1,0,train:window_3,1,9318.0
373.0,darpa_trace:n2379,darpa_trace:n544671,type_4,type_0,rel_2,1,0,1,0,train:window_3,1,9342.0
374.0,darpa_trace:n2379,darpa_trace:n544923,type_4,type_0,rel_2,1,0,1,0,train:window_3,1,9343.0
375.0,darpa_trace:n2379,darpa_trace:n547325,type_4,type_0,rel_2,1,0,1,0,train:window_3,1,9352.0
376.0,darpa_trace:n2379,darpa_trace:n547640,type_4,type_0,rel_2,1,0,1,0,train:window_3,1,9362.0
377.0,darpa_trace:n2379,darpa_trace:n548146,type_4,type_0,rel_2,1,0,1,0,train:window_3,1,9379.0
378.0,darpa_trace:n2379,darpa_trace:n548668,type_4,type_0,rel_2,1,0,1,0,train:window_3,1,9396.0
379.0,darpa_trace:n2379,darpa_trace:n549129,type_4,type_0,rel_2,1,0,1,0,train:window_3,1,9408.0
380.0,darpa_trace:n2379,darpa_trace:n550142,type_4,type_0,rel_2,1,0,1,0,train:window_3,1,9423.0
381.0,darpa_trace:n2379,darpa_trace:n550405,type_4,type_0,rel_2,1,0,1,0,train:window_3,1,9431.0
382.0,darpa_trace:n2379,darpa_trace:n550605,type_4,type_0,rel_2,1,0,1,0,train:window_3,1,9436.0
383.0,darpa_trace:n2379,darpa_trace:n550633,type_4,type_0,rel_2,1,0,1,0,train:window_3,1,9438.0
384.0,darpa_trace:n2379,darpa_trace:n550805,type_4,type_0,rel_2,1,0,1,0,train:window_3,1,9445.0
385.0,darpa_trace:n2379,darpa_trace:n551299,type_4,type_0,rel_2,1,0,1,0,train:window_3,1,9457.0
386.0,darpa_trace:n2379,darpa_trace:n551325,type_4,type_0,rel_2,1,0,1,0,train:window_3,1,9459.0
387.0,darpa_trace:n2379,darpa_trace:n551530,type_4,type_0,rel_2,1,0,1,0,train:window_3,1,9470.0
388.0,darpa_trace:n2379,darpa_trace:n551575,type_4,type_0,rel_2,1,0,1,0,train:window_3,1,9471.0
389.0,darpa_trace:n2379,darpa_trace:n551624,type_4,type_0,rel_2,1,0,1,0,train:window_3,1,9473.0
390.0,darpa_trace:n2379,darpa_trace:n552137,type_4,type_0,rel_2,1,0,1,0,train:window_3,1,9480.0
391.0,darpa_trace:n2379,darpa_trace:n557867,type_4,type_0,rel_2,1,0,1,0,train:window_3,1,9525.0
392.0,darpa_trace:n2379,darpa_trace:n558537,type_4,type_0,rel_2,1,0,1,0,train:window_3,1,9549.0
393.0,darpa_trace:n2379,darpa_trace:n558827,type_4,type_0,rel_2,1,0,1,0,train:window_3,1,9551.0
394.0,darpa_trace:n2379,darpa_trace:n561670,type_4,type_0,rel_2,1,0,1,0,train:window_3,1,9564.0
395.0,darpa_trace:n2379,darpa_trace:n562098,type_4,type_0,rel_2,1,0,1,0,train:window_3,1,9576.0
396.0,darpa_trace:n2379,darpa_trace:n562622,type_4,type_0,rel_2,1,0,1,0,train:window_3,1,9591.0
397.0,darpa_trace:n2379,darpa_trace:n562911,type_4,type_0,rel_2,1,0,1,0,train:window_3,1,9604.0
398.0,darpa_trace:n2379,darpa_trace:n564981,type_4,type_0,rel_2,1,0,1,0,train:window_3,1,9623.0
399.0,darpa_trace:n2379,darpa_trace:n568142,type_4,type_0,rel_2,1,0,1,0,train:window_3,1,9648.0
400.0,darpa_trace:n2379,darpa_trace:n568865,type_4,type_0,rel_2,1,0,1,0,train:window_3,1,9671.0
401.0,darpa_trace:n2379,darpa_trace:n568973,type_4,type_0,rel_2,1,0,1,0,train:window_4,1,9677.0
402.0,darpa_trace:n2379,darpa_trace:n569477,type_4,type_0,rel_2,1,0,1,0,train:window_4,1,9690.0
403.0,darpa_trace:n2379,darpa_trace:n569532,type_4,type_0,rel_2,1,0,1,0,train:window_4,1,9691.0
404.0,darpa_trace:n2379,darpa_trace:n569764,type_4,type_0,rel_2,1,0,1,0,train:window_4,1,9693.0
405.0,darpa_trace:n2379,darpa_trace:n572296,type_4,type_0,rel_2,1,0,1,0,train:window_4,1,9717.0
406.0,darpa_trace:n2379,darpa_trace:n572313,type_4,type_0,rel_2,1,0,1,0,train:window_4,1,9718.0
407.0,darpa_trace:n2379,darpa_trace:n572489,type_4,type_0,rel_2,1,0,1,0,train:window_4,1,9725.0
408.0,darpa_trace:n2379,darpa_trace:n573068,type_4,type_0,rel_2,1,0,1,0,train:window_4,1,9744.0
409.0,darpa_trace:n2379,darpa_trace:n573153,type_4,type_0,rel_2,1,0,1,0,train:window_4,1,9748.0
410.0,darpa_trace:n2379,darpa_trace:n573167,type_4,type_0,rel_2,1,0,1,0,train:window_4,1,9749.0
411.0,darpa_trace:n2379,darpa_trace:n692910,type_4,type_0,rel_2,1,0,1,0,train:window_4,1,9771.0
412.0,darpa_trace:n2384,darpa_trace:n520873,type_4,type_0,rel_2,0,0,0,0,train:window_4,0,9860.0
413.0,darpa_trace:n2389,darpa_trace:n278240,type_4,type_0,rel_2,0,0,0,0,train:window_4,0,10126.0
414.0,darpa_trace:n2389,darpa_trace:n506126,type_4,type_0,rel_2,0,0,0,0,train:window_4,0,10476.0
415.0,darpa_trace:n2389,darpa_trace:n547610,type_4,type_0,rel_2,0,0,0,0,train:window_4,0,10670.0
416.0,darpa_trace:n2389,darpa_trace:n550882,type_4,type_0,rel_2,0,0,0,0,train:window_4,0,10707.0
417.0,darpa_trace:n2394,darpa_trace:n3841,type_4,type_0,rel_2,0,0,0,0,train:window_4,0,10870.0
418.0,darpa_trace:n2394,darpa_trace:n495110,type_4,type_0,rel_2,0,0,0,0,train:window_4,0,11116.0
419.0,darpa_trace:n2394,darpa_trace:n543879,type_4,type_0,rel_2,0,0,0,0,train:window_4,0,11260.0
420.0,darpa_trace:n2394,darpa_trace:n557838,type_4,type_0,rel_2,0,0,0,0,train:window_4,0,11306.0
421.0,darpa_trace:n2398,darpa_trace:n3439,type_4,type_0,rel_2,1,0,1,0,train:window_4,1,11373.0
422.0,darpa_trace:n2398,darpa_trace:n139141,type_4,type_0,rel_2,1,0,1,0,train:window_4,1,11390.0
423.0,darpa_trace:n2398,darpa_trace:n164604,type_4,type_0,rel_2,1,0,1,0,train:window_4,1,11393.0
424.0,darpa_trace:n2398,darpa_trace:n167468,type_4,type_0,rel_2,1,0,1,0,train:window_4,1,11396.0
425.0,darpa_trace:n2398,darpa_trace:n179512,type_4,type_0,rel_2,1,0,1,0,train:window_4,1,11397.0
426.0,darpa_trace:n2398,darpa_trace:n264791,type_4,type_0,rel_2,1,0,1,0,train:window_4,1,11403.0
427.0,darpa_trace:n2398,darpa_trace:n269527,type_4,type_0,rel_2,1,0,1,0,train:window_4,1,11407.0
428.0,darpa_trace:n2398,darpa_trace:n372950,type_4,type_0,rel_2,1,0,1,0,train:window_4,1,11429.0
429.0,darpa_trace:n2398,darpa_trace:n385226,type_4,type_0,rel_2,1,0,1,0,train:window_4,1,11439.0
430.0,darpa_trace:n2398,darpa_trace:n389835,type_4,type_0,rel_2,1,0,1,0,train:window_4,1,11445.0
431.0,darpa_trace:n2398,darpa_trace:n492058,type_4,type_0,rel_2,1,0,1,0,train:window_4,1,11452.0
432.0,darpa_trace:n2398,darpa_trace:n498518,type_4,type_0,rel_2,1,0,1,0,train:window_4,1,11458.0
433.0,darpa_trace:n2398,darpa_trace:n499518,type_4,type_0,rel_2,1,0,1,0,train:window_4,1,11459.0
434.0,darpa_trace:n2398,darpa_trace:n549188,type_4,type_0,rel_2,1,0,1,0,train:window_4,1,11500.0
435.0,darpa_trace:n2398,darpa_trace:n551624,type_4,type_0,rel_2,1,0,1,0,train:window_4,1,11503.0
436.0,darpa_trace:n2398,darpa_trace:n669845,type_4,type_0,rel_2,1,0,1,0,train:window_4,1,11525.0
437.0,darpa_trace:n2398,darpa_trace:n752182,type_4,type_0,rel_2,1,0,1,0,train:window_4,1,11536.0
438.0,darpa_trace:n2403,darpa_trace:n528182,type_4,type_0,rel_2,0,0,0,0,train:window_4,0,11626.0
439.0,darpa_trace:n2422,darpa_trace:n372950,type_4,type_0,rel_2,0,0,0,0,train:window_4,0,11990.0
440.0,darpa_trace:n2467,darpa_trace:n498518,type_4,type_0,rel_2,0,0,0,0,train:window_4,0,12852.0
441.0,darpa_trace:n2473,darpa_trace:n389835,type_4,type_0,rel_2,0,0,0,0,train:window_4,0,13068.0
442.0,darpa_trace:n2491,darpa_trace:n525789,type_4,type_0,rel_2,0,0,0,0,train:window_4,0,13467.0
443.0,darpa_trace:n2575,darpa_trace:n272474,type_4,type_0,rel_2,0,0,0,0,train:window_4,0,14379.0
444.0,darpa_trace:n2575,darpa_trace:n331888,type_4,type_0,rel_2,0,0,0,0,train:window_4,0,14382.0
445.0,darpa_trace:n2587,darpa_trace:n518912,type_4,type_0,rel_2,0,0,0,0,train:window_4,0,14521.0
446.0,darpa_trace:n2646,darpa_trace:n495725,type_4,type_0,rel_2,0,0,0,0,train:window_4,0,14921.0
447.0,darpa_trace:n2646,darpa_trace:n556263,type_4,type_0,rel_2,0,0,0,0,train:window_4,0,14945.0
448.0,darpa_trace:n2669,darpa_trace:n267530,type_0,type_1,rel_1,0,0,0,0,train:window_4,0,15463.0
449.0,darpa_trace:n2669,darpa_trace:n392875,type_0,type_1,rel_1,0,0,0,0,train:window_4,0,15747.0
450.0,darpa_trace:n2679,darpa_trace:n374841,type_0,type_1,rel_1,0,0,0,0,train:window_4,0,16556.0
451.0,darpa_trace:n2679,darpa_trace:n519239,type_0,type_1,rel_1,0,0,0,0,train:window_4,0,16684.0
452.0,darpa_trace:n2684,darpa_trace:n83574,type_0,type_1,rel_1,0,0,0,0,train:window_4,0,16898.0
453.0,darpa_trace:n2684,darpa_trace:n492827,type_0,type_1,rel_1,0,0,0,0,train:window_4,0,17093.0
454.0,darpa_trace:n2684,darpa_trace:n514253,type_0,type_1,rel_1,0,0,0,0,train:window_4,0,17155.0
455.0,darpa_trace:n2707,darpa_trace:n80187,type_0,type_1,rel_1,0,0,0,0,train:window_4,0,17449.0
456.0,darpa_trace:n2825,darpa_trace:n561453,type_4,type_0,rel_9,0,0,0,0,train:window_4,0,18632.0
457.0,darpa_trace:n2825,darpa_trace:n561670,type_4,type_0,rel_9,0,0,0,0,train:window_4,0,18636.0
458.0,darpa_trace:n2825,darpa_trace:n567540,type_4,type_0,rel_9,0,0,0,0,train:window_4,0,18646.0
459.0,darpa_trace:n2838,darpa_trace:n2315,type_0,type_4,rel_5,1,1,0,1,train:window_4,1,18675.0
460.0,darpa_trace:n2894,darpa_trace:n2379,type_0,type_4,rel_5,1,1,0,1,train:window_4,1,19076.0
461.0,darpa_trace:n2908,darpa_trace:n2379,type_0,type_4,rel_5,1,1,0,1,train:window_4,1,19096.0
462.0,darpa_trace:n2996,darpa_trace:n2315,type_0,type_4,rel_5,1,1,0,1,train:window_4,1,19347.0
463.0,darpa_trace:n2996,darpa_trace:n3030,type_0,type_5,rel_6,0,0,0,0,train:window_4,0,19384.0
464.0,darpa_trace:n2997,darpa_trace:n376054,type_4,type_0,rel_9,0,0,0,0,train:window_4,0,19535.0
465.0,darpa_trace:n2997,darpa_trace:n382290,type_4,type_0,rel_9,0,0,0,0,train:window_4,0,19540.0
466.0,darpa_trace:n2997,darpa_trace:n547733,type_4,type_0,rel_9,0,0,0,0,train:window_4,0,19666.0
467.0,darpa_trace:n2999,darpa_trace:n274073,type_4,type_0,rel_2,0,0,0,0,train:window_4,0,19769.0
468.0,darpa_trace:n3005,darpa_trace:n77839,type_4,type_0,rel_2,0,0,0,0,train:window_4,0,20015.0
469.0,darpa_trace:n3005,darpa_trace:n277749,type_4,type_0,rel_2,0,0,0,0,train:window_4,0,20056.0
470.0,darpa_trace:n3014,darpa_trace:n3205,type_4,type_0,rel_2,0,0,0,0,train:window_4,0,20575.0
471.0,darpa_trace:n3014,darpa_trace:n270740,type_4,type_0,rel_2,0,0,0,0,train:window_4,0,20631.0
472.0,darpa_trace:n3033,darpa_trace:n495233,type_4,type_0,rel_2,0,0,0,0,train:window_4,0,21074.0
473.0,darpa_trace:n3033,darpa_trace:n562559,type_4,type_0,rel_2,0,0,0,0,train:window_4,0,21192.0
474.0,darpa_trace:n3042,darpa_trace:n520161,type_4,type_0,rel_2,0,0,0,0,train:window_4,0,21823.0
475.0,darpa_trace:n3064,darpa_trace:n568439,type_4,type_0,rel_2,0,0,0,0,train:window_4,0,22270.0
476.0,darpa_trace:n3065,darpa_trace:n3296,type_4,type_0,rel_2,0,0,0,0,train:window_4,0,22286.0
477.0,darpa_trace:n3066,darpa_trace:n273798,type_4,type_0,rel_2,0,0,0,0,train:window_4,0,22613.0
478.0,darpa_trace:n3068,darpa_trace:n502293,type_4,type_0,rel_2,0,0,0,0,train:window_4,0,23285.0
479.0,darpa_trace:n3069,darpa_trace:n270924,type_4,type_0,rel_2,0,0,0,0,train:window_4,0,23447.0
480.0,darpa_trace:n3069,darpa_trace:n515357,type_4,type_0,rel_2,0,0,0,0,train:window_4,0,23582.0
481.0,darpa_trace:n3071,darpa_trace:n69996,type_4,type_0,rel_2,0,0,0,0,train:window_4,0,23979.0
482.0,darpa_trace:n3073,darpa_trace:n273384,type_4,type_0,rel_2,0,0,0,0,train:window_4,0,24572.0
483.0,darpa_trace:n3073,darpa_trace:n277749,type_4,type_0,rel_2,0,0,0,0,train:window_4,0,24583.0
484.0,darpa_trace:n3073,darpa_trace:n382978,type_4,type_0,rel_2,0,0,0,0,train:window_4,0,24631.0
485.0,darpa_trace:n3073,darpa_trace:n391322,type_4,type_0,rel_2,0,0,0,0,train:window_4,0,24649.0
486.0,darpa_trace:n3073,darpa_trace:n498706,type_4,type_0,rel_2,0,0,0,0,train:window_4,0,24672.0
487.0,darpa_trace:n3073,darpa_trace:n527140,type_4,type_0,rel_2,0,0,0,0,train:window_4,0,24727.0
488.0,darpa_trace:n3074,darpa_trace:n568530,type_4,type_0,rel_2,0,0,0,0,train:window_4,0,25071.0
489.0,darpa_trace:n3075,darpa_trace:n266032,type_4,type_0,rel_2,0,0,0,0,train:window_4,0,25115.0
490.0,darpa_trace:n3076,darpa_trace:n376145,type_4,type_0,rel_2,0,0,0,0,train:window_4,0,25462.0
491.0,darpa_trace:n3076,darpa_trace:n523217,type_4,type_0,rel_2,0,0,0,0,train:window_4,0,25555.0
492.0,darpa_trace:n3081,darpa_trace:n2379,type_0,type_4,rel_5,1,1,0,1,train:window_4,1,25655.0
493.0,darpa_trace:n3111,darpa_trace:n376116,type_4,type_0,rel_2,0,0,0,0,train:window_4,0,26341.0
494.0,darpa_trace:n3111,darpa_trace:n382672,type_4,type_0,rel_2,0,0,0,0,train:window_4,0,26347.0
495.0,darpa_trace:n3111,darpa_trace:n514822,type_4,type_0,rel_2,0,0,0,0,train:window_4,0,26418.0
496.0,darpa_trace:n3176,darpa_trace:n2315,type_0,type_4,rel_5,1,1,0,1,train:window_4,1,26622.0
497.0,darpa_trace:n3205,darpa_trace:n3251,type_0,type_5,rel_11,0,0,0,0,train:window_4,0,26720.0
498.0,darpa_trace:n3267,darpa_trace:n2315,type_0,type_4,rel_5,1,1,0,1,train:window_4,1,26758.0
499.0,darpa_trace:n3267,darpa_trace:n3273,type_0,type_5,rel_6,0,0,0,0,train:window_4,0,26765.0
500.0,darpa_trace:n3296,darpa_trace:n2315,type_0,type_4,rel_5,1,1,0,1,train:window_4,1,26799.0
501.0,darpa_trace:n3296,darpa_trace:n3072,type_0,type_4,rel_5,0,0,0,0,train:window_5,0,26879.0
502.0,darpa_trace:n3439,darpa_trace:n3579,type_0,type_4,rel_5,0,0,0,0,train:window_5,0,27369.0
503.0,darpa_trace:n3500,darpa_trace:n69537,type_4,type_0,rel_2,0,0,0,0,train:window_5,0,27730.0
504.0,darpa_trace:n3520,darpa_trace:n498518,type_4,type_0,rel_2,0,0,0,0,train:window_5,0,28365.0
505.0,darpa_trace:n3576,darpa_trace:n692910,type_4,type_0,rel_2,0,0,0,0,train:window_5,0,29356.0
506.0,darpa_trace:n3583,darpa_trace:n526861,type_4,type_0,rel_2,0,0,0,0,train:window_5,0,29579.0
507.0,darpa_trace:n3587,darpa_trace:n572341,type_4,type_0,rel_2,0,0,0,0,train:window_5,0,29704.0
508.0,darpa_trace:n3604,darpa_trace:n524261,type_4,type_0,rel_9,0,0,0,0,train:window_5,0,29848.0
509.0,darpa_trace:n3618,darpa_trace:n3639,type_0,type_5,rel_11,0,0,0,0,train:window_5,0,29904.0
510.0,darpa_trace:n3674,darpa_trace:n3960,type_0,type_8,rel_8,0,0,0,0,train:window_5,0,30094.0
511.0,darpa_trace:n3675,darpa_trace:n490908,type_4,type_0,rel_9,0,0,0,0,train:window_5,0,30118.0
512.0,darpa_trace:n3779,darpa_trace:n2379,type_0,type_4,rel_5,1,1,0,1,train:window_5,1,30297.0
513.0,darpa_trace:n4191,darpa_trace:n2379,type_0,type_4,rel_5,1,1,0,1,train:window_5,1,30984.0
514.0,darpa_trace:n4204,darpa_trace:n2315,type_0,type_4,rel_5,1,1,0,1,train:window_5,1,31031.0
515.0,darpa_trace:n4242,darpa_trace:n4229,type_8,type_0,rel_2,0,0,0,0,train:window_5,0,31190.0
516.0,darpa_trace:n4274,darpa_trace:n2379,type_0,type_4,rel_5,1,1,0,1,train:window_5,1,31250.0
517.0,darpa_trace:n4302,darpa_trace:n548641,type_4,type_0,rel_2,0,0,0,0,train:window_5,0,31360.0
518.0,darpa_trace:n4331,darpa_trace:n2315,type_0,type_4,rel_5,1,1,0,1,train:window_5,1,31407.0
519.0,darpa_trace:n4344,darpa_trace:n2315,type_0,type_4,rel_5,1,1,0,1,train:window_5,1,31455.0
520.0,darpa_trace:n4344,darpa_trace:n2379,type_0,type_4,rel_5,1,1,0,1,train:window_5,1,31457.0
521.0,darpa_trace:n4356,darpa_trace:n2379,type_0,type_4,rel_5,1,1,0,1,train:window_5,1,31502.0
522.0,darpa_trace:n4412,darpa_trace:n4418,type_0,type_5,rel_11,0,0,0,0,train:window_5,0,31815.0
523.0,darpa_trace:n4412,darpa_trace:n4433,type_0,type_5,rel_11,0,0,0,0,train:window_5,0,31832.0
524.0,darpa_trace:n4502,darpa_trace:n2315,type_0,type_4,rel_5,1,1,0,1,train:window_5,1,32230.0
525.0,darpa_trace:n4502,darpa_trace:n2379,type_0,type_4,rel_5,1,1,0,1,train:window_5,1,32242.0
526.0,darpa_trace:n4542,darpa_trace:n544251,type_4,type_0,rel_2,0,0,0,0,train:window_5,0,32523.0
527.0,darpa_trace:n4543,darpa_trace:n267157,type_4,type_0,rel_2,0,0,0,0,train:window_5,0,32563.0
528.0,darpa_trace:n4543,darpa_trace:n529854,type_4,type_0,rel_2,0,0,0,0,train:window_5,0,32630.0
529.0,darpa_trace:n4551,darpa_trace:n4579,type_0,type_5,rel_11,0,0,0,0,train:window_5,0,32734.0
530.0,darpa_trace:n4556,darpa_trace:n70517,type_4,type_0,rel_2,0,0,0,0,train:window_5,0,33123.0
531.0,darpa_trace:n4622,darpa_trace:n4551,type_4,type_0,rel_2,0,0,0,0,train:window_5,0,33437.0
532.0,darpa_trace:n4626,darpa_trace:n564821,type_4,type_0,rel_2,0,0,0,0,train:window_5,0,33561.0
533.0,darpa_trace:n4639,darpa_trace:n551624,type_4,type_0,rel_2,0,0,0,0,train:window_5,0,33685.0
534.0,darpa_trace:n4649,darpa_trace:n373266,type_4,type_0,rel_2,0,0,0,0,train:window_5,0,33776.0
535.0,darpa_trace:n4722,darpa_trace:n391749,type_4,type_0,rel_2,0,0,0,0,train:window_5,0,34515.0
536.0,darpa_trace:n4722,darpa_trace:n569477,type_4,type_0,rel_2,0,0,0,0,train:window_5,0,34548.0
537.0,darpa_trace:n4796,darpa_trace:n502739,type_4,type_0,rel_2,0,0,0,0,train:window_5,0,34772.0
538.0,darpa_trace:n4839,darpa_trace:n2315,type_0,type_4,rel_5,1,1,0,1,train:window_5,1,35265.0
539.0,darpa_trace:n4873,darpa_trace:n2315,type_0,type_4,rel_5,1,1,0,1,train:window_5,1,35346.0
540.0,darpa_trace:n4890,darpa_trace:n2379,type_0,type_4,rel_5,1,1,0,1,train:window_5,1,35412.0
541.0,darpa_trace:n4930,darpa_trace:n4928,type_0,type_8,rel_7,0,0,0,0,train:window_5,0,35706.0
542.0,darpa_trace:n5161,darpa_trace:n5162,type_1,type_0,rel_0,0,0,0,0,train:window_5,0,35784.0
543.0,darpa_trace:n5164,darpa_trace:n503886,type_0,type_1,rel_1,0,0,0,0,train:window_5,0,36023.0
544.0,darpa_trace:n5164,darpa_trace:n574548,type_0,type_1,rel_1,0,0,0,0,train:window_5,0,36072.0
545.0,darpa_trace:n5252,darpa_trace:n2684,type_1,type_0,rel_0,0,0,0,0,train:window_5,0,36137.0
546.0,darpa_trace:n5692,darpa_trace:n18,type_3,type_0,rel_0,0,0,0,0,train:window_5,0,36623.0
547.0,darpa_trace:n5767,darpa_trace:n5819,type_0,type_5,rel_11,0,0,0,0,train:window_5,0,36761.0
548.0,darpa_trace:n5767,darpa_trace:n5878,type_0,type_4,rel_5,0,0,0,0,train:window_5,0,36823.0
549.0,darpa_trace:n5767,darpa_trace:n6114,type_0,type_4,rel_5,0,0,0,0,train:window_5,0,37059.0
550.0,darpa_trace:n5767,darpa_trace:n6218,type_0,type_4,rel_5,0,0,0,0,train:window_5,0,37163.0
551.0,darpa_trace:n5813,darpa_trace:n5767,type_4,type_0,rel_2,0,0,0,0,train:window_5,0,37272.0
552.0,darpa_trace:n5968,darpa_trace:n79830,type_4,type_0,rel_2,0,0,0,0,train:window_5,0,37547.0
553.0,darpa_trace:n5977,darpa_trace:n5767,type_4,type_0,rel_2,0,0,0,0,train:window_5,0,37564.0
554.0,darpa_trace:n6152,darpa_trace:n5767,type_4,type_0,rel_2,0,0,0,0,train:window_5,0,37914.0
555.0,darpa_trace:n6601,darpa_trace:n48,type_1,type_0,rel_0,0,0,0,0,train:window_5,0,38620.0
556.0,darpa_trace:n6666,darpa_trace:n2315,type_0,type_4,rel_5,1,1,0,1,train:window_5,1,38696.0
557.0,darpa_trace:n6666,darpa_trace:n7137,type_0,type_1,rel_7,0,0,0,0,train:window_5,0,39028.0
558.0,darpa_trace:n6666,darpa_trace:n7799,type_0,type_1,rel_7,0,0,0,0,train:window_5,0,39675.0
559.0,darpa_trace:n6666,darpa_trace:n8413,type_0,type_1,rel_7,0,0,0,0,train:window_5,0,40274.0
560.0,darpa_trace:n6666,darpa_trace:n8847,type_0,type_1,rel_7,0,0,0,0,train:window_5,0,40694.0
561.0,darpa_trace:n6666,darpa_trace:n9133,type_0,type_1,rel_7,0,0,0,0,train:window_5,0,40979.0
562.0,darpa_trace:n6666,darpa_trace:n10214,type_0,type_1,rel_7,0,0,0,0,train:window_5,0,42026.0
563.0,darpa_trace:n6666,darpa_trace:n10260,type_0,type_1,rel_7,0,0,0,0,train:window_5,0,42070.0
564.0,darpa_trace:n6666,darpa_trace:n10801,type_0,type_1,rel_7,0,0,0,0,train:window_5,0,42576.0
565.0,darpa_trace:n6666,darpa_trace:n11099,type_0,type_1,rel_7,0,0,0,0,train:window_5,0,42866.0
566.0,darpa_trace:n6666,darpa_trace:n11120,type_0,type_1,rel_7,0,0,0,0,train:window_5,0,42885.0
567.0,darpa_trace:n6666,darpa_trace:n11357,type_0,type_1,rel_7,0,0,0,0,train:window_5,0,43116.0
568.0,darpa_trace:n6666,darpa_trace:n11438,type_0,type_1,rel_7,0,0,0,0,train:window_5,0,43196.0
569.0,darpa_trace:n6666,darpa_trace:n11444,type_0,type_1,rel_7,0,0,0,0,train:window_5,0,43202.0
570.0,darpa_trace:n6666,darpa_trace:n11937,type_0,type_1,rel_7,0,0,0,0,train:window_5,0,43691.0
571.0,darpa_trace:n6666,darpa_trace:n11999,type_0,type_1,rel_7,0,0,0,0,train:window_5,0,43750.0
572.0,darpa_trace:n6666,darpa_trace:n12105,type_0,type_1,rel_7,0,0,0,0,train:window_5,0,43846.0
573.0,darpa_trace:n6666,darpa_trace:n12234,type_0,type_1,rel_7,0,0,0,0,train:window_5,0,43975.0
574.0,darpa_trace:n6666,darpa_trace:n12450,type_0,type_1,rel_7,0,0,0,0,train:window_5,0,44180.0
575.0,darpa_trace:n6666,darpa_trace:n12534,type_0,type_1,rel_7,0,0,0,0,train:window_5,0,44259.0
576.0,darpa_trace:n6666,darpa_trace:n12857,type_0,type_1,rel_7,0,0,0,0,train:window_5,0,44568.0
577.0,darpa_trace:n6666,darpa_trace:n13239,type_0,type_1,rel_7,0,0,0,0,train:window_5,0,44932.0
578.0,darpa_trace:n6666,darpa_trace:n13453,type_0,type_1,rel_7,0,0,0,0,train:window_5,0,45141.0
579.0,darpa_trace:n6666,darpa_trace:n13620,type_0,type_1,rel_7,0,0,0,0,train:window_5,0,45305.0
580.0,darpa_trace:n6666,darpa_trace:n13836,type_0,type_1,rel_7,0,0,0,0,train:window_5,0,45514.0
581.0,darpa_trace:n6666,darpa_trace:n13849,type_0,type_1,rel_7,0,0,0,0,train:window_5,0,45527.0
582.0,darpa_trace:n6666,darpa_trace:n14089,type_0,type_1,rel_7,0,0,0,0,train:window_5,0,45765.0
583.0,darpa_trace:n6666,darpa_trace:n14100,type_0,type_1,rel_7,0,0,0,0,train:window_5,0,45776.0
584.0,darpa_trace:n6666,darpa_trace:n14112,type_0,type_1,rel_7,0,0,0,0,train:window_5,0,45788.0
585.0,darpa_trace:n6666,darpa_trace:n15139,type_0,type_1,rel_7,0,0,0,0,train:window_5,0,46785.0
586.0,darpa_trace:n6666,darpa_trace:n15629,type_0,type_1,rel_7,0,0,0,0,train:window_5,0,47259.0
587.0,darpa_trace:n6666,darpa_trace:n15684,type_0,type_1,rel_7,0,0,0,0,train:window_5,0,47311.0
588.0,darpa_trace:n6666,darpa_trace:n15803,type_0,type_1,rel_7,0,0,0,0,train:window_5,0,47422.0
589.0,darpa_trace:n6666,darpa_trace:n15814,type_0,type_1,rel_7,0,0,0,0,train:window_5,0,47433.0
590.0,darpa_trace:n6666,darpa_trace:n16041,type_0,type_1,rel_7,0,0,0,0,train:window_5,0,47655.0
591.0,darpa_trace:n6666,darpa_trace:n16416,type_0,type_1,rel_7,0,0,0,0,train:window_5,0,48018.0
592.0,darpa_trace:n6666,darpa_trace:n16551,type_0,type_1,rel_7,0,0,0,0,train:window_5,0,48144.0
593.0,darpa_trace:n6666,darpa_trace:n16742,type_0,type_1,rel_7,0,0,0,0,train:window_5,0,48331.0
594.0,darpa_trace:n6666,darpa_trace:n17157,type_0,type_1,rel_7,0,0,0,0,train:window_5,0,48742.0
595.0,darpa_trace:n6666,darpa_trace:n17181,type_0,type_1,rel_7,0,0,0,0,train:window_5,0,48766.0
596.0,darpa_trace:n6666,darpa_trace:n17282,type_0,type_1,rel_7,0,0,0,0,train:window_5,0,48867.0
597.0,darpa_trace:n6666,darpa_trace:n17299,type_0,type_1,rel_7,0,0,0,0,train:window_5,0,48884.0
598.0,darpa_trace:n6666,darpa_trace:n17462,type_0,type_1,rel_7,0,0,0,0,train:window_5,0,49046.0
599.0,darpa_trace:n6666,darpa_trace:n17844,type_0,type_1,rel_7,0,0,0,0,train:window_5,0,49413.0
600.0,darpa_trace:n6666,darpa_trace:n18056,type_0,type_1,rel_7,0,0,0,0,train:window_5,0,49625.0
601.0,darpa_trace:n6666,darpa_trace:n18199,type_0,type_1,rel_7,0,0,0,0,train:window_6,0,49762.0
602.0,darpa_trace:n6666,darpa_trace:n18698,type_0,type_1,rel_7,0,0,0,0,train:window_6,0,50245.0
603.0,darpa_trace:n6666,darpa_trace:n20008,type_0,type_1,rel_7,0,0,0,0,train:window_6,0,51530.0
604.0,darpa_trace:n6666,darpa_trace:n20293,type_0,type_1,rel_7,0,0,0,0,train:window_6,0,51797.0
605.0,darpa_trace:n6666,darpa_trace:n20298,type_0,type_1,rel_7,0,0,0,0,train:window_6,0,51802.0
606.0,darpa_trace:n6666,darpa_trace:n20318,type_0,type_1,rel_7,0,0,0,0,train:window_6,0,51821.0
607.0,darpa_trace:n6666,darpa_trace:n20355,type_0,type_1,rel_7,0,0,0,0,train:window_6,0,51856.0
608.0,darpa_trace:n6666,darpa_trace:n20879,type_0,type_1,rel_7,0,0,0,0,train:window_6,0,52349.0
609.0,darpa_trace:n6666,darpa_trace:n21115,type_0,type_1,rel_7,0,0,0,0,train:window_6,0,52575.0
610.0,darpa_trace:n6666,darpa_trace:n21339,type_0,type_1,rel_7,0,0,0,0,train:window_6,0,52791.0
611.0,darpa_trace:n6666,darpa_trace:n21434,type_0,type_1,rel_7,0,0,0,0,train:window_6,0,52885.0
612.0,darpa_trace:n6666,darpa_trace:n22168,type_0,type_1,rel_7,0,0,0,0,train:window_6,0,53601.0
613.0,darpa_trace:n6666,darpa_trace:n22583,type_0,type_1,rel_7,0,0,0,0,train:window_6,0,53996.0
614.0,darpa_trace:n6666,darpa_trace:n22737,type_0,type_1,rel_7,0,0,0,0,train:window_6,0,54144.0
615.0,darpa_trace:n6666,darpa_trace:n22739,type_0,type_1,rel_7,0,0,0,0,train:window_6,0,54146.0
616.0,darpa_trace:n6666,darpa_trace:n22991,type_0,type_1,rel_7,0,0,0,0,train:window_6,0,54386.0
617.0,darpa_trace:n6666,darpa_trace:n23360,type_0,type_1,rel_7,0,0,0,0,train:window_6,0,54738.0
618.0,darpa_trace:n6666,darpa_trace:n23989,type_0,type_1,rel_7,0,0,0,0,train:window_6,0,55353.0
619.0,darpa_trace:n6666,darpa_trace:n24774,type_0,type_1,rel_7,0,0,0,0,train:window_6,0,56123.0
620.0,darpa_trace:n6666,darpa_trace:n25701,type_0,type_1,rel_7,0,0,0,0,train:window_6,0,57016.0
621.0,darpa_trace:n6666,darpa_trace:n25988,type_0,type_1,rel_7,0,0,0,0,train:window_6,0,57290.0
622.0,darpa_trace:n6666,darpa_trace:n26166,type_0,type_1,rel_7,0,0,0,0,train:window_6,0,57464.0
623.0,darpa_trace:n6666,darpa_trace:n26370,type_0,type_1,rel_7,0,0,0,0,train:window_6,0,57661.0
624.0,darpa_trace:n6666,darpa_trace:n26753,type_0,type_1,rel_7,0,0,0,0,train:window_6,0,58033.0
625.0,darpa_trace:n6666,darpa_trace:n27209,type_0,type_1,rel_7,0,0,0,0,train:window_6,0,58486.0
626.0,darpa_trace:n6666,darpa_trace:n27524,type_0,type_1,rel_7,0,0,0,0,train:window_6,0,58797.0
627.0,darpa_trace:n6666,darpa_trace:n28007,type_0,type_1,rel_7,0,0,0,0,train:window_6,0,59267.0
628.0,darpa_trace:n6666,darpa_trace:n28133,type_0,type_1,rel_7,0,0,0,0,train:window_6,0,59393.0
629.0,darpa_trace:n6666,darpa_trace:n28145,type_0,type_1,rel_7,0,0,0,0,train:window_6,0,59404.0
630.0,darpa_trace:n6666,darpa_trace:n28159,type_0,type_1,rel_7,0,0,0,0,train:window_6,0,59418.0
631.0,darpa_trace:n6666,darpa_trace:n28163,type_0,type_1,rel_7,0,0,0,0,train:window_6,0,59422.0
632.0,darpa_trace:n6666,darpa_trace:n28231,type_0,type_1,rel_7,0,0,0,0,train:window_6,0,59485.0
633.0,darpa_trace:n6666,darpa_trace:n28433,type_0,type_1,rel_7,0,0,0,0,train:window_6,0,59681.0
634.0,darpa_trace:n6666,darpa_trace:n29326,type_0,type_1,rel_7,0,0,0,0,train:window_6,0,60551.0
635.0,darpa_trace:n6666,darpa_trace:n29401,type_0,type_1,rel_7,0,0,0,0,train:window_6,0,60626.0
636.0,darpa_trace:n6666,darpa_trace:n29619,type_0,type_1,rel_7,0,0,0,0,train:window_6,0,60844.0
637.0,darpa_trace:n6666,darpa_trace:n29680,type_0,type_1,rel_7,0,0,0,0,train:window_6,0,60904.0
638.0,darpa_trace:n6666,darpa_trace:n30143,type_0,type_1,rel_7,0,0,0,0,train:window_6,0,61347.0
639.0,darpa_trace:n6666,darpa_trace:n30411,type_0,type_1,rel_7,0,0,0,0,train:window_6,0,61601.0
640.0,darpa_trace:n6666,darpa_trace:n30735,type_0,type_1,rel_7,0,0,0,0,train:window_6,0,61907.0
641.0,darpa_trace:n6666,darpa_trace:n30773,type_0,type_1,rel_7,0,0,0,0,train:window_6,0,61943.0
642.0,darpa_trace:n6666,darpa_trace:n30787,type_0,type_1,rel_7,0,0,0,0,train:window_6,0,61956.0
643.0,darpa_trace:n6666,darpa_trace:n31070,type_0,type_1,rel_7,0,0,0,0,train:window_6,0,62224.0
644.0,darpa_trace:n6666,darpa_trace:n31533,type_0,type_1,rel_7,0,0,0,0,train:window_6,0,62675.0
645.0,darpa_trace:n6666,darpa_trace:n31596,type_0,type_1,rel_7,0,0,0,0,train:window_6,0,62738.0
646.0,darpa_trace:n6666,darpa_trace:n31743,type_0,type_1,rel_7,0,0,0,0,train:window_6,0,62885.0
647.0,darpa_trace:n6666,darpa_trace:n31797,type_0,type_1,rel_7,0,0,0,0,train:window_6,0,62937.0
648.0,darpa_trace:n6666,darpa_trace:n31891,type_0,type_1,rel_7,0,0,0,0,train:window_6,0,63031.0
649.0,darpa_trace:n6666,darpa_trace:n32346,type_0,type_1,rel_7,0,0,0,0,train:window_6,0,63468.0
650.0,darpa_trace:n6666,darpa_trace:n32525,type_0,type_1,rel_7,0,0,0,0,train:window_6,0,63637.0
651.0,darpa_trace:n6666,darpa_trace:n32590,type_0,type_1,rel_7,0,0,0,0,train:window_6,0,63700.0
652.0,darpa_trace:n6666,darpa_trace:n32741,type_0,type_1,rel_7,0,0,0,0,train:window_6,0,63842.0
653.0,darpa_trace:n6666,darpa_trace:n32842,type_0,type_1,rel_7,0,0,0,0,train:window_6,0,63939.0
654.0,darpa_trace:n6666,darpa_trace:n33553,type_0,type_1,rel_7,0,0,0,0,train:window_6,0,64619.0
655.0,darpa_trace:n6666,darpa_trace:n33775,type_0,type_1,rel_7,0,0,0,0,train:window_6,0,64835.0
656.0,darpa_trace:n6666,darpa_trace:n34401,type_0,type_1,rel_7,0,0,0,0,train:window_6,0,65444.0
657.0,darpa_trace:n6666,darpa_trace:n34789,type_0,type_1,rel_7,0,0,0,0,train:window_6,0,65829.0
658.0,darpa_trace:n6666,darpa_trace:n34823,type_0,type_1,rel_7,0,0,0,0,train:window_6,0,65861.0
659.0,darpa_trace:n6666,darpa_trace:n34954,type_0,type_1,rel_7,0,0,0,0,train:window_6,0,65991.0
660.0,darpa_trace:n6666,darpa_trace:n35010,type_0,type_1,rel_7,0,0,0,0,train:window_6,0,66047.0
661.0,darpa_trace:n6666,darpa_trace:n35119,type_0,type_1,rel_7,0,0,0,0,train:window_6,0,66152.0
662.0,darpa_trace:n6666,darpa_trace:n35359,type_0,type_1,rel_7,0,0,0,0,train:window_6,0,66379.0
663.0,darpa_trace:n6666,darpa_trace:n35573,type_0,type_1,rel_7,0,0,0,0,train:window_6,0,66585.0
664.0,darpa_trace:n6666,darpa_trace:n35763,type_0,type_1,rel_7,0,0,0,0,train:window_6,0,66769.0
665.0,darpa_trace:n6666,darpa_trace:n35853,type_0,type_1,rel_7,0,0,0,0,train:window_6,0,66853.0
666.0,darpa_trace:n6666,darpa_trace:n35869,type_0,type_1,rel_7,0,0,0,0,train:window_6,0,66868.0
667.0,darpa_trace:n6666,darpa_trace:n36256,type_0,type_1,rel_7,0,0,0,0,train:window_6,0,67243.0
668.0,darpa_trace:n6666,darpa_trace:n36319,type_0,type_1,rel_7,0,0,0,0,train:window_6,0,67303.0
669.0,darpa_trace:n6666,darpa_trace:n36406,type_0,type_1,rel_7,0,0,0,0,train:window_6,0,67387.0
670.0,darpa_trace:n6666,darpa_trace:n36542,type_0,type_1,rel_7,0,0,0,0,train:window_6,0,67516.0
671.0,darpa_trace:n6666,darpa_trace:n36592,type_0,type_1,rel_7,0,0,0,0,train:window_6,0,67564.0
672.0,darpa_trace:n6666,darpa_trace:n36902,type_0,type_1,rel_7,0,0,0,0,train:window_6,0,67870.0
673.0,darpa_trace:n6666,darpa_trace:n38005,type_0,type_1,rel_7,0,0,0,0,train:window_6,0,68932.0
674.0,darpa_trace:n6666,darpa_trace:n38591,type_0,type_1,rel_7,0,0,0,0,train:window_6,0,69503.0
675.0,darpa_trace:n6666,darpa_trace:n38960,type_0,type_1,rel_7,0,0,0,0,train:window_6,0,69857.0
676.0,darpa_trace:n6666,darpa_trace:n39078,type_0,type_1,rel_7,0,0,0,0,train:window_6,0,69973.0
677.0,darpa_trace:n6666,darpa_trace:n39347,type_0,type_1,rel_7,0,0,0,0,train:window_6,0,70239.0
678.0,darpa_trace:n6666,darpa_trace:n39376,type_0,type_1,rel_7,0,0,0,0,train:window_6,0,70268.0
679.0,darpa_trace:n6666,darpa_trace:n39505,type_0,type_1,rel_7,0,0,0,0,train:window_6,0,70397.0
680.0,darpa_trace:n6666,darpa_trace:n39586,type_0,type_1,rel_7,0,0,0,0,train:window_6,0,70478.0
681.0,darpa_trace:n6666,darpa_trace:n39642,type_0,type_1,rel_7,0,0,0,0,train:window_6,0,70534.0
682.0,darpa_trace:n6666,darpa_trace:n39781,type_0,type_1,rel_7,0,0,0,0,train:window_6,0,70669.0
683.0,darpa_trace:n6666,darpa_trace:n39810,type_0,type_1,rel_7,0,0,0,0,train:window_6,0,70697.0
684.0,darpa_trace:n6666,darpa_trace:n39961,type_0,type_1,rel_7,0,0,0,0,train:window_6,0,70841.0
685.0,darpa_trace:n6666,darpa_trace:n40028,type_0,type_1,rel_7,0,0,0,0,train:window_6,0,70906.0
686.0,darpa_trace:n6666,darpa_trace:n40158,type_0,type_1,rel_7,0,0,0,0,train:window_6,0,71032.0
687.0,darpa_trace:n6666,darpa_trace:n40798,type_0,type_1,rel_7,0,0,0,0,train:window_6,0,71629.0
688.0,darpa_trace:n6666,darpa_trace:n41221,type_0,type_1,rel_7,0,0,0,0,train:window_6,0,72029.0
689.0,darpa_trace:n6666,darpa_trace:n41478,type_0,type_1,rel_7,0,0,0,0,train:window_6,0,72277.0
690.0,darpa_trace:n6666,darpa_trace:n41637,type_0,type_1,rel_7,0,0,0,0,train:window_6,0,72433.0
691.0,darpa_trace:n6666,darpa_trace:n41995,type_0,type_1,rel_7,0,0,0,0,train:window_6,0,72786.0
692.0,darpa_trace:n6666,darpa_trace:n42507,type_0,type_1,rel_7,0,0,0,0,train:window_6,0,73278.0
693.0,darpa_trace:n6666,darpa_trace:n42601,type_0,type_1,rel_7,0,0,0,0,train:window_6,0,73368.0
694.0,darpa_trace:n6666,darpa_trace:n42997,type_0,type_1,rel_7,0,0,0,0,train:window_6,0,73744.0
695.0,darpa_trace:n6666,darpa_trace:n43220,type_0,type_1,rel_7,0,0,0,0,train:window_6,0,73954.0
696.0,darpa_trace:n6666,darpa_trace:n43494,type_0,type_1,rel_7,0,0,0,0,train:window_6,0,74214.0
697.0,darpa_trace:n6666,darpa_trace:n44632,type_0,type_1,rel_7,0,0,0,0,train:window_6,0,75324.0
698.0,darpa_trace:n6666,darpa_trace:n44900,type_0,type_1,rel_7,0,0,0,0,train:window_6,0,75591.0
699.0,darpa_trace:n6666,darpa_trace:n45091,type_0,type_1,rel_7,0,0,0,0,train:window_6,0,75779.0
700.0,darpa_trace:n6666,darpa_trace:n45642,type_0,type_1,rel_7,0,0,0,0,train:window_6,0,76305.0
701.0,darpa_trace:n6666,darpa_trace:n45992,type_0,type_1,rel_7,0,0,0,0,train:window_7,0,76640.0
702.0,darpa_trace:n6666,darpa_trace:n46204,type_0,type_1,rel_7,0,0,0,0,train:window_7,0,76848.0
703.0,darpa_trace:n6666,darpa_trace:n46303,type_0,type_1,rel_7,0,0,0,0,train:window_7,0,76944.0
704.0,darpa_trace:n6666,darpa_trace:n46340,type_0,type_1,rel_7,0,0,0,0,train:window_7,0,76980.0
705.0,darpa_trace:n6666,darpa_trace:n46507,type_0,type_1,rel_7,0,0,0,0,train:window_7,0,77141.0
706.0,darpa_trace:n6666,darpa_trace:n46559,type_0,type_1,rel_7,0,0,0,0,train:window_7,0,77192.0
707.0,darpa_trace:n6666,darpa_trace:n46765,type_0,type_1,rel_7,0,0,0,0,train:window_7,0,77391.0
708.0,darpa_trace:n6666,darpa_trace:n46829,type_0,type_1,rel_7,0,0,0,0,train:window_7,0,77455.0
709.0,darpa_trace:n6666,darpa_trace:n47078,type_0,type_1,rel_7,0,0,0,0,train:window_7,0,77701.0
710.0,darpa_trace:n6666,darpa_trace:n47159,type_0,type_1,rel_7,0,0,0,0,train:window_7,0,77782.0
711.0,darpa_trace:n6666,darpa_trace:n47190,type_0,type_1,rel_7,0,0,0,0,train:window_7,0,77813.0
712.0,darpa_trace:n6666,darpa_trace:n48090,type_0,type_1,rel_7,0,0,0,0,train:window_7,0,78693.0
713.0,darpa_trace:n6666,darpa_trace:n48693,type_0,type_1,rel_7,0,0,0,0,train:window_7,0,79274.0
714.0,darpa_trace:n6666,darpa_trace:n48740,type_0,type_1,rel_7,0,0,0,0,train:window_7,0,79317.0
715.0,darpa_trace:n6666,darpa_trace:n49139,type_0,type_1,rel_7,0,0,0,0,train:window_7,0,79699.0
716.0,darpa_trace:n6666,darpa_trace:n49204,type_0,type_1,rel_7,0,0,0,0,train:window_7,0,79763.0
717.0,darpa_trace:n6666,darpa_trace:n49386,type_0,type_1,rel_7,0,0,0,0,train:window_7,0,79942.0
718.0,darpa_trace:n6666,darpa_trace:n49688,type_0,type_1,rel_7,0,0,0,0,train:window_7,0,80243.0
719.0,darpa_trace:n6666,darpa_trace:n49726,type_0,type_1,rel_7,0,0,0,0,train:window_7,0,80280.0
720.0,darpa_trace:n6666,darpa_trace:n50409,type_0,type_1,rel_7,0,0,0,0,train:window_7,0,80934.0
721.0,darpa_trace:n6666,darpa_trace:n51239,type_0,type_1,rel_7,0,0,0,0,train:window_7,0,81722.0
722.0,darpa_trace:n6666,darpa_trace:n51262,type_0,type_1,rel_7,0,0,0,0,train:window_7,0,81745.0
723.0,darpa_trace:n6666,darpa_trace:n51263,type_0,type_1,rel_7,0,0,0,0,train:window_7,0,81746.0
724.0,darpa_trace:n6666,darpa_trace:n51551,type_0,type_1,rel_7,0,0,0,0,train:window_7,0,82025.0
725.0,darpa_trace:n6666,darpa_trace:n51971,type_0,type_1,rel_7,0,0,0,0,train:window_7,0,82440.0
726.0,darpa_trace:n6666,darpa_trace:n52821,type_0,type_1,rel_7,0,0,0,0,train:window_7,0,83255.0
727.0,darpa_trace:n6666,darpa_trace:n52829,type_0,type_1,rel_7,0,0,0,0,train:window_7,0,83262.0
728.0,darpa_trace:n6666,darpa_trace:n53201,type_0,type_1,rel_7,0,0,0,0,train:window_7,0,83614.0
729.0,darpa_trace:n6666,darpa_trace:n53495,type_0,type_1,rel_7,0,0,0,0,train:window_7,0,83891.0
730.0,darpa_trace:n6666,darpa_trace:n53593,type_0,type_1,rel_7,0,0,0,0,train:window_7,0,83987.0
731.0,darpa_trace:n6666,darpa_trace:n53618,type_0,type_1,rel_7,0,0,0,0,train:window_7,0,84012.0
732.0,darpa_trace:n6666,darpa_trace:n53801,type_0,type_1,rel_7,0,0,0,0,train:window_7,0,84191.0
733.0,darpa_trace:n6666,darpa_trace:n53934,type_0,type_1,rel_7,0,0,0,0,train:window_7,0,84318.0
734.0,darpa_trace:n6666,darpa_trace:n54190,type_0,type_1,rel_7,0,0,0,0,train:window_7,0,84569.0
735.0,darpa_trace:n6666,darpa_trace:n55201,type_0,type_1,rel_7,0,0,0,0,train:window_7,0,85556.0
736.0,darpa_trace:n6666,darpa_trace:n55285,type_0,type_1,rel_7,0,0,0,0,train:window_7,0,85635.0
737.0,darpa_trace:n6666,darpa_trace:n55337,type_0,type_1,rel_7,0,0,0,0,train:window_7,0,85683.0
738.0,darpa_trace:n6666,darpa_trace:n55652,type_0,type_1,rel_7,0,0,0,0,train:window_7,0,85984.0
739.0,darpa_trace:n6666,darpa_trace:n56371,type_0,type_1,rel_7,0,0,0,0,train:window_7,0,86681.0
740.0,darpa_trace:n6666,darpa_trace:n56555,type_0,type_1,rel_7,0,0,0,0,train:window_7,0,86854.0
741.0,darpa_trace:n6666,darpa_trace:n56843,type_0,type_1,rel_7,0,0,0,0,train:window_7,0,87126.0
742.0,darpa_trace:n6666,darpa_trace:n56904,type_0,type_1,rel_7,0,0,0,0,train:window_7,0,87185.0
743.0,darpa_trace:n6666,darpa_trace:n57039,type_0,type_1,rel_7,0,0,0,0,train:window_7,0,87320.0
744.0,darpa_trace:n6666,darpa_trace:n57945,type_0,type_1,rel_7,0,0,0,0,train:window_7,0,88204.0
745.0,darpa_trace:n6666,darpa_trace:n58548,type_0,type_1,rel_7,0,0,0,0,train:window_7,0,88792.0
746.0,darpa_trace:n6666,darpa_trace:n59186,type_0,type_1,rel_7,0,0,0,0,train:window_7,0,89412.0
747.0,darpa_trace:n6666,darpa_trace:n59550,type_0,type_1,rel_7,0,0,0,0,train:window_7,0,89773.0
748.0,darpa_trace:n6666,darpa_trace:n59959,type_0,type_1,rel_7,0,0,0,0,train:window_7,0,90173.0
749.0,darpa_trace:n6666,darpa_trace:n60684,type_0,type_1,rel_7,0,0,0,0,train:window_7,0,90873.0
750.0,darpa_trace:n6666,darpa_trace:n61756,type_0,type_1,rel_7,0,0,0,0,train:window_7,0,91901.0
751.0,darpa_trace:n6666,darpa_trace:n61853,type_0,type_1,rel_7,0,0,0,0,train:window_7,0,91998.0
752.0,darpa_trace:n6666,darpa_trace:n62366,type_0,type_1,rel_7,0,0,0,0,train:window_7,0,92496.0
753.0,darpa_trace:n6666,darpa_trace:n62512,type_0,type_1,rel_7,0,0,0,0,train:window_7,0,92639.0
754.0,darpa_trace:n6666,darpa_trace:n62547,type_0,type_1,rel_7,0,0,0,0,train:window_7,0,92672.0
755.0,darpa_trace:n6666,darpa_trace:n62571,type_0,type_1,rel_7,0,0,0,0,train:window_7,0,92695.0
756.0,darpa_trace:n6666,darpa_trace:n62684,type_0,type_1,rel_7,0,0,0,0,train:window_7,0,92801.0
757.0,darpa_trace:n6666,darpa_trace:n62924,type_0,type_1,rel_7,0,0,0,0,train:window_7,0,93031.0
758.0,darpa_trace:n6666,darpa_trace:n63147,type_0,type_1,rel_7,0,0,0,0,train:window_7,0,93242.0
759.0,darpa_trace:n6666,darpa_trace:n63402,type_0,type_1,rel_7,0,0,0,0,train:window_7,0,93484.0
760.0,darpa_trace:n6666,darpa_trace:n63408,type_0,type_1,rel_7,0,0,0,0,train:window_7,0,93490.0
761.0,darpa_trace:n6666,darpa_trace:n63541,type_0,type_1,rel_7,0,0,0,0,train:window_7,0,93615.0
762.0,darpa_trace:n6666,darpa_trace:n63818,type_0,type_1,rel_7,0,0,0,0,train:window_7,0,93887.0
763.0,darpa_trace:n6666,darpa_trace:n64431,type_0,type_1,rel_7,0,0,0,0,train:window_7,0,94482.0
764.0,darpa_trace:n6666,darpa_trace:n64434,type_0,type_1,rel_7,0,0,0,0,train:window_7,0,94485.0
765.0,darpa_trace:n6666,darpa_trace:n64463,type_0,type_1,rel_7,0,0,0,0,train:window_7,0,94512.0
766.0,darpa_trace:n6666,darpa_trace:n64680,type_0,type_1,rel_7,0,0,0,0,train:window_7,0,94721.0
767.0,darpa_trace:n6666,darpa_trace:n64782,type_0,type_1,rel_7,0,0,0,0,train:window_7,0,94818.0
768.0,darpa_trace:n6666,darpa_trace:n64874,type_0,type_1,rel_7,0,0,0,0,train:window_7,0,94909.0
769.0,darpa_trace:n6666,darpa_trace:n65025,type_0,type_1,rel_7,0,0,0,0,train:window_7,0,95058.0
770.0,darpa_trace:n6666,darpa_trace:n65216,type_0,type_1,rel_7,0,0,0,0,train:window_7,0,95246.0
771.0,darpa_trace:n6666,darpa_trace:n65278,type_0,type_1,rel_7,0,0,0,0,train:window_7,0,95307.0
772.0,darpa_trace:n6666,darpa_trace:n65459,type_0,type_1,rel_7,0,0,0,0,train:window_7,0,95477.0
773.0,darpa_trace:n6666,darpa_trace:n65492,type_0,type_1,rel_7,0,0,0,0,train:window_7,0,95508.0
774.0,darpa_trace:n6666,darpa_trace:n65755,type_0,type_1,rel_7,0,0,0,0,train:window_7,0,95764.0
775.0,darpa_trace:n6666,darpa_trace:n65840,type_0,type_1,rel_7,0,0,0,0,train:window_7,0,95847.0
776.0,darpa_trace:n6666,darpa_trace:n65881,type_0,type_1,rel_7,0,0,0,0,train:window_7,0,95888.0
777.0,darpa_trace:n6666,darpa_trace:n66004,type_0,type_1,rel_7,0,0,0,0,train:window_7,0,96005.0
778.0,darpa_trace:n6666,darpa_trace:n66638,type_0,type_1,rel_7,0,0,0,0,train:window_7,0,96613.0
779.0,darpa_trace:n6666,darpa_trace:n67118,type_0,type_1,rel_7,0,0,0,0,train:window_7,0,97085.0
780.0,darpa_trace:n6666,darpa_trace:n67842,type_0,type_1,rel_7,0,0,0,0,train:window_7,0,97522.0
781.0,darpa_trace:n6666,darpa_trace:n67878,type_0,type_1,rel_7,0,0,0,0,train:window_7,0,97558.0
782.0,darpa_trace:n6666,darpa_trace:n68343,type_0,type_1,rel_7,0,0,0,0,train:window_7,0,97864.0
783.0,darpa_trace:n6666,darpa_trace:n68583,type_0,type_1,rel_7,0,0,0,0,train:window_7,0,98098.0
784.0,darpa_trace:n6666,darpa_trace:n71276,type_0,type_1,rel_7,0,0,0,0,train:window_7,0,98347.0
785.0,darpa_trace:n6666,darpa_trace:n71851,type_0,type_1,rel_7,0,0,0,0,train:window_7,0,98761.0
786.0,darpa_trace:n6666,darpa_trace:n72103,type_0,type_1,rel_7,0,0,0,0,train:window_7,0,99001.0
787.0,darpa_trace:n6666,darpa_trace:n72186,type_0,type_1,rel_7,0,0,0,0,train:window_7,0,99082.0
788.0,darpa_trace:n6666,darpa_trace:n72254,type_0,type_1,rel_7,0,0,0,0,train:window_7,0,99149.0
789.0,darpa_trace:n6666,darpa_trace:n72451,type_0,type_1,rel_7,0,0,0,0,train:window_7,0,99346.0
790.0,darpa_trace:n6666,darpa_trace:n72632,type_0,type_1,rel_7,0,0,0,0,train:window_7,0,99524.0
791.0,darpa_trace:n6666,darpa_trace:n72633,type_0,type_1,rel_7,0,0,0,0,train:window_7,0,99525.0
792.0,darpa_trace:n6666,darpa_trace:n72784,type_0,type_1,rel_7,0,0,0,0,train:window_7,0,99676.0
793.0,darpa_trace:n6666,darpa_trace:n72789,type_0,type_1,rel_7,0,0,0,0,train:window_7,0,99681.0
794.0,darpa_trace:n6666,darpa_trace:n73024,type_0,type_1,rel_7,0,0,0,0,train:window_7,0,99905.0
795.0,darpa_trace:n6666,darpa_trace:n73255,type_0,type_1,rel_7,0,0,0,0,train:window_7,0,100131.0
796.0,darpa_trace:n6666,darpa_trace:n73509,type_0,type_1,rel_7,0,0,0,0,train:window_7,0,100372.0
797.0,darpa_trace:n6666,darpa_trace:n73732,type_0,type_1,rel_7,0,0,0,0,train:window_7,0,100588.0
798.0,darpa_trace:n6666,darpa_trace:n73920,type_0,type_1,rel_7,0,0,0,0,train:window_7,0,100773.0
799.0,darpa_trace:n6666,darpa_trace:n74097,type_0,type_1,rel_7,0,0,0,0,train:window_7,0,100931.0
800.0,darpa_trace:n6666,darpa_trace:n74266,type_0,type_1,rel_7,0,0,0,0,train:window_7,0,101089.0
801.0,darpa_trace:n6666,darpa_trace:n74528,type_0,type_1,rel_7,0,0,0,0,train:window_8,0,101347.0
802.0,darpa_trace:n6666,darpa_trace:n74872,type_0,type_1,rel_7,0,0,0,0,train:window_8,0,101688.0
803.0,darpa_trace:n6666,darpa_trace:n75041,type_0,type_1,rel_7,0,0,0,0,train:window_8,0,101857.0
804.0,darpa_trace:n6666,darpa_trace:n75044,type_0,type_1,rel_7,0,0,0,0,train:window_8,0,101860.0
805.0,darpa_trace:n6666,darpa_trace:n75362,type_0,type_1,rel_7,0,0,0,0,train:window_8,0,102170.0
806.0,darpa_trace:n6666,darpa_trace:n75606,type_0,type_1,rel_7,0,0,0,0,train:window_8,0,102406.0
807.0,darpa_trace:n6666,darpa_trace:n76374,type_0,type_1,rel_7,0,0,0,0,train:window_8,0,103058.0
808.0,darpa_trace:n6666,darpa_trace:n76382,type_0,type_1,rel_7,0,0,0,0,train:window_8,0,103065.0
809.0,darpa_trace:n6666,darpa_trace:n76787,type_0,type_1,rel_7,0,0,0,0,train:window_8,0,103318.0
810.0,darpa_trace:n6666,darpa_trace:n79943,type_0,type_1,rel_7,0,0,0,0,train:window_8,0,103850.0
811.0,darpa_trace:n6666,darpa_trace:n79946,type_0,type_1,rel_7,0,0,0,0,train:window_8,0,103853.0
812.0,darpa_trace:n6666,darpa_trace:n79953,type_0,type_1,rel_7,0,0,0,0,train:window_8,0,103860.0
813.0,darpa_trace:n6666,darpa_trace:n80753,type_0,type_1,rel_7,0,0,0,0,train:window_8,0,104497.0
814.0,darpa_trace:n6666,darpa_trace:n80823,type_0,type_1,rel_7,0,0,0,0,train:window_8,0,104562.0
815.0,darpa_trace:n6666,darpa_trace:n81111,type_0,type_1,rel_7,0,0,0,0,train:window_8,0,104845.0
816.0,darpa_trace:n6666,darpa_trace:n81184,type_0,type_1,rel_7,0,0,0,0,train:window_8,0,104917.0
817.0,darpa_trace:n6666,darpa_trace:n81213,type_0,type_1,rel_7,0,0,0,0,train:window_8,0,104946.0
818.0,darpa_trace:n6666,darpa_trace:n81681,type_0,type_1,rel_7,0,0,0,0,train:window_8,0,105395.0
819.0,darpa_trace:n6666,darpa_trace:n81759,type_0,type_1,rel_7,0,0,0,0,train:window_8,0,105473.0
820.0,darpa_trace:n6666,darpa_trace:n81941,type_0,type_1,rel_7,0,0,0,0,train:window_8,0,105652.0
821.0,darpa_trace:n6666,darpa_trace:n82314,type_0,type_1,rel_7,0,0,0,0,train:window_8,0,106011.0
822.0,darpa_trace:n6666,darpa_trace:n82563,type_0,type_1,rel_7,0,0,0,0,train:window_8,0,106251.0
823.0,darpa_trace:n6666,darpa_trace:n82906,type_0,type_1,rel_7,0,0,0,0,train:window_8,0,106579.0
824.0,darpa_trace:n6666,darpa_trace:n83381,type_0,type_1,rel_7,0,0,0,0,train:window_8,0,106904.0
825.0,darpa_trace:n6666,darpa_trace:n83749,type_0,type_1,rel_7,0,0,0,0,train:window_8,0,107132.0
826.0,darpa_trace:n6666,darpa_trace:n84276,type_0,type_1,rel_7,0,0,0,0,train:window_8,0,107636.0
827.0,darpa_trace:n6666,darpa_trace:n84485,type_0,type_1,rel_7,0,0,0,0,train:window_8,0,107842.0
828.0,darpa_trace:n6666,darpa_trace:n84599,type_0,type_1,rel_7,0,0,0,0,train:window_8,0,107956.0
829.0,darpa_trace:n6666,darpa_trace:n84990,type_0,type_1,rel_7,0,0,0,0,train:window_8,0,108334.0
830.0,darpa_trace:n6666,darpa_trace:n85733,type_0,type_1,rel_7,0,0,0,0,train:window_8,0,109052.0
831.0,darpa_trace:n6666,darpa_trace:n86603,type_0,type_1,rel_7,0,0,0,0,train:window_8,0,109904.0
832.0,darpa_trace:n6666,darpa_trace:n86620,type_0,type_1,rel_7,0,0,0,0,train:window_8,0,109919.0
833.0,darpa_trace:n6666,darpa_trace:n86668,type_0,type_1,rel_7,0,0,0,0,train:window_8,0,109965.0
834.0,darpa_trace:n6666,darpa_trace:n87237,type_0,type_1,rel_7,0,0,0,0,train:window_8,0,110510.0
835.0,darpa_trace:n6666,darpa_trace:n87599,type_0,type_1,rel_7,0,0,0,0,train:window_8,0,110846.0
836.0,darpa_trace:n6666,darpa_trace:n87667,type_0,type_1,rel_7,0,0,0,0,train:window_8,0,110913.0
837.0,darpa_trace:n6666,darpa_trace:n87932,type_0,type_1,rel_7,0,0,0,0,train:window_8,0,111170.0
838.0,darpa_trace:n6666,darpa_trace:n88214,type_0,type_1,rel_7,0,0,0,0,train:window_8,0,111449.0
839.0,darpa_trace:n6666,darpa_trace:n88424,type_0,type_1,rel_7,0,0,0,0,train:window_8,0,111655.0
840.0,darpa_trace:n6666,darpa_trace:n88466,type_0,type_1,rel_7,0,0,0,0,train:window_8,0,111695.0
841.0,darpa_trace:n6666,darpa_trace:n88509,type_0,type_1,rel_7,0,0,0,0,train:window_8,0,111736.0
842.0,darpa_trace:n6666,darpa_trace:n88888,type_0,type_1,rel_7,0,0,0,0,train:window_8,0,112104.0
843.0,darpa_trace:n6666,darpa_trace:n88942,type_0,type_1,rel_7,0,0,0,0,train:window_8,0,112155.0
844.0,darpa_trace:n6666,darpa_trace:n89137,type_0,type_1,rel_7,0,0,0,0,train:window_8,0,112344.0
845.0,darpa_trace:n6666,darpa_trace:n89138,type_0,type_1,rel_7,0,0,0,0,train:window_8,0,112345.0
846.0,darpa_trace:n6666,darpa_trace:n89145,type_0,type_1,rel_7,0,0,0,0,train:window_8,0,112352.0
847.0,darpa_trace:n6666,darpa_trace:n89151,type_0,type_1,rel_7,0,0,0,0,train:window_8,0,112358.0
848.0,darpa_trace:n6666,darpa_trace:n89355,type_0,type_1,rel_7,0,0,0,0,train:window_8,0,112550.0
849.0,darpa_trace:n6666,darpa_trace:n89557,type_0,type_1,rel_7,0,0,0,0,train:window_8,0,112739.0
850.0,darpa_trace:n6666,darpa_trace:n89933,type_0,type_1,rel_7,0,0,0,0,train:window_8,0,113094.0
851.0,darpa_trace:n6666,darpa_trace:n90103,type_0,type_1,rel_7,0,0,0,0,train:window_8,0,113261.0
852.0,darpa_trace:n6666,darpa_trace:n90378,type_0,type_1,rel_7,0,0,0,0,train:window_8,0,113528.0
853.0,darpa_trace:n6666,darpa_trace:n90381,type_0,type_1,rel_7,0,0,0,0,train:window_8,0,113531.0
854.0,darpa_trace:n6666,darpa_trace:n90509,type_0,type_1,rel_7,0,0,0,0,train:window_8,0,113658.0
855.0,darpa_trace:n6666,darpa_trace:n90876,type_0,type_1,rel_7,0,0,0,0,train:window_8,0,114007.0
856.0,darpa_trace:n6666,darpa_trace:n91149,type_0,type_1,rel_7,0,0,0,0,train:window_8,0,114274.0
857.0,darpa_trace:n6666,darpa_trace:n92349,type_0,type_1,rel_7,0,0,0,0,train:window_8,0,115449.0
858.0,darpa_trace:n6666,darpa_trace:n92548,type_0,type_1,rel_7,0,0,0,0,train:window_8,0,115642.0
859.0,darpa_trace:n6666,darpa_trace:n93112,type_0,type_1,rel_7,0,0,0,0,train:window_8,0,116189.0
860.0,darpa_trace:n6666,darpa_trace:n93577,type_0,type_1,rel_7,0,0,0,0,train:window_8,0,116652.0
861.0,darpa_trace:n6666,darpa_trace:n93635,type_0,type_1,rel_7,0,0,0,0,train:window_8,0,116709.0
862.0,darpa_trace:n6666,darpa_trace:n93642,type_0,type_1,rel_7,0,0,0,0,train:window_8,0,116716.0
863.0,darpa_trace:n6666,darpa_trace:n93910,type_0,type_1,rel_7,0,0,0,0,train:window_8,0,116984.0
864.0,darpa_trace:n6666,darpa_trace:n93942,type_0,type_1,rel_7,0,0,0,0,train:window_8,0,117015.0
865.0,darpa_trace:n6666,darpa_trace:n94372,type_0,type_1,rel_7,0,0,0,0,train:window_8,0,117424.0
866.0,darpa_trace:n6666,darpa_trace:n94583,type_0,type_1,rel_7,0,0,0,0,train:window_8,0,117632.0
867.0,darpa_trace:n6666,darpa_trace:n94734,type_0,type_1,rel_7,0,0,0,0,train:window_8,0,117783.0
868.0,darpa_trace:n6666,darpa_trace:n95127,type_0,type_1,rel_7,0,0,0,0,train:window_8,0,118158.0
869.0,darpa_trace:n6666,darpa_trace:n95344,type_0,type_1,rel_7,0,0,0,0,train:window_8,0,118364.0
870.0,darpa_trace:n6666,darpa_trace:n95382,type_0,type_1,rel_7,0,0,0,0,train:window_8,0,118400.0
871.0,darpa_trace:n6666,darpa_trace:n95486,type_0,type_1,rel_7,0,0,0,0,train:window_8,0,118500.0
872.0,darpa_trace:n6666,darpa_trace:n95591,type_0,type_1,rel_7,0,0,0,0,train:window_8,0,118603.0
873.0,darpa_trace:n6666,darpa_trace:n96210,type_0,type_1,rel_7,0,0,0,0,train:window_8,0,119214.0
874.0,darpa_trace:n6666,darpa_trace:n96852,type_0,type_1,rel_7,0,0,0,0,train:window_8,0,119834.0
875.0,darpa_trace:n6666,darpa_trace:n97239,type_0,type_1,rel_7,0,0,0,0,train:window_8,0,120211.0
876.0,darpa_trace:n6666,darpa_trace:n97589,type_0,type_1,rel_7,0,0,0,0,train:window_8,0,120535.0
877.0,darpa_trace:n6666,darpa_trace:n97651,type_0,type_1,rel_7,0,0,0,0,train:window_8,0,120597.0
878.0,darpa_trace:n6666,darpa_trace:n98063,type_0,type_1,rel_7,0,0,0,0,train:window_8,0,120997.0
879.0,darpa_trace:n6666,darpa_trace:n98603,type_0,type_1,rel_7,0,0,0,0,train:window_8,0,121525.0
880.0,darpa_trace:n6666,darpa_trace:n99106,type_0,type_1,rel_7,0,0,0,0,train:window_8,0,122013.0
881.0,darpa_trace:n6666,darpa_trace:n99324,type_0,type_1,rel_7,0,0,0,0,train:window_8,0,122220.0
882.0,darpa_trace:n6666,darpa_trace:n99614,type_0,type_1,rel_7,0,0,0,0,train:window_8,0,122492.0
883.0,darpa_trace:n6666,darpa_trace:n99658,type_0,type_1,rel_7,0,0,0,0,train:window_8,0,122535.0
884.0,darpa_trace:n6666,darpa_trace:n99902,type_0,type_1,rel_7,0,0,0,0,train:window_8,0,122769.0
885.0,darpa_trace:n6666,darpa_trace:n100218,type_0,type_1,rel_7,0,0,0,0,train:window_8,0,123078.0
886.0,darpa_trace:n6666,darpa_trace:n100481,type_0,type_1,rel_7,0,0,0,0,train:window_8,0,123332.0
887.0,darpa_trace:n6666,darpa_trace:n101224,type_0,type_1,rel_7,0,0,0,0,train:window_8,0,124064.0
888.0,darpa_trace:n6666,darpa_trace:n101407,type_0,type_1,rel_7,0,0,0,0,train:window_8,0,124245.0
889.0,darpa_trace:n6666,darpa_trace:n101482,type_0,type_1,rel_7,0,0,0,0,train:window_8,0,124320.0
890.0,darpa_trace:n6666,darpa_trace:n101576,type_0,type_1,rel_7,0,0,0,0,train:window_8,0,124414.0
891.0,darpa_trace:n6666,darpa_trace:n101596,type_0,type_1,rel_7,0,0,0,0,train:window_8,0,124434.0
892.0,darpa_trace:n6666,darpa_trace:n101616,type_0,type_1,rel_7,0,0,0,0,train:window_8,0,124454.0
893.0,darpa_trace:n6666,darpa_trace:n101687,type_0,type_1,rel_7,0,0,0,0,train:window_8,0,124524.0
894.0,darpa_trace:n6666,darpa_trace:n102194,type_0,type_1,rel_7,0,0,0,0,train:window_8,0,125016.0
895.0,darpa_trace:n6666,darpa_trace:n102928,type_0,type_1,rel_7,0,0,0,0,train:window_8,0,125726.0
896.0,darpa_trace:n6666,darpa_trace:n103011,type_0,type_1,rel_7,0,0,0,0,train:window_8,0,125806.0
897.0,darpa_trace:n6666,darpa_trace:n103201,type_0,type_1,rel_7,0,0,0,0,train:window_8,0,125993.0
898.0,darpa_trace:n6666,darpa_trace:n103433,type_0,type_1,rel_7,0,0,0,0,train:window_8,0,126222.0
899.0,darpa_trace:n6666,darpa_trace:n103494,type_0,type_1,rel_7,0,0,0,0,train:window_8,0,126283.0
900.0,darpa_trace:n6666,darpa_trace:n103510,type_0,type_1,rel_7,0,0,0,0,train:window_8,0,126299.0
901.0,darpa_trace:n6666,darpa_trace:n104362,type_0,type_1,rel_7,0,0,0,0,train:window_9,0,127131.0
902.0,darpa_trace:n6666,darpa_trace:n104383,type_0,type_1,rel_7,0,0,0,0,train:window_9,0,127151.0
903.0,darpa_trace:n6666,darpa_trace:n105017,type_0,type_1,rel_7,0,0,0,0,train:window_9,0,127769.0
904.0,darpa_trace:n6666,darpa_trace:n105026,type_0,type_1,rel_7,0,0,0,0,train:window_9,0,127778.0
905.0,darpa_trace:n6666,darpa_trace:n105105,type_0,type_1,rel_7,0,0,0,0,train:window_9,0,127853.0
906.0,darpa_trace:n6666,darpa_trace:n105390,type_0,type_1,rel_7,0,0,0,0,train:window_9,0,128129.0
907.0,darpa_trace:n6666,darpa_trace:n105764,type_0,type_1,rel_7,0,0,0,0,train:window_9,0,128499.0
908.0,darpa_trace:n6666,darpa_trace:n105905,type_0,type_1,rel_7,0,0,0,0,train:window_9,0,128640.0
909.0,darpa_trace:n6666,darpa_trace:n106443,type_0,type_1,rel_7,0,0,0,0,train:window_9,0,129167.0
910.0,darpa_trace:n6666,darpa_trace:n106478,type_0,type_1,rel_7,0,0,0,0,train:window_9,0,129202.0
911.0,darpa_trace:n6666,darpa_trace:n106719,type_0,type_1,rel_7,0,0,0,0,train:window_9,0,129435.0
912.0,darpa_trace:n6666,darpa_trace:n106864,type_0,type_1,rel_7,0,0,0,0,train:window_9,0,129571.0
913.0,darpa_trace:n6666,darpa_trace:n108171,type_0,type_1,rel_7,0,0,0,0,train:window_9,0,130826.0
914.0,darpa_trace:n6666,darpa_trace:n108843,type_0,type_1,rel_7,0,0,0,0,train:window_9,0,131481.0
915.0,darpa_trace:n6666,darpa_trace:n109139,type_0,type_1,rel_7,0,0,0,0,train:window_9,0,131764.0
916.0,darpa_trace:n6666,darpa_trace:n110123,type_0,type_1,rel_7,0,0,0,0,train:window_9,0,132700.0
917.0,darpa_trace:n6666,darpa_trace:n110136,type_0,type_1,rel_7,0,0,0,0,train:window_9,0,132712.0
918.0,darpa_trace:n6666,darpa_trace:n110777,type_0,type_1,rel_7,0,0,0,0,train:window_9,0,133342.0
919.0,darpa_trace:n6666,darpa_trace:n110783,type_0,type_1,rel_7,0,0,0,0,train:window_9,0,133347.0
920.0,darpa_trace:n6666,darpa_trace:n110856,type_0,type_1,rel_7,0,0,0,0,train:window_9,0,133415.0
921.0,darpa_trace:n6666,darpa_trace:n110927,type_0,type_1,rel_7,0,0,0,0,train:window_9,0,133482.0
922.0,darpa_trace:n6666,darpa_trace:n111045,type_0,type_1,rel_7,0,0,0,0,train:window_9,0,133597.0
923.0,darpa_trace:n6666,darpa_trace:n111064,type_0,type_1,rel_7,0,0,0,0,train:window_9,0,133615.0
924.0,darpa_trace:n6666,darpa_trace:n111704,type_0,type_1,rel_7,0,0,0,0,train:window_9,0,134249.0
925.0,darpa_trace:n6666,darpa_trace:n111853,type_0,type_1,rel_7,0,0,0,0,train:window_9,0,134389.0
926.0,darpa_trace:n6666,darpa_trace:n112067,type_0,type_1,rel_7,0,0,0,0,train:window_9,0,134598.0
927.0,darpa_trace:n6666,darpa_trace:n112164,type_0,type_1,rel_7,0,0,0,0,train:window_9,0,134695.0
928.0,darpa_trace:n6666,darpa_trace:n112386,type_0,type_1,rel_7,0,0,0,0,train:window_9,0,134911.0
929.0,darpa_trace:n6666,darpa_trace:n113120,type_0,type_1,rel_7,0,0,0,0,train:window_9,0,135621.0
930.0,darpa_trace:n6666,darpa_trace:n113418,type_0,type_1,rel_7,0,0,0,0,train:window_9,0,135917.0
931.0,darpa_trace:n6666,darpa_trace:n113434,type_0,type_1,rel_7,0,0,0,0,train:window_9,0,135932.0
932.0,darpa_trace:n6876,darpa_trace:n6666,type_1,type_0,rel_0,0,0,0,0,train:window_9,0,136651.0
933.0,darpa_trace:n7959,darpa_trace:n6666,type_1,type_0,rel_0,0,0,0,0,train:window_9,0,137699.0
934.0,darpa_trace:n8088,darpa_trace:n6666,type_1,type_0,rel_0,0,0,0,0,train:window_9,0,137828.0
935.0,darpa_trace:n8677,darpa_trace:n6666,type_1,type_0,rel_0,0,0,0,0,train:window_9,0,138417.0
936.0,darpa_trace:n8731,darpa_trace:n6666,type_1,type_0,rel_0,0,0,0,0,train:window_9,0,138471.0
937.0,darpa_trace:n8812,darpa_trace:n6666,type_1,type_0,rel_0,0,0,0,0,train:window_9,0,138552.0
938.0,darpa_trace:n9166,darpa_trace:n6666,type_1,type_0,rel_0,0,0,0,0,train:window_9,0,138906.0
939.0,darpa_trace:n9555,darpa_trace:n6666,type_1,type_0,rel_0,0,0,0,0,train:window_9,0,139295.0
940.0,darpa_trace:n10774,darpa_trace:n6666,type_1,type_0,rel_0,0,0,0,0,train:window_9,0,140511.0
941.0,darpa_trace:n11491,darpa_trace:n6666,type_1,type_0,rel_0,0,0,0,0,train:window_9,0,141228.0
942.0,darpa_trace:n11543,darpa_trace:n6666,type_1,type_0,rel_0,0,0,0,0,train:window_9,0,141280.0
943.0,darpa_trace:n11671,darpa_trace:n6666,type_1,type_0,rel_0,0,0,0,0,train:window_9,0,141408.0
944.0,darpa_trace:n11856,darpa_trace:n6666,type_1,type_0,rel_0,0,0,0,0,train:window_9,0,141593.0
945.0,darpa_trace:n11976,darpa_trace:n6666,type_1,type_0,rel_0,0,0,0,0,train:window_9,0,141713.0
946.0,darpa_trace:n11989,darpa_trace:n6666,type_1,type_0,rel_0,0,0,0,0,train:window_9,0,141726.0
947.0,darpa_trace:n12455,darpa_trace:n6666,type_1,type_0,rel_0,0,0,0,0,train:window_9,0,142192.0
948.0,darpa_trace:n12987,darpa_trace:n6666,type_1,type_0,rel_0,0,0,0,0,train:window_9,0,142724.0
949.0,darpa_trace:n13031,darpa_trace:n6666,type_1,type_0,rel_0,0,0,0,0,train:window_9,0,142768.0
950.0,darpa_trace:n13421,darpa_trace:n6666,type_1,type_0,rel_0,0,0,0,0,train:window_9,0,143158.0
951.0,darpa_trace:n13605,darpa_trace:n6666,type_1,type_0,rel_0,0,0,0,0,train:window_9,0,143342.0
952.0,darpa_trace:n13752,darpa_trace:n6666,type_1,type_0,rel_0,0,0,0,0,train:window_9,0,143489.0
953.0,darpa_trace:n13844,darpa_trace:n6666,type_1,type_0,rel_0,0,0,0,0,train:window_9,0,143581.0
954.0,darpa_trace:n13927,darpa_trace:n6666,type_1,type_0,rel_0,0,0,0,0,train:window_9,0,143664.0
955.0,darpa_trace:n14105,darpa_trace:n6666,type_1,type_0,rel_0,0,0,0,0,train:window_9,0,143842.0
956.0,darpa_trace:n14287,darpa_trace:n6666,type_1,type_0,rel_0,0,0,0,0,train:window_9,0,144024.0
957.0,darpa_trace:n14346,darpa_trace:n6666,type_1,type_0,rel_0,0,0,0,0,train:window_9,0,144083.0
958.0,darpa_trace:n14493,darpa_trace:n6666,type_1,type_0,rel_0,0,0,0,0,train:window_9,0,144230.0
959.0,darpa_trace:n14697,darpa_trace:n6666,type_1,type_0,rel_0,0,0,0,0,train:window_9,0,144434.0
960.0,darpa_trace:n15280,darpa_trace:n18,type_3,type_0,rel_0,0,0,0,0,train:window_9,0,145017.0
961.0,darpa_trace:n15434,darpa_trace:n6666,type_1,type_0,rel_0,0,0,0,0,train:window_9,0,145171.0
962.0,darpa_trace:n17086,darpa_trace:n6666,type_1,type_0,rel_0,0,0,0,0,train:window_9,0,146823.0
963.0,darpa_trace:n17556,darpa_trace:n6666,type_1,type_0,rel_0,0,0,0,0,train:window_9,0,147293.0
964.0,darpa_trace:n17631,darpa_trace:n6666,type_1,type_0,rel_0,0,0,0,0,train:window_9,0,147368.0
965.0,darpa_trace:n18182,darpa_trace:n6666,type_1,type_0,rel_0,0,0,0,0,train:window_9,0,147919.0
966.0,darpa_trace:n18279,darpa_trace:n6666,type_1,type_0,rel_0,0,0,0,0,train:window_9,0,148016.0
967.0,darpa_trace:n18283,darpa_trace:n6666,type_1,type_0,rel_0,0,0,0,0,train:window_9,0,148020.0
968.0,darpa_trace:n18672,darpa_trace:n6666,type_1,type_0,rel_0,0,0,0,0,train:window_9,0,148409.0
969.0,darpa_trace:n18692,darpa_trace:n6666,type_1,type_0,rel_0,0,0,0,0,train:window_9,0,148429.0
970.0,darpa_trace:n18883,darpa_trace:n6666,type_1,type_0,rel_0,0,0,0,0,train:window_9,0,148620.0
971.0,darpa_trace:n18931,darpa_trace:n6666,type_1,type_0,rel_0,0,0,0,0,train:window_9,0,148668.0
972.0,darpa_trace:n18941,darpa_trace:n6666,type_1,type_0,rel_0,0,0,0,0,train:window_9,0,148678.0
973.0,darpa_trace:n18997,darpa_trace:n6666,type_1,type_0,rel_0,0,0,0,0,train:window_9,0,148734.0
974.0,darpa_trace:n19018,darpa_trace:n6666,type_1,type_0,rel_0,0,0,0,0,train:window_9,0,148755.0
975.0,darpa_trace:n19706,darpa_trace:n18,type_3,type_0,rel_0,0,0,0,0,train:window_9,0,149443.0
976.0,darpa_trace:n19716,darpa_trace:n6666,type_1,type_0,rel_0,0,0,0,0,train:window_9,0,149453.0
977.0,darpa_trace:n19748,darpa_trace:n6666,type_1,type_0,rel_0,0,0,0,0,train:window_9,0,149485.0
978.0,darpa_trace:n20480,darpa_trace:n6666,type_1,type_0,rel_0,0,0,0,0,train:window_9,0,150217.0
979.0,darpa_trace:n20705,darpa_trace:n6666,type_1,type_0,rel_0,0,0,0,0,train:window_9,0,150441.0
980.0,darpa_trace:n20770,darpa_trace:n6666,type_1,type_0,rel_0,0,0,0,0,train:window_9,0,150506.0
981.0,darpa_trace:n20871,darpa_trace:n6666,type_1,type_0,rel_0,0,0,0,0,train:window_9,0,150607.0
982.0,darpa_trace:n21062,darpa_trace:n6666,type_1,type_0,rel_0,0,0,0,0,train:window_9,0,150797.0
983.0,darpa_trace:n21168,darpa_trace:n6666,type_1,type_0,rel_0,0,0,0,0,train:window_9,0,150903.0
984.0,darpa_trace:n21175,darpa_trace:n6666,type_1,type_0,rel_0,0,0,0,0,train:window_9,0,150910.0
985.0,darpa_trace:n21393,darpa_trace:n6666,type_1,type_0,rel_0,0,0,0,0,train:window_9,0,151128.0
986.0,darpa_trace:n21864,darpa_trace:n6666,type_1,type_0,rel_0,0,0,0,0,train:window_9,0,151599.0
987.0,darpa_trace:n21878,darpa_trace:n6666,type_1,type_0,rel_0,0,0,0,0,train:window_9,0,151612.0
988.0,darpa_trace:n21989,darpa_trace:n6666,type_1,type_0,rel_0,0,0,0,0,train:window_9,0,151723.0
989.0,darpa_trace:n22135,darpa_trace:n6666,type_1,type_0,rel_0,0,0,0,0,train:window_9,0,151869.0
990.0,darpa_trace:n22161,darpa_trace:n6666,type_1,type_0,rel_0,0,0,0,0,train:window_9,0,151895.0
991.0,darpa_trace:n22612,darpa_trace:n6666,type_1,type_0,rel_0,0,0,0,0,train:window_9,0,152346.0
992.0,darpa_trace:n22667,darpa_trace:n6666,type_1,type_0,rel_0,0,0,0,0,train:window_9,0,152401.0
993.0,darpa_trace:n22790,darpa_trace:n6666,type_1,type_0,rel_0,0,0,0,0,train:window_9,0,152524.0
994.0,darpa_trace:n23236,darpa_trace:n6666,type_1,type_0,rel_0,0,0,0,0,train:window_9,0,152970.0
995.0,darpa_trace:n23423,darpa_trace:n6666,type_1,type_0,rel_0,0,0,0,0,train:window_9,0,153157.0
996.0,darpa_trace:n23549,darpa_trace:n6666,type_1,type_0,rel_0,0,0,0,0,train:window_9,0,153283.0
997.0,darpa_trace:n23593,darpa_trace:n6666,type_1,type_0,rel_0,0,0,0,0,train:window_9,0,153327.0
998.0,darpa_trace:n23789,darpa_trace:n6666,type_1,type_0,rel_0,0,0,0,0,train:window_9,0,153523.0
999.0,darpa_trace:n23813,darpa_trace:n6666,type_1,type_0,rel_0,0,0,0,0,train:window_9,0,153547.0
1000.0,darpa_trace:n23858,darpa_trace:n6666,type_1,type_0,rel_0,0,0,0,0,train:window_9,0,153592.0
1001.0,darpa_trace:n24121,darpa_trace:n6666,type_1,type_0,rel_0,0,0,0,0,train:window_10,0,153855.0
1002.0,darpa_trace:n24764,darpa_trace:n6666,type_1,type_0,rel_0,0,0,0,0,train:window_10,0,154498.0
1003.0,darpa_trace:n24796,darpa_trace:n6666,type_1,type_0,rel_0,0,0,0,0,train:window_10,0,154530.0
1004.0,darpa_trace:n24927,darpa_trace:n6666,type_1,type_0,rel_0,0,0,0,0,train:window_10,0,154661.0
1005.0,darpa_trace:n26074,darpa_trace:n6666,type_1,type_0,rel_0,0,0,0,0,train:window_10,0,155808.0
1006.0,darpa_trace:n26941,darpa_trace:n6666,type_1,type_0,rel_0,0,0,0,0,train:window_10,0,156675.0
1007.0,darpa_trace:n27236,darpa_trace:n6666,type_1,type_0,rel_0,0,0,0,0,train:window_10,0,156970.0
1008.0,darpa_trace:n27282,darpa_trace:n6666,type_1,type_0,rel_0,0,0,0,0,train:window_10,0,157016.0
1009.0,darpa_trace:n27432,darpa_trace:n6666,type_1,type_0,rel_0,0,0,0,0,train:window_10,0,157166.0
1010.0,darpa_trace:n27547,darpa_trace:n6666,type_1,type_0,rel_0,0,0,0,0,train:window_10,0,157281.0
1011.0,darpa_trace:n27643,darpa_trace:n6666,type_1,type_0,rel_0,0,0,0,0,train:window_10,0,157377.0
1012.0,darpa_trace:n27676,darpa_trace:n6666,type_1,type_0,rel_0,0,0,0,0,train:window_10,0,157410.0
1013.0,darpa_trace:n28001,darpa_trace:n6666,type_1,type_0,rel_0,0,0,0,0,train:window_10,0,157735.0
1014.0,darpa_trace:n29133,darpa_trace:n6666,type_1,type_0,rel_0,0,0,0,0,train:window_10,0,158867.0
1015.0,darpa_trace:n29227,darpa_trace:n6666,type_1,type_0,rel_0,0,0,0,0,train:window_10,0,158961.0
1016.0,darpa_trace:n29426,darpa_trace:n6666,type_1,type_0,rel_0,0,0,0,0,train:window_10,0,159160.0
1017.0,darpa_trace:n30274,darpa_trace:n6666,type_1,type_0,rel_0,0,0,0,0,train:window_10,0,160008.0
1018.0,darpa_trace:n30829,darpa_trace:n6666,type_1,type_0,rel_0,0,0,0,0,train:window_10,0,160562.0
1019.0,darpa_trace:n31081,darpa_trace:n6666,type_1,type_0,rel_0,0,0,0,0,train:window_10,0,160814.0
1020.0,darpa_trace:n31231,darpa_trace:n6666,type_1,type_0,rel_0,0,0,0,0,train:window_10,0,160964.0
1021.0,darpa_trace:n31438,darpa_trace:n6666,type_1,type_0,rel_0,0,0,0,0,train:window_10,0,161171.0
1022.0,darpa_trace:n31495,darpa_trace:n6666,type_1,type_0,rel_0,0,0,0,0,train:window_10,0,161228.0
1023.0,darpa_trace:n31721,darpa_trace:n6666,type_1,type_0,rel_0,0,0,0,0,train:window_10,0,161454.0
1024.0,darpa_trace:n32052,darpa_trace:n6666,type_1,type_0,rel_0,0,0,0,0,train:window_10,0,161785.0
1025.0,darpa_trace:n32160,darpa_trace:n6666,type_1,type_0,rel_0,0,0,0,0,train:window_10,0,161893.0
1026.0,darpa_trace:n32907,darpa_trace:n6666,type_1,type_0,rel_0,0,0,0,0,train:window_10,0,162639.0
1027.0,darpa_trace:n33191,darpa_trace:n6666,type_1,type_0,rel_0,0,0,0,0,train:window_10,0,162923.0
1028.0,darpa_trace:n33205,darpa_trace:n6666,type_1,type_0,rel_0,0,0,0,0,train:window_10,0,162937.0
1029.0,darpa_trace:n33599,darpa_trace:n6666,type_1,type_0,rel_0,0,0,0,0,train:window_10,0,163330.0
1030.0,darpa_trace:n33992,darpa_trace:n6666,type_1,type_0,rel_0,0,0,0,0,train:window_10,0,163723.0
1031.0,darpa_trace:n34136,darpa_trace:n6666,type_1,type_0,rel_0,0,0,0,0,train:window_10,0,163867.0
1032.0,darpa_trace:n34175,darpa_trace:n6666,type_1,type_0,rel_0,0,0,0,0,train:window_10,0,163906.0
1033.0,darpa_trace:n34181,darpa_trace:n6666,type_1,type_0,rel_0,0,0,0,0,train:window_10,0,163912.0
1034.0,darpa_trace:n34809,darpa_trace:n6666,type_1,type_0,rel_0,0,0,0,0,train:window_10,0,164540.0
1035.0,darpa_trace:n35359,darpa_trace:n6666,type_1,type_0,rel_0,0,0,0,0,train:window_10,0,165090.0
1036.0,darpa_trace:n36178,darpa_trace:n6666,type_1,type_0,rel_0,0,0,0,0,train:window_10,0,165909.0
1037.0,darpa_trace:n36702,darpa_trace:n6666,type_1,type_0,rel_0,0,0,0,0,train:window_10,0,166433.0
1038.0,darpa_trace:n36943,darpa_trace:n6666,type_1,type_0,rel_0,0,0,0,0,train:window_10,0,166674.0
1039.0,darpa_trace:n37097,darpa_trace:n18,type_3,type_0,rel_0,0,0,0,0,train:window_10,0,166828.0
1040.0,darpa_trace:n37127,darpa_trace:n6666,type_1,type_0,rel_0,0,0,0,0,train:window_10,0,166858.0
1041.0,darpa_trace:n37258,darpa_trace:n6666,type_1,type_0,rel_0,0,0,0,0,train:window_10,0,166989.0
1042.0,darpa_trace:n37287,darpa_trace:n6666,type_1,type_0,rel_0,0,0,0,0,train:window_10,0,167018.0
1043.0,darpa_trace:n37857,darpa_trace:n6666,type_1,type_0,rel_0,0,0,0,0,train:window_10,0,167588.0
1044.0,darpa_trace:n37972,darpa_trace:n6666,type_1,type_0,rel_0,0,0,0,0,train:window_10,0,167703.0
1045.0,darpa_trace:n38645,darpa_trace:n6666,type_1,type_0,rel_0,0,0,0,0,train:window_10,0,168376.0
1046.0,darpa_trace:n38763,darpa_trace:n6666,type_1,type_0,rel_0,0,0,0,0,train:window_10,0,168494.0
1047.0,darpa_trace:n38802,darpa_trace:n18,type_3,type_0,rel_0,0,0,0,0,train:window_10,0,168533.0
1048.0,darpa_trace:n38804,darpa_trace:n6666,type_1,type_0,rel_0,0,0,0,0,train:window_10,0,168535.0
1049.0,darpa_trace:n39791,darpa_trace:n6666,type_1,type_0,rel_0,0,0,0,0,train:window_10,0,169522.0
1050.0,darpa_trace:n39876,darpa_trace:n6666,type_1,type_0,rel_0,0,0,0,0,train:window_10,0,169607.0
1051.0,darpa_trace:n39905,darpa_trace:n6666,type_1,type_0,rel_0,0,0,0,0,train:window_10,0,169636.0
1052.0,darpa_trace:n39952,darpa_trace:n6666,type_1,type_0,rel_0,0,0,0,0,train:window_10,0,169683.0
1053.0,darpa_trace:n40970,darpa_trace:n6666,type_1,type_0,rel_0,0,0,0,0,train:window_10,0,170700.0
1054.0,darpa_trace:n41123,darpa_trace:n6666,type_1,type_0,rel_0,0,0,0,0,train:window_10,0,170853.0
1055.0,darpa_trace:n41467,darpa_trace:n6666,type_1,type_0,rel_0,0,0,0,0,train:window_10,0,171197.0
1056.0,darpa_trace:n41659,darpa_trace:n6666,type_1,type_0,rel_0,0,0,0,0,train:window_10,0,171389.0
1057.0,darpa_trace:n41699,darpa_trace:n6666,type_1,type_0,rel_0,0,0,0,0,train:window_10,0,171429.0
1058.0,darpa_trace:n41857,darpa_trace:n6666,type_1,type_0,rel_0,0,0,0,0,train:window_10,0,171587.0
1059.0,darpa_trace:n41923,darpa_trace:n6666,type_1,type_0,rel_0,0,0,0,0,train:window_10,0,171653.0
1060.0,darpa_trace:n42153,darpa_trace:n6666,type_1,type_0,rel_0,0,0,0,0,train:window_10,0,171883.0
1061.0,darpa_trace:n42949,darpa_trace:n6666,type_1,type_0,rel_0,0,0,0,0,train:window_10,0,172679.0
1062.0,darpa_trace:n43081,darpa_trace:n6666,type_1,type_0,rel_0,0,0,0,0,train:window_10,0,172811.0
1063.0,darpa_trace:n43315,darpa_trace:n6666,type_1,type_0,rel_0,0,0,0,0,train:window_10,0,173045.0
1064.0,darpa_trace:n43411,darpa_trace:n6666,type_1,type_0,rel_0,0,0,0,0,train:window_10,0,173141.0
1065.0,darpa_trace:n43617,darpa_trace:n6666,type_1,type_0,rel_0,0,0,0,0,train:window_10,0,173347.0
1066.0,darpa_trace:n44496,darpa_trace:n6666,type_1,type_0,rel_0,0,0,0,0,train:window_10,0,174225.0
1067.0,darpa_trace:n44506,darpa_trace:n6666,type_1,type_0,rel_0,0,0,0,0,train:window_10,0,174235.0
1068.0,darpa_trace:n44649,darpa_trace:n6666,type_1,type_0,rel_0,0,0,0,0,train:window_10,0,174378.0
1069.0,darpa_trace:n45432,darpa_trace:n6666,type_1,type_0,rel_0,0,0,0,0,train:window_10,0,175160.0
1070.0,darpa_trace:n45463,darpa_trace:n6666,type_1,type_0,rel_0,0,0,0,0,train:window_10,0,175191.0
1071.0,darpa_trace:n45627,darpa_trace:n6666,type_1,type_0,rel_0,0,0,0,0,train:window_10,0,175355.0
1072.0,darpa_trace:n46424,darpa_trace:n6666,type_1,type_0,rel_0,0,0,0,0,train:window_10,0,176152.0
1073.0,darpa_trace:n46604,darpa_trace:n6666,type_1,type_0,rel_0,0,0,0,0,train:window_10,0,176332.0
1074.0,darpa_trace:n46776,darpa_trace:n6666,type_1,type_0,rel_0,0,0,0,0,train:window_10,0,176504.0
1075.0,darpa_trace:n47061,darpa_trace:n6666,type_1,type_0,rel_0,0,0,0,0,train:window_10,0,176789.0
1076.0,darpa_trace:n47109,darpa_trace:n6666,type_1,type_0,rel_0,0,0,0,0,train:window_10,0,176837.0
1077.0,darpa_trace:n47261,darpa_trace:n6666,type_1,type_0,rel_0,0,0,0,0,train:window_10,0,176989.0
1078.0,darpa_trace:n47312,darpa_trace:n6666,type_1,type_0,rel_0,0,0,0,0,train:window_10,0,177040.0
1079.0,darpa_trace:n47439,darpa_trace:n6666,type_1,type_0,rel_0,0,0,0,0,train:window_10,0,177167.0
1080.0,darpa_trace:n47462,darpa_trace:n6666,type_1,type_0,rel_0,0,0,0,0,train:window_10,0,177190.0
1081.0,darpa_trace:n47468,darpa_trace:n6666,type_1,type_0,rel_0,0,0,0,0,train:window_10,0,177196.0
1082.0,darpa_trace:n47804,darpa_trace:n6666,type_1,type_0,rel_0,0,0,0,0,train:window_10,0,177532.0
1083.0,darpa_trace:n47855,darpa_trace:n6666,type_1,type_0,rel_0,0,0,0,0,train:window_10,0,177583.0
1084.0,darpa_trace:n48242,darpa_trace:n6666,type_1,type_0,rel_0,0,0,0,0,train:window_10,0,177970.0
1085.0,darpa_trace:n48372,darpa_trace:n6666,type_1,type_0,rel_0,0,0,0,0,train:window_10,0,178100.0
1086.0,darpa_trace:n48388,darpa_trace:n6666,type_1,type_0,rel_0,0,0,0,0,train:window_10,0,178116.0
1087.0,darpa_trace:n48464,darpa_trace:n6666,type_1,type_0,rel_0,0,0,0,0,train:window_10,0,178192.0
1088.0,darpa_trace:n48704,darpa_trace:n6666,type_1,type_0,rel_0,0,0,0,0,train:window_10,0,178432.0
1089.0,darpa_trace:n48713,darpa_trace:n6666,type_1,type_0,rel_0,0,0,0,0,train:window_10,0,178441.0
1090.0,darpa_trace:n49309,darpa_trace:n6666,type_1,type_0,rel_0,0,0,0,0,train:window_10,0,179037.0
1091.0,darpa_trace:n49343,darpa_trace:n6666,type_1,type_0,rel_0,0,0,0,0,train:window_10,0,179071.0
1092.0,darpa_trace:n49465,darpa_trace:n6666,type_1,type_0,rel_0,0,0,0,0,train:window_10,0,179193.0
1093.0,darpa_trace:n49790,darpa_trace:n6666,type_1,type_0,rel_0,0,0,0,0,train:window_10,0,179518.0
1094.0,darpa_trace:n50141,darpa_trace:n6666,type_1,type_0,rel_0,0,0,0,0,train:window_10,0,179869.0
1095.0,darpa_trace:n52223,darpa_trace:n6666,type_1,type_0,rel_0,0,0,0,0,train:window_10,0,181950.0
1096.0,darpa_trace:n52258,darpa_trace:n6666,type_1,type_0,rel_0,0,0,0,0,train:window_10,0,181985.0
1097.0,darpa_trace:n53438,darpa_trace:n6666,type_1,type_0,rel_0,0,0,0,0,train:window_10,0,183165.0
1098.0,darpa_trace:n53624,darpa_trace:n6666,type_1,type_0,rel_0,0,0,0,0,train:window_10,0,183351.0
1099.0,darpa_trace:n53690,darpa_trace:n6666,type_1,type_0,rel_0,0,0,0,0,train:window_10,0,183417.0
1100.0,darpa_trace:n54184,darpa_trace:n6666,type_1,type_0,rel_0,0,0,0,0,train:window_10,0,183911.0
1101.0,darpa_trace:n54205,darpa_trace:n6666,type_1,type_0,rel_0,0,0,0,0,train:window_11,0,183932.0
1102.0,darpa_trace:n54548,darpa_trace:n6666,type_1,type_0,rel_0,0,0,0,0,train:window_11,0,184275.0
1103.0,darpa_trace:n54723,darpa_trace:n6666,type_1,type_0,rel_0,0,0,0,0,train:window_11,0,184450.0
1104.0,darpa_trace:n54839,darpa_trace:n6666,type_1,type_0,rel_0,0,0,0,0,train:window_11,0,184566.0
1105.0,darpa_trace:n54896,darpa_trace:n6666,type_1,type_0,rel_0,0,0,0,0,train:window_11,0,184623.0
1106.0,darpa_trace:n55164,darpa_trace:n6666,type_1,type_0,rel_0,0,0,0,0,train:window_11,0,184891.0
1107.0,darpa_trace:n55718,darpa_trace:n6666,type_1,type_0,rel_0,0,0,0,0,train:window_11,0,185444.0
1108.0,darpa_trace:n55961,darpa_trace:n6666,type_1,type_0,rel_0,0,0,0,0,train:window_11,0,185687.0
1109.0,darpa_trace:n57005,darpa_trace:n6666,type_1,type_0,rel_0,0,0,0,0,train:window_11,0,186730.0
1110.0,darpa_trace:n57768,darpa_trace:n6666,type_1,type_0,rel_0,0,0,0,0,train:window_11,0,187493.0
1111.0,darpa_trace:n57783,darpa_trace:n6666,type_1,type_0,rel_0,0,0,0,0,train:window_11,0,187508.0
1112.0,darpa_trace:n58590,darpa_trace:n6666,type_1,type_0,rel_0,0,0,0,0,train:window_11,0,188315.0
1113.0,darpa_trace:n59166,darpa_trace:n6666,type_1,type_0,rel_0,0,0,0,0,train:window_11,0,188891.0
1114.0,darpa_trace:n59293,darpa_trace:n6666,type_1,type_0,rel_0,0,0,0,0,train:window_11,0,189018.0
1115.0,darpa_trace:n59377,darpa_trace:n6666,type_1,type_0,rel_0,0,0,0,0,train:window_11,0,189102.0
1116.0,darpa_trace:n59407,darpa_trace:n6666,type_1,type_0,rel_0,0,0,0,0,train:window_11,0,189132.0
1117.0,darpa_trace:n59500,darpa_trace:n6666,type_1,type_0,rel_0,0,0,0,0,train:window_11,0,189225.0
1118.0,darpa_trace:n59544,darpa_trace:n6666,type_1,type_0,rel_0,0,0,0,0,train:window_11,0,189269.0
1119.0,darpa_trace:n60076,darpa_trace:n6666,type_1,type_0,rel_0,0,0,0,0,train:window_11,0,189801.0
1120.0,darpa_trace:n60261,darpa_trace:n6666,type_1,type_0,rel_0,0,0,0,0,train:window_11,0,189986.0
1121.0,darpa_trace:n60353,darpa_trace:n18,type_3,type_0,rel_0,0,0,0,0,train:window_11,0,190078.0
1122.0,darpa_trace:n60361,darpa_trace:n6666,type_1,type_0,rel_0,0,0,0,0,train:window_11,0,190086.0
1123.0,darpa_trace:n60532,darpa_trace:n6666,type_1,type_0,rel_0,0,0,0,0,train:window_11,0,190257.0
1124.0,darpa_trace:n60769,darpa_trace:n6666,type_1,type_0,rel_0,0,0,0,0,train:window_11,0,190494.0
1125.0,darpa_trace:n60834,darpa_trace:n6666,type_1,type_0,rel_0,0,0,0,0,train:window_11,0,190559.0
1126.0,darpa_trace:n61085,darpa_trace:n18,type_3,type_0,rel_0,0,0,0,0,train:window_11,0,190809.0
1127.0,darpa_trace:n61208,darpa_trace:n6666,type_1,type_0,rel_0,0,0,0,0,train:window_11,0,190932.0
1128.0,darpa_trace:n61734,darpa_trace:n6666,type_1,type_0,rel_0,0,0,0,0,train:window_11,0,191458.0
1129.0,darpa_trace:n62206,darpa_trace:n6666,type_1,type_0,rel_0,0,0,0,0,train:window_11,0,191930.0
1130.0,darpa_trace:n62471,darpa_trace:n6666,type_1,type_0,rel_0,0,0,0,0,train:window_11,0,192195.0
1131.0,darpa_trace:n62488,darpa_trace:n6666,type_1,type_0,rel_0,0,0,0,0,train:window_11,0,192212.0
1132.0,darpa_trace:n62645,darpa_trace:n6666,type_1,type_0,rel_0,0,0,0,0,train:window_11,0,192369.0
1133.0,darpa_trace:n62917,darpa_trace:n6666,type_1,type_0,rel_0,0,0,0,0,train:window_11,0,192641.0
1134.0,darpa_trace:n63040,darpa_trace:n18,type_3,type_0,rel_0,0,0,0,0,train:window_11,0,192764.0
1135.0,darpa_trace:n63102,darpa_trace:n6666,type_1,type_0,rel_0,0,0,0,0,train:window_11,0,192826.0
1136.0,darpa_trace:n63708,darpa_trace:n6666,type_1,type_0,rel_0,0,0,0,0,train:window_11,0,193432.0
1137.0,darpa_trace:n63711,darpa_trace:n6666,type_1,type_0,rel_0,0,0,0,0,train:window_11,0,193435.0
1138.0,darpa_trace:n63759,darpa_trace:n6666,type_1,type_0,rel_0,0,0,0,0,train:window_11,0,193483.0
1139.0,darpa_trace:n64203,darpa_trace:n6666,type_1,type_0,rel_0,0,0,0,0,train:window_11,0,193927.0
1140.0,darpa_trace:n64960,darpa_trace:n6666,type_1,type_0,rel_0,0,0,0,0,train:window_11,0,194684.0
1141.0,darpa_trace:n65178,darpa_trace:n6666,type_1,type_0,rel_0,0,0,0,0,train:window_11,0,194902.0
1142.0,darpa_trace:n65435,darpa_trace:n6666,type_1,type_0,rel_0,0,0,0,0,train:window_11,0,195159.0
1143.0,darpa_trace:n66402,darpa_trace:n6666,type_1,type_0,rel_0,0,0,0,0,train:window_11,0,196125.0
1144.0,darpa_trace:n66636,darpa_trace:n6666,type_1,type_0,rel_0,0,0,0,0,train:window_11,0,196359.0
1145.0,darpa_trace:n66773,darpa_trace:n6666,type_1,type_0,rel_0,0,0,0,0,train:window_11,0,196496.0
1146.0,darpa_trace:n66951,darpa_trace:n6666,type_1,type_0,rel_0,0,0,0,0,train:window_11,0,196674.0
1147.0,darpa_trace:n67005,darpa_trace:n6666,type_1,type_0,rel_0,0,0,0,0,train:window_11,0,196728.0
1148.0,darpa_trace:n67085,darpa_trace:n6666,type_1,type_0,rel_0,0,0,0,0,train:window_11,0,196808.0
1149.0,darpa_trace:n67102,darpa_trace:n6666,type_1,type_0,rel_0,0,0,0,0,train:window_11,0,196825.0
1150.0,darpa_trace:n67267,darpa_trace:n6666,type_1,type_0,rel_0,0,0,0,0,train:window_11,0,196990.0
1151.0,darpa_trace:n67511,darpa_trace:n6666,type_1,type_0,rel_0,0,0,0,0,train:window_11,0,197234.0
1152.0,darpa_trace:n67549,darpa_trace:n67534,type_1,type_0,rel_2,0,0,0,0,train:window_11,0,197284.0
1153.0,darpa_trace:n67978,darpa_trace:n6666,type_1,type_0,rel_0,0,0,0,0,train:window_11,0,197639.0
1154.0,darpa_trace:n68180,darpa_trace:n2707,type_1,type_0,rel_0,0,0,0,0,train:window_11,0,197815.0
1155.0,darpa_trace:n68587,darpa_trace:n68589,type_0,type_5,rel_6,0,0,0,0,train:window_11,0,198213.0
1156.0,darpa_trace:n68984,darpa_trace:n2379,type_0,type_4,rel_5,1,1,0,1,train:window_11,1,198732.0
1157.0,darpa_trace:n69012,darpa_trace:n2315,type_0,type_4,rel_5,1,1,0,1,train:window_11,1,198779.0
1158.0,darpa_trace:n69101,darpa_trace:n2315,type_0,type_4,rel_5,1,1,0,1,train:window_11,1,198906.0
1159.0,darpa_trace:n69112,darpa_trace:n2379,type_0,type_4,rel_5,1,1,0,1,train:window_11,1,198922.0
1160.0,darpa_trace:n69401,darpa_trace:n69400,type_0,type_8,rel_7,0,0,0,0,train:window_11,0,199449.0
1161.0,darpa_trace:n69537,darpa_trace:n3586,type_0,type_4,rel_5,0,0,0,0,train:window_11,0,199716.0
1162.0,darpa_trace:n69538,darpa_trace:n2379,type_0,type_4,rel_5,1,1,0,1,train:window_11,1,199722.0
1163.0,darpa_trace:n69639,darpa_trace:n3590,type_0,type_4,rel_8,0,0,0,0,train:window_11,0,199765.0
1164.0,darpa_trace:n69684,darpa_trace:n2315,type_0,type_4,rel_5,1,1,0,1,train:window_11,1,199829.0
1165.0,darpa_trace:n69812,darpa_trace:n2315,type_0,type_4,rel_5,1,1,0,1,train:window_11,1,200030.0
1166.0,darpa_trace:n69905,darpa_trace:n2379,type_0,type_4,rel_5,1,1,0,1,train:window_11,1,200190.0
1167.0,darpa_trace:n69967,darpa_trace:n2379,type_0,type_4,rel_5,1,1,0,1,train:window_11,1,200271.0
1168.0,darpa_trace:n69996,darpa_trace:n3009,type_0,type_4,rel_5,0,0,0,0,train:window_11,0,200316.0
1169.0,darpa_trace:n69996,darpa_trace:n70036,type_0,type_5,rel_11,0,0,0,0,train:window_11,0,200355.0
1170.0,darpa_trace:n69996,darpa_trace:n2458,type_0,type_6,rel_5,0,0,0,0,train:window_11,0,200374.0
1171.0,darpa_trace:n70059,darpa_trace:n2315,type_0,type_4,rel_5,1,1,0,1,train:window_11,1,200400.0
1172.0,darpa_trace:n70088,darpa_trace:n2379,type_0,type_4,rel_5,1,1,0,1,train:window_11,1,200463.0
1173.0,darpa_trace:n70180,darpa_trace:n2379,type_0,type_4,rel_5,1,1,0,1,train:window_11,1,200585.0
1174.0,darpa_trace:n70261,darpa_trace:n2379,type_0,type_4,rel_5,1,1,0,1,train:window_11,1,200699.0
1175.0,darpa_trace:n70384,darpa_trace:n2315,type_0,type_4,rel_5,1,1,0,1,train:window_11,1,200874.0
1176.0,darpa_trace:n70430,darpa_trace:n2315,type_0,type_4,rel_5,1,1,0,1,train:window_11,1,200929.0
1177.0,darpa_trace:n70517,darpa_trace:n2398,type_0,type_4,rel_5,1,1,0,1,train:window_11,1,201131.0
1178.0,darpa_trace:n70517,darpa_trace:n70648,type_0,type_5,rel_6,0,0,0,0,train:window_11,0,201256.0
1179.0,darpa_trace:n70517,darpa_trace:n70701,type_0,type_5,rel_11,0,0,0,0,train:window_11,0,201315.0
1180.0,darpa_trace:n70519,darpa_trace:n2315,type_0,type_4,rel_5,1,1,0,1,train:window_11,1,201351.0
1181.0,darpa_trace:n70742,darpa_trace:n551530,type_4,type_0,rel_2,0,0,0,0,train:window_11,0,201435.0
1182.0,darpa_trace:n70749,darpa_trace:n70759,type_0,type_5,rel_11,0,0,0,0,train:window_11,0,201488.0
1183.0,darpa_trace:n70850,darpa_trace:n2458,type_0,type_6,rel_5,0,0,0,0,train:window_11,0,201628.0
1184.0,darpa_trace:n70853,darpa_trace:n70898,type_0,type_5,rel_11,0,0,0,0,train:window_11,0,201673.0
1185.0,darpa_trace:n70853,darpa_trace:n2379,type_0,type_4,rel_5,1,1,0,1,train:window_11,1,201681.0
1186.0,darpa_trace:n71182,darpa_trace:n6666,type_1,type_0,rel_0,0,0,0,0,train:window_11,0,202064.0
1187.0,darpa_trace:n71345,darpa_trace:n5164,type_1,type_0,rel_0,0,0,0,0,train:window_11,0,202218.0
1188.0,darpa_trace:n71523,darpa_trace:n6666,type_1,type_0,rel_0,0,0,0,0,train:window_11,0,202368.0
1189.0,darpa_trace:n71546,darpa_trace:n6666,type_1,type_0,rel_0,0,0,0,0,train:window_11,0,202391.0
1190.0,darpa_trace:n71630,darpa_trace:n6666,type_1,type_0,rel_0,0,0,0,0,train:window_11,0,202475.0
1191.0,darpa_trace:n71756,darpa_trace:n6666,type_1,type_0,rel_0,0,0,0,0,train:window_11,0,202601.0
1192.0,darpa_trace:n71866,darpa_trace:n6666,type_1,type_0,rel_0,0,0,0,0,train:window_11,0,202711.0
1193.0,darpa_trace:n72170,darpa_trace:n6666,type_1,type_0,rel_0,0,0,0,0,train:window_11,0,203015.0
1194.0,darpa_trace:n72899,darpa_trace:n6666,type_1,type_0,rel_0,0,0,0,0,train:window_11,0,203744.0
1195.0,darpa_trace:n73215,darpa_trace:n6666,type_1,type_0,rel_0,0,0,0,0,train:window_11,0,204060.0
1196.0,darpa_trace:n73254,darpa_trace:n6666,type_1,type_0,rel_0,0,0,0,0,train:window_11,0,204099.0
1197.0,darpa_trace:n73659,darpa_trace:n6666,type_1,type_0,rel_0,0,0,0,0,train:window_11,0,204504.0
1198.0,darpa_trace:n73726,darpa_trace:n6666,type_1,type_0,rel_0,0,0,0,0,train:window_11,0,204571.0
1199.0,darpa_trace:n73832,darpa_trace:n6666,type_1,type_0,rel_0,0,0,0,0,train:window_11,0,204677.0
1200.0,darpa_trace:n74013,darpa_trace:n6666,type_1,type_0,rel_0,0,0,0,0,train:window_11,0,204857.0
1201.0,darpa_trace:n74984,darpa_trace:n6666,type_1,type_0,rel_0,0,0,0,0,train:window_12,0,205828.0
1202.0,darpa_trace:n75208,darpa_trace:n6666,type_1,type_0,rel_0,0,0,0,0,train:window_12,0,206052.0
1203.0,darpa_trace:n75412,darpa_trace:n6666,type_1,type_0,rel_0,0,0,0,0,train:window_12,0,206256.0
1204.0,darpa_trace:n75936,darpa_trace:n6666,type_1,type_0,rel_0,0,0,0,0,train:window_12,0,206780.0
1205.0,darpa_trace:n75971,darpa_trace:n6666,type_1,type_0,rel_0,0,0,0,0,train:window_12,0,206815.0
1206.0,darpa_trace:n76211,darpa_trace:n18,type_3,type_0,rel_0,0,0,0,0,train:window_12,0,207055.0
1207.0,darpa_trace:n76263,darpa_trace:n6666,type_1,type_0,rel_0,0,0,0,0,train:window_12,0,207107.0
1208.0,darpa_trace:n76365,darpa_trace:n6666,type_1,type_0,rel_0,0,0,0,0,train:window_12,0,207190.0
1209.0,darpa_trace:n76422,darpa_trace:n6666,type_1,type_0,rel_0,0,0,0,0,train:window_12,0,207247.0
1210.0,darpa_trace:n77203,darpa_trace:n2490,type_0,type_4,rel_5,0,0,0,0,train:window_12,0,208166.0
1211.0,darpa_trace:n77478,darpa_trace:n77203,type_4,type_0,rel_2,0,0,0,0,train:window_12,0,208405.0
1212.0,darpa_trace:n77578,darpa_trace:n2379,type_0,type_4,rel_5,1,1,0,1,train:window_12,1,208482.0
1213.0,darpa_trace:n77700,darpa_trace:n2379,type_0,type_4,rel_5,1,1,0,1,train:window_12,1,208624.0
1214.0,darpa_trace:n77735,darpa_trace:n2315,type_0,type_4,rel_5,1,1,0,1,train:window_12,1,208664.0
1215.0,darpa_trace:n77821,darpa_trace:n2379,type_0,type_4,rel_5,1,1,0,1,train:window_12,1,208767.0
1216.0,darpa_trace:n77937,darpa_trace:n77938,type_0,type_8,rel_8,0,0,0,0,train:window_12,0,208936.0
1217.0,darpa_trace:n78001,darpa_trace:n78021,type_0,type_5,rel_11,0,0,0,0,train:window_12,0,209058.0
1218.0,darpa_trace:n78030,darpa_trace:n2379,type_0,type_4,rel_5,1,1,0,1,train:window_12,1,209097.0
1219.0,darpa_trace:n78030,darpa_trace:n78060,type_0,type_5,rel_11,0,0,0,0,train:window_12,0,209113.0
1220.0,darpa_trace:n78123,darpa_trace:n2315,type_0,type_4,rel_5,1,1,0,1,train:window_12,1,209213.0
1221.0,darpa_trace:n78214,darpa_trace:n2315,type_0,type_4,rel_5,1,1,0,1,train:window_12,1,209349.0
1222.0,darpa_trace:n78243,darpa_trace:n2315,type_0,type_4,rel_5,1,1,0,1,train:window_12,1,209393.0
1223.0,darpa_trace:n78259,darpa_trace:n2356,type_0,type_4,rel_5,0,0,0,0,train:window_12,0,209447.0
1224.0,darpa_trace:n78259,darpa_trace:n78323,type_0,type_5,rel_6,0,0,0,0,train:window_12,0,209509.0
1225.0,darpa_trace:n78364,darpa_trace:n2315,type_0,type_4,rel_5,1,1,0,1,train:window_12,1,209623.0
1226.0,darpa_trace:n78407,darpa_trace:n2379,type_0,type_4,rel_5,1,1,0,1,train:window_12,1,209685.0
1227.0,darpa_trace:n78431,darpa_trace:n78441,type_0,type_5,rel_11,0,0,0,0,train:window_12,0,209724.0
1228.0,darpa_trace:n78508,darpa_trace:n2315,type_0,type_4,rel_5,1,1,0,1,train:window_12,1,209845.0
1229.0,darpa_trace:n78537,darpa_trace:n2379,type_0,type_4,rel_5,1,1,0,1,train:window_12,1,209908.0
1230.0,darpa_trace:n78628,darpa_trace:n78681,type_0,type_5,rel_6,0,0,0,0,train:window_12,0,210086.0
1231.0,darpa_trace:n78691,darpa_trace:n78707,type_0,type_5,rel_11,0,0,0,0,train:window_12,0,210138.0
1232.0,darpa_trace:n78783,darpa_trace:n78787,type_0,type_5,rel_11,0,0,0,0,train:window_12,0,210260.0
1233.0,darpa_trace:n78925,darpa_trace:n2315,type_0,type_4,rel_5,1,1,0,1,train:window_12,1,210468.0
1234.0,darpa_trace:n78937,darpa_trace:n2379,type_0,type_4,rel_5,1,1,0,1,train:window_12,1,210486.0
1235.0,darpa_trace:n79154,darpa_trace:n2379,type_0,type_4,rel_5,1,1,0,1,train:window_12,1,210798.0
1236.0,darpa_trace:n79241,darpa_trace:n79319,type_0,type_5,rel_11,0,0,0,0,train:window_12,0,211038.0
1237.0,darpa_trace:n79241,darpa_trace:n79434,type_0,type_5,rel_11,0,0,0,0,train:window_12,0,211176.0
1238.0,darpa_trace:n79530,darpa_trace:n79539,type_0,type_5,rel_6,0,0,0,0,train:window_12,0,211355.0
1239.0,darpa_trace:n79571,darpa_trace:n79714,type_0,type_5,rel_6,0,0,0,0,train:window_12,0,211567.0
1240.0,darpa_trace:n79571,darpa_trace:n79770,type_0,type_5,rel_11,0,0,0,0,train:window_12,0,211629.0
1241.0,darpa_trace:n79572,darpa_trace:n2315,type_0,type_4,rel_5,1,1,0,1,train:window_12,1,211661.0
1242.0,darpa_trace:n79830,darpa_trace:n6066,type_0,type_4,rel_5,0,0,0,0,train:window_12,0,212038.0
1243.0,darpa_trace:n80683,darpa_trace:n6666,type_1,type_0,rel_0,0,0,0,0,train:window_12,0,213036.0
1244.0,darpa_trace:n81213,darpa_trace:n6666,type_1,type_0,rel_0,0,0,0,0,train:window_12,0,213564.0
1245.0,darpa_trace:n81229,darpa_trace:n6666,type_1,type_0,rel_0,0,0,0,0,train:window_12,0,213580.0
1246.0,darpa_trace:n82000,darpa_trace:n6666,type_1,type_0,rel_0,0,0,0,0,train:window_12,0,214351.0
1247.0,darpa_trace:n82293,darpa_trace:n6666,type_1,type_0,rel_0,0,0,0,0,train:window_12,0,214644.0
1248.0,darpa_trace:n82316,darpa_trace:n6666,type_1,type_0,rel_0,0,0,0,0,train:window_12,0,214667.0
1249.0,darpa_trace:n82872,darpa_trace:n6666,type_1,type_0,rel_0,0,0,0,0,train:window_12,0,215221.0
1250.0,darpa_trace:n83251,darpa_trace:n2700,type_1,type_0,rel_0,0,0,0,0,train:window_12,0,215615.0
1251.0,darpa_trace:n83350,darpa_trace:n6666,type_1,type_0,rel_0,0,0,0,0,train:window_12,0,215698.0
1252.0,darpa_trace:n83422,darpa_trace:n6666,type_1,type_0,rel_0,0,0,0,0,train:window_12,0,215770.0
1253.0,darpa_trace:n83423,darpa_trace:n6666,type_1,type_0,rel_0,0,0,0,0,train:window_12,0,215771.0
1254.0,darpa_trace:n83881,darpa_trace:n6666,type_1,type_0,rel_0,0,0,0,0,train:window_12,0,216194.0
1255.0,darpa_trace:n84192,darpa_trace:n18,type_3,type_0,rel_0,0,0,0,0,train:window_12,0,216504.0
1256.0,darpa_trace:n84685,darpa_trace:n6666,type_1,type_0,rel_0,0,0,0,0,train:window_12,0,216997.0
1257.0,darpa_trace:n84739,darpa_trace:n6666,type_1,type_0,rel_0,0,0,0,0,train:window_12,0,217051.0
1258.0,darpa_trace:n84836,darpa_trace:n6666,type_1,type_0,rel_0,0,0,0,0,train:window_12,0,217148.0
1259.0,darpa_trace:n85050,darpa_trace:n6666,type_1,type_0,rel_0,0,0,0,0,train:window_12,0,217362.0
1260.0,darpa_trace:n85113,darpa_trace:n6666,type_1,type_0,rel_0,0,0,0,0,train:window_12,0,217425.0
1261.0,darpa_trace:n85231,darpa_trace:n6666,type_1,type_0,rel_0,0,0,0,0,train:window_12,0,217543.0
1262.0,darpa_trace:n85263,darpa_trace:n6666,type_1,type_0,rel_0,0,0,0,0,train:window_12,0,217575.0
1263.0,darpa_trace:n85451,darpa_trace:n6666,type_1,type_0,rel_0,0,0,0,0,train:window_12,0,217762.0
1264.0,darpa_trace:n85504,darpa_trace:n6666,type_1,type_0,rel_0,0,0,0,0,train:window_12,0,217815.0
1265.0,darpa_trace:n85600,darpa_trace:n6666,type_1,type_0,rel_0,0,0,0,0,train:window_12,0,217911.0
1266.0,darpa_trace:n85634,darpa_trace:n6666,type_1,type_0,rel_0,0,0,0,0,train:window_12,0,217945.0
1267.0,darpa_trace:n85673,darpa_trace:n6666,type_1,type_0,rel_0,0,0,0,0,train:window_12,0,217984.0
1268.0,darpa_trace:n85753,darpa_trace:n6666,type_1,type_0,rel_0,0,0,0,0,train:window_12,0,218064.0
1269.0,darpa_trace:n86329,darpa_trace:n18,type_3,type_0,rel_0,0,0,0,0,train:window_12,0,218640.0
1270.0,darpa_trace:n86561,darpa_trace:n6666,type_1,type_0,rel_0,0,0,0,0,train:window_12,0,218872.0
1271.0,darpa_trace:n86631,darpa_trace:n6666,type_1,type_0,rel_0,0,0,0,0,train:window_12,0,218942.0
1272.0,darpa_trace:n86730,darpa_trace:n6666,type_1,type_0,rel_0,0,0,0,0,train:window_12,0,219041.0
1273.0,darpa_trace:n87014,darpa_trace:n6666,type_1,type_0,rel_0,0,0,0,0,train:window_12,0,219325.0
1274.0,darpa_trace:n87544,darpa_trace:n6666,type_1,type_0,rel_0,0,0,0,0,train:window_12,0,219854.0
1275.0,darpa_trace:n88920,darpa_trace:n6666,type_1,type_0,rel_0,0,0,0,0,train:window_12,0,221230.0
1276.0,darpa_trace:n88933,darpa_trace:n18,type_3,type_0,rel_0,0,0,0,0,train:window_12,0,221243.0
1277.0,darpa_trace:n89237,darpa_trace:n6666,type_1,type_0,rel_0,0,0,0,0,train:window_12,0,221547.0
1278.0,darpa_trace:n89364,darpa_trace:n6666,type_1,type_0,rel_0,0,0,0,0,train:window_12,0,221674.0
1279.0,darpa_trace:n89643,darpa_trace:n6666,type_1,type_0,rel_0,0,0,0,0,train:window_12,0,221953.0
1280.0,darpa_trace:n90094,darpa_trace:n6666,type_1,type_0,rel_0,0,0,0,0,train:window_12,0,222404.0
1281.0,darpa_trace:n90189,darpa_trace:n6666,type_1,type_0,rel_0,0,0,0,0,train:window_12,0,222499.0
1282.0,darpa_trace:n90376,darpa_trace:n6666,type_1,type_0,rel_0,0,0,0,0,train:window_12,0,222686.0
1283.0,darpa_trace:n90664,darpa_trace:n6666,type_1,type_0,rel_0,0,0,0,0,train:window_12,0,222974.0
1284.0,darpa_trace:n91168,darpa_trace:n6666,type_1,type_0,rel_0,0,0,0,0,train:window_12,0,223478.0
1285.0,darpa_trace:n91208,darpa_trace:n6666,type_1,type_0,rel_0,0,0,0,0,train:window_12,0,223518.0
1286.0,darpa_trace:n91232,darpa_trace:n6666,type_1,type_0,rel_0,0,0,0,0,train:window_12,0,223542.0
1287.0,darpa_trace:n91429,darpa_trace:n6666,type_1,type_0,rel_0,0,0,0,0,train:window_12,0,223739.0
1288.0,darpa_trace:n91766,darpa_trace:n6666,type_1,type_0,rel_0,0,0,0,0,train:window_12,0,224076.0
1289.0,darpa_trace:n92089,darpa_trace:n6666,type_1,type_0,rel_0,0,0,0,0,train:window_12,0,224399.0
1290.0,darpa_trace:n92147,darpa_trace:n6666,type_1,type_0,rel_0,0,0,0,0,train:window_12,0,224457.0
1291.0,darpa_trace:n92160,darpa_trace:n6666,type_1,type_0,rel_0,0,0,0,0,train:window_12,0,224470.0
1292.0,darpa_trace:n92316,darpa_trace:n6666,type_1,type_0,rel_0,0,0,0,0,train:window_12,0,224626.0
1293.0,darpa_trace:n92409,darpa_trace:n6666,type_1,type_0,rel_0,0,0,0,0,train:window_12,0,224719.0
1294.0,darpa_trace:n92565,darpa_trace:n6666,type_1,type_0,rel_0,0,0,0,0,train:window_12,0,224875.0
1295.0,darpa_trace:n92767,darpa_trace:n6666,type_1,type_0,rel_0,0,0,0,0,train:window_12,0,225077.0
1296.0,darpa_trace:n92888,darpa_trace:n6666,type_1,type_0,rel_0,0,0,0,0,train:window_12,0,225198.0
1297.0,darpa_trace:n92897,darpa_trace:n6666,type_1,type_0,rel_0,0,0,0,0,train:window_12,0,225207.0
1298.0,darpa_trace:n92911,darpa_trace:n6666,type_1,type_0,rel_0,0,0,0,0,train:window_12,0,225221.0
1299.0,darpa_trace:n92993,darpa_trace:n6666,type_1,type_0,rel_0,0,0,0,0,train:window_12,0,225303.0
1300.0,darpa_trace:n93147,darpa_trace:n6666,type_1,type_0,rel_0,0,0,0,0,train:window_12,0,225457.0
1301.0,darpa_trace:n93232,darpa_trace:n6666,type_1,type_0,rel_0,0,0,0,0,train:window_13,0,225542.0
1302.0,darpa_trace:n93250,darpa_trace:n6666,type_1,type_0,rel_0,0,0,0,0,train:window_13,0,225560.0
1303.0,darpa_trace:n93654,darpa_trace:n6666,type_1,type_0,rel_0,0,0,0,0,train:window_13,0,225964.0
1304.0,darpa_trace:n94100,darpa_trace:n6666,type_1,type_0,rel_0,0,0,0,0,train:window_13,0,226410.0
1305.0,darpa_trace:n94148,darpa_trace:n6666,type_1,type_0,rel_0,0,0,0,0,train:window_13,0,226458.0
1306.0,darpa_trace:n94498,darpa_trace:n6666,type_1,type_0,rel_0,0,0,0,0,train:window_13,0,226808.0
1307.0,darpa_trace:n94816,darpa_trace:n6666,type_1,type_0,rel_0,0,0,0,0,train:window_13,0,227126.0
1308.0,darpa_trace:n94896,darpa_trace:n6666,type_1,type_0,rel_0,0,0,0,0,train:window_13,0,227206.0
1309.0,darpa_trace:n95101,darpa_trace:n6666,type_1,type_0,rel_0,0,0,0,0,train:window_13,0,227411.0
1310.0,darpa_trace:n95355,darpa_trace:n18,type_3,type_0,rel_0,0,0,0,0,train:window_13,0,227665.0
1311.0,darpa_trace:n95359,darpa_trace:n6666,type_1,type_0,rel_0,0,0,0,0,train:window_13,0,227669.0
1312.0,darpa_trace:n95519,darpa_trace:n6666,type_1,type_0,rel_0,0,0,0,0,train:window_13,0,227828.0
1313.0,darpa_trace:n95755,darpa_trace:n18,type_3,type_0,rel_0,0,0,0,0,train:window_13,0,228064.0
1314.0,darpa_trace:n96580,darpa_trace:n6666,type_1,type_0,rel_0,0,0,0,0,train:window_13,0,228889.0
1315.0,darpa_trace:n96837,darpa_trace:n6666,type_1,type_0,rel_0,0,0,0,0,train:window_13,0,229146.0
1316.0,darpa_trace:n97412,darpa_trace:n6666,type_1,type_0,rel_0,0,0,0,0,train:window_13,0,229719.0
1317.0,darpa_trace:n97659,darpa_trace:n6666,type_1,type_0,rel_0,0,0,0,0,train:window_13,0,229966.0
1318.0,darpa_trace:n98008,darpa_trace:n6666,type_1,type_0,rel_0,0,0,0,0,train:window_13,0,230315.0
1319.0,darpa_trace:n98061,darpa_trace:n6666,type_1,type_0,rel_0,0,0,0,0,train:window_13,0,230368.0
1320.0,darpa_trace:n98094,darpa_trace:n6666,type_1,type_0,rel_0,0,0,0,0,train:window_13,0,230401.0
1321.0,darpa_trace:n98238,darpa_trace:n6666,type_1,type_0,rel_0,0,0,0,0,train:window_13,0,230545.0
1322.0,darpa_trace:n98298,darpa_trace:n6666,type_1,type_0,rel_0,0,0,0,0,train:window_13,0,230605.0
1323.0,darpa_trace:n98585,darpa_trace:n6666,type_1,type_0,rel_0,0,0,0,0,train:window_13,0,230892.0
1324.0,darpa_trace:n98642,darpa_trace:n6666,type_1,type_0,rel_0,0,0,0,0,train:window_13,0,230949.0
1325.0,darpa_trace:n98690,darpa_trace:n6666,type_1,type_0,rel_0,0,0,0,0,train:window_13,0,230997.0
1326.0,darpa_trace:n99104,darpa_trace:n6666,type_1,type_0,rel_0,0,0,0,0,train:window_13,0,231411.0
1327.0,darpa_trace:n99344,darpa_trace:n6666,type_1,type_0,rel_0,0,0,0,0,train:window_13,0,231651.0
1328.0,darpa_trace:n99426,darpa_trace:n6666,type_1,type_0,rel_0,0,0,0,0,train:window_13,0,231733.0
1329.0,darpa_trace:n99741,darpa_trace:n6666,type_1,type_0,rel_0,0,0,0,0,train:window_13,0,232048.0
1330.0,darpa_trace:n101225,darpa_trace:n6666,type_1,type_0,rel_0,0,0,0,0,train:window_13,0,233532.0
1331.0,darpa_trace:n101783,darpa_trace:n6666,type_1,type_0,rel_0,0,0,0,0,train:window_13,0,234090.0
1332.0,darpa_trace:n101807,darpa_trace:n6666,type_1,type_0,rel_0,0,0,0,0,train:window_13,0,234114.0
1333.0,darpa_trace:n102342,darpa_trace:n6666,type_1,type_0,rel_0,0,0,0,0,train:window_13,0,234649.0
1334.0,darpa_trace:n102540,darpa_trace:n6666,type_1,type_0,rel_0,0,0,0,0,train:window_13,0,234847.0
1335.0,darpa_trace:n102590,darpa_trace:n6666,type_1,type_0,rel_0,0,0,0,0,train:window_13,0,234897.0
1336.0,darpa_trace:n102994,darpa_trace:n6666,type_1,type_0,rel_0,0,0,0,0,train:window_13,0,235301.0
1337.0,darpa_trace:n103053,darpa_trace:n6666,type_1,type_0,rel_0,0,0,0,0,train:window_13,0,235360.0
1338.0,darpa_trace:n103260,darpa_trace:n6666,type_1,type_0,rel_0,0,0,0,0,train:window_13,0,235567.0
1339.0,darpa_trace:n103582,darpa_trace:n6666,type_1,type_0,rel_0,0,0,0,0,train:window_13,0,235889.0
1340.0,darpa_trace:n103738,darpa_trace:n6666,type_1,type_0,rel_0,0,0,0,0,train:window_13,0,236045.0
1341.0,darpa_trace:n103805,darpa_trace:n6666,type_1,type_0,rel_0,0,0,0,0,train:window_13,0,236112.0
1342.0,darpa_trace:n104113,darpa_trace:n6666,type_1,type_0,rel_0,0,0,0,0,train:window_13,0,236420.0
1343.0,darpa_trace:n104417,darpa_trace:n6666,type_1,type_0,rel_0,0,0,0,0,train:window_13,0,236724.0
1344.0,darpa_trace:n104465,darpa_trace:n6666,type_1,type_0,rel_0,0,0,0,0,train:window_13,0,236772.0
1345.0,darpa_trace:n104623,darpa_trace:n6666,type_1,type_0,rel_0,0,0,0,0,train:window_13,0,236930.0
1346.0,darpa_trace:n104679,darpa_trace:n6666,type_1,type_0,rel_0,0,0,0,0,train:window_13,0,236986.0
1347.0,darpa_trace:n105115,darpa_trace:n6666,type_1,type_0,rel_0,0,0,0,0,train:window_13,0,237422.0
1348.0,darpa_trace:n105174,darpa_trace:n6666,type_1,type_0,rel_0,0,0,0,0,train:window_13,0,237481.0
1349.0,darpa_trace:n105282,darpa_trace:n6666,type_1,type_0,rel_0,0,0,0,0,train:window_13,0,237589.0
1350.0,darpa_trace:n105285,darpa_trace:n6666,type_1,type_0,rel_0,0,0,0,0,train:window_13,0,237592.0
1351.0,darpa_trace:n105943,darpa_trace:n6666,type_1,type_0,rel_0,0,0,0,0,train:window_13,0,238250.0
1352.0,darpa_trace:n105945,darpa_trace:n6666,type_1,type_0,rel_0,0,0,0,0,train:window_13,0,238252.0
1353.0,darpa_trace:n106634,darpa_trace:n6666,type_1,type_0,rel_0,0,0,0,0,train:window_13,0,238941.0
1354.0,darpa_trace:n107062,darpa_trace:n6666,type_1,type_0,rel_0,0,0,0,0,train:window_13,0,239368.0
1355.0,darpa_trace:n107541,darpa_trace:n6666,type_1,type_0,rel_0,0,0,0,0,train:window_13,0,239846.0
1356.0,darpa_trace:n107779,darpa_trace:n6666,type_1,type_0,rel_0,0,0,0,0,train:window_13,0,240084.0
1357.0,darpa_trace:n107855,darpa_trace:n6666,type_1,type_0,rel_0,0,0,0,0,train:window_13,0,240160.0
1358.0,darpa_trace:n108295,darpa_trace:n6666,type_1,type_0,rel_0,0,0,0,0,train:window_13,0,240599.0
1359.0,darpa_trace:n108355,darpa_trace:n6666,type_1,type_0,rel_0,0,0,0,0,train:window_13,0,240659.0
1360.0,darpa_trace:n108541,darpa_trace:n6666,type_1,type_0,rel_0,0,0,0,0,train:window_13,0,240845.0
1361.0,darpa_trace:n108705,darpa_trace:n6666,type_1,type_0,rel_0,0,0,0,0,train:window_13,0,241009.0
1362.0,darpa_trace:n108775,darpa_trace:n6666,type_1,type_0,rel_0,0,0,0,0,train:window_13,0,241079.0
1363.0,darpa_trace:n108777,darpa_trace:n6666,type_1,type_0,rel_0,0,0,0,0,train:window_13,0,241081.0
1364.0,darpa_trace:n108884,darpa_trace:n6666,type_1,type_0,rel_0,0,0,0,0,train:window_13,0,241188.0
1365.0,darpa_trace:n109232,darpa_trace:n6666,type_1,type_0,rel_0,0,0,0,0,train:window_13,0,241536.0
1366.0,darpa_trace:n109437,darpa_trace:n6666,type_1,type_0,rel_0,0,0,0,0,train:window_13,0,241741.0
1367.0,darpa_trace:n109787,darpa_trace:n6666,type_1,type_0,rel_0,0,0,0,0,train:window_13,0,242091.0
1368.0,darpa_trace:n110309,darpa_trace:n6666,type_1,type_0,rel_0,0,0,0,0,train:window_13,0,242613.0
1369.0,darpa_trace:n110491,darpa_trace:n6666,type_1,type_0,rel_0,0,0,0,0,train:window_13,0,242795.0
1370.0,darpa_trace:n110942,darpa_trace:n6666,type_1,type_0,rel_0,0,0,0,0,train:window_13,0,243246.0
1371.0,darpa_trace:n111395,darpa_trace:n6666,type_1,type_0,rel_0,0,0,0,0,train:window_13,0,243699.0
1372.0,darpa_trace:n111741,darpa_trace:n18,type_3,type_0,rel_0,0,0,0,0,train:window_13,0,244045.0
1373.0,darpa_trace:n111873,darpa_trace:n6666,type_1,type_0,rel_0,0,0,0,0,train:window_13,0,244177.0
1374.0,darpa_trace:n111980,darpa_trace:n6666,type_1,type_0,rel_0,0,0,0,0,train:window_13,0,244284.0
1375.0,darpa_trace:n112106,darpa_trace:n6666,type_1,type_0,rel_0,0,0,0,0,train:window_13,0,244410.0
1376.0,darpa_trace:n112754,darpa_trace:n6666,type_1,type_0,rel_0,0,0,0,0,train:window_13,0,245058.0
1377.0,darpa_trace:n113073,darpa_trace:n6666,type_1,type_0,rel_0,0,0,0,0,train:window_13,0,245377.0
1378.0,darpa_trace:n113310,darpa_trace:n6666,type_1,type_0,rel_0,0,0,0,0,train:window_13,0,245614.0
1379.0,darpa_trace:n113351,darpa_trace:n6666,type_1,type_0,rel_0,0,0,0,0,train:window_13,0,245655.0
1380.0,darpa_trace:n113669,darpa_trace:n113822,type_0,type_1,rel_7,0,0,0,0,train:window_13,0,246139.0
1381.0,darpa_trace:n113669,darpa_trace:n114184,type_0,type_1,rel_7,0,0,0,0,train:window_13,0,246481.0
1382.0,darpa_trace:n113669,darpa_trace:n114879,type_0,type_1,rel_7,0,0,0,0,train:window_13,0,247135.0
1383.0,darpa_trace:n113669,darpa_trace:n114971,type_0,type_1,rel_7,0,0,0,0,train:window_13,0,247227.0
1384.0,darpa_trace:n113669,darpa_trace:n115567,type_0,type_1,rel_7,0,0,0,0,train:window_13,0,247805.0
1385.0,darpa_trace:n113669,darpa_trace:n115698,type_0,type_1,rel_7,0,0,0,0,train:window_13,0,247926.0
1386.0,darpa_trace:n113669,darpa_trace:n115893,type_0,type_1,rel_7,0,0,0,0,train:window_13,0,248102.0
1387.0,darpa_trace:n113669,darpa_trace:n116499,type_0,type_1,rel_7,0,0,0,0,train:window_13,0,248680.0
1388.0,darpa_trace:n113669,darpa_trace:n116534,type_0,type_1,rel_7,0,0,0,0,train:window_13,0,248712.0
1389.0,darpa_trace:n113669,darpa_trace:n116920,type_0,type_1,rel_7,0,0,0,0,train:window_13,0,249075.0
1390.0,darpa_trace:n113669,darpa_trace:n117393,type_0,type_1,rel_7,0,0,0,0,train:window_13,0,249512.0
1391.0,darpa_trace:n113669,darpa_trace:n118069,type_0,type_1,rel_7,0,0,0,0,train:window_13,0,250156.0
1392.0,darpa_trace:n113669,darpa_trace:n118109,type_0,type_1,rel_7,0,0,0,0,train:window_13,0,250196.0
1393.0,darpa_trace:n113669,darpa_trace:n118289,type_0,type_1,rel_7,0,0,0,0,train:window_13,0,250373.0
1394.0,darpa_trace:n113669,darpa_trace:n118994,type_0,type_1,rel_7,0,0,0,0,train:window_13,0,251044.0
1395.0,darpa_trace:n113669,darpa_trace:n119327,type_0,type_1,rel_7,0,0,0,0,train:window_13,0,251364.0
1396.0,darpa_trace:n113669,darpa_trace:n119410,type_0,type_1,rel_7,0,0,0,0,train:window_13,0,251445.0
1397.0,darpa_trace:n113669,darpa_trace:n119482,type_0,type_1,rel_7,0,0,0,0,train:window_13,0,251517.0
1398.0,darpa_trace:n113669,darpa_trace:n119985,type_0,type_1,rel_7,0,0,0,0,train:window_13,0,251998.0
1399.0,darpa_trace:n113669,darpa_trace:n120129,type_0,type_1,rel_7,0,0,0,0,train:window_13,0,252139.0
1400.0,darpa_trace:n113669,darpa_trace:n120391,type_0,type_1,rel_7,0,0,0,0,train:window_13,0,252380.0
1401.0,darpa_trace:n113669,darpa_trace:n120604,type_0,type_1,rel_7,0,0,0,0,train:window_14,0,252589.0
1402.0,darpa_trace:n113669,darpa_trace:n120962,type_0,type_1,rel_7,0,0,0,0,train:window_14,0,252941.0
1403.0,darpa_trace:n113669,darpa_trace:n121087,type_0,type_1,rel_7,0,0,0,0,train:window_14,0,253064.0
1404.0,darpa_trace:n113669,darpa_trace:n121160,type_0,type_1,rel_7,0,0,0,0,train:window_14,0,253137.0
1405.0,darpa_trace:n113669,darpa_trace:n121544,type_0,type_1,rel_7,0,0,0,0,train:window_14,0,253487.0
1406.0,darpa_trace:n113669,darpa_trace:n122446,type_0,type_1,rel_7,0,0,0,0,train:window_14,0,254351.0
1407.0,darpa_trace:n113669,darpa_trace:n122697,type_0,type_1,rel_7,0,0,0,0,train:window_14,0,254579.0
1408.0,darpa_trace:n113669,darpa_trace:n122997,type_0,type_1,rel_7,0,0,0,0,train:window_14,0,254856.0
1409.0,darpa_trace:n113669,darpa_trace:n123326,type_0,type_1,rel_7,0,0,0,0,train:window_14,0,255163.0
1410.0,darpa_trace:n113669,darpa_trace:n123561,type_0,type_1,rel_7,0,0,0,0,train:window_14,0,255385.0
1411.0,darpa_trace:n113669,darpa_trace:n123679,type_0,type_1,rel_7,0,0,0,0,train:window_14,0,255502.0
1412.0,darpa_trace:n113669,darpa_trace:n123705,type_0,type_1,rel_7,0,0,0,0,train:window_14,0,255528.0
1413.0,darpa_trace:n113669,darpa_trace:n124270,type_0,type_1,rel_7,0,0,0,0,train:window_14,0,256072.0
1414.0,darpa_trace:n113669,darpa_trace:n124339,type_0,type_1,rel_7,0,0,0,0,train:window_14,0,256141.0
1415.0,darpa_trace:n113669,darpa_trace:n124626,type_0,type_1,rel_7,0,0,0,0,train:window_14,0,256413.0
1416.0,darpa_trace:n113669,darpa_trace:n124771,type_0,type_1,rel_7,0,0,0,0,train:window_14,0,256550.0
1417.0,darpa_trace:n113669,darpa_trace:n124875,type_0,type_1,rel_7,0,0,0,0,train:window_14,0,256651.0
1418.0,darpa_trace:n113669,darpa_trace:n125379,type_0,type_1,rel_7,0,0,0,0,train:window_14,0,257146.0
1419.0,darpa_trace:n113669,darpa_trace:n125953,type_0,type_1,rel_7,0,0,0,0,train:window_14,0,257690.0
1420.0,darpa_trace:n113669,darpa_trace:n127066,type_0,type_1,rel_7,0,0,0,0,train:window_14,0,258755.0
1421.0,darpa_trace:n113669,darpa_trace:n127560,type_0,type_1,rel_7,0,0,0,0,train:window_14,0,259097.0
1422.0,darpa_trace:n113669,darpa_trace:n127605,type_0,type_1,rel_7,0,0,0,0,train:window_14,0,259141.0
1423.0,darpa_trace:n113669,darpa_trace:n127660,type_0,type_1,rel_7,0,0,0,0,train:window_14,0,259190.0
1424.0,darpa_trace:n113669,darpa_trace:n127683,type_0,type_1,rel_7,0,0,0,0,train:window_14,0,259211.0
1425.0,darpa_trace:n113669,darpa_trace:n127717,type_0,type_1,rel_7,0,0,0,0,train:window_14,0,259244.0
1426.0,darpa_trace:n113669,darpa_trace:n128190,type_0,type_1,rel_7,0,0,0,0,train:window_14,0,259700.0
1427.0,darpa_trace:n113669,darpa_trace:n128241,type_0,type_1,rel_7,0,0,0,0,train:window_14,0,259747.0
1428.0,darpa_trace:n113669,darpa_trace:n128311,type_0,type_1,rel_7,0,0,0,0,train:window_14,0,259810.0
1429.0,darpa_trace:n113669,darpa_trace:n128460,type_0,type_1,rel_7,0,0,0,0,train:window_14,0,259948.0
1430.0,darpa_trace:n113669,darpa_trace:n128842,type_0,type_1,rel_7,0,0,0,0,train:window_14,0,260300.0
1431.0,darpa_trace:n113669,darpa_trace:n128866,type_0,type_1,rel_7,0,0,0,0,train:window_14,0,260321.0
1432.0,darpa_trace:n113669,darpa_trace:n129154,type_0,type_1,rel_7,0,0,0,0,train:window_14,0,260602.0
1433.0,darpa_trace:n113669,darpa_trace:n129429,type_0,type_1,rel_7,0,0,0,0,train:window_14,0,260868.0
1434.0,darpa_trace:n113669,darpa_trace:n129917,type_0,type_1,rel_7,0,0,0,0,train:window_14,0,261333.0
1435.0,darpa_trace:n113669,darpa_trace:n130319,type_0,type_1,rel_7,0,0,0,0,train:window_14,0,261717.0
1436.0,darpa_trace:n113669,darpa_trace:n130325,type_0,type_1,rel_7,0,0,0,0,train:window_14,0,261723.0
1437.0,darpa_trace:n113669,darpa_trace:n130343,type_0,type_1,rel_7,0,0,0,0,train:window_14,0,261739.0
1438.0,darpa_trace:n113669,darpa_trace:n130517,type_0,type_1,rel_7,0,0,0,0,train:window_14,0,261903.0
1439.0,darpa_trace:n113669,darpa_trace:n130604,type_0,type_1,rel_7,0,0,0,0,train:window_14,0,261987.0
1440.0,darpa_trace:n113669,darpa_trace:n130641,type_0,type_1,rel_7,0,0,0,0,train:window_14,0,262024.0
1441.0,darpa_trace:n113669,darpa_trace:n130776,type_0,type_1,rel_7,0,0,0,0,train:window_14,0,262158.0
1442.0,darpa_trace:n113669,darpa_trace:n131285,type_0,type_1,rel_7,0,0,0,0,train:window_14,0,262653.0
1443.0,darpa_trace:n113669,darpa_trace:n131330,type_0,type_1,rel_7,0,0,0,0,train:window_14,0,262694.0
1444.0,darpa_trace:n113669,darpa_trace:n131557,type_0,type_1,rel_7,0,0,0,0,train:window_14,0,262911.0
1445.0,darpa_trace:n113669,darpa_trace:n131650,type_0,type_1,rel_7,0,0,0,0,train:window_14,0,262993.0
1446.0,darpa_trace:n113972,darpa_trace:n113669,type_1,type_0,rel_0,0,0,0,0,train:window_14,0,263609.0
1447.0,darpa_trace:n114186,darpa_trace:n18,type_3,type_0,rel_0,0,0,0,0,train:window_14,0,263823.0
1448.0,darpa_trace:n114218,darpa_trace:n113669,type_1,type_0,rel_0,0,0,0,0,train:window_14,0,263855.0
1449.0,darpa_trace:n114283,darpa_trace:n113669,type_1,type_0,rel_0,0,0,0,0,train:window_14,0,263920.0
1450.0,darpa_trace:n114431,darpa_trace:n113669,type_1,type_0,rel_0,0,0,0,0,train:window_14,0,264068.0
1451.0,darpa_trace:n114499,darpa_trace:n113669,type_1,type_0,rel_0,0,0,0,0,train:window_14,0,264136.0
1452.0,darpa_trace:n114919,darpa_trace:n113669,type_1,type_0,rel_0,0,0,0,0,train:window_14,0,264556.0
1453.0,darpa_trace:n114941,darpa_trace:n113669,type_1,type_0,rel_0,0,0,0,0,train:window_14,0,264578.0
1454.0,darpa_trace:n115006,darpa_trace:n113669,type_1,type_0,rel_0,0,0,0,0,train:window_14,0,264643.0
1455.0,darpa_trace:n115309,darpa_trace:n113669,type_1,type_0,rel_0,0,0,0,0,train:window_14,0,264946.0
1456.0,darpa_trace:n115497,darpa_trace:n113669,type_1,type_0,rel_0,0,0,0,0,train:window_14,0,265134.0
1457.0,darpa_trace:n115551,darpa_trace:n113669,type_1,type_0,rel_0,0,0,0,0,train:window_14,0,265188.0
1458.0,darpa_trace:n115723,darpa_trace:n113669,type_1,type_0,rel_0,0,0,0,0,train:window_14,0,265360.0
1459.0,darpa_trace:n115968,darpa_trace:n113669,type_1,type_0,rel_0,0,0,0,0,train:window_14,0,265604.0
1460.0,darpa_trace:n116400,darpa_trace:n113669,type_1,type_0,rel_0,0,0,0,0,train:window_14,0,266036.0
1461.0,darpa_trace:n116702,darpa_trace:n113669,type_1,type_0,rel_0,0,0,0,0,train:window_14,0,266337.0
1462.0,darpa_trace:n116918,darpa_trace:n113669,type_1,type_0,rel_0,0,0,0,0,train:window_14,0,266552.0
1463.0,darpa_trace:n117134,darpa_trace:n113669,type_1,type_0,rel_0,0,0,0,0,train:window_14,0,266768.0
1464.0,darpa_trace:n117279,darpa_trace:n113669,type_1,type_0,rel_0,0,0,0,0,train:window_14,0,266913.0
1465.0,darpa_trace:n117332,darpa_trace:n113669,type_1,type_0,rel_0,0,0,0,0,train:window_14,0,266966.0
1466.0,darpa_trace:n117353,darpa_trace:n113669,type_1,type_0,rel_0,0,0,0,0,train:window_14,0,266987.0
1467.0,darpa_trace:n117479,darpa_trace:n113669,type_1,type_0,rel_0,0,0,0,0,train:window_14,0,267113.0
1468.0,darpa_trace:n117500,darpa_trace:n113669,type_1,type_0,rel_0,0,0,0,0,train:window_14,0,267134.0
1469.0,darpa_trace:n117635,darpa_trace:n113669,type_1,type_0,rel_0,0,0,0,0,train:window_14,0,267269.0
1470.0,darpa_trace:n117774,darpa_trace:n18,type_3,type_0,rel_0,0,0,0,0,train:window_14,0,267408.0
1471.0,darpa_trace:n117801,darpa_trace:n113669,type_1,type_0,rel_0,0,0,0,0,train:window_14,0,267435.0
1472.0,darpa_trace:n118070,darpa_trace:n113669,type_1,type_0,rel_0,0,0,0,0,train:window_14,0,267704.0
1473.0,darpa_trace:n118198,darpa_trace:n113669,type_1,type_0,rel_0,0,0,0,0,train:window_14,0,267832.0
1474.0,darpa_trace:n118248,darpa_trace:n113669,type_1,type_0,rel_0,0,0,0,0,train:window_14,0,267882.0
1475.0,darpa_trace:n118949,darpa_trace:n113669,type_1,type_0,rel_0,0,0,0,0,train:window_14,0,268583.0
1476.0,darpa_trace:n119344,darpa_trace:n113669,type_1,type_0,rel_0,0,0,0,0,train:window_14,0,268978.0
1477.0,darpa_trace:n119384,darpa_trace:n18,type_3,type_0,rel_0,0,0,0,0,train:window_14,0,269018.0
1478.0,darpa_trace:n119691,darpa_trace:n113669,type_1,type_0,rel_0,0,0,0,0,train:window_14,0,269325.0
1479.0,darpa_trace:n120544,darpa_trace:n113669,type_1,type_0,rel_0,0,0,0,0,train:window_14,0,270178.0
1480.0,darpa_trace:n121113,darpa_trace:n113669,type_1,type_0,rel_0,0,0,0,0,train:window_14,0,270747.0
1481.0,darpa_trace:n121162,darpa_trace:n113669,type_1,type_0,rel_0,0,0,0,0,train:window_14,0,270796.0
1482.0,darpa_trace:n121974,darpa_trace:n113669,type_1,type_0,rel_0,0,0,0,0,train:window_14,0,271607.0
1483.0,darpa_trace:n122148,darpa_trace:n113669,type_1,type_0,rel_0,0,0,0,0,train:window_14,0,271781.0
1484.0,darpa_trace:n122174,darpa_trace:n113669,type_1,type_0,rel_0,0,0,0,0,train:window_14,0,271807.0
1485.0,darpa_trace:n122869,darpa_trace:n113669,type_1,type_0,rel_0,0,0,0,0,train:window_14,0,272502.0
1486.0,darpa_trace:n123328,darpa_trace:n113669,type_1,type_0,rel_0,0,0,0,0,train:window_14,0,272960.0
1487.0,darpa_trace:n123505,darpa_trace:n113669,type_1,type_0,rel_0,0,0,0,0,train:window_14,0,273136.0
1488.0,darpa_trace:n123718,darpa_trace:n113669,type_1,type_0,rel_0,0,0,0,0,train:window_14,0,273349.0
1489.0,darpa_trace:n123783,darpa_trace:n113669,type_1,type_0,rel_0,0,0,0,0,train:window_14,0,273414.0
1490.0,darpa_trace:n124053,darpa_trace:n113669,type_1,type_0,rel_0,0,0,0,0,train:window_14,0,273684.0
1491.0,darpa_trace:n124303,darpa_trace:n113669,type_1,type_0,rel_0,0,0,0,0,train:window_14,0,273934.0
1492.0,darpa_trace:n124447,darpa_trace:n113669,type_1,type_0,rel_0,0,0,0,0,train:window_14,0,274078.0
1493.0,darpa_trace:n125420,darpa_trace:n113669,type_1,type_0,rel_0,0,0,0,0,train:window_14,0,275051.0
1494.0,darpa_trace:n125879,darpa_trace:n113669,type_1,type_0,rel_0,0,0,0,0,train:window_14,0,275510.0
1495.0,darpa_trace:n126481,darpa_trace:n18,type_3,type_0,rel_0,0,0,0,0,train:window_14,0,276112.0
1496.0,darpa_trace:n127187,darpa_trace:n192,type_1,type_0,rel_0,0,0,0,0,train:window_14,0,276817.0
1497.0,darpa_trace:n127404,darpa_trace:n127412,type_0,type_5,rel_11,0,0,0,0,train:window_14,0,277090.0
1498.0,darpa_trace:n127416,darpa_trace:n2379,type_0,type_4,rel_5,1,1,0,1,train:window_14,1,277098.0
1499.0,darpa_trace:n127436,darpa_trace:n113669,type_1,type_0,rel_0,0,0,0,0,train:window_14,0,277117.0
1500.0,darpa_trace:n127538,darpa_trace:n113669,type_1,type_0,rel_0,0,0,0,0,train:window_14,0,277219.0
1501.0,darpa_trace:n127576,darpa_trace:n113669,type_1,type_0,rel_0,0,0,0,0,train:window_15,0,277257.0
1502.0,darpa_trace:n127712,darpa_trace:n113669,type_1,type_0,rel_0,0,0,0,0,train:window_15,0,277393.0
1503.0,darpa_trace:n127873,darpa_trace:n113669,type_1,type_0,rel_0,0,0,0,0,train:window_15,0,277554.0
1504.0,darpa_trace:n128298,darpa_trace:n113669,type_1,type_0,rel_0,0,0,0,0,train:window_15,0,277979.0
1505.0,darpa_trace:n128438,darpa_trace:n113669,type_1,type_0,rel_0,0,0,0,0,train:window_15,0,278119.0
1506.0,darpa_trace:n128631,darpa_trace:n113669,type_1,type_0,rel_0,0,0,0,0,train:window_15,0,278312.0
1507.0,darpa_trace:n128806,darpa_trace:n113669,type_1,type_0,rel_0,0,0,0,0,train:window_15,0,278487.0
1508.0,darpa_trace:n128819,darpa_trace:n113669,type_1,type_0,rel_0,0,0,0,0,train:window_15,0,278500.0
1509.0,darpa_trace:n129330,darpa_trace:n113669,type_1,type_0,rel_0,0,0,0,0,train:window_15,0,279011.0
1510.0,darpa_trace:n129360,darpa_trace:n113669,type_1,type_0,rel_0,0,0,0,0,train:window_15,0,279041.0
1511.0,darpa_trace:n129519,darpa_trace:n113669,type_1,type_0,rel_0,0,0,0,0,train:window_15,0,279200.0
1512.0,darpa_trace:n130251,darpa_trace:n113669,type_1,type_0,rel_0,0,0,0,0,train:window_15,0,279930.0
1513.0,darpa_trace:n130273,darpa_trace:n113669,type_1,type_0,rel_0,0,0,0,0,train:window_15,0,279952.0
1514.0,darpa_trace:n130426,darpa_trace:n113669,type_1,type_0,rel_0,0,0,0,0,train:window_15,0,280105.0
1515.0,darpa_trace:n130466,darpa_trace:n18,type_3,type_0,rel_0,0,0,0,0,train:window_15,0,280145.0
1516.0,darpa_trace:n130511,darpa_trace:n113669,type_1,type_0,rel_0,0,0,0,0,train:window_15,0,280190.0
1517.0,darpa_trace:n130525,darpa_trace:n113669,type_1,type_0,rel_0,0,0,0,0,train:window_15,0,280204.0
1518.0,darpa_trace:n130695,darpa_trace:n113669,type_1,type_0,rel_0,0,0,0,0,train:window_15,0,280374.0
1519.0,darpa_trace:n130860,darpa_trace:n113669,type_1,type_0,rel_0,0,0,0,0,train:window_15,0,280539.0
1520.0,darpa_trace:n130990,darpa_trace:n113669,type_1,type_0,rel_0,0,0,0,0,train:window_15,0,280669.0
1521.0,darpa_trace:n131019,darpa_trace:n113669,type_1,type_0,rel_0,0,0,0,0,train:window_15,0,280698.0
1522.0,darpa_trace:n131140,darpa_trace:n113669,type_1,type_0,rel_0,0,0,0,0,train:window_15,0,280819.0
1523.0,darpa_trace:n131223,darpa_trace:n113669,type_1,type_0,rel_0,0,0,0,0,train:window_15,0,280902.0
1524.0,darpa_trace:n131227,darpa_trace:n113669,type_1,type_0,rel_0,0,0,0,0,train:window_15,0,280906.0
1525.0,darpa_trace:n131361,darpa_trace:n113669,type_1,type_0,rel_0,0,0,0,0,train:window_15,0,281040.0
1526.0,darpa_trace:n131400,darpa_trace:n113669,type_1,type_0,rel_0,0,0,0,0,train:window_15,0,281079.0
1527.0,darpa_trace:n132277,darpa_trace:n132884,type_0,type_5,rel_6,0,0,0,0,train:window_15,0,282569.0
1528.0,darpa_trace:n132421,darpa_trace:n239886,type_4,type_0,rel_2,0,0,0,0,train:window_15,0,282847.0
1529.0,darpa_trace:n132562,darpa_trace:n691865,type_4,type_0,rel_2,0,0,0,0,train:window_15,0,283209.0
1530.0,darpa_trace:n132619,darpa_trace:n717390,type_4,type_0,rel_2,0,0,0,0,train:window_15,0,283505.0
1531.0,darpa_trace:n132627,darpa_trace:n133620,type_4,type_0,rel_2,0,0,0,0,train:window_15,0,283545.0
1532.0,darpa_trace:n133147,darpa_trace:n192,type_1,type_0,rel_0,0,0,0,0,train:window_15,0,284270.0
1533.0,darpa_trace:n133303,darpa_trace:n2315,type_0,type_4,rel_5,1,1,0,1,train:window_15,1,284428.0
1534.0,darpa_trace:n133303,darpa_trace:n133326,type_0,type_5,rel_11,0,0,0,0,train:window_15,0,284448.0
1535.0,darpa_trace:n133303,darpa_trace:n2398,type_0,type_4,rel_5,1,1,0,1,train:window_15,1,284477.0
1536.0,darpa_trace:n133303,darpa_trace:n133401,type_0,type_5,rel_11,0,0,0,0,train:window_15,0,284536.0
1537.0,darpa_trace:n133303,darpa_trace:n133554,type_0,type_5,rel_11,0,0,0,0,train:window_15,0,284719.0
1538.0,darpa_trace:n133620,darpa_trace:n133627,type_0,type_5,rel_6,0,0,0,0,train:window_15,0,284947.0
1539.0,darpa_trace:n133620,darpa_trace:n133634,type_0,type_5,rel_6,0,0,0,0,train:window_15,0,284955.0
1540.0,darpa_trace:n133962,darpa_trace:n133620,type_1,type_0,rel_0,0,0,0,0,train:window_15,0,285436.0
1541.0,darpa_trace:n133983,darpa_trace:n134078,type_0,type_1,rel_1,0,0,0,0,train:window_15,0,285464.0
1542.0,darpa_trace:n133992,darpa_trace:n134125,type_0,type_1,rel_1,0,0,0,0,train:window_15,0,285536.0
1543.0,darpa_trace:n134423,darpa_trace:n133983,type_1,type_0,rel_0,0,0,0,0,train:window_15,0,285918.0
1544.0,darpa_trace:n134482,darpa_trace:n133992,type_1,type_0,rel_0,0,0,0,0,train:window_15,0,285973.0
1545.0,darpa_trace:n134856,darpa_trace:n133983,type_1,type_0,rel_0,0,0,0,0,train:window_15,0,286334.0
1546.0,darpa_trace:n135005,darpa_trace:n190,type_1,type_0,rel_0,0,0,0,0,train:window_15,0,286461.0
1547.0,darpa_trace:n135296,darpa_trace:n192,type_1,type_0,rel_0,0,0,0,0,train:window_15,0,286748.0
1548.0,darpa_trace:n135507,darpa_trace:n18,type_3,type_0,rel_0,0,0,0,0,train:window_15,0,286938.0
1549.0,darpa_trace:n136037,darpa_trace:n136270,type_0,type_5,rel_11,0,0,0,0,train:window_15,0,287738.0
1550.0,darpa_trace:n136374,darpa_trace:n993,type_0,type_2,rel_12,0,0,0,0,train:window_15,0,287991.0
1551.0,darpa_trace:n136374,darpa_trace:n136496,type_0,type_5,rel_11,0,0,0,0,train:window_15,0,288008.0
1552.0,darpa_trace:n136374,darpa_trace:n136916,type_0,type_5,rel_6,0,0,0,0,train:window_15,0,288206.0
1553.0,darpa_trace:n136374,darpa_trace:n137594,type_0,type_1,rel_7,0,0,0,0,train:window_15,0,288591.0
1554.0,darpa_trace:n136374,darpa_trace:n165385,type_0,type_1,rel_7,0,0,0,0,train:window_15,0,288813.0
1555.0,darpa_trace:n136374,darpa_trace:n165563,type_0,type_1,rel_7,0,0,0,0,train:window_15,0,288952.0
1556.0,darpa_trace:n136374,darpa_trace:n181037,type_0,type_1,rel_7,0,0,0,0,train:window_15,0,289165.0
1557.0,darpa_trace:n136374,darpa_trace:n211437,type_0,type_1,rel_7,0,0,0,0,train:window_15,0,289307.0
1558.0,darpa_trace:n136374,darpa_trace:n211741,type_0,type_1,rel_7,0,0,0,0,train:window_15,0,289398.0
1559.0,darpa_trace:n136374,darpa_trace:n241883,type_0,type_1,rel_7,0,0,0,0,train:window_15,0,289855.0
1560.0,darpa_trace:n136374,darpa_trace:n667843,type_0,type_1,rel_7,0,0,0,0,train:window_15,0,290105.0
1561.0,darpa_trace:n136374,darpa_trace:n750832,type_0,type_1,rel_7,0,0,0,0,train:window_15,0,290883.0
1562.0,darpa_trace:n136374,darpa_trace:n751036,type_0,type_1,rel_7,0,0,0,0,train:window_15,0,291044.0
1563.0,darpa_trace:n136459,darpa_trace:n136489,type_0,type_1,rel_1,0,0,0,0,train:window_15,0,291485.0
1564.0,darpa_trace:n136497,darpa_trace:n136781,type_0,type_4,rel_5,0,0,0,0,train:window_15,0,291620.0
1565.0,darpa_trace:n136562,darpa_trace:n718398,type_4,type_0,rel_2,0,0,0,0,train:window_15,0,292018.0
1566.0,darpa_trace:n136589,darpa_trace:n165624,type_4,type_0,rel_2,0,0,0,0,train:window_15,0,292117.0
1567.0,darpa_trace:n136598,darpa_trace:n137761,type_4,type_0,rel_2,0,0,0,0,train:window_15,0,292160.0
1568.0,darpa_trace:n136615,darpa_trace:n718398,type_4,type_0,rel_2,0,0,0,0,train:window_15,0,292237.0
1569.0,darpa_trace:n136619,darpa_trace:n136497,type_4,type_0,rel_2,0,0,0,0,train:window_15,0,292257.0
1570.0,darpa_trace:n137035,darpa_trace:n190,type_1,type_0,rel_0,0,0,0,0,train:window_15,0,292689.0
1571.0,darpa_trace:n137048,darpa_trace:n195,type_1,type_0,rel_0,0,0,0,0,train:window_15,0,292702.0
1572.0,darpa_trace:n137179,darpa_trace:n195,type_1,type_0,rel_0,0,0,0,0,train:window_15,0,292833.0
1573.0,darpa_trace:n137479,darpa_trace:n136374,type_1,type_0,rel_0,0,0,0,0,train:window_15,0,293102.0
1574.0,darpa_trace:n137761,darpa_trace:n2379,type_0,type_4,rel_5,1,1,0,1,train:window_15,1,293411.0
1575.0,darpa_trace:n137761,darpa_trace:n138122,type_0,type_5,rel_11,0,0,0,0,train:window_15,0,293709.0
1576.0,darpa_trace:n137761,darpa_trace:n139021,type_0,type_5,rel_6,0,0,0,0,train:window_15,0,294475.0
1577.0,darpa_trace:n137761,darpa_trace:n139048,type_0,type_5,rel_11,0,0,0,0,train:window_15,0,294511.0
1578.0,darpa_trace:n137761,darpa_trace:n139851,type_0,type_5,rel_11,0,0,0,0,train:window_15,0,295366.0
1579.0,darpa_trace:n137761,darpa_trace:n136420,type_0,type_7,rel_5,0,0,0,0,train:window_15,0,295416.0
1580.0,darpa_trace:n138639,darpa_trace:n146025,type_0,type_1,rel_1,0,0,0,0,train:window_15,0,297032.0
1581.0,darpa_trace:n138639,darpa_trace:n152249,type_0,type_1,rel_1,0,0,0,0,train:window_15,0,297290.0
1582.0,darpa_trace:n138639,darpa_trace:n152365,type_0,type_1,rel_1,0,0,0,0,train:window_15,0,297311.0
1583.0,darpa_trace:n138639,darpa_trace:n153240,type_0,type_1,rel_1,0,0,0,0,train:window_15,0,297405.0
1584.0,darpa_trace:n138639,darpa_trace:n153843,type_0,type_1,rel_1,0,0,0,0,train:window_15,0,297599.0
1585.0,darpa_trace:n138639,darpa_trace:n153872,type_0,type_1,rel_1,0,0,0,0,train:window_15,0,297613.0
1586.0,darpa_trace:n138639,darpa_trace:n154927,type_0,type_1,rel_1,0,0,0,0,train:window_15,0,297980.0
1587.0,darpa_trace:n138639,darpa_trace:n159534,type_0,type_1,rel_1,0,0,0,0,train:window_15,0,298878.0
1588.0,darpa_trace:n138639,darpa_trace:n160054,type_0,type_1,rel_1,0,0,0,0,train:window_15,0,299077.0
1589.0,darpa_trace:n138639,darpa_trace:n161856,type_0,type_1,rel_1,0,0,0,0,train:window_15,0,299766.0
1590.0,darpa_trace:n138639,darpa_trace:n161938,type_0,type_1,rel_1,0,0,0,0,train:window_15,0,299807.0
1591.0,darpa_trace:n138639,darpa_trace:n162809,type_0,type_1,rel_1,0,0,0,0,train:window_15,0,300139.0
1592.0,darpa_trace:n138639,darpa_trace:n162830,type_0,type_1,rel_1,0,0,0,0,train:window_15,0,300149.0
1593.0,darpa_trace:n138639,darpa_trace:n163072,type_0,type_1,rel_1,0,0,0,0,train:window_15,0,300207.0
1594.0,darpa_trace:n138639,darpa_trace:n139136,type_0,type_8,rel_8,0,0,0,0,train:window_15,0,300380.0
1595.0,darpa_trace:n138681,darpa_trace:n693714,type_4,type_0,rel_2,0,0,0,0,train:window_15,0,300722.0
1596.0,darpa_trace:n138692,darpa_trace:n145432,type_4,type_0,rel_2,0,0,0,0,train:window_15,0,300870.0
1597.0,darpa_trace:n138694,darpa_trace:n693714,type_4,type_0,rel_2,0,0,0,0,train:window_15,0,300904.0
1598.0,darpa_trace:n138701,darpa_trace:n140229,type_4,type_0,rel_2,0,0,0,0,train:window_15,0,300995.0
1599.0,darpa_trace:n138704,darpa_trace:n691865,type_4,type_0,rel_2,0,0,0,0,train:window_15,0,301043.0
1600.0,darpa_trace:n138722,darpa_trace:n145432,type_4,type_0,rel_2,0,0,0,0,train:window_15,0,301277.0
1601.0,darpa_trace:n138723,darpa_trace:n669845,type_4,type_0,rel_2,0,0,0,0,train:window_16,0,301295.0
1602.0,darpa_trace:n138731,darpa_trace:n751135,type_4,type_0,rel_2,0,0,0,0,train:window_16,0,301412.0
1603.0,darpa_trace:n138737,darpa_trace:n167468,type_4,type_0,rel_2,0,0,0,0,train:window_16,0,301489.0
1604.0,darpa_trace:n138760,darpa_trace:n752979,type_4,type_0,rel_2,0,0,0,0,train:window_16,0,301806.0
1605.0,darpa_trace:n138767,darpa_trace:n137761,type_4,type_0,rel_2,0,0,0,0,train:window_16,0,301892.0
1606.0,darpa_trace:n138811,darpa_trace:n669845,type_4,type_0,rel_2,0,0,0,0,train:window_16,0,302501.0
1607.0,darpa_trace:n138829,darpa_trace:n691865,type_4,type_0,rel_2,0,0,0,0,train:window_16,0,302754.0
1608.0,darpa_trace:n138854,darpa_trace:n718398,type_4,type_0,rel_2,0,0,0,0,train:window_16,0,303106.0
1609.0,darpa_trace:n138869,darpa_trace:n784062,type_4,type_0,rel_2,0,0,0,0,train:window_16,0,303320.0
1610.0,darpa_trace:n138877,darpa_trace:n720247,type_4,type_0,rel_2,0,0,0,0,train:window_16,0,303429.0
1611.0,darpa_trace:n138895,darpa_trace:n165624,type_4,type_0,rel_2,0,0,0,0,train:window_16,0,303646.0
1612.0,darpa_trace:n138931,darpa_trace:n669845,type_4,type_0,rel_2,0,0,0,0,train:window_16,0,304153.0
1613.0,darpa_trace:n139079,darpa_trace:n139060,type_1,type_0,rel_0,0,0,0,0,train:window_16,0,304416.0
1614.0,darpa_trace:n139141,darpa_trace:n2398,type_0,type_4,rel_5,1,1,0,1,train:window_16,1,304456.0
1615.0,darpa_trace:n139141,darpa_trace:n139186,type_0,type_5,rel_6,0,0,0,0,train:window_16,0,304513.0
1616.0,darpa_trace:n139141,darpa_trace:n3509,type_0,type_4,rel_5,0,0,0,0,train:window_16,0,304519.0
1617.0,darpa_trace:n139259,darpa_trace:n751135,type_4,type_0,rel_2,0,0,0,0,train:window_16,0,304738.0
1618.0,darpa_trace:n139271,darpa_trace:n691865,type_4,type_0,rel_2,0,0,0,0,train:window_16,0,304776.0
1619.0,darpa_trace:n139353,darpa_trace:n151760,type_0,type_4,rel_5,0,0,0,0,train:window_16,0,304894.0
1620.0,darpa_trace:n139804,darpa_trace:n158588,type_0,type_1,rel_6,0,0,0,0,train:window_16,0,305587.0
1621.0,darpa_trace:n139804,darpa_trace:n160205,type_0,type_1,rel_6,0,0,0,0,train:window_16,0,305632.0
1622.0,darpa_trace:n139804,darpa_trace:n162958,type_0,type_1,rel_7,0,0,0,0,train:window_16,0,305681.0
1623.0,darpa_trace:n139804,darpa_trace:n139804,type_0,type_0,rel_3,0,0,0,0,train:window_16,0,305717.0
1624.0,darpa_trace:n140229,darpa_trace:n140359,type_0,type_5,rel_11,0,0,0,0,train:window_16,0,306272.0
1625.0,darpa_trace:n140229,darpa_trace:n138860,type_0,type_4,rel_5,0,0,0,0,train:window_16,0,306844.0
1626.0,darpa_trace:n140555,darpa_trace:n141457,type_0,type_1,rel_1,0,0,0,0,train:window_16,0,307162.0
1627.0,darpa_trace:n141255,darpa_trace:n190,type_1,type_0,rel_0,0,0,0,0,train:window_16,0,307801.0
1628.0,darpa_trace:n141572,darpa_trace:n1013,type_1,type_0,rel_0,0,0,0,0,train:window_16,0,307928.0
1629.0,darpa_trace:n141640,darpa_trace:n142213,type_0,type_1,rel_1,0,0,0,0,train:window_16,0,308286.0
1630.0,darpa_trace:n141640,darpa_trace:n142575,type_0,type_1,rel_1,0,0,0,0,train:window_16,0,308465.0
1631.0,darpa_trace:n141640,darpa_trace:n142689,type_0,type_1,rel_1,0,0,0,0,train:window_16,0,308520.0
1632.0,darpa_trace:n141640,darpa_trace:n142822,type_0,type_1,rel_1,0,0,0,0,train:window_16,0,308585.0
1633.0,darpa_trace:n141640,darpa_trace:n144899,type_0,type_1,rel_1,0,0,0,0,train:window_16,0,309583.0
1634.0,darpa_trace:n141640,darpa_trace:n145334,type_0,type_1,rel_1,0,0,0,0,train:window_16,0,309771.0
1635.0,darpa_trace:n142224,darpa_trace:n141640,type_1,type_0,rel_0,0,0,0,0,train:window_16,0,310062.0
1636.0,darpa_trace:n142281,darpa_trace:n141640,type_1,type_0,rel_0,0,0,0,0,train:window_16,0,310089.0
1637.0,darpa_trace:n142835,darpa_trace:n141640,type_1,type_0,rel_0,0,0,0,0,train:window_16,0,310395.0
1638.0,darpa_trace:n143011,darpa_trace:n141640,type_1,type_0,rel_0,0,0,0,0,train:window_16,0,310486.0
1639.0,darpa_trace:n143021,darpa_trace:n141640,type_1,type_0,rel_0,0,0,0,0,train:window_16,0,310491.0
1640.0,darpa_trace:n143590,darpa_trace:n141640,type_1,type_0,rel_0,0,0,0,0,train:window_16,0,310771.0
1641.0,darpa_trace:n144141,darpa_trace:n141640,type_1,type_0,rel_0,0,0,0,0,train:window_16,0,311038.0
1642.0,darpa_trace:n144257,darpa_trace:n141640,type_1,type_0,rel_0,0,0,0,0,train:window_16,0,311095.0
1643.0,darpa_trace:n145190,darpa_trace:n141640,type_1,type_0,rel_0,0,0,0,0,train:window_16,0,311587.0
1644.0,darpa_trace:n145282,darpa_trace:n151284,type_0,type_3,rel_12,0,0,0,0,train:window_16,0,311651.0
1645.0,darpa_trace:n145410,darpa_trace:n192,type_1,type_0,rel_0,0,0,0,0,train:window_16,0,311796.0
1646.0,darpa_trace:n145432,darpa_trace:n145481,type_0,type_5,rel_6,0,0,0,0,train:window_16,0,311904.0
1647.0,darpa_trace:n145432,darpa_trace:n145627,type_0,type_5,rel_6,0,0,0,0,train:window_16,0,312094.0
1648.0,darpa_trace:n145432,darpa_trace:n138875,type_0,type_4,rel_5,0,0,0,0,train:window_16,0,312593.0
1649.0,darpa_trace:n145432,darpa_trace:n139246,type_0,type_4,rel_5,0,0,0,0,train:window_16,0,312730.0
1650.0,darpa_trace:n145432,darpa_trace:n146305,type_0,type_5,rel_6,0,0,0,0,train:window_16,0,312762.0
1651.0,darpa_trace:n145432,darpa_trace:n141425,type_0,type_4,rel_5,0,0,0,0,train:window_16,0,312848.0
1652.0,darpa_trace:n145764,darpa_trace:n150614,type_0,type_1,rel_1,0,0,0,0,train:window_16,0,313079.0
1653.0,darpa_trace:n145764,darpa_trace:n150893,type_0,type_1,rel_1,0,0,0,0,train:window_16,0,313099.0
1654.0,darpa_trace:n145764,darpa_trace:n153174,type_0,type_1,rel_1,0,0,0,0,train:window_16,0,313257.0
1655.0,darpa_trace:n145764,darpa_trace:n157343,type_0,type_1,rel_1,0,0,0,0,train:window_16,0,313650.0
1656.0,darpa_trace:n145764,darpa_trace:n157781,type_0,type_1,rel_1,0,0,0,0,train:window_16,0,313690.0
1657.0,darpa_trace:n145764,darpa_trace:n158794,type_0,type_1,rel_1,0,0,0,0,train:window_16,0,313889.0
1658.0,darpa_trace:n145764,darpa_trace:n159178,type_0,type_1,rel_1,0,0,0,0,train:window_16,0,313994.0
1659.0,darpa_trace:n145764,darpa_trace:n161165,type_0,type_1,rel_1,0,0,0,0,train:window_16,0,314153.0
1660.0,darpa_trace:n146502,darpa_trace:n147243,type_0,type_1,rel_1,0,0,0,0,train:window_16,0,315243.0
1661.0,darpa_trace:n146502,darpa_trace:n147267,type_0,type_1,rel_1,0,0,0,0,train:window_16,0,315255.0
1662.0,darpa_trace:n146502,darpa_trace:n148228,type_0,type_1,rel_1,0,0,0,0,train:window_16,0,315755.0
1663.0,darpa_trace:n146502,darpa_trace:n148675,type_0,type_1,rel_1,0,0,0,0,train:window_16,0,315988.0
1664.0,darpa_trace:n146502,darpa_trace:n148923,type_0,type_1,rel_1,0,0,0,0,train:window_16,0,316101.0
1665.0,darpa_trace:n146502,darpa_trace:n151860,type_0,type_1,rel_1,0,0,0,0,train:window_16,0,316830.0
1666.0,darpa_trace:n146502,darpa_trace:n152585,type_0,type_1,rel_1,0,0,0,0,train:window_16,0,316968.0
1667.0,darpa_trace:n146502,darpa_trace:n163465,type_0,type_1,rel_1,0,0,0,0,train:window_16,0,317777.0
1668.0,darpa_trace:n146827,darpa_trace:n146502,type_1,type_0,rel_0,0,0,0,0,train:window_16,0,318016.0
1669.0,darpa_trace:n147053,darpa_trace:n146502,type_1,type_0,rel_0,0,0,0,0,train:window_16,0,318129.0
1670.0,darpa_trace:n147435,darpa_trace:n146502,type_1,type_0,rel_0,0,0,0,0,train:window_16,0,318319.0
1671.0,darpa_trace:n148131,darpa_trace:n146502,type_1,type_0,rel_0,0,0,0,0,train:window_16,0,318666.0
1672.0,darpa_trace:n149373,darpa_trace:n146502,type_1,type_0,rel_0,0,0,0,0,train:window_16,0,319309.0
1673.0,darpa_trace:n150052,darpa_trace:n138639,type_1,type_0,rel_0,0,0,0,0,train:window_16,0,319666.0
1674.0,darpa_trace:n150798,darpa_trace:n195,type_1,type_0,rel_0,0,0,0,0,train:window_16,0,320187.0
1675.0,darpa_trace:n151264,darpa_trace:n18,type_3,type_0,rel_0,0,0,0,0,train:window_16,0,320526.0
1676.0,darpa_trace:n151617,darpa_trace:n18,type_3,type_0,rel_0,0,0,0,0,train:window_16,0,320759.0
1677.0,darpa_trace:n151619,darpa_trace:n145282,type_3,type_0,rel_0,0,0,0,0,train:window_16,0,320761.0
1678.0,darpa_trace:n151660,darpa_trace:n18,type_3,type_0,rel_0,0,0,0,0,train:window_16,0,320800.0
1679.0,darpa_trace:n152630,darpa_trace:n146502,type_1,type_0,rel_0,0,0,0,0,train:window_16,0,321444.0
1680.0,darpa_trace:n153083,darpa_trace:n145764,type_1,type_0,rel_0,0,0,0,0,train:window_16,0,321696.0
1681.0,darpa_trace:n153333,darpa_trace:n190,type_1,type_0,rel_0,0,0,0,0,train:window_16,0,321850.0
1682.0,darpa_trace:n154239,darpa_trace:n146502,type_1,type_0,rel_0,0,0,0,0,train:window_16,0,322237.0
1683.0,darpa_trace:n154559,darpa_trace:n145764,type_1,type_0,rel_0,0,0,0,0,train:window_16,0,322364.0
1684.0,darpa_trace:n154763,darpa_trace:n146502,type_1,type_0,rel_0,0,0,0,0,train:window_16,0,322468.0
1685.0,darpa_trace:n155412,darpa_trace:n18,type_3,type_0,rel_0,0,0,0,0,train:window_16,0,322804.0
1686.0,darpa_trace:n155494,darpa_trace:n190,type_1,type_0,rel_0,0,0,0,0,train:window_16,0,322859.0
1687.0,darpa_trace:n156950,darpa_trace:n138639,type_1,type_0,rel_0,0,0,0,0,train:window_16,0,323626.0
1688.0,darpa_trace:n157214,darpa_trace:n138639,type_1,type_0,rel_0,0,0,0,0,train:window_16,0,323781.0
1689.0,darpa_trace:n157456,darpa_trace:n145764,type_1,type_0,rel_0,0,0,0,0,train:window_16,0,323900.0
1690.0,darpa_trace:n157491,darpa_trace:n145764,type_1,type_0,rel_0,0,0,0,0,train:window_16,0,323916.0
1691.0,darpa_trace:n158745,darpa_trace:n145764,type_1,type_0,rel_0,0,0,0,0,train:window_16,0,324518.0
1692.0,darpa_trace:n159340,darpa_trace:n719636,type_4,type_0,rel_2,0,0,0,0,train:window_16,0,324795.0
1693.0,darpa_trace:n159701,darpa_trace:n145764,type_1,type_0,rel_0,0,0,0,0,train:window_16,0,324979.0
1694.0,darpa_trace:n159777,darpa_trace:n145764,type_1,type_0,rel_0,0,0,0,0,train:window_16,0,325015.0
1695.0,darpa_trace:n159874,darpa_trace:n145764,type_1,type_0,rel_0,0,0,0,0,train:window_16,0,325063.0
1696.0,darpa_trace:n160137,darpa_trace:n145764,type_1,type_0,rel_0,0,0,0,0,train:window_16,0,325204.0
1697.0,darpa_trace:n160357,darpa_trace:n145764,type_1,type_0,rel_0,0,0,0,0,train:window_16,0,325310.0
1698.0,darpa_trace:n160908,darpa_trace:n145764,type_1,type_0,rel_0,0,0,0,0,train:window_16,0,325588.0
1699.0,darpa_trace:n161166,darpa_trace:n138639,type_1,type_0,rel_0,0,0,0,0,train:window_16,0,325724.0
1700.0,darpa_trace:n161351,darpa_trace:n145764,type_1,type_0,rel_0,0,0,0,0,train:window_16,0,325811.0
1701.0,darpa_trace:n161772,darpa_trace:n138639,type_1,type_0,rel_0,0,0,0,0,train:window_17,0,326022.0
1702.0,darpa_trace:n162081,darpa_trace:n145764,type_1,type_0,rel_0,0,0,0,0,train:window_17,0,326175.0
1703.0,darpa_trace:n163081,darpa_trace:n145764,type_1,type_0,rel_0,0,0,0,0,train:window_17,0,326697.0
1704.0,darpa_trace:n163370,darpa_trace:n146502,type_1,type_0,rel_0,0,0,0,0,train:window_17,0,326829.0
1705.0,darpa_trace:n163478,darpa_trace:n146502,type_1,type_0,rel_0,0,0,0,0,train:window_17,0,326883.0
1706.0,darpa_trace:n163534,darpa_trace:n146502,type_1,type_0,rel_0,0,0,0,0,train:window_17,0,326911.0
1707.0,darpa_trace:n164154,darpa_trace:n195,type_1,type_0,rel_0,0,0,0,0,train:window_17,0,327308.0
1708.0,darpa_trace:n165624,darpa_trace:n165943,type_0,type_5,rel_11,0,0,0,0,train:window_17,0,328905.0
1709.0,darpa_trace:n165624,darpa_trace:n138698,type_0,type_4,rel_5,0,0,0,0,train:window_17,0,329376.0
1710.0,darpa_trace:n165624,darpa_trace:n166532,type_0,type_5,rel_11,0,0,0,0,train:window_17,0,329680.0
1711.0,darpa_trace:n165624,darpa_trace:n136643,type_0,type_7,rel_5,0,0,0,0,train:window_17,0,329846.0
1712.0,darpa_trace:n165624,darpa_trace:n136725,type_0,type_7,rel_5,0,0,0,0,train:window_17,0,329913.0
1713.0,darpa_trace:n165624,darpa_trace:n167207,type_0,type_5,rel_6,0,0,0,0,train:window_17,0,330570.0
1714.0,darpa_trace:n165624,darpa_trace:n139949,type_0,type_4,rel_5,0,0,0,0,train:window_17,0,330680.0
1715.0,darpa_trace:n165624,darpa_trace:n666658,type_0,type_5,rel_6,0,0,0,0,train:window_17,0,330931.0
1716.0,darpa_trace:n166042,darpa_trace:n166413,type_0,type_5,rel_6,0,0,0,0,train:window_17,0,331336.0
1717.0,darpa_trace:n166258,darpa_trace:n165624,type_1,type_0,rel_0,0,0,0,0,train:window_17,0,331512.0
1718.0,darpa_trace:n166352,darpa_trace:n165624,type_1,type_0,rel_0,0,0,0,0,train:window_17,0,331606.0
1719.0,darpa_trace:n166441,darpa_trace:n173530,type_0,type_1,rel_1,0,0,0,0,train:window_17,0,331824.0
1720.0,darpa_trace:n166441,darpa_trace:n173668,type_0,type_1,rel_1,0,0,0,0,train:window_17,0,331840.0
1721.0,darpa_trace:n166441,darpa_trace:n174301,type_0,type_1,rel_1,0,0,0,0,train:window_17,0,331924.0
1722.0,darpa_trace:n166441,darpa_trace:n174777,type_0,type_1,rel_1,0,0,0,0,train:window_17,0,332018.0
1723.0,darpa_trace:n166441,darpa_trace:n174953,type_0,type_1,rel_1,0,0,0,0,train:window_17,0,332043.0
1724.0,darpa_trace:n166441,darpa_trace:n174992,type_0,type_1,rel_1,0,0,0,0,train:window_17,0,332049.0
1725.0,darpa_trace:n166441,darpa_trace:n180783,type_0,type_1,rel_1,0,0,0,0,train:window_17,0,334036.0
1726.0,darpa_trace:n166441,darpa_trace:n185563,type_0,type_1,rel_1,0,0,0,0,train:window_17,0,334973.0
1727.0,darpa_trace:n166441,darpa_trace:n186215,type_0,type_1,rel_1,0,0,0,0,train:window_17,0,335240.0
1728.0,darpa_trace:n166441,darpa_trace:n186223,type_0,type_1,rel_1,0,0,0,0,train:window_17,0,335243.0
1729.0,darpa_trace:n166441,darpa_trace:n186826,type_0,type_1,rel_1,0,0,0,0,train:window_17,0,335406.0
1730.0,darpa_trace:n166441,darpa_trace:n188376,type_0,type_1,rel_1,0,0,0,0,train:window_17,0,335732.0
1731.0,darpa_trace:n166441,darpa_trace:n188771,type_0,type_1,rel_1,0,0,0,0,train:window_17,0,335791.0
1732.0,darpa_trace:n166441,darpa_trace:n188778,type_0,type_1,rel_1,0,0,0,0,train:window_17,0,335793.0
1733.0,darpa_trace:n166441,darpa_trace:n189083,type_0,type_1,rel_1,0,0,0,0,train:window_17,0,335931.0
1734.0,darpa_trace:n166441,darpa_trace:n189989,type_0,type_1,rel_1,0,0,0,0,train:window_17,0,336221.0
1735.0,darpa_trace:n166441,darpa_trace:n190233,type_0,type_1,rel_1,0,0,0,0,train:window_17,0,336327.0
1736.0,darpa_trace:n166441,darpa_trace:n190427,type_0,type_1,rel_1,0,0,0,0,train:window_17,0,336416.0
1737.0,darpa_trace:n166441,darpa_trace:n191477,type_0,type_1,rel_1,0,0,0,0,train:window_17,0,336901.0
1738.0,darpa_trace:n166441,darpa_trace:n193644,type_0,type_1,rel_1,0,0,0,0,train:window_17,0,337396.0
1739.0,darpa_trace:n166441,darpa_trace:n193794,type_0,type_1,rel_1,0,0,0,0,train:window_17,0,337466.0
1740.0,darpa_trace:n166441,darpa_trace:n193986,type_0,type_1,rel_1,0,0,0,0,train:window_17,0,337555.0
1741.0,darpa_trace:n166441,darpa_trace:n194219,type_0,type_1,rel_1,0,0,0,0,train:window_17,0,337656.0
1742.0,darpa_trace:n166441,darpa_trace:n195102,type_0,type_1,rel_1,0,0,0,0,train:window_17,0,338069.0
1743.0,darpa_trace:n166441,darpa_trace:n196450,type_0,type_1,rel_1,0,0,0,0,train:window_17,0,338494.0
1744.0,darpa_trace:n166441,darpa_trace:n198272,type_0,type_1,rel_1,0,0,0,0,train:window_17,0,339331.0
1745.0,darpa_trace:n166441,darpa_trace:n199969,type_0,type_1,rel_1,0,0,0,0,train:window_17,0,339828.0
1746.0,darpa_trace:n166441,darpa_trace:n200433,type_0,type_1,rel_1,0,0,0,0,train:window_17,0,339993.0
1747.0,darpa_trace:n166441,darpa_trace:n200559,type_0,type_1,rel_1,0,0,0,0,train:window_17,0,340033.0
1748.0,darpa_trace:n166441,darpa_trace:n202128,type_0,type_1,rel_1,0,0,0,0,train:window_17,0,340394.0
1749.0,darpa_trace:n166441,darpa_trace:n202394,type_0,type_1,rel_1,0,0,0,0,train:window_17,0,340515.0
1750.0,darpa_trace:n166441,darpa_trace:n204324,type_0,type_1,rel_1,0,0,0,0,train:window_17,0,341230.0
1751.0,darpa_trace:n166441,darpa_trace:n206696,type_0,type_1,rel_1,0,0,0,0,train:window_17,0,342306.0
1752.0,darpa_trace:n166441,darpa_trace:n208248,type_0,type_1,rel_1,0,0,0,0,train:window_17,0,342957.0
1753.0,darpa_trace:n166441,darpa_trace:n208562,type_0,type_1,rel_1,0,0,0,0,train:window_17,0,343026.0
1754.0,darpa_trace:n166441,darpa_trace:n209601,type_0,type_1,rel_1,0,0,0,0,train:window_17,0,343261.0
1755.0,darpa_trace:n166441,darpa_trace:n210145,type_0,type_1,rel_1,0,0,0,0,train:window_17,0,343412.0
1756.0,darpa_trace:n166441,darpa_trace:n210468,type_0,type_1,rel_1,0,0,0,0,train:window_17,0,343561.0
1757.0,darpa_trace:n166441,darpa_trace:n211618,type_0,type_1,rel_1,0,0,0,0,train:window_17,0,343738.0
1758.0,darpa_trace:n166441,darpa_trace:n211811,type_0,type_1,rel_1,0,0,0,0,train:window_17,0,343824.0
1759.0,darpa_trace:n166441,darpa_trace:n211859,type_0,type_1,rel_1,0,0,0,0,train:window_17,0,343846.0
1760.0,darpa_trace:n166441,darpa_trace:n212677,type_0,type_1,rel_1,0,0,0,0,train:window_17,0,344154.0
1761.0,darpa_trace:n166441,darpa_trace:n216876,type_0,type_1,rel_1,0,0,0,0,train:window_17,0,344885.0
1762.0,darpa_trace:n166441,darpa_trace:n216940,type_0,type_1,rel_1,0,0,0,0,train:window_17,0,344916.0
1763.0,darpa_trace:n166441,darpa_trace:n221016,type_0,type_1,rel_1,0,0,0,0,train:window_17,0,346065.0
1764.0,darpa_trace:n166441,darpa_trace:n221902,type_0,type_1,rel_1,0,0,0,0,train:window_17,0,346470.0
1765.0,darpa_trace:n166441,darpa_trace:n222421,type_0,type_1,rel_1,0,0,0,0,train:window_17,0,346708.0
1766.0,darpa_trace:n166441,darpa_trace:n224740,type_0,type_1,rel_1,0,0,0,0,train:window_17,0,347315.0
1767.0,darpa_trace:n166441,darpa_trace:n224927,type_0,type_1,rel_1,0,0,0,0,train:window_17,0,347405.0
1768.0,darpa_trace:n166441,darpa_trace:n224946,type_0,type_1,rel_1,0,0,0,0,train:window_17,0,347414.0
1769.0,darpa_trace:n166441,darpa_trace:n225144,type_0,type_1,rel_1,0,0,0,0,train:window_17,0,347505.0
1770.0,darpa_trace:n166441,darpa_trace:n225299,type_0,type_1,rel_1,0,0,0,0,train:window_17,0,347575.0
1771.0,darpa_trace:n166441,darpa_trace:n225374,type_0,type_1,rel_1,0,0,0,0,train:window_17,0,347611.0
1772.0,darpa_trace:n166441,darpa_trace:n227420,type_0,type_1,rel_1,0,0,0,0,train:window_17,0,348378.0
1773.0,darpa_trace:n166441,darpa_trace:n228257,type_0,type_1,rel_1,0,0,0,0,train:window_17,0,348720.0
1774.0,darpa_trace:n166441,darpa_trace:n228628,type_0,type_1,rel_1,0,0,0,0,train:window_17,0,348888.0
1775.0,darpa_trace:n166441,darpa_trace:n229159,type_0,type_1,rel_1,0,0,0,0,train:window_17,0,349059.0
1776.0,darpa_trace:n166441,darpa_trace:n229952,type_0,type_1,rel_1,0,0,0,0,train:window_17,0,349427.0
1777.0,darpa_trace:n166441,darpa_trace:n230022,type_0,type_1,rel_1,0,0,0,0,train:window_17,0,349459.0
1778.0,darpa_trace:n166441,darpa_trace:n230653,type_0,type_1,rel_1,0,0,0,0,train:window_17,0,349685.0
1779.0,darpa_trace:n166441,darpa_trace:n230740,type_0,type_1,rel_1,0,0,0,0,train:window_17,0,349727.0
1780.0,darpa_trace:n166441,darpa_trace:n231770,type_0,type_1,rel_1,0,0,0,0,train:window_17,0,349981.0
1781.0,darpa_trace:n166441,darpa_trace:n232371,type_0,type_1,rel_1,0,0,0,0,train:window_17,0,350142.0
1782.0,darpa_trace:n166441,darpa_trace:n233677,type_0,type_1,rel_1,0,0,0,0,train:window_17,0,350522.0
1783.0,darpa_trace:n166441,darpa_trace:n234755,type_0,type_1,rel_1,0,0,0,0,train:window_17,0,350923.0
1784.0,darpa_trace:n166441,darpa_trace:n234977,type_0,type_1,rel_1,0,0,0,0,train:window_17,0,351026.0
1785.0,darpa_trace:n166441,darpa_trace:n236760,type_0,type_1,rel_1,0,0,0,0,train:window_17,0,351816.0
1786.0,darpa_trace:n166441,darpa_trace:n236779,type_0,type_1,rel_1,0,0,0,0,train:window_17,0,351825.0
1787.0,darpa_trace:n166441,darpa_trace:n237436,type_0,type_1,rel_1,0,0,0,0,train:window_17,0,352127.0
1788.0,darpa_trace:n166441,darpa_trace:n237643,type_0,type_1,rel_1,0,0,0,0,train:window_17,0,352220.0
1789.0,darpa_trace:n166441,darpa_trace:n238747,type_0,type_1,rel_1,0,0,0,0,train:window_17,0,352481.0
1790.0,darpa_trace:n166441,darpa_trace:n240282,type_0,type_1,rel_1,0,0,0,0,train:window_17,0,352772.0
1791.0,darpa_trace:n166441,darpa_trace:n240716,type_0,type_1,rel_1,0,0,0,0,train:window_17,0,352797.0
1792.0,darpa_trace:n166441,darpa_trace:n241595,type_0,type_1,rel_1,0,0,0,0,train:window_17,0,353131.0
1793.0,darpa_trace:n166441,darpa_trace:n241908,type_0,type_1,rel_1,0,0,0,0,train:window_17,0,353265.0
1794.0,darpa_trace:n166441,darpa_trace:n242228,type_0,type_1,rel_1,0,0,0,0,train:window_17,0,353391.0
1795.0,darpa_trace:n166441,darpa_trace:n247005,type_0,type_1,rel_1,0,0,0,0,train:window_17,0,354305.0
1796.0,darpa_trace:n166441,darpa_trace:n247254,type_0,type_1,rel_1,0,0,0,0,train:window_17,0,354348.0
1797.0,darpa_trace:n166441,darpa_trace:n247361,type_0,type_1,rel_1,0,0,0,0,train:window_17,0,354364.0
1798.0,darpa_trace:n166441,darpa_trace:n248009,type_0,type_1,rel_1,0,0,0,0,train:window_17,0,354526.0
1799.0,darpa_trace:n166441,darpa_trace:n248283,type_0,type_1,rel_1,0,0,0,0,train:window_17,0,354647.0
1800.0,darpa_trace:n166441,darpa_trace:n248557,type_0,type_1,rel_1,0,0,0,0,train:window_17,0,354758.0
1801.0,darpa_trace:n166441,darpa_trace:n248627,type_0,type_1,rel_1,0,0,0,0,train:window_18,0,354790.0
1802.0,darpa_trace:n166441,darpa_trace:n248723,type_0,type_1,rel_1,0,0,0,0,train:window_18,0,354830.0
1803.0,darpa_trace:n166441,darpa_trace:n249708,type_0,type_1,rel_1,0,0,0,0,train:window_18,0,355160.0
1804.0,darpa_trace:n166441,darpa_trace:n250894,type_0,type_1,rel_1,0,0,0,0,train:window_18,0,355661.0
1805.0,darpa_trace:n166441,darpa_trace:n250966,type_0,type_1,rel_1,0,0,0,0,train:window_18,0,355678.0
1806.0,darpa_trace:n166441,darpa_trace:n251002,type_0,type_1,rel_1,0,0,0,0,train:window_18,0,355695.0
1807.0,darpa_trace:n166441,darpa_trace:n251019,type_0,type_1,rel_1,0,0,0,0,train:window_18,0,355698.0
1808.0,darpa_trace:n166441,darpa_trace:n251622,type_0,type_1,rel_1,0,0,0,0,train:window_18,0,355960.0
1809.0,darpa_trace:n166441,darpa_trace:n251958,type_0,type_1,rel_1,0,0,0,0,train:window_18,0,356109.0
1810.0,darpa_trace:n166441,darpa_trace:n252080,type_0,type_1,rel_1,0,0,0,0,train:window_18,0,356160.0
1811.0,darpa_trace:n166441,darpa_trace:n252808,type_0,type_1,rel_1,0,0,0,0,train:window_18,0,356471.0
1812.0,darpa_trace:n166441,darpa_trace:n253272,type_0,type_1,rel_1,0,0,0,0,train:window_18,0,356679.0
1813.0,darpa_trace:n166441,darpa_trace:n254670,type_0,type_1,rel_1,0,0,0,0,train:window_18,0,357186.0
1814.0,darpa_trace:n166441,darpa_trace:n255285,type_0,type_1,rel_1,0,0,0,0,train:window_18,0,357362.0
1815.0,darpa_trace:n166441,darpa_trace:n255314,type_0,type_1,rel_1,0,0,0,0,train:window_18,0,357374.0
1816.0,darpa_trace:n166441,darpa_trace:n257044,type_0,type_1,rel_1,0,0,0,0,train:window_18,0,357775.0
1817.0,darpa_trace:n166441,darpa_trace:n257798,type_0,type_1,rel_1,0,0,0,0,train:window_18,0,358024.0
1818.0,darpa_trace:n166441,darpa_trace:n258348,type_0,type_1,rel_1,0,0,0,0,train:window_18,0,358236.0
1819.0,darpa_trace:n166441,darpa_trace:n259862,type_0,type_1,rel_1,0,0,0,0,train:window_18,0,358702.0
1820.0,darpa_trace:n166441,darpa_trace:n260102,type_0,type_1,rel_1,0,0,0,0,train:window_18,0,358718.0
1821.0,darpa_trace:n166441,darpa_trace:n262576,type_0,type_1,rel_1,0,0,0,0,train:window_18,0,359146.0
1822.0,darpa_trace:n166441,darpa_trace:n263430,type_0,type_1,rel_1,0,0,0,0,train:window_18,0,359519.0
1823.0,darpa_trace:n166441,darpa_trace:n263714,type_0,type_1,rel_1,0,0,0,0,train:window_18,0,359641.0
1824.0,darpa_trace:n166441,darpa_trace:n263824,type_0,type_1,rel_1,0,0,0,0,train:window_18,0,359687.0
1825.0,darpa_trace:n166441,darpa_trace:n268941,type_0,type_1,rel_1,0,0,0,0,train:window_18,0,360545.0
1826.0,darpa_trace:n166441,darpa_trace:n272224,type_0,type_1,rel_1,0,0,0,0,train:window_18,0,360795.0
1827.0,darpa_trace:n166441,darpa_trace:n276030,type_0,type_1,rel_1,0,0,0,0,train:window_18,0,361063.0
1828.0,darpa_trace:n166441,darpa_trace:n283059,type_0,type_1,rel_1,0,0,0,0,train:window_18,0,361734.0
1829.0,darpa_trace:n166441,darpa_trace:n330200,type_0,type_1,rel_1,0,0,0,0,train:window_18,0,362902.0
1830.0,darpa_trace:n166441,darpa_trace:n331477,type_0,type_1,rel_1,0,0,0,0,train:window_18,0,363049.0
1831.0,darpa_trace:n166441,darpa_trace:n331569,type_0,type_1,rel_1,0,0,0,0,train:window_18,0,363092.0
1832.0,darpa_trace:n166441,darpa_trace:n331823,type_0,type_1,rel_1,0,0,0,0,train:window_18,0,363210.0
1833.0,darpa_trace:n166441,darpa_trace:n334689,type_0,type_1,rel_1,0,0,0,0,train:window_18,0,363316.0
1834.0,darpa_trace:n166441,darpa_trace:n335004,type_0,type_1,rel_1,0,0,0,0,train:window_18,0,363400.0
1835.0,darpa_trace:n166441,darpa_trace:n337244,type_0,type_1,rel_1,0,0,0,0,train:window_18,0,364277.0
1836.0,darpa_trace:n166441,darpa_trace:n337778,type_0,type_1,rel_1,0,0,0,0,train:window_18,0,364525.0
1837.0,darpa_trace:n166441,darpa_trace:n338097,type_0,type_1,rel_1,0,0,0,0,train:window_18,0,364668.0
1838.0,darpa_trace:n166441,darpa_trace:n338676,type_0,type_1,rel_1,0,0,0,0,train:window_18,0,364945.0
1839.0,darpa_trace:n166441,darpa_trace:n339445,type_0,type_1,rel_1,0,0,0,0,train:window_18,0,365308.0
1840.0,darpa_trace:n166441,darpa_trace:n339618,type_0,type_1,rel_1,0,0,0,0,train:window_18,0,365390.0
1841.0,darpa_trace:n166441,darpa_trace:n339883,type_0,type_1,rel_1,0,0,0,0,train:window_18,0,365512.0
1842.0,darpa_trace:n166441,darpa_trace:n340839,type_0,type_1,rel_1,0,0,0,0,train:window_18,0,365972.0
1843.0,darpa_trace:n166441,darpa_trace:n341567,type_0,type_1,rel_1,0,0,0,0,train:window_18,0,366211.0
1844.0,darpa_trace:n166441,darpa_trace:n341569,type_0,type_1,rel_1,0,0,0,0,train:window_18,0,366212.0
1845.0,darpa_trace:n166441,darpa_trace:n341863,type_0,type_1,rel_1,0,0,0,0,train:window_18,0,366345.0
1846.0,darpa_trace:n166441,darpa_trace:n343274,type_0,type_1,rel_1,0,0,0,0,train:window_18,0,367013.0
1847.0,darpa_trace:n166441,darpa_trace:n344282,type_0,type_1,rel_1,0,0,0,0,train:window_18,0,367484.0
1848.0,darpa_trace:n166441,darpa_trace:n344476,type_0,type_1,rel_1,0,0,0,0,train:window_18,0,367578.0
1849.0,darpa_trace:n166441,darpa_trace:n344548,type_0,type_1,rel_1,0,0,0,0,train:window_18,0,367614.0
1850.0,darpa_trace:n166441,darpa_trace:n344761,type_0,type_1,rel_1,0,0,0,0,train:window_18,0,367717.0
1851.0,darpa_trace:n166441,darpa_trace:n345063,type_0,type_1,rel_1,0,0,0,0,train:window_18,0,367864.0
1852.0,darpa_trace:n166441,darpa_trace:n347338,type_0,type_1,rel_1,0,0,0,0,train:window_18,0,368838.0
1853.0,darpa_trace:n166441,darpa_trace:n347646,type_0,type_1,rel_1,0,0,0,0,train:window_18,0,368982.0
1854.0,darpa_trace:n166441,darpa_trace:n347817,type_0,type_1,rel_1,0,0,0,0,train:window_18,0,369062.0
1855.0,darpa_trace:n166441,darpa_trace:n348248,type_0,type_1,rel_1,0,0,0,0,train:window_18,0,369268.0
1856.0,darpa_trace:n166441,darpa_trace:n349002,type_0,type_1,rel_1,0,0,0,0,train:window_18,0,369631.0
1857.0,darpa_trace:n166441,darpa_trace:n349144,type_0,type_1,rel_1,0,0,0,0,train:window_18,0,369702.0
1858.0,darpa_trace:n166441,darpa_trace:n349998,type_0,type_1,rel_1,0,0,0,0,train:window_18,0,369990.0
1859.0,darpa_trace:n166441,darpa_trace:n350043,type_0,type_1,rel_1,0,0,0,0,train:window_18,0,370011.0
1860.0,darpa_trace:n166441,darpa_trace:n352373,type_0,type_1,rel_1,0,0,0,0,train:window_18,0,371107.0
1861.0,darpa_trace:n166441,darpa_trace:n352381,type_0,type_1,rel_1,0,0,0,0,train:window_18,0,371111.0
1862.0,darpa_trace:n166441,darpa_trace:n352612,type_0,type_1,rel_1,0,0,0,0,train:window_18,0,371218.0
1863.0,darpa_trace:n166441,darpa_trace:n354710,type_0,type_1,rel_1,0,0,0,0,train:window_18,0,372114.0
1864.0,darpa_trace:n166441,darpa_trace:n354752,type_0,type_1,rel_1,0,0,0,0,train:window_18,0,372135.0
1865.0,darpa_trace:n166441,darpa_trace:n355027,type_0,type_1,rel_1,0,0,0,0,train:window_18,0,372266.0
1866.0,darpa_trace:n166441,darpa_trace:n355769,type_0,type_1,rel_1,0,0,0,0,train:window_18,0,372626.0
1867.0,darpa_trace:n166441,darpa_trace:n356077,type_0,type_1,rel_1,0,0,0,0,train:window_18,0,372775.0
1868.0,darpa_trace:n166441,darpa_trace:n356252,type_0,type_1,rel_1,0,0,0,0,train:window_18,0,372857.0
1869.0,darpa_trace:n166441,darpa_trace:n356660,type_0,type_1,rel_1,0,0,0,0,train:window_18,0,373050.0
1870.0,darpa_trace:n166441,darpa_trace:n356818,type_0,type_1,rel_1,0,0,0,0,train:window_18,0,373125.0
1871.0,darpa_trace:n166441,darpa_trace:n357318,type_0,type_1,rel_1,0,0,0,0,train:window_18,0,373361.0
1872.0,darpa_trace:n166441,darpa_trace:n357328,type_0,type_1,rel_1,0,0,0,0,train:window_18,0,373366.0
1873.0,darpa_trace:n166441,darpa_trace:n357501,type_0,type_1,rel_1,0,0,0,0,train:window_18,0,373451.0
1874.0,darpa_trace:n166441,darpa_trace:n357623,type_0,type_1,rel_1,0,0,0,0,train:window_18,0,373511.0
1875.0,darpa_trace:n166441,darpa_trace:n357733,type_0,type_1,rel_1,0,0,0,0,train:window_18,0,373564.0
1876.0,darpa_trace:n166441,darpa_trace:n358082,type_0,type_1,rel_1,0,0,0,0,train:window_18,0,373729.0
1877.0,darpa_trace:n166441,darpa_trace:n358240,type_0,type_1,rel_1,0,0,0,0,train:window_18,0,373800.0
1878.0,darpa_trace:n166441,darpa_trace:n358270,type_0,type_1,rel_1,0,0,0,0,train:window_18,0,373815.0
1879.0,darpa_trace:n166441,darpa_trace:n358660,type_0,type_1,rel_1,0,0,0,0,train:window_18,0,373893.0
1880.0,darpa_trace:n166441,darpa_trace:n358675,type_0,type_1,rel_1,0,0,0,0,train:window_18,0,373900.0
1881.0,darpa_trace:n166441,darpa_trace:n359589,type_0,type_1,rel_1,0,0,0,0,train:window_18,0,374339.0
1882.0,darpa_trace:n166441,darpa_trace:n359969,type_0,type_1,rel_1,0,0,0,0,train:window_18,0,374512.0
1883.0,darpa_trace:n166441,darpa_trace:n360410,type_0,type_1,rel_1,0,0,0,0,train:window_18,0,374721.0
1884.0,darpa_trace:n166441,darpa_trace:n361179,type_0,type_1,rel_1,0,0,0,0,train:window_18,0,375082.0
1885.0,darpa_trace:n166441,darpa_trace:n361249,type_0,type_1,rel_1,0,0,0,0,train:window_18,0,375116.0
1886.0,darpa_trace:n166441,darpa_trace:n362753,type_0,type_1,rel_1,0,0,0,0,train:window_18,0,375719.0
1887.0,darpa_trace:n166441,darpa_trace:n363350,type_0,type_1,rel_1,0,0,0,0,train:window_18,0,376010.0
1888.0,darpa_trace:n166441,darpa_trace:n363570,type_0,type_1,rel_1,0,0,0,0,train:window_18,0,376114.0
1889.0,darpa_trace:n166441,darpa_trace:n365006,type_0,type_1,rel_1,0,0,0,0,train:window_18,0,376800.0
1890.0,darpa_trace:n166441,darpa_trace:n365834,type_0,type_1,rel_1,0,0,0,0,train:window_18,0,377200.0
1891.0,darpa_trace:n166441,darpa_trace:n367153,type_0,type_1,rel_1,0,0,0,0,train:window_18,0,377710.0
1892.0,darpa_trace:n166441,darpa_trace:n367451,type_0,type_1,rel_1,0,0,0,0,train:window_18,0,377855.0
1893.0,darpa_trace:n166441,darpa_trace:n367811,type_0,type_1,rel_1,0,0,0,0,train:window_18,0,378023.0
1894.0,darpa_trace:n166441,darpa_trace:n368391,type_0,type_1,rel_1,0,0,0,0,train:window_18,0,378293.0
1895.0,darpa_trace:n166441,darpa_trace:n369995,type_0,type_1,rel_1,0,0,0,0,train:window_18,0,379058.0
1896.0,darpa_trace:n166441,darpa_trace:n370186,type_0,type_1,rel_1,0,0,0,0,train:window_18,0,379147.0
1897.0,darpa_trace:n166441,darpa_trace:n370540,type_0,type_1,rel_1,0,0,0,0,train:window_18,0,379310.0
1898.0,darpa_trace:n166441,darpa_trace:n374206,type_0,type_1,rel_1,0,0,0,0,train:window_18,0,379675.0
1899.0,darpa_trace:n166441,darpa_trace:n374313,type_0,type_1,rel_1,0,0,0,0,train:window_18,0,379726.0
1900.0,darpa_trace:n166441,darpa_trace:n374414,type_0,type_1,rel_1,0,0,0,0,train:window_18,0,379775.0
1901.0,darpa_trace:n166441,darpa_trace:n374440,type_0,type_1,rel_1,0,0,0,0,train:window_19,0,379788.0
1902.0,darpa_trace:n166441,darpa_trace:n378033,type_0,type_1,rel_1,0,0,0,0,train:window_19,0,380219.0
1903.0,darpa_trace:n166441,darpa_trace:n378158,type_0,type_1,rel_1,0,0,0,0,train:window_19,0,380279.0
1904.0,darpa_trace:n166441,darpa_trace:n378252,type_0,type_1,rel_1,0,0,0,0,train:window_19,0,380324.0
1905.0,darpa_trace:n166441,darpa_trace:n378875,type_0,type_1,rel_1,0,0,0,0,train:window_19,0,380624.0
1906.0,darpa_trace:n166441,darpa_trace:n378938,type_0,type_1,rel_1,0,0,0,0,train:window_19,0,380655.0
1907.0,darpa_trace:n166441,darpa_trace:n379086,type_0,type_1,rel_1,0,0,0,0,train:window_19,0,380727.0
1908.0,darpa_trace:n166441,darpa_trace:n379305,type_0,type_1,rel_1,0,0,0,0,train:window_19,0,380833.0
1909.0,darpa_trace:n166441,darpa_trace:n379934,type_0,type_1,rel_1,0,0,0,0,train:window_19,0,381125.0
1910.0,darpa_trace:n166441,darpa_trace:n380060,type_0,type_1,rel_1,0,0,0,0,train:window_19,0,381185.0
1911.0,darpa_trace:n166441,darpa_trace:n386045,type_0,type_1,rel_1,0,0,0,0,train:window_19,0,381879.0
1912.0,darpa_trace:n166441,darpa_trace:n386252,type_0,type_1,rel_1,0,0,0,0,train:window_19,0,381909.0
1913.0,darpa_trace:n166441,darpa_trace:n388749,type_0,type_1,rel_1,0,0,0,0,train:window_19,0,381949.0
1914.0,darpa_trace:n166441,darpa_trace:n389402,type_0,type_1,rel_1,0,0,0,0,train:window_19,0,382037.0
1915.0,darpa_trace:n166441,darpa_trace:n389463,type_0,type_1,rel_1,0,0,0,0,train:window_19,0,382065.0
1916.0,darpa_trace:n166441,darpa_trace:n394193,type_0,type_1,rel_1,0,0,0,0,train:window_19,0,382920.0
1917.0,darpa_trace:n166441,darpa_trace:n394458,type_0,type_1,rel_1,0,0,0,0,train:window_19,0,383048.0
1918.0,darpa_trace:n166441,darpa_trace:n395954,type_0,type_1,rel_1,0,0,0,0,train:window_19,0,383650.0
1919.0,darpa_trace:n166441,darpa_trace:n396190,type_0,type_1,rel_1,0,0,0,0,train:window_19,0,383761.0
1920.0,darpa_trace:n166441,darpa_trace:n396590,type_0,type_1,rel_1,0,0,0,0,train:window_19,0,383953.0
1921.0,darpa_trace:n166441,darpa_trace:n396707,type_0,type_1,rel_1,0,0,0,0,train:window_19,0,384010.0
1922.0,darpa_trace:n166441,darpa_trace:n396807,type_0,type_1,rel_1,0,0,0,0,train:window_19,0,384056.0
1923.0,darpa_trace:n166441,darpa_trace:n396968,type_0,type_1,rel_1,0,0,0,0,train:window_19,0,384130.0
1924.0,darpa_trace:n166441,darpa_trace:n397384,type_0,type_1,rel_1,0,0,0,0,train:window_19,0,384330.0
1925.0,darpa_trace:n166441,darpa_trace:n397666,type_0,type_1,rel_1,0,0,0,0,train:window_19,0,384464.0
1926.0,darpa_trace:n166441,darpa_trace:n397928,type_0,type_1,rel_1,0,0,0,0,train:window_19,0,384586.0
1927.0,darpa_trace:n166441,darpa_trace:n398593,type_0,type_1,rel_1,0,0,0,0,train:window_19,0,384896.0
1928.0,darpa_trace:n166441,darpa_trace:n399074,type_0,type_1,rel_1,0,0,0,0,train:window_19,0,385021.0
1929.0,darpa_trace:n166441,darpa_trace:n399280,type_0,type_1,rel_1,0,0,0,0,train:window_19,0,385122.0
1930.0,darpa_trace:n166441,darpa_trace:n400361,type_0,type_1,rel_1,0,0,0,0,train:window_19,0,385626.0
1931.0,darpa_trace:n166441,darpa_trace:n400570,type_0,type_1,rel_1,0,0,0,0,train:window_19,0,385725.0
1932.0,darpa_trace:n166441,darpa_trace:n400719,type_0,type_1,rel_1,0,0,0,0,train:window_19,0,385794.0
1933.0,darpa_trace:n166441,darpa_trace:n400733,type_0,type_1,rel_1,0,0,0,0,train:window_19,0,385801.0
1934.0,darpa_trace:n166441,darpa_trace:n402485,type_0,type_1,rel_1,0,0,0,0,train:window_19,0,386626.0
1935.0,darpa_trace:n166441,darpa_trace:n402509,type_0,type_1,rel_1,0,0,0,0,train:window_19,0,386638.0
1936.0,darpa_trace:n166441,darpa_trace:n402742,type_0,type_1,rel_1,0,0,0,0,train:window_19,0,386751.0
1937.0,darpa_trace:n166441,darpa_trace:n403558,type_0,type_1,rel_1,0,0,0,0,train:window_19,0,387037.0
1938.0,darpa_trace:n166441,darpa_trace:n403628,type_0,type_1,rel_1,0,0,0,0,train:window_19,0,387070.0
1939.0,darpa_trace:n166441,darpa_trace:n404137,type_0,type_1,rel_1,0,0,0,0,train:window_19,0,387314.0
1940.0,darpa_trace:n166441,darpa_trace:n404178,type_0,type_1,rel_1,0,0,0,0,train:window_19,0,387334.0
1941.0,darpa_trace:n166441,darpa_trace:n404640,type_0,type_1,rel_1,0,0,0,0,train:window_19,0,387552.0
1942.0,darpa_trace:n166441,darpa_trace:n405939,type_0,type_1,rel_1,0,0,0,0,train:window_19,0,388175.0
1943.0,darpa_trace:n166441,darpa_trace:n407852,type_0,type_1,rel_1,0,0,0,0,train:window_19,0,388970.0
1944.0,darpa_trace:n166441,darpa_trace:n407991,type_0,type_1,rel_1,0,0,0,0,train:window_19,0,389032.0
1945.0,darpa_trace:n166441,darpa_trace:n408150,type_0,type_1,rel_1,0,0,0,0,train:window_19,0,389110.0
1946.0,darpa_trace:n166441,darpa_trace:n408494,type_0,type_1,rel_1,0,0,0,0,train:window_19,0,389268.0
1947.0,darpa_trace:n166441,darpa_trace:n408949,type_0,type_1,rel_1,0,0,0,0,train:window_19,0,389486.0
1948.0,darpa_trace:n166441,darpa_trace:n409505,type_0,type_1,rel_1,0,0,0,0,train:window_19,0,389751.0
1949.0,darpa_trace:n166441,darpa_trace:n410398,type_0,type_1,rel_1,0,0,0,0,train:window_19,0,390173.0
1950.0,darpa_trace:n166441,darpa_trace:n411698,type_0,type_1,rel_1,0,0,0,0,train:window_19,0,390687.0
1951.0,darpa_trace:n166441,darpa_trace:n411738,type_0,type_1,rel_1,0,0,0,0,train:window_19,0,390706.0
1952.0,darpa_trace:n166441,darpa_trace:n412002,type_0,type_1,rel_1,0,0,0,0,train:window_19,0,390831.0
1953.0,darpa_trace:n166441,darpa_trace:n412298,type_0,type_1,rel_1,0,0,0,0,train:window_19,0,390971.0
1954.0,darpa_trace:n166441,darpa_trace:n412622,type_0,type_1,rel_1,0,0,0,0,train:window_19,0,391125.0
1955.0,darpa_trace:n166441,darpa_trace:n412802,type_0,type_1,rel_1,0,0,0,0,train:window_19,0,391209.0
1956.0,darpa_trace:n166441,darpa_trace:n412984,type_0,type_1,rel_1,0,0,0,0,train:window_19,0,391293.0
1957.0,darpa_trace:n166441,darpa_trace:n413157,type_0,type_1,rel_1,0,0,0,0,train:window_19,0,391378.0
1958.0,darpa_trace:n166441,darpa_trace:n413907,type_0,type_1,rel_1,0,0,0,0,train:window_19,0,391737.0
1959.0,darpa_trace:n166441,darpa_trace:n414452,type_0,type_1,rel_1,0,0,0,0,train:window_19,0,391992.0
1960.0,darpa_trace:n166441,darpa_trace:n417821,type_0,type_1,rel_1,0,0,0,0,train:window_19,0,393481.0
1961.0,darpa_trace:n166441,darpa_trace:n418723,type_0,type_1,rel_1,0,0,0,0,train:window_19,0,393907.0
1962.0,darpa_trace:n166441,darpa_trace:n418955,type_0,type_1,rel_1,0,0,0,0,train:window_19,0,394021.0
1963.0,darpa_trace:n166441,darpa_trace:n420560,type_0,type_1,rel_1,0,0,0,0,train:window_19,0,394677.0
1964.0,darpa_trace:n166441,darpa_trace:n420568,type_0,type_1,rel_1,0,0,0,0,train:window_19,0,394681.0
1965.0,darpa_trace:n166441,darpa_trace:n420608,type_0,type_1,rel_1,0,0,0,0,train:window_19,0,394701.0
1966.0,darpa_trace:n166441,darpa_trace:n421612,type_0,type_1,rel_1,0,0,0,0,train:window_19,0,395184.0
1967.0,darpa_trace:n166441,darpa_trace:n421786,type_0,type_1,rel_1,0,0,0,0,train:window_19,0,395265.0
1968.0,darpa_trace:n166441,darpa_trace:n421825,type_0,type_1,rel_1,0,0,0,0,train:window_19,0,395283.0
1969.0,darpa_trace:n166441,darpa_trace:n422621,type_0,type_1,rel_1,0,0,0,0,train:window_19,0,395652.0
1970.0,darpa_trace:n166441,darpa_trace:n422799,type_0,type_1,rel_1,0,0,0,0,train:window_19,0,395739.0
1971.0,darpa_trace:n166441,darpa_trace:n422801,type_0,type_1,rel_1,0,0,0,0,train:window_19,0,395740.0
1972.0,darpa_trace:n166441,darpa_trace:n423439,type_0,type_1,rel_1,0,0,0,0,train:window_19,0,396047.0
1973.0,darpa_trace:n166441,darpa_trace:n424072,type_0,type_1,rel_1,0,0,0,0,train:window_19,0,396238.0
1974.0,darpa_trace:n166441,darpa_trace:n424229,type_0,type_1,rel_1,0,0,0,0,train:window_19,0,396314.0
1975.0,darpa_trace:n166441,darpa_trace:n424259,type_0,type_1,rel_1,0,0,0,0,train:window_19,0,396329.0
1976.0,darpa_trace:n166441,darpa_trace:n424643,type_0,type_1,rel_1,0,0,0,0,train:window_19,0,396507.0
1977.0,darpa_trace:n166441,darpa_trace:n424884,type_0,type_1,rel_1,0,0,0,0,train:window_19,0,396625.0
1978.0,darpa_trace:n166441,darpa_trace:n425374,type_0,type_1,rel_1,0,0,0,0,train:window_19,0,396861.0
1979.0,darpa_trace:n166441,darpa_trace:n425820,type_0,type_1,rel_1,0,0,0,0,train:window_19,0,397079.0
1980.0,darpa_trace:n166441,darpa_trace:n426011,type_0,type_1,rel_1,0,0,0,0,train:window_19,0,397167.0
1981.0,darpa_trace:n166441,darpa_trace:n429717,type_0,type_1,rel_1,0,0,0,0,train:window_19,0,398192.0
1982.0,darpa_trace:n166441,darpa_trace:n430075,type_0,type_1,rel_1,0,0,0,0,train:window_19,0,398291.0
1983.0,darpa_trace:n166441,darpa_trace:n430233,type_0,type_1,rel_1,0,0,0,0,train:window_19,0,398335.0
1984.0,darpa_trace:n166441,darpa_trace:n431785,type_0,type_1,rel_1,0,0,0,0,train:window_19,0,398774.0
1985.0,darpa_trace:n166441,darpa_trace:n432460,type_0,type_1,rel_1,0,0,0,0,train:window_19,0,398960.0
1986.0,darpa_trace:n166441,darpa_trace:n432744,type_0,type_1,rel_1,0,0,0,0,train:window_19,0,399037.0
1987.0,darpa_trace:n166441,darpa_trace:n435020,type_0,type_1,rel_1,0,0,0,0,train:window_19,0,399669.0
1988.0,darpa_trace:n166441,darpa_trace:n436620,type_0,type_1,rel_1,0,0,0,0,train:window_19,0,400050.0
1989.0,darpa_trace:n166441,darpa_trace:n437933,type_0,type_1,rel_1,0,0,0,0,train:window_19,0,400416.0
1990.0,darpa_trace:n166441,darpa_trace:n438325,type_0,type_1,rel_1,0,0,0,0,train:window_19,0,400524.0
1991.0,darpa_trace:n166441,darpa_trace:n438846,type_0,type_1,rel_1,0,0,0,0,train:window_19,0,400671.0
1992.0,darpa_trace:n166441,darpa_trace:n439231,type_0,type_1,rel_1,0,0,0,0,train:window_19,0,400777.0
1993.0,darpa_trace:n166441,darpa_trace:n440034,type_0,type_1,rel_1,0,0,0,0,train:window_19,0,400998.0
1994.0,darpa_trace:n166441,darpa_trace:n440108,type_0,type_1,rel_1,0,0,0,0,train:window_19,0,401019.0
1995.0,darpa_trace:n166441,darpa_trace:n443883,type_0,type_1,rel_1,0,0,0,0,train:window_19,0,402012.0
1996.0,darpa_trace:n166441,darpa_trace:n444584,type_0,type_1,rel_1,0,0,0,0,train:window_19,0,402209.0
1997.0,darpa_trace:n166441,darpa_trace:n447423,type_0,type_1,rel_1,0,0,0,0,train:window_19,0,402999.0
1998.0,darpa_trace:n166441,darpa_trace:n448754,type_0,type_1,rel_1,0,0,0,0,train:window_19,0,403371.0
1999.0,darpa_trace:n166441,darpa_trace:n448805,type_0,type_1,rel_1,0,0,0,0,train:window_19,0,403385.0
2000.0,darpa_trace:n166441,darpa_trace:n449189,type_0,type_1,rel_1,0,0,0,0,train:window_19,0,403490.0
2001.0,darpa_trace:n166441,darpa_trace:n449330,type_0,type_1,rel_1,0,0,0,0,train:window_20,0,403529.0
2002.0,darpa_trace:n166441,darpa_trace:n451091,type_0,type_1,rel_1,0,0,0,0,train:window_20,0,403960.0
2003.0,darpa_trace:n166441,darpa_trace:n451185,type_0,type_1,rel_1,0,0,0,0,train:window_20,0,403987.0
2004.0,darpa_trace:n166441,darpa_trace:n451812,type_0,type_1,rel_1,0,0,0,0,train:window_20,0,404161.0
2005.0,darpa_trace:n166441,darpa_trace:n451962,type_0,type_1,rel_1,0,0,0,0,train:window_20,0,404204.0
2006.0,darpa_trace:n166441,darpa_trace:n452054,type_0,type_1,rel_1,0,0,0,0,train:window_20,0,404230.0
2007.0,darpa_trace:n166441,darpa_trace:n452440,type_0,type_1,rel_1,0,0,0,0,train:window_20,0,404338.0
2008.0,darpa_trace:n166441,darpa_trace:n452966,type_0,type_1,rel_1,0,0,0,0,train:window_20,0,404482.0
2009.0,darpa_trace:n166441,darpa_trace:n453683,type_0,type_1,rel_1,0,0,0,0,train:window_20,0,404681.0
2010.0,darpa_trace:n166441,darpa_trace:n454089,type_0,type_1,rel_1,0,0,0,0,train:window_20,0,404795.0
2011.0,darpa_trace:n166441,darpa_trace:n456183,type_0,type_1,rel_1,0,0,0,0,train:window_20,0,405377.0
2012.0,darpa_trace:n166441,darpa_trace:n456302,type_0,type_1,rel_1,0,0,0,0,train:window_20,0,405410.0
2013.0,darpa_trace:n166441,darpa_trace:n457246,type_0,type_1,rel_1,0,0,0,0,train:window_20,0,405610.0
2014.0,darpa_trace:n166441,darpa_trace:n457435,type_0,type_1,rel_1,0,0,0,0,train:window_20,0,405663.0
2015.0,darpa_trace:n166441,darpa_trace:n458101,type_0,type_1,rel_1,0,0,0,0,train:window_20,0,405851.0
2016.0,darpa_trace:n166441,darpa_trace:n458735,type_0,type_1,rel_1,0,0,0,0,train:window_20,0,406031.0
2017.0,darpa_trace:n166441,darpa_trace:n460057,type_0,type_1,rel_1,0,0,0,0,train:window_20,0,406393.0
2018.0,darpa_trace:n166441,darpa_trace:n460907,type_0,type_1,rel_1,0,0,0,0,train:window_20,0,406630.0
2019.0,darpa_trace:n166441,darpa_trace:n461003,type_0,type_1,rel_1,0,0,0,0,train:window_20,0,406657.0
2020.0,darpa_trace:n166441,darpa_trace:n463874,type_0,type_1,rel_1,0,0,0,0,train:window_20,0,407391.0
2021.0,darpa_trace:n166441,darpa_trace:n465871,type_0,type_1,rel_1,0,0,0,0,train:window_20,0,407949.0
2022.0,darpa_trace:n166441,darpa_trace:n466111,type_0,type_1,rel_1,0,0,0,0,train:window_20,0,408014.0
2023.0,darpa_trace:n166441,darpa_trace:n466188,type_0,type_1,rel_1,0,0,0,0,train:window_20,0,408035.0
2024.0,darpa_trace:n166441,darpa_trace:n466600,type_0,type_1,rel_1,0,0,0,0,train:window_20,0,408148.0
2025.0,darpa_trace:n166441,darpa_trace:n466693,type_0,type_1,rel_1,0,0,0,0,train:window_20,0,408174.0
2026.0,darpa_trace:n166441,darpa_trace:n471637,type_0,type_1,rel_1,0,0,0,0,train:window_20,0,409496.0
2027.0,darpa_trace:n166441,darpa_trace:n472141,type_0,type_1,rel_1,0,0,0,0,train:window_20,0,409638.0
2028.0,darpa_trace:n166441,darpa_trace:n474063,type_0,type_1,rel_1,0,0,0,0,train:window_20,0,410165.0
2029.0,darpa_trace:n166441,darpa_trace:n474459,type_0,type_1,rel_1,0,0,0,0,train:window_20,0,410277.0
2030.0,darpa_trace:n166441,darpa_trace:n475127,type_0,type_1,rel_1,0,0,0,0,train:window_20,0,410462.0
2031.0,darpa_trace:n166441,darpa_trace:n475616,type_0,type_1,rel_1,0,0,0,0,train:window_20,0,410597.0
2032.0,darpa_trace:n166441,darpa_trace:n476529,type_0,type_1,rel_1,0,0,0,0,train:window_20,0,410847.0
2033.0,darpa_trace:n166441,darpa_trace:n476818,type_0,type_1,rel_1,0,0,0,0,train:window_20,0,410925.0
2034.0,darpa_trace:n166441,darpa_trace:n477072,type_0,type_1,rel_1,0,0,0,0,train:window_20,0,410996.0
2035.0,darpa_trace:n166441,darpa_trace:n478744,type_0,type_1,rel_1,0,0,0,0,train:window_20,0,411401.0
2036.0,darpa_trace:n166441,darpa_trace:n481993,type_0,type_1,rel_1,0,0,0,0,train:window_20,0,412306.0
2037.0,darpa_trace:n166441,darpa_trace:n482146,type_0,type_1,rel_1,0,0,0,0,train:window_20,0,412349.0
2038.0,darpa_trace:n166441,darpa_trace:n482223,type_0,type_1,rel_1,0,0,0,0,train:window_20,0,412371.0
2039.0,darpa_trace:n166441,darpa_trace:n484468,type_0,type_1,rel_1,0,0,0,0,train:window_20,0,412934.0
2040.0,darpa_trace:n166441,darpa_trace:n486299,type_0,type_1,rel_1,0,0,0,0,train:window_20,0,413443.0
2041.0,darpa_trace:n166441,darpa_trace:n486895,type_0,type_1,rel_1,0,0,0,0,train:window_20,0,413606.0
2042.0,darpa_trace:n166441,darpa_trace:n489281,type_0,type_1,rel_1,0,0,0,0,train:window_20,0,414267.0
2043.0,darpa_trace:n166441,darpa_trace:n489322,type_0,type_1,rel_1,0,0,0,0,train:window_20,0,414278.0
2044.0,darpa_trace:n166441,darpa_trace:n489735,type_0,type_1,rel_1,0,0,0,0,train:window_20,0,414392.0
2045.0,darpa_trace:n166441,darpa_trace:n493141,type_0,type_1,rel_1,0,0,0,0,train:window_20,0,414575.0
2046.0,darpa_trace:n166441,darpa_trace:n497340,type_0,type_1,rel_1,0,0,0,0,train:window_20,0,414890.0
2047.0,darpa_trace:n166441,darpa_trace:n500127,type_0,type_1,rel_1,0,0,0,0,train:window_20,0,414965.0
2048.0,darpa_trace:n166441,darpa_trace:n507116,type_0,type_1,rel_1,0,0,0,0,train:window_20,0,415350.0
2049.0,darpa_trace:n166441,darpa_trace:n509103,type_0,type_1,rel_1,0,0,0,0,train:window_20,0,415791.0
2050.0,darpa_trace:n166441,darpa_trace:n509106,type_0,type_1,rel_1,0,0,0,0,train:window_20,0,415792.0
2051.0,darpa_trace:n166441,darpa_trace:n509475,type_0,type_1,rel_1,0,0,0,0,train:window_20,0,415896.0
2052.0,darpa_trace:n166441,darpa_trace:n510114,type_0,type_1,rel_1,0,0,0,0,train:window_20,0,416072.0
2053.0,darpa_trace:n166441,darpa_trace:n510284,type_0,type_1,rel_1,0,0,0,0,train:window_20,0,416119.0
2054.0,darpa_trace:n166441,darpa_trace:n511182,type_0,type_1,rel_1,0,0,0,0,train:window_20,0,416369.0
2055.0,darpa_trace:n166441,darpa_trace:n511472,type_0,type_1,rel_1,0,0,0,0,train:window_20,0,416448.0
2056.0,darpa_trace:n166441,darpa_trace:n511840,type_0,type_1,rel_1,0,0,0,0,train:window_20,0,416552.0
2057.0,darpa_trace:n166441,darpa_trace:n511912,type_0,type_1,rel_1,0,0,0,0,train:window_20,0,416572.0
2058.0,darpa_trace:n166441,darpa_trace:n513422,type_0,type_1,rel_1,0,0,0,0,train:window_20,0,416932.0
2059.0,darpa_trace:n166441,darpa_trace:n513907,type_0,type_1,rel_1,0,0,0,0,train:window_20,0,417063.0
2060.0,darpa_trace:n166441,darpa_trace:n516489,type_0,type_1,rel_1,0,0,0,0,train:window_20,0,417105.0
2061.0,darpa_trace:n166441,darpa_trace:n517870,type_0,type_1,rel_1,0,0,0,0,train:window_20,0,417342.0
2062.0,darpa_trace:n166441,darpa_trace:n518733,type_0,type_1,rel_1,0,0,0,0,train:window_20,0,417586.0
2063.0,darpa_trace:n166441,darpa_trace:n522215,type_0,type_1,rel_1,0,0,0,0,train:window_20,0,417756.0
2064.0,darpa_trace:n166441,darpa_trace:n535681,type_0,type_1,rel_1,0,0,0,0,train:window_20,0,418639.0
2065.0,darpa_trace:n166441,darpa_trace:n536507,type_0,type_1,rel_1,0,0,0,0,train:window_20,0,418868.0
2066.0,darpa_trace:n166441,darpa_trace:n536820,type_0,type_1,rel_1,0,0,0,0,train:window_20,0,418955.0
2067.0,darpa_trace:n166441,darpa_trace:n536842,type_0,type_1,rel_1,0,0,0,0,train:window_20,0,418961.0
2068.0,darpa_trace:n166441,darpa_trace:n539122,type_0,type_1,rel_1,0,0,0,0,train:window_20,0,419596.0
2069.0,darpa_trace:n166441,darpa_trace:n539606,type_0,type_1,rel_1,0,0,0,0,train:window_20,0,419731.0
2070.0,darpa_trace:n166441,darpa_trace:n540111,type_0,type_1,rel_1,0,0,0,0,train:window_20,0,419871.0
2071.0,darpa_trace:n166441,darpa_trace:n541106,type_0,type_1,rel_1,0,0,0,0,train:window_20,0,420153.0
2072.0,darpa_trace:n166441,darpa_trace:n541241,type_0,type_1,rel_1,0,0,0,0,train:window_20,0,420191.0
2073.0,darpa_trace:n166441,darpa_trace:n546388,type_0,type_1,rel_1,0,0,0,0,train:window_20,0,420744.0
2074.0,darpa_trace:n166441,darpa_trace:n546694,type_0,type_1,rel_1,0,0,0,0,train:window_20,0,420829.0
2075.0,darpa_trace:n166441,darpa_trace:n553802,type_0,type_1,rel_1,0,0,0,0,train:window_20,0,421234.0
2076.0,darpa_trace:n166441,darpa_trace:n554905,type_0,type_1,rel_1,0,0,0,0,train:window_20,0,421538.0
2077.0,darpa_trace:n166441,darpa_trace:n555567,type_0,type_1,rel_1,0,0,0,0,train:window_20,0,421721.0
2078.0,darpa_trace:n166441,darpa_trace:n560773,type_0,type_1,rel_1,0,0,0,0,train:window_20,0,422370.0
2079.0,darpa_trace:n166441,darpa_trace:n565952,type_0,type_1,rel_1,0,0,0,0,train:window_20,0,422660.0
2080.0,darpa_trace:n166441,darpa_trace:n570372,type_0,type_1,rel_1,0,0,0,0,train:window_20,0,423054.0
2081.0,darpa_trace:n166441,darpa_trace:n571079,type_0,type_1,rel_1,0,0,0,0,train:window_20,0,423222.0
2082.0,darpa_trace:n166441,darpa_trace:n571529,type_0,type_1,rel_1,0,0,0,0,train:window_20,0,423306.0
2083.0,darpa_trace:n166441,darpa_trace:n575412,type_0,type_1,rel_1,0,0,0,0,train:window_20,0,423644.0
2084.0,darpa_trace:n166441,darpa_trace:n575595,type_0,type_1,rel_1,0,0,0,0,train:window_20,0,423694.0
2085.0,darpa_trace:n166441,darpa_trace:n577566,type_0,type_1,rel_1,0,0,0,0,train:window_20,0,424184.0
2086.0,darpa_trace:n166441,darpa_trace:n577588,type_0,type_1,rel_1,0,0,0,0,train:window_20,0,424190.0
2087.0,darpa_trace:n166441,darpa_trace:n578459,type_0,type_1,rel_1,0,0,0,0,train:window_20,0,424427.0
2088.0,darpa_trace:n166441,darpa_trace:n580819,type_0,type_1,rel_1,0,0,0,0,train:window_20,0,425088.0
2089.0,darpa_trace:n166441,darpa_trace:n580985,type_0,type_1,rel_1,0,0,0,0,train:window_20,0,425134.0
2090.0,darpa_trace:n166441,darpa_trace:n581387,type_0,type_1,rel_1,0,0,0,0,train:window_20,0,425246.0
2091.0,darpa_trace:n166441,darpa_trace:n581883,type_0,type_1,rel_1,0,0,0,0,train:window_20,0,425382.0
2092.0,darpa_trace:n166441,darpa_trace:n583078,type_0,type_1,rel_1,0,0,0,0,train:window_20,0,425719.0
2093.0,darpa_trace:n166441,darpa_trace:n584243,type_0,type_1,rel_1,0,0,0,0,train:window_20,0,425984.0
2094.0,darpa_trace:n166441,darpa_trace:n584530,type_0,type_1,rel_1,0,0,0,0,train:window_20,0,426063.0
2095.0,darpa_trace:n166441,darpa_trace:n587001,type_0,type_1,rel_1,0,0,0,0,train:window_20,0,426756.0
2096.0,darpa_trace:n166441,darpa_trace:n589310,type_0,type_1,rel_1,0,0,0,0,train:window_20,0,427405.0
2097.0,darpa_trace:n166441,darpa_trace:n591152,type_0,type_1,rel_1,0,0,0,0,train:window_20,0,427853.0
2098.0,darpa_trace:n166441,darpa_trace:n595741,type_0,type_1,rel_1,0,0,0,0,train:window_20,0,429126.0
2099.0,darpa_trace:n166441,darpa_trace:n598231,type_0,type_1,rel_1,0,0,0,0,train:window_20,0,429757.0
2100.0,darpa_trace:n166441,darpa_trace:n600217,type_0,type_1,rel_1,0,0,0,0,train:window_20,0,430314.0
2101.0,darpa_trace:n166441,darpa_trace:n600893,type_0,type_1,rel_1,0,0,0,0,train:window_21,0,430503.0
2102.0,darpa_trace:n166441,darpa_trace:n601390,type_0,type_1,rel_1,0,0,0,0,train:window_21,0,430642.0
2103.0,darpa_trace:n166441,darpa_trace:n601672,type_0,type_1,rel_1,0,0,0,0,train:window_21,0,430720.0
2104.0,darpa_trace:n166441,darpa_trace:n602036,type_0,type_1,rel_1,0,0,0,0,train:window_21,0,430823.0
2105.0,darpa_trace:n166441,darpa_trace:n603558,type_0,type_1,rel_1,0,0,0,0,train:window_21,0,431253.0
2106.0,darpa_trace:n166441,darpa_trace:n604434,type_0,type_1,rel_1,0,0,0,0,train:window_21,0,431492.0
2107.0,darpa_trace:n166441,darpa_trace:n604843,type_0,type_1,rel_1,0,0,0,0,train:window_21,0,431543.0
2108.0,darpa_trace:n166441,darpa_trace:n605359,type_0,type_1,rel_1,0,0,0,0,train:window_21,0,431687.0
2109.0,darpa_trace:n166441,darpa_trace:n607758,type_0,type_1,rel_1,0,0,0,0,train:window_21,0,432358.0
2110.0,darpa_trace:n166441,darpa_trace:n608200,type_0,type_1,rel_1,0,0,0,0,train:window_21,0,432480.0
2111.0,darpa_trace:n166441,darpa_trace:n609204,type_0,type_1,rel_1,0,0,0,0,train:window_21,0,432760.0
2112.0,darpa_trace:n166441,darpa_trace:n609785,type_0,type_1,rel_1,0,0,0,0,train:window_21,0,432925.0
2113.0,darpa_trace:n166441,darpa_trace:n609904,type_0,type_1,rel_1,0,0,0,0,train:window_21,0,432959.0
2114.0,darpa_trace:n166441,darpa_trace:n611053,type_0,type_1,rel_1,0,0,0,0,train:window_21,0,433280.0
2115.0,darpa_trace:n166441,darpa_trace:n613101,type_0,type_1,rel_1,0,0,0,0,train:window_21,0,433757.0
2116.0,darpa_trace:n166441,darpa_trace:n613209,type_0,type_1,rel_1,0,0,0,0,train:window_21,0,433788.0
2117.0,darpa_trace:n166441,darpa_trace:n613666,type_0,type_1,rel_1,0,0,0,0,train:window_21,0,433917.0
2118.0,darpa_trace:n166441,darpa_trace:n614511,type_0,type_1,rel_1,0,0,0,0,train:window_21,0,434152.0
2119.0,darpa_trace:n166441,darpa_trace:n614953,type_0,type_1,rel_1,0,0,0,0,train:window_21,0,434274.0
2120.0,darpa_trace:n166441,darpa_trace:n615274,type_0,type_1,rel_1,0,0,0,0,train:window_21,0,434362.0
2121.0,darpa_trace:n166441,darpa_trace:n616270,type_0,type_1,rel_1,0,0,0,0,train:window_21,0,434638.0
2122.0,darpa_trace:n166441,darpa_trace:n617799,type_0,type_1,rel_1,0,0,0,0,train:window_21,0,435057.0
2123.0,darpa_trace:n166441,darpa_trace:n619578,type_0,type_1,rel_1,0,0,0,0,train:window_21,0,435490.0
2124.0,darpa_trace:n166441,darpa_trace:n619638,type_0,type_1,rel_1,0,0,0,0,train:window_21,0,435507.0
2125.0,darpa_trace:n166441,darpa_trace:n620627,type_0,type_1,rel_1,0,0,0,0,train:window_21,0,435781.0
2126.0,darpa_trace:n166441,darpa_trace:n620831,type_0,type_1,rel_1,0,0,0,0,train:window_21,0,435838.0
2127.0,darpa_trace:n166441,darpa_trace:n620877,type_0,type_1,rel_1,0,0,0,0,train:window_21,0,435851.0
2128.0,darpa_trace:n166441,darpa_trace:n621023,type_0,type_1,rel_1,0,0,0,0,train:window_21,0,435891.0
2129.0,darpa_trace:n166441,darpa_trace:n621823,type_0,type_1,rel_1,0,0,0,0,train:window_21,0,436112.0
2130.0,darpa_trace:n166441,darpa_trace:n622133,type_0,type_1,rel_1,0,0,0,0,train:window_21,0,436198.0
2131.0,darpa_trace:n166441,darpa_trace:n622987,type_0,type_1,rel_1,0,0,0,0,train:window_21,0,436440.0
2132.0,darpa_trace:n166441,darpa_trace:n623343,type_0,type_1,rel_1,0,0,0,0,train:window_21,0,436541.0
2133.0,darpa_trace:n166441,darpa_trace:n623526,type_0,type_1,rel_1,0,0,0,0,train:window_21,0,436593.0
2134.0,darpa_trace:n166441,darpa_trace:n625024,type_0,type_1,rel_1,0,0,0,0,train:window_21,0,437011.0
2135.0,darpa_trace:n166441,darpa_trace:n625856,type_0,type_1,rel_1,0,0,0,0,train:window_21,0,437180.0
2136.0,darpa_trace:n166441,darpa_trace:n628953,type_0,type_1,rel_1,0,0,0,0,train:window_21,0,438047.0
2137.0,darpa_trace:n166441,darpa_trace:n629288,type_0,type_1,rel_1,0,0,0,0,train:window_21,0,438141.0
2138.0,darpa_trace:n166441,darpa_trace:n629664,type_0,type_1,rel_1,0,0,0,0,train:window_21,0,438248.0
2139.0,darpa_trace:n166441,darpa_trace:n630164,type_0,type_1,rel_1,0,0,0,0,train:window_21,0,438390.0
2140.0,darpa_trace:n166441,darpa_trace:n631284,type_0,type_1,rel_1,0,0,0,0,train:window_21,0,438697.0
2141.0,darpa_trace:n166441,darpa_trace:n631700,type_0,type_1,rel_1,0,0,0,0,train:window_21,0,438812.0
2142.0,darpa_trace:n166441,darpa_trace:n634455,type_0,type_1,rel_1,0,0,0,0,train:window_21,0,439520.0
2143.0,darpa_trace:n166441,darpa_trace:n634462,type_0,type_1,rel_1,0,0,0,0,train:window_21,0,439522.0
2144.0,darpa_trace:n166441,darpa_trace:n635123,type_0,type_1,rel_1,0,0,0,0,train:window_21,0,439706.0
2145.0,darpa_trace:n166441,darpa_trace:n635239,type_0,type_1,rel_1,0,0,0,0,train:window_21,0,439738.0
2146.0,darpa_trace:n166441,darpa_trace:n635350,type_0,type_1,rel_1,0,0,0,0,train:window_21,0,439768.0
2147.0,darpa_trace:n166441,darpa_trace:n636286,type_0,type_1,rel_1,0,0,0,0,train:window_21,0,440031.0
2148.0,darpa_trace:n166441,darpa_trace:n636930,type_0,type_1,rel_1,0,0,0,0,train:window_21,0,440212.0
2149.0,darpa_trace:n166441,darpa_trace:n642392,type_0,type_1,rel_1,0,0,0,0,train:window_21,0,441673.0
2150.0,darpa_trace:n166441,darpa_trace:n642809,type_0,type_1,rel_1,0,0,0,0,train:window_21,0,441791.0
2151.0,darpa_trace:n166441,darpa_trace:n644856,type_0,type_1,rel_1,0,0,0,0,train:window_21,0,442357.0
2152.0,darpa_trace:n166441,darpa_trace:n647164,type_0,type_1,rel_1,0,0,0,0,train:window_21,0,442939.0
2153.0,darpa_trace:n166441,darpa_trace:n649277,type_0,type_1,rel_1,0,0,0,0,train:window_21,0,443767.0
2154.0,darpa_trace:n166441,darpa_trace:n649451,type_0,type_1,rel_1,0,0,0,0,train:window_21,0,443850.0
2155.0,darpa_trace:n166441,darpa_trace:n649571,type_0,type_1,rel_1,0,0,0,0,train:window_21,0,443909.0
2156.0,darpa_trace:n166441,darpa_trace:n650072,type_0,type_1,rel_1,0,0,0,0,train:window_21,0,444141.0
2157.0,darpa_trace:n166441,darpa_trace:n650348,type_0,type_1,rel_1,0,0,0,0,train:window_21,0,444269.0
2158.0,darpa_trace:n166441,darpa_trace:n650930,type_0,type_1,rel_1,0,0,0,0,train:window_21,0,444531.0
2159.0,darpa_trace:n166441,darpa_trace:n651662,type_0,type_1,rel_1,0,0,0,0,train:window_21,0,444775.0
2160.0,darpa_trace:n166441,darpa_trace:n651766,type_0,type_1,rel_1,0,0,0,0,train:window_21,0,444827.0
2161.0,darpa_trace:n166441,darpa_trace:n652567,type_0,type_1,rel_1,0,0,0,0,train:window_21,0,445208.0
2162.0,darpa_trace:n166441,darpa_trace:n653098,type_0,type_1,rel_1,0,0,0,0,train:window_21,0,445465.0
2163.0,darpa_trace:n166441,darpa_trace:n653299,type_0,type_1,rel_1,0,0,0,0,train:window_21,0,445559.0
2164.0,darpa_trace:n166441,darpa_trace:n653570,type_0,type_1,rel_1,0,0,0,0,train:window_21,0,445691.0
2165.0,darpa_trace:n166441,darpa_trace:n653747,type_0,type_1,rel_1,0,0,0,0,train:window_21,0,445776.0
2166.0,darpa_trace:n166441,darpa_trace:n654000,type_0,type_1,rel_1,0,0,0,0,train:window_21,0,445894.0
2167.0,darpa_trace:n166441,darpa_trace:n655228,type_0,type_1,rel_1,0,0,0,0,train:window_21,0,446468.0
2168.0,darpa_trace:n166441,darpa_trace:n656159,type_0,type_1,rel_1,0,0,0,0,train:window_21,0,446797.0
2169.0,darpa_trace:n166441,darpa_trace:n656411,type_0,type_1,rel_1,0,0,0,0,train:window_21,0,446919.0
2170.0,darpa_trace:n166441,darpa_trace:n657128,type_0,type_1,rel_1,0,0,0,0,train:window_21,0,447201.0
2171.0,darpa_trace:n166441,darpa_trace:n657898,type_0,type_1,rel_1,0,0,0,0,train:window_21,0,447304.0
2172.0,darpa_trace:n166441,darpa_trace:n658648,type_0,type_1,rel_1,0,0,0,0,train:window_21,0,447458.0
2173.0,darpa_trace:n166441,darpa_trace:n659268,type_0,type_1,rel_1,0,0,0,0,train:window_21,0,447685.0
2174.0,darpa_trace:n166441,darpa_trace:n659412,type_0,type_1,rel_1,0,0,0,0,train:window_21,0,447747.0
2175.0,darpa_trace:n166441,darpa_trace:n659414,type_0,type_1,rel_1,0,0,0,0,train:window_21,0,447748.0
2176.0,darpa_trace:n166441,darpa_trace:n661673,type_0,type_1,rel_1,0,0,0,0,train:window_21,0,448236.0
2177.0,darpa_trace:n166441,darpa_trace:n662371,type_0,type_1,rel_1,0,0,0,0,train:window_21,0,448415.0
2178.0,darpa_trace:n166441,darpa_trace:n664402,type_0,type_1,rel_1,0,0,0,0,train:window_21,0,448875.0
2179.0,darpa_trace:n166441,darpa_trace:n666147,type_0,type_1,rel_1,0,0,0,0,train:window_21,0,449089.0
2180.0,darpa_trace:n166441,darpa_trace:n666187,type_0,type_1,rel_1,0,0,0,0,train:window_21,0,449108.0
2181.0,darpa_trace:n166441,darpa_trace:n666235,type_0,type_1,rel_1,0,0,0,0,train:window_21,0,449128.0
2182.0,darpa_trace:n166861,darpa_trace:n219436,type_0,type_4,rel_18,0,0,0,0,train:window_21,0,449808.0
2183.0,darpa_trace:n166861,darpa_trace:n257547,type_0,type_4,rel_5,0,0,0,0,train:window_21,0,450004.0
2184.0,darpa_trace:n166861,darpa_trace:n259726,type_0,type_4,rel_5,0,0,0,0,train:window_21,0,450178.0
2185.0,darpa_trace:n166861,darpa_trace:n260918,type_0,type_4,rel_16,0,0,0,0,train:window_21,0,450214.0
2186.0,darpa_trace:n166861,darpa_trace:n662510,type_0,type_4,rel_18,0,0,0,0,train:window_21,0,450365.0
2187.0,darpa_trace:n167184,darpa_trace:n204500,type_0,type_1,rel_7,0,0,0,0,train:window_21,0,451124.0
2188.0,darpa_trace:n167184,darpa_trace:n207989,type_0,type_1,rel_7,0,0,0,0,train:window_21,0,451153.0
2189.0,darpa_trace:n167184,darpa_trace:n215748,type_0,type_1,rel_7,0,0,0,0,train:window_21,0,451251.0
2190.0,darpa_trace:n167184,darpa_trace:n232775,type_0,type_1,rel_6,0,0,0,0,train:window_21,0,451545.0
2191.0,darpa_trace:n167184,darpa_trace:n233275,type_0,type_1,rel_6,0,0,0,0,train:window_21,0,451562.0
2192.0,darpa_trace:n167184,darpa_trace:n247199,type_0,type_1,rel_6,0,0,0,0,train:window_21,0,451763.0
2193.0,darpa_trace:n167184,darpa_trace:n248870,type_0,type_1,rel_7,0,0,0,0,train:window_21,0,451790.0
2194.0,darpa_trace:n167468,darpa_trace:n167606,type_0,type_5,rel_11,0,0,0,0,train:window_21,0,452734.0
2195.0,darpa_trace:n167468,darpa_trace:n167767,type_0,type_5,rel_6,0,0,0,0,train:window_21,0,452924.0
2196.0,darpa_trace:n167468,darpa_trace:n138698,type_0,type_4,rel_5,0,0,0,0,train:window_21,0,453135.0
2197.0,darpa_trace:n167468,darpa_trace:n138898,type_0,type_4,rel_5,0,0,0,0,train:window_21,0,453330.0
2198.0,darpa_trace:n167468,darpa_trace:n138941,type_0,type_4,rel_5,0,0,0,0,train:window_21,0,453373.0
2199.0,darpa_trace:n167468,darpa_trace:n140977,type_0,type_4,rel_5,0,0,0,0,train:window_21,0,453387.0
2200.0,darpa_trace:n167468,darpa_trace:n139263,type_0,type_4,rel_5,0,0,0,0,train:window_21,0,453468.0
2201.0,darpa_trace:n167468,darpa_trace:n168571,type_0,type_5,rel_11,0,0,0,0,train:window_22,0,453510.0
2202.0,darpa_trace:n167800,darpa_trace:n173463,type_0,type_1,rel_1,0,0,0,0,train:window_22,0,453752.0
2203.0,darpa_trace:n167800,darpa_trace:n175691,type_0,type_1,rel_1,0,0,0,0,train:window_22,0,454081.0
2204.0,darpa_trace:n167800,darpa_trace:n175731,type_0,type_1,rel_1,0,0,0,0,train:window_22,0,454101.0
2205.0,darpa_trace:n167800,darpa_trace:n186478,type_0,type_1,rel_1,0,0,0,0,train:window_22,0,454445.0
2206.0,darpa_trace:n167800,darpa_trace:n187273,type_0,type_1,rel_1,0,0,0,0,train:window_22,0,454619.0
2207.0,darpa_trace:n167800,darpa_trace:n188363,type_0,type_1,rel_1,0,0,0,0,train:window_22,0,454820.0
2208.0,darpa_trace:n167800,darpa_trace:n196351,type_0,type_1,rel_1,0,0,0,0,train:window_22,0,455123.0
2209.0,darpa_trace:n167800,darpa_trace:n204056,type_0,type_1,rel_1,0,0,0,0,train:window_22,0,455453.0
2210.0,darpa_trace:n167800,darpa_trace:n205239,type_0,type_1,rel_1,0,0,0,0,train:window_22,0,455512.0
2211.0,darpa_trace:n167800,darpa_trace:n209167,type_0,type_1,rel_1,0,0,0,0,train:window_22,0,455676.0
2212.0,darpa_trace:n167800,darpa_trace:n212998,type_0,type_1,rel_1,0,0,0,0,train:window_22,0,455747.0
2213.0,darpa_trace:n167800,darpa_trace:n218021,type_0,type_1,rel_1,0,0,0,0,train:window_22,0,456066.0
2214.0,darpa_trace:n167800,darpa_trace:n223136,type_0,type_1,rel_1,0,0,0,0,train:window_22,0,456604.0
2215.0,darpa_trace:n167800,darpa_trace:n245708,type_0,type_1,rel_1,0,0,0,0,train:window_22,0,457643.0
2216.0,darpa_trace:n167800,darpa_trace:n246755,type_0,type_1,rel_1,0,0,0,0,train:window_22,0,457729.0
2217.0,darpa_trace:n167800,darpa_trace:n248860,type_0,type_1,rel_1,0,0,0,0,train:window_22,0,458025.0
2218.0,darpa_trace:n167800,darpa_trace:n250463,type_0,type_1,rel_1,0,0,0,0,train:window_22,0,458074.0
2219.0,darpa_trace:n167800,darpa_trace:n252191,type_0,type_1,rel_1,0,0,0,0,train:window_22,0,458127.0
2220.0,darpa_trace:n167800,darpa_trace:n257362,type_0,type_1,rel_1,0,0,0,0,train:window_22,0,458536.0
2221.0,darpa_trace:n167800,darpa_trace:n258041,type_0,type_1,rel_1,0,0,0,0,train:window_22,0,458602.0
2222.0,darpa_trace:n167800,darpa_trace:n260317,type_0,type_1,rel_1,0,0,0,0,train:window_22,0,458987.0
2223.0,darpa_trace:n167800,darpa_trace:n260794,type_0,type_1,rel_1,0,0,0,0,train:window_22,0,459085.0
2224.0,darpa_trace:n167800,darpa_trace:n261566,type_0,type_1,rel_1,0,0,0,0,train:window_22,0,459273.0
2225.0,darpa_trace:n167800,darpa_trace:n261692,type_0,type_1,rel_1,0,0,0,0,train:window_22,0,459326.0
2226.0,darpa_trace:n167800,darpa_trace:n262227,type_0,type_1,rel_1,0,0,0,0,train:window_22,0,459528.0
2227.0,darpa_trace:n167800,darpa_trace:n262298,type_0,type_1,rel_1,0,0,0,0,train:window_22,0,459563.0
2228.0,darpa_trace:n167800,darpa_trace:n380980,type_0,type_1,rel_1,0,0,0,0,train:window_22,0,460063.0
2229.0,darpa_trace:n167800,darpa_trace:n573548,type_0,type_1,rel_1,0,0,0,0,train:window_22,0,460414.0
2230.0,darpa_trace:n167800,darpa_trace:n658066,type_0,type_1,rel_1,0,0,0,0,train:window_22,0,460698.0
2231.0,darpa_trace:n167800,darpa_trace:n658086,type_0,type_1,rel_1,0,0,0,0,train:window_22,0,460708.0
2232.0,darpa_trace:n167800,darpa_trace:n659627,type_0,type_1,rel_1,0,0,0,0,train:window_22,0,460980.0
2233.0,darpa_trace:n167800,darpa_trace:n663519,type_0,type_1,rel_1,0,0,0,0,train:window_22,0,461818.0
2234.0,darpa_trace:n167800,darpa_trace:n663730,type_0,type_1,rel_1,0,0,0,0,train:window_22,0,461856.0
2235.0,darpa_trace:n167800,darpa_trace:n664789,type_0,type_1,rel_1,0,0,0,0,train:window_22,0,462167.0
2236.0,darpa_trace:n167800,darpa_trace:n665305,type_0,type_1,rel_1,0,0,0,0,train:window_22,0,462237.0
2237.0,darpa_trace:n167832,darpa_trace:n167468,type_1,type_0,rel_0,0,0,0,0,train:window_22,0,462463.0
2238.0,darpa_trace:n168766,darpa_trace:n168755,type_1,type_0,rel_0,0,0,0,0,train:window_22,0,463189.0
2239.0,darpa_trace:n168820,darpa_trace:n168827,type_0,type_1,rel_1,0,0,0,0,train:window_22,0,463235.0
2240.0,darpa_trace:n168820,darpa_trace:n168901,type_0,type_1,rel_1,0,0,0,0,train:window_22,0,463282.0
2241.0,darpa_trace:n168820,darpa_trace:n168993,type_0,type_1,rel_1,0,0,0,0,train:window_22,0,463328.0
2242.0,darpa_trace:n168820,darpa_trace:n170314,type_0,type_1,rel_1,0,0,0,0,train:window_22,0,463987.0
2243.0,darpa_trace:n168820,darpa_trace:n170499,type_0,type_1,rel_1,0,0,0,0,train:window_22,0,464085.0
2244.0,darpa_trace:n168820,darpa_trace:n171162,type_0,type_1,rel_1,0,0,0,0,train:window_22,0,464429.0
2245.0,darpa_trace:n168820,darpa_trace:n171209,type_0,type_1,rel_1,0,0,0,0,train:window_22,0,464452.0
2246.0,darpa_trace:n168820,darpa_trace:n171950,type_0,type_1,rel_1,0,0,0,0,train:window_22,0,464818.0
2247.0,darpa_trace:n168820,darpa_trace:n172842,type_0,type_1,rel_1,0,0,0,0,train:window_22,0,465229.0
2248.0,darpa_trace:n168820,darpa_trace:n189865,type_0,type_1,rel_1,0,0,0,0,train:window_22,0,466277.0
2249.0,darpa_trace:n168820,darpa_trace:n195475,type_0,type_1,rel_1,0,0,0,0,train:window_22,0,466644.0
2250.0,darpa_trace:n168820,darpa_trace:n199243,type_0,type_1,rel_1,0,0,0,0,train:window_22,0,466811.0
2251.0,darpa_trace:n168820,darpa_trace:n199475,type_0,type_1,rel_1,0,0,0,0,train:window_22,0,466920.0
2252.0,darpa_trace:n168820,darpa_trace:n200629,type_0,type_1,rel_1,0,0,0,0,train:window_22,0,467034.0
2253.0,darpa_trace:n168820,darpa_trace:n203286,type_0,type_1,rel_1,0,0,0,0,train:window_22,0,467260.0
2254.0,darpa_trace:n168820,darpa_trace:n209962,type_0,type_1,rel_1,0,0,0,0,train:window_22,0,467510.0
2255.0,darpa_trace:n168820,darpa_trace:n209982,type_0,type_1,rel_1,0,0,0,0,train:window_22,0,467520.0
2256.0,darpa_trace:n168820,darpa_trace:n214501,type_0,type_1,rel_1,0,0,0,0,train:window_22,0,467649.0
2257.0,darpa_trace:n168820,darpa_trace:n214521,type_0,type_1,rel_1,0,0,0,0,train:window_22,0,467659.0
2258.0,darpa_trace:n168820,darpa_trace:n215183,type_0,type_1,rel_1,0,0,0,0,train:window_22,0,467812.0
2259.0,darpa_trace:n168820,darpa_trace:n218792,type_0,type_1,rel_1,0,0,0,0,train:window_22,0,468057.0
2260.0,darpa_trace:n168820,darpa_trace:n220505,type_0,type_1,rel_1,0,0,0,0,train:window_22,0,468101.0
2261.0,darpa_trace:n168820,darpa_trace:n224229,type_0,type_1,rel_1,0,0,0,0,train:window_22,0,468348.0
2262.0,darpa_trace:n168820,darpa_trace:n224574,type_0,type_1,rel_1,0,0,0,0,train:window_22,0,468415.0
2263.0,darpa_trace:n168820,darpa_trace:n249106,type_0,type_1,rel_1,0,0,0,0,train:window_22,0,469724.0
2264.0,darpa_trace:n168820,darpa_trace:n253680,type_0,type_1,rel_1,0,0,0,0,train:window_22,0,469808.0
2265.0,darpa_trace:n168820,darpa_trace:n253682,type_0,type_1,rel_1,0,0,0,0,train:window_22,0,469809.0
2266.0,darpa_trace:n168820,darpa_trace:n259951,type_0,type_1,rel_1,0,0,0,0,train:window_22,0,470108.0
2267.0,darpa_trace:n168820,darpa_trace:n260683,type_0,type_4,rel_5,0,0,0,0,train:window_22,0,470173.0
2268.0,darpa_trace:n168820,darpa_trace:n336988,type_0,type_1,rel_1,0,0,0,0,train:window_22,0,470608.0
2269.0,darpa_trace:n168820,darpa_trace:n345325,type_0,type_1,rel_1,0,0,0,0,train:window_22,0,470828.0
2270.0,darpa_trace:n168820,darpa_trace:n345373,type_0,type_1,rel_1,0,0,0,0,train:window_22,0,470852.0
2271.0,darpa_trace:n168820,darpa_trace:n349444,type_0,type_1,rel_1,0,0,0,0,train:window_22,0,470931.0
2272.0,darpa_trace:n168820,darpa_trace:n353752,type_0,type_1,rel_1,0,0,0,0,train:window_22,0,471102.0
2273.0,darpa_trace:n168820,darpa_trace:n358525,type_0,type_1,rel_1,0,0,0,0,train:window_22,0,471235.0
2274.0,darpa_trace:n168820,darpa_trace:n380442,type_0,type_1,rel_1,0,0,0,0,train:window_22,0,471666.0
2275.0,darpa_trace:n168820,darpa_trace:n407252,type_0,type_1,rel_1,0,0,0,0,train:window_22,0,472112.0
2276.0,darpa_trace:n168820,darpa_trace:n415479,type_0,type_1,rel_1,0,0,0,0,train:window_22,0,472291.0
2277.0,darpa_trace:n168820,darpa_trace:n423767,type_0,type_1,rel_1,0,0,0,0,train:window_22,0,472519.0
2278.0,darpa_trace:n168820,darpa_trace:n449711,type_0,type_1,rel_1,0,0,0,0,train:window_22,0,472946.0
2279.0,darpa_trace:n168820,darpa_trace:n449727,type_0,type_1,rel_1,0,0,0,0,train:window_22,0,472954.0
2280.0,darpa_trace:n168820,darpa_trace:n470518,type_0,type_1,rel_1,0,0,0,0,train:window_22,0,473329.0
2281.0,darpa_trace:n168820,darpa_trace:n535069,type_0,type_1,rel_1,0,0,0,0,train:window_22,0,473863.0
2282.0,darpa_trace:n168820,darpa_trace:n577130,type_0,type_1,rel_1,0,0,0,0,train:window_22,0,474226.0
2283.0,darpa_trace:n168820,darpa_trace:n597862,type_0,type_1,rel_1,0,0,0,0,train:window_22,0,474581.0
2284.0,darpa_trace:n168820,darpa_trace:n625421,type_0,type_1,rel_1,0,0,0,0,train:window_22,0,474964.0
2285.0,darpa_trace:n168820,darpa_trace:n632444,type_0,type_1,rel_1,0,0,0,0,train:window_22,0,475146.0
2286.0,darpa_trace:n168820,darpa_trace:n639241,type_0,type_1,rel_1,0,0,0,0,train:window_22,0,475212.0
2287.0,darpa_trace:n168820,darpa_trace:n646179,type_0,type_1,rel_1,0,0,0,0,train:window_22,0,475343.0
2288.0,darpa_trace:n168820,darpa_trace:n666492,type_0,type_1,rel_1,0,0,0,0,train:window_22,0,476210.0
2289.0,darpa_trace:n168980,darpa_trace:n168820,type_1,type_0,rel_0,0,0,0,0,train:window_22,0,476302.0
2290.0,darpa_trace:n170666,darpa_trace:n168820,type_1,type_0,rel_0,0,0,0,0,train:window_22,0,477280.0
2291.0,darpa_trace:n171443,darpa_trace:n168820,type_1,type_0,rel_0,0,0,0,0,train:window_22,0,477827.0
2292.0,darpa_trace:n171553,darpa_trace:n168820,type_1,type_0,rel_0,0,0,0,0,train:window_22,0,477882.0
2293.0,darpa_trace:n172029,darpa_trace:n168820,type_1,type_0,rel_0,0,0,0,0,train:window_22,0,478118.0
2294.0,darpa_trace:n172255,darpa_trace:n166441,type_1,type_0,rel_0,0,0,0,0,train:window_22,0,478231.0
2295.0,darpa_trace:n173091,darpa_trace:n167800,type_1,type_0,rel_0,0,0,0,0,train:window_22,0,478676.0
2296.0,darpa_trace:n173140,darpa_trace:n193152,type_0,type_3,rel_8,0,0,0,0,train:window_22,0,478726.0
2297.0,darpa_trace:n173304,darpa_trace:n168820,type_1,type_0,rel_0,0,0,0,0,train:window_22,0,479031.0
2298.0,darpa_trace:n173773,darpa_trace:n173557,type_3,type_0,rel_0,0,0,0,0,train:window_22,0,479431.0
2299.0,darpa_trace:n173789,darpa_trace:n248649,type_0,type_3,rel_8,0,0,0,0,train:window_22,0,479525.0
2300.0,darpa_trace:n174131,darpa_trace:n241494,type_0,type_3,rel_12,0,0,0,0,train:window_22,0,479878.0
2301.0,darpa_trace:n174131,darpa_trace:n296162,type_0,type_3,rel_8,0,0,0,0,train:window_23,0,479925.0
2302.0,darpa_trace:n174371,darpa_trace:n190,type_1,type_0,rel_0,0,0,0,0,train:window_23,0,480317.0
2303.0,darpa_trace:n174559,darpa_trace:n166441,type_1,type_0,rel_0,0,0,0,0,train:window_23,0,480416.0
2304.0,darpa_trace:n174993,darpa_trace:n167800,type_1,type_0,rel_0,0,0,0,0,train:window_23,0,480609.0
2305.0,darpa_trace:n175193,darpa_trace:n168820,type_1,type_0,rel_0,0,0,0,0,train:window_23,0,480701.0
2306.0,darpa_trace:n176760,darpa_trace:n167800,type_1,type_0,rel_0,0,0,0,0,train:window_23,0,481487.0
2307.0,darpa_trace:n177279,darpa_trace:n167800,type_1,type_0,rel_0,0,0,0,0,train:window_23,0,481767.0
2308.0,darpa_trace:n177628,darpa_trace:n167800,type_1,type_0,rel_0,0,0,0,0,train:window_23,0,481955.0
2309.0,darpa_trace:n178732,darpa_trace:n167800,type_1,type_0,rel_0,0,0,0,0,train:window_23,0,482569.0
2310.0,darpa_trace:n178879,darpa_trace:n167800,type_1,type_0,rel_0,0,0,0,0,train:window_23,0,482649.0
2311.0,darpa_trace:n178970,darpa_trace:n168820,type_1,type_0,rel_0,0,0,0,0,train:window_23,0,482695.0
2312.0,darpa_trace:n179387,darpa_trace:n167800,type_1,type_0,rel_0,0,0,0,0,train:window_23,0,482910.0
2313.0,darpa_trace:n179512,darpa_trace:n2315,type_0,type_4,rel_5,1,1,0,1,train:window_23,1,482983.0
2314.0,darpa_trace:n179512,darpa_trace:n2379,type_0,type_4,rel_5,1,1,0,1,train:window_23,1,483047.0
2315.0,darpa_trace:n179512,darpa_trace:n179577,type_0,type_5,rel_6,0,0,0,0,train:window_23,0,483057.0
2316.0,darpa_trace:n179849,darpa_trace:n192,type_1,type_0,rel_0,0,0,0,0,train:window_23,0,483414.0
2317.0,darpa_trace:n180417,darpa_trace:n136374,type_1,type_0,rel_0,0,0,0,0,train:window_23,0,483904.0
2318.0,darpa_trace:n180451,darpa_trace:n167800,type_1,type_0,rel_0,0,0,0,0,train:window_23,0,483921.0
2319.0,darpa_trace:n180776,darpa_trace:n167800,type_1,type_0,rel_0,0,0,0,0,train:window_23,0,484103.0
2320.0,darpa_trace:n181185,darpa_trace:n167800,type_1,type_0,rel_0,0,0,0,0,train:window_23,0,484383.0
2321.0,darpa_trace:n181432,darpa_trace:n167800,type_1,type_0,rel_0,0,0,0,0,train:window_23,0,484519.0
2322.0,darpa_trace:n181757,darpa_trace:n136374,type_1,type_0,rel_0,0,0,0,0,train:window_23,0,484696.0
2323.0,darpa_trace:n181959,darpa_trace:n182004,type_0,type_5,rel_6,0,0,0,0,train:window_23,0,484870.0
2324.0,darpa_trace:n181959,darpa_trace:n182056,type_0,type_5,rel_6,0,0,0,0,train:window_23,0,484924.0
2325.0,darpa_trace:n181959,darpa_trace:n182593,type_0,type_1,rel_7,0,0,0,0,train:window_23,0,485329.0
2326.0,darpa_trace:n181959,darpa_trace:n182661,type_0,type_1,rel_7,0,0,0,0,train:window_23,0,485397.0
2327.0,darpa_trace:n181959,darpa_trace:n182674,type_0,type_1,rel_7,0,0,0,0,train:window_23,0,485410.0
2328.0,darpa_trace:n182382,darpa_trace:n190,type_1,type_0,rel_0,0,0,0,0,train:window_23,0,485638.0
2329.0,darpa_trace:n182424,darpa_trace:n138282,type_0,type_4,rel_5,0,0,0,0,train:window_23,0,485753.0
2330.0,darpa_trace:n182859,darpa_trace:n167800,type_1,type_0,rel_0,0,0,0,0,train:window_23,0,486140.0
2331.0,darpa_trace:n182946,darpa_trace:n168820,type_1,type_0,rel_0,0,0,0,0,train:window_23,0,486192.0
2332.0,darpa_trace:n183091,darpa_trace:n166441,type_1,type_0,rel_0,0,0,0,0,train:window_23,0,486264.0
2333.0,darpa_trace:n183791,darpa_trace:n168820,type_1,type_0,rel_0,0,0,0,0,train:window_23,0,486738.0
2334.0,darpa_trace:n184091,darpa_trace:n168820,type_1,type_0,rel_0,0,0,0,0,train:window_23,0,486888.0
2335.0,darpa_trace:n184151,darpa_trace:n192,type_1,type_0,rel_0,0,0,0,0,train:window_23,0,486929.0
2336.0,darpa_trace:n184717,darpa_trace:n166441,type_1,type_0,rel_0,0,0,0,0,train:window_23,0,487221.0
2337.0,darpa_trace:n185258,darpa_trace:n167800,type_1,type_0,rel_0,0,0,0,0,train:window_23,0,487510.0
2338.0,darpa_trace:n185367,darpa_trace:n166441,type_1,type_0,rel_0,0,0,0,0,train:window_23,0,487565.0
2339.0,darpa_trace:n185617,darpa_trace:n167800,type_1,type_0,rel_0,0,0,0,0,train:window_23,0,487680.0
2340.0,darpa_trace:n186092,darpa_trace:n167800,type_1,type_0,rel_0,0,0,0,0,train:window_23,0,487946.0
2341.0,darpa_trace:n186592,darpa_trace:n195,type_1,type_0,rel_0,0,0,0,0,train:window_23,0,488219.0
2342.0,darpa_trace:n186695,darpa_trace:n168820,type_1,type_0,rel_0,0,0,0,0,train:window_23,0,488285.0
2343.0,darpa_trace:n187460,darpa_trace:n166441,type_1,type_0,rel_0,0,0,0,0,train:window_23,0,488640.0
2344.0,darpa_trace:n187958,darpa_trace:n167800,type_1,type_0,rel_0,0,0,0,0,train:window_23,0,488855.0
2345.0,darpa_trace:n188917,darpa_trace:n167800,type_1,type_0,rel_0,0,0,0,0,train:window_23,0,489308.0
2346.0,darpa_trace:n190016,darpa_trace:n167800,type_1,type_0,rel_0,0,0,0,0,train:window_23,0,489886.0
2347.0,darpa_trace:n190422,darpa_trace:n167800,type_1,type_0,rel_0,0,0,0,0,train:window_23,0,490107.0
2348.0,darpa_trace:n190792,darpa_trace:n167800,type_1,type_0,rel_0,0,0,0,0,train:window_23,0,490304.0
2349.0,darpa_trace:n191427,darpa_trace:n167800,type_1,type_0,rel_0,0,0,0,0,train:window_23,0,490636.0
2350.0,darpa_trace:n191730,darpa_trace:n166441,type_1,type_0,rel_0,0,0,0,0,train:window_23,0,490820.0
2351.0,darpa_trace:n192019,darpa_trace:n167800,type_1,type_0,rel_0,0,0,0,0,train:window_23,0,490990.0
2352.0,darpa_trace:n193314,darpa_trace:n168820,type_1,type_0,rel_0,0,0,0,0,train:window_23,0,491680.0
2353.0,darpa_trace:n194377,darpa_trace:n167800,type_1,type_0,rel_0,0,0,0,0,train:window_23,0,492262.0
2354.0,darpa_trace:n195187,darpa_trace:n167800,type_1,type_0,rel_0,0,0,0,0,train:window_23,0,492692.0
2355.0,darpa_trace:n195209,darpa_trace:n167800,type_1,type_0,rel_0,0,0,0,0,train:window_23,0,492703.0
2356.0,darpa_trace:n195371,darpa_trace:n167800,type_1,type_0,rel_0,0,0,0,0,train:window_23,0,492785.0
2357.0,darpa_trace:n195668,darpa_trace:n167800,type_1,type_0,rel_0,0,0,0,0,train:window_23,0,492934.0
2358.0,darpa_trace:n195705,darpa_trace:n167800,type_1,type_0,rel_0,0,0,0,0,train:window_23,0,492954.0
2359.0,darpa_trace:n195970,darpa_trace:n167800,type_1,type_0,rel_0,0,0,0,0,train:window_23,0,493094.0
2360.0,darpa_trace:n196811,darpa_trace:n167800,type_1,type_0,rel_0,0,0,0,0,train:window_23,0,493510.0
2361.0,darpa_trace:n197734,darpa_trace:n167800,type_1,type_0,rel_0,0,0,0,0,train:window_23,0,493994.0
2362.0,darpa_trace:n198025,darpa_trace:n167800,type_1,type_0,rel_0,0,0,0,0,train:window_23,0,494150.0
2363.0,darpa_trace:n198257,darpa_trace:n167800,type_1,type_0,rel_0,0,0,0,0,train:window_23,0,494272.0
2364.0,darpa_trace:n198605,darpa_trace:n18,type_3,type_0,rel_0,0,0,0,0,train:window_23,0,494455.0
2365.0,darpa_trace:n199871,darpa_trace:n167800,type_1,type_0,rel_0,0,0,0,0,train:window_23,0,495112.0
2366.0,darpa_trace:n199932,darpa_trace:n167800,type_1,type_0,rel_0,0,0,0,0,train:window_23,0,495143.0
2367.0,darpa_trace:n201200,darpa_trace:n192,type_1,type_0,rel_0,0,0,0,0,train:window_23,0,495818.0
2368.0,darpa_trace:n201551,darpa_trace:n190,type_1,type_0,rel_0,0,0,0,0,train:window_23,0,496011.0
2369.0,darpa_trace:n201909,darpa_trace:n167800,type_1,type_0,rel_0,0,0,0,0,train:window_23,0,496195.0
2370.0,darpa_trace:n202227,darpa_trace:n167800,type_1,type_0,rel_0,0,0,0,0,train:window_23,0,496338.0
2371.0,darpa_trace:n202354,darpa_trace:n167800,type_1,type_0,rel_0,0,0,0,0,train:window_23,0,496393.0
2372.0,darpa_trace:n202698,darpa_trace:n167800,type_1,type_0,rel_0,0,0,0,0,train:window_23,0,496537.0
2373.0,darpa_trace:n202975,darpa_trace:n167800,type_1,type_0,rel_0,0,0,0,0,train:window_23,0,496649.0
2374.0,darpa_trace:n203137,darpa_trace:n167800,type_1,type_0,rel_0,0,0,0,0,train:window_23,0,496719.0
2375.0,darpa_trace:n203309,darpa_trace:n168820,type_1,type_0,rel_0,0,0,0,0,train:window_23,0,496804.0
2376.0,darpa_trace:n204165,darpa_trace:n168820,type_1,type_0,rel_0,0,0,0,0,train:window_23,0,497200.0
2377.0,darpa_trace:n204995,darpa_trace:n167800,type_1,type_0,rel_0,0,0,0,0,train:window_23,0,497563.0
2378.0,darpa_trace:n205029,darpa_trace:n167800,type_1,type_0,rel_0,0,0,0,0,train:window_23,0,497583.0
2379.0,darpa_trace:n205260,darpa_trace:n167800,type_1,type_0,rel_0,0,0,0,0,train:window_23,0,497702.0
2380.0,darpa_trace:n205278,darpa_trace:n167800,type_1,type_0,rel_0,0,0,0,0,train:window_23,0,497711.0
2381.0,darpa_trace:n205677,darpa_trace:n167800,type_1,type_0,rel_0,0,0,0,0,train:window_23,0,497918.0
2382.0,darpa_trace:n205831,darpa_trace:n167800,type_1,type_0,rel_0,0,0,0,0,train:window_23,0,497999.0
2383.0,darpa_trace:n207259,darpa_trace:n167800,type_1,type_0,rel_0,0,0,0,0,train:window_23,0,498747.0
2384.0,darpa_trace:n207924,darpa_trace:n168820,type_1,type_0,rel_0,0,0,0,0,train:window_23,0,499092.0
2385.0,darpa_trace:n208285,darpa_trace:n167800,type_1,type_0,rel_0,0,0,0,0,train:window_23,0,499287.0
2386.0,darpa_trace:n208378,darpa_trace:n192,type_1,type_0,rel_0,0,0,0,0,train:window_23,0,499338.0
2387.0,darpa_trace:n208432,darpa_trace:n166441,type_1,type_0,rel_0,0,0,0,0,train:window_23,0,499363.0
2388.0,darpa_trace:n209379,darpa_trace:n190,type_1,type_0,rel_0,0,0,0,0,train:window_23,0,499875.0
2389.0,darpa_trace:n209610,darpa_trace:n167800,type_1,type_0,rel_0,0,0,0,0,train:window_23,0,500001.0
2390.0,darpa_trace:n209657,darpa_trace:n18,type_3,type_0,rel_0,0,0,0,0,train:window_23,0,500025.0
2391.0,darpa_trace:n209687,darpa_trace:n167800,type_1,type_0,rel_0,0,0,0,0,train:window_23,0,500041.0
2392.0,darpa_trace:n210738,darpa_trace:n167800,type_1,type_0,rel_0,0,0,0,0,train:window_23,0,500584.0
2393.0,darpa_trace:n210759,darpa_trace:n167800,type_1,type_0,rel_0,0,0,0,0,train:window_23,0,500595.0
2394.0,darpa_trace:n210781,darpa_trace:n210782,type_0,type_0,rel_13,0,0,0,0,train:window_23,0,500610.0
2395.0,darpa_trace:n210785,darpa_trace:n210884,type_0,type_5,rel_11,0,0,0,0,train:window_23,0,500733.0
2396.0,darpa_trace:n210785,darpa_trace:n210984,type_0,type_5,rel_11,0,0,0,0,train:window_23,0,500862.0
2397.0,darpa_trace:n210785,darpa_trace:n211090,type_0,type_1,rel_7,0,0,0,0,train:window_23,0,500963.0
2398.0,darpa_trace:n211586,darpa_trace:n167800,type_1,type_0,rel_0,0,0,0,0,train:window_23,0,501475.0
2399.0,darpa_trace:n211740,darpa_trace:n136374,type_1,type_0,rel_0,0,0,0,0,train:window_23,0,501560.0
2400.0,darpa_trace:n212487,darpa_trace:n18,type_3,type_0,rel_0,0,0,0,0,train:window_23,0,502022.0
2401.0,darpa_trace:n212665,darpa_trace:n167800,type_1,type_0,rel_0,0,0,0,0,train:window_24,0,502120.0
2402.0,darpa_trace:n212822,darpa_trace:n167800,type_1,type_0,rel_0,0,0,0,0,train:window_24,0,502211.0
2403.0,darpa_trace:n213298,darpa_trace:n213756,type_0,type_5,rel_11,0,0,0,0,train:window_24,0,502888.0
2404.0,darpa_trace:n213298,darpa_trace:n6748,type_0,type_2,rel_12,0,0,0,0,train:window_24,0,502908.0
2405.0,darpa_trace:n213298,darpa_trace:n214067,type_0,type_1,rel_7,0,0,0,0,train:window_24,0,503116.0
2406.0,darpa_trace:n213298,darpa_trace:n214080,type_0,type_1,rel_7,0,0,0,0,train:window_24,0,503129.0
2407.0,darpa_trace:n213298,darpa_trace:n214098,type_0,type_1,rel_7,0,0,0,0,train:window_24,0,503147.0
2408.0,darpa_trace:n213901,darpa_trace:n213298,type_1,type_0,rel_0,0,0,0,0,train:window_24,0,503539.0
2409.0,darpa_trace:n215955,darpa_trace:n167800,type_1,type_0,rel_0,0,0,0,0,train:window_24,0,504839.0
2410.0,darpa_trace:n216176,darpa_trace:n167800,type_1,type_0,rel_0,0,0,0,0,train:window_24,0,504952.0
2411.0,darpa_trace:n216544,darpa_trace:n167800,type_1,type_0,rel_0,0,0,0,0,train:window_24,0,505146.0
2412.0,darpa_trace:n217233,darpa_trace:n192,type_1,type_0,rel_0,0,0,0,0,train:window_24,0,505496.0
2413.0,darpa_trace:n218102,darpa_trace:n166441,type_1,type_0,rel_0,0,0,0,0,train:window_24,0,505963.0
2414.0,darpa_trace:n218717,darpa_trace:n168820,type_1,type_0,rel_0,0,0,0,0,train:window_24,0,506245.0
2415.0,darpa_trace:n219267,darpa_trace:n166441,type_1,type_0,rel_0,0,0,0,0,train:window_24,0,506490.0
2416.0,darpa_trace:n219371,darpa_trace:n167800,type_1,type_0,rel_0,0,0,0,0,train:window_24,0,506537.0
2417.0,darpa_trace:n219433,darpa_trace:n167800,type_1,type_0,rel_0,0,0,0,0,train:window_24,0,506564.0
2418.0,darpa_trace:n221374,darpa_trace:n167800,type_1,type_0,rel_0,0,0,0,0,train:window_24,0,507552.0
2419.0,darpa_trace:n221438,darpa_trace:n167800,type_1,type_0,rel_0,0,0,0,0,train:window_24,0,507584.0
2420.0,darpa_trace:n222193,darpa_trace:n167800,type_1,type_0,rel_0,0,0,0,0,train:window_24,0,507983.0
2421.0,darpa_trace:n222487,darpa_trace:n18,type_3,type_0,rel_0,0,0,0,0,train:window_24,0,508142.0
2422.0,darpa_trace:n222939,darpa_trace:n167800,type_1,type_0,rel_0,0,0,0,0,train:window_24,0,508430.0
2423.0,darpa_trace:n223087,darpa_trace:n166441,type_1,type_0,rel_0,0,0,0,0,train:window_24,0,508497.0
2424.0,darpa_trace:n223549,darpa_trace:n167800,type_1,type_0,rel_0,0,0,0,0,train:window_24,0,508734.0
2425.0,darpa_trace:n223593,darpa_trace:n167800,type_1,type_0,rel_0,0,0,0,0,train:window_24,0,508756.0
2426.0,darpa_trace:n223603,darpa_trace:n167800,type_1,type_0,rel_0,0,0,0,0,train:window_24,0,508761.0
2427.0,darpa_trace:n224521,darpa_trace:n168820,type_1,type_0,rel_0,0,0,0,0,train:window_24,0,509227.0
2428.0,darpa_trace:n224708,darpa_trace:n167800,type_1,type_0,rel_0,0,0,0,0,train:window_24,0,509346.0
2429.0,darpa_trace:n224995,darpa_trace:n167800,type_1,type_0,rel_0,0,0,0,0,train:window_24,0,509484.0
2430.0,darpa_trace:n225122,darpa_trace:n167800,type_1,type_0,rel_0,0,0,0,0,train:window_24,0,509549.0
2431.0,darpa_trace:n225885,darpa_trace:n167800,type_1,type_0,rel_0,0,0,0,0,train:window_24,0,509955.0
2432.0,darpa_trace:n226396,darpa_trace:n168820,type_1,type_0,rel_0,0,0,0,0,train:window_24,0,510216.0
2433.0,darpa_trace:n226932,darpa_trace:n167800,type_1,type_0,rel_0,0,0,0,0,train:window_24,0,510495.0
2434.0,darpa_trace:n227836,darpa_trace:n167800,type_1,type_0,rel_0,0,0,0,0,train:window_24,0,510956.0
2435.0,darpa_trace:n228072,darpa_trace:n167800,type_1,type_0,rel_0,0,0,0,0,train:window_24,0,511084.0
2436.0,darpa_trace:n228205,darpa_trace:n167800,type_1,type_0,rel_0,0,0,0,0,train:window_24,0,511154.0
2437.0,darpa_trace:n228467,darpa_trace:n167800,type_1,type_0,rel_0,0,0,0,0,train:window_24,0,511299.0
2438.0,darpa_trace:n229003,darpa_trace:n167800,type_1,type_0,rel_0,0,0,0,0,train:window_24,0,511572.0
2439.0,darpa_trace:n229310,darpa_trace:n167800,type_1,type_0,rel_0,0,0,0,0,train:window_24,0,511734.0
2440.0,darpa_trace:n229333,darpa_trace:n167800,type_1,type_0,rel_0,0,0,0,0,train:window_24,0,511746.0
2441.0,darpa_trace:n229569,darpa_trace:n167800,type_1,type_0,rel_0,0,0,0,0,train:window_24,0,511870.0
2442.0,darpa_trace:n230570,darpa_trace:n167800,type_1,type_0,rel_0,0,0,0,0,train:window_24,0,512416.0
2443.0,darpa_trace:n230800,darpa_trace:n167800,type_1,type_0,rel_0,0,0,0,0,train:window_24,0,512519.0
2444.0,darpa_trace:n231510,darpa_trace:n168820,type_1,type_0,rel_0,0,0,0,0,train:window_24,0,512902.0
2445.0,darpa_trace:n231592,darpa_trace:n168820,type_1,type_0,rel_0,0,0,0,0,train:window_24,0,512943.0
2446.0,darpa_trace:n233120,darpa_trace:n166441,type_1,type_0,rel_0,0,0,0,0,train:window_24,0,513693.0
2447.0,darpa_trace:n233140,darpa_trace:n192,type_1,type_0,rel_0,0,0,0,0,train:window_24,0,513702.0
2448.0,darpa_trace:n233839,darpa_trace:n168820,type_1,type_0,rel_0,0,0,0,0,train:window_24,0,514049.0
2449.0,darpa_trace:n234993,darpa_trace:n167800,type_1,type_0,rel_0,0,0,0,0,train:window_24,0,514645.0
2450.0,darpa_trace:n235133,darpa_trace:n167800,type_1,type_0,rel_0,0,0,0,0,train:window_24,0,514722.0
2451.0,darpa_trace:n235580,darpa_trace:n167800,type_1,type_0,rel_0,0,0,0,0,train:window_24,0,514959.0
2452.0,darpa_trace:n235668,darpa_trace:n167800,type_1,type_0,rel_0,0,0,0,0,train:window_24,0,515007.0
2453.0,darpa_trace:n236895,darpa_trace:n167800,type_1,type_0,rel_0,0,0,0,0,train:window_24,0,515640.0
2454.0,darpa_trace:n237825,darpa_trace:n166441,type_1,type_0,rel_0,0,0,0,0,train:window_24,0,516132.0
2455.0,darpa_trace:n238062,darpa_trace:n167800,type_1,type_0,rel_0,0,0,0,0,train:window_24,0,516271.0
2456.0,darpa_trace:n238231,darpa_trace:n166441,type_1,type_0,rel_0,0,0,0,0,train:window_24,0,516352.0
2457.0,darpa_trace:n238794,darpa_trace:n166441,type_1,type_0,rel_0,0,0,0,0,train:window_24,0,516635.0
2458.0,darpa_trace:n239172,darpa_trace:n6623,type_1,type_0,rel_0,0,0,0,0,train:window_24,0,516815.0
2459.0,darpa_trace:n239886,darpa_trace:n240010,type_0,type_5,rel_11,0,0,0,0,train:window_24,0,517363.0
2460.0,darpa_trace:n240194,darpa_trace:n192,type_1,type_0,rel_0,0,0,0,0,train:window_24,0,517625.0
2461.0,darpa_trace:n240341,darpa_trace:n6626,type_1,type_0,rel_0,0,0,0,0,train:window_24,0,517746.0
2462.0,darpa_trace:n240426,darpa_trace:n195,type_1,type_0,rel_0,0,0,0,0,train:window_24,0,517831.0
2463.0,darpa_trace:n240850,darpa_trace:n167800,type_1,type_0,rel_0,0,0,0,0,train:window_24,0,518165.0
2464.0,darpa_trace:n241130,darpa_trace:n167800,type_1,type_0,rel_0,0,0,0,0,train:window_24,0,518313.0
2465.0,darpa_trace:n241789,darpa_trace:n167800,type_1,type_0,rel_0,0,0,0,0,train:window_24,0,518734.0
2466.0,darpa_trace:n242375,darpa_trace:n2315,type_0,type_4,rel_5,1,1,0,1,train:window_24,1,519078.0
2467.0,darpa_trace:n242375,darpa_trace:n242669,type_0,type_5,rel_11,0,0,0,0,train:window_24,0,519386.0
2468.0,darpa_trace:n242375,darpa_trace:n243119,type_0,type_1,rel_7,0,0,0,0,train:window_24,0,519703.0
2469.0,darpa_trace:n242375,darpa_trace:n243136,type_0,type_1,rel_7,0,0,0,0,train:window_24,0,519719.0
2470.0,darpa_trace:n242375,darpa_trace:n243228,type_0,type_1,rel_7,0,0,0,0,train:window_24,0,519783.0
2471.0,darpa_trace:n242831,darpa_trace:n242852,type_0,type_5,rel_6,0,0,0,0,train:window_24,0,519940.0
2472.0,darpa_trace:n243686,darpa_trace:n192,type_1,type_0,rel_0,0,0,0,0,train:window_24,0,520605.0
2473.0,darpa_trace:n244168,darpa_trace:n168820,type_1,type_0,rel_0,0,0,0,0,train:window_24,0,520960.0
2474.0,darpa_trace:n244390,darpa_trace:n168820,type_1,type_0,rel_0,0,0,0,0,train:window_24,0,521071.0
2475.0,darpa_trace:n244402,darpa_trace:n168820,type_1,type_0,rel_0,0,0,0,0,train:window_24,0,521077.0
2476.0,darpa_trace:n245060,darpa_trace:n166441,type_1,type_0,rel_0,0,0,0,0,train:window_24,0,521421.0
2477.0,darpa_trace:n245639,darpa_trace:n167800,type_1,type_0,rel_0,0,0,0,0,train:window_24,0,521721.0
2478.0,darpa_trace:n245803,darpa_trace:n167800,type_1,type_0,rel_0,0,0,0,0,train:window_24,0,521794.0
2479.0,darpa_trace:n245865,darpa_trace:n166441,type_1,type_0,rel_0,0,0,0,0,train:window_24,0,521824.0
2480.0,darpa_trace:n247101,darpa_trace:n166441,type_1,type_0,rel_0,0,0,0,0,train:window_24,0,522500.0
2481.0,darpa_trace:n247117,darpa_trace:n166441,type_1,type_0,rel_0,0,0,0,0,train:window_24,0,522508.0
2482.0,darpa_trace:n247362,darpa_trace:n167800,type_1,type_0,rel_0,0,0,0,0,train:window_24,0,522618.0
2483.0,darpa_trace:n247754,darpa_trace:n166441,type_1,type_0,rel_0,0,0,0,0,train:window_24,0,522806.0
2484.0,darpa_trace:n247942,darpa_trace:n167800,type_1,type_0,rel_0,0,0,0,0,train:window_24,0,522896.0
2485.0,darpa_trace:n248615,darpa_trace:n167800,type_1,type_0,rel_0,0,0,0,0,train:window_24,0,523249.0
2486.0,darpa_trace:n249089,darpa_trace:n168820,type_1,type_0,rel_0,0,0,0,0,train:window_24,0,523496.0
2487.0,darpa_trace:n249577,darpa_trace:n167800,type_1,type_0,rel_0,0,0,0,0,train:window_24,0,523745.0
2488.0,darpa_trace:n249590,darpa_trace:n167800,type_1,type_0,rel_0,0,0,0,0,train:window_24,0,523752.0
2489.0,darpa_trace:n250755,darpa_trace:n167800,type_1,type_0,rel_0,0,0,0,0,train:window_24,0,524358.0
2490.0,darpa_trace:n252322,darpa_trace:n167800,type_1,type_0,rel_0,0,0,0,0,train:window_24,0,525190.0
2491.0,darpa_trace:n254063,darpa_trace:n167800,type_1,type_0,rel_0,0,0,0,0,train:window_24,0,526083.0
2492.0,darpa_trace:n255226,darpa_trace:n195,type_1,type_0,rel_0,0,0,0,0,train:window_24,0,526703.0
2493.0,darpa_trace:n255309,darpa_trace:n167800,type_1,type_0,rel_0,0,0,0,0,train:window_24,0,526746.0
2494.0,darpa_trace:n255436,darpa_trace:n192,type_1,type_0,rel_0,0,0,0,0,train:window_24,0,526835.0
2495.0,darpa_trace:n255553,darpa_trace:n169813,type_3,type_0,rel_0,0,0,0,0,train:window_24,0,526904.0
2496.0,darpa_trace:n256678,darpa_trace:n166441,type_1,type_0,rel_0,0,0,0,0,train:window_24,0,527447.0
2497.0,darpa_trace:n256778,darpa_trace:n167800,type_1,type_0,rel_0,0,0,0,0,train:window_24,0,527489.0
2498.0,darpa_trace:n257093,darpa_trace:n167800,type_1,type_0,rel_0,0,0,0,0,train:window_24,0,527648.0
2499.0,darpa_trace:n257544,darpa_trace:n166861,type_4,type_0,rel_2,0,0,0,0,train:window_24,0,527887.0
2500.0,darpa_trace:n257814,darpa_trace:n167800,type_1,type_0,rel_0,0,0,0,0,train:window_24,0,528027.0
2501.0,darpa_trace:n258906,darpa_trace:n167800,type_1,type_0,rel_0,0,0,0,0,train:window_25,0,528574.0
2502.0,darpa_trace:n259321,darpa_trace:n167800,type_1,type_0,rel_0,0,0,0,0,train:window_25,0,528776.0
2503.0,darpa_trace:n259779,darpa_trace:n167800,type_1,type_0,rel_0,0,0,0,0,train:window_25,0,529002.0
2504.0,darpa_trace:n259808,darpa_trace:n167800,type_1,type_0,rel_0,0,0,0,0,train:window_25,0,529016.0
2505.0,darpa_trace:n260337,darpa_trace:n166441,type_1,type_0,rel_0,0,0,0,0,train:window_25,0,529226.0
2506.0,darpa_trace:n260503,darpa_trace:n166441,type_1,type_0,rel_0,0,0,0,0,train:window_25,0,529303.0
2507.0,darpa_trace:n261366,darpa_trace:n167800,type_1,type_0,rel_0,0,0,0,0,train:window_25,0,529696.0
2508.0,darpa_trace:n261407,darpa_trace:n166441,type_1,type_0,rel_0,0,0,0,0,train:window_25,0,529715.0
2509.0,darpa_trace:n262119,darpa_trace:n166441,type_1,type_0,rel_0,0,0,0,0,train:window_25,0,530040.0
2510.0,darpa_trace:n262502,darpa_trace:n167800,type_1,type_0,rel_0,0,0,0,0,train:window_25,0,530219.0
2511.0,darpa_trace:n262782,darpa_trace:n167800,type_1,type_0,rel_0,0,0,0,0,train:window_25,0,530366.0
2512.0,darpa_trace:n263017,darpa_trace:n167800,type_1,type_0,rel_0,0,0,0,0,train:window_25,0,530487.0
2513.0,darpa_trace:n263041,darpa_trace:n167800,type_1,type_0,rel_0,0,0,0,0,train:window_25,0,530499.0
2514.0,darpa_trace:n263238,darpa_trace:n166441,type_1,type_0,rel_0,0,0,0,0,train:window_25,0,530597.0
2515.0,darpa_trace:n264791,darpa_trace:n264990,type_0,type_5,rel_11,0,0,0,0,train:window_25,0,531654.0
2516.0,darpa_trace:n265326,darpa_trace:n2379,type_0,type_4,rel_5,1,1,0,1,train:window_25,1,532067.0
2517.0,darpa_trace:n265419,darpa_trace:n3042,type_0,type_4,rel_5,0,0,0,0,train:window_25,0,532240.0
2518.0,darpa_trace:n265501,darpa_trace:n265524,type_0,type_5,rel_11,0,0,0,0,train:window_25,0,532325.0
2519.0,darpa_trace:n265530,darpa_trace:n265591,type_0,type_5,rel_6,0,0,0,0,train:window_25,0,532427.0
2520.0,darpa_trace:n265592,darpa_trace:n2315,type_0,type_4,rel_5,1,1,0,1,train:window_25,1,532434.0
2521.0,darpa_trace:n265621,darpa_trace:n265682,type_0,type_5,rel_6,0,0,0,0,train:window_25,0,532563.0
2522.0,darpa_trace:n265683,darpa_trace:n265692,type_0,type_5,rel_6,0,0,0,0,train:window_25,0,532581.0
2523.0,darpa_trace:n265774,darpa_trace:n2379,type_0,type_4,rel_5,1,1,0,1,train:window_25,1,532714.0
2524.0,darpa_trace:n265774,darpa_trace:n265774,type_0,type_0,rel_3,0,0,0,0,train:window_25,0,532742.0
2525.0,darpa_trace:n265805,darpa_trace:n2379,type_0,type_4,rel_5,1,1,0,1,train:window_25,1,532755.0
2526.0,darpa_trace:n265822,darpa_trace:n2315,type_0,type_4,rel_5,1,1,0,1,train:window_25,1,532775.0
2527.0,darpa_trace:n265950,darpa_trace:n2379,type_0,type_4,rel_5,1,1,0,1,train:window_25,1,533018.0
2528.0,darpa_trace:n266008,darpa_trace:n3663,type_0,type_4,rel_5,0,0,0,0,train:window_25,0,533106.0
2529.0,darpa_trace:n266019,darpa_trace:n266029,type_0,type_5,rel_11,0,0,0,0,train:window_25,0,533119.0
2530.0,darpa_trace:n266019,darpa_trace:n266030,type_0,type_0,rel_13,0,0,0,0,train:window_25,0,533121.0
2531.0,darpa_trace:n266123,darpa_trace:n2315,type_0,type_4,rel_5,1,1,0,1,train:window_25,1,533278.0
2532.0,darpa_trace:n266509,darpa_trace:n2315,type_0,type_4,rel_5,1,1,0,1,train:window_25,1,533857.0
2533.0,darpa_trace:n266521,darpa_trace:n2315,type_0,type_4,rel_5,1,1,0,1,train:window_25,1,533873.0
2534.0,darpa_trace:n266583,darpa_trace:n266609,type_0,type_5,rel_6,0,0,0,0,train:window_25,0,533998.0
2535.0,darpa_trace:n266738,darpa_trace:n2379,type_0,type_4,rel_5,1,1,0,1,train:window_25,1,534186.0
2536.0,darpa_trace:n267082,darpa_trace:n267083,type_0,type_5,rel_6,0,0,0,0,train:window_25,0,534683.0
2537.0,darpa_trace:n267082,darpa_trace:n4434,type_0,type_4,rel_5,0,0,0,0,train:window_25,0,534694.0
2538.0,darpa_trace:n267156,darpa_trace:n267242,type_0,type_5,rel_11,0,0,0,0,train:window_25,0,534879.0
2539.0,darpa_trace:n267156,darpa_trace:n4685,type_0,type_4,rel_5,0,0,0,0,train:window_25,0,534918.0
2540.0,darpa_trace:n267156,darpa_trace:n267282,type_0,type_5,rel_11,0,0,0,0,train:window_25,0,534930.0
2541.0,darpa_trace:n267156,darpa_trace:n267339,type_0,type_5,rel_11,0,0,0,0,train:window_25,0,534997.0
2542.0,darpa_trace:n267437,darpa_trace:n2379,type_0,type_4,rel_5,1,1,0,1,train:window_25,1,535128.0
2543.0,darpa_trace:n267588,darpa_trace:n167800,type_1,type_0,rel_0,0,0,0,0,train:window_25,0,535230.0
2544.0,darpa_trace:n268548,darpa_trace:n2679,type_1,type_0,rel_0,0,0,0,0,train:window_25,0,535750.0
2545.0,darpa_trace:n268593,darpa_trace:n2679,type_1,type_0,rel_0,0,0,0,0,train:window_25,0,535783.0
2546.0,darpa_trace:n268863,darpa_trace:n167800,type_1,type_0,rel_0,0,0,0,0,train:window_25,0,535936.0
2547.0,darpa_trace:n269472,darpa_trace:n167800,type_1,type_0,rel_0,0,0,0,0,train:window_25,0,536248.0
2548.0,darpa_trace:n269831,darpa_trace:n2694,type_1,type_0,rel_0,0,0,0,0,train:window_25,0,536691.0
2549.0,darpa_trace:n269916,darpa_trace:n269918,type_0,type_5,rel_6,0,0,0,0,train:window_25,0,536785.0
2550.0,darpa_trace:n269951,darpa_trace:n2379,type_0,type_4,rel_5,1,1,0,1,train:window_25,1,536837.0
2551.0,darpa_trace:n269997,darpa_trace:n2379,type_0,type_4,rel_5,1,1,0,1,train:window_25,1,536912.0
2552.0,darpa_trace:n270041,darpa_trace:n2315,type_0,type_4,rel_5,1,1,0,1,train:window_25,1,536958.0
2553.0,darpa_trace:n270041,darpa_trace:n2379,type_0,type_4,rel_5,1,1,0,1,train:window_25,1,536960.0
2554.0,darpa_trace:n270209,darpa_trace:n2315,type_0,type_4,rel_5,1,1,0,1,train:window_25,1,537219.0
2555.0,darpa_trace:n270329,darpa_trace:n2315,type_0,type_4,rel_5,1,1,0,1,train:window_25,1,537396.0
2556.0,darpa_trace:n270465,darpa_trace:n270503,type_0,type_5,rel_11,0,0,0,0,train:window_25,0,537637.0
2557.0,darpa_trace:n270569,darpa_trace:n2315,type_0,type_4,rel_5,1,1,0,1,train:window_25,1,537802.0
2558.0,darpa_trace:n270740,darpa_trace:n2315,type_0,type_4,rel_5,1,1,0,1,train:window_25,1,538063.0
2559.0,darpa_trace:n270740,darpa_trace:n2379,type_0,type_4,rel_5,1,1,0,1,train:window_25,1,538085.0
2560.0,darpa_trace:n270986,darpa_trace:n2315,type_0,type_4,rel_5,1,1,0,1,train:window_25,1,538431.0
2561.0,darpa_trace:n271077,darpa_trace:n2315,type_0,type_4,rel_5,1,1,0,1,train:window_25,1,538567.0
2562.0,darpa_trace:n271108,darpa_trace:n2315,type_0,type_4,rel_5,1,1,0,1,train:window_25,1,538609.0
2563.0,darpa_trace:n271189,darpa_trace:n271191,type_0,type_5,rel_6,0,0,0,0,train:window_25,0,538731.0
2564.0,darpa_trace:n271229,darpa_trace:n4230,type_0,type_4,rel_8,0,0,0,0,train:window_25,0,538788.0
2565.0,darpa_trace:n271233,darpa_trace:n2379,type_0,type_4,rel_5,1,1,0,1,train:window_25,1,538812.0
2566.0,darpa_trace:n271233,darpa_trace:n271249,type_0,type_5,rel_6,0,0,0,0,train:window_25,0,538817.0
2567.0,darpa_trace:n271345,darpa_trace:n2669,type_1,type_0,rel_0,0,0,0,0,train:window_25,0,538952.0
2568.0,darpa_trace:n271773,darpa_trace:n2379,type_0,type_4,rel_5,1,1,0,1,train:window_25,1,539618.0
2569.0,darpa_trace:n272474,darpa_trace:n272630,type_0,type_5,rel_11,0,0,0,0,train:window_25,0,540365.0
2570.0,darpa_trace:n272752,darpa_trace:n1019,type_1,type_0,rel_0,0,0,0,0,train:window_25,0,540574.0
2571.0,darpa_trace:n272990,darpa_trace:n2379,type_0,type_4,rel_5,1,1,0,1,train:window_25,1,540815.0
2572.0,darpa_trace:n273045,darpa_trace:n273053,type_0,type_5,rel_6,0,0,0,0,train:window_25,0,540892.0
2573.0,darpa_trace:n273170,darpa_trace:n2379,type_0,type_4,rel_5,1,1,0,1,train:window_25,1,541066.0
2574.0,darpa_trace:n273199,darpa_trace:n3067,type_0,type_4,rel_5,0,0,0,0,train:window_25,0,541174.0
2575.0,darpa_trace:n273384,darpa_trace:n2315,type_0,type_4,rel_5,1,1,0,1,train:window_25,1,541373.0
2576.0,darpa_trace:n273384,darpa_trace:n2379,type_0,type_4,rel_5,1,1,0,1,train:window_25,1,541395.0
2577.0,darpa_trace:n273446,darpa_trace:n273453,type_0,type_5,rel_6,0,0,0,0,train:window_25,0,541477.0
2578.0,darpa_trace:n273520,darpa_trace:n3500,type_0,type_4,rel_5,0,0,0,0,train:window_25,0,541634.0
2579.0,darpa_trace:n273521,darpa_trace:n2379,type_0,type_4,rel_5,1,1,0,1,train:window_25,1,541735.0
2580.0,darpa_trace:n273866,darpa_trace:n195,type_1,type_0,rel_0,0,0,0,0,train:window_25,0,542050.0
2581.0,darpa_trace:n274073,darpa_trace:n274094,type_0,type_5,rel_6,0,0,0,0,train:window_25,0,542323.0
2582.0,darpa_trace:n274146,darpa_trace:n3110,type_0,type_4,rel_5,0,0,0,0,train:window_25,0,542431.0
2583.0,darpa_trace:n274175,darpa_trace:n2379,type_0,type_4,rel_5,1,1,0,1,train:window_25,1,542461.0
2584.0,darpa_trace:n274303,darpa_trace:n2379,type_0,type_4,rel_5,1,1,0,1,train:window_25,1,542613.0
2585.0,darpa_trace:n274365,darpa_trace:n274365,type_0,type_0,rel_3,0,0,0,0,train:window_25,0,542722.0
2586.0,darpa_trace:n274527,darpa_trace:n2379,type_0,type_4,rel_5,1,1,0,1,train:window_25,1,542935.0
2587.0,darpa_trace:n274584,darpa_trace:n167800,type_1,type_0,rel_0,0,0,0,0,train:window_25,0,542993.0
2588.0,darpa_trace:n274755,darpa_trace:n2315,type_0,type_4,rel_5,1,1,0,1,train:window_25,1,543259.0
2589.0,darpa_trace:n274755,darpa_trace:n274953,type_0,type_5,rel_11,0,0,0,0,train:window_25,0,543496.0
2590.0,darpa_trace:n274948,darpa_trace:n274950,type_0,type_5,rel_6,0,0,0,0,train:window_25,0,543518.0
2591.0,darpa_trace:n274997,darpa_trace:n274656,type_8,type_0,rel_2,0,0,0,0,train:window_25,0,543556.0
2592.0,darpa_trace:n275115,darpa_trace:n2315,type_0,type_4,rel_5,1,1,0,1,train:window_25,1,543719.0
2593.0,darpa_trace:n275440,darpa_trace:n166441,type_1,type_0,rel_0,0,0,0,0,train:window_25,0,544041.0
2594.0,darpa_trace:n275698,darpa_trace:n167800,type_1,type_0,rel_0,0,0,0,0,train:window_25,0,544230.0
2595.0,darpa_trace:n276003,darpa_trace:n167800,type_1,type_0,rel_0,0,0,0,0,train:window_25,0,544432.0
2596.0,darpa_trace:n276253,darpa_trace:n167800,type_1,type_0,rel_0,0,0,0,0,train:window_25,0,544586.0
2597.0,darpa_trace:n276307,darpa_trace:n167800,type_1,type_0,rel_0,0,0,0,0,train:window_25,0,544613.0
2598.0,darpa_trace:n276476,darpa_trace:n276506,type_0,type_5,rel_6,0,0,0,0,train:window_25,0,544746.0
2599.0,darpa_trace:n276476,darpa_trace:n276528,type_0,type_5,rel_11,0,0,0,0,train:window_25,0,544774.0
2600.0,darpa_trace:n276476,darpa_trace:n2384,type_0,type_4,rel_5,0,0,0,0,train:window_25,0,544777.0
2601.0,darpa_trace:n276476,darpa_trace:n276689,type_0,type_5,rel_6,0,0,0,0,train:window_26,0,544974.0
2602.0,darpa_trace:n276476,darpa_trace:n4383,type_0,type_6,rel_5,0,0,0,0,train:window_26,0,545052.0
2603.0,darpa_trace:n276639,darpa_trace:n276476,type_3,type_0,rel_0,0,0,0,0,train:window_26,0,545090.0
2604.0,darpa_trace:n276904,darpa_trace:n276907,type_0,type_5,rel_6,0,0,0,0,train:window_26,0,545250.0
2605.0,darpa_trace:n276998,darpa_trace:n2379,type_0,type_4,rel_5,1,1,0,1,train:window_26,1,545373.0
2606.0,darpa_trace:n277156,darpa_trace:n2315,type_0,type_4,rel_5,1,1,0,1,train:window_26,1,545599.0
2607.0,darpa_trace:n277156,darpa_trace:n2379,type_0,type_4,rel_5,1,1,0,1,train:window_26,1,545621.0
2608.0,darpa_trace:n277247,darpa_trace:n277275,type_0,type_5,rel_6,0,0,0,0,train:window_26,0,545770.0
2609.0,darpa_trace:n277309,darpa_trace:n2394,type_0,type_4,rel_5,0,0,0,0,train:window_26,0,545843.0
2610.0,darpa_trace:n277338,darpa_trace:n277368,type_0,type_5,rel_11,0,0,0,0,train:window_26,0,545909.0
2611.0,darpa_trace:n277400,darpa_trace:n277400,type_0,type_0,rel_3,0,0,0,0,train:window_26,0,546002.0
2612.0,darpa_trace:n277503,darpa_trace:n2379,type_0,type_4,rel_5,1,1,0,1,train:window_26,1,546234.0
2613.0,darpa_trace:n277720,darpa_trace:n2379,type_0,type_4,rel_5,1,1,0,1,train:window_26,1,546505.0
2614.0,darpa_trace:n277720,darpa_trace:n277740,type_0,type_5,rel_11,0,0,0,0,train:window_26,0,546521.0
2615.0,darpa_trace:n277840,darpa_trace:n3067,type_0,type_4,rel_5,0,0,0,0,train:window_26,0,546749.0
2616.0,darpa_trace:n277931,darpa_trace:n277944,type_0,type_5,rel_6,0,0,0,0,train:window_26,0,546826.0
2617.0,darpa_trace:n278147,darpa_trace:n2315,type_0,type_4,rel_5,1,1,0,1,train:window_26,1,547133.0
2618.0,darpa_trace:n278185,darpa_trace:n2379,type_0,type_4,rel_5,1,1,0,1,train:window_26,1,547190.0
2619.0,darpa_trace:n278364,darpa_trace:n2379,type_0,type_4,rel_5,1,1,0,1,train:window_26,1,547446.0
2620.0,darpa_trace:n278408,darpa_trace:n2315,type_0,type_4,rel_5,1,1,0,1,train:window_26,1,547541.0
2621.0,darpa_trace:n278452,darpa_trace:n278472,type_0,type_5,rel_11,0,0,0,0,train:window_26,0,547868.0
2622.0,darpa_trace:n279718,darpa_trace:n173557,type_3,type_0,rel_0,0,0,0,0,train:window_26,0,548796.0
2623.0,darpa_trace:n280439,darpa_trace:n280572,type_0,type_5,rel_6,0,0,0,0,train:window_26,0,549341.0
2624.0,darpa_trace:n280439,darpa_trace:n2600,type_0,type_4,rel_5,0,0,0,0,train:window_26,0,549459.0
2625.0,darpa_trace:n280799,darpa_trace:n2379,type_0,type_4,rel_5,1,1,0,1,train:window_26,1,549650.0
2626.0,darpa_trace:n280867,darpa_trace:n2379,type_0,type_4,rel_5,1,1,0,1,train:window_26,1,549742.0
2627.0,darpa_trace:n280894,darpa_trace:n2379,type_0,type_4,rel_5,1,1,0,1,train:window_26,1,549779.0
2628.0,darpa_trace:n280908,darpa_trace:n2379,type_0,type_4,rel_5,1,1,0,1,train:window_26,1,549805.0
2629.0,darpa_trace:n280909,darpa_trace:n2315,type_0,type_4,rel_5,1,1,0,1,train:window_26,1,549819.0
2630.0,darpa_trace:n281056,darpa_trace:n3069,type_0,type_4,rel_5,0,0,0,0,train:window_26,0,550102.0
2631.0,darpa_trace:n281149,darpa_trace:n2379,type_0,type_4,rel_5,1,1,0,1,train:window_26,1,550184.0
2632.0,darpa_trace:n281149,darpa_trace:n281207,type_0,type_5,rel_11,0,0,0,0,train:window_26,0,550231.0
2633.0,darpa_trace:n281211,darpa_trace:n281237,type_0,type_5,rel_6,0,0,0,0,train:window_26,0,550288.0
2634.0,darpa_trace:n281240,darpa_trace:n3014,type_0,type_4,rel_5,0,0,0,0,train:window_26,0,550315.0
2635.0,darpa_trace:n281331,darpa_trace:n281343,type_0,type_5,rel_11,0,0,0,0,train:window_26,0,550448.0
2636.0,darpa_trace:n281376,darpa_trace:n2379,type_0,type_4,rel_5,1,1,0,1,train:window_26,1,550514.0
2637.0,darpa_trace:n281377,darpa_trace:n281387,type_0,type_5,rel_11,0,0,0,0,train:window_26,0,550663.0
2638.0,darpa_trace:n281710,darpa_trace:n281713,type_0,type_0,rel_10,0,0,0,0,train:window_26,0,551058.0
2639.0,darpa_trace:n281713,darpa_trace:n2315,type_0,type_4,rel_5,1,1,0,1,train:window_26,1,551060.0
2640.0,darpa_trace:n281742,darpa_trace:n2315,type_0,type_4,rel_5,1,1,0,1,train:window_26,1,551101.0
2641.0,darpa_trace:n281742,darpa_trace:n2379,type_0,type_4,rel_5,1,1,0,1,train:window_26,1,551123.0
2642.0,darpa_trace:n281804,darpa_trace:n2315,type_0,type_4,rel_5,1,1,0,1,train:window_26,1,551196.0
2643.0,darpa_trace:n281895,darpa_trace:n281900,type_0,type_5,rel_6,0,0,0,0,train:window_26,0,551338.0
2644.0,darpa_trace:n282111,darpa_trace:n2379,type_0,type_4,rel_5,1,1,0,1,train:window_26,1,551662.0
2645.0,darpa_trace:n282169,darpa_trace:n2379,type_0,type_4,rel_5,1,1,0,1,train:window_26,1,551735.0
2646.0,darpa_trace:n282266,darpa_trace:n2315,type_0,type_4,rel_5,1,1,0,1,train:window_26,1,551862.0
2647.0,darpa_trace:n282681,darpa_trace:n2398,type_0,type_4,rel_5,1,1,0,1,train:window_26,1,552510.0
2648.0,darpa_trace:n282920,darpa_trace:n2379,type_0,type_4,rel_5,1,1,0,1,train:window_26,1,552768.0
2649.0,darpa_trace:n282946,darpa_trace:n283381,type_0,type_7,rel_5,0,0,0,0,train:window_26,0,553203.0
2650.0,darpa_trace:n282946,darpa_trace:n283618,type_0,type_7,rel_5,0,0,0,0,train:window_26,0,553415.0
2651.0,darpa_trace:n282946,darpa_trace:n283817,type_0,type_7,rel_5,0,0,0,0,train:window_26,0,553599.0
2652.0,darpa_trace:n282946,darpa_trace:n284166,type_0,type_7,rel_5,0,0,0,0,train:window_26,0,553927.0
2653.0,darpa_trace:n282946,darpa_trace:n285051,type_0,type_7,rel_5,0,0,0,0,train:window_26,0,554620.0
2654.0,darpa_trace:n282946,darpa_trace:n285096,type_0,type_7,rel_5,0,0,0,0,train:window_26,0,554665.0
2655.0,darpa_trace:n282946,darpa_trace:n285601,type_0,type_7,rel_5,0,0,0,0,train:window_26,0,555108.0
2656.0,darpa_trace:n282946,darpa_trace:n286698,type_0,type_7,rel_5,0,0,0,0,train:window_26,0,556165.0
2657.0,darpa_trace:n282946,darpa_trace:n286954,type_0,type_7,rel_5,0,0,0,0,train:window_26,0,556416.0
2658.0,darpa_trace:n282946,darpa_trace:n286971,type_0,type_7,rel_5,0,0,0,0,train:window_26,0,556433.0
2659.0,darpa_trace:n282946,darpa_trace:n287476,type_0,type_7,rel_5,0,0,0,0,train:window_26,0,556932.0
2660.0,darpa_trace:n282946,darpa_trace:n287584,type_0,type_7,rel_5,0,0,0,0,train:window_26,0,557038.0
2661.0,darpa_trace:n282946,darpa_trace:n287608,type_0,type_7,rel_5,0,0,0,0,train:window_26,0,557062.0
2662.0,darpa_trace:n282946,darpa_trace:n288056,type_0,type_7,rel_5,0,0,0,0,train:window_26,0,557503.0
2663.0,darpa_trace:n282946,darpa_trace:n288368,type_0,type_7,rel_5,0,0,0,0,train:window_26,0,557811.0
2664.0,darpa_trace:n282946,darpa_trace:n288492,type_0,type_7,rel_5,0,0,0,0,train:window_26,0,557935.0
2665.0,darpa_trace:n282946,darpa_trace:n289606,type_0,type_7,rel_5,0,0,0,0,train:window_26,0,559036.0
2666.0,darpa_trace:n282946,darpa_trace:n289797,type_0,type_7,rel_5,0,0,0,0,train:window_26,0,559224.0
2667.0,darpa_trace:n282946,darpa_trace:n291014,type_0,type_7,rel_5,0,0,0,0,train:window_26,0,560419.0
2668.0,darpa_trace:n282946,darpa_trace:n291352,type_0,type_7,rel_5,0,0,0,0,train:window_26,0,560754.0
2669.0,darpa_trace:n282946,darpa_trace:n291374,type_0,type_7,rel_5,0,0,0,0,train:window_26,0,560774.0
2670.0,darpa_trace:n282946,darpa_trace:n291730,type_0,type_7,rel_5,0,0,0,0,train:window_26,0,561127.0
2671.0,darpa_trace:n282946,darpa_trace:n291746,type_0,type_7,rel_5,0,0,0,0,train:window_26,0,561143.0
2672.0,darpa_trace:n282946,darpa_trace:n291778,type_0,type_7,rel_5,0,0,0,0,train:window_26,0,561175.0
2673.0,darpa_trace:n282946,darpa_trace:n291896,type_0,type_7,rel_5,0,0,0,0,train:window_26,0,561291.0
2674.0,darpa_trace:n282946,darpa_trace:n292902,type_0,type_7,rel_5,0,0,0,0,train:window_26,0,562289.0
2675.0,darpa_trace:n282946,darpa_trace:n294156,type_0,type_7,rel_5,0,0,0,0,train:window_26,0,563446.0
2676.0,darpa_trace:n282946,darpa_trace:n294335,type_0,type_7,rel_5,0,0,0,0,train:window_26,0,563622.0
2677.0,darpa_trace:n282946,darpa_trace:n295621,type_0,type_7,rel_5,0,0,0,0,train:window_26,0,564830.0
2678.0,darpa_trace:n282946,darpa_trace:n295772,type_0,type_7,rel_5,0,0,0,0,train:window_26,0,564957.0
2679.0,darpa_trace:n282946,darpa_trace:n296355,type_0,type_7,rel_5,0,0,0,0,train:window_26,0,565498.0
2680.0,darpa_trace:n282946,darpa_trace:n296612,type_0,type_7,rel_5,0,0,0,0,train:window_26,0,565749.0
2681.0,darpa_trace:n282946,darpa_trace:n297198,type_0,type_7,rel_5,0,0,0,0,train:window_26,0,566295.0
2682.0,darpa_trace:n282946,darpa_trace:n297231,type_0,type_7,rel_5,0,0,0,0,train:window_26,0,566328.0
2683.0,darpa_trace:n282946,darpa_trace:n297755,type_0,type_7,rel_5,0,0,0,0,train:window_26,0,566839.0
2684.0,darpa_trace:n282946,darpa_trace:n298373,type_0,type_7,rel_5,0,0,0,0,train:window_26,0,567391.0
2685.0,darpa_trace:n282946,darpa_trace:n298523,type_0,type_7,rel_5,0,0,0,0,train:window_26,0,567532.0
2686.0,darpa_trace:n282946,darpa_trace:n298614,type_0,type_7,rel_5,0,0,0,0,train:window_26,0,567621.0
2687.0,darpa_trace:n282946,darpa_trace:n298622,type_0,type_7,rel_5,0,0,0,0,train:window_26,0,567629.0
2688.0,darpa_trace:n282946,darpa_trace:n298669,type_0,type_7,rel_5,0,0,0,0,train:window_26,0,567674.0
2689.0,darpa_trace:n282946,darpa_trace:n300119,type_0,type_7,rel_5,0,0,0,0,train:window_26,0,569084.0
2690.0,darpa_trace:n282946,darpa_trace:n300182,type_0,type_7,rel_5,0,0,0,0,train:window_26,0,569147.0
2691.0,darpa_trace:n282946,darpa_trace:n300323,type_0,type_7,rel_5,0,0,0,0,train:window_26,0,569282.0
2692.0,darpa_trace:n282946,darpa_trace:n300328,type_0,type_7,rel_5,0,0,0,0,train:window_26,0,569287.0
2693.0,darpa_trace:n282946,darpa_trace:n300376,type_0,type_7,rel_5,0,0,0,0,train:window_26,0,569333.0
2694.0,darpa_trace:n282946,darpa_trace:n300459,type_0,type_7,rel_5,0,0,0,0,train:window_26,0,569416.0
2695.0,darpa_trace:n282946,darpa_trace:n300768,type_0,type_7,rel_5,0,0,0,0,train:window_26,0,569684.0
2696.0,darpa_trace:n282946,darpa_trace:n300848,type_0,type_7,rel_5,0,0,0,0,train:window_26,0,569753.0
2697.0,darpa_trace:n282946,darpa_trace:n301333,type_0,type_7,rel_5,0,0,0,0,train:window_26,0,570219.0
2698.0,darpa_trace:n282946,darpa_trace:n301342,type_0,type_7,rel_5,0,0,0,0,train:window_26,0,570228.0
2699.0,darpa_trace:n282946,darpa_trace:n302098,type_0,type_7,rel_5,0,0,0,0,train:window_26,0,570950.0
2700.0,darpa_trace:n282946,darpa_trace:n302223,type_0,type_7,rel_5,0,0,0,0,train:window_26,0,571071.0
2701.0,darpa_trace:n282946,darpa_trace:n302349,type_0,type_7,rel_5,0,0,0,0,train:window_27,0,571187.0
2702.0,darpa_trace:n282946,darpa_trace:n302857,type_0,type_7,rel_5,0,0,0,0,train:window_27,0,571687.0
2703.0,darpa_trace:n282946,darpa_trace:n305062,type_0,type_7,rel_5,0,0,0,0,train:window_27,0,573700.0
2704.0,darpa_trace:n282946,darpa_trace:n305619,type_0,type_7,rel_5,0,0,0,0,train:window_27,0,574222.0
2705.0,darpa_trace:n282946,darpa_trace:n305911,type_0,type_7,rel_5,0,0,0,0,train:window_27,0,574498.0
2706.0,darpa_trace:n282946,darpa_trace:n306539,type_0,type_7,rel_5,0,0,0,0,train:window_27,0,575075.0
2707.0,darpa_trace:n282946,darpa_trace:n306582,type_0,type_7,rel_5,0,0,0,0,train:window_27,0,575112.0
2708.0,darpa_trace:n282946,darpa_trace:n306827,type_0,type_7,rel_5,0,0,0,0,train:window_27,0,575341.0
2709.0,darpa_trace:n282946,darpa_trace:n307329,type_0,type_7,rel_5,0,0,0,0,train:window_27,0,575810.0
2710.0,darpa_trace:n282946,darpa_trace:n307528,type_0,type_7,rel_5,0,0,0,0,train:window_27,0,575999.0
2711.0,darpa_trace:n282946,darpa_trace:n307629,type_0,type_7,rel_5,0,0,0,0,train:window_27,0,576096.0
2712.0,darpa_trace:n282946,darpa_trace:n307823,type_0,type_7,rel_5,0,0,0,0,train:window_27,0,576284.0
2713.0,darpa_trace:n282946,darpa_trace:n308375,type_0,type_7,rel_5,0,0,0,0,train:window_27,0,576814.0
2714.0,darpa_trace:n282946,darpa_trace:n308919,type_0,type_7,rel_5,0,0,0,0,train:window_27,0,577332.0
2715.0,darpa_trace:n282946,darpa_trace:n310057,type_0,type_7,rel_5,0,0,0,0,train:window_27,0,578189.0
2716.0,darpa_trace:n282946,darpa_trace:n310250,type_0,type_7,rel_5,0,0,0,0,train:window_27,0,578372.0
2717.0,darpa_trace:n282946,darpa_trace:n310270,type_0,type_7,rel_5,0,0,0,0,train:window_27,0,578392.0
2718.0,darpa_trace:n282946,darpa_trace:n132950,type_0,type_7,rel_5,0,0,0,0,train:window_27,0,578466.0
2719.0,darpa_trace:n282946,darpa_trace:n310571,type_0,type_7,rel_5,0,0,0,0,train:window_27,0,578697.0
2720.0,darpa_trace:n282946,darpa_trace:n310714,type_0,type_7,rel_5,0,0,0,0,train:window_27,0,578837.0
2721.0,darpa_trace:n282946,darpa_trace:n310913,type_0,type_7,rel_5,0,0,0,0,train:window_27,0,579032.0
2722.0,darpa_trace:n282946,darpa_trace:n311206,type_0,type_7,rel_5,0,0,0,0,train:window_27,0,579327.0
2723.0,darpa_trace:n282946,darpa_trace:n311506,type_0,type_7,rel_5,0,0,0,0,train:window_27,0,579621.0
2724.0,darpa_trace:n282946,darpa_trace:n311755,type_0,type_7,rel_5,0,0,0,0,train:window_27,0,579863.0
2725.0,darpa_trace:n282946,darpa_trace:n311900,type_0,type_7,rel_5,0,0,0,0,train:window_27,0,580006.0
2726.0,darpa_trace:n282946,darpa_trace:n311957,type_0,type_7,rel_5,0,0,0,0,train:window_27,0,580061.0
2727.0,darpa_trace:n282946,darpa_trace:n312091,type_0,type_7,rel_5,0,0,0,0,train:window_27,0,580195.0
2728.0,darpa_trace:n282946,darpa_trace:n312271,type_0,type_7,rel_5,0,0,0,0,train:window_27,0,580341.0
2729.0,darpa_trace:n282946,darpa_trace:n312472,type_0,type_7,rel_5,0,0,0,0,train:window_27,0,580521.0
2730.0,darpa_trace:n282946,darpa_trace:n312498,type_0,type_7,rel_5,0,0,0,0,train:window_27,0,580547.0
2731.0,darpa_trace:n282946,darpa_trace:n312499,type_0,type_7,rel_5,0,0,0,0,train:window_27,0,580548.0
2732.0,darpa_trace:n282946,darpa_trace:n312756,type_0,type_7,rel_5,0,0,0,0,train:window_27,0,580795.0
2733.0,darpa_trace:n282946,darpa_trace:n313281,type_0,type_7,rel_5,0,0,0,0,train:window_27,0,581290.0
2734.0,darpa_trace:n282946,darpa_trace:n313764,type_0,type_7,rel_5,0,0,0,0,train:window_27,0,581741.0
2735.0,darpa_trace:n282946,darpa_trace:n314133,type_0,type_7,rel_5,0,0,0,0,train:window_27,0,582090.0
2736.0,darpa_trace:n282946,darpa_trace:n314215,type_0,type_7,rel_5,0,0,0,0,train:window_27,0,582168.0
2737.0,darpa_trace:n282946,darpa_trace:n314402,type_0,type_7,rel_5,0,0,0,0,train:window_27,0,582314.0
2738.0,darpa_trace:n282946,darpa_trace:n314732,type_0,type_7,rel_5,0,0,0,0,train:window_27,0,582706.0
2739.0,darpa_trace:n282946,darpa_trace:n314765,type_0,type_7,rel_5,0,0,0,0,train:window_27,0,582735.0
2740.0,darpa_trace:n282946,darpa_trace:n315038,type_0,type_7,rel_5,0,0,0,0,train:window_27,0,583000.0
2741.0,darpa_trace:n282946,darpa_trace:n315136,type_0,type_7,rel_5,0,0,0,0,train:window_27,0,583085.0
2742.0,darpa_trace:n282946,darpa_trace:n315244,type_0,type_7,rel_5,0,0,0,0,train:window_27,0,583180.0
2743.0,darpa_trace:n282946,darpa_trace:n315456,type_0,type_7,rel_5,0,0,0,0,train:window_27,0,583379.0
2744.0,darpa_trace:n282946,darpa_trace:n315821,type_0,type_7,rel_5,0,0,0,0,train:window_27,0,583722.0
2745.0,darpa_trace:n282946,darpa_trace:n315966,type_0,type_7,rel_5,0,0,0,0,train:window_27,0,583854.0
2746.0,darpa_trace:n282946,darpa_trace:n316896,type_0,type_7,rel_5,0,0,0,0,train:window_27,0,584729.0
2747.0,darpa_trace:n282946,darpa_trace:n316990,type_0,type_7,rel_5,0,0,0,0,train:window_27,0,584821.0
2748.0,darpa_trace:n282946,darpa_trace:n317358,type_0,type_7,rel_5,0,0,0,0,train:window_27,0,585178.0
2749.0,darpa_trace:n282946,darpa_trace:n317770,type_0,type_7,rel_5,0,0,0,0,train:window_27,0,585552.0
2750.0,darpa_trace:n282946,darpa_trace:n317815,type_0,type_7,rel_5,0,0,0,0,train:window_27,0,585597.0
2751.0,darpa_trace:n282946,darpa_trace:n317874,type_0,type_7,rel_5,0,0,0,0,train:window_27,0,585650.0
2752.0,darpa_trace:n282946,darpa_trace:n318183,type_0,type_7,rel_5,0,0,0,0,train:window_27,0,585935.0
2753.0,darpa_trace:n282946,darpa_trace:n318342,type_0,type_7,rel_5,0,0,0,0,train:window_27,0,586090.0
2754.0,darpa_trace:n282946,darpa_trace:n319210,type_0,type_7,rel_5,0,0,0,0,train:window_27,0,586908.0
2755.0,darpa_trace:n282946,darpa_trace:n320352,type_0,type_7,rel_5,0,0,0,0,train:window_27,0,587939.0
2756.0,darpa_trace:n282946,darpa_trace:n320584,type_0,type_7,rel_5,0,0,0,0,train:window_27,0,588161.0
2757.0,darpa_trace:n282946,darpa_trace:n320610,type_0,type_7,rel_5,0,0,0,0,train:window_27,0,588185.0
2758.0,darpa_trace:n282946,darpa_trace:n321497,type_0,type_7,rel_5,0,0,0,0,train:window_27,0,589027.0
2759.0,darpa_trace:n282946,darpa_trace:n321687,type_0,type_7,rel_5,0,0,0,0,train:window_27,0,589213.0
2760.0,darpa_trace:n282946,darpa_trace:n321744,type_0,type_7,rel_5,0,0,0,0,train:window_27,0,589268.0
2761.0,darpa_trace:n282946,darpa_trace:n322062,type_0,type_7,rel_5,0,0,0,0,train:window_27,0,589580.0
2762.0,darpa_trace:n282946,darpa_trace:n322428,type_0,type_7,rel_5,0,0,0,0,train:window_27,0,589924.0
2763.0,darpa_trace:n282946,darpa_trace:n323610,type_0,type_7,rel_5,0,0,0,0,train:window_27,0,591058.0
2764.0,darpa_trace:n282946,darpa_trace:n323661,type_0,type_7,rel_5,0,0,0,0,train:window_27,0,591109.0
2765.0,darpa_trace:n282946,darpa_trace:n324115,type_0,type_7,rel_5,0,0,0,0,train:window_27,0,591542.0
2766.0,darpa_trace:n282946,darpa_trace:n324198,type_0,type_7,rel_5,0,0,0,0,train:window_27,0,591624.0
2767.0,darpa_trace:n282946,darpa_trace:n324252,type_0,type_7,rel_5,0,0,0,0,train:window_27,0,591674.0
2768.0,darpa_trace:n282946,darpa_trace:n324748,type_0,type_7,rel_5,0,0,0,0,train:window_27,0,592126.0
2769.0,darpa_trace:n282946,darpa_trace:n325781,type_0,type_7,rel_5,0,0,0,0,train:window_27,0,593111.0
2770.0,darpa_trace:n282946,darpa_trace:n325978,type_0,type_7,rel_5,0,0,0,0,train:window_27,0,593298.0
2771.0,darpa_trace:n282946,darpa_trace:n326009,type_0,type_7,rel_5,0,0,0,0,train:window_27,0,593329.0
2772.0,darpa_trace:n282946,darpa_trace:n326092,type_0,type_7,rel_5,0,0,0,0,train:window_27,0,593412.0
2773.0,darpa_trace:n282946,darpa_trace:n326848,type_0,type_7,rel_5,0,0,0,0,train:window_27,0,594124.0
2774.0,darpa_trace:n282946,darpa_trace:n326976,type_0,type_7,rel_5,0,0,0,0,train:window_27,0,594245.0
2775.0,darpa_trace:n282946,darpa_trace:n327132,type_0,type_7,rel_5,0,0,0,0,train:window_27,0,594392.0
2776.0,darpa_trace:n282946,darpa_trace:n327559,type_0,type_7,rel_5,0,0,0,0,train:window_27,0,594786.0
2777.0,darpa_trace:n282946,darpa_trace:n327646,type_0,type_7,rel_5,0,0,0,0,train:window_27,0,594871.0
2778.0,darpa_trace:n282946,darpa_trace:n327739,type_0,type_7,rel_5,0,0,0,0,train:window_27,0,594962.0
2779.0,darpa_trace:n282946,darpa_trace:n327951,type_0,type_7,rel_5,0,0,0,0,train:window_27,0,595170.0
2780.0,darpa_trace:n282946,darpa_trace:n327984,type_0,type_7,rel_5,0,0,0,0,train:window_27,0,595203.0
2781.0,darpa_trace:n282946,darpa_trace:n328222,type_0,type_7,rel_5,0,0,0,0,train:window_27,0,595437.0
2782.0,darpa_trace:n282946,darpa_trace:n328853,type_0,type_7,rel_5,0,0,0,0,train:window_27,0,596050.0
2783.0,darpa_trace:n282946,darpa_trace:n329116,type_0,type_7,rel_5,0,0,0,0,train:window_27,0,596297.0
2784.0,darpa_trace:n282946,darpa_trace:n329141,type_0,type_7,rel_5,0,0,0,0,train:window_27,0,596322.0
2785.0,darpa_trace:n282946,darpa_trace:n329433,type_0,type_7,rel_5,0,0,0,0,train:window_27,0,596602.0
2786.0,darpa_trace:n282946,darpa_trace:n329739,type_0,type_7,rel_5,0,0,0,0,train:window_27,0,596886.0
2787.0,darpa_trace:n282946,darpa_trace:n329818,type_0,type_7,rel_5,0,0,0,0,train:window_27,0,596963.0
2788.0,darpa_trace:n282946,darpa_trace:n330256,type_0,type_7,rel_5,0,0,0,0,train:window_27,0,597383.0
2789.0,darpa_trace:n282946,darpa_trace:n330514,type_0,type_7,rel_5,0,0,0,0,train:window_27,0,597633.0
2790.0,darpa_trace:n282946,darpa_trace:n330662,type_0,type_7,rel_5,0,0,0,0,train:window_27,0,597773.0
2791.0,darpa_trace:n282946,darpa_trace:n330847,type_0,type_7,rel_5,0,0,0,0,train:window_27,0,597956.0
2792.0,darpa_trace:n285442,darpa_trace:n167800,type_1,type_0,rel_0,0,0,0,0,train:window_27,0,598234.0
2793.0,darpa_trace:n293174,darpa_trace:n167800,type_1,type_0,rel_0,0,0,0,0,train:window_27,0,598344.0
2794.0,darpa_trace:n293424,darpa_trace:n167800,type_1,type_0,rel_0,0,0,0,0,train:window_27,0,598349.0
2795.0,darpa_trace:n314303,darpa_trace:n167800,type_1,type_0,rel_0,0,0,0,0,train:window_27,0,599102.0
2796.0,darpa_trace:n316513,darpa_trace:n167800,type_1,type_0,rel_0,0,0,0,0,train:window_27,0,599199.0
2797.0,darpa_trace:n330942,darpa_trace:n2379,type_0,type_4,rel_5,1,1,0,1,train:window_27,1,599619.0
2798.0,darpa_trace:n331210,darpa_trace:n167800,type_1,type_0,rel_0,0,0,0,0,train:window_27,0,599792.0
2799.0,darpa_trace:n331308,darpa_trace:n2707,type_1,type_0,rel_0,0,0,0,0,train:window_27,0,599852.0
2800.0,darpa_trace:n331328,darpa_trace:n5168,type_1,type_0,rel_0,0,0,0,0,train:window_27,0,599866.0
2801.0,darpa_trace:n331342,darpa_trace:n2717,type_1,type_0,rel_0,0,0,0,0,train:window_28,0,599879.0
2802.0,darpa_trace:n332320,darpa_trace:n2315,type_0,type_4,rel_5,1,1,0,1,train:window_28,1,600720.0
2803.0,darpa_trace:n332413,darpa_trace:n2315,type_0,type_4,rel_5,1,1,0,1,train:window_28,1,600845.0
2804.0,darpa_trace:n332454,darpa_trace:n2315,type_0,type_4,rel_5,1,1,0,1,train:window_28,1,600893.0
2805.0,darpa_trace:n332478,darpa_trace:n332484,type_0,type_5,rel_6,0,0,0,0,train:window_28,0,600943.0
2806.0,darpa_trace:n332478,darpa_trace:n2379,type_0,type_4,rel_5,1,1,0,1,train:window_28,1,600958.0
2807.0,darpa_trace:n332661,darpa_trace:n332722,type_0,type_5,rel_6,0,0,0,0,train:window_28,0,601297.0
2808.0,darpa_trace:n332845,darpa_trace:n332852,type_0,type_5,rel_11,0,0,0,0,train:window_28,0,601491.0
2809.0,darpa_trace:n332890,darpa_trace:n332904,type_0,type_5,rel_6,0,0,0,0,train:window_28,0,601563.0
2810.0,darpa_trace:n332891,darpa_trace:n2315,type_0,type_4,rel_5,1,1,0,1,train:window_28,1,601706.0
2811.0,darpa_trace:n332891,darpa_trace:n2379,type_0,type_4,rel_5,1,1,0,1,train:window_28,1,601708.0
2812.0,darpa_trace:n332990,darpa_trace:n332992,type_0,type_0,rel_10,0,0,0,0,train:window_28,0,601749.0
2813.0,darpa_trace:n332992,darpa_trace:n2379,type_0,type_4,rel_5,1,1,0,1,train:window_28,1,601753.0
2814.0,darpa_trace:n333048,darpa_trace:n2379,type_0,type_4,rel_5,1,1,0,1,train:window_28,1,601830.0
2815.0,darpa_trace:n333134,darpa_trace:n2315,type_0,type_4,rel_5,1,1,0,1,train:window_28,1,601971.0
2816.0,darpa_trace:n333254,darpa_trace:n333298,type_0,type_5,rel_6,0,0,0,0,train:window_28,0,602201.0
2817.0,darpa_trace:n333409,darpa_trace:n2315,type_0,type_4,rel_5,1,1,0,1,train:window_28,1,602380.0
2818.0,darpa_trace:n333438,darpa_trace:n333455,type_0,type_5,rel_6,0,0,0,0,train:window_28,0,602442.0
2819.0,darpa_trace:n333438,darpa_trace:n333495,type_0,type_5,rel_11,0,0,0,0,train:window_28,0,602489.0
2820.0,darpa_trace:n333438,darpa_trace:n3074,type_0,type_4,rel_5,0,0,0,0,train:window_28,0,602503.0
2821.0,darpa_trace:n333610,darpa_trace:n2315,type_0,type_4,rel_5,1,1,0,1,train:window_28,1,602676.0
2822.0,darpa_trace:n333656,darpa_trace:n333674,type_0,type_5,rel_6,0,0,0,0,train:window_28,0,602768.0
2823.0,darpa_trace:n333778,darpa_trace:n2468,type_0,type_4,rel_5,0,0,0,0,train:window_28,0,602938.0
2824.0,darpa_trace:n333866,darpa_trace:n2315,type_0,type_4,rel_5,1,1,0,1,train:window_28,1,603338.0
2825.0,darpa_trace:n334133,darpa_trace:n334133,type_0,type_0,rel_3,0,0,0,0,train:window_28,0,603439.0
2826.0,darpa_trace:n334136,darpa_trace:n334149,type_0,type_5,rel_6,0,0,0,0,train:window_28,0,603455.0
2827.0,darpa_trace:n334154,darpa_trace:n2379,type_0,type_4,rel_5,1,1,0,1,train:window_28,1,603478.0
2828.0,darpa_trace:n334433,darpa_trace:n334438,type_0,type_5,rel_6,0,0,0,0,train:window_28,0,603822.0
2829.0,darpa_trace:n334472,darpa_trace:n2315,type_0,type_4,rel_5,1,1,0,1,train:window_28,1,603854.0
2830.0,darpa_trace:n334533,darpa_trace:n2379,type_0,type_4,rel_5,1,1,0,1,train:window_28,1,603917.0
2831.0,darpa_trace:n334782,darpa_trace:n2684,type_1,type_0,rel_0,0,0,0,0,train:window_28,0,604081.0
2832.0,darpa_trace:n336073,darpa_trace:n167800,type_1,type_0,rel_0,0,0,0,0,train:window_28,0,604807.0
2833.0,darpa_trace:n336127,darpa_trace:n167800,type_1,type_0,rel_0,0,0,0,0,train:window_28,0,604837.0
2834.0,darpa_trace:n336241,darpa_trace:n167800,type_1,type_0,rel_0,0,0,0,0,train:window_28,0,604895.0
2835.0,darpa_trace:n336271,darpa_trace:n167800,type_1,type_0,rel_0,0,0,0,0,train:window_28,0,604911.0
2836.0,darpa_trace:n336961,darpa_trace:n168820,type_1,type_0,rel_0,0,0,0,0,train:window_28,0,605268.0
2837.0,darpa_trace:n337129,darpa_trace:n168820,type_1,type_0,rel_0,0,0,0,0,train:window_28,0,605352.0
2838.0,darpa_trace:n337296,darpa_trace:n167800,type_1,type_0,rel_0,0,0,0,0,train:window_28,0,605439.0
2839.0,darpa_trace:n337737,darpa_trace:n18,type_3,type_0,rel_0,0,0,0,0,train:window_28,0,605673.0
2840.0,darpa_trace:n337789,darpa_trace:n167800,type_1,type_0,rel_0,0,0,0,0,train:window_28,0,605703.0
2841.0,darpa_trace:n338315,darpa_trace:n167800,type_1,type_0,rel_0,0,0,0,0,train:window_28,0,605978.0
2842.0,darpa_trace:n338494,darpa_trace:n167800,type_1,type_0,rel_0,0,0,0,0,train:window_28,0,606071.0
2843.0,darpa_trace:n338883,darpa_trace:n167800,type_1,type_0,rel_0,0,0,0,0,train:window_28,0,606276.0
2844.0,darpa_trace:n339484,darpa_trace:n167800,type_1,type_0,rel_0,0,0,0,0,train:window_28,0,606590.0
2845.0,darpa_trace:n341013,darpa_trace:n167800,type_1,type_0,rel_0,0,0,0,0,train:window_28,0,607382.0
2846.0,darpa_trace:n341434,darpa_trace:n167800,type_1,type_0,rel_0,0,0,0,0,train:window_28,0,607597.0
2847.0,darpa_trace:n341840,darpa_trace:n167800,type_1,type_0,rel_0,0,0,0,0,train:window_28,0,607813.0
2848.0,darpa_trace:n342495,darpa_trace:n167800,type_1,type_0,rel_0,0,0,0,0,train:window_28,0,608157.0
2849.0,darpa_trace:n342954,darpa_trace:n167800,type_1,type_0,rel_0,0,0,0,0,train:window_28,0,608390.0
2850.0,darpa_trace:n343008,darpa_trace:n167800,type_1,type_0,rel_0,0,0,0,0,train:window_28,0,608419.0
2851.0,darpa_trace:n343201,darpa_trace:n167800,type_1,type_0,rel_0,0,0,0,0,train:window_28,0,608520.0
2852.0,darpa_trace:n344124,darpa_trace:n167800,type_1,type_0,rel_0,0,0,0,0,train:window_28,0,609005.0
2853.0,darpa_trace:n345006,darpa_trace:n167800,type_1,type_0,rel_0,0,0,0,0,train:window_28,0,609456.0
2854.0,darpa_trace:n345015,darpa_trace:n167800,type_1,type_0,rel_0,0,0,0,0,train:window_28,0,609461.0
2855.0,darpa_trace:n345320,darpa_trace:n168820,type_1,type_0,rel_0,0,0,0,0,train:window_28,0,609619.0
2856.0,darpa_trace:n345860,darpa_trace:n167800,type_1,type_0,rel_0,0,0,0,0,train:window_28,0,609899.0
2857.0,darpa_trace:n346224,darpa_trace:n167800,type_1,type_0,rel_0,0,0,0,0,train:window_28,0,610091.0
2858.0,darpa_trace:n346368,darpa_trace:n167800,type_1,type_0,rel_0,0,0,0,0,train:window_28,0,610163.0
2859.0,darpa_trace:n346444,darpa_trace:n167800,type_1,type_0,rel_0,0,0,0,0,train:window_28,0,610202.0
2860.0,darpa_trace:n346950,darpa_trace:n167800,type_1,type_0,rel_0,0,0,0,0,train:window_28,0,610464.0
2861.0,darpa_trace:n349141,darpa_trace:n167800,type_1,type_0,rel_0,0,0,0,0,train:window_28,0,611595.0
2862.0,darpa_trace:n349166,darpa_trace:n167800,type_1,type_0,rel_0,0,0,0,0,train:window_28,0,611608.0
2863.0,darpa_trace:n349309,darpa_trace:n18,type_3,type_0,rel_0,0,0,0,0,train:window_28,0,611686.0
2864.0,darpa_trace:n349319,darpa_trace:n167800,type_1,type_0,rel_0,0,0,0,0,train:window_28,0,611691.0
2865.0,darpa_trace:n350532,darpa_trace:n167800,type_1,type_0,rel_0,0,0,0,0,train:window_28,0,612321.0
2866.0,darpa_trace:n350726,darpa_trace:n167800,type_1,type_0,rel_0,0,0,0,0,train:window_28,0,612420.0
2867.0,darpa_trace:n350873,darpa_trace:n167800,type_1,type_0,rel_0,0,0,0,0,train:window_28,0,612495.0
2868.0,darpa_trace:n352267,darpa_trace:n173140,type_3,type_0,rel_0,0,0,0,0,train:window_28,0,613230.0
2869.0,darpa_trace:n352607,darpa_trace:n167800,type_1,type_0,rel_0,0,0,0,0,train:window_28,0,613408.0
2870.0,darpa_trace:n353876,darpa_trace:n167800,type_1,type_0,rel_0,0,0,0,0,train:window_28,0,614065.0
2871.0,darpa_trace:n354201,darpa_trace:n167800,type_1,type_0,rel_0,0,0,0,0,train:window_28,0,614239.0
2872.0,darpa_trace:n355345,darpa_trace:n167800,type_1,type_0,rel_0,0,0,0,0,train:window_28,0,614819.0
2873.0,darpa_trace:n356065,darpa_trace:n167800,type_1,type_0,rel_0,0,0,0,0,train:window_28,0,615187.0
2874.0,darpa_trace:n356247,darpa_trace:n167800,type_1,type_0,rel_0,0,0,0,0,train:window_28,0,615283.0
2875.0,darpa_trace:n356287,darpa_trace:n167800,type_1,type_0,rel_0,0,0,0,0,train:window_28,0,615304.0
2876.0,darpa_trace:n356512,darpa_trace:n167800,type_1,type_0,rel_0,0,0,0,0,train:window_28,0,615423.0
2877.0,darpa_trace:n356609,darpa_trace:n167800,type_1,type_0,rel_0,0,0,0,0,train:window_28,0,615474.0
2878.0,darpa_trace:n357532,darpa_trace:n167800,type_1,type_0,rel_0,0,0,0,0,train:window_28,0,615952.0
2879.0,darpa_trace:n357610,darpa_trace:n167800,type_1,type_0,rel_0,0,0,0,0,train:window_28,0,615992.0
2880.0,darpa_trace:n357764,darpa_trace:n167800,type_1,type_0,rel_0,0,0,0,0,train:window_28,0,616070.0
2881.0,darpa_trace:n358019,darpa_trace:n167800,type_1,type_0,rel_0,0,0,0,0,train:window_28,0,616206.0
2882.0,darpa_trace:n358881,darpa_trace:n167800,type_1,type_0,rel_0,0,0,0,0,train:window_28,0,616652.0
2883.0,darpa_trace:n359968,darpa_trace:n167800,type_1,type_0,rel_0,0,0,0,0,train:window_28,0,617215.0
2884.0,darpa_trace:n360208,darpa_trace:n167800,type_1,type_0,rel_0,0,0,0,0,train:window_28,0,617343.0
2885.0,darpa_trace:n360962,darpa_trace:n167800,type_1,type_0,rel_0,0,0,0,0,train:window_28,0,617739.0
2886.0,darpa_trace:n361662,darpa_trace:n167800,type_1,type_0,rel_0,0,0,0,0,train:window_28,0,618097.0
2887.0,darpa_trace:n361794,darpa_trace:n167800,type_1,type_0,rel_0,0,0,0,0,train:window_28,0,618165.0
2888.0,darpa_trace:n362059,darpa_trace:n18,type_3,type_0,rel_0,0,0,0,0,train:window_28,0,618303.0
2889.0,darpa_trace:n362095,darpa_trace:n167800,type_1,type_0,rel_0,0,0,0,0,train:window_28,0,618322.0
2890.0,darpa_trace:n362448,darpa_trace:n18,type_3,type_0,rel_0,0,0,0,0,train:window_28,0,618511.0
2891.0,darpa_trace:n362888,darpa_trace:n167800,type_1,type_0,rel_0,0,0,0,0,train:window_28,0,618736.0
2892.0,darpa_trace:n363025,darpa_trace:n167800,type_1,type_0,rel_0,0,0,0,0,train:window_28,0,618805.0
2893.0,darpa_trace:n363453,darpa_trace:n167800,type_1,type_0,rel_0,0,0,0,0,train:window_28,0,619025.0
2894.0,darpa_trace:n363578,darpa_trace:n167800,type_1,type_0,rel_0,0,0,0,0,train:window_28,0,619090.0
2895.0,darpa_trace:n364391,darpa_trace:n18,type_3,type_0,rel_0,0,0,0,0,train:window_28,0,619513.0
2896.0,darpa_trace:n364600,darpa_trace:n167800,type_1,type_0,rel_0,0,0,0,0,train:window_28,0,619624.0
2897.0,darpa_trace:n365817,darpa_trace:n167800,type_1,type_0,rel_0,0,0,0,0,train:window_28,0,620246.0
2898.0,darpa_trace:n366368,darpa_trace:n167800,type_1,type_0,rel_0,0,0,0,0,train:window_28,0,620537.0
2899.0,darpa_trace:n366396,darpa_trace:n167800,type_1,type_0,rel_0,0,0,0,0,train:window_28,0,620552.0
2900.0,darpa_trace:n368534,darpa_trace:n167800,type_1,type_0,rel_0,0,0,0,0,train:window_28,0,621663.0
2901.0,darpa_trace:n368635,darpa_trace:n167800,type_1,type_0,rel_0,0,0,0,0,train:window_29,0,621719.0
2902.0,darpa_trace:n369307,darpa_trace:n167800,type_1,type_0,rel_0,0,0,0,0,train:window_29,0,622068.0
2903.0,darpa_trace:n369429,darpa_trace:n167800,type_1,type_0,rel_0,0,0,0,0,train:window_29,0,622130.0
2904.0,darpa_trace:n370250,darpa_trace:n167800,type_1,type_0,rel_0,0,0,0,0,train:window_29,0,622554.0
2905.0,darpa_trace:n370783,darpa_trace:n168820,type_1,type_0,rel_0,0,0,0,0,train:window_29,0,622835.0
2906.0,darpa_trace:n370933,darpa_trace:n168820,type_1,type_0,rel_0,0,0,0,0,train:window_29,0,622910.0
2907.0,darpa_trace:n371347,darpa_trace:n2686,type_1,type_0,rel_0,0,0,0,0,train:window_29,0,623395.0
2908.0,darpa_trace:n371463,darpa_trace:n2379,type_0,type_4,rel_5,1,1,0,1,train:window_29,1,623541.0
2909.0,darpa_trace:n371490,darpa_trace:n2315,type_0,type_4,rel_5,1,1,0,1,train:window_29,1,623582.0
2910.0,darpa_trace:n371731,darpa_trace:n371764,type_0,type_5,rel_11,0,0,0,0,train:window_29,0,623983.0
2911.0,darpa_trace:n371884,darpa_trace:n371909,type_0,type_5,rel_11,0,0,0,0,train:window_29,0,624201.0
2912.0,darpa_trace:n371913,darpa_trace:n2379,type_0,type_4,rel_5,1,1,0,1,train:window_29,1,624220.0
2913.0,darpa_trace:n372049,darpa_trace:n372059,type_0,type_5,rel_11,0,0,0,0,train:window_29,0,624469.0
2914.0,darpa_trace:n372142,darpa_trace:n372194,type_0,type_5,rel_11,0,0,0,0,train:window_29,0,624671.0
2915.0,darpa_trace:n372322,darpa_trace:n372323,type_0,type_8,rel_8,0,0,0,0,train:window_29,0,624877.0
2916.0,darpa_trace:n372389,darpa_trace:n2379,type_0,type_4,rel_5,1,1,0,1,train:window_29,1,624985.0
2917.0,darpa_trace:n372600,darpa_trace:n2315,type_0,type_4,rel_5,1,1,0,1,train:window_29,1,625290.0
2918.0,darpa_trace:n372620,darpa_trace:n2379,type_0,type_4,rel_5,1,1,0,1,train:window_29,1,625326.0
2919.0,darpa_trace:n372672,darpa_trace:n372673,type_0,type_5,rel_6,0,0,0,0,train:window_29,0,625397.0
2920.0,darpa_trace:n372752,darpa_trace:n372727,type_4,type_0,rel_2,0,0,0,0,train:window_29,0,625513.0
2921.0,darpa_trace:n372754,darpa_trace:n2315,type_0,type_4,rel_5,1,1,0,1,train:window_29,1,625514.0
2922.0,darpa_trace:n372781,darpa_trace:n372782,type_0,type_5,rel_6,0,0,0,0,train:window_29,0,625555.0
2923.0,darpa_trace:n372950,darpa_trace:n2398,type_0,type_4,rel_5,1,1,0,1,train:window_29,1,625870.0
2924.0,darpa_trace:n372950,darpa_trace:n373020,type_0,type_5,rel_6,0,0,0,0,train:window_29,0,625921.0
2925.0,darpa_trace:n373162,darpa_trace:n2379,type_0,type_4,rel_5,1,1,0,1,train:window_29,1,626100.0
2926.0,darpa_trace:n373507,darpa_trace:n2379,type_0,type_4,rel_5,1,1,0,1,train:window_29,1,626551.0
2927.0,darpa_trace:n374553,darpa_trace:n2315,type_0,type_4,rel_5,1,1,0,1,train:window_29,1,627171.0
2928.0,darpa_trace:n374918,darpa_trace:n374936,type_0,type_5,rel_11,0,0,0,0,train:window_29,0,627650.0
2929.0,darpa_trace:n375091,darpa_trace:n2315,type_0,type_4,rel_5,1,1,0,1,train:window_29,1,627849.0
2930.0,darpa_trace:n375137,darpa_trace:n2379,type_0,type_4,rel_5,1,1,0,1,train:window_29,1,627902.0
2931.0,darpa_trace:n375699,darpa_trace:n375710,type_0,type_5,rel_6,0,0,0,0,train:window_29,0,628786.0
2932.0,darpa_trace:n375766,darpa_trace:n376293,type_0,type_0,rel_13,0,0,0,0,train:window_29,0,628892.0
2933.0,darpa_trace:n375779,darpa_trace:n375791,type_0,type_5,rel_6,0,0,0,0,train:window_29,0,628913.0
2934.0,darpa_trace:n375841,darpa_trace:n2315,type_0,type_4,rel_5,1,1,0,1,train:window_29,1,628993.0
2935.0,darpa_trace:n375870,darpa_trace:n375882,type_0,type_5,rel_6,0,0,0,0,train:window_29,0,629049.0
2936.0,darpa_trace:n376268,darpa_trace:n2315,type_0,type_4,rel_5,1,1,0,1,train:window_29,1,629629.0
2937.0,darpa_trace:n376363,darpa_trace:n4302,type_0,type_4,rel_5,0,0,0,0,train:window_29,0,629798.0
2938.0,darpa_trace:n376485,darpa_trace:n376492,type_0,type_5,rel_11,0,0,0,0,train:window_29,0,629937.0
2939.0,darpa_trace:n376485,darpa_trace:n2379,type_0,type_4,rel_5,1,1,0,1,train:window_29,1,629939.0
2940.0,darpa_trace:n376828,darpa_trace:n2379,type_0,type_4,rel_5,1,1,0,1,train:window_29,1,630432.0
2941.0,darpa_trace:n376844,darpa_trace:n2379,type_0,type_4,rel_5,1,1,0,1,train:window_29,1,630455.0
2942.0,darpa_trace:n376860,darpa_trace:n376881,type_0,type_5,rel_6,0,0,0,0,train:window_29,0,630503.0
2943.0,darpa_trace:n378690,darpa_trace:n167800,type_1,type_0,rel_0,0,0,0,0,train:window_29,0,631681.0
2944.0,darpa_trace:n379168,darpa_trace:n167800,type_1,type_0,rel_0,0,0,0,0,train:window_29,0,631923.0
2945.0,darpa_trace:n379255,darpa_trace:n167800,type_1,type_0,rel_0,0,0,0,0,train:window_29,0,631967.0
2946.0,darpa_trace:n380633,darpa_trace:n167800,type_1,type_0,rel_0,0,0,0,0,train:window_29,0,632691.0
2947.0,darpa_trace:n381152,darpa_trace:n167800,type_1,type_0,rel_0,0,0,0,0,train:window_29,0,632959.0
2948.0,darpa_trace:n381429,darpa_trace:n381588,type_0,type_5,rel_6,0,0,0,0,train:window_29,0,633321.0
2949.0,darpa_trace:n381859,darpa_trace:n381868,type_0,type_5,rel_6,0,0,0,0,train:window_29,0,633672.0
2950.0,darpa_trace:n381954,darpa_trace:n2315,type_0,type_4,rel_5,1,1,0,1,train:window_29,1,633806.0
2951.0,darpa_trace:n382015,darpa_trace:n382076,type_0,type_0,rel_13,0,0,0,0,train:window_29,0,633965.0
2952.0,darpa_trace:n382108,darpa_trace:n3068,type_0,type_4,rel_5,0,0,0,0,train:window_29,0,634092.0
2953.0,darpa_trace:n382383,darpa_trace:n382385,type_0,type_5,rel_6,0,0,0,0,train:window_29,0,634428.0
2954.0,darpa_trace:n382542,darpa_trace:n382543,type_0,type_8,rel_8,0,0,0,0,train:window_29,0,634712.0
2955.0,darpa_trace:n382544,darpa_trace:n2379,type_0,type_4,rel_5,1,1,0,1,train:window_29,1,634723.0
2956.0,darpa_trace:n382610,darpa_trace:n382641,type_0,type_5,rel_6,0,0,0,0,train:window_29,0,634858.0
2957.0,darpa_trace:n382703,darpa_trace:n382720,type_0,type_5,rel_6,0,0,0,0,train:window_29,0,634977.0
2958.0,darpa_trace:n382885,darpa_trace:n2379,type_0,type_4,rel_5,1,1,0,1,train:window_29,1,635250.0
2959.0,darpa_trace:n382947,darpa_trace:n382956,type_0,type_5,rel_6,0,0,0,0,train:window_29,0,635334.0
2960.0,darpa_trace:n383235,darpa_trace:n2315,type_0,type_4,rel_5,1,1,0,1,train:window_29,1,635745.0
2961.0,darpa_trace:n383318,darpa_trace:n2379,type_0,type_4,rel_5,1,1,0,1,train:window_29,1,635864.0
2962.0,darpa_trace:n383362,darpa_trace:n383369,type_0,type_5,rel_6,0,0,0,0,train:window_29,0,635978.0
2963.0,darpa_trace:n383362,darpa_trace:n2379,type_0,type_4,rel_5,1,1,0,1,train:window_29,1,635981.0
2964.0,darpa_trace:n383629,darpa_trace:n2379,type_0,type_4,rel_5,1,1,0,1,train:window_29,1,636318.0
2965.0,darpa_trace:n383693,darpa_trace:n2394,type_0,type_4,rel_5,0,0,0,0,train:window_29,0,636430.0
2966.0,darpa_trace:n383733,darpa_trace:n383789,type_0,type_5,rel_6,0,0,0,0,train:window_29,0,636525.0
2967.0,darpa_trace:n383970,darpa_trace:n383993,type_0,type_4,rel_17,0,0,0,0,train:window_29,0,636786.0
2968.0,darpa_trace:n383970,darpa_trace:n284800,type_0,type_7,rel_5,0,0,0,0,train:window_29,0,637038.0
2969.0,darpa_trace:n383970,darpa_trace:n384406,type_0,type_4,rel_17,0,0,0,0,train:window_29,0,637344.0
2970.0,darpa_trace:n383970,darpa_trace:n384409,type_0,type_4,rel_17,0,0,0,0,train:window_29,0,637349.0
2971.0,darpa_trace:n383970,darpa_trace:n284948,type_0,type_7,rel_5,0,0,0,0,train:window_29,0,637359.0
2972.0,darpa_trace:n383970,darpa_trace:n285089,type_0,type_7,rel_5,0,0,0,0,train:window_29,0,637892.0
2973.0,darpa_trace:n383970,darpa_trace:n384985,type_0,type_4,rel_17,0,0,0,0,train:window_29,0,638123.0
2974.0,darpa_trace:n383970,darpa_trace:n385072,type_0,type_4,rel_17,0,0,0,0,train:window_29,0,638247.0
2975.0,darpa_trace:n383970,darpa_trace:n385080,type_0,type_4,rel_17,0,0,0,0,train:window_29,0,638260.0
2976.0,darpa_trace:n383970,darpa_trace:n385135,type_0,type_4,rel_17,0,0,0,0,train:window_29,0,638336.0
2977.0,darpa_trace:n385164,darpa_trace:n18,type_3,type_0,rel_0,0,0,0,0,train:window_29,0,638388.0
2978.0,darpa_trace:n386103,darpa_trace:n386330,type_0,type_5,rel_11,0,0,0,0,train:window_29,0,639389.0
2979.0,darpa_trace:n386403,darpa_trace:n2684,type_1,type_0,rel_0,0,0,0,0,train:window_29,0,639519.0
2980.0,darpa_trace:n386529,darpa_trace:n2379,type_0,type_4,rel_5,1,1,0,1,train:window_29,1,639651.0
2981.0,darpa_trace:n386567,darpa_trace:n2315,type_0,type_4,rel_5,1,1,0,1,train:window_29,1,639702.0
2982.0,darpa_trace:n386584,darpa_trace:n386593,type_0,type_5,rel_11,0,0,0,0,train:window_29,0,639734.0
2983.0,darpa_trace:n386602,darpa_trace:n2379,type_0,type_4,rel_5,1,1,0,1,train:window_29,1,639746.0
2984.0,darpa_trace:n386692,darpa_trace:n386709,type_0,type_5,rel_6,0,0,0,0,train:window_29,0,639883.0
2985.0,darpa_trace:n386692,darpa_trace:n2379,type_0,type_4,rel_5,1,1,0,1,train:window_29,1,639890.0
2986.0,darpa_trace:n386692,darpa_trace:n386692,type_0,type_0,rel_3,0,0,0,0,train:window_29,0,639958.0
2987.0,darpa_trace:n386788,darpa_trace:n386791,type_0,type_5,rel_6,0,0,0,0,train:window_29,0,639988.0
2988.0,darpa_trace:n386910,darpa_trace:n386969,type_0,type_0,rel_13,0,0,0,0,train:window_29,0,640248.0
2989.0,darpa_trace:n387001,darpa_trace:n2458,type_0,type_6,rel_5,0,0,0,0,train:window_29,0,640368.0
2990.0,darpa_trace:n387121,darpa_trace:n387127,type_0,type_5,rel_6,0,0,0,0,train:window_29,0,640485.0
2991.0,darpa_trace:n387151,darpa_trace:n2315,type_0,type_4,rel_5,1,1,0,1,train:window_29,1,640525.0
2992.0,darpa_trace:n387228,darpa_trace:n387231,type_0,type_5,rel_6,0,0,0,0,train:window_29,0,640683.0
2993.0,darpa_trace:n387412,darpa_trace:n387436,type_0,type_5,rel_6,0,0,0,0,train:window_29,0,640995.0
2994.0,darpa_trace:n387596,darpa_trace:n387644,type_0,type_5,rel_11,0,0,0,0,train:window_29,0,641297.0
2995.0,darpa_trace:n387656,darpa_trace:n387596,type_8,type_0,rel_2,0,0,0,0,train:window_29,0,641332.0
2996.0,darpa_trace:n387749,darpa_trace:n387753,type_0,type_5,rel_11,0,0,0,0,train:window_29,0,641474.0
2997.0,darpa_trace:n387749,darpa_trace:n387755,type_0,type_5,rel_6,0,0,0,0,train:window_29,0,641476.0
2998.0,darpa_trace:n387749,darpa_trace:n2379,type_0,type_4,rel_5,1,1,0,1,train:window_29,1,641477.0
2999.0,darpa_trace:n387874,darpa_trace:n2315,type_0,type_4,rel_5,1,1,0,1,train:window_29,1,641655.0
3000.0,darpa_trace:n387905,darpa_trace:n2379,type_0,type_4,rel_5,1,1,0,1,train:window_29,1,641714.0
3001.0,darpa_trace:n387905,darpa_trace:n387919,type_0,type_5,rel_11,0,0,0,0,train:window_30,0,641717.0
3002.0,darpa_trace:n387959,darpa_trace:n2379,type_0,type_4,rel_5,1,1,0,1,train:window_30,1,641776.0
3003.0,darpa_trace:n387982,darpa_trace:n2379,type_0,type_4,rel_5,1,1,0,1,train:window_30,1,641807.0
3004.0,darpa_trace:n388073,darpa_trace:n2379,type_0,type_4,rel_5,1,1,0,1,train:window_30,1,641991.0
3005.0,darpa_trace:n388114,darpa_trace:n388327,type_0,type_5,rel_11,0,0,0,0,train:window_30,0,642277.0
3006.0,darpa_trace:n388340,darpa_trace:n2379,type_0,type_4,rel_5,1,1,0,1,train:window_30,1,642328.0
3007.0,darpa_trace:n388444,darpa_trace:n388622,type_0,type_5,rel_11,0,0,0,0,train:window_30,0,642686.0
3008.0,darpa_trace:n388708,darpa_trace:n2315,type_0,type_4,rel_5,1,1,0,1,train:window_30,1,642800.0
3009.0,darpa_trace:n389215,darpa_trace:n2684,type_1,type_0,rel_0,0,0,0,0,train:window_30,0,643234.0
3010.0,darpa_trace:n389245,darpa_trace:n167800,type_1,type_0,rel_0,0,0,0,0,train:window_30,0,643256.0
3011.0,darpa_trace:n389300,darpa_trace:n2707,type_1,type_0,rel_0,0,0,0,0,train:window_30,0,643294.0
3012.0,darpa_trace:n389480,darpa_trace:n167800,type_1,type_0,rel_0,0,0,0,0,train:window_30,0,643401.0
3013.0,darpa_trace:n389571,darpa_trace:n2707,type_1,type_0,rel_0,0,0,0,0,train:window_30,0,643470.0
3014.0,darpa_trace:n389835,darpa_trace:n2328,type_0,type_4,rel_5,0,0,0,0,train:window_30,0,643633.0
3015.0,darpa_trace:n389975,darpa_trace:n389975,type_0,type_0,rel_3,0,0,0,0,train:window_30,0,643994.0
3016.0,darpa_trace:n390276,darpa_trace:n2315,type_0,type_4,rel_5,1,1,0,1,train:window_30,1,644202.0
3017.0,darpa_trace:n390304,darpa_trace:n390324,type_0,type_5,rel_11,0,0,0,0,train:window_30,0,644274.0
3018.0,darpa_trace:n390422,darpa_trace:n390425,type_0,type_5,rel_6,0,0,0,0,train:window_30,0,644430.0
3019.0,darpa_trace:n390510,darpa_trace:n2458,type_0,type_6,rel_5,0,0,0,0,train:window_30,0,644559.0
3020.0,darpa_trace:n390542,darpa_trace:n390554,type_0,type_5,rel_6,0,0,0,0,train:window_30,0,644618.0
3021.0,darpa_trace:n390542,darpa_trace:n390558,type_0,type_5,rel_11,0,0,0,0,train:window_30,0,644623.0
3022.0,darpa_trace:n390635,darpa_trace:n3073,type_0,type_4,rel_5,0,0,0,0,train:window_30,0,644821.0
3023.0,darpa_trace:n390771,darpa_trace:n3553,type_0,type_4,rel_5,0,0,0,0,train:window_30,0,645062.0
3024.0,darpa_trace:n390818,darpa_trace:n2379,type_0,type_4,rel_5,1,1,0,1,train:window_30,1,645103.0
3025.0,darpa_trace:n390875,darpa_trace:n2315,type_0,type_4,rel_5,1,1,0,1,train:window_30,1,645146.0
3026.0,darpa_trace:n390889,darpa_trace:n2379,type_0,type_4,rel_5,1,1,0,1,train:window_30,1,645175.0
3027.0,darpa_trace:n390889,darpa_trace:n390908,type_0,type_5,rel_6,0,0,0,0,train:window_30,0,645190.0
3028.0,darpa_trace:n390919,darpa_trace:n2315,type_0,type_4,rel_5,1,1,0,1,train:window_30,1,645207.0
3029.0,darpa_trace:n390932,darpa_trace:n2315,type_0,type_4,rel_5,1,1,0,1,train:window_30,1,645224.0
3030.0,darpa_trace:n391140,darpa_trace:n391141,type_0,type_5,rel_6,0,0,0,0,train:window_30,0,645546.0
3031.0,darpa_trace:n391140,darpa_trace:n2379,type_0,type_4,rel_5,1,1,0,1,train:window_30,1,645567.0
3032.0,darpa_trace:n391473,darpa_trace:n2379,type_0,type_4,rel_5,1,1,0,1,train:window_30,1,646044.0
3033.0,darpa_trace:n391594,darpa_trace:n2379,type_0,type_4,rel_5,1,1,0,1,train:window_30,1,646219.0
3034.0,darpa_trace:n391617,darpa_trace:n391625,type_0,type_5,rel_11,0,0,0,0,train:window_30,0,646257.0
3035.0,darpa_trace:n391708,darpa_trace:n2332,type_0,type_4,rel_5,0,0,0,0,train:window_30,0,646416.0
3036.0,darpa_trace:n391749,darpa_trace:n2398,type_0,type_4,rel_5,1,1,0,1,train:window_30,1,646510.0
3037.0,darpa_trace:n391749,darpa_trace:n391953,type_0,type_5,rel_11,0,0,0,0,train:window_30,0,646701.0
3038.0,darpa_trace:n391750,darpa_trace:n2315,type_0,type_4,rel_5,1,1,0,1,train:window_30,1,646730.0
3039.0,darpa_trace:n391975,darpa_trace:n2379,type_0,type_4,rel_5,1,1,0,1,train:window_30,1,646763.0
3040.0,darpa_trace:n392021,darpa_trace:n2315,type_0,type_4,rel_5,1,1,0,1,train:window_30,1,646834.0
3041.0,darpa_trace:n392021,darpa_trace:n2379,type_0,type_4,rel_5,1,1,0,1,train:window_30,1,646836.0
3042.0,darpa_trace:n392343,darpa_trace:n2315,type_0,type_4,rel_5,1,1,0,1,train:window_30,1,647237.0
3043.0,darpa_trace:n392921,darpa_trace:n1019,type_1,type_0,rel_0,0,0,0,0,train:window_30,0,647617.0
3044.0,darpa_trace:n393131,darpa_trace:n167800,type_1,type_0,rel_0,0,0,0,0,train:window_30,0,647725.0
3045.0,darpa_trace:n393764,darpa_trace:n166441,type_1,type_0,rel_0,0,0,0,0,train:window_30,0,648053.0
3046.0,darpa_trace:n393886,darpa_trace:n167800,type_1,type_0,rel_0,0,0,0,0,train:window_30,0,648116.0
3047.0,darpa_trace:n393934,darpa_trace:n167800,type_1,type_0,rel_0,0,0,0,0,train:window_30,0,648141.0
3048.0,darpa_trace:n394176,darpa_trace:n167800,type_1,type_0,rel_0,0,0,0,0,train:window_30,0,648270.0
3049.0,darpa_trace:n394987,darpa_trace:n167800,type_1,type_0,rel_0,0,0,0,0,train:window_30,0,648685.0
3050.0,darpa_trace:n395063,darpa_trace:n167800,type_1,type_0,rel_0,0,0,0,0,train:window_30,0,648724.0
3051.0,darpa_trace:n396427,darpa_trace:n167800,type_1,type_0,rel_0,0,0,0,0,train:window_30,0,649436.0
3052.0,darpa_trace:n397402,darpa_trace:n167800,type_1,type_0,rel_0,0,0,0,0,train:window_30,0,649941.0
3053.0,darpa_trace:n397631,darpa_trace:n167800,type_1,type_0,rel_0,0,0,0,0,train:window_30,0,650060.0
3054.0,darpa_trace:n399359,darpa_trace:n167800,type_1,type_0,rel_0,0,0,0,0,train:window_30,0,650955.0
3055.0,darpa_trace:n399702,darpa_trace:n167800,type_1,type_0,rel_0,0,0,0,0,train:window_30,0,651136.0
3056.0,darpa_trace:n399876,darpa_trace:n167800,type_1,type_0,rel_0,0,0,0,0,train:window_30,0,651230.0
3057.0,darpa_trace:n400863,darpa_trace:n167800,type_1,type_0,rel_0,0,0,0,0,train:window_30,0,651748.0
3058.0,darpa_trace:n401761,darpa_trace:n18,type_3,type_0,rel_0,0,0,0,0,train:window_30,0,652214.0
3059.0,darpa_trace:n401952,darpa_trace:n167800,type_1,type_0,rel_0,0,0,0,0,train:window_30,0,652313.0
3060.0,darpa_trace:n402280,darpa_trace:n167800,type_1,type_0,rel_0,0,0,0,0,train:window_30,0,652490.0
3061.0,darpa_trace:n402623,darpa_trace:n167800,type_1,type_0,rel_0,0,0,0,0,train:window_30,0,652665.0
3062.0,darpa_trace:n403063,darpa_trace:n168820,type_1,type_0,rel_0,0,0,0,0,train:window_30,0,652890.0
3063.0,darpa_trace:n404136,darpa_trace:n167800,type_1,type_0,rel_0,0,0,0,0,train:window_30,0,653440.0
3064.0,darpa_trace:n404340,darpa_trace:n167800,type_1,type_0,rel_0,0,0,0,0,train:window_30,0,653548.0
3065.0,darpa_trace:n404621,darpa_trace:n167800,type_1,type_0,rel_0,0,0,0,0,train:window_30,0,653693.0
3066.0,darpa_trace:n406079,darpa_trace:n167800,type_1,type_0,rel_0,0,0,0,0,train:window_30,0,654450.0
3067.0,darpa_trace:n406472,darpa_trace:n167800,type_1,type_0,rel_0,0,0,0,0,train:window_30,0,654655.0
3068.0,darpa_trace:n407277,darpa_trace:n168820,type_1,type_0,rel_0,0,0,0,0,train:window_30,0,655065.0
3069.0,darpa_trace:n407495,darpa_trace:n167800,type_1,type_0,rel_0,0,0,0,0,train:window_30,0,655180.0
3070.0,darpa_trace:n408669,darpa_trace:n167800,type_1,type_0,rel_0,0,0,0,0,train:window_30,0,655800.0
3071.0,darpa_trace:n409848,darpa_trace:n167800,type_1,type_0,rel_0,0,0,0,0,train:window_30,0,656408.0
3072.0,darpa_trace:n410335,darpa_trace:n167800,type_1,type_0,rel_0,0,0,0,0,train:window_30,0,656666.0
3073.0,darpa_trace:n411228,darpa_trace:n167800,type_1,type_0,rel_0,0,0,0,0,train:window_30,0,657125.0
3074.0,darpa_trace:n411405,darpa_trace:n168820,type_1,type_0,rel_0,0,0,0,0,train:window_30,0,657214.0
3075.0,darpa_trace:n411481,darpa_trace:n168820,type_1,type_0,rel_0,0,0,0,0,train:window_30,0,657252.0
3076.0,darpa_trace:n411510,darpa_trace:n167800,type_1,type_0,rel_0,0,0,0,0,train:window_30,0,657266.0
3077.0,darpa_trace:n415083,darpa_trace:n167800,type_1,type_0,rel_0,0,0,0,0,train:window_30,0,659126.0
3078.0,darpa_trace:n415295,darpa_trace:n167800,type_1,type_0,rel_0,0,0,0,0,train:window_30,0,659236.0
3079.0,darpa_trace:n415508,darpa_trace:n168820,type_1,type_0,rel_0,0,0,0,0,train:window_30,0,659348.0
3080.0,darpa_trace:n416394,darpa_trace:n167800,type_1,type_0,rel_0,0,0,0,0,train:window_30,0,659811.0
3081.0,darpa_trace:n417015,darpa_trace:n167800,type_1,type_0,rel_0,0,0,0,0,train:window_30,0,660132.0
3082.0,darpa_trace:n417393,darpa_trace:n167800,type_1,type_0,rel_0,0,0,0,0,train:window_30,0,660327.0
3083.0,darpa_trace:n418028,darpa_trace:n167800,type_1,type_0,rel_0,0,0,0,0,train:window_30,0,660656.0
3084.0,darpa_trace:n418609,darpa_trace:n167800,type_1,type_0,rel_0,0,0,0,0,train:window_30,0,660961.0
3085.0,darpa_trace:n419204,darpa_trace:n167800,type_1,type_0,rel_0,0,0,0,0,train:window_30,0,661266.0
3086.0,darpa_trace:n419775,darpa_trace:n167800,type_1,type_0,rel_0,0,0,0,0,train:window_30,0,661554.0
3087.0,darpa_trace:n420668,darpa_trace:n167800,type_1,type_0,rel_0,0,0,0,0,train:window_30,0,662020.0
3088.0,darpa_trace:n420963,darpa_trace:n167800,type_1,type_0,rel_0,0,0,0,0,train:window_30,0,662178.0
3089.0,darpa_trace:n421362,darpa_trace:n167800,type_1,type_0,rel_0,0,0,0,0,train:window_30,0,662381.0
3090.0,darpa_trace:n421772,darpa_trace:n18,type_3,type_0,rel_0,0,0,0,0,train:window_30,0,662592.0
3091.0,darpa_trace:n421822,darpa_trace:n167800,type_1,type_0,rel_0,0,0,0,0,train:window_30,0,662618.0
3092.0,darpa_trace:n422164,darpa_trace:n167800,type_1,type_0,rel_0,0,0,0,0,train:window_30,0,662801.0
3093.0,darpa_trace:n422204,darpa_trace:n18,type_3,type_0,rel_0,0,0,0,0,train:window_30,0,662822.0
3094.0,darpa_trace:n422698,darpa_trace:n167800,type_1,type_0,rel_0,0,0,0,0,train:window_30,0,663082.0
3095.0,darpa_trace:n422804,darpa_trace:n167800,type_1,type_0,rel_0,0,0,0,0,train:window_30,0,663136.0
3096.0,darpa_trace:n422824,darpa_trace:n167800,type_1,type_0,rel_0,0,0,0,0,train:window_30,0,663147.0
3097.0,darpa_trace:n423368,darpa_trace:n167800,type_1,type_0,rel_0,0,0,0,0,train:window_30,0,663426.0
3098.0,darpa_trace:n426823,darpa_trace:n427819,type_0,type_1,rel_7,0,0,0,0,train:window_30,0,665753.0
3099.0,darpa_trace:n426823,darpa_trace:n427900,type_0,type_1,rel_7,0,0,0,0,train:window_30,0,665788.0
3100.0,darpa_trace:n426823,darpa_trace:n428258,type_0,type_1,rel_7,0,0,0,0,train:window_30,0,665939.0
3101.0,darpa_trace:n426823,darpa_trace:n431343,type_0,type_1,rel_7,0,0,0,0,train:window_31,0,667135.0
3102.0,darpa_trace:n426823,darpa_trace:n432451,type_0,type_1,rel_7,0,0,0,0,train:window_31,0,667595.0
3103.0,darpa_trace:n426823,darpa_trace:n432691,type_0,type_1,rel_7,0,0,0,0,train:window_31,0,667692.0
3104.0,darpa_trace:n426823,darpa_trace:n432746,type_0,type_1,rel_7,0,0,0,0,train:window_31,0,667714.0
3105.0,darpa_trace:n426823,darpa_trace:n432942,type_0,type_1,rel_7,0,0,0,0,train:window_31,0,667796.0
3106.0,darpa_trace:n426823,darpa_trace:n433178,type_0,type_1,rel_7,0,0,0,0,train:window_31,0,667892.0
3107.0,darpa_trace:n426823,darpa_trace:n433343,type_0,type_1,rel_7,0,0,0,0,train:window_31,0,667962.0
3108.0,darpa_trace:n426823,darpa_trace:n433782,type_0,type_1,rel_7,0,0,0,0,train:window_31,0,668141.0
3109.0,darpa_trace:n426823,darpa_trace:n434335,type_0,type_1,rel_7,0,0,0,0,train:window_31,0,668376.0
3110.0,darpa_trace:n426823,darpa_trace:n435064,type_0,type_1,rel_7,0,0,0,0,train:window_31,0,668677.0
3111.0,darpa_trace:n426823,darpa_trace:n435097,type_0,type_1,rel_7,0,0,0,0,train:window_31,0,668691.0
3112.0,darpa_trace:n426823,darpa_trace:n435478,type_0,type_1,rel_7,0,0,0,0,train:window_31,0,668847.0
3113.0,darpa_trace:n426823,darpa_trace:n435856,type_0,type_1,rel_7,0,0,0,0,train:window_31,0,669002.0
3114.0,darpa_trace:n426823,darpa_trace:n435871,type_0,type_1,rel_7,0,0,0,0,train:window_31,0,669009.0
3115.0,darpa_trace:n426823,darpa_trace:n438000,type_0,type_1,rel_7,0,0,0,0,train:window_31,0,669800.0
3116.0,darpa_trace:n426823,darpa_trace:n439457,type_0,type_1,rel_7,0,0,0,0,train:window_31,0,670405.0
3117.0,darpa_trace:n426823,darpa_trace:n439531,type_0,type_1,rel_7,0,0,0,0,train:window_31,0,670434.0
3118.0,darpa_trace:n426823,darpa_trace:n439864,type_0,type_1,rel_7,0,0,0,0,train:window_31,0,670570.0
3119.0,darpa_trace:n426823,darpa_trace:n442311,type_0,type_1,rel_7,0,0,0,0,train:window_31,0,671593.0
3120.0,darpa_trace:n426823,darpa_trace:n443713,type_0,type_1,rel_7,0,0,0,0,train:window_31,0,672082.0
3121.0,darpa_trace:n426823,darpa_trace:n444307,type_0,type_1,rel_7,0,0,0,0,train:window_31,0,672330.0
3122.0,darpa_trace:n426823,darpa_trace:n445401,type_0,type_1,rel_7,0,0,0,0,train:window_31,0,672789.0
3123.0,darpa_trace:n426823,darpa_trace:n445474,type_0,type_1,rel_7,0,0,0,0,train:window_31,0,672819.0
3124.0,darpa_trace:n426823,darpa_trace:n446161,type_0,type_1,rel_7,0,0,0,0,train:window_31,0,673098.0
3125.0,darpa_trace:n426823,darpa_trace:n446282,type_0,type_1,rel_7,0,0,0,0,train:window_31,0,673149.0
3126.0,darpa_trace:n426823,darpa_trace:n446396,type_0,type_1,rel_7,0,0,0,0,train:window_31,0,673196.0
3127.0,darpa_trace:n426823,darpa_trace:n446773,type_0,type_1,rel_7,0,0,0,0,train:window_31,0,673351.0
3128.0,darpa_trace:n426823,darpa_trace:n447637,type_0,type_1,rel_7,0,0,0,0,train:window_31,0,673715.0
3129.0,darpa_trace:n426823,darpa_trace:n447805,type_0,type_1,rel_7,0,0,0,0,train:window_31,0,673787.0
3130.0,darpa_trace:n426823,darpa_trace:n448184,type_0,type_1,rel_7,0,0,0,0,train:window_31,0,673945.0
3131.0,darpa_trace:n426823,darpa_trace:n448698,type_0,type_1,rel_7,0,0,0,0,train:window_31,0,674158.0
3132.0,darpa_trace:n426823,darpa_trace:n448943,type_0,type_1,rel_7,0,0,0,0,train:window_31,0,674257.0
3133.0,darpa_trace:n426823,darpa_trace:n450083,type_0,type_1,rel_7,0,0,0,0,train:window_31,0,674635.0
3134.0,darpa_trace:n426823,darpa_trace:n450310,type_0,type_1,rel_7,0,0,0,0,train:window_31,0,674729.0
3135.0,darpa_trace:n426823,darpa_trace:n450670,type_0,type_1,rel_7,0,0,0,0,train:window_31,0,674881.0
3136.0,darpa_trace:n426823,darpa_trace:n450815,type_0,type_1,rel_7,0,0,0,0,train:window_31,0,674941.0
3137.0,darpa_trace:n426823,darpa_trace:n450846,type_0,type_1,rel_7,0,0,0,0,train:window_31,0,674954.0
3138.0,darpa_trace:n426823,darpa_trace:n450981,type_0,type_1,rel_7,0,0,0,0,train:window_31,0,675011.0
3139.0,darpa_trace:n426823,darpa_trace:n451217,type_0,type_1,rel_7,0,0,0,0,train:window_31,0,675111.0
3140.0,darpa_trace:n426823,darpa_trace:n452290,type_0,type_1,rel_7,0,0,0,0,train:window_31,0,675560.0
3141.0,darpa_trace:n426823,darpa_trace:n453987,type_0,type_1,rel_7,0,0,0,0,train:window_31,0,676259.0
3142.0,darpa_trace:n426823,darpa_trace:n454660,type_0,type_1,rel_7,0,0,0,0,train:window_31,0,676536.0
3143.0,darpa_trace:n426823,darpa_trace:n455144,type_0,type_1,rel_7,0,0,0,0,train:window_31,0,676739.0
3144.0,darpa_trace:n426823,darpa_trace:n455484,type_0,type_1,rel_7,0,0,0,0,train:window_31,0,676882.0
3145.0,darpa_trace:n426823,darpa_trace:n455595,type_0,type_1,rel_7,0,0,0,0,train:window_31,0,676929.0
3146.0,darpa_trace:n426823,darpa_trace:n455910,type_0,type_1,rel_7,0,0,0,0,train:window_31,0,677058.0
3147.0,darpa_trace:n426823,darpa_trace:n456979,type_0,type_1,rel_7,0,0,0,0,train:window_31,0,677410.0
3148.0,darpa_trace:n426823,darpa_trace:n458699,type_0,type_1,rel_7,0,0,0,0,train:window_31,0,678133.0
3149.0,darpa_trace:n426823,darpa_trace:n459457,type_0,type_1,rel_7,0,0,0,0,train:window_31,0,678441.0
3150.0,darpa_trace:n426823,darpa_trace:n460591,type_0,type_1,rel_7,0,0,0,0,train:window_31,0,678909.0
3151.0,darpa_trace:n426823,darpa_trace:n460608,type_0,type_1,rel_7,0,0,0,0,train:window_31,0,678916.0
3152.0,darpa_trace:n426823,darpa_trace:n460815,type_0,type_1,rel_7,0,0,0,0,train:window_31,0,679003.0
3153.0,darpa_trace:n426823,darpa_trace:n460877,type_0,type_1,rel_7,0,0,0,0,train:window_31,0,679029.0
3154.0,darpa_trace:n426823,darpa_trace:n461780,type_0,type_1,rel_7,0,0,0,0,train:window_31,0,679408.0
3155.0,darpa_trace:n426823,darpa_trace:n463783,type_0,type_1,rel_7,0,0,0,0,train:window_31,0,680142.0
3156.0,darpa_trace:n426823,darpa_trace:n465124,type_0,type_1,rel_7,0,0,0,0,train:window_31,0,680704.0
3157.0,darpa_trace:n426823,darpa_trace:n465506,type_0,type_1,rel_7,0,0,0,0,train:window_31,0,680863.0
3158.0,darpa_trace:n426823,darpa_trace:n465787,type_0,type_1,rel_7,0,0,0,0,train:window_31,0,680978.0
3159.0,darpa_trace:n426823,darpa_trace:n465942,type_0,type_1,rel_7,0,0,0,0,train:window_31,0,681040.0
3160.0,darpa_trace:n426823,darpa_trace:n466183,type_0,type_1,rel_7,0,0,0,0,train:window_31,0,681137.0
3161.0,darpa_trace:n426823,darpa_trace:n467188,type_0,type_1,rel_7,0,0,0,0,train:window_31,0,681552.0
3162.0,darpa_trace:n426823,darpa_trace:n467556,type_0,type_1,rel_7,0,0,0,0,train:window_31,0,681706.0
3163.0,darpa_trace:n426823,darpa_trace:n467745,type_0,type_1,rel_7,0,0,0,0,train:window_31,0,681785.0
3164.0,darpa_trace:n426823,darpa_trace:n468405,type_0,type_1,rel_7,0,0,0,0,train:window_31,0,682061.0
3165.0,darpa_trace:n426823,darpa_trace:n468949,type_0,type_1,rel_7,0,0,0,0,train:window_31,0,682292.0
3166.0,darpa_trace:n426823,darpa_trace:n469460,type_0,type_1,rel_7,0,0,0,0,train:window_31,0,682501.0
3167.0,darpa_trace:n426823,darpa_trace:n469492,type_0,type_1,rel_7,0,0,0,0,train:window_31,0,682515.0
3168.0,darpa_trace:n426823,darpa_trace:n471077,type_0,type_1,rel_7,0,0,0,0,train:window_31,0,683081.0
3169.0,darpa_trace:n426823,darpa_trace:n471423,type_0,type_1,rel_7,0,0,0,0,train:window_31,0,683227.0
3170.0,darpa_trace:n426823,darpa_trace:n471531,type_0,type_1,rel_7,0,0,0,0,train:window_31,0,683272.0
3171.0,darpa_trace:n426823,darpa_trace:n471549,type_0,type_1,rel_7,0,0,0,0,train:window_31,0,683280.0
3172.0,darpa_trace:n426823,darpa_trace:n472463,type_0,type_1,rel_7,0,0,0,0,train:window_31,0,683660.0
3173.0,darpa_trace:n426823,darpa_trace:n472861,type_0,type_1,rel_7,0,0,0,0,train:window_31,0,683820.0
3174.0,darpa_trace:n426823,darpa_trace:n472907,type_0,type_1,rel_7,0,0,0,0,train:window_31,0,683839.0
3175.0,darpa_trace:n426823,darpa_trace:n473527,type_0,type_1,rel_7,0,0,0,0,train:window_31,0,684097.0
3176.0,darpa_trace:n426823,darpa_trace:n475427,type_0,type_1,rel_7,0,0,0,0,train:window_31,0,684883.0
3177.0,darpa_trace:n426823,darpa_trace:n475831,type_0,type_1,rel_7,0,0,0,0,train:window_31,0,685047.0
3178.0,darpa_trace:n426823,darpa_trace:n477952,type_0,type_1,rel_7,0,0,0,0,train:window_31,0,685830.0
3179.0,darpa_trace:n426823,darpa_trace:n478445,type_0,type_1,rel_7,0,0,0,0,train:window_31,0,686036.0
3180.0,darpa_trace:n426823,darpa_trace:n478642,type_0,type_1,rel_7,0,0,0,0,train:window_31,0,686119.0
3181.0,darpa_trace:n426823,darpa_trace:n478785,type_0,type_1,rel_7,0,0,0,0,train:window_31,0,686177.0
3182.0,darpa_trace:n426823,darpa_trace:n478965,type_0,type_1,rel_7,0,0,0,0,train:window_31,0,686253.0
3183.0,darpa_trace:n426823,darpa_trace:n479246,type_0,type_1,rel_7,0,0,0,0,train:window_31,0,686371.0
3184.0,darpa_trace:n426823,darpa_trace:n480432,type_0,type_1,rel_7,0,0,0,0,train:window_31,0,686856.0
3185.0,darpa_trace:n426823,darpa_trace:n480439,type_0,type_1,rel_7,0,0,0,0,train:window_31,0,686859.0
3186.0,darpa_trace:n426823,darpa_trace:n480460,type_0,type_1,rel_7,0,0,0,0,train:window_31,0,686868.0
3187.0,darpa_trace:n426823,darpa_trace:n480846,type_0,type_1,rel_7,0,0,0,0,train:window_31,0,687031.0
3188.0,darpa_trace:n426823,darpa_trace:n481785,type_0,type_1,rel_7,0,0,0,0,train:window_31,0,687422.0
3189.0,darpa_trace:n426823,darpa_trace:n481973,type_0,type_1,rel_7,0,0,0,0,train:window_31,0,687501.0
3190.0,darpa_trace:n426823,darpa_trace:n482053,type_0,type_1,rel_7,0,0,0,0,train:window_31,0,687535.0
3191.0,darpa_trace:n426823,darpa_trace:n483469,type_0,type_1,rel_7,0,0,0,0,train:window_31,0,688122.0
3192.0,darpa_trace:n426823,darpa_trace:n483598,type_0,type_1,rel_7,0,0,0,0,train:window_31,0,688177.0
3193.0,darpa_trace:n426823,darpa_trace:n483845,type_0,type_1,rel_7,0,0,0,0,train:window_31,0,688279.0
3194.0,darpa_trace:n426823,darpa_trace:n484463,type_0,type_1,rel_7,0,0,0,0,train:window_31,0,688443.0
3195.0,darpa_trace:n426823,darpa_trace:n485514,type_0,type_1,rel_7,0,0,0,0,train:window_31,0,688886.0
3196.0,darpa_trace:n426823,darpa_trace:n485526,type_0,type_1,rel_7,0,0,0,0,train:window_31,0,688891.0
3197.0,darpa_trace:n426823,darpa_trace:n485819,type_0,type_1,rel_7,0,0,0,0,train:window_31,0,689010.0
3198.0,darpa_trace:n426823,darpa_trace:n486200,type_0,type_1,rel_7,0,0,0,0,train:window_31,0,689164.0
3199.0,darpa_trace:n426823,darpa_trace:n486900,type_0,type_1,rel_7,0,0,0,0,train:window_31,0,689450.0
3200.0,darpa_trace:n426823,darpa_trace:n486917,type_0,type_1,rel_7,0,0,0,0,train:window_31,0,689457.0
3201.0,darpa_trace:n426823,darpa_trace:n488654,type_0,type_1,rel_7,0,0,0,0,train:window_32,0,690177.0
3202.0,darpa_trace:n426823,darpa_trace:n488884,type_0,type_1,rel_7,0,0,0,0,train:window_32,0,690273.0
3203.0,darpa_trace:n426823,darpa_trace:n489638,type_0,type_1,rel_7,0,0,0,0,train:window_32,0,690584.0
3204.0,darpa_trace:n426823,darpa_trace:n492329,type_0,type_1,rel_7,0,0,0,0,train:window_32,0,690682.0
3205.0,darpa_trace:n426823,darpa_trace:n493504,type_0,type_1,rel_7,0,0,0,0,train:window_32,0,691040.0
3206.0,darpa_trace:n426823,darpa_trace:n497240,type_0,type_1,rel_7,0,0,0,0,train:window_32,0,691320.0
3207.0,darpa_trace:n426823,darpa_trace:n500480,type_0,type_1,rel_7,0,0,0,0,train:window_32,0,691559.0
3208.0,darpa_trace:n426823,darpa_trace:n507585,type_0,type_1,rel_7,0,0,0,0,train:window_32,0,692131.0
3209.0,darpa_trace:n426823,darpa_trace:n508951,type_0,type_1,rel_7,0,0,0,0,train:window_32,0,692634.0
3210.0,darpa_trace:n426823,darpa_trace:n509725,type_0,type_1,rel_7,0,0,0,0,train:window_32,0,692959.0
3211.0,darpa_trace:n426823,darpa_trace:n511094,type_0,type_1,rel_7,0,0,0,0,train:window_32,0,693524.0
3212.0,darpa_trace:n426823,darpa_trace:n511560,type_0,type_1,rel_7,0,0,0,0,train:window_32,0,693716.0
3213.0,darpa_trace:n426823,darpa_trace:n512042,type_0,type_1,rel_7,0,0,0,0,train:window_32,0,693920.0
3214.0,darpa_trace:n426823,darpa_trace:n512470,type_0,type_1,rel_7,0,0,0,0,train:window_32,0,694006.0
3215.0,darpa_trace:n426823,darpa_trace:n513213,type_0,type_1,rel_7,0,0,0,0,train:window_32,0,694317.0
3216.0,darpa_trace:n426823,darpa_trace:n513396,type_0,type_1,rel_7,0,0,0,0,train:window_32,0,694391.0
3217.0,darpa_trace:n426823,darpa_trace:n513493,type_0,type_1,rel_7,0,0,0,0,train:window_32,0,694432.0
3218.0,darpa_trace:n426823,darpa_trace:n513633,type_0,type_1,rel_7,0,0,0,0,train:window_32,0,694488.0
3219.0,darpa_trace:n426823,darpa_trace:n518024,type_0,type_1,rel_7,0,0,0,0,train:window_32,0,695076.0
3220.0,darpa_trace:n426823,darpa_trace:n525312,type_0,type_1,rel_7,0,0,0,0,train:window_32,0,695818.0
3221.0,darpa_trace:n426823,darpa_trace:n525507,type_0,type_1,rel_7,0,0,0,0,train:window_32,0,695848.0
3222.0,darpa_trace:n426823,darpa_trace:n525624,type_0,type_1,rel_7,0,0,0,0,train:window_32,0,695891.0
3223.0,darpa_trace:n426823,darpa_trace:n527320,type_0,type_1,rel_7,0,0,0,0,train:window_32,0,695984.0
3224.0,darpa_trace:n426823,darpa_trace:n530421,type_0,type_1,rel_7,0,0,0,0,train:window_32,0,696065.0
3225.0,darpa_trace:n426823,darpa_trace:n531052,type_0,type_1,rel_7,0,0,0,0,train:window_32,0,696270.0
3226.0,darpa_trace:n426823,darpa_trace:n535312,type_0,type_1,rel_7,0,0,0,0,train:window_32,0,696786.0
3227.0,darpa_trace:n426823,darpa_trace:n537413,type_0,type_1,rel_7,0,0,0,0,train:window_32,0,697654.0
3228.0,darpa_trace:n426823,darpa_trace:n537488,type_0,type_1,rel_7,0,0,0,0,train:window_32,0,697686.0
3229.0,darpa_trace:n426823,darpa_trace:n538222,type_0,type_1,rel_7,0,0,0,0,train:window_32,0,697983.0
3230.0,darpa_trace:n426823,darpa_trace:n538420,type_0,type_1,rel_7,0,0,0,0,train:window_32,0,698067.0
3231.0,darpa_trace:n426823,darpa_trace:n538782,type_0,type_1,rel_7,0,0,0,0,train:window_32,0,698220.0
3232.0,darpa_trace:n426823,darpa_trace:n539276,type_0,type_1,rel_7,0,0,0,0,train:window_32,0,698428.0
3233.0,darpa_trace:n426823,darpa_trace:n539427,type_0,type_1,rel_7,0,0,0,0,train:window_32,0,698490.0
3234.0,darpa_trace:n426823,darpa_trace:n540218,type_0,type_1,rel_7,0,0,0,0,train:window_32,0,698816.0
3235.0,darpa_trace:n426823,darpa_trace:n540250,type_0,type_1,rel_7,0,0,0,0,train:window_32,0,698830.0
3236.0,darpa_trace:n426823,darpa_trace:n540380,type_0,type_1,rel_7,0,0,0,0,train:window_32,0,698883.0
3237.0,darpa_trace:n426823,darpa_trace:n540656,type_0,type_1,rel_7,0,0,0,0,train:window_32,0,699001.0
3238.0,darpa_trace:n426823,darpa_trace:n540674,type_0,type_1,rel_7,0,0,0,0,train:window_32,0,699009.0
3239.0,darpa_trace:n426823,darpa_trace:n540979,type_0,type_1,rel_7,0,0,0,0,train:window_32,0,699137.0
3240.0,darpa_trace:n426823,darpa_trace:n542360,type_0,type_1,rel_7,0,0,0,0,train:window_32,0,699534.0
3241.0,darpa_trace:n426823,darpa_trace:n542547,type_0,type_1,rel_7,0,0,0,0,train:window_32,0,699552.0
3242.0,darpa_trace:n426823,darpa_trace:n544559,type_0,type_1,rel_7,0,0,0,0,train:window_32,0,699578.0
3243.0,darpa_trace:n426823,darpa_trace:n544900,type_0,type_1,rel_7,0,0,0,0,train:window_32,0,699585.0
3244.0,darpa_trace:n426823,darpa_trace:n545151,type_0,type_1,rel_7,0,0,0,0,train:window_32,0,699622.0
3245.0,darpa_trace:n426823,darpa_trace:n546192,type_0,type_1,rel_7,0,0,0,0,train:window_32,0,699990.0
3246.0,darpa_trace:n426823,darpa_trace:n546447,type_0,type_1,rel_7,0,0,0,0,train:window_32,0,700094.0
3247.0,darpa_trace:n426823,darpa_trace:n546495,type_0,type_1,rel_7,0,0,0,0,train:window_32,0,700114.0
3248.0,darpa_trace:n426823,darpa_trace:n546582,type_0,type_1,rel_7,0,0,0,0,train:window_32,0,700150.0
3249.0,darpa_trace:n426823,darpa_trace:n549474,type_0,type_1,rel_7,0,0,0,0,train:window_32,0,700295.0
3250.0,darpa_trace:n426823,darpa_trace:n554040,type_0,type_1,rel_7,0,0,0,0,train:window_32,0,700899.0
3251.0,darpa_trace:n426823,darpa_trace:n555552,type_0,type_1,rel_7,0,0,0,0,train:window_32,0,701521.0
3252.0,darpa_trace:n426823,darpa_trace:n560576,type_0,type_1,rel_7,0,0,0,0,train:window_32,0,702412.0
3253.0,darpa_trace:n426823,darpa_trace:n566623,type_0,type_1,rel_7,0,0,0,0,train:window_32,0,703113.0
3254.0,darpa_trace:n426823,darpa_trace:n570395,type_0,type_1,rel_7,0,0,0,0,train:window_32,0,703521.0
3255.0,darpa_trace:n426823,darpa_trace:n570935,type_0,type_1,rel_7,0,0,0,0,train:window_32,0,703701.0
3256.0,darpa_trace:n426823,darpa_trace:n574194,type_0,type_1,rel_7,0,0,0,0,train:window_32,0,703990.0
3257.0,darpa_trace:n426823,darpa_trace:n575011,type_0,type_1,rel_7,0,0,0,0,train:window_32,0,704225.0
3258.0,darpa_trace:n426823,darpa_trace:n576473,type_0,type_1,rel_7,0,0,0,0,train:window_32,0,704838.0
3259.0,darpa_trace:n426823,darpa_trace:n576511,type_0,type_1,rel_7,0,0,0,0,train:window_32,0,704854.0
3260.0,darpa_trace:n426823,darpa_trace:n577285,type_0,type_1,rel_7,0,0,0,0,train:window_32,0,705083.0
3261.0,darpa_trace:n426823,darpa_trace:n578002,type_0,type_1,rel_7,0,0,0,0,train:window_32,0,705372.0
3262.0,darpa_trace:n426823,darpa_trace:n578626,type_0,type_1,rel_7,0,0,0,0,train:window_32,0,705631.0
3263.0,darpa_trace:n426823,darpa_trace:n578917,type_0,type_1,rel_7,0,0,0,0,train:window_32,0,705753.0
3264.0,darpa_trace:n426823,darpa_trace:n579300,type_0,type_1,rel_7,0,0,0,0,train:window_32,0,705916.0
3265.0,darpa_trace:n426823,darpa_trace:n580622,type_0,type_1,rel_7,0,0,0,0,train:window_32,0,706465.0
3266.0,darpa_trace:n426823,darpa_trace:n581385,type_0,type_1,rel_7,0,0,0,0,train:window_32,0,706780.0
3267.0,darpa_trace:n426823,darpa_trace:n581435,type_0,type_1,rel_7,0,0,0,0,train:window_32,0,706800.0
3268.0,darpa_trace:n426823,darpa_trace:n582062,type_0,type_1,rel_7,0,0,0,0,train:window_32,0,707058.0
3269.0,darpa_trace:n426823,darpa_trace:n583147,type_0,type_1,rel_7,0,0,0,0,train:window_32,0,707518.0
3270.0,darpa_trace:n426823,darpa_trace:n583282,type_0,type_1,rel_7,0,0,0,0,train:window_32,0,707575.0
3271.0,darpa_trace:n426823,darpa_trace:n583456,type_0,type_1,rel_7,0,0,0,0,train:window_32,0,707649.0
3272.0,darpa_trace:n426823,darpa_trace:n585392,type_0,type_1,rel_7,0,0,0,0,train:window_32,0,708360.0
3273.0,darpa_trace:n426823,darpa_trace:n585641,type_0,type_1,rel_7,0,0,0,0,train:window_32,0,708463.0
3274.0,darpa_trace:n426823,darpa_trace:n585973,type_0,type_1,rel_7,0,0,0,0,train:window_32,0,708604.0
3275.0,darpa_trace:n426823,darpa_trace:n586822,type_0,type_1,rel_7,0,0,0,0,train:window_32,0,708961.0
3276.0,darpa_trace:n426823,darpa_trace:n587349,type_0,type_1,rel_7,0,0,0,0,train:window_32,0,709182.0
3277.0,darpa_trace:n426823,darpa_trace:n587646,type_0,type_1,rel_7,0,0,0,0,train:window_32,0,709305.0
3278.0,darpa_trace:n426823,darpa_trace:n588152,type_0,type_1,rel_7,0,0,0,0,train:window_32,0,709513.0
3279.0,darpa_trace:n426823,darpa_trace:n588351,type_0,type_1,rel_7,0,0,0,0,train:window_32,0,709597.0
3280.0,darpa_trace:n426823,darpa_trace:n588605,type_0,type_1,rel_7,0,0,0,0,train:window_32,0,709704.0
3281.0,darpa_trace:n426823,darpa_trace:n589050,type_0,type_1,rel_7,0,0,0,0,train:window_32,0,709892.0
3282.0,darpa_trace:n426823,darpa_trace:n589289,type_0,type_1,rel_7,0,0,0,0,train:window_32,0,709995.0
3283.0,darpa_trace:n426823,darpa_trace:n589344,type_0,type_1,rel_7,0,0,0,0,train:window_32,0,710018.0
3284.0,darpa_trace:n426823,darpa_trace:n589939,type_0,type_1,rel_7,0,0,0,0,train:window_32,0,710270.0
3285.0,darpa_trace:n426823,darpa_trace:n591125,type_0,type_1,rel_7,0,0,0,0,train:window_32,0,710662.0
3286.0,darpa_trace:n426823,darpa_trace:n593187,type_0,type_1,rel_7,0,0,0,0,train:window_32,0,711522.0
3287.0,darpa_trace:n426823,darpa_trace:n593552,type_0,type_1,rel_7,0,0,0,0,train:window_32,0,711674.0
3288.0,darpa_trace:n426823,darpa_trace:n593708,type_0,type_1,rel_7,0,0,0,0,train:window_32,0,711739.0
3289.0,darpa_trace:n426823,darpa_trace:n594581,type_0,type_1,rel_7,0,0,0,0,train:window_32,0,712100.0
3290.0,darpa_trace:n426823,darpa_trace:n595034,type_0,type_1,rel_7,0,0,0,0,train:window_32,0,712285.0
3291.0,darpa_trace:n426823,darpa_trace:n595063,type_0,type_1,rel_7,0,0,0,0,train:window_32,0,712295.0
3292.0,darpa_trace:n426823,darpa_trace:n595815,type_0,type_1,rel_7,0,0,0,0,train:window_32,0,712603.0
3293.0,darpa_trace:n426823,darpa_trace:n595816,type_0,type_1,rel_7,0,0,0,0,train:window_32,0,712604.0
3294.0,darpa_trace:n426823,darpa_trace:n596408,type_0,type_1,rel_7,0,0,0,0,train:window_32,0,712852.0
3295.0,darpa_trace:n426823,darpa_trace:n596732,type_0,type_1,rel_7,0,0,0,0,train:window_32,0,712990.0
3296.0,darpa_trace:n426823,darpa_trace:n597336,type_0,type_1,rel_7,0,0,0,0,train:window_32,0,713243.0
3297.0,darpa_trace:n426823,darpa_trace:n599854,type_0,type_1,rel_7,0,0,0,0,train:window_32,0,714191.0
3298.0,darpa_trace:n426823,darpa_trace:n601043,type_0,type_1,rel_7,0,0,0,0,train:window_32,0,714690.0
3299.0,darpa_trace:n426823,darpa_trace:n601047,type_0,type_1,rel_7,0,0,0,0,train:window_32,0,714692.0
3300.0,darpa_trace:n426823,darpa_trace:n601521,type_0,type_1,rel_7,0,0,0,0,train:window_32,0,714888.0
3301.0,darpa_trace:n426823,darpa_trace:n602589,type_0,type_1,rel_7,0,0,0,0,train:window_33,0,715339.0
3302.0,darpa_trace:n426823,darpa_trace:n603212,type_0,type_1,rel_7,0,0,0,0,train:window_33,0,715603.0
3303.0,darpa_trace:n426823,darpa_trace:n603809,type_0,type_1,rel_7,0,0,0,0,train:window_33,0,715850.0
3304.0,darpa_trace:n426823,darpa_trace:n604021,type_0,type_1,rel_7,0,0,0,0,train:window_33,0,715937.0
3305.0,darpa_trace:n426823,darpa_trace:n605365,type_0,type_1,rel_7,0,0,0,0,train:window_33,0,716398.0
3306.0,darpa_trace:n426823,darpa_trace:n605684,type_0,type_1,rel_7,0,0,0,0,train:window_33,0,716532.0
3307.0,darpa_trace:n426823,darpa_trace:n606726,type_0,type_1,rel_7,0,0,0,0,train:window_33,0,716970.0
3308.0,darpa_trace:n426823,darpa_trace:n607853,type_0,type_1,rel_7,0,0,0,0,train:window_33,0,717437.0
3309.0,darpa_trace:n426823,darpa_trace:n608385,type_0,type_1,rel_7,0,0,0,0,train:window_33,0,717655.0
3310.0,darpa_trace:n426823,darpa_trace:n608649,type_0,type_1,rel_7,0,0,0,0,train:window_33,0,717765.0
3311.0,darpa_trace:n426823,darpa_trace:n608995,type_0,type_1,rel_7,0,0,0,0,train:window_33,0,717909.0
3312.0,darpa_trace:n426823,darpa_trace:n609314,type_0,type_1,rel_7,0,0,0,0,train:window_33,0,718044.0
3313.0,darpa_trace:n426823,darpa_trace:n610004,type_0,type_1,rel_7,0,0,0,0,train:window_33,0,718337.0
3314.0,darpa_trace:n426823,darpa_trace:n610656,type_0,type_1,rel_7,0,0,0,0,train:window_33,0,718612.0
3315.0,darpa_trace:n426823,darpa_trace:n610759,type_0,type_1,rel_7,0,0,0,0,train:window_33,0,718654.0
3316.0,darpa_trace:n426823,darpa_trace:n610784,type_0,type_1,rel_7,0,0,0,0,train:window_33,0,718664.0
3317.0,darpa_trace:n426823,darpa_trace:n611126,type_0,type_1,rel_7,0,0,0,0,train:window_33,0,718805.0
3318.0,darpa_trace:n426823,darpa_trace:n611282,type_0,type_1,rel_7,0,0,0,0,train:window_33,0,718869.0
3319.0,darpa_trace:n426823,darpa_trace:n611325,type_0,type_1,rel_7,0,0,0,0,train:window_33,0,718886.0
3320.0,darpa_trace:n426931,darpa_trace:n426823,type_1,type_0,rel_0,0,0,0,0,train:window_33,0,719118.0
3321.0,darpa_trace:n427626,darpa_trace:n426823,type_1,type_0,rel_0,0,0,0,0,train:window_33,0,719600.0
3322.0,darpa_trace:n427811,darpa_trace:n167800,type_1,type_0,rel_0,0,0,0,0,train:window_33,0,719734.0
3323.0,darpa_trace:n427875,darpa_trace:n426823,type_1,type_0,rel_0,0,0,0,0,train:window_33,0,719780.0
3324.0,darpa_trace:n428352,darpa_trace:n426823,type_1,type_0,rel_0,0,0,0,0,train:window_33,0,720121.0
3325.0,darpa_trace:n428416,darpa_trace:n167800,type_1,type_0,rel_0,0,0,0,0,train:window_33,0,720167.0
3326.0,darpa_trace:n428892,darpa_trace:n426823,type_1,type_0,rel_0,0,0,0,0,train:window_33,0,720508.0
3327.0,darpa_trace:n429752,darpa_trace:n426823,type_1,type_0,rel_0,0,0,0,0,train:window_33,0,721077.0
3328.0,darpa_trace:n430306,darpa_trace:n426823,type_1,type_0,rel_0,0,0,0,0,train:window_33,0,721475.0
3329.0,darpa_trace:n430423,darpa_trace:n167800,type_1,type_0,rel_0,0,0,0,0,train:window_33,0,721558.0
3330.0,darpa_trace:n430454,darpa_trace:n167800,type_1,type_0,rel_0,0,0,0,0,train:window_33,0,721580.0
3331.0,darpa_trace:n431206,darpa_trace:n426823,type_1,type_0,rel_0,0,0,0,0,train:window_33,0,722118.0
3332.0,darpa_trace:n431378,darpa_trace:n426823,type_1,type_0,rel_0,0,0,0,0,train:window_33,0,722241.0
3333.0,darpa_trace:n431542,darpa_trace:n167800,type_1,type_0,rel_0,0,0,0,0,train:window_33,0,722358.0
3334.0,darpa_trace:n431645,darpa_trace:n426823,type_1,type_0,rel_0,0,0,0,0,train:window_33,0,722432.0
3335.0,darpa_trace:n432149,darpa_trace:n167800,type_1,type_0,rel_0,0,0,0,0,train:window_33,0,722793.0
3336.0,darpa_trace:n432621,darpa_trace:n167800,type_1,type_0,rel_0,0,0,0,0,train:window_33,0,723133.0
3337.0,darpa_trace:n433376,darpa_trace:n426823,type_1,type_0,rel_0,0,0,0,0,train:window_33,0,723679.0
3338.0,darpa_trace:n433465,darpa_trace:n167800,type_1,type_0,rel_0,0,0,0,0,train:window_33,0,723743.0
3339.0,darpa_trace:n433489,darpa_trace:n426823,type_1,type_0,rel_0,0,0,0,0,train:window_33,0,723761.0
3340.0,darpa_trace:n433972,darpa_trace:n167800,type_1,type_0,rel_0,0,0,0,0,train:window_33,0,724109.0
3341.0,darpa_trace:n434059,darpa_trace:n426823,type_1,type_0,rel_0,0,0,0,0,train:window_33,0,724171.0
3342.0,darpa_trace:n434247,darpa_trace:n426823,type_1,type_0,rel_0,0,0,0,0,train:window_33,0,724306.0
3343.0,darpa_trace:n434811,darpa_trace:n167800,type_1,type_0,rel_0,0,0,0,0,train:window_33,0,724710.0
3344.0,darpa_trace:n434827,darpa_trace:n426823,type_1,type_0,rel_0,0,0,0,0,train:window_33,0,724722.0
3345.0,darpa_trace:n435595,darpa_trace:n426823,type_1,type_0,rel_0,0,0,0,0,train:window_33,0,725278.0
3346.0,darpa_trace:n435616,darpa_trace:n167800,type_1,type_0,rel_0,0,0,0,0,train:window_33,0,725293.0
3347.0,darpa_trace:n436611,darpa_trace:n167800,type_1,type_0,rel_0,0,0,0,0,train:window_33,0,725960.0
3348.0,darpa_trace:n436747,darpa_trace:n167800,type_1,type_0,rel_0,0,0,0,0,train:window_33,0,726059.0
3349.0,darpa_trace:n436828,darpa_trace:n167800,type_1,type_0,rel_0,0,0,0,0,train:window_33,0,726118.0
3350.0,darpa_trace:n437208,darpa_trace:n426823,type_1,type_0,rel_0,0,0,0,0,train:window_33,0,726390.0
3351.0,darpa_trace:n437899,darpa_trace:n167800,type_1,type_0,rel_0,0,0,0,0,train:window_33,0,726886.0
3352.0,darpa_trace:n438731,darpa_trace:n426823,type_1,type_0,rel_0,0,0,0,0,train:window_33,0,727484.0
3353.0,darpa_trace:n438971,darpa_trace:n426823,type_1,type_0,rel_0,0,0,0,0,train:window_33,0,727656.0
3354.0,darpa_trace:n439228,darpa_trace:n167800,type_1,type_0,rel_0,0,0,0,0,train:window_33,0,727842.0
3355.0,darpa_trace:n439867,darpa_trace:n167800,type_1,type_0,rel_0,0,0,0,0,train:window_33,0,728305.0
3356.0,darpa_trace:n440155,darpa_trace:n426823,type_1,type_0,rel_0,0,0,0,0,train:window_33,0,728511.0
3357.0,darpa_trace:n440362,darpa_trace:n167800,type_1,type_0,rel_0,0,0,0,0,train:window_33,0,728660.0
3358.0,darpa_trace:n440751,darpa_trace:n426823,type_1,type_0,rel_0,0,0,0,0,train:window_33,0,728939.0
3359.0,darpa_trace:n442107,darpa_trace:n426823,type_1,type_0,rel_0,0,0,0,0,train:window_33,0,729912.0
3360.0,darpa_trace:n442298,darpa_trace:n426823,type_1,type_0,rel_0,0,0,0,0,train:window_33,0,730050.0
3361.0,darpa_trace:n444289,darpa_trace:n167800,type_1,type_0,rel_0,0,0,0,0,train:window_33,0,731431.0
3362.0,darpa_trace:n444295,darpa_trace:n167800,type_1,type_0,rel_0,0,0,0,0,train:window_33,0,731435.0
3363.0,darpa_trace:n444708,darpa_trace:n167800,type_1,type_0,rel_0,0,0,0,0,train:window_33,0,731730.0
3364.0,darpa_trace:n445133,darpa_trace:n167800,type_1,type_0,rel_0,0,0,0,0,train:window_33,0,732033.0
3365.0,darpa_trace:n445516,darpa_trace:n426823,type_1,type_0,rel_0,0,0,0,0,train:window_33,0,732309.0
3366.0,darpa_trace:n446646,darpa_trace:n167800,type_1,type_0,rel_0,0,0,0,0,train:window_33,0,733125.0
3367.0,darpa_trace:n446792,darpa_trace:n426823,type_1,type_0,rel_0,0,0,0,0,train:window_33,0,733230.0
3368.0,darpa_trace:n447045,darpa_trace:n167800,type_1,type_0,rel_0,0,0,0,0,train:window_33,0,733411.0
3369.0,darpa_trace:n447175,darpa_trace:n167800,type_1,type_0,rel_0,0,0,0,0,train:window_33,0,733504.0
3370.0,darpa_trace:n447196,darpa_trace:n167800,type_1,type_0,rel_0,0,0,0,0,train:window_33,0,733519.0
3371.0,darpa_trace:n447352,darpa_trace:n426823,type_1,type_0,rel_0,0,0,0,0,train:window_33,0,733631.0
3372.0,darpa_trace:n448372,darpa_trace:n18,type_3,type_0,rel_0,0,0,0,0,train:window_33,0,734363.0
3373.0,darpa_trace:n448968,darpa_trace:n426823,type_1,type_0,rel_0,0,0,0,0,train:window_33,0,734792.0
3374.0,darpa_trace:n449065,darpa_trace:n18,type_3,type_0,rel_0,0,0,0,0,train:window_33,0,734863.0
3375.0,darpa_trace:n449085,darpa_trace:n167800,type_1,type_0,rel_0,0,0,0,0,train:window_33,0,734877.0
3376.0,darpa_trace:n450018,darpa_trace:n167800,type_1,type_0,rel_0,0,0,0,0,train:window_33,0,735499.0
3377.0,darpa_trace:n451130,darpa_trace:n167800,type_1,type_0,rel_0,0,0,0,0,train:window_33,0,736296.0
3378.0,darpa_trace:n451190,darpa_trace:n167800,type_1,type_0,rel_0,0,0,0,0,train:window_33,0,736339.0
3379.0,darpa_trace:n451388,darpa_trace:n426823,type_1,type_0,rel_0,0,0,0,0,train:window_33,0,736482.0
3380.0,darpa_trace:n451693,darpa_trace:n167800,type_1,type_0,rel_0,0,0,0,0,train:window_33,0,736701.0
3381.0,darpa_trace:n452578,darpa_trace:n167800,type_1,type_0,rel_0,0,0,0,0,train:window_33,0,737336.0
3382.0,darpa_trace:n452832,darpa_trace:n426823,type_1,type_0,rel_0,0,0,0,0,train:window_33,0,737520.0
3383.0,darpa_trace:n452946,darpa_trace:n426823,type_1,type_0,rel_0,0,0,0,0,train:window_33,0,737602.0
3384.0,darpa_trace:n453184,darpa_trace:n167800,type_1,type_0,rel_0,0,0,0,0,train:window_33,0,737775.0
3385.0,darpa_trace:n453340,darpa_trace:n426823,type_1,type_0,rel_0,0,0,0,0,train:window_33,0,737887.0
3386.0,darpa_trace:n454053,darpa_trace:n426823,type_1,type_0,rel_0,0,0,0,0,train:window_33,0,738399.0
3387.0,darpa_trace:n454185,darpa_trace:n426823,type_1,type_0,rel_0,0,0,0,0,train:window_33,0,738494.0
3388.0,darpa_trace:n454203,darpa_trace:n426823,type_1,type_0,rel_0,0,0,0,0,train:window_33,0,738507.0
3389.0,darpa_trace:n454563,darpa_trace:n426823,type_1,type_0,rel_0,0,0,0,0,train:window_33,0,738768.0
3390.0,darpa_trace:n454891,darpa_trace:n167800,type_1,type_0,rel_0,0,0,0,0,train:window_33,0,739004.0
3391.0,darpa_trace:n455500,darpa_trace:n167800,type_1,type_0,rel_0,0,0,0,0,train:window_33,0,739440.0
3392.0,darpa_trace:n455661,darpa_trace:n426823,type_1,type_0,rel_0,0,0,0,0,train:window_33,0,739556.0
3393.0,darpa_trace:n456172,darpa_trace:n426823,type_1,type_0,rel_0,0,0,0,0,train:window_33,0,739924.0
3394.0,darpa_trace:n456239,darpa_trace:n426823,type_1,type_0,rel_0,0,0,0,0,train:window_33,0,739972.0
3395.0,darpa_trace:n456558,darpa_trace:n167800,type_1,type_0,rel_0,0,0,0,0,train:window_33,0,740202.0
3396.0,darpa_trace:n456560,darpa_trace:n426823,type_1,type_0,rel_0,0,0,0,0,train:window_33,0,740204.0
3397.0,darpa_trace:n457065,darpa_trace:n426823,type_1,type_0,rel_0,0,0,0,0,train:window_33,0,740517.0
3398.0,darpa_trace:n457684,darpa_trace:n167800,type_1,type_0,rel_0,0,0,0,0,train:window_33,0,740961.0
3399.0,darpa_trace:n457838,darpa_trace:n167800,type_1,type_0,rel_0,0,0,0,0,train:window_33,0,741071.0
3400.0,darpa_trace:n458194,darpa_trace:n426823,type_1,type_0,rel_0,0,0,0,0,train:window_33,0,741326.0
3401.0,darpa_trace:n458748,darpa_trace:n167800,type_1,type_0,rel_0,0,0,0,0,train:window_34,0,741722.0
3402.0,darpa_trace:n458881,darpa_trace:n18,type_3,type_0,rel_0,0,0,0,0,train:window_34,0,741818.0
3403.0,darpa_trace:n459045,darpa_trace:n167800,type_1,type_0,rel_0,0,0,0,0,train:window_34,0,741937.0
3404.0,darpa_trace:n459058,darpa_trace:n167800,type_1,type_0,rel_0,0,0,0,0,train:window_34,0,741946.0
3405.0,darpa_trace:n459189,darpa_trace:n426823,type_1,type_0,rel_0,0,0,0,0,train:window_34,0,742042.0
3406.0,darpa_trace:n459323,darpa_trace:n426823,type_1,type_0,rel_0,0,0,0,0,train:window_34,0,742138.0
3407.0,darpa_trace:n459636,darpa_trace:n426823,type_1,type_0,rel_0,0,0,0,0,train:window_34,0,742364.0
3408.0,darpa_trace:n460169,darpa_trace:n426823,type_1,type_0,rel_0,0,0,0,0,train:window_34,0,742748.0
3409.0,darpa_trace:n460759,darpa_trace:n426823,type_1,type_0,rel_0,0,0,0,0,train:window_34,0,743172.0
3410.0,darpa_trace:n461146,darpa_trace:n426823,type_1,type_0,rel_0,0,0,0,0,train:window_34,0,743448.0
3411.0,darpa_trace:n462021,darpa_trace:n167800,type_1,type_0,rel_0,0,0,0,0,train:window_34,0,744076.0
3412.0,darpa_trace:n462503,darpa_trace:n167800,type_1,type_0,rel_0,0,0,0,0,train:window_34,0,744426.0
3413.0,darpa_trace:n463720,darpa_trace:n426823,type_1,type_0,rel_0,0,0,0,0,train:window_34,0,745254.0
3414.0,darpa_trace:n463896,darpa_trace:n167800,type_1,type_0,rel_0,0,0,0,0,train:window_34,0,745380.0
3415.0,darpa_trace:n464345,darpa_trace:n167800,type_1,type_0,rel_0,0,0,0,0,train:window_34,0,745702.0
3416.0,darpa_trace:n464700,darpa_trace:n426823,type_1,type_0,rel_0,0,0,0,0,train:window_34,0,745956.0
3417.0,darpa_trace:n465117,darpa_trace:n426823,type_1,type_0,rel_0,0,0,0,0,train:window_34,0,746254.0
3418.0,darpa_trace:n465470,darpa_trace:n167800,type_1,type_0,rel_0,0,0,0,0,train:window_34,0,746509.0
3419.0,darpa_trace:n465786,darpa_trace:n426823,type_1,type_0,rel_0,0,0,0,0,train:window_34,0,746737.0
3420.0,darpa_trace:n466142,darpa_trace:n167800,type_1,type_0,rel_0,0,0,0,0,train:window_34,0,746996.0
3421.0,darpa_trace:n466295,darpa_trace:n426823,type_1,type_0,rel_0,0,0,0,0,train:window_34,0,747107.0
3422.0,darpa_trace:n466362,darpa_trace:n167800,type_1,type_0,rel_0,0,0,0,0,train:window_34,0,747155.0
3423.0,darpa_trace:n466576,darpa_trace:n426823,type_1,type_0,rel_0,0,0,0,0,train:window_34,0,747310.0
3424.0,darpa_trace:n466665,darpa_trace:n167800,type_1,type_0,rel_0,0,0,0,0,train:window_34,0,747374.0
3425.0,darpa_trace:n466856,darpa_trace:n167800,type_1,type_0,rel_0,0,0,0,0,train:window_34,0,747511.0
3426.0,darpa_trace:n467065,darpa_trace:n167800,type_1,type_0,rel_0,0,0,0,0,train:window_34,0,747661.0
3427.0,darpa_trace:n467425,darpa_trace:n426823,type_1,type_0,rel_0,0,0,0,0,train:window_34,0,747920.0
3428.0,darpa_trace:n468796,darpa_trace:n167800,type_1,type_0,rel_0,0,0,0,0,train:window_34,0,748902.0
3429.0,darpa_trace:n468817,darpa_trace:n167800,type_1,type_0,rel_0,0,0,0,0,train:window_34,0,748917.0
3430.0,darpa_trace:n469355,darpa_trace:n426823,type_1,type_0,rel_0,0,0,0,0,train:window_34,0,749305.0
3431.0,darpa_trace:n469745,darpa_trace:n426823,type_1,type_0,rel_0,0,0,0,0,train:window_34,0,749585.0
3432.0,darpa_trace:n469846,darpa_trace:n426823,type_1,type_0,rel_0,0,0,0,0,train:window_34,0,749659.0
3433.0,darpa_trace:n469866,darpa_trace:n167800,type_1,type_0,rel_0,0,0,0,0,train:window_34,0,749673.0
3434.0,darpa_trace:n470628,darpa_trace:n18,type_3,type_0,rel_0,0,0,0,0,train:window_34,0,750171.0
3435.0,darpa_trace:n471247,darpa_trace:n426823,type_1,type_0,rel_0,0,0,0,0,train:window_34,0,750615.0
3436.0,darpa_trace:n472348,darpa_trace:n426823,type_1,type_0,rel_0,0,0,0,0,train:window_34,0,751405.0
3437.0,darpa_trace:n472870,darpa_trace:n167800,type_1,type_0,rel_0,0,0,0,0,train:window_34,0,751783.0
3438.0,darpa_trace:n472903,darpa_trace:n426823,type_1,type_0,rel_0,0,0,0,0,train:window_34,0,751807.0
3439.0,darpa_trace:n474533,darpa_trace:n426823,type_1,type_0,rel_0,0,0,0,0,train:window_34,0,752979.0
3440.0,darpa_trace:n474862,darpa_trace:n426823,type_1,type_0,rel_0,0,0,0,0,train:window_34,0,753212.0
3441.0,darpa_trace:n475060,darpa_trace:n167800,type_1,type_0,rel_0,0,0,0,0,train:window_34,0,753354.0
3442.0,darpa_trace:n475791,darpa_trace:n426823,type_1,type_0,rel_0,0,0,0,0,train:window_34,0,753881.0
3443.0,darpa_trace:n476025,darpa_trace:n167800,type_1,type_0,rel_0,0,0,0,0,train:window_34,0,754051.0
3444.0,darpa_trace:n476155,darpa_trace:n426823,type_1,type_0,rel_0,0,0,0,0,train:window_34,0,754146.0
3445.0,darpa_trace:n476169,darpa_trace:n426823,type_1,type_0,rel_0,0,0,0,0,train:window_34,0,754156.0
3446.0,darpa_trace:n476402,darpa_trace:n426823,type_1,type_0,rel_0,0,0,0,0,train:window_34,0,754323.0
3447.0,darpa_trace:n476802,darpa_trace:n426823,type_1,type_0,rel_0,0,0,0,0,train:window_34,0,754614.0
3448.0,darpa_trace:n477053,darpa_trace:n167800,type_1,type_0,rel_0,0,0,0,0,train:window_34,0,754793.0
3449.0,darpa_trace:n477289,darpa_trace:n167800,type_1,type_0,rel_0,0,0,0,0,train:window_34,0,754961.0
3450.0,darpa_trace:n478116,darpa_trace:n426823,type_1,type_0,rel_0,0,0,0,0,train:window_34,0,755506.0
3451.0,darpa_trace:n479452,darpa_trace:n426823,type_1,type_0,rel_0,0,0,0,0,train:window_34,0,756465.0
3452.0,darpa_trace:n480532,darpa_trace:n167800,type_1,type_0,rel_0,0,0,0,0,train:window_34,0,757242.0
3453.0,darpa_trace:n481161,darpa_trace:n167800,type_1,type_0,rel_0,0,0,0,0,train:window_34,0,757693.0
3454.0,darpa_trace:n481335,darpa_trace:n426823,type_1,type_0,rel_0,0,0,0,0,train:window_34,0,757819.0
3455.0,darpa_trace:n481361,darpa_trace:n18,type_3,type_0,rel_0,0,0,0,0,train:window_34,0,757838.0
3456.0,darpa_trace:n481491,darpa_trace:n167800,type_1,type_0,rel_0,0,0,0,0,train:window_34,0,757931.0
3457.0,darpa_trace:n481806,darpa_trace:n426823,type_1,type_0,rel_0,0,0,0,0,train:window_34,0,758157.0
3458.0,darpa_trace:n482323,darpa_trace:n167800,type_1,type_0,rel_0,0,0,0,0,train:window_34,0,758526.0
3459.0,darpa_trace:n482646,darpa_trace:n167800,type_1,type_0,rel_0,0,0,0,0,train:window_34,0,758760.0
3460.0,darpa_trace:n483464,darpa_trace:n426823,type_1,type_0,rel_0,0,0,0,0,train:window_34,0,759348.0
3461.0,darpa_trace:n483894,darpa_trace:n167800,type_1,type_0,rel_0,0,0,0,0,train:window_34,0,759657.0
3462.0,darpa_trace:n484056,darpa_trace:n426823,type_1,type_0,rel_0,0,0,0,0,train:window_34,0,759774.0
3463.0,darpa_trace:n484319,darpa_trace:n168820,type_1,type_0,rel_0,0,0,0,0,train:window_34,0,759941.0
3464.0,darpa_trace:n484327,darpa_trace:n168820,type_1,type_0,rel_0,0,0,0,0,train:window_34,0,759945.0
3465.0,darpa_trace:n484387,darpa_trace:n168820,type_1,type_0,rel_0,0,0,0,0,train:window_34,0,759975.0
3466.0,darpa_trace:n484630,darpa_trace:n426823,type_1,type_0,rel_0,0,0,0,0,train:window_34,0,760136.0
3467.0,darpa_trace:n485059,darpa_trace:n167800,type_1,type_0,rel_0,0,0,0,0,train:window_34,0,760442.0
3468.0,darpa_trace:n485441,darpa_trace:n426823,type_1,type_0,rel_0,0,0,0,0,train:window_34,0,760715.0
3469.0,darpa_trace:n485589,darpa_trace:n167800,type_1,type_0,rel_0,0,0,0,0,train:window_34,0,760822.0
3470.0,darpa_trace:n485954,darpa_trace:n18,type_3,type_0,rel_0,0,0,0,0,train:window_34,0,761087.0
3471.0,darpa_trace:n486231,darpa_trace:n426823,type_1,type_0,rel_0,0,0,0,0,train:window_34,0,761288.0
3472.0,darpa_trace:n486364,darpa_trace:n426823,type_1,type_0,rel_0,0,0,0,0,train:window_34,0,761384.0
3473.0,darpa_trace:n487149,darpa_trace:n167800,type_1,type_0,rel_0,0,0,0,0,train:window_34,0,761952.0
3474.0,darpa_trace:n487716,darpa_trace:n167800,type_1,type_0,rel_0,0,0,0,0,train:window_34,0,762360.0
3475.0,darpa_trace:n488237,darpa_trace:n167800,type_1,type_0,rel_0,0,0,0,0,train:window_34,0,762733.0
3476.0,darpa_trace:n488464,darpa_trace:n426823,type_1,type_0,rel_0,0,0,0,0,train:window_34,0,762898.0
3477.0,darpa_trace:n489160,darpa_trace:n426823,type_1,type_0,rel_0,0,0,0,0,train:window_34,0,763399.0
3478.0,darpa_trace:n489515,darpa_trace:n426823,type_1,type_0,rel_0,0,0,0,0,train:window_34,0,763655.0
3479.0,darpa_trace:n489774,darpa_trace:n489830,type_0,type_5,rel_11,0,0,0,0,train:window_34,0,763910.0
3480.0,darpa_trace:n489774,darpa_trace:n489895,type_0,type_3,rel_12,0,0,0,0,train:window_34,0,763987.0
3481.0,darpa_trace:n489774,darpa_trace:n490031,type_0,type_5,rel_6,0,0,0,0,train:window_34,0,764145.0
3482.0,darpa_trace:n490153,darpa_trace:n490156,type_0,type_5,rel_6,0,0,0,0,train:window_34,0,764334.0
3483.0,darpa_trace:n490167,darpa_trace:n490183,type_0,type_0,rel_13,0,0,0,0,train:window_34,0,764357.0
3484.0,darpa_trace:n490248,darpa_trace:n2379,type_0,type_4,rel_5,1,1,0,1,train:window_34,1,764461.0
3485.0,darpa_trace:n490385,darpa_trace:n490389,type_0,type_5,rel_11,0,0,0,0,train:window_34,0,764674.0
3486.0,darpa_trace:n490505,darpa_trace:n3069,type_0,type_4,rel_5,0,0,0,0,train:window_34,0,764923.0
3487.0,darpa_trace:n490688,darpa_trace:n490690,type_0,type_0,rel_10,0,0,0,0,train:window_34,0,765118.0
3488.0,darpa_trace:n490735,darpa_trace:n490805,type_0,type_5,rel_11,0,0,0,0,train:window_34,0,765285.0
3489.0,darpa_trace:n490841,darpa_trace:n2315,type_0,type_4,rel_5,1,1,0,1,train:window_34,1,765393.0
3490.0,darpa_trace:n490855,darpa_trace:n2379,type_0,type_4,rel_5,1,1,0,1,train:window_34,1,765422.0
3491.0,darpa_trace:n490884,darpa_trace:n2315,type_0,type_4,rel_5,1,1,0,1,train:window_34,1,765453.0
3492.0,darpa_trace:n490897,darpa_trace:n2379,type_0,type_4,rel_5,1,1,0,1,train:window_34,1,765472.0
3493.0,darpa_trace:n490921,darpa_trace:n3068,type_0,type_4,rel_5,0,0,0,0,train:window_34,0,765594.0
3494.0,darpa_trace:n491014,darpa_trace:n491049,type_0,type_5,rel_6,0,0,0,0,train:window_34,0,765700.0
3495.0,darpa_trace:n491197,darpa_trace:n2379,type_0,type_4,rel_5,1,1,0,1,train:window_34,1,765950.0
3496.0,darpa_trace:n491291,darpa_trace:n2379,type_0,type_4,rel_5,1,1,0,1,train:window_34,1,766088.0
3497.0,darpa_trace:n491354,darpa_trace:n491360,type_0,type_5,rel_6,0,0,0,0,train:window_34,0,766169.0
3498.0,darpa_trace:n491403,darpa_trace:n2379,type_0,type_4,rel_5,1,1,0,1,train:window_34,1,766239.0
3499.0,darpa_trace:n491477,darpa_trace:n2379,type_0,type_4,rel_5,1,1,0,1,train:window_34,1,766355.0
3500.0,darpa_trace:n491633,darpa_trace:n4383,type_0,type_6,rel_8,0,0,0,0,train:window_34,0,766610.0
3501.0,darpa_trace:n491679,darpa_trace:n491698,type_0,type_5,rel_6,0,0,0,0,train:window_35,0,766689.0
3502.0,darpa_trace:n491723,darpa_trace:n2315,type_0,type_4,rel_5,1,1,0,1,train:window_35,1,766985.0
3503.0,darpa_trace:n491723,darpa_trace:n2379,type_0,type_4,rel_5,1,1,0,1,train:window_35,1,766987.0
3504.0,darpa_trace:n492396,darpa_trace:n2379,type_0,type_4,rel_5,1,1,0,1,train:window_35,1,767586.0
3505.0,darpa_trace:n492540,darpa_trace:n167800,type_1,type_0,rel_0,0,0,0,0,train:window_35,0,767694.0
3506.0,darpa_trace:n492988,darpa_trace:n426823,type_1,type_0,rel_0,0,0,0,0,train:window_35,0,768021.0
3507.0,darpa_trace:n493030,darpa_trace:n426823,type_1,type_0,rel_0,0,0,0,0,train:window_35,0,768051.0
3508.0,darpa_trace:n493536,darpa_trace:n426823,type_1,type_0,rel_0,0,0,0,0,train:window_35,0,768416.0
3509.0,darpa_trace:n493787,darpa_trace:n426823,type_1,type_0,rel_0,0,0,0,0,train:window_35,0,768596.0
3510.0,darpa_trace:n493801,darpa_trace:n493898,type_0,type_5,rel_11,0,0,0,0,train:window_35,0,768726.0
3511.0,darpa_trace:n493948,darpa_trace:n167800,type_1,type_0,rel_0,0,0,0,0,train:window_35,0,768985.0
3512.0,darpa_trace:n494337,darpa_trace:n494337,type_0,type_0,rel_3,0,0,0,0,train:window_35,0,769290.0
3513.0,darpa_trace:n494419,darpa_trace:n2379,type_0,type_4,rel_5,1,1,0,1,train:window_35,1,769372.0
3514.0,darpa_trace:n494434,darpa_trace:n494448,type_0,type_5,rel_11,0,0,0,0,train:window_35,0,769414.0
3515.0,darpa_trace:n494512,darpa_trace:n2315,type_0,type_4,rel_5,1,1,0,1,train:window_35,1,769505.0
3516.0,darpa_trace:n494542,darpa_trace:n3071,type_0,type_4,rel_5,0,0,0,0,train:window_35,0,769626.0
3517.0,darpa_trace:n494604,darpa_trace:n2379,type_0,type_4,rel_5,1,1,0,1,train:window_35,1,769650.0
3518.0,darpa_trace:n494818,darpa_trace:n494826,type_0,type_5,rel_6,0,0,0,0,train:window_35,0,769967.0
3519.0,darpa_trace:n494835,darpa_trace:n2379,type_0,type_4,rel_5,1,1,0,1,train:window_35,1,769986.0
3520.0,darpa_trace:n494863,darpa_trace:n2315,type_0,type_4,rel_5,1,1,0,1,train:window_35,1,770029.0
3521.0,darpa_trace:n494903,darpa_trace:n2379,type_0,type_4,rel_5,1,1,0,1,train:window_35,1,770183.0
3522.0,darpa_trace:n494982,darpa_trace:n2379,type_0,type_4,rel_5,1,1,0,1,train:window_35,1,770258.0
3523.0,darpa_trace:n495110,darpa_trace:n495133,type_0,type_5,rel_11,0,0,0,0,train:window_35,0,770476.0
3524.0,darpa_trace:n495204,darpa_trace:n495228,type_0,type_5,rel_11,0,0,0,0,train:window_35,0,770615.0
3525.0,darpa_trace:n495418,darpa_trace:n495459,type_0,type_5,rel_6,0,0,0,0,train:window_35,0,770954.0
3526.0,darpa_trace:n495418,darpa_trace:n495478,type_0,type_8,rel_8,0,0,0,0,train:window_35,0,770989.0
3527.0,darpa_trace:n495662,darpa_trace:n2379,type_0,type_4,rel_5,1,1,0,1,train:window_35,1,771264.0
3528.0,darpa_trace:n495676,darpa_trace:n2379,type_0,type_4,rel_5,1,1,0,1,train:window_35,1,771285.0
3529.0,darpa_trace:n495701,darpa_trace:n2315,type_0,type_4,rel_5,1,1,0,1,train:window_35,1,771319.0
3530.0,darpa_trace:n496075,darpa_trace:n2379,type_0,type_4,rel_5,1,1,0,1,train:window_35,1,771855.0
3531.0,darpa_trace:n496088,darpa_trace:n2379,type_0,type_4,rel_5,1,1,0,1,train:window_35,1,771878.0
3532.0,darpa_trace:n496088,darpa_trace:n496088,type_0,type_0,rel_3,0,0,0,0,train:window_35,0,771893.0
3533.0,darpa_trace:n496107,darpa_trace:n2315,type_0,type_4,rel_5,1,1,0,1,train:window_35,1,771904.0
3534.0,darpa_trace:n496180,darpa_trace:n2418,type_0,type_4,rel_5,0,0,0,0,train:window_35,0,772150.0
3535.0,darpa_trace:n496180,darpa_trace:n4698,type_0,type_4,rel_5,0,0,0,0,train:window_35,0,772154.0
3536.0,darpa_trace:n496186,darpa_trace:n2379,type_0,type_4,rel_5,1,1,0,1,train:window_35,1,772269.0
3537.0,darpa_trace:n496433,darpa_trace:n496430,type_8,type_0,rel_2,0,0,0,0,train:window_35,0,772324.0
3538.0,darpa_trace:n496873,darpa_trace:n18,type_3,type_0,rel_0,0,0,0,0,train:window_35,0,772650.0
3539.0,darpa_trace:n497596,darpa_trace:n497604,type_0,type_1,rel_7,0,0,0,0,train:window_35,0,773446.0
3540.0,darpa_trace:n497869,darpa_trace:n497879,type_0,type_5,rel_6,0,0,0,0,train:window_35,0,773594.0
3541.0,darpa_trace:n497976,darpa_trace:n497987,type_0,type_5,rel_6,0,0,0,0,train:window_35,0,773732.0
3542.0,darpa_trace:n498011,darpa_trace:n2379,type_0,type_4,rel_5,1,1,0,1,train:window_35,1,773770.0
3543.0,darpa_trace:n498060,darpa_trace:n2315,type_0,type_4,rel_5,1,1,0,1,train:window_35,1,773828.0
3544.0,darpa_trace:n498081,darpa_trace:n2315,type_0,type_4,rel_5,1,1,0,1,train:window_35,1,773862.0
3545.0,darpa_trace:n498081,darpa_trace:n2379,type_0,type_4,rel_5,1,1,0,1,train:window_35,1,773884.0
3546.0,darpa_trace:n498164,darpa_trace:n2379,type_0,type_4,rel_5,1,1,0,1,train:window_35,1,773978.0
3547.0,darpa_trace:n498442,darpa_trace:n2315,type_0,type_4,rel_5,1,1,0,1,train:window_35,1,774381.0
3548.0,darpa_trace:n499045,darpa_trace:n2315,type_0,type_4,rel_5,1,1,0,1,train:window_35,1,775329.0
3549.0,darpa_trace:n499165,darpa_trace:n499172,type_0,type_5,rel_11,0,0,0,0,train:window_35,0,775515.0
3550.0,darpa_trace:n499293,darpa_trace:n499314,type_0,type_5,rel_11,0,0,0,0,train:window_35,0,775721.0
3551.0,darpa_trace:n499416,darpa_trace:n2315,type_0,type_4,rel_5,1,1,0,1,train:window_35,1,775860.0
3552.0,darpa_trace:n499416,darpa_trace:n499437,type_0,type_5,rel_6,0,0,0,0,train:window_35,0,775887.0
3553.0,darpa_trace:n499462,darpa_trace:n499474,type_0,type_5,rel_6,0,0,0,0,train:window_35,0,775982.0
3554.0,darpa_trace:n499462,darpa_trace:n499484,type_0,type_5,rel_6,0,0,0,0,train:window_35,0,775994.0
3555.0,darpa_trace:n499518,darpa_trace:n2315,type_0,type_4,rel_5,1,1,0,1,train:window_35,1,776049.0
3556.0,darpa_trace:n499732,darpa_trace:n499744,type_0,type_0,rel_13,0,0,0,0,train:window_35,0,776330.0
3557.0,darpa_trace:n499732,darpa_trace:n499745,type_0,type_8,rel_8,0,0,0,0,train:window_35,0,776331.0
3558.0,darpa_trace:n499838,darpa_trace:n4639,type_0,type_4,rel_5,0,0,0,0,train:window_35,0,776554.0
3559.0,darpa_trace:n499839,darpa_trace:n2379,type_0,type_4,rel_5,1,1,0,1,train:window_35,1,776734.0
3560.0,darpa_trace:n500249,darpa_trace:n1019,type_1,type_0,rel_0,0,0,0,0,train:window_35,0,776911.0
3561.0,darpa_trace:n500677,darpa_trace:n500805,type_0,type_5,rel_6,0,0,0,0,train:window_35,0,777375.0
3562.0,darpa_trace:n501103,darpa_trace:n2315,type_0,type_4,rel_5,1,1,0,1,train:window_35,1,777742.0
3563.0,darpa_trace:n501177,darpa_trace:n2315,type_0,type_4,rel_5,1,1,0,1,train:window_35,1,777839.0
3564.0,darpa_trace:n501198,darpa_trace:n2315,type_0,type_4,rel_5,1,1,0,1,train:window_35,1,777864.0
3565.0,darpa_trace:n501255,darpa_trace:n2379,type_0,type_4,rel_5,1,1,0,1,train:window_35,1,777941.0
3566.0,darpa_trace:n501255,darpa_trace:n501262,type_0,type_5,rel_11,0,0,0,0,train:window_35,0,777944.0
3567.0,darpa_trace:n501382,darpa_trace:n1019,type_1,type_0,rel_0,0,0,0,0,train:window_35,0,778109.0
3568.0,darpa_trace:n501507,darpa_trace:n3005,type_0,type_4,rel_5,0,0,0,0,train:window_35,0,778300.0
3569.0,darpa_trace:n501507,darpa_trace:n501551,type_0,type_5,rel_6,0,0,0,0,train:window_35,0,778345.0
3570.0,darpa_trace:n501737,darpa_trace:n2379,type_0,type_4,rel_5,1,1,0,1,train:window_35,1,778640.0
3571.0,darpa_trace:n502291,darpa_trace:n502292,type_0,type_8,rel_8,0,0,0,0,train:window_35,0,779509.0
3572.0,darpa_trace:n502293,darpa_trace:n3072,type_0,type_4,rel_5,0,0,0,0,train:window_35,0,779592.0
3573.0,darpa_trace:n502418,darpa_trace:n2315,type_0,type_4,rel_5,1,1,0,1,train:window_35,1,779699.0
3574.0,darpa_trace:n502539,darpa_trace:n502542,type_0,type_5,rel_6,0,0,0,0,train:window_35,0,779877.0
3575.0,darpa_trace:n502553,darpa_trace:n502553,type_0,type_0,rel_3,0,0,0,0,train:window_35,0,779910.0
3576.0,darpa_trace:n502637,darpa_trace:n2315,type_0,type_4,rel_5,1,1,0,1,train:window_35,1,780003.0
3577.0,darpa_trace:n502684,darpa_trace:n502703,type_0,type_5,rel_11,0,0,0,0,train:window_35,0,780139.0
3578.0,darpa_trace:n502954,darpa_trace:n2315,type_0,type_4,rel_5,1,1,0,1,train:window_35,1,780465.0
3579.0,darpa_trace:n503059,darpa_trace:n2346,type_0,type_4,rel_5,0,0,0,0,train:window_35,0,780641.0
3580.0,darpa_trace:n503059,darpa_trace:n4799,type_0,type_7,rel_5,0,0,0,0,train:window_35,0,780871.0
3581.0,darpa_trace:n503065,darpa_trace:n2315,type_0,type_4,rel_5,1,1,0,1,train:window_35,1,780879.0
3582.0,darpa_trace:n503313,darpa_trace:n503321,type_0,type_5,rel_11,0,0,0,0,train:window_35,0,780946.0
3583.0,darpa_trace:n503345,darpa_trace:n503375,type_0,type_5,rel_11,0,0,0,0,train:window_35,0,781018.0
3584.0,darpa_trace:n503446,darpa_trace:n2691,type_1,type_0,rel_0,0,0,0,0,train:window_35,0,781086.0
3585.0,darpa_trace:n503496,darpa_trace:n2669,type_1,type_0,rel_0,0,0,0,0,train:window_35,0,781125.0
3586.0,darpa_trace:n503502,darpa_trace:n426823,type_1,type_0,rel_0,0,0,0,0,train:window_35,0,781129.0
3587.0,darpa_trace:n503509,darpa_trace:n426823,type_1,type_0,rel_0,0,0,0,0,train:window_35,0,781134.0
3588.0,darpa_trace:n503760,darpa_trace:n167800,type_1,type_0,rel_0,0,0,0,0,train:window_35,0,781311.0
3589.0,darpa_trace:n503884,darpa_trace:n2684,type_1,type_0,rel_0,0,0,0,0,train:window_35,0,781403.0
3590.0,darpa_trace:n504082,darpa_trace:n426823,type_1,type_0,rel_0,0,0,0,0,train:window_35,0,781548.0
3591.0,darpa_trace:n504347,darpa_trace:n167800,type_1,type_0,rel_0,0,0,0,0,train:window_35,0,781740.0
3592.0,darpa_trace:n504397,darpa_trace:n426823,type_1,type_0,rel_0,0,0,0,0,train:window_35,0,781777.0
3593.0,darpa_trace:n504612,darpa_trace:n2473,type_0,type_4,rel_5,0,0,0,0,train:window_35,0,782089.0
3594.0,darpa_trace:n504612,darpa_trace:n2485,type_0,type_4,rel_5,0,0,0,0,train:window_35,0,782101.0
3595.0,darpa_trace:n504963,darpa_trace:n2315,type_0,type_4,rel_5,1,1,0,1,train:window_35,1,782395.0
3596.0,darpa_trace:n504993,darpa_trace:n505002,type_0,type_5,rel_11,0,0,0,0,train:window_35,0,782439.0
3597.0,darpa_trace:n505061,darpa_trace:n2315,type_0,type_4,rel_5,1,1,0,1,train:window_35,1,782528.0
3598.0,darpa_trace:n505077,darpa_trace:n2315,type_0,type_4,rel_5,1,1,0,1,train:window_35,1,782546.0
3599.0,darpa_trace:n505077,darpa_trace:n2379,type_0,type_4,rel_5,1,1,0,1,train:window_35,1,782548.0
3600.0,darpa_trace:n505102,darpa_trace:n2315,type_0,type_4,rel_5,1,1,0,1,train:window_35,1,782594.0
3601.0,darpa_trace:n505158,darpa_trace:n505218,type_0,type_0,rel_13,0,0,0,0,train:window_36,0,782750.0
3602.0,darpa_trace:n505221,darpa_trace:n2315,type_0,type_4,rel_5,1,1,0,1,train:window_36,1,782760.0
3603.0,darpa_trace:n505663,darpa_trace:n505664,type_0,type_5,rel_6,0,0,0,0,train:window_36,0,783459.0
3604.0,darpa_trace:n505821,darpa_trace:n2315,type_0,type_4,rel_5,1,1,0,1,train:window_36,1,783705.0
3605.0,darpa_trace:n505850,darpa_trace:n2315,type_0,type_4,rel_5,1,1,0,1,train:window_36,1,783746.0
3606.0,darpa_trace:n506003,darpa_trace:n506029,type_0,type_5,rel_6,0,0,0,0,train:window_36,0,784008.0
3607.0,darpa_trace:n506124,darpa_trace:n506125,type_0,type_8,rel_8,0,0,0,0,train:window_36,0,784153.0
3608.0,darpa_trace:n506126,darpa_trace:n2315,type_0,type_4,rel_5,1,1,0,1,train:window_36,1,784156.0
3609.0,darpa_trace:n506217,darpa_trace:n2315,type_0,type_4,rel_5,1,1,0,1,train:window_36,1,784292.0
3610.0,darpa_trace:n506264,darpa_trace:n2379,type_0,type_4,rel_5,1,1,0,1,train:window_36,1,784365.0
3611.0,darpa_trace:n506385,darpa_trace:n2315,type_0,type_4,rel_5,1,1,0,1,train:window_36,1,784538.0
3612.0,darpa_trace:n506796,darpa_trace:n2379,type_0,type_4,rel_5,1,1,0,1,train:window_36,1,785128.0
3613.0,darpa_trace:n506886,darpa_trace:n2458,type_0,type_6,rel_5,0,0,0,0,train:window_36,0,785255.0
3614.0,darpa_trace:n506889,darpa_trace:n4658,type_0,type_4,rel_5,0,0,0,0,train:window_36,0,785359.0
3615.0,darpa_trace:n507274,darpa_trace:n2707,type_1,type_0,rel_0,0,0,0,0,train:window_36,0,785676.0
3616.0,darpa_trace:n507451,darpa_trace:n426823,type_1,type_0,rel_0,0,0,0,0,train:window_36,0,785801.0
3617.0,darpa_trace:n509127,darpa_trace:n167800,type_1,type_0,rel_0,0,0,0,0,train:window_36,0,787008.0
3618.0,darpa_trace:n509270,darpa_trace:n426823,type_1,type_0,rel_0,0,0,0,0,train:window_36,0,787110.0
3619.0,darpa_trace:n509290,darpa_trace:n426823,type_1,type_0,rel_0,0,0,0,0,train:window_36,0,787124.0
3620.0,darpa_trace:n509396,darpa_trace:n426823,type_1,type_0,rel_0,0,0,0,0,train:window_36,0,787200.0
3621.0,darpa_trace:n509538,darpa_trace:n167800,type_1,type_0,rel_0,0,0,0,0,train:window_36,0,787301.0
3622.0,darpa_trace:n509843,darpa_trace:n426823,type_1,type_0,rel_0,0,0,0,0,train:window_36,0,787520.0
3623.0,darpa_trace:n511171,darpa_trace:n426823,type_1,type_0,rel_0,0,0,0,0,train:window_36,0,788477.0
3624.0,darpa_trace:n511209,darpa_trace:n167800,type_1,type_0,rel_0,0,0,0,0,train:window_36,0,788504.0
3625.0,darpa_trace:n511827,darpa_trace:n167800,type_1,type_0,rel_0,0,0,0,0,train:window_36,0,788949.0
3626.0,darpa_trace:n511853,darpa_trace:n426823,type_1,type_0,rel_0,0,0,0,0,train:window_36,0,788968.0
3627.0,darpa_trace:n512040,darpa_trace:n167800,type_1,type_0,rel_0,0,0,0,0,train:window_36,0,789101.0
3628.0,darpa_trace:n513133,darpa_trace:n426823,type_1,type_0,rel_0,0,0,0,0,train:window_36,0,789836.0
3629.0,darpa_trace:n513464,darpa_trace:n426823,type_1,type_0,rel_0,0,0,0,0,train:window_36,0,790075.0
3630.0,darpa_trace:n513878,darpa_trace:n426823,type_1,type_0,rel_0,0,0,0,0,train:window_36,0,790375.0
3631.0,darpa_trace:n513938,darpa_trace:n2379,type_0,type_4,rel_5,1,1,0,1,train:window_36,1,790483.0
3632.0,darpa_trace:n513938,darpa_trace:n2468,type_0,type_4,rel_5,0,0,0,0,train:window_36,0,790571.0
3633.0,darpa_trace:n514355,darpa_trace:n2315,type_0,type_4,rel_5,1,1,0,1,train:window_36,1,790953.0
3634.0,darpa_trace:n514383,darpa_trace:n514385,type_0,type_5,rel_6,0,0,0,0,train:window_36,0,791003.0
3635.0,darpa_trace:n514757,darpa_trace:n2315,type_0,type_4,rel_5,1,1,0,1,train:window_36,1,791559.0
3636.0,darpa_trace:n514757,darpa_trace:n514813,type_0,type_5,rel_11,0,0,0,0,train:window_36,0,791624.0
3637.0,darpa_trace:n514851,darpa_trace:n514855,type_0,type_5,rel_11,0,0,0,0,train:window_36,0,791702.0
3638.0,darpa_trace:n514851,darpa_trace:n514858,type_0,type_5,rel_11,0,0,0,0,train:window_36,0,791706.0
3639.0,darpa_trace:n514868,darpa_trace:n2315,type_0,type_4,rel_5,1,1,0,1,train:window_36,1,791724.0
3640.0,darpa_trace:n514987,darpa_trace:n2379,type_0,type_4,rel_5,1,1,0,1,train:window_36,1,791945.0
3641.0,darpa_trace:n515081,darpa_trace:n515084,type_0,type_5,rel_6,0,0,0,0,train:window_36,0,792098.0
3642.0,darpa_trace:n515235,darpa_trace:n515248,type_0,type_5,rel_6,0,0,0,0,train:window_36,0,792340.0
3643.0,darpa_trace:n515357,darpa_trace:n2379,type_0,type_4,rel_5,1,1,0,1,train:window_36,1,792526.0
3644.0,darpa_trace:n515588,darpa_trace:n515588,type_0,type_0,rel_3,0,0,0,0,train:window_36,0,792863.0
3645.0,darpa_trace:n515879,darpa_trace:n516005,type_0,type_5,rel_11,0,0,0,0,train:window_36,0,793450.0
3646.0,darpa_trace:n515879,darpa_trace:n516010,type_0,type_5,rel_6,0,0,0,0,train:window_36,0,793456.0
3647.0,darpa_trace:n515879,darpa_trace:n516025,type_0,type_5,rel_6,0,0,0,0,train:window_36,0,793475.0
3648.0,darpa_trace:n515880,darpa_trace:n2379,type_0,type_4,rel_5,1,1,0,1,train:window_36,1,793567.0
3649.0,darpa_trace:n516137,darpa_trace:n2379,type_0,type_4,rel_5,1,1,0,1,train:window_36,1,793650.0
3650.0,darpa_trace:n516154,darpa_trace:n2315,type_0,type_4,rel_5,1,1,0,1,train:window_36,1,793672.0
3651.0,darpa_trace:n516172,darpa_trace:n516176,type_0,type_5,rel_11,0,0,0,0,train:window_36,0,793701.0
3652.0,darpa_trace:n516213,darpa_trace:n2315,type_0,type_4,rel_5,1,1,0,1,train:window_36,1,793755.0
3653.0,darpa_trace:n516213,darpa_trace:n516261,type_0,type_5,rel_6,0,0,0,0,train:window_36,0,793799.0
3654.0,darpa_trace:n516462,darpa_trace:n2315,type_0,type_4,rel_5,1,1,0,1,train:window_36,1,794060.0
3655.0,darpa_trace:n517391,darpa_trace:n5168,type_1,type_0,rel_0,0,0,0,0,train:window_36,0,794838.0
3656.0,darpa_trace:n517662,darpa_trace:n18,type_3,type_0,rel_0,0,0,0,0,train:window_36,0,795035.0
3657.0,darpa_trace:n518378,darpa_trace:n167800,type_1,type_0,rel_0,0,0,0,0,train:window_36,0,795548.0
3658.0,darpa_trace:n518912,darpa_trace:n519013,type_0,type_5,rel_11,0,0,0,0,train:window_36,0,796057.0
3659.0,darpa_trace:n518912,darpa_trace:n519043,type_0,type_5,rel_6,0,0,0,0,train:window_36,0,796093.0
3660.0,darpa_trace:n518912,darpa_trace:n519094,type_0,type_5,rel_11,0,0,0,0,train:window_36,0,796141.0
3661.0,darpa_trace:n518912,darpa_trace:n519118,type_0,type_5,rel_6,0,0,0,0,train:window_36,0,796172.0
3662.0,darpa_trace:n519348,darpa_trace:n519353,type_0,type_5,rel_6,0,0,0,0,train:window_36,0,796471.0
3663.0,darpa_trace:n519419,darpa_trace:n2315,type_0,type_4,rel_5,1,1,0,1,train:window_36,1,796561.0
3664.0,darpa_trace:n519438,darpa_trace:n2315,type_0,type_4,rel_5,1,1,0,1,train:window_36,1,796584.0
3665.0,darpa_trace:n519519,darpa_trace:n2379,type_0,type_4,rel_5,1,1,0,1,train:window_36,1,796685.0
3666.0,darpa_trace:n519726,darpa_trace:n2379,type_0,type_4,rel_5,1,1,0,1,train:window_36,1,797021.0
3667.0,darpa_trace:n519793,darpa_trace:n519796,type_0,type_5,rel_6,0,0,0,0,train:window_36,0,797101.0
3668.0,darpa_trace:n519822,darpa_trace:n2379,type_0,type_4,rel_5,1,1,0,1,train:window_36,1,797160.0
3669.0,darpa_trace:n519958,darpa_trace:n519989,type_0,type_5,rel_6,0,0,0,0,train:window_36,0,797371.0
3670.0,darpa_trace:n519958,darpa_trace:n3558,type_0,type_4,rel_5,0,0,0,0,train:window_36,0,797465.0
3671.0,darpa_trace:n519960,darpa_trace:n2379,type_0,type_4,rel_5,1,1,0,1,train:window_36,1,797500.0
3672.0,darpa_trace:n520068,darpa_trace:n2315,type_0,type_4,rel_5,1,1,0,1,train:window_36,1,797532.0
3673.0,darpa_trace:n520224,darpa_trace:n2315,type_0,type_4,rel_5,1,1,0,1,train:window_36,1,797778.0
3674.0,darpa_trace:n520224,darpa_trace:n2456,type_0,type_4,rel_5,0,0,0,0,train:window_36,0,797808.0
3675.0,darpa_trace:n520224,darpa_trace:n3111,type_0,type_4,rel_5,0,0,0,0,train:window_36,0,797812.0
3676.0,darpa_trace:n520317,darpa_trace:n2379,type_0,type_4,rel_5,1,1,0,1,train:window_36,1,797923.0
3677.0,darpa_trace:n520346,darpa_trace:n2315,type_0,type_4,rel_5,1,1,0,1,train:window_36,1,797956.0
3678.0,darpa_trace:n520438,darpa_trace:n520462,type_0,type_5,rel_6,0,0,0,0,train:window_36,0,798123.0
3679.0,darpa_trace:n520500,darpa_trace:n520500,type_0,type_0,rel_3,0,0,0,0,train:window_36,0,798224.0
3680.0,darpa_trace:n520529,darpa_trace:n520552,type_0,type_5,rel_11,0,0,0,0,train:window_36,0,798258.0
3681.0,darpa_trace:n520529,darpa_trace:n3073,type_0,type_4,rel_5,0,0,0,0,train:window_36,0,798310.0
3682.0,darpa_trace:n520623,darpa_trace:n2315,type_0,type_4,rel_5,1,1,0,1,train:window_36,1,798367.0
3683.0,darpa_trace:n520655,darpa_trace:n2379,type_0,type_4,rel_5,1,1,0,1,train:window_36,1,798419.0
3684.0,darpa_trace:n520681,darpa_trace:n520685,type_0,type_5,rel_11,0,0,0,0,train:window_36,0,798460.0
3685.0,darpa_trace:n520704,darpa_trace:n2315,type_0,type_4,rel_5,1,1,0,1,train:window_36,1,798486.0
3686.0,darpa_trace:n520789,darpa_trace:n2315,type_0,type_4,rel_5,1,1,0,1,train:window_36,1,798611.0
3687.0,darpa_trace:n520802,darpa_trace:n2315,type_0,type_4,rel_5,1,1,0,1,train:window_36,1,798630.0
3688.0,darpa_trace:n520873,darpa_trace:n520890,type_0,type_5,rel_11,0,0,0,0,train:window_36,0,798740.0
3689.0,darpa_trace:n520959,darpa_trace:n521062,type_0,type_5,rel_6,0,0,0,0,train:window_36,0,799003.0
3690.0,darpa_trace:n520959,darpa_trace:n4690,type_0,type_4,rel_5,0,0,0,0,train:window_36,0,799025.0
3691.0,darpa_trace:n520960,darpa_trace:n2379,type_0,type_4,rel_5,1,1,0,1,train:window_36,1,799149.0
3692.0,darpa_trace:n521200,darpa_trace:n2379,type_0,type_4,rel_5,1,1,0,1,train:window_36,1,799205.0
3693.0,darpa_trace:n521253,darpa_trace:n2379,type_0,type_4,rel_5,1,1,0,1,train:window_36,1,799291.0
3694.0,darpa_trace:n521481,darpa_trace:n2315,type_0,type_4,rel_5,1,1,0,1,train:window_36,1,799595.0
3695.0,darpa_trace:n521481,darpa_trace:n2379,type_0,type_4,rel_5,1,1,0,1,train:window_36,1,799597.0
3696.0,darpa_trace:n521540,darpa_trace:n521579,type_8,type_0,rel_2,0,0,0,0,train:window_36,0,799642.0
3697.0,darpa_trace:n521635,darpa_trace:n2379,type_0,type_4,rel_5,1,1,0,1,train:window_36,1,799767.0
3698.0,darpa_trace:n521998,darpa_trace:n426823,type_1,type_0,rel_0,0,0,0,0,train:window_36,0,800033.0
3699.0,darpa_trace:n522376,darpa_trace:n522378,type_0,type_5,rel_6,0,0,0,0,train:window_36,0,800310.0
3700.0,darpa_trace:n522379,darpa_trace:n522501,type_0,type_3,rel_12,0,0,0,0,train:window_36,0,800461.0
3701.0,darpa_trace:n522379,darpa_trace:n2647,type_0,type_4,rel_5,0,0,0,0,train:window_37,0,800626.0
3702.0,darpa_trace:n522878,darpa_trace:n522887,type_0,type_5,rel_11,0,0,0,0,train:window_37,0,800932.0
3703.0,darpa_trace:n522935,darpa_trace:n2379,type_0,type_4,rel_5,1,1,0,1,train:window_37,1,800992.0
3704.0,darpa_trace:n523009,darpa_trace:n2379,type_0,type_4,rel_5,1,1,0,1,train:window_37,1,801085.0
3705.0,darpa_trace:n523126,darpa_trace:n523181,type_0,type_5,rel_11,0,0,0,0,train:window_37,0,801322.0
3706.0,darpa_trace:n523188,darpa_trace:n3109,type_0,type_7,rel_5,0,0,0,0,train:window_37,0,801383.0
3707.0,darpa_trace:n523217,darpa_trace:n523238,type_0,type_5,rel_6,0,0,0,0,train:window_37,0,801418.0
3708.0,darpa_trace:n523217,darpa_trace:n2389,type_0,type_4,rel_5,0,0,0,0,train:window_37,0,801423.0
3709.0,darpa_trace:n523217,darpa_trace:n523254,type_0,type_5,rel_11,0,0,0,0,train:window_37,0,801439.0
3710.0,darpa_trace:n523447,darpa_trace:n2315,type_0,type_4,rel_5,1,1,0,1,train:window_37,1,801738.0
3711.0,darpa_trace:n523540,darpa_trace:n2379,type_0,type_4,rel_5,1,1,0,1,train:window_37,1,801916.0
3712.0,darpa_trace:n523551,darpa_trace:n523553,type_0,type_0,rel_10,0,0,0,0,train:window_37,0,801937.0
3713.0,darpa_trace:n523553,darpa_trace:n523558,type_0,type_5,rel_6,0,0,0,0,train:window_37,0,801945.0
3714.0,darpa_trace:n523633,darpa_trace:n523644,type_0,type_5,rel_11,0,0,0,0,train:window_37,0,802078.0
3715.0,darpa_trace:n523695,darpa_trace:n2315,type_0,type_4,rel_5,1,1,0,1,train:window_37,1,802159.0
3716.0,darpa_trace:n523695,darpa_trace:n2379,type_0,type_4,rel_5,1,1,0,1,train:window_37,1,802167.0
3717.0,darpa_trace:n523695,darpa_trace:n523713,type_0,type_5,rel_6,0,0,0,0,train:window_37,0,802181.0
3718.0,darpa_trace:n523724,darpa_trace:n2999,type_0,type_4,rel_5,0,0,0,0,train:window_37,0,802202.0
3719.0,darpa_trace:n523909,darpa_trace:n2379,type_0,type_4,rel_5,1,1,0,1,train:window_37,1,802496.0
3720.0,darpa_trace:n524140,darpa_trace:n2315,type_0,type_4,rel_5,1,1,0,1,train:window_37,1,802818.0
3721.0,darpa_trace:n524140,darpa_trace:n2379,type_0,type_4,rel_5,1,1,0,1,train:window_37,1,802820.0
3722.0,darpa_trace:n524247,darpa_trace:n2315,type_0,type_4,rel_5,1,1,0,1,train:window_37,1,802972.0
3723.0,darpa_trace:n524247,darpa_trace:n2379,type_0,type_4,rel_5,1,1,0,1,train:window_37,1,802974.0
3724.0,darpa_trace:n524389,darpa_trace:n524421,type_0,type_5,rel_11,0,0,0,0,train:window_37,0,803246.0
3725.0,darpa_trace:n524431,darpa_trace:n4639,type_0,type_4,rel_5,0,0,0,0,train:window_37,0,803347.0
3726.0,darpa_trace:n524673,darpa_trace:n2379,type_0,type_4,rel_5,1,1,0,1,train:window_37,1,803584.0
3727.0,darpa_trace:n524690,darpa_trace:n2379,type_0,type_4,rel_5,1,1,0,1,train:window_37,1,803611.0
3728.0,darpa_trace:n524726,darpa_trace:n524734,type_0,type_5,rel_11,0,0,0,0,train:window_37,0,803668.0
3729.0,darpa_trace:n524788,darpa_trace:n2315,type_0,type_4,rel_5,1,1,0,1,train:window_37,1,803975.0
3730.0,darpa_trace:n525789,darpa_trace:n2398,type_0,type_4,rel_5,1,1,0,1,train:window_37,1,804677.0
3731.0,darpa_trace:n525789,darpa_trace:n525892,type_0,type_5,rel_11,0,0,0,0,train:window_37,0,804720.0
3732.0,darpa_trace:n525789,darpa_trace:n526096,type_0,type_5,rel_11,0,0,0,0,train:window_37,0,804823.0
3733.0,darpa_trace:n525789,darpa_trace:n530302,type_0,type_0,rel_14,0,0,0,0,train:window_37,0,804950.0
3734.0,darpa_trace:n526028,darpa_trace:n2669,type_1,type_0,rel_0,0,0,0,0,train:window_37,0,805042.0
3735.0,darpa_trace:n526283,darpa_trace:n2669,type_1,type_0,rel_0,0,0,0,0,train:window_37,0,805177.0
3736.0,darpa_trace:n526296,darpa_trace:n2669,type_1,type_0,rel_0,0,0,0,0,train:window_37,0,805179.0
3737.0,darpa_trace:n526375,darpa_trace:n2379,type_0,type_4,rel_5,1,1,0,1,train:window_37,1,805295.0
3738.0,darpa_trace:n526424,darpa_trace:n2379,type_0,type_4,rel_5,1,1,0,1,train:window_37,1,805365.0
3739.0,darpa_trace:n526448,darpa_trace:n3068,type_0,type_4,rel_5,0,0,0,0,train:window_37,0,805482.0
3740.0,darpa_trace:n526631,darpa_trace:n3014,type_0,type_4,rel_5,0,0,0,0,train:window_37,0,805696.0
3741.0,darpa_trace:n526722,darpa_trace:n526729,type_0,type_5,rel_6,0,0,0,0,train:window_37,0,805824.0
3742.0,darpa_trace:n526861,darpa_trace:n526864,type_0,type_5,rel_6,0,0,0,0,train:window_37,0,806029.0
3743.0,darpa_trace:n526980,darpa_trace:n2315,type_0,type_4,rel_5,1,1,0,1,train:window_37,1,806246.0
3744.0,darpa_trace:n527009,darpa_trace:n2379,type_0,type_4,rel_5,1,1,0,1,train:window_37,1,806287.0
3745.0,darpa_trace:n527111,darpa_trace:n2315,type_0,type_4,rel_5,1,1,0,1,train:window_37,1,806447.0
3746.0,darpa_trace:n527140,darpa_trace:n2315,type_0,type_4,rel_5,1,1,0,1,train:window_37,1,806488.0
3747.0,darpa_trace:n527293,darpa_trace:n2315,type_0,type_4,rel_5,1,1,0,1,train:window_37,1,806719.0
3748.0,darpa_trace:n527323,darpa_trace:n2315,type_0,type_4,rel_5,1,1,0,1,train:window_37,1,806761.0
3749.0,darpa_trace:n527323,darpa_trace:n3067,type_0,type_4,rel_5,0,0,0,0,train:window_37,0,806836.0
3750.0,darpa_trace:n527417,darpa_trace:n2315,type_0,type_4,rel_5,1,1,0,1,train:window_37,1,806899.0
3751.0,darpa_trace:n527417,darpa_trace:n527435,type_0,type_5,rel_6,0,0,0,0,train:window_37,0,806922.0
3752.0,darpa_trace:n527508,darpa_trace:n2379,type_0,type_4,rel_5,1,1,0,1,train:window_37,1,807042.0
3753.0,darpa_trace:n527555,darpa_trace:n2315,type_0,type_4,rel_5,1,1,0,1,train:window_37,1,807106.0
3754.0,darpa_trace:n527590,darpa_trace:n2315,type_0,type_4,rel_5,1,1,0,1,train:window_37,1,807155.0
3755.0,darpa_trace:n527603,darpa_trace:n2315,type_0,type_4,rel_5,1,1,0,1,train:window_37,1,807180.0
3756.0,darpa_trace:n527688,darpa_trace:n2315,type_0,type_4,rel_5,1,1,0,1,train:window_37,1,807299.0
3757.0,darpa_trace:n527847,darpa_trace:n4617,type_0,type_4,rel_5,0,0,0,0,train:window_37,0,807615.0
3758.0,darpa_trace:n528182,darpa_trace:n4690,type_0,type_4,rel_5,0,0,0,0,train:window_37,0,808165.0
3759.0,darpa_trace:n528182,darpa_trace:n528301,type_0,type_5,rel_6,0,0,0,0,train:window_37,0,808171.0
3760.0,darpa_trace:n528182,darpa_trace:n528388,type_0,type_5,rel_11,0,0,0,0,train:window_37,0,808262.0
3761.0,darpa_trace:n528429,darpa_trace:n528588,type_0,type_4,rel_5,0,0,0,0,train:window_37,0,808471.0
3762.0,darpa_trace:n528429,darpa_trace:n528763,type_0,type_4,rel_5,0,0,0,0,train:window_37,0,808645.0
3763.0,darpa_trace:n528429,darpa_trace:n528952,type_0,type_4,rel_5,0,0,0,0,train:window_37,0,808831.0
3764.0,darpa_trace:n528429,darpa_trace:n529040,type_0,type_4,rel_5,0,0,0,0,train:window_37,0,808919.0
3765.0,darpa_trace:n528429,darpa_trace:n529200,type_0,type_4,rel_5,0,0,0,0,train:window_37,0,809075.0
3766.0,darpa_trace:n528429,darpa_trace:n529263,type_0,type_4,rel_5,0,0,0,0,train:window_37,0,809138.0
3767.0,darpa_trace:n528429,darpa_trace:n529429,type_0,type_4,rel_5,0,0,0,0,train:window_37,0,809303.0
3768.0,darpa_trace:n528429,darpa_trace:n529621,type_0,type_4,rel_5,0,0,0,0,train:window_37,0,809492.0
3769.0,darpa_trace:n528983,darpa_trace:n528429,type_4,type_0,rel_2,0,0,0,0,train:window_37,0,810180.0
3770.0,darpa_trace:n529081,darpa_trace:n528429,type_4,type_0,rel_2,0,0,0,0,train:window_37,0,810274.0
3771.0,darpa_trace:n529544,darpa_trace:n528429,type_4,type_0,rel_2,0,0,0,0,train:window_37,0,810717.0
3772.0,darpa_trace:n529854,darpa_trace:n2398,type_0,type_4,rel_5,1,1,0,1,train:window_37,1,811179.0
3773.0,darpa_trace:n530048,darpa_trace:n2315,type_0,type_4,rel_5,1,1,0,1,train:window_37,1,811295.0
3774.0,darpa_trace:n530082,darpa_trace:n426823,type_1,type_0,rel_0,0,0,0,0,train:window_37,0,811328.0
3775.0,darpa_trace:n530088,darpa_trace:n2477,type_0,type_4,rel_5,0,0,0,0,train:window_37,0,811391.0
3776.0,darpa_trace:n530317,darpa_trace:n525789,type_1,type_0,rel_0,0,0,0,0,train:window_37,0,811644.0
3777.0,darpa_trace:n530478,darpa_trace:n426823,type_1,type_0,rel_0,0,0,0,0,train:window_37,0,811764.0
3778.0,darpa_trace:n530484,darpa_trace:n426823,type_1,type_0,rel_0,0,0,0,0,train:window_37,0,811768.0
3779.0,darpa_trace:n530485,darpa_trace:n426823,type_1,type_0,rel_0,0,0,0,0,train:window_37,0,811769.0
3780.0,darpa_trace:n530758,darpa_trace:n426823,type_1,type_0,rel_0,0,0,0,0,train:window_37,0,811969.0
3781.0,darpa_trace:n530835,darpa_trace:n167800,type_1,type_0,rel_0,0,0,0,0,train:window_37,0,812025.0
3782.0,darpa_trace:n530956,darpa_trace:n167800,type_1,type_0,rel_0,0,0,0,0,train:window_37,0,812111.0
3783.0,darpa_trace:n531763,darpa_trace:n2379,type_0,type_4,rel_5,1,1,0,1,train:window_37,1,812753.0
3784.0,darpa_trace:n531763,darpa_trace:n2504,type_0,type_4,rel_5,0,0,0,0,train:window_37,0,812875.0
3785.0,darpa_trace:n532199,darpa_trace:n2315,type_0,type_4,rel_5,1,1,0,1,train:window_37,1,813264.0
3786.0,darpa_trace:n532221,darpa_trace:n2315,type_0,type_4,rel_5,1,1,0,1,train:window_37,1,813289.0
3787.0,darpa_trace:n532369,darpa_trace:n2379,type_0,type_4,rel_5,1,1,0,1,train:window_37,1,813522.0
3788.0,darpa_trace:n532583,darpa_trace:n532641,type_0,type_5,rel_11,0,0,0,0,train:window_37,0,813898.0
3789.0,darpa_trace:n532720,darpa_trace:n2315,type_0,type_4,rel_5,1,1,0,1,train:window_37,1,814038.0
3790.0,darpa_trace:n533001,darpa_trace:n3071,type_0,type_4,rel_5,0,0,0,0,train:window_37,0,814581.0
3791.0,darpa_trace:n533001,darpa_trace:n3074,type_0,type_4,rel_5,0,0,0,0,train:window_37,0,814584.0
3792.0,darpa_trace:n533063,darpa_trace:n2379,type_0,type_4,rel_5,1,1,0,1,train:window_37,1,814605.0
3793.0,darpa_trace:n533092,darpa_trace:n2356,type_0,type_4,rel_5,0,0,0,0,train:window_37,0,814674.0
3794.0,darpa_trace:n533340,darpa_trace:n2379,type_0,type_4,rel_5,1,1,0,1,train:window_37,1,815016.0
3795.0,darpa_trace:n533369,darpa_trace:n2315,type_0,type_4,rel_5,1,1,0,1,train:window_37,1,815049.0
3796.0,darpa_trace:n533401,darpa_trace:n2315,type_0,type_4,rel_5,1,1,0,1,train:window_37,1,815099.0
3797.0,darpa_trace:n533415,darpa_trace:n2315,type_0,type_4,rel_5,1,1,0,1,train:window_37,1,815119.0
3798.0,darpa_trace:n533450,darpa_trace:n2379,type_0,type_4,rel_5,1,1,0,1,train:window_37,1,815170.0
3799.0,darpa_trace:n533619,darpa_trace:n4813,type_0,type_4,rel_5,0,0,0,0,train:window_37,0,815477.0
3800.0,darpa_trace:n533619,darpa_trace:n533979,type_0,type_0,rel_13,0,0,0,0,train:window_37,0,815488.0
3801.0,darpa_trace:n533708,darpa_trace:n2315,type_0,type_4,rel_5,1,1,0,1,train:window_38,1,815825.0
3802.0,darpa_trace:n533966,darpa_trace:n2379,type_0,type_4,rel_5,1,1,0,1,train:window_38,1,815911.0
3803.0,darpa_trace:n534054,darpa_trace:n2315,type_0,type_4,rel_5,1,1,0,1,train:window_38,1,816273.0
3804.0,darpa_trace:n534054,darpa_trace:n2379,type_0,type_4,rel_5,1,1,0,1,train:window_38,1,816275.0
3805.0,darpa_trace:n534285,darpa_trace:n426823,type_1,type_0,rel_0,0,0,0,0,train:window_38,0,816315.0
3806.0,darpa_trace:n534327,darpa_trace:n534353,type_0,type_5,rel_6,0,0,0,0,train:window_38,0,816387.0
3807.0,darpa_trace:n534400,darpa_trace:n2315,type_0,type_4,rel_5,1,1,0,1,train:window_38,1,816426.0
3808.0,darpa_trace:n534400,darpa_trace:n2379,type_0,type_4,rel_5,1,1,0,1,train:window_38,1,816455.0
3809.0,darpa_trace:n534570,darpa_trace:n426823,type_1,type_0,rel_0,0,0,0,0,train:window_38,0,816586.0
3810.0,darpa_trace:n534908,darpa_trace:n426823,type_1,type_0,rel_0,0,0,0,0,train:window_38,0,816834.0
3811.0,darpa_trace:n534994,darpa_trace:n168820,type_1,type_0,rel_0,0,0,0,0,train:window_38,0,816895.0
3812.0,darpa_trace:n535496,darpa_trace:n167800,type_1,type_0,rel_0,0,0,0,0,train:window_38,0,817205.0
3813.0,darpa_trace:n535522,darpa_trace:n426823,type_1,type_0,rel_0,0,0,0,0,train:window_38,0,817224.0
3814.0,darpa_trace:n535944,darpa_trace:n167800,type_1,type_0,rel_0,0,0,0,0,train:window_38,0,817525.0
3815.0,darpa_trace:n536849,darpa_trace:n426823,type_1,type_0,rel_0,0,0,0,0,train:window_38,0,818180.0
3816.0,darpa_trace:n537113,darpa_trace:n426823,type_1,type_0,rel_0,0,0,0,0,train:window_38,0,818369.0
3817.0,darpa_trace:n537207,darpa_trace:n167800,type_1,type_0,rel_0,0,0,0,0,train:window_38,0,818436.0
3818.0,darpa_trace:n537398,darpa_trace:n426823,type_1,type_0,rel_0,0,0,0,0,train:window_38,0,818574.0
3819.0,darpa_trace:n537434,darpa_trace:n167800,type_1,type_0,rel_0,0,0,0,0,train:window_38,0,818600.0
3820.0,darpa_trace:n537662,darpa_trace:n426823,type_1,type_0,rel_0,0,0,0,0,train:window_38,0,818764.0
3821.0,darpa_trace:n538144,darpa_trace:n426823,type_1,type_0,rel_0,0,0,0,0,train:window_38,0,819111.0
3822.0,darpa_trace:n538574,darpa_trace:n18,type_3,type_0,rel_0,0,0,0,0,train:window_38,0,819419.0
3823.0,darpa_trace:n539850,darpa_trace:n167800,type_1,type_0,rel_0,0,0,0,0,train:window_38,0,820332.0
3824.0,darpa_trace:n540113,darpa_trace:n426823,type_1,type_0,rel_0,0,0,0,0,train:window_38,0,820523.0
3825.0,darpa_trace:n540221,darpa_trace:n167800,type_1,type_0,rel_0,0,0,0,0,train:window_38,0,820600.0
3826.0,darpa_trace:n541909,darpa_trace:n426823,type_1,type_0,rel_0,0,0,0,0,train:window_38,0,821814.0
3827.0,darpa_trace:n542333,darpa_trace:n426823,type_1,type_0,rel_0,0,0,0,0,train:window_38,0,822069.0
3828.0,darpa_trace:n542397,darpa_trace:n542636,type_0,type_5,rel_11,0,0,0,0,train:window_38,0,822399.0
3829.0,darpa_trace:n542793,darpa_trace:n2315,type_0,type_4,rel_5,1,1,0,1,train:window_38,1,822621.0
3830.0,darpa_trace:n542808,darpa_trace:n2315,type_0,type_4,rel_5,1,1,0,1,train:window_38,1,822645.0
3831.0,darpa_trace:n542808,darpa_trace:n2379,type_0,type_4,rel_5,1,1,0,1,train:window_38,1,822647.0
3832.0,darpa_trace:n542857,darpa_trace:n2379,type_0,type_4,rel_5,1,1,0,1,train:window_38,1,822718.0
3833.0,darpa_trace:n542928,darpa_trace:n542937,type_0,type_5,rel_11,0,0,0,0,train:window_38,0,822826.0
3834.0,darpa_trace:n543032,darpa_trace:n543073,type_0,type_5,rel_6,0,0,0,0,train:window_38,0,823031.0
3835.0,darpa_trace:n543097,darpa_trace:n2379,type_0,type_4,rel_5,1,1,0,1,train:window_38,1,823086.0
3836.0,darpa_trace:n543217,darpa_trace:n2379,type_0,type_4,rel_5,1,1,0,1,train:window_38,1,823277.0
3837.0,darpa_trace:n543309,darpa_trace:n2315,type_0,type_4,rel_5,1,1,0,1,train:window_38,1,823392.0
3838.0,darpa_trace:n543309,darpa_trace:n2379,type_0,type_4,rel_5,1,1,0,1,train:window_38,1,823399.0
3839.0,darpa_trace:n543338,darpa_trace:n2379,type_0,type_4,rel_5,1,1,0,1,train:window_38,1,823438.0
3840.0,darpa_trace:n543526,darpa_trace:n543630,type_0,type_0,rel_13,0,0,0,0,train:window_38,0,823770.0
3841.0,darpa_trace:n543603,darpa_trace:n543611,type_0,type_5,rel_11,0,0,0,0,train:window_38,0,823895.0
3842.0,darpa_trace:n543879,darpa_trace:n543890,type_0,type_5,rel_6,0,0,0,0,train:window_38,0,824309.0
3843.0,darpa_trace:n543908,darpa_trace:n3014,type_0,type_4,rel_5,0,0,0,0,train:window_38,0,824353.0
3844.0,darpa_trace:n543908,darpa_trace:n2356,type_0,type_4,rel_5,0,0,0,0,train:window_38,0,824372.0
3845.0,darpa_trace:n543908,darpa_trace:n3071,type_0,type_4,rel_5,0,0,0,0,train:window_38,0,824415.0
3846.0,darpa_trace:n544000,darpa_trace:n544010,type_0,type_5,rel_6,0,0,0,0,train:window_38,0,824485.0
3847.0,darpa_trace:n544032,darpa_trace:n2315,type_0,type_4,rel_5,1,1,0,1,train:window_38,1,824523.0
3848.0,darpa_trace:n544046,darpa_trace:n2379,type_0,type_4,rel_5,1,1,0,1,train:window_38,1,824545.0
3849.0,darpa_trace:n544094,darpa_trace:n2379,type_0,type_4,rel_5,1,1,0,1,train:window_38,1,824625.0
3850.0,darpa_trace:n544179,darpa_trace:n544180,type_0,type_0,rel_10,0,0,0,0,train:window_38,0,824736.0
3851.0,darpa_trace:n544296,darpa_trace:n544303,type_0,type_5,rel_6,0,0,0,0,train:window_38,0,824946.0
3852.0,darpa_trace:n544296,darpa_trace:n2389,type_0,type_4,rel_5,0,0,0,0,train:window_38,0,824959.0
3853.0,darpa_trace:n544671,darpa_trace:n544798,type_0,type_5,rel_6,0,0,0,0,train:window_38,0,825587.0
3854.0,darpa_trace:n544677,darpa_trace:n544701,type_0,type_5,rel_11,0,0,0,0,train:window_38,0,825712.0
3855.0,darpa_trace:n545030,darpa_trace:n2703,type_1,type_0,rel_0,0,0,0,0,train:window_38,0,825856.0
3856.0,darpa_trace:n545552,darpa_trace:n167800,type_1,type_0,rel_0,0,0,0,0,train:window_38,0,826236.0
3857.0,darpa_trace:n545888,darpa_trace:n167800,type_1,type_0,rel_0,0,0,0,0,train:window_38,0,826479.0
3858.0,darpa_trace:n546069,darpa_trace:n426823,type_1,type_0,rel_0,0,0,0,0,train:window_38,0,826611.0
3859.0,darpa_trace:n546712,darpa_trace:n167800,type_1,type_0,rel_0,0,0,0,0,train:window_38,0,827073.0
3860.0,darpa_trace:n546803,darpa_trace:n546904,type_0,type_5,rel_11,0,0,0,0,train:window_38,0,827263.0
3861.0,darpa_trace:n546803,darpa_trace:n547040,type_0,type_5,rel_6,0,0,0,0,train:window_38,0,827422.0
3862.0,darpa_trace:n546803,darpa_trace:n547094,type_0,type_1,rel_1,0,0,0,0,train:window_38,0,827468.0
3863.0,darpa_trace:n547191,darpa_trace:n2667,type_1,type_0,rel_0,0,0,0,0,train:window_38,0,827625.0
3864.0,darpa_trace:n547203,darpa_trace:n547221,type_0,type_0,rel_13,0,0,0,0,train:window_38,0,827650.0
3865.0,darpa_trace:n547260,darpa_trace:n2315,type_0,type_4,rel_5,1,1,0,1,train:window_38,1,827705.0
3866.0,darpa_trace:n547364,darpa_trace:n2315,type_0,type_4,rel_5,1,1,0,1,train:window_38,1,827838.0
3867.0,darpa_trace:n547365,darpa_trace:n2379,type_0,type_4,rel_5,1,1,0,1,train:window_38,1,827865.0
3868.0,darpa_trace:n547399,darpa_trace:n547415,type_0,type_5,rel_11,0,0,0,0,train:window_38,0,827893.0
3869.0,darpa_trace:n547548,darpa_trace:n547594,type_0,type_5,rel_11,0,0,0,0,train:window_38,0,828139.0
3870.0,darpa_trace:n547870,darpa_trace:n2315,type_0,type_4,rel_5,1,1,0,1,train:window_38,1,828565.0
3871.0,darpa_trace:n547870,darpa_trace:n2379,type_0,type_4,rel_5,1,1,0,1,train:window_38,1,828573.0
3872.0,darpa_trace:n547870,darpa_trace:n547946,type_0,type_5,rel_6,0,0,0,0,train:window_38,0,828666.0
3873.0,darpa_trace:n547974,darpa_trace:n2379,type_0,type_4,rel_5,1,1,0,1,train:window_38,1,828766.0
3874.0,darpa_trace:n547988,darpa_trace:n2379,type_0,type_4,rel_5,1,1,0,1,train:window_38,1,828793.0
3875.0,darpa_trace:n548117,darpa_trace:n548132,type_0,type_5,rel_6,0,0,0,0,train:window_38,0,829004.0
3876.0,darpa_trace:n548240,darpa_trace:n548258,type_0,type_5,rel_6,0,0,0,0,train:window_38,0,829187.0
3877.0,darpa_trace:n548422,darpa_trace:n3014,type_0,type_4,rel_5,0,0,0,0,train:window_38,0,829453.0
3878.0,darpa_trace:n548597,darpa_trace:n2315,type_0,type_4,rel_5,1,1,0,1,train:window_38,1,829693.0
3879.0,darpa_trace:n548597,darpa_trace:n548602,type_0,type_5,rel_6,0,0,0,0,train:window_38,0,829699.0
3880.0,darpa_trace:n548637,darpa_trace:n548638,type_0,type_8,rel_8,0,0,0,0,train:window_38,0,829754.0
3881.0,darpa_trace:n548668,darpa_trace:n2315,type_0,type_4,rel_5,1,1,0,1,train:window_38,1,829797.0
3882.0,darpa_trace:n548668,darpa_trace:n2379,type_0,type_4,rel_5,1,1,0,1,train:window_38,1,829799.0
3883.0,darpa_trace:n548719,darpa_trace:n548723,type_0,type_5,rel_11,0,0,0,0,train:window_38,0,829874.0
3884.0,darpa_trace:n548766,darpa_trace:n548801,type_0,type_5,rel_11,0,0,0,0,train:window_38,0,829970.0
3885.0,darpa_trace:n549083,darpa_trace:n2315,type_0,type_4,rel_5,1,1,0,1,train:window_38,1,830385.0
3886.0,darpa_trace:n549096,darpa_trace:n549101,type_0,type_5,rel_6,0,0,0,0,train:window_38,0,830414.0
3887.0,darpa_trace:n549321,darpa_trace:n2315,type_0,type_4,rel_5,1,1,0,1,train:window_38,1,830799.0
3888.0,darpa_trace:n549321,darpa_trace:n2379,type_0,type_4,rel_5,1,1,0,1,train:window_38,1,830801.0
3889.0,darpa_trace:n549437,darpa_trace:n2315,type_0,type_4,rel_5,1,1,0,1,train:window_38,1,830846.0
3890.0,darpa_trace:n549612,darpa_trace:n549614,type_0,type_5,rel_6,0,0,0,0,train:window_38,0,830995.0
3891.0,darpa_trace:n549615,darpa_trace:n549686,type_0,type_5,rel_6,0,0,0,0,train:window_38,0,831087.0
3892.0,darpa_trace:n549615,darpa_trace:n549716,type_0,type_5,rel_11,0,0,0,0,train:window_38,0,831121.0
3893.0,darpa_trace:n549777,darpa_trace:n167800,type_1,type_0,rel_0,0,0,0,0,train:window_38,0,831387.0
3894.0,darpa_trace:n550283,darpa_trace:n2456,type_0,type_4,rel_5,0,0,0,0,train:window_38,0,831895.0
3895.0,darpa_trace:n550495,darpa_trace:n550496,type_0,type_8,rel_8,0,0,0,0,train:window_38,0,832177.0
3896.0,darpa_trace:n550588,darpa_trace:n550589,type_0,type_5,rel_6,0,0,0,0,train:window_38,0,832317.0
3897.0,darpa_trace:n550605,darpa_trace:n2315,type_0,type_4,rel_5,1,1,0,1,train:window_38,1,832343.0
3898.0,darpa_trace:n550633,darpa_trace:n3042,type_0,type_4,rel_5,0,0,0,0,train:window_38,0,832418.0
3899.0,darpa_trace:n550878,darpa_trace:n2458,type_0,type_6,rel_5,0,0,0,0,train:window_38,0,832805.0
3900.0,darpa_trace:n551003,darpa_trace:n551038,type_0,type_5,rel_6,0,0,0,0,train:window_38,0,833032.0
3901.0,darpa_trace:n551065,darpa_trace:n551091,type_0,type_5,rel_6,0,0,0,0,train:window_39,0,833113.0
3902.0,darpa_trace:n551092,darpa_trace:n551093,type_0,type_8,rel_8,0,0,0,0,train:window_39,0,833120.0
3903.0,darpa_trace:n551188,darpa_trace:n551200,type_0,type_5,rel_6,0,0,0,0,train:window_39,0,833276.0
3904.0,darpa_trace:n551250,darpa_trace:n551248,type_0,type_8,rel_7,0,0,0,0,train:window_39,0,833391.0
3905.0,darpa_trace:n551373,darpa_trace:n2379,type_0,type_4,rel_5,1,1,0,1,train:window_39,1,833549.0
3906.0,darpa_trace:n551404,darpa_trace:n2315,type_0,type_4,rel_5,1,1,0,1,train:window_39,1,833585.0
3907.0,darpa_trace:n551460,darpa_trace:n551461,type_0,type_5,rel_6,0,0,0,0,train:window_39,0,833663.0
3908.0,darpa_trace:n551472,darpa_trace:n2315,type_0,type_4,rel_5,1,1,0,1,train:window_39,1,833679.0
3909.0,darpa_trace:n551506,darpa_trace:n551507,type_1,type_0,rel_2,0,0,0,0,train:window_39,0,833726.0
3910.0,darpa_trace:n551530,darpa_trace:n70741,type_0,type_4,rel_5,0,0,0,0,train:window_39,0,833832.0
3911.0,darpa_trace:n551624,darpa_trace:n2315,type_0,type_4,rel_5,1,1,0,1,train:window_39,1,833938.0
3912.0,darpa_trace:n551858,darpa_trace:n2315,type_0,type_4,rel_5,1,1,0,1,train:window_39,1,834230.0
3913.0,darpa_trace:n551910,darpa_trace:n2315,type_0,type_4,rel_5,1,1,0,1,train:window_39,1,834305.0
3914.0,darpa_trace:n552244,darpa_trace:n2315,type_0,type_4,rel_5,1,1,0,1,train:window_39,1,834711.0
3915.0,darpa_trace:n552495,darpa_trace:n2717,type_1,type_0,rel_0,0,0,0,0,train:window_39,0,834905.0
3916.0,darpa_trace:n552682,darpa_trace:n167800,type_1,type_0,rel_0,0,0,0,0,train:window_39,0,835040.0
3917.0,darpa_trace:n552939,darpa_trace:n2707,type_1,type_0,rel_0,0,0,0,0,train:window_39,0,835226.0
3918.0,darpa_trace:n553456,darpa_trace:n1019,type_1,type_0,rel_0,0,0,0,0,train:window_39,0,835594.0
3919.0,darpa_trace:n553500,darpa_trace:n2669,type_1,type_0,rel_0,0,0,0,0,train:window_39,0,835630.0
3920.0,darpa_trace:n554560,darpa_trace:n426823,type_1,type_0,rel_0,0,0,0,0,train:window_39,0,836391.0
3921.0,darpa_trace:n555503,darpa_trace:n426823,type_1,type_0,rel_0,0,0,0,0,train:window_39,0,837071.0
3922.0,darpa_trace:n556263,darpa_trace:n2315,type_0,type_4,rel_5,1,1,0,1,train:window_39,1,837618.0
3923.0,darpa_trace:n556610,darpa_trace:n2315,type_0,type_4,rel_5,1,1,0,1,train:window_39,1,838074.0
3924.0,darpa_trace:n556694,darpa_trace:n2315,type_0,type_4,rel_5,1,1,0,1,train:window_39,1,838178.0
3925.0,darpa_trace:n556694,darpa_trace:n2379,type_0,type_4,rel_5,1,1,0,1,train:window_39,1,838180.0
3926.0,darpa_trace:n556724,darpa_trace:n2379,type_0,type_4,rel_5,1,1,0,1,train:window_39,1,838222.0
3927.0,darpa_trace:n556724,darpa_trace:n556735,type_0,type_5,rel_6,0,0,0,0,train:window_39,0,838232.0
3928.0,darpa_trace:n556751,darpa_trace:n556757,type_0,type_5,rel_6,0,0,0,0,train:window_39,0,838270.0
3929.0,darpa_trace:n556795,darpa_trace:n2379,type_0,type_4,rel_5,1,1,0,1,train:window_39,1,838322.0
3930.0,darpa_trace:n557084,darpa_trace:n557124,type_0,type_5,rel_11,0,0,0,0,train:window_39,0,838810.0
3931.0,darpa_trace:n557146,darpa_trace:n2379,type_0,type_4,rel_5,1,1,0,1,train:window_39,1,838862.0
3932.0,darpa_trace:n557146,darpa_trace:n557164,type_0,type_5,rel_6,0,0,0,0,train:window_39,0,838875.0
3933.0,darpa_trace:n557193,darpa_trace:n167800,type_1,type_0,rel_0,0,0,0,0,train:window_39,0,838921.0
3934.0,darpa_trace:n557207,darpa_trace:n2379,type_0,type_4,rel_5,1,1,0,1,train:window_39,1,838943.0
3935.0,darpa_trace:n557223,darpa_trace:n3512,type_0,type_4,rel_5,0,0,0,0,train:window_39,0,839034.0
3936.0,darpa_trace:n557312,darpa_trace:n2379,type_0,type_4,rel_5,1,1,0,1,train:window_39,1,839144.0
3937.0,darpa_trace:n557371,darpa_trace:n557381,type_0,type_5,rel_11,0,0,0,0,train:window_39,0,839240.0
3938.0,darpa_trace:n557395,darpa_trace:n557395,type_0,type_0,rel_3,0,0,0,0,train:window_39,0,839289.0
3939.0,darpa_trace:n557499,darpa_trace:n2315,type_0,type_4,rel_5,1,1,0,1,train:window_39,1,839430.0
3940.0,darpa_trace:n557499,darpa_trace:n3067,type_0,type_4,rel_5,0,0,0,0,train:window_39,0,839505.0
3941.0,darpa_trace:n557591,darpa_trace:n3070,type_0,type_4,rel_5,0,0,0,0,train:window_39,0,839645.0
3942.0,darpa_trace:n557746,darpa_trace:n2389,type_0,type_4,rel_5,0,0,0,0,train:window_39,0,839816.0
3943.0,darpa_trace:n557838,darpa_trace:n2379,type_0,type_4,rel_5,1,1,0,1,train:window_39,1,839944.0
3944.0,darpa_trace:n557867,darpa_trace:n2315,type_0,type_4,rel_5,1,1,0,1,train:window_39,1,839977.0
3945.0,darpa_trace:n557899,darpa_trace:n2315,type_0,type_4,rel_5,1,1,0,1,train:window_39,1,840027.0
3946.0,darpa_trace:n557994,darpa_trace:n2379,type_0,type_4,rel_5,1,1,0,1,train:window_39,1,840181.0
3947.0,darpa_trace:n558072,darpa_trace:n2315,type_0,type_4,rel_5,1,1,0,1,train:window_39,1,840273.0
3948.0,darpa_trace:n558537,darpa_trace:n2398,type_0,type_4,rel_5,1,1,0,1,train:window_39,1,840980.0
3949.0,darpa_trace:n558537,darpa_trace:n558662,type_0,type_5,rel_6,0,0,0,0,train:window_39,0,841084.0
3950.0,darpa_trace:n558537,darpa_trace:n4736,type_0,type_4,rel_5,0,0,0,0,train:window_39,0,841125.0
3951.0,darpa_trace:n558538,darpa_trace:n558547,type_0,type_5,rel_11,0,0,0,0,train:window_39,0,841205.0
3952.0,darpa_trace:n558785,darpa_trace:n558794,type_0,type_5,rel_11,0,0,0,0,train:window_39,0,841256.0
3953.0,darpa_trace:n559300,darpa_trace:n181,type_1,type_0,rel_0,0,0,0,0,train:window_39,0,841647.0
3954.0,darpa_trace:n559397,darpa_trace:n426823,type_1,type_0,rel_0,0,0,0,0,train:window_39,0,841717.0
3955.0,darpa_trace:n559693,darpa_trace:n426823,type_1,type_0,rel_0,0,0,0,0,train:window_39,0,841928.0
3956.0,darpa_trace:n560829,darpa_trace:n167800,type_1,type_0,rel_0,0,0,0,0,train:window_39,0,842692.0
3957.0,darpa_trace:n561030,darpa_trace:n2338,type_0,type_4,rel_5,0,0,0,0,train:window_39,0,842861.0
3958.0,darpa_trace:n561030,darpa_trace:n561131,type_0,type_5,rel_11,0,0,0,0,train:window_39,0,842961.0
3959.0,darpa_trace:n561514,darpa_trace:n2669,type_1,type_0,rel_0,0,0,0,0,train:window_39,0,843423.0
3960.0,darpa_trace:n561528,darpa_trace:n561544,type_0,type_5,rel_6,0,0,0,0,train:window_39,0,843462.0
3961.0,darpa_trace:n561550,darpa_trace:n2379,type_0,type_4,rel_5,1,1,0,1,train:window_39,1,843477.0
3962.0,darpa_trace:n561683,darpa_trace:n561683,type_0,type_0,rel_3,0,0,0,0,train:window_39,0,843736.0
3963.0,darpa_trace:n562080,darpa_trace:n2315,type_0,type_4,rel_5,1,1,0,1,train:window_39,1,844237.0
3964.0,darpa_trace:n562098,darpa_trace:n2315,type_0,type_4,rel_5,1,1,0,1,train:window_39,1,844417.0
3965.0,darpa_trace:n562187,darpa_trace:n2379,type_0,type_4,rel_5,1,1,0,1,train:window_39,1,844441.0
3966.0,darpa_trace:n562268,darpa_trace:n562557,type_0,type_0,rel_13,0,0,0,0,train:window_39,0,844575.0
3967.0,darpa_trace:n562466,darpa_trace:n3033,type_0,type_4,rel_5,0,0,0,0,train:window_39,0,844904.0
3968.0,darpa_trace:n562466,darpa_trace:n3042,type_0,type_4,rel_5,0,0,0,0,train:window_39,0,844913.0
3969.0,darpa_trace:n562466,darpa_trace:n3073,type_0,type_4,rel_5,0,0,0,0,train:window_39,0,844945.0
3970.0,darpa_trace:n562528,darpa_trace:n2315,type_0,type_4,rel_5,1,1,0,1,train:window_39,1,844959.0
3971.0,darpa_trace:n562528,darpa_trace:n2394,type_0,type_4,rel_5,0,0,0,0,train:window_39,0,844972.0
3972.0,darpa_trace:n562870,darpa_trace:n2379,type_0,type_4,rel_5,1,1,0,1,train:window_39,1,845479.0
3973.0,darpa_trace:n562924,darpa_trace:n2379,type_0,type_4,rel_5,1,1,0,1,train:window_39,1,845541.0
3974.0,darpa_trace:n562936,darpa_trace:n562947,type_0,type_0,rel_10,0,0,0,0,train:window_39,0,845569.0
3975.0,darpa_trace:n562947,darpa_trace:n2379,type_0,type_4,rel_5,1,1,0,1,train:window_39,1,845572.0
3976.0,darpa_trace:n562960,darpa_trace:n562961,type_0,type_5,rel_6,0,0,0,0,train:window_39,0,845588.0
3977.0,darpa_trace:n563320,darpa_trace:n2315,type_0,type_4,rel_5,1,1,0,1,train:window_39,1,846117.0
3978.0,darpa_trace:n563372,darpa_trace:n2379,type_0,type_4,rel_5,1,1,0,1,train:window_39,1,846204.0
3979.0,darpa_trace:n563412,darpa_trace:n563499,type_0,type_5,rel_6,0,0,0,0,train:window_39,0,846343.0
3980.0,darpa_trace:n563412,darpa_trace:n2418,type_0,type_4,rel_5,0,0,0,0,train:window_39,0,846391.0
3981.0,darpa_trace:n563662,darpa_trace:n285077,type_0,type_7,rel_5,0,0,0,0,train:window_39,0,847531.0
3982.0,darpa_trace:n563662,darpa_trace:n564581,type_0,type_4,rel_17,0,0,0,0,train:window_39,0,847822.0
3983.0,darpa_trace:n563662,darpa_trace:n285180,type_0,type_7,rel_5,0,0,0,0,train:window_39,0,847860.0
3984.0,darpa_trace:n564747,darpa_trace:n564763,type_0,type_5,rel_11,0,0,0,0,train:window_39,0,848069.0
3985.0,darpa_trace:n564821,darpa_trace:n564868,type_0,type_5,rel_11,0,0,0,0,train:window_39,0,848179.0
3986.0,darpa_trace:n565516,darpa_trace:n426823,type_1,type_0,rel_0,0,0,0,0,train:window_39,0,848702.0
3987.0,darpa_trace:n565665,darpa_trace:n167800,type_1,type_0,rel_0,0,0,0,0,train:window_39,0,848809.0
3988.0,darpa_trace:n565673,darpa_trace:n5164,type_1,type_0,rel_0,0,0,0,0,train:window_39,0,848815.0
3989.0,darpa_trace:n566205,darpa_trace:n167800,type_1,type_0,rel_0,0,0,0,0,train:window_39,0,849200.0
3990.0,darpa_trace:n566471,darpa_trace:n2703,type_1,type_0,rel_0,0,0,0,0,train:window_39,0,849393.0
3991.0,darpa_trace:n566482,darpa_trace:n2700,type_1,type_0,rel_0,0,0,0,0,train:window_39,0,849403.0
3992.0,darpa_trace:n566660,darpa_trace:n167800,type_1,type_0,rel_0,0,0,0,0,train:window_39,0,849525.0
3993.0,darpa_trace:n567200,darpa_trace:n567246,type_0,type_5,rel_6,0,0,0,0,train:window_39,0,849972.0
3994.0,darpa_trace:n567200,darpa_trace:n2553,type_0,type_4,rel_5,0,0,0,0,train:window_39,0,850149.0
3995.0,darpa_trace:n567200,darpa_trace:n569031,type_0,type_6,rel_16,0,0,0,0,train:window_39,0,850257.0
3996.0,darpa_trace:n567688,darpa_trace:n2315,type_0,type_4,rel_5,1,1,0,1,train:window_39,1,850559.0
3997.0,darpa_trace:n567721,darpa_trace:n2315,type_0,type_4,rel_5,1,1,0,1,train:window_39,1,850602.0
3998.0,darpa_trace:n567928,darpa_trace:n2379,type_0,type_4,rel_5,1,1,0,1,train:window_39,1,850940.0
3999.0,darpa_trace:n567992,darpa_trace:n2315,type_0,type_4,rel_5,1,1,0,1,train:window_39,1,851014.0
4000.0,darpa_trace:n567992,darpa_trace:n2379,type_0,type_4,rel_5,1,1,0,1,train:window_39,1,851022.0
4001.0,darpa_trace:n568279,darpa_trace:n2332,type_0,type_4,rel_5,0,0,0,0,validation:window_0,0,851488.0
4002.0,darpa_trace:n568308,darpa_trace:n2315,type_0,type_4,rel_5,1,1,0,1,validation:window_0,1,851525.0
4003.0,darpa_trace:n568321,darpa_trace:n2379,type_0,type_4,rel_5,1,1,0,1,validation:window_0,1,851544.0
4004.0,darpa_trace:n568332,darpa_trace:n2315,type_0,type_4,rel_5,1,1,0,1,validation:window_0,1,851556.0
4005.0,darpa_trace:n568345,darpa_trace:n2315,type_0,type_4,rel_5,1,1,0,1,validation:window_0,1,851590.0
4006.0,darpa_trace:n568410,darpa_trace:n2315,type_0,type_4,rel_5,1,1,0,1,validation:window_0,1,851687.0
4007.0,darpa_trace:n568410,darpa_trace:n2379,type_0,type_4,rel_5,1,1,0,1,validation:window_0,1,851695.0
4008.0,darpa_trace:n568501,darpa_trace:n2315,type_0,type_4,rel_5,1,1,0,1,validation:window_0,1,851823.0
4009.0,darpa_trace:n568530,darpa_trace:n2379,type_0,type_4,rel_5,1,1,0,1,validation:window_0,1,851886.0
4010.0,darpa_trace:n568530,darpa_trace:n568583,type_0,type_5,rel_6,0,0,0,0,validation:window_0,0,851928.0
4011.0,darpa_trace:n568592,darpa_trace:n568612,type_0,type_5,rel_6,0,0,0,0,validation:window_0,0,851982.0
4012.0,darpa_trace:n568686,darpa_trace:n2379,type_0,type_4,rel_5,1,1,0,1,validation:window_0,1,852105.0
4013.0,darpa_trace:n568777,darpa_trace:n2379,type_0,type_4,rel_5,1,1,0,1,validation:window_0,1,852241.0
4014.0,darpa_trace:n568853,darpa_trace:n2315,type_0,type_4,rel_5,1,1,0,1,validation:window_0,1,852345.0
4015.0,darpa_trace:n568865,darpa_trace:n2315,type_0,type_4,rel_5,1,1,0,1,validation:window_0,1,852363.0
4016.0,darpa_trace:n568888,darpa_trace:n2315,type_0,type_4,rel_5,1,1,0,1,validation:window_0,1,852394.0
4017.0,darpa_trace:n568901,darpa_trace:n2315,type_0,type_4,rel_5,1,1,0,1,validation:window_0,1,852419.0
4018.0,darpa_trace:n568932,darpa_trace:n568939,type_0,type_5,rel_11,0,0,0,0,validation:window_0,0,852472.0
4019.0,darpa_trace:n568932,darpa_trace:n2379,type_0,type_4,rel_5,1,1,0,1,validation:window_0,1,852478.0
4020.0,darpa_trace:n568959,darpa_trace:n2379,type_0,type_4,rel_5,1,1,0,1,validation:window_0,1,852500.0
4021.0,darpa_trace:n568973,darpa_trace:n2315,type_0,type_4,rel_5,1,1,0,1,validation:window_0,1,852519.0
4022.0,darpa_trace:n568973,darpa_trace:n2379,type_0,type_4,rel_5,1,1,0,1,validation:window_0,1,852521.0
4023.0,darpa_trace:n569009,darpa_trace:n2379,type_0,type_4,rel_5,1,1,0,1,validation:window_0,1,852571.0
4024.0,darpa_trace:n569144,darpa_trace:n569143,type_0,type_8,rel_8,0,0,0,0,validation:window_0,0,852798.0
4025.0,darpa_trace:n569145,darpa_trace:n2315,type_0,type_4,rel_5,1,1,0,1,validation:window_0,1,852800.0
4026.0,darpa_trace:n569145,darpa_trace:n2379,type_0,type_4,rel_5,1,1,0,1,validation:window_0,1,852848.0
4027.0,darpa_trace:n569145,darpa_trace:n569145,type_0,type_0,rel_3,0,0,0,0,validation:window_0,0,853057.0
4028.0,darpa_trace:n569146,darpa_trace:n2315,type_0,type_4,rel_5,1,1,0,1,validation:window_0,1,853058.0
4029.0,darpa_trace:n569374,darpa_trace:n2315,type_0,type_4,rel_5,1,1,0,1,validation:window_0,1,853092.0
4030.0,darpa_trace:n569374,darpa_trace:n2379,type_0,type_4,rel_5,1,1,0,1,validation:window_0,1,853094.0
4031.0,darpa_trace:n569387,darpa_trace:n2315,type_0,type_4,rel_5,1,1,0,1,validation:window_0,1,853115.0
4032.0,darpa_trace:n569403,darpa_trace:n569400,type_8,type_0,rel_2,0,0,0,0,validation:window_0,0,853141.0
4033.0,darpa_trace:n569404,darpa_trace:n2379,type_0,type_4,rel_5,1,1,0,1,validation:window_0,1,853144.0
4034.0,darpa_trace:n569420,darpa_trace:n2315,type_0,type_4,rel_5,1,1,0,1,validation:window_0,1,853165.0
4035.0,darpa_trace:n569437,darpa_trace:n2315,type_0,type_4,rel_5,1,1,0,1,validation:window_0,1,853189.0
4036.0,darpa_trace:n569477,darpa_trace:n2398,type_0,type_4,rel_5,1,1,0,1,validation:window_0,1,853285.0
4037.0,darpa_trace:n569477,darpa_trace:n2379,type_0,type_4,rel_5,1,1,0,1,validation:window_0,1,853295.0
4038.0,darpa_trace:n569532,darpa_trace:n2379,type_0,type_4,rel_5,1,1,0,1,validation:window_0,1,853508.0
4039.0,darpa_trace:n569764,darpa_trace:n2315,type_0,type_4,rel_5,1,1,0,1,validation:window_0,1,853592.0
4040.0,darpa_trace:n569848,darpa_trace:n2379,type_0,type_4,rel_5,1,1,0,1,validation:window_0,1,853692.0
4041.0,darpa_trace:n569885,darpa_trace:n2315,type_0,type_4,rel_5,1,1,0,1,validation:window_0,1,853727.0
4042.0,darpa_trace:n569931,darpa_trace:n2691,type_1,type_0,rel_0,0,0,0,0,validation:window_0,0,853769.0
4043.0,darpa_trace:n570674,darpa_trace:n426823,type_1,type_0,rel_0,0,0,0,0,validation:window_0,0,854307.0
4044.0,darpa_trace:n571036,darpa_trace:n426823,type_1,type_0,rel_0,0,0,0,0,validation:window_0,0,854566.0
4045.0,darpa_trace:n571125,darpa_trace:n167800,type_1,type_0,rel_0,0,0,0,0,validation:window_0,0,854629.0
4046.0,darpa_trace:n571251,darpa_trace:n18,type_3,type_0,rel_0,0,0,0,0,validation:window_0,0,854721.0
4047.0,darpa_trace:n571384,darpa_trace:n2315,type_0,type_4,rel_5,1,1,0,1,validation:window_0,1,854818.0
4048.0,darpa_trace:n571384,darpa_trace:n571407,type_0,type_5,rel_11,0,0,0,0,validation:window_0,0,854847.0
4049.0,darpa_trace:n571384,darpa_trace:n2398,type_0,type_4,rel_5,1,1,0,1,validation:window_0,1,854901.0
4050.0,darpa_trace:n571384,darpa_trace:n2647,type_0,type_4,rel_5,0,0,0,0,validation:window_0,0,855132.0
4051.0,darpa_trace:n571781,darpa_trace:n2315,type_0,type_4,rel_5,1,1,0,1,validation:window_0,1,855325.0
4052.0,darpa_trace:n571801,darpa_trace:n2315,type_0,type_4,rel_5,1,1,0,1,validation:window_0,1,855352.0
4053.0,darpa_trace:n571801,darpa_trace:n571809,type_0,type_5,rel_6,0,0,0,0,validation:window_0,0,855359.0
4054.0,darpa_trace:n571801,darpa_trace:n571766,type_0,type_4,rel_7,0,0,0,0,validation:window_0,0,855372.0
4055.0,darpa_trace:n571816,darpa_trace:n2315,type_0,type_4,rel_5,1,1,0,1,validation:window_0,1,855379.0
4056.0,darpa_trace:n571844,darpa_trace:n2379,type_0,type_4,rel_5,1,1,0,1,validation:window_0,1,855421.0
4057.0,darpa_trace:n571857,darpa_trace:n2379,type_0,type_4,rel_5,1,1,0,1,validation:window_0,1,855438.0
4058.0,darpa_trace:n571871,darpa_trace:n2315,type_0,type_4,rel_5,1,1,0,1,validation:window_0,1,855462.0
4059.0,darpa_trace:n571872,darpa_trace:n2315,type_0,type_4,rel_5,1,1,0,1,validation:window_0,1,855478.0
4060.0,darpa_trace:n571872,darpa_trace:n2379,type_0,type_4,rel_5,1,1,0,1,validation:window_0,1,855489.0
4061.0,darpa_trace:n571904,darpa_trace:n2379,type_0,type_4,rel_5,1,1,0,1,validation:window_0,1,855507.0
4062.0,darpa_trace:n571928,darpa_trace:n2315,type_0,type_4,rel_5,1,1,0,1,validation:window_0,1,855548.0
4063.0,darpa_trace:n571928,darpa_trace:n2379,type_0,type_4,rel_5,1,1,0,1,validation:window_0,1,855570.0
4064.0,darpa_trace:n571990,darpa_trace:n2315,type_0,type_4,rel_5,1,1,0,1,validation:window_0,1,855643.0
4065.0,darpa_trace:n571990,darpa_trace:n2379,type_0,type_4,rel_5,1,1,0,1,validation:window_0,1,855651.0
4066.0,darpa_trace:n571990,darpa_trace:n572002,type_0,type_5,rel_11,0,0,0,0,validation:window_0,0,855658.0
4067.0,darpa_trace:n572020,darpa_trace:n2315,type_0,type_4,rel_5,1,1,0,1,validation:window_0,1,855685.0
4068.0,darpa_trace:n572082,darpa_trace:n2315,type_0,type_4,rel_5,1,1,0,1,validation:window_0,1,855780.0
4069.0,darpa_trace:n572082,darpa_trace:n2379,type_0,type_4,rel_5,1,1,0,1,validation:window_0,1,855788.0
4070.0,darpa_trace:n572111,darpa_trace:n2379,type_0,type_4,rel_5,1,1,0,1,validation:window_0,1,855843.0
4071.0,darpa_trace:n572204,darpa_trace:n2379,type_0,type_4,rel_5,1,1,0,1,validation:window_0,1,855980.0
4072.0,darpa_trace:n572296,darpa_trace:n2315,type_0,type_4,rel_5,1,1,0,1,validation:window_0,1,856095.0
4073.0,darpa_trace:n572296,darpa_trace:n2379,type_0,type_4,rel_5,1,1,0,1,validation:window_0,1,856102.0
4074.0,darpa_trace:n572313,darpa_trace:n2379,type_0,type_4,rel_5,1,1,0,1,validation:window_0,1,856124.0
4075.0,darpa_trace:n572325,darpa_trace:n2379,type_0,type_4,rel_5,1,1,0,1,validation:window_0,1,856141.0
4076.0,darpa_trace:n572341,darpa_trace:n2379,type_0,type_4,rel_5,1,1,0,1,validation:window_0,1,856175.0
4077.0,darpa_trace:n572342,darpa_trace:n2379,type_0,type_4,rel_5,1,1,0,1,validation:window_0,1,856321.0
4078.0,darpa_trace:n572446,darpa_trace:n2315,type_0,type_4,rel_5,1,1,0,1,validation:window_0,1,856367.0
4079.0,darpa_trace:n572459,darpa_trace:n572433,type_8,type_0,rel_2,0,0,0,0,validation:window_0,0,856387.0
4080.0,darpa_trace:n572460,darpa_trace:n2315,type_0,type_4,rel_5,1,1,0,1,validation:window_0,1,856388.0
4081.0,darpa_trace:n572489,darpa_trace:n2315,type_0,type_4,rel_5,1,1,0,1,validation:window_0,1,856427.0
4082.0,darpa_trace:n572489,darpa_trace:n2379,type_0,type_4,rel_5,1,1,0,1,validation:window_0,1,856429.0
4083.0,darpa_trace:n572502,darpa_trace:n2315,type_0,type_4,rel_5,1,1,0,1,validation:window_0,1,856444.0
4084.0,darpa_trace:n572502,darpa_trace:n3663,type_0,type_4,rel_5,0,0,0,0,validation:window_0,0,856456.0
4085.0,darpa_trace:n572526,darpa_trace:n2315,type_0,type_4,rel_5,1,1,0,1,validation:window_0,1,856492.0
4086.0,darpa_trace:n572526,darpa_trace:n2379,type_0,type_4,rel_5,1,1,0,1,validation:window_0,1,856514.0
4087.0,darpa_trace:n572588,darpa_trace:n2315,type_0,type_4,rel_5,1,1,0,1,validation:window_0,1,856587.0
4088.0,darpa_trace:n572588,darpa_trace:n572598,type_0,type_5,rel_6,0,0,0,0,validation:window_0,0,856599.0
4089.0,darpa_trace:n572682,darpa_trace:n2315,type_0,type_4,rel_5,1,1,0,1,validation:window_0,1,856725.0
4090.0,darpa_trace:n572682,darpa_trace:n572688,type_0,type_5,rel_6,0,0,0,0,validation:window_0,0,856732.0
4091.0,darpa_trace:n572682,darpa_trace:n2379,type_0,type_4,rel_5,1,1,0,1,validation:window_0,1,856733.0
4092.0,darpa_trace:n572682,darpa_trace:n572696,type_0,type_5,rel_6,0,0,0,0,validation:window_0,0,856743.0
4093.0,darpa_trace:n572711,darpa_trace:n2315,type_0,type_4,rel_5,1,1,0,1,validation:window_0,1,856766.0
4094.0,darpa_trace:n572711,darpa_trace:n572765,type_0,type_5,rel_11,0,0,0,0,validation:window_0,0,856831.0
4095.0,darpa_trace:n572773,darpa_trace:n2379,type_0,type_4,rel_5,1,1,0,1,validation:window_0,1,856869.0
4096.0,darpa_trace:n572893,darpa_trace:n572919,type_0,type_5,rel_6,0,0,0,0,validation:window_0,0,857070.0
4097.0,darpa_trace:n572893,darpa_trace:n572893,type_0,type_0,rel_3,0,0,0,0,validation:window_0,0,857128.0
4098.0,darpa_trace:n572956,darpa_trace:n2315,type_0,type_4,rel_5,1,1,0,1,validation:window_0,1,857134.0
4099.0,darpa_trace:n572985,darpa_trace:n2379,type_0,type_4,rel_5,1,1,0,1,validation:window_0,1,857182.0
4100.0,darpa_trace:n573006,darpa_trace:n2379,type_0,type_4,rel_5,1,1,0,1,validation:window_0,1,857211.0
4101.0,darpa_trace:n573019,darpa_trace:n2315,type_0,type_4,rel_5,1,1,0,1,validation:window_1,1,857226.0
4102.0,darpa_trace:n573019,darpa_trace:n2379,type_0,type_4,rel_5,1,1,0,1,validation:window_1,1,857228.0
4103.0,darpa_trace:n573033,darpa_trace:n2315,type_0,type_4,rel_5,1,1,0,1,validation:window_1,1,857246.0
4104.0,darpa_trace:n573045,darpa_trace:n573051,type_0,type_5,rel_6,0,0,0,0,validation:window_1,0,857271.0
4105.0,darpa_trace:n573057,darpa_trace:n2315,type_0,type_4,rel_5,1,1,0,1,validation:window_1,1,857281.0
4106.0,darpa_trace:n573068,darpa_trace:n2315,type_0,type_4,rel_5,1,1,0,1,validation:window_1,1,857295.0
4107.0,darpa_trace:n573081,darpa_trace:n2315,type_0,type_4,rel_5,1,1,0,1,validation:window_1,1,857320.0
4108.0,darpa_trace:n573112,darpa_trace:n2379,type_0,type_4,rel_5,1,1,0,1,validation:window_1,1,857379.0
4109.0,darpa_trace:n573139,darpa_trace:n2315,type_0,type_4,rel_5,1,1,0,1,validation:window_1,1,857399.0
4110.0,darpa_trace:n573153,darpa_trace:n573160,type_0,type_5,rel_6,0,0,0,0,validation:window_1,0,857428.0
4111.0,darpa_trace:n573167,darpa_trace:n2315,type_0,type_4,rel_5,1,1,0,1,validation:window_1,1,857440.0
4112.0,darpa_trace:n573179,darpa_trace:n2379,type_0,type_4,rel_5,1,1,0,1,validation:window_1,1,857459.0
4113.0,darpa_trace:n573235,darpa_trace:n2315,type_0,type_4,rel_5,1,1,0,1,validation:window_1,1,857524.0
4114.0,darpa_trace:n573282,darpa_trace:n2379,type_0,type_4,rel_5,1,1,0,1,validation:window_1,1,857644.0
4115.0,darpa_trace:n573323,darpa_trace:n2398,type_0,type_4,rel_5,1,1,0,1,validation:window_1,1,857728.0
4116.0,darpa_trace:n573323,darpa_trace:n2379,type_0,type_4,rel_5,1,1,0,1,validation:window_1,1,857738.0
4117.0,darpa_trace:n573323,darpa_trace:n4802,type_0,type_7,rel_5,0,0,0,0,validation:window_1,0,857944.0
4118.0,darpa_trace:n573324,darpa_trace:n2379,type_0,type_4,rel_5,1,1,0,1,validation:window_1,1,857950.0
4119.0,darpa_trace:n573567,darpa_trace:n2315,type_0,type_4,rel_5,1,1,0,1,validation:window_1,1,858006.0
4120.0,darpa_trace:n573600,darpa_trace:n2315,type_0,type_4,rel_5,1,1,0,1,validation:window_1,1,858056.0
4121.0,darpa_trace:n573617,darpa_trace:n2315,type_0,type_4,rel_5,1,1,0,1,validation:window_1,1,858080.0
4122.0,darpa_trace:n573657,darpa_trace:n2398,type_0,type_4,rel_5,1,1,0,1,validation:window_1,1,858176.0
4123.0,darpa_trace:n573657,darpa_trace:n573777,type_0,type_5,rel_11,0,0,0,0,validation:window_1,0,858271.0
4124.0,darpa_trace:n573657,darpa_trace:n573847,type_0,type_5,rel_11,0,0,0,0,validation:window_1,0,858353.0
4125.0,darpa_trace:n574120,darpa_trace:n426823,type_1,type_0,rel_0,0,0,0,0,validation:window_1,0,858609.0
4126.0,darpa_trace:n574420,darpa_trace:n426823,type_1,type_0,rel_0,0,0,0,0,validation:window_1,0,858823.0
4127.0,darpa_trace:n574451,darpa_trace:n2707,type_1,type_0,rel_0,0,0,0,0,validation:window_1,0,858846.0
4128.0,darpa_trace:n575117,darpa_trace:n426823,type_1,type_0,rel_0,0,0,0,0,validation:window_1,0,859328.0
4129.0,darpa_trace:n575283,darpa_trace:n426823,type_1,type_0,rel_0,0,0,0,0,validation:window_1,0,859447.0
4130.0,darpa_trace:n575562,darpa_trace:n167800,type_1,type_0,rel_0,0,0,0,0,validation:window_1,0,859647.0
4131.0,darpa_trace:n575682,darpa_trace:n426823,type_1,type_0,rel_0,0,0,0,0,validation:window_1,0,859733.0
4132.0,darpa_trace:n575921,darpa_trace:n426823,type_1,type_0,rel_0,0,0,0,0,validation:window_1,0,859904.0
4133.0,darpa_trace:n576707,darpa_trace:n426823,type_1,type_0,rel_0,0,0,0,0,validation:window_1,0,860465.0
4134.0,darpa_trace:n576735,darpa_trace:n426823,type_1,type_0,rel_0,0,0,0,0,validation:window_1,0,860485.0
4135.0,darpa_trace:n576749,darpa_trace:n167800,type_1,type_0,rel_0,0,0,0,0,validation:window_1,0,860495.0
4136.0,darpa_trace:n577883,darpa_trace:n426823,type_1,type_0,rel_0,0,0,0,0,validation:window_1,0,861268.0
4137.0,darpa_trace:n578600,darpa_trace:n167800,type_1,type_0,rel_0,0,0,0,0,validation:window_1,0,861783.0
4138.0,darpa_trace:n578618,darpa_trace:n167800,type_1,type_0,rel_0,0,0,0,0,validation:window_1,0,861796.0
4139.0,darpa_trace:n578677,darpa_trace:n167800,type_1,type_0,rel_0,0,0,0,0,validation:window_1,0,861838.0
4140.0,darpa_trace:n579561,darpa_trace:n167800,type_1,type_0,rel_0,0,0,0,0,validation:window_1,0,862469.0
4141.0,darpa_trace:n579846,darpa_trace:n167800,type_1,type_0,rel_0,0,0,0,0,validation:window_1,0,862674.0
4142.0,darpa_trace:n579947,darpa_trace:n426823,type_1,type_0,rel_0,0,0,0,0,validation:window_1,0,862748.0
4143.0,darpa_trace:n580346,darpa_trace:n167800,type_1,type_0,rel_0,0,0,0,0,validation:window_1,0,863034.0
4144.0,darpa_trace:n580446,darpa_trace:n426823,type_1,type_0,rel_0,0,0,0,0,validation:window_1,0,863107.0
4145.0,darpa_trace:n582761,darpa_trace:n426823,type_1,type_0,rel_0,0,0,0,0,validation:window_1,0,864773.0
4146.0,darpa_trace:n582796,darpa_trace:n426823,type_1,type_0,rel_0,0,0,0,0,validation:window_1,0,864798.0
4147.0,darpa_trace:n584046,darpa_trace:n168820,type_1,type_0,rel_0,0,0,0,0,validation:window_1,0,865657.0
4148.0,darpa_trace:n585117,darpa_trace:n426823,type_1,type_0,rel_0,0,0,0,0,validation:window_1,0,866415.0
4149.0,darpa_trace:n585253,darpa_trace:n167800,type_1,type_0,rel_0,0,0,0,0,validation:window_1,0,866512.0
4150.0,darpa_trace:n586453,darpa_trace:n426823,type_1,type_0,rel_0,0,0,0,0,validation:window_1,0,867372.0
4151.0,darpa_trace:n586584,darpa_trace:n426823,type_1,type_0,rel_0,0,0,0,0,validation:window_1,0,867466.0
4152.0,darpa_trace:n587031,darpa_trace:n426823,type_1,type_0,rel_0,0,0,0,0,validation:window_1,0,867785.0
4153.0,darpa_trace:n588023,darpa_trace:n426823,type_1,type_0,rel_0,0,0,0,0,validation:window_1,0,868498.0
4154.0,darpa_trace:n588389,darpa_trace:n167800,type_1,type_0,rel_0,0,0,0,0,validation:window_1,0,868761.0
4155.0,darpa_trace:n588654,darpa_trace:n426823,type_1,type_0,rel_0,0,0,0,0,validation:window_1,0,868950.0
4156.0,darpa_trace:n588689,darpa_trace:n426823,type_1,type_0,rel_0,0,0,0,0,validation:window_1,0,868975.0
4157.0,darpa_trace:n589078,darpa_trace:n426823,type_1,type_0,rel_0,0,0,0,0,validation:window_1,0,869253.0
4158.0,darpa_trace:n589246,darpa_trace:n426823,type_1,type_0,rel_0,0,0,0,0,validation:window_1,0,869373.0
4159.0,darpa_trace:n589306,darpa_trace:n426823,type_1,type_0,rel_0,0,0,0,0,validation:window_1,0,869416.0
4160.0,darpa_trace:n589381,darpa_trace:n167800,type_1,type_0,rel_0,0,0,0,0,validation:window_1,0,869469.0
4161.0,darpa_trace:n589504,darpa_trace:n426823,type_1,type_0,rel_0,0,0,0,0,validation:window_1,0,869557.0
4162.0,darpa_trace:n590227,darpa_trace:n167800,type_1,type_0,rel_0,0,0,0,0,validation:window_1,0,870075.0
4163.0,darpa_trace:n590239,darpa_trace:n167800,type_1,type_0,rel_0,0,0,0,0,validation:window_1,0,870084.0
4164.0,darpa_trace:n590854,darpa_trace:n168820,type_1,type_0,rel_0,0,0,0,0,validation:window_1,0,870509.0
4165.0,darpa_trace:n591181,darpa_trace:n426823,type_1,type_0,rel_0,0,0,0,0,validation:window_1,0,870716.0
4166.0,darpa_trace:n591248,darpa_trace:n167800,type_1,type_0,rel_0,0,0,0,0,validation:window_1,0,870764.0
4167.0,darpa_trace:n591469,darpa_trace:n426823,type_1,type_0,rel_0,0,0,0,0,validation:window_1,0,870923.0
4168.0,darpa_trace:n591854,darpa_trace:n426823,type_1,type_0,rel_0,0,0,0,0,validation:window_1,0,871200.0
4169.0,darpa_trace:n591878,darpa_trace:n426823,type_1,type_0,rel_0,0,0,0,0,validation:window_1,0,871217.0
4170.0,darpa_trace:n592042,darpa_trace:n426823,type_1,type_0,rel_0,0,0,0,0,validation:window_1,0,871334.0
4171.0,darpa_trace:n593525,darpa_trace:n426823,type_1,type_0,rel_0,0,0,0,0,validation:window_1,0,872395.0
4172.0,darpa_trace:n593860,darpa_trace:n426823,type_1,type_0,rel_0,0,0,0,0,validation:window_1,0,872637.0
4173.0,darpa_trace:n594185,darpa_trace:n426823,type_1,type_0,rel_0,0,0,0,0,validation:window_1,0,872871.0
4174.0,darpa_trace:n594302,darpa_trace:n426823,type_1,type_0,rel_0,0,0,0,0,validation:window_1,0,872955.0
4175.0,darpa_trace:n594523,darpa_trace:n167800,type_1,type_0,rel_0,0,0,0,0,validation:window_1,0,873113.0
4176.0,darpa_trace:n595397,darpa_trace:n426823,type_1,type_0,rel_0,0,0,0,0,validation:window_1,0,873744.0
4177.0,darpa_trace:n595539,darpa_trace:n167800,type_1,type_0,rel_0,0,0,0,0,validation:window_1,0,873847.0
4178.0,darpa_trace:n596146,darpa_trace:n167800,type_1,type_0,rel_0,0,0,0,0,validation:window_1,0,874282.0
4179.0,darpa_trace:n596209,darpa_trace:n426823,type_1,type_0,rel_0,0,0,0,0,validation:window_1,0,874327.0
4180.0,darpa_trace:n596436,darpa_trace:n426823,type_1,type_0,rel_0,0,0,0,0,validation:window_1,0,874490.0
4181.0,darpa_trace:n596741,darpa_trace:n167800,type_1,type_0,rel_0,0,0,0,0,validation:window_1,0,874707.0
4182.0,darpa_trace:n597468,darpa_trace:n166441,type_1,type_0,rel_0,0,0,0,0,validation:window_1,0,875229.0
4183.0,darpa_trace:n598630,darpa_trace:n426823,type_1,type_0,rel_0,0,0,0,0,validation:window_1,0,876017.0
4184.0,darpa_trace:n599330,darpa_trace:n426823,type_1,type_0,rel_0,0,0,0,0,validation:window_1,0,876520.0
4185.0,darpa_trace:n599363,darpa_trace:n167800,type_1,type_0,rel_0,0,0,0,0,validation:window_1,0,876543.0
4186.0,darpa_trace:n600353,darpa_trace:n426823,type_1,type_0,rel_0,0,0,0,0,validation:window_1,0,877252.0
4187.0,darpa_trace:n600558,darpa_trace:n426823,type_1,type_0,rel_0,0,0,0,0,validation:window_1,0,877398.0
4188.0,darpa_trace:n600818,darpa_trace:n426823,type_1,type_0,rel_0,0,0,0,0,validation:window_1,0,877585.0
4189.0,darpa_trace:n600987,darpa_trace:n167800,type_1,type_0,rel_0,0,0,0,0,validation:window_1,0,877707.0
4190.0,darpa_trace:n601580,darpa_trace:n167800,type_1,type_0,rel_0,0,0,0,0,validation:window_1,0,878134.0
4191.0,darpa_trace:n602900,darpa_trace:n167800,type_1,type_0,rel_0,0,0,0,0,validation:window_1,0,879076.0
4192.0,darpa_trace:n603007,darpa_trace:n167800,type_1,type_0,rel_0,0,0,0,0,validation:window_1,0,879153.0
4193.0,darpa_trace:n603684,darpa_trace:n426823,type_1,type_0,rel_0,0,0,0,0,validation:window_1,0,879640.0
4194.0,darpa_trace:n604097,darpa_trace:n167800,type_1,type_0,rel_0,0,0,0,0,validation:window_1,0,879939.0
4195.0,darpa_trace:n604262,darpa_trace:n426823,type_1,type_0,rel_0,0,0,0,0,validation:window_1,0,880059.0
4196.0,darpa_trace:n604481,darpa_trace:n167800,type_1,type_0,rel_0,0,0,0,0,validation:window_1,0,880216.0
4197.0,darpa_trace:n605008,darpa_trace:n167800,type_1,type_0,rel_0,0,0,0,0,validation:window_1,0,880547.0
4198.0,darpa_trace:n605395,darpa_trace:n167800,type_1,type_0,rel_0,0,0,0,0,validation:window_1,0,880824.0
4199.0,darpa_trace:n605842,darpa_trace:n167800,type_1,type_0,rel_0,0,0,0,0,validation:window_1,0,881144.0
4200.0,darpa_trace:n606396,darpa_trace:n426823,type_1,type_0,rel_0,0,0,0,0,validation:window_1,0,881540.0
4201.0,darpa_trace:n606760,darpa_trace:n426823,type_1,type_0,rel_0,0,0,0,0,validation:window_2,0,881803.0
4202.0,darpa_trace:n606793,darpa_trace:n167800,type_1,type_0,rel_0,0,0,0,0,validation:window_2,0,881826.0
4203.0,darpa_trace:n606811,darpa_trace:n167800,type_1,type_0,rel_0,0,0,0,0,validation:window_2,0,881839.0
4204.0,darpa_trace:n606906,darpa_trace:n167800,type_1,type_0,rel_0,0,0,0,0,validation:window_2,0,881907.0
4205.0,darpa_trace:n607494,darpa_trace:n167800,type_1,type_0,rel_0,0,0,0,0,validation:window_2,0,882331.0
4206.0,darpa_trace:n607497,darpa_trace:n426823,type_1,type_0,rel_0,0,0,0,0,validation:window_2,0,882334.0
4207.0,darpa_trace:n608516,darpa_trace:n426823,type_1,type_0,rel_0,0,0,0,0,validation:window_2,0,883068.0
4208.0,darpa_trace:n609486,darpa_trace:n167800,type_1,type_0,rel_0,0,0,0,0,validation:window_2,0,883763.0
4209.0,darpa_trace:n609984,darpa_trace:n426823,type_1,type_0,rel_0,0,0,0,0,validation:window_2,0,884119.0
4210.0,darpa_trace:n610517,darpa_trace:n426823,type_1,type_0,rel_0,0,0,0,0,validation:window_2,0,884499.0
4211.0,darpa_trace:n611016,darpa_trace:n426823,type_1,type_0,rel_0,0,0,0,0,validation:window_2,0,884860.0
4212.0,darpa_trace:n611491,darpa_trace:n168820,type_1,type_0,rel_0,0,0,0,0,validation:window_2,0,885194.0
4213.0,darpa_trace:n611509,darpa_trace:n168820,type_1,type_0,rel_0,0,0,0,0,validation:window_2,0,885203.0
4214.0,darpa_trace:n611527,darpa_trace:n168820,type_1,type_0,rel_0,0,0,0,0,validation:window_2,0,885212.0
4215.0,darpa_trace:n611583,darpa_trace:n168820,type_1,type_0,rel_0,0,0,0,0,validation:window_2,0,885240.0
4216.0,darpa_trace:n611868,darpa_trace:n167800,type_1,type_0,rel_0,0,0,0,0,validation:window_2,0,885424.0
4217.0,darpa_trace:n611885,darpa_trace:n167800,type_1,type_0,rel_0,0,0,0,0,validation:window_2,0,885436.0
4218.0,darpa_trace:n612034,darpa_trace:n2315,type_0,type_4,rel_5,1,1,0,1,validation:window_2,1,885547.0
4219.0,darpa_trace:n612034,darpa_trace:n612792,type_0,type_1,rel_7,0,0,0,0,validation:window_2,0,885930.0
4220.0,darpa_trace:n612034,darpa_trace:n614227,type_0,type_1,rel_7,0,0,0,0,validation:window_2,0,886531.0
4221.0,darpa_trace:n612034,darpa_trace:n614314,type_0,type_1,rel_7,0,0,0,0,validation:window_2,0,886565.0
4222.0,darpa_trace:n612034,darpa_trace:n615741,type_0,type_1,rel_7,0,0,0,0,validation:window_2,0,887151.0
4223.0,darpa_trace:n612034,darpa_trace:n615799,type_0,type_1,rel_7,0,0,0,0,validation:window_2,0,887175.0
4224.0,darpa_trace:n612034,darpa_trace:n616180,type_0,type_1,rel_7,0,0,0,0,validation:window_2,0,887334.0
4225.0,darpa_trace:n612034,darpa_trace:n616881,type_0,type_1,rel_7,0,0,0,0,validation:window_2,0,887627.0
4226.0,darpa_trace:n612034,darpa_trace:n618794,type_0,type_1,rel_7,0,0,0,0,validation:window_2,0,888316.0
4227.0,darpa_trace:n612034,darpa_trace:n619157,type_0,type_1,rel_7,0,0,0,0,validation:window_2,0,888465.0
4228.0,darpa_trace:n612034,darpa_trace:n619580,type_0,type_1,rel_7,0,0,0,0,validation:window_2,0,888644.0
4229.0,darpa_trace:n612034,darpa_trace:n619757,type_0,type_1,rel_7,0,0,0,0,validation:window_2,0,888717.0
4230.0,darpa_trace:n612034,darpa_trace:n620659,type_0,type_1,rel_7,0,0,0,0,validation:window_2,0,889091.0
4231.0,darpa_trace:n612034,darpa_trace:n622284,type_0,type_1,rel_7,0,0,0,0,validation:window_2,0,889764.0
4232.0,darpa_trace:n612034,darpa_trace:n622363,type_0,type_1,rel_7,0,0,0,0,validation:window_2,0,889796.0
4233.0,darpa_trace:n612034,darpa_trace:n622433,type_0,type_1,rel_7,0,0,0,0,validation:window_2,0,889826.0
4234.0,darpa_trace:n612034,darpa_trace:n623199,type_0,type_1,rel_7,0,0,0,0,validation:window_2,0,890151.0
4235.0,darpa_trace:n612034,darpa_trace:n623701,type_0,type_1,rel_7,0,0,0,0,validation:window_2,0,890363.0
4236.0,darpa_trace:n612034,darpa_trace:n624809,type_0,type_1,rel_7,0,0,0,0,validation:window_2,0,890824.0
4237.0,darpa_trace:n612034,darpa_trace:n625667,type_0,type_1,rel_7,0,0,0,0,validation:window_2,0,891087.0
4238.0,darpa_trace:n612034,darpa_trace:n626434,type_0,type_1,rel_7,0,0,0,0,validation:window_2,0,891405.0
4239.0,darpa_trace:n612034,darpa_trace:n626681,type_0,type_1,rel_7,0,0,0,0,validation:window_2,0,891507.0
4240.0,darpa_trace:n612034,darpa_trace:n626760,type_0,type_1,rel_7,0,0,0,0,validation:window_2,0,891540.0
4241.0,darpa_trace:n612034,darpa_trace:n627211,type_0,type_1,rel_7,0,0,0,0,validation:window_2,0,891731.0
4242.0,darpa_trace:n612034,darpa_trace:n627247,type_0,type_1,rel_7,0,0,0,0,validation:window_2,0,891746.0
4243.0,darpa_trace:n612034,darpa_trace:n628019,type_0,type_1,rel_7,0,0,0,0,validation:window_2,0,892068.0
4244.0,darpa_trace:n612034,darpa_trace:n628863,type_0,type_1,rel_7,0,0,0,0,validation:window_2,0,892419.0
4245.0,darpa_trace:n612034,darpa_trace:n629218,type_0,type_1,rel_7,0,0,0,0,validation:window_2,0,892568.0
4246.0,darpa_trace:n612034,darpa_trace:n629388,type_0,type_1,rel_7,0,0,0,0,validation:window_2,0,892640.0
4247.0,darpa_trace:n612034,darpa_trace:n630076,type_0,type_1,rel_7,0,0,0,0,validation:window_2,0,892931.0
4248.0,darpa_trace:n612034,darpa_trace:n630240,type_0,type_1,rel_7,0,0,0,0,validation:window_2,0,893001.0
4249.0,darpa_trace:n612034,darpa_trace:n631723,type_0,type_1,rel_7,0,0,0,0,validation:window_2,0,893608.0
4250.0,darpa_trace:n612034,darpa_trace:n632248,type_0,type_1,rel_7,0,0,0,0,validation:window_2,0,893828.0
4251.0,darpa_trace:n612034,darpa_trace:n634621,type_0,type_1,rel_7,0,0,0,0,validation:window_2,0,894725.0
4252.0,darpa_trace:n612034,darpa_trace:n634931,type_0,type_1,rel_7,0,0,0,0,validation:window_2,0,894853.0
4253.0,darpa_trace:n612034,darpa_trace:n635667,type_0,type_1,rel_7,0,0,0,0,validation:window_2,0,895156.0
4254.0,darpa_trace:n612034,darpa_trace:n635846,type_0,type_1,rel_7,0,0,0,0,validation:window_2,0,895231.0
4255.0,darpa_trace:n612034,darpa_trace:n636545,type_0,type_1,rel_7,0,0,0,0,validation:window_2,0,895526.0
4256.0,darpa_trace:n612034,darpa_trace:n637082,type_0,type_1,rel_7,0,0,0,0,validation:window_2,0,895751.0
4257.0,darpa_trace:n612034,darpa_trace:n637114,type_0,type_1,rel_7,0,0,0,0,validation:window_2,0,895764.0
4258.0,darpa_trace:n612034,darpa_trace:n638377,type_0,type_1,rel_7,0,0,0,0,validation:window_2,0,896287.0
4259.0,darpa_trace:n612034,darpa_trace:n638501,type_0,type_1,rel_7,0,0,0,0,validation:window_2,0,896339.0
4260.0,darpa_trace:n612034,darpa_trace:n638582,type_0,type_1,rel_7,0,0,0,0,validation:window_2,0,896373.0
4261.0,darpa_trace:n612034,darpa_trace:n638675,type_0,type_1,rel_7,0,0,0,0,validation:window_2,0,896412.0
4262.0,darpa_trace:n612034,darpa_trace:n639084,type_0,type_1,rel_7,0,0,0,0,validation:window_2,0,896582.0
4263.0,darpa_trace:n612034,darpa_trace:n639407,type_0,type_1,rel_7,0,0,0,0,validation:window_2,0,896625.0
4264.0,darpa_trace:n612034,darpa_trace:n640079,type_0,type_1,rel_7,0,0,0,0,validation:window_2,0,896905.0
4265.0,darpa_trace:n612034,darpa_trace:n640470,type_0,type_1,rel_7,0,0,0,0,validation:window_2,0,897070.0
4266.0,darpa_trace:n612034,darpa_trace:n640557,type_0,type_1,rel_7,0,0,0,0,validation:window_2,0,897106.0
4267.0,darpa_trace:n612034,darpa_trace:n640918,type_0,type_1,rel_7,0,0,0,0,validation:window_2,0,897258.0
4268.0,darpa_trace:n612034,darpa_trace:n641200,type_0,type_1,rel_7,0,0,0,0,validation:window_2,0,897373.0
4269.0,darpa_trace:n612034,darpa_trace:n641256,type_0,type_1,rel_7,0,0,0,0,validation:window_2,0,897397.0
4270.0,darpa_trace:n612034,darpa_trace:n641468,type_0,type_1,rel_7,0,0,0,0,validation:window_2,0,897486.0
4271.0,darpa_trace:n612034,darpa_trace:n642397,type_0,type_1,rel_7,0,0,0,0,validation:window_2,0,897869.0
4272.0,darpa_trace:n612034,darpa_trace:n642643,type_0,type_1,rel_7,0,0,0,0,validation:window_2,0,897973.0
4273.0,darpa_trace:n612034,darpa_trace:n644387,type_0,type_1,rel_7,0,0,0,0,validation:window_2,0,898692.0
4274.0,darpa_trace:n612034,darpa_trace:n645608,type_0,type_1,rel_7,0,0,0,0,validation:window_2,0,899199.0
4275.0,darpa_trace:n612034,darpa_trace:n647553,type_0,type_1,rel_7,0,0,0,0,validation:window_2,0,899914.0
4276.0,darpa_trace:n612425,darpa_trace:n612034,type_1,type_0,rel_0,0,0,0,0,validation:window_2,0,900178.0
4277.0,darpa_trace:n613178,darpa_trace:n167800,type_1,type_0,rel_0,0,0,0,0,validation:window_2,0,900716.0
4278.0,darpa_trace:n613294,darpa_trace:n612034,type_1,type_0,rel_0,0,0,0,0,validation:window_2,0,900800.0
4279.0,darpa_trace:n613899,darpa_trace:n612034,type_1,type_0,rel_0,0,0,0,0,validation:window_2,0,901232.0
4280.0,darpa_trace:n614170,darpa_trace:n612034,type_1,type_0,rel_0,0,0,0,0,validation:window_2,0,901426.0
4281.0,darpa_trace:n614613,darpa_trace:n612034,type_1,type_0,rel_0,0,0,0,0,validation:window_2,0,901745.0
4282.0,darpa_trace:n615477,darpa_trace:n612034,type_1,type_0,rel_0,0,0,0,0,validation:window_2,0,902369.0
4283.0,darpa_trace:n615869,darpa_trace:n167800,type_1,type_0,rel_0,0,0,0,0,validation:window_2,0,902651.0
4284.0,darpa_trace:n616456,darpa_trace:n612034,type_1,type_0,rel_0,0,0,0,0,validation:window_2,0,903070.0
4285.0,darpa_trace:n616579,darpa_trace:n612034,type_1,type_0,rel_0,0,0,0,0,validation:window_2,0,903159.0
4286.0,darpa_trace:n616615,darpa_trace:n612034,type_1,type_0,rel_0,0,0,0,0,validation:window_2,0,903185.0
4287.0,darpa_trace:n617219,darpa_trace:n612034,type_1,type_0,rel_0,0,0,0,0,validation:window_2,0,903620.0
4288.0,darpa_trace:n617233,darpa_trace:n612034,type_1,type_0,rel_0,0,0,0,0,validation:window_2,0,903630.0
4289.0,darpa_trace:n617258,darpa_trace:n167800,type_1,type_0,rel_0,0,0,0,0,validation:window_2,0,903648.0
4290.0,darpa_trace:n617482,darpa_trace:n18,type_3,type_0,rel_0,0,0,0,0,validation:window_2,0,903810.0
4291.0,darpa_trace:n617817,darpa_trace:n167800,type_1,type_0,rel_0,0,0,0,0,validation:window_2,0,904053.0
4292.0,darpa_trace:n618439,darpa_trace:n18,type_3,type_0,rel_0,0,0,0,0,validation:window_2,0,904502.0
4293.0,darpa_trace:n618705,darpa_trace:n168820,type_1,type_0,rel_0,0,0,0,0,validation:window_2,0,904648.0
4294.0,darpa_trace:n618812,darpa_trace:n612034,type_1,type_0,rel_0,0,0,0,0,validation:window_2,0,904721.0
4295.0,darpa_trace:n619504,darpa_trace:n612034,type_1,type_0,rel_0,0,0,0,0,validation:window_2,0,905219.0
4296.0,darpa_trace:n619523,darpa_trace:n167800,type_1,type_0,rel_0,0,0,0,0,validation:window_2,0,905232.0
4297.0,darpa_trace:n619672,darpa_trace:n612034,type_1,type_0,rel_0,0,0,0,0,validation:window_2,0,905339.0
4298.0,darpa_trace:n620116,darpa_trace:n612034,type_1,type_0,rel_0,0,0,0,0,validation:window_2,0,905660.0
4299.0,darpa_trace:n620283,darpa_trace:n612034,type_1,type_0,rel_0,0,0,0,0,validation:window_2,0,905779.0
4300.0,darpa_trace:n620604,darpa_trace:n167800,type_1,type_0,rel_0,0,0,0,0,validation:window_2,0,906010.0
4301.0,darpa_trace:n621609,darpa_trace:n167800,type_1,type_0,rel_0,0,0,0,0,validation:window_3,0,906734.0
4302.0,darpa_trace:n622025,darpa_trace:n167800,type_1,type_0,rel_0,0,0,0,0,validation:window_3,0,907035.0
4303.0,darpa_trace:n622136,darpa_trace:n612034,type_1,type_0,rel_0,0,0,0,0,validation:window_3,0,907115.0
4304.0,darpa_trace:n622152,darpa_trace:n612034,type_1,type_0,rel_0,0,0,0,0,validation:window_3,0,907126.0
4305.0,darpa_trace:n622190,darpa_trace:n612034,type_1,type_0,rel_0,0,0,0,0,validation:window_3,0,907154.0
4306.0,darpa_trace:n622197,darpa_trace:n612034,type_1,type_0,rel_0,0,0,0,0,validation:window_3,0,907159.0
4307.0,darpa_trace:n622270,darpa_trace:n612034,type_1,type_0,rel_0,0,0,0,0,validation:window_3,0,907211.0
4308.0,darpa_trace:n622280,darpa_trace:n612034,type_1,type_0,rel_0,0,0,0,0,validation:window_3,0,907218.0
4309.0,darpa_trace:n622328,darpa_trace:n167800,type_1,type_0,rel_0,0,0,0,0,validation:window_3,0,907252.0
4310.0,darpa_trace:n622801,darpa_trace:n612034,type_1,type_0,rel_0,0,0,0,0,validation:window_3,0,907590.0
4311.0,darpa_trace:n623447,darpa_trace:n612034,type_1,type_0,rel_0,0,0,0,0,validation:window_3,0,908051.0
4312.0,darpa_trace:n624055,darpa_trace:n167800,type_1,type_0,rel_0,0,0,0,0,validation:window_3,0,908484.0
4313.0,darpa_trace:n624239,darpa_trace:n167800,type_1,type_0,rel_0,0,0,0,0,validation:window_3,0,908617.0
4314.0,darpa_trace:n625060,darpa_trace:n167800,type_1,type_0,rel_0,0,0,0,0,validation:window_3,0,909209.0
4315.0,darpa_trace:n625249,darpa_trace:n612034,type_1,type_0,rel_0,0,0,0,0,validation:window_3,0,909345.0
4316.0,darpa_trace:n625416,darpa_trace:n168820,type_1,type_0,rel_0,0,0,0,0,validation:window_3,0,909457.0
4317.0,darpa_trace:n626195,darpa_trace:n167800,type_1,type_0,rel_0,0,0,0,0,validation:window_3,0,909977.0
4318.0,darpa_trace:n626216,darpa_trace:n167800,type_1,type_0,rel_0,0,0,0,0,validation:window_3,0,909992.0
4319.0,darpa_trace:n626310,darpa_trace:n612034,type_1,type_0,rel_0,0,0,0,0,validation:window_3,0,910060.0
4320.0,darpa_trace:n626675,darpa_trace:n167800,type_1,type_0,rel_0,0,0,0,0,validation:window_3,0,910323.0
4321.0,darpa_trace:n626830,darpa_trace:n612034,type_1,type_0,rel_0,0,0,0,0,validation:window_3,0,910434.0
4322.0,darpa_trace:n626843,darpa_trace:n167800,type_1,type_0,rel_0,0,0,0,0,validation:window_3,0,910443.0
4323.0,darpa_trace:n627291,darpa_trace:n167800,type_1,type_0,rel_0,0,0,0,0,validation:window_3,0,910763.0
4324.0,darpa_trace:n627332,darpa_trace:n167800,type_1,type_0,rel_0,0,0,0,0,validation:window_3,0,910792.0
4325.0,darpa_trace:n627685,darpa_trace:n612034,type_1,type_0,rel_0,0,0,0,0,validation:window_3,0,911046.0
4326.0,darpa_trace:n627753,darpa_trace:n612034,type_1,type_0,rel_0,0,0,0,0,validation:window_3,0,911095.0
4327.0,darpa_trace:n628029,darpa_trace:n167800,type_1,type_0,rel_0,0,0,0,0,validation:window_3,0,911293.0
4328.0,darpa_trace:n628228,darpa_trace:n612034,type_1,type_0,rel_0,0,0,0,0,validation:window_3,0,911436.0
4329.0,darpa_trace:n628997,darpa_trace:n167800,type_1,type_0,rel_0,0,0,0,0,validation:window_3,0,911988.0
4330.0,darpa_trace:n629256,darpa_trace:n612034,type_1,type_0,rel_0,0,0,0,0,validation:window_3,0,912173.0
4331.0,darpa_trace:n629546,darpa_trace:n167800,type_1,type_0,rel_0,0,0,0,0,validation:window_3,0,912379.0
4332.0,darpa_trace:n629654,darpa_trace:n167800,type_1,type_0,rel_0,0,0,0,0,validation:window_3,0,912456.0
4333.0,darpa_trace:n630176,darpa_trace:n612034,type_1,type_0,rel_0,0,0,0,0,validation:window_3,0,912829.0
4334.0,darpa_trace:n631543,darpa_trace:n612034,type_1,type_0,rel_0,0,0,0,0,validation:window_3,0,913817.0
4335.0,darpa_trace:n631737,darpa_trace:n612034,type_1,type_0,rel_0,0,0,0,0,validation:window_3,0,913956.0
4336.0,darpa_trace:n632021,darpa_trace:n612034,type_1,type_0,rel_0,0,0,0,0,validation:window_3,0,914160.0
4337.0,darpa_trace:n632058,darpa_trace:n167800,type_1,type_0,rel_0,0,0,0,0,validation:window_3,0,914186.0
4338.0,darpa_trace:n632145,darpa_trace:n612034,type_1,type_0,rel_0,0,0,0,0,validation:window_3,0,914248.0
4339.0,darpa_trace:n632417,darpa_trace:n168820,type_1,type_0,rel_0,0,0,0,0,validation:window_3,0,914410.0
4340.0,darpa_trace:n632800,darpa_trace:n612034,type_1,type_0,rel_0,0,0,0,0,validation:window_3,0,914668.0
4341.0,darpa_trace:n632886,darpa_trace:n167800,type_1,type_0,rel_0,0,0,0,0,validation:window_3,0,914729.0
4342.0,darpa_trace:n632919,darpa_trace:n612034,type_1,type_0,rel_0,0,0,0,0,validation:window_3,0,914753.0
4343.0,darpa_trace:n633188,darpa_trace:n612034,type_1,type_0,rel_0,0,0,0,0,validation:window_3,0,914945.0
4344.0,darpa_trace:n633628,darpa_trace:n167800,type_1,type_0,rel_0,0,0,0,0,validation:window_3,0,915262.0
4345.0,darpa_trace:n634123,darpa_trace:n612034,type_1,type_0,rel_0,0,0,0,0,validation:window_3,0,915619.0
4346.0,darpa_trace:n634205,darpa_trace:n167800,type_1,type_0,rel_0,0,0,0,0,validation:window_3,0,915677.0
4347.0,darpa_trace:n634347,darpa_trace:n167800,type_1,type_0,rel_0,0,0,0,0,validation:window_3,0,915780.0
4348.0,darpa_trace:n634999,darpa_trace:n612034,type_1,type_0,rel_0,0,0,0,0,validation:window_3,0,916250.0
4349.0,darpa_trace:n635017,darpa_trace:n612034,type_1,type_0,rel_0,0,0,0,0,validation:window_3,0,916263.0
4350.0,darpa_trace:n636392,darpa_trace:n167800,type_1,type_0,rel_0,0,0,0,0,validation:window_3,0,917250.0
4351.0,darpa_trace:n637740,darpa_trace:n167800,type_1,type_0,rel_0,0,0,0,0,validation:window_3,0,918219.0
4352.0,darpa_trace:n637840,darpa_trace:n612034,type_1,type_0,rel_0,0,0,0,0,validation:window_3,0,918291.0
4353.0,darpa_trace:n638290,darpa_trace:n612034,type_1,type_0,rel_0,0,0,0,0,validation:window_3,0,918616.0
4354.0,darpa_trace:n639519,darpa_trace:n167800,type_1,type_0,rel_0,0,0,0,0,validation:window_3,0,919448.0
4355.0,darpa_trace:n639848,darpa_trace:n167800,type_1,type_0,rel_0,0,0,0,0,validation:window_3,0,919685.0
4356.0,darpa_trace:n639992,darpa_trace:n612034,type_1,type_0,rel_0,0,0,0,0,validation:window_3,0,919788.0
4357.0,darpa_trace:n640186,darpa_trace:n167800,type_1,type_0,rel_0,0,0,0,0,validation:window_3,0,919927.0
4358.0,darpa_trace:n640652,darpa_trace:n612034,type_1,type_0,rel_0,0,0,0,0,validation:window_3,0,920261.0
4359.0,darpa_trace:n641574,darpa_trace:n18,type_3,type_0,rel_0,0,0,0,0,validation:window_3,0,920924.0
4360.0,darpa_trace:n642145,darpa_trace:n167800,type_1,type_0,rel_0,0,0,0,0,validation:window_3,0,921334.0
4361.0,darpa_trace:n642192,darpa_trace:n167800,type_1,type_0,rel_0,0,0,0,0,validation:window_3,0,921368.0
4362.0,darpa_trace:n642284,darpa_trace:n612034,type_1,type_0,rel_0,0,0,0,0,validation:window_3,0,921435.0
4363.0,darpa_trace:n642411,darpa_trace:n612034,type_1,type_0,rel_0,0,0,0,0,validation:window_3,0,921527.0
4364.0,darpa_trace:n642855,darpa_trace:n167800,type_1,type_0,rel_0,0,0,0,0,validation:window_3,0,921844.0
4365.0,darpa_trace:n643862,darpa_trace:n18,type_3,type_0,rel_0,0,0,0,0,validation:window_3,0,922567.0
4366.0,darpa_trace:n644260,darpa_trace:n612034,type_1,type_0,rel_0,0,0,0,0,validation:window_3,0,922854.0
4367.0,darpa_trace:n644293,darpa_trace:n167800,type_1,type_0,rel_0,0,0,0,0,validation:window_3,0,922878.0
4368.0,darpa_trace:n644301,darpa_trace:n167800,type_1,type_0,rel_0,0,0,0,0,validation:window_3,0,922883.0
4369.0,darpa_trace:n644392,darpa_trace:n167800,type_1,type_0,rel_0,0,0,0,0,validation:window_3,0,922952.0
4370.0,darpa_trace:n645172,darpa_trace:n167800,type_1,type_0,rel_0,0,0,0,0,validation:window_3,0,923513.0
4371.0,darpa_trace:n646591,darpa_trace:n166441,type_1,type_0,rel_0,0,0,0,0,validation:window_3,0,924481.0
4372.0,darpa_trace:n647210,darpa_trace:n167800,type_1,type_0,rel_0,0,0,0,0,validation:window_3,0,924928.0
4373.0,darpa_trace:n647214,darpa_trace:n167800,type_1,type_0,rel_0,0,0,0,0,validation:window_3,0,924931.0
4374.0,darpa_trace:n647745,darpa_trace:n195,type_1,type_0,rel_0,0,0,0,0,validation:window_3,0,925325.0
4375.0,darpa_trace:n648477,darpa_trace:n167800,type_1,type_0,rel_0,0,0,0,0,validation:window_3,0,925720.0
4376.0,darpa_trace:n648855,darpa_trace:n167800,type_1,type_0,rel_0,0,0,0,0,validation:window_3,0,925924.0
4377.0,darpa_trace:n648910,darpa_trace:n167800,type_1,type_0,rel_0,0,0,0,0,validation:window_3,0,925955.0
4378.0,darpa_trace:n649890,darpa_trace:n167800,type_1,type_0,rel_0,0,0,0,0,validation:window_3,0,926462.0
4379.0,darpa_trace:n650351,darpa_trace:n167800,type_1,type_0,rel_0,0,0,0,0,validation:window_3,0,926712.0
4380.0,darpa_trace:n650959,darpa_trace:n167800,type_1,type_0,rel_0,0,0,0,0,validation:window_3,0,927043.0
4381.0,darpa_trace:n651190,darpa_trace:n167800,type_1,type_0,rel_0,0,0,0,0,validation:window_3,0,927162.0
4382.0,darpa_trace:n651577,darpa_trace:n167800,type_1,type_0,rel_0,0,0,0,0,validation:window_3,0,927359.0
4383.0,darpa_trace:n651944,darpa_trace:n167800,type_1,type_0,rel_0,0,0,0,0,validation:window_3,0,927550.0
4384.0,darpa_trace:n652735,darpa_trace:n167800,type_1,type_0,rel_0,0,0,0,0,validation:window_3,0,927957.0
4385.0,darpa_trace:n652952,darpa_trace:n167800,type_1,type_0,rel_0,0,0,0,0,validation:window_3,0,928067.0
4386.0,darpa_trace:n653681,darpa_trace:n167800,type_1,type_0,rel_0,0,0,0,0,validation:window_3,0,928443.0
4387.0,darpa_trace:n654080,darpa_trace:n190,type_1,type_0,rel_0,0,0,0,0,validation:window_3,0,928659.0
4388.0,darpa_trace:n654203,darpa_trace:n167800,type_1,type_0,rel_0,0,0,0,0,validation:window_3,0,928724.0
4389.0,darpa_trace:n654383,darpa_trace:n167800,type_1,type_0,rel_0,0,0,0,0,validation:window_3,0,928818.0
4390.0,darpa_trace:n654791,darpa_trace:n167800,type_1,type_0,rel_0,0,0,0,0,validation:window_3,0,929032.0
4391.0,darpa_trace:n656102,darpa_trace:n167800,type_1,type_0,rel_0,0,0,0,0,validation:window_3,0,929713.0
4392.0,darpa_trace:n657936,darpa_trace:n658745,type_0,type_3,rel_12,0,0,0,0,validation:window_3,0,930714.0
4393.0,darpa_trace:n658949,darpa_trace:n190,type_1,type_0,rel_0,0,0,0,0,validation:window_3,0,931243.0
4394.0,darpa_trace:n659572,darpa_trace:n166441,type_1,type_0,rel_0,0,0,0,0,validation:window_3,0,931542.0
4395.0,darpa_trace:n660033,darpa_trace:n167800,type_1,type_0,rel_0,0,0,0,0,validation:window_3,0,931741.0
4396.0,darpa_trace:n660184,darpa_trace:n167800,type_1,type_0,rel_0,0,0,0,0,validation:window_3,0,931815.0
4397.0,darpa_trace:n660378,darpa_trace:n167800,type_1,type_0,rel_0,0,0,0,0,validation:window_3,0,931898.0
4398.0,darpa_trace:n661012,darpa_trace:n166441,type_1,type_0,rel_0,0,0,0,0,validation:window_3,0,932182.0
4399.0,darpa_trace:n661326,darpa_trace:n166441,type_1,type_0,rel_0,0,0,0,0,validation:window_3,0,932327.0
4400.0,darpa_trace:n661632,darpa_trace:n167800,type_1,type_0,rel_0,0,0,0,0,validation:window_3,0,932470.0
4401.0,darpa_trace:n661768,darpa_trace:n166441,type_1,type_0,rel_0,0,0,0,0,validation:window_4,0,932532.0
4402.0,darpa_trace:n661770,darpa_trace:n166441,type_1,type_0,rel_0,0,0,0,0,validation:window_4,0,932533.0
4403.0,darpa_trace:n663069,darpa_trace:n166441,type_1,type_0,rel_0,0,0,0,0,validation:window_4,0,933126.0
4404.0,darpa_trace:n663146,darpa_trace:n167800,type_1,type_0,rel_0,0,0,0,0,validation:window_4,0,933163.0
4405.0,darpa_trace:n663172,darpa_trace:n166441,type_1,type_0,rel_0,0,0,0,0,validation:window_4,0,933176.0
4406.0,darpa_trace:n664153,darpa_trace:n166441,type_1,type_0,rel_0,0,0,0,0,validation:window_4,0,933646.0
4407.0,darpa_trace:n664215,darpa_trace:n166441,type_1,type_0,rel_0,0,0,0,0,validation:window_4,0,933677.0
4408.0,darpa_trace:n665340,darpa_trace:n166441,type_1,type_0,rel_0,0,0,0,0,validation:window_4,0,934284.0
4409.0,darpa_trace:n665434,darpa_trace:n192,type_1,type_0,rel_0,0,0,0,0,validation:window_4,0,934334.0
4410.0,darpa_trace:n665795,darpa_trace:n167800,type_1,type_0,rel_0,0,0,0,0,validation:window_4,0,934521.0
4411.0,darpa_trace:n666051,darpa_trace:n168820,type_1,type_0,rel_0,0,0,0,0,validation:window_4,0,934635.0
4412.0,darpa_trace:n666491,darpa_trace:n168820,type_1,type_0,rel_0,0,0,0,0,validation:window_4,0,934878.0
4413.0,darpa_trace:n666989,darpa_trace:n2398,type_0,type_4,rel_5,1,1,0,1,validation:window_4,1,935119.0
4414.0,darpa_trace:n666989,darpa_trace:n132639,type_0,type_4,rel_5,0,0,0,0,validation:window_4,0,935300.0
4415.0,darpa_trace:n666989,darpa_trace:n667238,type_0,type_5,rel_11,0,0,0,0,validation:window_4,0,935361.0
4416.0,darpa_trace:n667584,darpa_trace:n190,type_1,type_0,rel_0,0,0,0,0,validation:window_4,0,935746.0
4417.0,darpa_trace:n667608,darpa_trace:n190,type_1,type_0,rel_0,0,0,0,0,validation:window_4,0,935770.0
4418.0,darpa_trace:n668003,darpa_trace:n2315,type_0,type_4,rel_5,1,1,0,1,validation:window_4,1,936166.0
4419.0,darpa_trace:n668003,darpa_trace:n132735,type_0,type_4,rel_5,0,0,0,0,validation:window_4,0,936317.0
4420.0,darpa_trace:n668003,darpa_trace:n668355,type_0,type_5,rel_11,0,0,0,0,validation:window_4,0,936500.0
4421.0,darpa_trace:n668003,darpa_trace:n138656,type_0,type_4,rel_5,0,0,0,0,validation:window_4,0,936893.0
4422.0,darpa_trace:n668003,darpa_trace:n138819,type_0,type_4,rel_5,0,0,0,0,validation:window_4,0,937053.0
4423.0,darpa_trace:n668003,darpa_trace:n138849,type_0,type_4,rel_5,0,0,0,0,validation:window_4,0,937083.0
4424.0,darpa_trace:n668003,darpa_trace:n668898,type_0,type_5,rel_11,0,0,0,0,validation:window_4,0,937226.0
4425.0,darpa_trace:n668003,darpa_trace:n669008,type_0,type_5,rel_6,0,0,0,0,validation:window_4,0,937444.0
4426.0,darpa_trace:n668003,darpa_trace:n136698,type_0,type_7,rel_5,0,0,0,0,validation:window_4,0,937451.0
4427.0,darpa_trace:n668003,darpa_trace:n669155,type_0,type_5,rel_6,0,0,0,0,validation:window_4,0,937576.0
4428.0,darpa_trace:n668003,darpa_trace:n690546,type_0,type_5,rel_11,0,0,0,0,validation:window_4,0,938434.0
4429.0,darpa_trace:n668003,darpa_trace:n690634,type_0,type_5,rel_11,0,0,0,0,validation:window_4,0,938519.0
4430.0,darpa_trace:n668003,darpa_trace:n690702,type_0,type_5,rel_11,0,0,0,0,validation:window_4,0,938588.0
4431.0,darpa_trace:n668182,darpa_trace:n195,type_1,type_0,rel_0,0,0,0,0,validation:window_4,0,938705.0
4432.0,darpa_trace:n668420,darpa_trace:n2315,type_0,type_4,rel_5,1,1,0,1,validation:window_4,1,938741.0
4433.0,darpa_trace:n668630,darpa_trace:n668003,type_1,type_0,rel_0,0,0,0,0,validation:window_4,0,939011.0
4434.0,darpa_trace:n668832,darpa_trace:n677316,type_0,type_1,rel_1,0,0,0,0,validation:window_4,0,939632.0
4435.0,darpa_trace:n668832,darpa_trace:n677322,type_0,type_1,rel_1,0,0,0,0,validation:window_4,0,939635.0
4436.0,darpa_trace:n668832,darpa_trace:n677727,type_0,type_1,rel_1,0,0,0,0,validation:window_4,0,939688.0
4437.0,darpa_trace:n668832,darpa_trace:n680601,type_0,type_1,rel_1,0,0,0,0,validation:window_4,0,940600.0
4438.0,darpa_trace:n668832,darpa_trace:n680793,type_0,type_1,rel_1,0,0,0,0,validation:window_4,0,940685.0
4439.0,darpa_trace:n668832,darpa_trace:n681121,type_0,type_1,rel_1,0,0,0,0,validation:window_4,0,940841.0
4440.0,darpa_trace:n668832,darpa_trace:n681131,type_0,type_1,rel_1,0,0,0,0,validation:window_4,0,940846.0
4441.0,darpa_trace:n668832,darpa_trace:n681900,type_0,type_1,rel_1,0,0,0,0,validation:window_4,0,941120.0
4442.0,darpa_trace:n668832,darpa_trace:n685355,type_0,type_1,rel_1,0,0,0,0,validation:window_4,0,941442.0
4443.0,darpa_trace:n668832,darpa_trace:n686155,type_0,type_1,rel_1,0,0,0,0,validation:window_4,0,941552.0
4444.0,darpa_trace:n668832,darpa_trace:n686221,type_0,type_1,rel_1,0,0,0,0,validation:window_4,0,941566.0
4445.0,darpa_trace:n668832,darpa_trace:n686666,type_0,type_1,rel_1,0,0,0,0,validation:window_4,0,941687.0
4446.0,darpa_trace:n668832,darpa_trace:n687291,type_0,type_1,rel_1,0,0,0,0,validation:window_4,0,941942.0
4447.0,darpa_trace:n668832,darpa_trace:n687691,type_0,type_1,rel_1,0,0,0,0,validation:window_4,0,942126.0
4448.0,darpa_trace:n668832,darpa_trace:n690182,type_0,type_1,rel_1,0,0,0,0,validation:window_4,0,942644.0
4449.0,darpa_trace:n668832,darpa_trace:n690288,type_0,type_1,rel_1,0,0,0,0,validation:window_4,0,942654.0
4450.0,darpa_trace:n668964,darpa_trace:n668986,type_0,type_1,rel_1,0,0,0,0,validation:window_4,0,942766.0
4451.0,darpa_trace:n669045,darpa_trace:n2379,type_0,type_4,rel_5,1,1,0,1,validation:window_4,1,942835.0
4452.0,darpa_trace:n669240,darpa_trace:n677936,type_0,type_5,rel_6,0,0,0,0,validation:window_4,0,943032.0
4453.0,darpa_trace:n669560,darpa_trace:n675481,type_0,type_5,rel_6,0,0,0,0,validation:window_4,0,943219.0
4454.0,darpa_trace:n669560,darpa_trace:n681703,type_0,type_1,rel_7,0,0,0,0,validation:window_4,0,943415.0
4455.0,darpa_trace:n669845,darpa_trace:n2315,type_0,type_4,rel_5,1,1,0,1,validation:window_4,1,943861.0
4456.0,darpa_trace:n669845,darpa_trace:n669926,type_0,type_5,rel_6,0,0,0,0,validation:window_4,0,943955.0
4457.0,darpa_trace:n669845,darpa_trace:n138676,type_0,type_4,rel_5,0,0,0,0,validation:window_4,0,944317.0
4458.0,darpa_trace:n669845,darpa_trace:n138879,type_0,type_4,rel_5,0,0,0,0,validation:window_4,0,944608.0
4459.0,darpa_trace:n669845,darpa_trace:n670978,type_0,type_5,rel_6,0,0,0,0,validation:window_4,0,944849.0
4460.0,darpa_trace:n670176,darpa_trace:n675404,type_0,type_1,rel_1,0,0,0,0,validation:window_4,0,944980.0
4461.0,darpa_trace:n670176,darpa_trace:n675552,type_0,type_1,rel_1,0,0,0,0,validation:window_4,0,945016.0
4462.0,darpa_trace:n670176,darpa_trace:n676002,type_0,type_1,rel_1,0,0,0,0,validation:window_4,0,945090.0
4463.0,darpa_trace:n670176,darpa_trace:n677862,type_0,type_1,rel_1,0,0,0,0,validation:window_4,0,945444.0
4464.0,darpa_trace:n670176,darpa_trace:n688001,type_0,type_1,rel_1,0,0,0,0,validation:window_4,0,946213.0
4465.0,darpa_trace:n670176,darpa_trace:n690195,type_0,type_1,rel_1,0,0,0,0,validation:window_4,0,946478.0
4466.0,darpa_trace:n670229,darpa_trace:n670176,type_1,type_0,rel_0,0,0,0,0,validation:window_4,0,946577.0
4467.0,darpa_trace:n670339,darpa_trace:n670176,type_1,type_0,rel_0,0,0,0,0,validation:window_4,0,946684.0
4468.0,darpa_trace:n671197,darpa_trace:n671517,type_0,type_1,rel_1,0,0,0,0,validation:window_4,0,947438.0
4469.0,darpa_trace:n671197,darpa_trace:n671643,type_0,type_1,rel_1,0,0,0,0,validation:window_4,0,947502.0
4470.0,darpa_trace:n671197,darpa_trace:n672991,type_0,type_1,rel_1,0,0,0,0,validation:window_4,0,948185.0
4471.0,darpa_trace:n671197,darpa_trace:n673051,type_0,type_1,rel_1,0,0,0,0,validation:window_4,0,948216.0
4472.0,darpa_trace:n671197,darpa_trace:n673187,type_0,type_1,rel_1,0,0,0,0,validation:window_4,0,948288.0
4473.0,darpa_trace:n671197,darpa_trace:n673386,type_0,type_1,rel_1,0,0,0,0,validation:window_4,0,948392.0
4474.0,darpa_trace:n671197,darpa_trace:n674392,type_0,type_1,rel_1,0,0,0,0,validation:window_4,0,948888.0
4475.0,darpa_trace:n671197,darpa_trace:n674646,type_0,type_1,rel_1,0,0,0,0,validation:window_4,0,949013.0
4476.0,darpa_trace:n671197,darpa_trace:n674812,type_0,type_1,rel_1,0,0,0,0,validation:window_4,0,949092.0
4477.0,darpa_trace:n671197,darpa_trace:n675002,type_0,type_1,rel_1,0,0,0,0,validation:window_4,0,949186.0
4478.0,darpa_trace:n671197,darpa_trace:n678042,type_0,type_4,rel_16,0,0,0,0,validation:window_4,0,949548.0
4479.0,darpa_trace:n671197,darpa_trace:n682672,type_0,type_1,rel_1,0,0,0,0,validation:window_4,0,949803.0
4480.0,darpa_trace:n671197,darpa_trace:n684283,type_0,type_1,rel_1,0,0,0,0,validation:window_4,0,950170.0
4481.0,darpa_trace:n671197,darpa_trace:n684303,type_0,type_1,rel_1,0,0,0,0,validation:window_4,0,950180.0
4482.0,darpa_trace:n671197,darpa_trace:n685553,type_0,type_1,rel_1,0,0,0,0,validation:window_4,0,950440.0
4483.0,darpa_trace:n673299,darpa_trace:n671197,type_1,type_0,rel_0,0,0,0,0,validation:window_4,0,951945.0
4484.0,darpa_trace:n674078,darpa_trace:n671197,type_1,type_0,rel_0,0,0,0,0,validation:window_4,0,952335.0
4485.0,darpa_trace:n674155,darpa_trace:n674164,type_0,type_3,rel_12,0,0,0,0,validation:window_4,0,952379.0
4486.0,darpa_trace:n675069,darpa_trace:n671197,type_1,type_0,rel_0,0,0,0,0,validation:window_4,0,952869.0
4487.0,darpa_trace:n675227,darpa_trace:n681157,type_0,type_3,rel_8,0,0,0,0,validation:window_4,0,952967.0
4488.0,darpa_trace:n675227,darpa_trace:n683515,type_0,type_3,rel_12,0,0,0,0,validation:window_4,0,952978.0
4489.0,darpa_trace:n675589,darpa_trace:n675593,type_0,type_3,rel_8,0,0,0,0,validation:window_4,0,953193.0
4490.0,darpa_trace:n675589,darpa_trace:n683451,type_0,type_3,rel_8,0,0,0,0,validation:window_4,0,953207.0
4491.0,darpa_trace:n677320,darpa_trace:n670176,type_1,type_0,rel_0,0,0,0,0,validation:window_4,0,954229.0
4492.0,darpa_trace:n677475,darpa_trace:n668832,type_1,type_0,rel_0,0,0,0,0,validation:window_4,0,954303.0
4493.0,darpa_trace:n677828,darpa_trace:n668832,type_1,type_0,rel_0,0,0,0,0,validation:window_4,0,954466.0
4494.0,darpa_trace:n678750,darpa_trace:n670176,type_1,type_0,rel_0,0,0,0,0,validation:window_4,0,954894.0
4495.0,darpa_trace:n679142,darpa_trace:n668832,type_1,type_0,rel_0,0,0,0,0,validation:window_4,0,955087.0
4496.0,darpa_trace:n679220,darpa_trace:n668832,type_1,type_0,rel_0,0,0,0,0,validation:window_4,0,955125.0
4497.0,darpa_trace:n679759,darpa_trace:n670176,type_1,type_0,rel_0,0,0,0,0,validation:window_4,0,955484.0
4498.0,darpa_trace:n680288,darpa_trace:n670176,type_1,type_0,rel_0,0,0,0,0,validation:window_4,0,955768.0
4499.0,darpa_trace:n682053,darpa_trace:n48,type_1,type_0,rel_0,0,0,0,0,validation:window_4,0,956758.0
4500.0,darpa_trace:n683653,darpa_trace:n671197,type_1,type_0,rel_0,0,0,0,0,validation:window_4,0,957665.0
4501.0,darpa_trace:n683980,darpa_trace:n18,type_3,type_0,rel_0,0,0,0,0,test:window_0,0,957829.0
4502.0,darpa_trace:n683990,darpa_trace:n676430,type_3,type_0,rel_0,0,0,0,0,test:window_0,0,957836.0
4503.0,darpa_trace:n684810,darpa_trace:n671197,type_1,type_0,rel_0,0,0,0,0,test:window_0,0,958311.0
4504.0,darpa_trace:n685552,darpa_trace:n671197,type_1,type_0,rel_0,0,0,0,0,test:window_0,0,958699.0
4505.0,darpa_trace:n685841,darpa_trace:n671197,type_1,type_0,rel_0,0,0,0,0,test:window_0,0,958843.0
4506.0,darpa_trace:n685866,darpa_trace:n668832,type_1,type_0,rel_0,0,0,0,0,test:window_0,0,958855.0
4507.0,darpa_trace:n686154,darpa_trace:n190,type_1,type_0,rel_0,0,0,0,0,test:window_0,0,959009.0
4508.0,darpa_trace:n687866,darpa_trace:n668832,type_1,type_0,rel_0,0,0,0,0,test:window_0,0,959787.0
4509.0,darpa_trace:n688351,darpa_trace:n670176,type_1,type_0,rel_0,0,0,0,0,test:window_0,0,960028.0
4510.0,darpa_trace:n688439,darpa_trace:n670176,type_1,type_0,rel_0,0,0,0,0,test:window_0,0,960070.0
4511.0,darpa_trace:n688634,darpa_trace:n671197,type_1,type_0,rel_0,0,0,0,0,test:window_0,0,960171.0
4512.0,darpa_trace:n688717,darpa_trace:n675901,type_3,type_0,rel_0,0,0,0,0,test:window_0,0,960230.0
4513.0,darpa_trace:n688772,darpa_trace:n671197,type_1,type_0,rel_0,0,0,0,0,test:window_0,0,960273.0
4514.0,darpa_trace:n688840,darpa_trace:n671197,type_1,type_0,rel_0,0,0,0,0,test:window_0,0,960307.0
4515.0,darpa_trace:n689194,darpa_trace:n190,type_1,type_0,rel_0,0,0,0,0,test:window_0,0,960539.0
4516.0,darpa_trace:n689427,darpa_trace:n670176,type_1,type_0,rel_0,0,0,0,0,test:window_0,0,960655.0
4517.0,darpa_trace:n690017,darpa_trace:n670176,type_1,type_0,rel_0,0,0,0,0,test:window_0,0,960949.0
4518.0,darpa_trace:n690419,darpa_trace:n192,type_1,type_0,rel_0,0,0,0,0,test:window_0,0,961174.0
4519.0,darpa_trace:n690856,darpa_trace:n2315,type_0,type_4,rel_5,1,1,0,1,test:window_0,1,961340.0
4520.0,darpa_trace:n690856,darpa_trace:n2398,type_0,type_4,rel_5,1,1,0,1,test:window_0,1,961398.0
4521.0,darpa_trace:n690856,darpa_trace:n2379,type_0,type_4,rel_5,1,1,0,1,test:window_0,1,961404.0
4522.0,darpa_trace:n690856,darpa_trace:n690940,type_0,type_5,rel_6,0,0,0,0,test:window_0,0,961438.0
4523.0,darpa_trace:n690856,darpa_trace:n691038,type_0,type_5,rel_11,0,0,0,0,test:window_0,0,961564.0
4524.0,darpa_trace:n691747,darpa_trace:n136374,type_1,type_0,rel_0,0,0,0,0,test:window_0,0,962321.0
4525.0,darpa_trace:n691865,darpa_trace:n2315,type_0,type_4,rel_5,1,1,0,1,test:window_0,1,962441.0
4526.0,darpa_trace:n691865,darpa_trace:n2398,type_0,type_4,rel_5,1,1,0,1,test:window_0,1,962443.0
4527.0,darpa_trace:n691865,darpa_trace:n2379,type_0,type_4,rel_5,1,1,0,1,test:window_0,1,962467.0
4528.0,darpa_trace:n691865,darpa_trace:n691995,type_0,type_5,rel_6,0,0,0,0,test:window_0,0,962570.0
4529.0,darpa_trace:n691865,darpa_trace:n692127,type_0,type_5,rel_6,0,0,0,0,test:window_0,0,962708.0
4530.0,darpa_trace:n691865,darpa_trace:n692568,type_0,type_1,rel_7,0,0,0,0,test:window_0,0,963065.0
4531.0,darpa_trace:n691865,darpa_trace:n136536,type_0,type_4,rel_5,0,0,0,0,test:window_0,0,963617.0
4532.0,darpa_trace:n691865,darpa_trace:n136545,type_0,type_4,rel_5,0,0,0,0,test:window_0,0,963623.0
4533.0,darpa_trace:n691865,darpa_trace:n693125,type_0,type_5,rel_11,0,0,0,0,test:window_0,0,963957.0
4534.0,darpa_trace:n691865,darpa_trace:n693360,type_0,type_5,rel_6,0,0,0,0,test:window_0,0,964310.0
4535.0,darpa_trace:n691865,darpa_trace:n693596,type_0,type_5,rel_11,0,0,0,0,test:window_0,0,964560.0
4536.0,darpa_trace:n691865,darpa_trace:n717261,type_0,type_5,rel_11,0,0,0,0,test:window_0,0,964893.0
4537.0,darpa_trace:n692282,darpa_trace:n2315,type_0,type_4,rel_5,1,1,0,1,test:window_0,1,965021.0
4538.0,darpa_trace:n692656,darpa_trace:n703895,type_0,type_1,rel_1,0,0,0,0,test:window_0,0,966327.0
4539.0,darpa_trace:n692656,darpa_trace:n706603,type_0,type_1,rel_1,0,0,0,0,test:window_0,0,966907.0
4540.0,darpa_trace:n692656,darpa_trace:n706666,type_0,type_1,rel_1,0,0,0,0,test:window_0,0,966913.0
4541.0,darpa_trace:n692656,darpa_trace:n707812,type_0,type_1,rel_1,0,0,0,0,test:window_0,0,967205.0
4542.0,darpa_trace:n692656,darpa_trace:n708306,type_0,type_1,rel_1,0,0,0,0,test:window_0,0,967264.0
4543.0,darpa_trace:n692656,darpa_trace:n708311,type_0,type_1,rel_1,0,0,0,0,test:window_0,0,967267.0
4544.0,darpa_trace:n692656,darpa_trace:n710841,type_0,type_1,rel_1,0,0,0,0,test:window_0,0,967672.0
4545.0,darpa_trace:n692656,darpa_trace:n711074,type_0,type_1,rel_1,0,0,0,0,test:window_0,0,967737.0
4546.0,darpa_trace:n692656,darpa_trace:n712654,type_0,type_1,rel_1,0,0,0,0,test:window_0,0,968079.0
4547.0,darpa_trace:n692656,darpa_trace:n712775,type_0,type_1,rel_1,0,0,0,0,test:window_0,0,968114.0
4548.0,darpa_trace:n692656,darpa_trace:n713311,type_0,type_1,rel_1,0,0,0,0,test:window_0,0,968249.0
4549.0,darpa_trace:n692656,darpa_trace:n716535,type_0,type_1,rel_1,0,0,0,0,test:window_0,0,968739.0
4550.0,darpa_trace:n692910,darpa_trace:n2315,type_0,type_4,rel_5,1,1,0,1,test:window_0,1,968983.0
4551.0,darpa_trace:n692910,darpa_trace:n2398,type_0,type_4,rel_5,1,1,0,1,test:window_0,1,968985.0
4552.0,darpa_trace:n692910,darpa_trace:n2379,type_0,type_4,rel_5,1,1,0,1,test:window_0,1,968991.0
4553.0,darpa_trace:n693103,darpa_trace:n707032,type_0,type_4,rel_16,0,0,0,0,test:window_0,0,969309.0
4554.0,darpa_trace:n693103,darpa_trace:n661230,type_0,type_4,rel_5,0,0,0,0,test:window_0,0,969401.0
4555.0,darpa_trace:n693103,darpa_trace:n660968,type_0,type_4,rel_5,0,0,0,0,test:window_0,0,969488.0
4556.0,darpa_trace:n693103,darpa_trace:n664390,type_0,type_4,rel_5,0,0,0,0,test:window_0,0,969558.0
4557.0,darpa_trace:n693422,darpa_trace:n703564,type_0,type_1,rel_7,0,0,0,0,test:window_0,0,970060.0
4558.0,darpa_trace:n693422,darpa_trace:n713414,type_0,type_1,rel_6,0,0,0,0,test:window_0,0,970314.0
4559.0,darpa_trace:n693714,darpa_trace:n2315,type_0,type_4,rel_5,1,1,0,1,test:window_0,1,970527.0
4560.0,darpa_trace:n693714,darpa_trace:n2398,type_0,type_4,rel_5,1,1,0,1,test:window_0,1,970529.0
4561.0,darpa_trace:n693714,darpa_trace:n2379,type_0,type_4,rel_5,1,1,0,1,test:window_0,1,970552.0
4562.0,darpa_trace:n693714,darpa_trace:n694072,type_0,type_1,rel_7,0,0,0,0,test:window_0,0,970948.0
4563.0,darpa_trace:n693714,darpa_trace:n138672,type_0,type_4,rel_5,0,0,0,0,test:window_0,0,970979.0
4564.0,darpa_trace:n693714,darpa_trace:n138931,type_0,type_4,rel_5,0,0,0,0,test:window_0,0,971324.0
4565.0,darpa_trace:n693714,darpa_trace:n694841,type_0,type_5,rel_11,0,0,0,0,test:window_0,0,971504.0
4566.0,darpa_trace:n694046,darpa_trace:n694235,type_0,type_1,rel_1,0,0,0,0,test:window_0,0,971560.0
4567.0,darpa_trace:n694046,darpa_trace:n699269,type_0,type_1,rel_1,0,0,0,0,test:window_0,0,971648.0
4568.0,darpa_trace:n694046,darpa_trace:n702780,type_0,type_1,rel_1,0,0,0,0,test:window_0,0,972066.0
4569.0,darpa_trace:n694046,darpa_trace:n704795,type_0,type_1,rel_1,0,0,0,0,test:window_0,0,972361.0
4570.0,darpa_trace:n694046,darpa_trace:n706554,type_0,type_1,rel_1,0,0,0,0,test:window_0,0,972735.0
4571.0,darpa_trace:n694046,darpa_trace:n706582,type_0,type_1,rel_1,0,0,0,0,test:window_0,0,972746.0
4572.0,darpa_trace:n694046,darpa_trace:n707786,type_0,type_1,rel_1,0,0,0,0,test:window_0,0,972957.0
4573.0,darpa_trace:n694046,darpa_trace:n708175,type_0,type_1,rel_1,0,0,0,0,test:window_0,0,973081.0
4574.0,darpa_trace:n694046,darpa_trace:n708185,type_0,type_1,rel_1,0,0,0,0,test:window_0,0,973086.0
4575.0,darpa_trace:n694046,darpa_trace:n710285,type_0,type_1,rel_1,0,0,0,0,test:window_0,0,973256.0
4576.0,darpa_trace:n694046,darpa_trace:n710324,type_0,type_1,rel_1,0,0,0,0,test:window_0,0,973278.0
4577.0,darpa_trace:n694046,darpa_trace:n711742,type_0,type_1,rel_1,0,0,0,0,test:window_0,0,973475.0
4578.0,darpa_trace:n694046,darpa_trace:n713319,type_0,type_1,rel_1,0,0,0,0,test:window_0,0,973803.0
4579.0,darpa_trace:n694046,darpa_trace:n714307,type_0,type_1,rel_1,0,0,0,0,test:window_0,0,974001.0
4580.0,darpa_trace:n694046,darpa_trace:n714421,type_0,type_1,rel_1,0,0,0,0,test:window_0,0,974054.0
4581.0,darpa_trace:n694142,darpa_trace:n694046,type_1,type_0,rel_0,0,0,0,0,test:window_0,0,974622.0
4582.0,darpa_trace:n694392,darpa_trace:n2315,type_0,type_4,rel_5,1,1,0,1,test:window_0,1,974784.0
4583.0,darpa_trace:n694392,darpa_trace:n715511,type_0,type_3,rel_8,0,0,0,0,test:window_0,0,974857.0
4584.0,darpa_trace:n694657,darpa_trace:n195,type_1,type_0,rel_0,0,0,0,0,test:window_0,0,975077.0
4585.0,darpa_trace:n695065,darpa_trace:n695146,type_0,type_1,rel_1,0,0,0,0,test:window_0,0,975337.0
4586.0,darpa_trace:n695065,darpa_trace:n695708,type_0,type_1,rel_1,0,0,0,0,test:window_0,0,975619.0
4587.0,darpa_trace:n695065,darpa_trace:n695788,type_0,type_1,rel_1,0,0,0,0,test:window_0,0,975651.0
4588.0,darpa_trace:n695065,darpa_trace:n139953,type_0,type_4,rel_5,0,0,0,0,test:window_0,0,975688.0
4589.0,darpa_trace:n695065,darpa_trace:n696136,type_0,type_1,rel_1,0,0,0,0,test:window_0,0,975833.0
4590.0,darpa_trace:n695065,darpa_trace:n696800,type_0,type_1,rel_1,0,0,0,0,test:window_0,0,976177.0
4591.0,darpa_trace:n695065,darpa_trace:n696814,type_0,type_1,rel_1,0,0,0,0,test:window_0,0,976185.0
4592.0,darpa_trace:n695065,darpa_trace:n697220,type_0,type_1,rel_1,0,0,0,0,test:window_0,0,976397.0
4593.0,darpa_trace:n695065,darpa_trace:n697534,type_0,type_1,rel_1,0,0,0,0,test:window_0,0,976559.0
4594.0,darpa_trace:n695065,darpa_trace:n698565,type_0,type_1,rel_1,0,0,0,0,test:window_0,0,977059.0
4595.0,darpa_trace:n695065,darpa_trace:n698697,type_0,type_1,rel_1,0,0,0,0,test:window_0,0,977122.0
4596.0,darpa_trace:n695065,darpa_trace:n699540,type_0,type_1,rel_1,0,0,0,0,test:window_0,0,977410.0
4597.0,darpa_trace:n695065,darpa_trace:n702289,type_0,type_1,rel_1,0,0,0,0,test:window_0,0,977562.0
4598.0,darpa_trace:n695065,darpa_trace:n702367,type_0,type_1,rel_1,0,0,0,0,test:window_0,0,977601.0
4599.0,darpa_trace:n695065,darpa_trace:n704902,type_0,type_4,rel_16,0,0,0,0,test:window_0,0,977889.0
4600.0,darpa_trace:n695065,darpa_trace:n715663,type_0,type_1,rel_1,0,0,0,0,test:window_0,0,978695.0
4601.0,darpa_trace:n695065,darpa_trace:n715665,type_0,type_1,rel_1,0,0,0,0,test:window_1,0,978696.0
4602.0,darpa_trace:n695915,darpa_trace:n695065,type_1,type_0,rel_0,0,0,0,0,test:window_1,0,979247.0
4603.0,darpa_trace:n696450,darpa_trace:n695065,type_1,type_0,rel_0,0,0,0,0,test:window_1,0,979513.0
4604.0,darpa_trace:n696894,darpa_trace:n695065,type_1,type_0,rel_0,0,0,0,0,test:window_1,0,979735.0
4605.0,darpa_trace:n697289,darpa_trace:n695065,type_1,type_0,rel_0,0,0,0,0,test:window_1,0,979932.0
4606.0,darpa_trace:n697363,darpa_trace:n695065,type_1,type_0,rel_0,0,0,0,0,test:window_1,0,979969.0
4607.0,darpa_trace:n697531,darpa_trace:n695065,type_1,type_0,rel_0,0,0,0,0,test:window_1,0,980053.0
4608.0,darpa_trace:n697925,darpa_trace:n695065,type_1,type_0,rel_0,0,0,0,0,test:window_1,0,980250.0
4609.0,darpa_trace:n698027,darpa_trace:n692907,type_0,type_8,rel_7,0,0,0,0,test:window_1,0,980317.0
4610.0,darpa_trace:n698111,darpa_trace:n695065,type_1,type_0,rel_0,0,0,0,0,test:window_1,0,980407.0
4611.0,darpa_trace:n698251,darpa_trace:n695065,type_1,type_0,rel_0,0,0,0,0,test:window_1,0,980477.0
4612.0,darpa_trace:n698263,darpa_trace:n695065,type_1,type_0,rel_0,0,0,0,0,test:window_1,0,980483.0
4613.0,darpa_trace:n699261,darpa_trace:n695065,type_1,type_0,rel_0,0,0,0,0,test:window_1,0,981050.0
4614.0,darpa_trace:n699483,darpa_trace:n18,type_3,type_0,rel_0,0,0,0,0,test:window_1,0,981195.0
4615.0,darpa_trace:n699835,darpa_trace:n692656,type_1,type_0,rel_0,0,0,0,0,test:window_1,0,981417.0
4616.0,darpa_trace:n700093,darpa_trace:n195,type_1,type_0,rel_0,0,0,0,0,test:window_1,0,981563.0
4617.0,darpa_trace:n700138,darpa_trace:n694046,type_1,type_0,rel_0,0,0,0,0,test:window_1,0,981588.0
4618.0,darpa_trace:n700488,darpa_trace:n699097,type_3,type_0,rel_0,0,0,0,0,test:window_1,0,981796.0
4619.0,darpa_trace:n700986,darpa_trace:n694046,type_1,type_0,rel_0,0,0,0,0,test:window_1,0,982039.0
4620.0,darpa_trace:n701106,darpa_trace:n694046,type_1,type_0,rel_0,0,0,0,0,test:window_1,0,982112.0
4621.0,darpa_trace:n701158,darpa_trace:n694046,type_1,type_0,rel_0,0,0,0,0,test:window_1,0,982136.0
4622.0,darpa_trace:n701830,darpa_trace:n692656,type_1,type_0,rel_0,0,0,0,0,test:window_1,0,982451.0
4623.0,darpa_trace:n701910,darpa_trace:n692656,type_1,type_0,rel_0,0,0,0,0,test:window_1,0,982490.0
4624.0,darpa_trace:n702103,darpa_trace:n18,type_3,type_0,rel_0,0,0,0,0,test:window_1,0,982673.0
4625.0,darpa_trace:n702128,darpa_trace:n6626,type_1,type_0,rel_0,0,0,0,0,test:window_1,0,982698.0
4626.0,darpa_trace:n702244,darpa_trace:n695065,type_1,type_0,rel_0,0,0,0,0,test:window_1,0,982799.0
4627.0,darpa_trace:n703393,darpa_trace:n692656,type_1,type_0,rel_0,0,0,0,0,test:window_1,0,983453.0
4628.0,darpa_trace:n703917,darpa_trace:n694046,type_1,type_0,rel_0,0,0,0,0,test:window_1,0,983723.0
4629.0,darpa_trace:n704022,darpa_trace:n694046,type_1,type_0,rel_0,0,0,0,0,test:window_1,0,983775.0
4630.0,darpa_trace:n704090,darpa_trace:n692656,type_1,type_0,rel_0,0,0,0,0,test:window_1,0,983809.0
4631.0,darpa_trace:n705508,darpa_trace:n692656,type_1,type_0,rel_0,0,0,0,0,test:window_1,0,984494.0
4632.0,darpa_trace:n707122,darpa_trace:n694046,type_1,type_0,rel_0,0,0,0,0,test:window_1,0,985262.0
4633.0,darpa_trace:n707351,darpa_trace:n694046,type_1,type_0,rel_0,0,0,0,0,test:window_1,0,985369.0
4634.0,darpa_trace:n707956,darpa_trace:n692656,type_1,type_0,rel_0,0,0,0,0,test:window_1,0,985637.0
4635.0,darpa_trace:n708070,darpa_trace:n692656,type_1,type_0,rel_0,0,0,0,0,test:window_1,0,985692.0
4636.0,darpa_trace:n708084,darpa_trace:n692656,type_1,type_0,rel_0,0,0,0,0,test:window_1,0,985699.0
4637.0,darpa_trace:n709137,darpa_trace:n48,type_1,type_0,rel_0,0,0,0,0,test:window_1,0,986351.0
4638.0,darpa_trace:n709140,darpa_trace:n694392,type_3,type_0,rel_0,0,0,0,0,test:window_1,0,986354.0
4639.0,darpa_trace:n710480,darpa_trace:n693103,type_4,type_0,rel_2,0,0,0,0,test:window_1,0,987046.0
4640.0,darpa_trace:n710495,darpa_trace:n710471,type_3,type_0,rel_0,0,0,0,0,test:window_1,0,987055.0
4641.0,darpa_trace:n711026,darpa_trace:n694046,type_1,type_0,rel_0,0,0,0,0,test:window_1,0,987346.0
4642.0,darpa_trace:n711302,darpa_trace:n694046,type_1,type_0,rel_0,0,0,0,0,test:window_1,0,987487.0
4643.0,darpa_trace:n711308,darpa_trace:n694046,type_1,type_0,rel_0,0,0,0,0,test:window_1,0,987490.0
4644.0,darpa_trace:n711342,darpa_trace:n694046,type_1,type_0,rel_0,0,0,0,0,test:window_1,0,987507.0
4645.0,darpa_trace:n712675,darpa_trace:n694046,type_1,type_0,rel_0,0,0,0,0,test:window_1,0,988123.0
4646.0,darpa_trace:n713068,darpa_trace:n694046,type_1,type_0,rel_0,0,0,0,0,test:window_1,0,988311.0
4647.0,darpa_trace:n714836,darpa_trace:n694046,type_1,type_0,rel_0,0,0,0,0,test:window_1,0,989124.0
4648.0,darpa_trace:n714910,darpa_trace:n692656,type_1,type_0,rel_0,0,0,0,0,test:window_1,0,989158.0
4649.0,darpa_trace:n715189,darpa_trace:n699772,type_3,type_0,rel_0,0,0,0,0,test:window_1,0,989297.0
4650.0,darpa_trace:n716496,darpa_trace:n694046,type_1,type_0,rel_0,0,0,0,0,test:window_1,0,990029.0
4651.0,darpa_trace:n717390,darpa_trace:n2315,type_0,type_4,rel_5,1,1,0,1,test:window_1,1,990444.0
4652.0,darpa_trace:n717390,darpa_trace:n2398,type_0,type_4,rel_5,1,1,0,1,test:window_1,1,990502.0
4653.0,darpa_trace:n717390,darpa_trace:n2379,type_0,type_4,rel_5,1,1,0,1,test:window_1,1,990508.0
4654.0,darpa_trace:n717390,darpa_trace:n132649,type_0,type_4,rel_5,0,0,0,0,test:window_1,0,990701.0
4655.0,darpa_trace:n717390,darpa_trace:n717612,type_0,type_5,rel_11,0,0,0,0,test:window_1,0,990717.0
4656.0,darpa_trace:n717908,darpa_trace:n190,type_1,type_0,rel_0,0,0,0,0,test:window_1,0,991052.0
4657.0,darpa_trace:n718288,darpa_trace:n136374,type_1,type_0,rel_0,0,0,0,0,test:window_1,0,991432.0
4658.0,darpa_trace:n718398,darpa_trace:n2315,type_0,type_4,rel_5,1,1,0,1,test:window_1,1,991543.0
4659.0,darpa_trace:n718398,darpa_trace:n2398,type_0,type_4,rel_5,1,1,0,1,test:window_1,1,991545.0
4660.0,darpa_trace:n718398,darpa_trace:n2379,type_0,type_4,rel_5,1,1,0,1,test:window_1,1,991569.0
4661.0,darpa_trace:n718398,darpa_trace:n718942,type_0,type_1,rel_7,0,0,0,0,test:window_1,0,992008.0
4662.0,darpa_trace:n718398,darpa_trace:n138826,type_0,type_4,rel_5,0,0,0,0,test:window_1,0,992437.0
4663.0,darpa_trace:n718398,darpa_trace:n138915,type_0,type_4,rel_5,0,0,0,0,test:window_1,0,992526.0
4664.0,darpa_trace:n718398,darpa_trace:n136725,type_0,type_7,rel_5,0,0,0,0,test:window_1,0,992849.0
4665.0,darpa_trace:n718398,darpa_trace:n719423,type_0,type_1,rel_1,0,0,0,0,test:window_1,0,992873.0
4666.0,darpa_trace:n718398,darpa_trace:n719634,type_0,type_5,rel_6,0,0,0,0,test:window_1,0,993039.0
4667.0,darpa_trace:n718398,darpa_trace:n719944,type_0,type_5,rel_11,0,0,0,0,test:window_1,0,993468.0
4668.0,darpa_trace:n718398,darpa_trace:n750020,type_0,type_5,rel_11,0,0,0,0,test:window_1,0,993991.0
4669.0,darpa_trace:n718815,darpa_trace:n2315,type_0,type_4,rel_5,1,1,0,1,test:window_1,1,994120.0
4670.0,darpa_trace:n718905,darpa_trace:n718398,type_1,type_0,rel_0,0,0,0,0,test:window_1,0,994277.0
4671.0,darpa_trace:n719184,darpa_trace:n1016,type_1,type_0,rel_0,0,0,0,0,test:window_1,0,994529.0
4672.0,darpa_trace:n719189,darpa_trace:n726943,type_0,type_1,rel_1,0,0,0,0,test:window_1,0,994786.0
4673.0,darpa_trace:n719189,darpa_trace:n727504,type_0,type_1,rel_1,0,0,0,0,test:window_1,0,994914.0
4674.0,darpa_trace:n719189,darpa_trace:n728072,type_0,type_1,rel_1,0,0,0,0,test:window_1,0,995031.0
4675.0,darpa_trace:n719189,darpa_trace:n728528,type_0,type_1,rel_1,0,0,0,0,test:window_1,0,995116.0
4676.0,darpa_trace:n719189,darpa_trace:n728711,type_0,type_1,rel_1,0,0,0,0,test:window_1,0,995137.0
4677.0,darpa_trace:n719189,darpa_trace:n729877,type_0,type_1,rel_1,0,0,0,0,test:window_1,0,995419.0
4678.0,darpa_trace:n719189,darpa_trace:n732588,type_0,type_1,rel_1,0,0,0,0,test:window_1,0,996523.0
4679.0,darpa_trace:n719189,darpa_trace:n733189,type_0,type_1,rel_1,0,0,0,0,test:window_1,0,996800.0
4680.0,darpa_trace:n719189,darpa_trace:n735652,type_0,type_1,rel_1,0,0,0,0,test:window_1,0,997957.0
4681.0,darpa_trace:n719189,darpa_trace:n736274,type_0,type_1,rel_1,0,0,0,0,test:window_1,0,998232.0
4682.0,darpa_trace:n719189,darpa_trace:n736546,type_0,type_1,rel_1,0,0,0,0,test:window_1,0,998308.0
4683.0,darpa_trace:n719189,darpa_trace:n737986,type_0,type_1,rel_1,0,0,0,0,test:window_1,0,998476.0
4684.0,darpa_trace:n719189,darpa_trace:n738453,type_0,type_1,rel_1,0,0,0,0,test:window_1,0,998632.0
4685.0,darpa_trace:n719189,darpa_trace:n738950,type_0,type_1,rel_1,0,0,0,0,test:window_1,0,998839.0
4686.0,darpa_trace:n719189,darpa_trace:n739081,type_0,type_1,rel_1,0,0,0,0,test:window_1,0,998899.0
4687.0,darpa_trace:n719189,darpa_trace:n740024,type_0,type_1,rel_1,0,0,0,0,test:window_1,0,999123.0
4688.0,darpa_trace:n719189,darpa_trace:n741052,type_0,type_1,rel_1,0,0,0,0,test:window_1,0,999268.0
4689.0,darpa_trace:n719189,darpa_trace:n741726,type_0,type_1,rel_1,0,0,0,0,test:window_1,0,999408.0
4690.0,darpa_trace:n719189,darpa_trace:n743581,type_0,type_1,rel_1,0,0,0,0,test:window_1,0,999871.0
4691.0,darpa_trace:n719189,darpa_trace:n744423,type_0,type_1,rel_1,0,0,0,0,test:window_1,0,1000188.0
4692.0,darpa_trace:n719189,darpa_trace:n744840,type_0,type_1,rel_1,0,0,0,0,test:window_1,0,1000356.0
4693.0,darpa_trace:n719189,darpa_trace:n745267,type_0,type_1,rel_1,0,0,0,0,test:window_1,0,1000526.0
4694.0,darpa_trace:n719189,darpa_trace:n745477,type_0,type_1,rel_1,0,0,0,0,test:window_1,0,1000592.0
4695.0,darpa_trace:n719189,darpa_trace:n746773,type_0,type_1,rel_1,0,0,0,0,test:window_1,0,1001019.0
4696.0,darpa_trace:n719189,darpa_trace:n747446,type_0,type_1,rel_1,0,0,0,0,test:window_1,0,1001245.0
4697.0,darpa_trace:n719189,darpa_trace:n748725,type_0,type_1,rel_1,0,0,0,0,test:window_1,0,1001593.0
4698.0,darpa_trace:n719189,darpa_trace:n749251,type_0,type_1,rel_1,0,0,0,0,test:window_1,0,1001839.0
4699.0,darpa_trace:n719189,darpa_trace:n749435,type_0,type_1,rel_1,0,0,0,0,test:window_1,0,1001924.0
4700.0,darpa_trace:n719360,darpa_trace:n719361,type_0,type_1,rel_7,0,0,0,0,test:window_1,0,1002069.0
4701.0,darpa_trace:n719442,darpa_trace:n2315,type_0,type_4,rel_5,1,1,0,1,test:window_2,1,1002136.0
4702.0,darpa_trace:n719442,darpa_trace:n2398,type_0,type_4,rel_5,1,1,0,1,test:window_2,1,1002138.0
4703.0,darpa_trace:n719442,darpa_trace:n2379,type_0,type_4,rel_5,1,1,0,1,test:window_2,1,1002144.0
4704.0,darpa_trace:n719442,darpa_trace:n3520,type_0,type_4,rel_5,0,0,0,0,test:window_2,0,1002213.0
4705.0,darpa_trace:n719958,darpa_trace:n726972,type_0,type_1,rel_7,0,0,0,0,test:window_2,0,1002692.0
4706.0,darpa_trace:n719958,darpa_trace:n727115,type_0,type_1,rel_7,0,0,0,0,test:window_2,0,1002731.0
4707.0,darpa_trace:n719958,darpa_trace:n728551,type_0,type_5,rel_6,0,0,0,0,test:window_2,0,1002759.0
4708.0,darpa_trace:n719958,darpa_trace:n739047,type_0,type_1,rel_7,0,0,0,0,test:window_2,0,1002978.0
4709.0,darpa_trace:n720247,darpa_trace:n2315,type_0,type_4,rel_5,1,1,0,1,test:window_2,1,1003354.0
4710.0,darpa_trace:n720247,darpa_trace:n2398,type_0,type_4,rel_5,1,1,0,1,test:window_2,1,1003356.0
4711.0,darpa_trace:n720247,darpa_trace:n2379,type_0,type_4,rel_5,1,1,0,1,test:window_2,1,1003379.0
4712.0,darpa_trace:n720247,darpa_trace:n720344,type_0,type_5,rel_11,0,0,0,0,test:window_2,0,1003468.0
4713.0,darpa_trace:n720247,darpa_trace:n720409,type_0,type_5,rel_6,0,0,0,0,test:window_2,0,1003553.0
4714.0,darpa_trace:n720247,darpa_trace:n720497,type_0,type_5,rel_11,0,0,0,0,test:window_2,0,1003666.0
4715.0,darpa_trace:n720579,darpa_trace:n727940,type_0,type_1,rel_1,0,0,0,0,test:window_2,0,1004819.0
4716.0,darpa_trace:n720579,darpa_trace:n729367,type_0,type_1,rel_1,0,0,0,0,test:window_2,0,1005121.0
4717.0,darpa_trace:n720579,darpa_trace:n729995,type_0,type_1,rel_1,0,0,0,0,test:window_2,0,1005246.0
4718.0,darpa_trace:n720579,darpa_trace:n730263,type_0,type_1,rel_1,0,0,0,0,test:window_2,0,1005247.0
4719.0,darpa_trace:n720579,darpa_trace:n739605,type_0,type_1,rel_1,0,0,0,0,test:window_2,0,1005569.0
4720.0,darpa_trace:n720579,darpa_trace:n742377,type_0,type_1,rel_1,0,0,0,0,test:window_2,0,1005908.0
4721.0,darpa_trace:n720579,darpa_trace:n743260,type_0,type_1,rel_1,0,0,0,0,test:window_2,0,1006108.0
4722.0,darpa_trace:n720579,darpa_trace:n744475,type_0,type_1,rel_1,0,0,0,0,test:window_2,0,1006197.0
4723.0,darpa_trace:n720755,darpa_trace:n720579,type_1,type_0,rel_0,0,0,0,0,test:window_2,0,1006785.0
4724.0,darpa_trace:n720937,darpa_trace:n2315,type_0,type_4,rel_5,1,1,0,1,test:window_2,1,1006869.0
4725.0,darpa_trace:n721604,darpa_trace:n721651,type_0,type_1,rel_1,0,0,0,0,test:window_2,0,1007385.0
4726.0,darpa_trace:n721604,darpa_trace:n721898,type_0,type_1,rel_1,0,0,0,0,test:window_2,0,1007516.0
4727.0,darpa_trace:n721604,darpa_trace:n721988,type_0,type_1,rel_1,0,0,0,0,test:window_2,0,1007562.0
4728.0,darpa_trace:n721604,darpa_trace:n722018,type_0,type_1,rel_1,0,0,0,0,test:window_2,0,1007577.0
4729.0,darpa_trace:n721604,darpa_trace:n722410,type_0,type_1,rel_1,0,0,0,0,test:window_2,0,1007771.0
4730.0,darpa_trace:n721604,darpa_trace:n722644,type_0,type_1,rel_1,0,0,0,0,test:window_2,0,1007890.0
4731.0,darpa_trace:n721604,darpa_trace:n722908,type_0,type_1,rel_1,0,0,0,0,test:window_2,0,1008027.0
4732.0,darpa_trace:n721604,darpa_trace:n723318,type_0,type_1,rel_1,0,0,0,0,test:window_2,0,1008240.0
4733.0,darpa_trace:n721604,darpa_trace:n723657,type_0,type_1,rel_1,0,0,0,0,test:window_2,0,1008417.0
4734.0,darpa_trace:n721604,darpa_trace:n723907,type_0,type_1,rel_1,0,0,0,0,test:window_2,0,1008548.0
4735.0,darpa_trace:n721604,darpa_trace:n723997,type_0,type_1,rel_1,0,0,0,0,test:window_2,0,1008593.0
4736.0,darpa_trace:n721604,darpa_trace:n724349,type_0,type_1,rel_1,0,0,0,0,test:window_2,0,1008769.0
4737.0,darpa_trace:n721604,darpa_trace:n725101,type_0,type_1,rel_1,0,0,0,0,test:window_2,0,1009133.0
4738.0,darpa_trace:n721604,darpa_trace:n732315,type_0,type_1,rel_1,0,0,0,0,test:window_2,0,1009697.0
4739.0,darpa_trace:n721604,darpa_trace:n732387,type_0,type_1,rel_1,0,0,0,0,test:window_2,0,1009733.0
4740.0,darpa_trace:n721604,darpa_trace:n737261,type_0,type_1,rel_1,0,0,0,0,test:window_2,0,1009987.0
4741.0,darpa_trace:n721604,darpa_trace:n737293,type_0,type_1,rel_1,0,0,0,0,test:window_2,0,1010003.0
4742.0,darpa_trace:n721604,darpa_trace:n739691,type_0,type_1,rel_1,0,0,0,0,test:window_2,0,1010128.0
4743.0,darpa_trace:n721604,darpa_trace:n742113,type_0,type_1,rel_1,0,0,0,0,test:window_2,0,1010495.0
4744.0,darpa_trace:n721604,darpa_trace:n745602,type_0,type_1,rel_1,0,0,0,0,test:window_2,0,1010636.0
4745.0,darpa_trace:n721604,darpa_trace:n748232,type_0,type_1,rel_1,0,0,0,0,test:window_2,0,1010829.0
4746.0,darpa_trace:n721638,darpa_trace:n721604,type_1,type_0,rel_0,0,0,0,0,test:window_2,0,1010877.0
4747.0,darpa_trace:n721661,darpa_trace:n721604,type_1,type_0,rel_0,0,0,0,0,test:window_2,0,1010888.0
4748.0,darpa_trace:n721705,darpa_trace:n721604,type_1,type_0,rel_0,0,0,0,0,test:window_2,0,1010910.0
4749.0,darpa_trace:n723111,darpa_trace:n721604,type_1,type_0,rel_0,0,0,0,0,test:window_2,0,1011613.0
4750.0,darpa_trace:n724278,darpa_trace:n721604,type_1,type_0,rel_0,0,0,0,0,test:window_2,0,1012195.0
4751.0,darpa_trace:n724750,darpa_trace:n721604,type_1,type_0,rel_0,0,0,0,0,test:window_2,0,1012430.0
4752.0,darpa_trace:n725239,darpa_trace:n721604,type_1,type_0,rel_0,0,0,0,0,test:window_2,0,1012716.0
4753.0,darpa_trace:n725349,darpa_trace:n721604,type_1,type_0,rel_0,0,0,0,0,test:window_2,0,1012770.0
4754.0,darpa_trace:n725489,darpa_trace:n721604,type_1,type_0,rel_0,0,0,0,0,test:window_2,0,1012840.0
4755.0,darpa_trace:n725672,darpa_trace:n720579,type_1,type_0,rel_0,0,0,0,0,test:window_2,0,1012931.0
4756.0,darpa_trace:n725766,darpa_trace:n719189,type_1,type_0,rel_0,0,0,0,0,test:window_2,0,1013001.0
4757.0,darpa_trace:n726207,darpa_trace:n720579,type_1,type_0,rel_0,0,0,0,0,test:window_2,0,1013334.0
4758.0,darpa_trace:n726230,darpa_trace:n719189,type_1,type_0,rel_0,0,0,0,0,test:window_2,0,1013345.0
4759.0,darpa_trace:n726330,darpa_trace:n720579,type_1,type_0,rel_0,0,0,0,0,test:window_2,0,1013398.0
4760.0,darpa_trace:n726407,darpa_trace:n720579,type_1,type_0,rel_0,0,0,0,0,test:window_2,0,1013495.0
4761.0,darpa_trace:n726757,darpa_trace:n720579,type_1,type_0,rel_0,0,0,0,0,test:window_2,0,1013687.0
4762.0,darpa_trace:n726907,darpa_trace:n724798,type_0,type_5,rel_6,0,0,0,0,test:window_2,0,1013791.0
4763.0,darpa_trace:n728852,darpa_trace:n719189,type_1,type_0,rel_0,0,0,0,0,test:window_2,0,1014747.0
4764.0,darpa_trace:n729226,darpa_trace:n719189,type_1,type_0,rel_0,0,0,0,0,test:window_2,0,1014916.0
4765.0,darpa_trace:n729266,darpa_trace:n719189,type_1,type_0,rel_0,0,0,0,0,test:window_2,0,1014935.0
4766.0,darpa_trace:n730280,darpa_trace:n720579,type_1,type_0,rel_0,0,0,0,0,test:window_2,0,1015478.0
4767.0,darpa_trace:n730755,darpa_trace:n726345,type_3,type_0,rel_0,0,0,0,0,test:window_2,0,1015726.0
4768.0,darpa_trace:n730806,darpa_trace:n720579,type_1,type_0,rel_0,0,0,0,0,test:window_2,0,1015752.0
4769.0,darpa_trace:n732054,darpa_trace:n48,type_1,type_0,rel_0,0,0,0,0,test:window_2,0,1016437.0
4770.0,darpa_trace:n732102,darpa_trace:n48,type_1,type_0,rel_0,0,0,0,0,test:window_2,0,1016479.0
4771.0,darpa_trace:n732111,darpa_trace:n720579,type_1,type_0,rel_0,0,0,0,0,test:window_2,0,1016484.0
4772.0,darpa_trace:n732620,darpa_trace:n720579,type_1,type_0,rel_0,0,0,0,0,test:window_2,0,1016749.0
4773.0,darpa_trace:n732768,darpa_trace:n720579,type_1,type_0,rel_0,0,0,0,0,test:window_2,0,1016827.0
4774.0,darpa_trace:n732982,darpa_trace:n720579,type_1,type_0,rel_0,0,0,0,0,test:window_2,0,1016940.0
4775.0,darpa_trace:n733155,darpa_trace:n720579,type_1,type_0,rel_0,0,0,0,0,test:window_2,0,1017030.0
4776.0,darpa_trace:n733309,darpa_trace:n720579,type_1,type_0,rel_0,0,0,0,0,test:window_2,0,1017114.0
4777.0,darpa_trace:n733486,darpa_trace:n720579,type_1,type_0,rel_0,0,0,0,0,test:window_2,0,1017207.0
4778.0,darpa_trace:n734155,darpa_trace:n720579,type_1,type_0,rel_0,0,0,0,0,test:window_2,0,1017560.0
4779.0,darpa_trace:n735004,darpa_trace:n719189,type_1,type_0,rel_0,0,0,0,0,test:window_2,0,1017998.0
4780.0,darpa_trace:n735044,darpa_trace:n720579,type_1,type_0,rel_0,0,0,0,0,test:window_2,0,1018018.0
4781.0,darpa_trace:n735530,darpa_trace:n720579,type_1,type_0,rel_0,0,0,0,0,test:window_2,0,1018274.0
4782.0,darpa_trace:n735585,darpa_trace:n720579,type_1,type_0,rel_0,0,0,0,0,test:window_2,0,1018302.0
4783.0,darpa_trace:n736809,darpa_trace:n721604,type_1,type_0,rel_0,0,0,0,0,test:window_2,0,1018957.0
4784.0,darpa_trace:n736958,darpa_trace:n48,type_1,type_0,rel_0,0,0,0,0,test:window_2,0,1019057.0
4785.0,darpa_trace:n737775,darpa_trace:n190,type_1,type_0,rel_0,0,0,0,0,test:window_2,0,1019492.0
4786.0,darpa_trace:n738206,darpa_trace:n720579,type_1,type_0,rel_0,0,0,0,0,test:window_2,0,1019722.0
4787.0,darpa_trace:n739578,darpa_trace:n721604,type_1,type_0,rel_0,0,0,0,0,test:window_2,0,1020275.0
4788.0,darpa_trace:n739848,darpa_trace:n18,type_3,type_0,rel_0,0,0,0,0,test:window_2,0,1020420.0
4789.0,darpa_trace:n739916,darpa_trace:n190,type_1,type_0,rel_0,0,0,0,0,test:window_2,0,1020463.0
4790.0,darpa_trace:n740044,darpa_trace:n721604,type_1,type_0,rel_0,0,0,0,0,test:window_2,0,1020546.0
4791.0,darpa_trace:n740620,darpa_trace:n720579,type_1,type_0,rel_0,0,0,0,0,test:window_2,0,1020844.0
4792.0,darpa_trace:n740645,darpa_trace:n48,type_1,type_0,rel_0,0,0,0,0,test:window_2,0,1020858.0
4793.0,darpa_trace:n741062,darpa_trace:n721604,type_1,type_0,rel_0,0,0,0,0,test:window_2,0,1021090.0
4794.0,darpa_trace:n741064,darpa_trace:n721604,type_1,type_0,rel_0,0,0,0,0,test:window_2,0,1021091.0
4795.0,darpa_trace:n743014,darpa_trace:n719189,type_1,type_0,rel_0,0,0,0,0,test:window_2,0,1022027.0
4796.0,darpa_trace:n743181,darpa_trace:n721604,type_1,type_0,rel_0,0,0,0,0,test:window_2,0,1022091.0
4797.0,darpa_trace:n743475,darpa_trace:n721604,type_1,type_0,rel_0,0,0,0,0,test:window_2,0,1022198.0
4798.0,darpa_trace:n743994,darpa_trace:n720579,type_1,type_0,rel_0,0,0,0,0,test:window_2,0,1022452.0
4799.0,darpa_trace:n744130,darpa_trace:n720579,type_1,type_0,rel_0,0,0,0,0,test:window_2,0,1022524.0
4800.0,darpa_trace:n744207,darpa_trace:n720579,type_1,type_0,rel_0,0,0,0,0,test:window_2,0,1022563.0
4801.0,darpa_trace:n744763,darpa_trace:n719189,type_1,type_0,rel_0,0,0,0,0,test:window_3,0,1022842.0
4802.0,darpa_trace:n745337,darpa_trace:n719189,type_1,type_0,rel_0,0,0,0,0,test:window_3,0,1023129.0
4803.0,darpa_trace:n745420,darpa_trace:n720579,type_1,type_0,rel_0,0,0,0,0,test:window_3,0,1023169.0
4804.0,darpa_trace:n746320,darpa_trace:n720579,type_1,type_0,rel_0,0,0,0,0,test:window_3,0,1023622.0
4805.0,darpa_trace:n746342,darpa_trace:n720579,type_1,type_0,rel_0,0,0,0,0,test:window_3,0,1023635.0
4806.0,darpa_trace:n746716,darpa_trace:n720579,type_1,type_0,rel_0,0,0,0,0,test:window_3,0,1023819.0
4807.0,darpa_trace:n746879,darpa_trace:n720579,type_1,type_0,rel_0,0,0,0,0,test:window_3,0,1023902.0
4808.0,darpa_trace:n747660,darpa_trace:n18,type_3,type_0,rel_0,0,0,0,0,test:window_3,0,1024293.0
4809.0,darpa_trace:n747861,darpa_trace:n720579,type_1,type_0,rel_0,0,0,0,0,test:window_3,0,1024390.0
4810.0,darpa_trace:n748363,darpa_trace:n720579,type_1,type_0,rel_0,0,0,0,0,test:window_3,0,1024649.0
4811.0,darpa_trace:n748853,darpa_trace:n720579,type_1,type_0,rel_0,0,0,0,0,test:window_3,0,1024907.0
4812.0,darpa_trace:n748859,darpa_trace:n720579,type_1,type_0,rel_0,0,0,0,0,test:window_3,0,1024910.0
4813.0,darpa_trace:n749286,darpa_trace:n720579,type_1,type_0,rel_0,0,0,0,0,test:window_3,0,1025132.0
4814.0,darpa_trace:n749563,darpa_trace:n720579,type_1,type_0,rel_0,0,0,0,0,test:window_3,0,1025275.0
4815.0,darpa_trace:n750138,darpa_trace:n2315,type_0,type_4,rel_5,1,1,0,1,test:window_3,1,1025535.0
4816.0,darpa_trace:n750138,darpa_trace:n750139,type_0,type_5,rel_6,0,0,0,0,test:window_3,0,1025536.0
4817.0,darpa_trace:n750138,darpa_trace:n2398,type_0,type_4,rel_5,1,1,0,1,test:window_3,1,1025593.0
4818.0,darpa_trace:n750138,darpa_trace:n2379,type_0,type_4,rel_5,1,1,0,1,test:window_3,1,1025599.0
4819.0,darpa_trace:n750138,darpa_trace:n132562,type_0,type_4,rel_5,0,0,0,0,test:window_3,0,1025689.0
4820.0,darpa_trace:n750138,darpa_trace:n750414,type_0,type_5,rel_11,0,0,0,0,test:window_3,0,1025862.0
4821.0,darpa_trace:n750145,darpa_trace:n190,type_1,type_0,rel_0,0,0,0,0,test:window_3,0,1025917.0
4822.0,darpa_trace:n750573,darpa_trace:n6623,type_1,type_0,rel_0,0,0,0,0,test:window_3,0,1026060.0
4823.0,darpa_trace:n751135,darpa_trace:n2315,type_0,type_4,rel_5,1,1,0,1,test:window_3,1,1026623.0
4824.0,darpa_trace:n751135,darpa_trace:n2398,type_0,type_4,rel_5,1,1,0,1,test:window_3,1,1026625.0
4825.0,darpa_trace:n751135,darpa_trace:n2379,type_0,type_4,rel_5,1,1,0,1,test:window_3,1,1026649.0
4826.0,darpa_trace:n751135,darpa_trace:n751158,type_0,type_5,rel_11,0,0,0,0,test:window_3,0,1026651.0
4827.0,darpa_trace:n751135,darpa_trace:n751387,type_0,type_5,rel_6,0,0,0,0,test:window_3,0,1026836.0
4828.0,darpa_trace:n751135,darpa_trace:n751899,type_0,type_1,rel_7,0,0,0,0,test:window_3,0,1027304.0
4829.0,darpa_trace:n751135,darpa_trace:n138862,type_0,type_4,rel_5,0,0,0,0,test:window_3,0,1027553.0
4830.0,darpa_trace:n751135,darpa_trace:n752041,type_0,type_5,rel_11,0,0,0,0,test:window_3,0,1027689.0
4831.0,darpa_trace:n751135,darpa_trace:n6746,type_0,type_4,rel_5,0,0,0,0,test:window_3,0,1027779.0
4832.0,darpa_trace:n751135,darpa_trace:n139219,type_0,type_4,rel_5,0,0,0,0,test:window_3,0,1027985.0
4833.0,darpa_trace:n751135,darpa_trace:n752502,type_0,type_5,rel_11,0,0,0,0,test:window_3,0,1028261.0
4834.0,darpa_trace:n751556,darpa_trace:n2315,type_0,type_4,rel_5,1,1,0,1,test:window_3,1,1029198.0
4835.0,darpa_trace:n751955,darpa_trace:n762058,type_0,type_1,rel_1,0,0,0,0,test:window_3,0,1030513.0
4836.0,darpa_trace:n751955,darpa_trace:n763321,type_0,type_1,rel_1,0,0,0,0,test:window_3,0,1030685.0
4837.0,darpa_trace:n751955,darpa_trace:n764999,type_0,type_1,rel_1,0,0,0,0,test:window_3,0,1031152.0
4838.0,darpa_trace:n751955,darpa_trace:n765520,type_0,type_1,rel_1,0,0,0,0,test:window_3,0,1031306.0
4839.0,darpa_trace:n751955,darpa_trace:n768088,type_0,type_1,rel_1,0,0,0,0,test:window_3,0,1031881.0
4840.0,darpa_trace:n751955,darpa_trace:n768179,type_0,type_1,rel_1,0,0,0,0,test:window_3,0,1031919.0
4841.0,darpa_trace:n751955,darpa_trace:n768337,type_0,type_1,rel_1,0,0,0,0,test:window_3,0,1031976.0
4842.0,darpa_trace:n751955,darpa_trace:n770434,type_0,type_1,rel_1,0,0,0,0,test:window_3,0,1032401.0
4843.0,darpa_trace:n751955,darpa_trace:n771176,type_0,type_1,rel_1,0,0,0,0,test:window_3,0,1032545.0
4844.0,darpa_trace:n751955,darpa_trace:n771512,type_0,type_1,rel_1,0,0,0,0,test:window_3,0,1032627.0
4845.0,darpa_trace:n751955,darpa_trace:n773311,type_0,type_1,rel_1,0,0,0,0,test:window_3,0,1032978.0
4846.0,darpa_trace:n751955,darpa_trace:n775268,type_0,type_1,rel_1,0,0,0,0,test:window_3,0,1033382.0
4847.0,darpa_trace:n751955,darpa_trace:n775840,type_0,type_1,rel_1,0,0,0,0,test:window_3,0,1033498.0
4848.0,darpa_trace:n751955,darpa_trace:n777680,type_0,type_1,rel_1,0,0,0,0,test:window_3,0,1034061.0
4849.0,darpa_trace:n751955,darpa_trace:n777917,type_0,type_1,rel_1,0,0,0,0,test:window_3,0,1034174.0
4850.0,darpa_trace:n751955,darpa_trace:n778425,type_0,type_1,rel_1,0,0,0,0,test:window_3,0,1034403.0
4851.0,darpa_trace:n751955,darpa_trace:n778509,type_0,type_1,rel_1,0,0,0,0,test:window_3,0,1034443.0
4852.0,darpa_trace:n751955,darpa_trace:n778731,type_0,type_1,rel_1,0,0,0,0,test:window_3,0,1034542.0
4853.0,darpa_trace:n751955,darpa_trace:n779467,type_0,type_1,rel_1,0,0,0,0,test:window_3,0,1034877.0
4854.0,darpa_trace:n751955,darpa_trace:n779829,type_0,type_1,rel_1,0,0,0,0,test:window_3,0,1035047.0
4855.0,darpa_trace:n751992,darpa_trace:n752966,type_0,type_5,rel_6,0,0,0,0,test:window_3,0,1035832.0
4856.0,darpa_trace:n751998,darpa_trace:n758362,type_0,type_5,rel_6,0,0,0,0,test:window_3,0,1035842.0
4857.0,darpa_trace:n752016,darpa_trace:n755025,type_0,type_5,rel_6,0,0,0,0,test:window_3,0,1035875.0
4858.0,darpa_trace:n752182,darpa_trace:n2315,type_0,type_4,rel_5,1,1,0,1,test:window_3,1,1035966.0
4859.0,darpa_trace:n752182,darpa_trace:n2398,type_0,type_4,rel_5,1,1,0,1,test:window_3,1,1035968.0
4860.0,darpa_trace:n752182,darpa_trace:n2379,type_0,type_4,rel_5,1,1,0,1,test:window_3,1,1035974.0
4861.0,darpa_trace:n752445,darpa_trace:n752445,type_0,type_0,rel_3,0,0,0,0,test:window_3,0,1036521.0
4862.0,darpa_trace:n752697,darpa_trace:n764203,type_0,type_1,rel_7,0,0,0,0,test:window_3,0,1036890.0
4863.0,darpa_trace:n752697,darpa_trace:n766898,type_0,type_1,rel_6,0,0,0,0,test:window_3,0,1037085.0
4864.0,darpa_trace:n752697,darpa_trace:n782021,type_0,type_1,rel_6,0,0,0,0,test:window_3,0,1037515.0
4865.0,darpa_trace:n752963,darpa_trace:n752101,type_1,type_0,rel_0,0,0,0,0,test:window_3,0,1037623.0
4866.0,darpa_trace:n752979,darpa_trace:n2315,type_0,type_4,rel_5,1,1,0,1,test:window_3,1,1037654.0
4867.0,darpa_trace:n752979,darpa_trace:n2398,type_0,type_4,rel_5,1,1,0,1,test:window_3,1,1037656.0
4868.0,darpa_trace:n752979,darpa_trace:n2379,type_0,type_4,rel_5,1,1,0,1,test:window_3,1,1037679.0
4869.0,darpa_trace:n752979,darpa_trace:n137949,type_0,type_4,rel_5,0,0,0,0,test:window_3,0,1037752.0
4870.0,darpa_trace:n752979,darpa_trace:n139267,type_0,type_4,rel_5,0,0,0,0,test:window_3,0,1038561.0
4871.0,darpa_trace:n753310,darpa_trace:n762214,type_0,type_1,rel_1,0,0,0,0,test:window_3,0,1039364.0
4872.0,darpa_trace:n753310,darpa_trace:n762271,type_0,type_1,rel_1,0,0,0,0,test:window_3,0,1039385.0
4873.0,darpa_trace:n753310,darpa_trace:n762535,type_0,type_1,rel_1,0,0,0,0,test:window_3,0,1039471.0
4874.0,darpa_trace:n753310,darpa_trace:n763065,type_0,type_1,rel_1,0,0,0,0,test:window_3,0,1039621.0
4875.0,darpa_trace:n753310,darpa_trace:n765408,type_0,type_1,rel_1,0,0,0,0,test:window_3,0,1040020.0
4876.0,darpa_trace:n753310,darpa_trace:n767105,type_0,type_1,rel_1,0,0,0,0,test:window_3,0,1040360.0
4877.0,darpa_trace:n753310,darpa_trace:n768438,type_0,type_1,rel_1,0,0,0,0,test:window_3,0,1040507.0
4878.0,darpa_trace:n753310,darpa_trace:n769484,type_0,type_1,rel_1,0,0,0,0,test:window_3,0,1040637.0
4879.0,darpa_trace:n753310,darpa_trace:n770065,type_0,type_1,rel_1,0,0,0,0,test:window_3,0,1040723.0
4880.0,darpa_trace:n753310,darpa_trace:n770471,type_0,type_1,rel_1,0,0,0,0,test:window_3,0,1040772.0
4881.0,darpa_trace:n753310,darpa_trace:n770625,type_0,type_1,rel_1,0,0,0,0,test:window_3,0,1040815.0
4882.0,darpa_trace:n753310,darpa_trace:n771188,type_0,type_1,rel_1,0,0,0,0,test:window_3,0,1040937.0
4883.0,darpa_trace:n753310,darpa_trace:n772931,type_0,type_1,rel_1,0,0,0,0,test:window_3,0,1041280.0
4884.0,darpa_trace:n753310,darpa_trace:n775516,type_0,type_1,rel_1,0,0,0,0,test:window_3,0,1041561.0
4885.0,darpa_trace:n753310,darpa_trace:n775547,type_0,type_1,rel_1,0,0,0,0,test:window_3,0,1041571.0
4886.0,darpa_trace:n753310,darpa_trace:n781309,type_0,type_1,rel_1,0,0,0,0,test:window_3,0,1041860.0
4887.0,darpa_trace:n753310,darpa_trace:n782006,type_0,type_1,rel_1,0,0,0,0,test:window_3,0,1041990.0
4888.0,darpa_trace:n753670,darpa_trace:n2315,type_0,type_4,rel_5,1,1,0,1,test:window_3,1,1042398.0
4889.0,darpa_trace:n753901,darpa_trace:n190,type_1,type_0,rel_0,0,0,0,0,test:window_3,0,1042619.0
4890.0,darpa_trace:n754332,darpa_trace:n754700,type_0,type_1,rel_1,0,0,0,0,test:window_3,0,1043069.0
4891.0,darpa_trace:n754332,darpa_trace:n755497,type_0,type_1,rel_1,0,0,0,0,test:window_3,0,1043469.0
4892.0,darpa_trace:n754332,darpa_trace:n755728,type_0,type_1,rel_1,0,0,0,0,test:window_3,0,1043588.0
4893.0,darpa_trace:n754332,darpa_trace:n755740,type_0,type_1,rel_1,0,0,0,0,test:window_3,0,1043594.0
4894.0,darpa_trace:n754332,darpa_trace:n756262,type_0,type_1,rel_1,0,0,0,0,test:window_3,0,1043853.0
4895.0,darpa_trace:n754332,darpa_trace:n756435,type_0,type_1,rel_1,0,0,0,0,test:window_3,0,1043946.0
4896.0,darpa_trace:n754332,darpa_trace:n756745,type_0,type_1,rel_1,0,0,0,0,test:window_3,0,1044105.0
4897.0,darpa_trace:n754332,darpa_trace:n144316,type_0,type_4,rel_5,0,0,0,0,test:window_3,0,1044208.0
4898.0,darpa_trace:n754332,darpa_trace:n756969,type_0,type_1,rel_1,0,0,0,0,test:window_3,0,1044213.0
4899.0,darpa_trace:n754332,darpa_trace:n757640,type_0,type_1,rel_1,0,0,0,0,test:window_3,0,1044548.0
4900.0,darpa_trace:n754332,darpa_trace:n757776,type_0,type_1,rel_1,0,0,0,0,test:window_3,0,1044610.0
4901.0,darpa_trace:n754332,darpa_trace:n767751,type_0,type_1,rel_1,0,0,0,0,test:window_4,0,1045166.0
4902.0,darpa_trace:n754332,darpa_trace:n767863,type_0,type_1,rel_1,0,0,0,0,test:window_4,0,1045222.0
4903.0,darpa_trace:n754332,darpa_trace:n770900,type_0,type_1,rel_1,0,0,0,0,test:window_4,0,1045487.0
4904.0,darpa_trace:n754332,darpa_trace:n774067,type_0,type_1,rel_1,0,0,0,0,test:window_4,0,1045724.0
4905.0,darpa_trace:n754332,darpa_trace:n780841,type_0,type_1,rel_1,0,0,0,0,test:window_4,0,1046068.0
4906.0,darpa_trace:n754382,darpa_trace:n754332,type_1,type_0,rel_0,0,0,0,0,test:window_4,0,1046230.0
4907.0,darpa_trace:n754986,darpa_trace:n754332,type_1,type_0,rel_0,0,0,0,0,test:window_4,0,1046536.0
4908.0,darpa_trace:n755342,darpa_trace:n754332,type_1,type_0,rel_0,0,0,0,0,test:window_4,0,1046711.0
4909.0,darpa_trace:n755556,darpa_trace:n754332,type_1,type_0,rel_0,0,0,0,0,test:window_4,0,1046817.0
4910.0,darpa_trace:n755787,darpa_trace:n755789,type_0,type_3,rel_12,0,0,0,0,test:window_4,0,1046935.0
4911.0,darpa_trace:n755787,darpa_trace:n773009,type_0,type_3,rel_12,0,0,0,0,test:window_4,0,1046964.0
4912.0,darpa_trace:n755922,darpa_trace:n754332,type_1,type_0,rel_0,0,0,0,0,test:window_4,0,1047054.0
4913.0,darpa_trace:n756032,darpa_trace:n754332,type_1,type_0,rel_0,0,0,0,0,test:window_4,0,1047109.0
4914.0,darpa_trace:n756109,darpa_trace:n754332,type_1,type_0,rel_0,0,0,0,0,test:window_4,0,1047147.0
4915.0,darpa_trace:n756131,darpa_trace:n754332,type_1,type_0,rel_0,0,0,0,0,test:window_4,0,1047158.0
4916.0,darpa_trace:n756231,darpa_trace:n754332,type_1,type_0,rel_0,0,0,0,0,test:window_4,0,1047208.0
4917.0,darpa_trace:n757727,darpa_trace:n754332,type_1,type_0,rel_0,0,0,0,0,test:window_4,0,1048010.0
4918.0,darpa_trace:n758406,darpa_trace:n192,type_1,type_0,rel_0,0,0,0,0,test:window_4,0,1048358.0
4919.0,darpa_trace:n758785,darpa_trace:n754332,type_1,type_0,rel_0,0,0,0,0,test:window_4,0,1048611.0
4920.0,darpa_trace:n759037,darpa_trace:n759014,type_3,type_0,rel_0,0,0,0,0,test:window_4,0,1048787.0
4921.0,darpa_trace:n759155,darpa_trace:n751955,type_1,type_0,rel_0,0,0,0,0,test:window_4,0,1048850.0
4922.0,darpa_trace:n759376,darpa_trace:n192,type_1,type_0,rel_0,0,0,0,0,test:window_4,0,1048969.0
4923.0,darpa_trace:n761099,darpa_trace:n751955,type_1,type_0,rel_0,0,0,0,0,test:window_4,0,1049880.0
4924.0,darpa_trace:n761262,darpa_trace:n753310,type_1,type_0,rel_0,0,0,0,0,test:window_4,0,1049962.0
4925.0,darpa_trace:n761560,darpa_trace:n751955,type_1,type_0,rel_0,0,0,0,0,test:window_4,0,1050115.0
4926.0,darpa_trace:n762004,darpa_trace:n753310,type_1,type_0,rel_0,0,0,0,0,test:window_4,0,1050319.0
4927.0,darpa_trace:n762477,darpa_trace:n751955,type_1,type_0,rel_0,0,0,0,0,test:window_4,0,1050541.0
4928.0,darpa_trace:n762899,darpa_trace:n751955,type_1,type_0,rel_0,0,0,0,0,test:window_4,0,1050725.0
4929.0,darpa_trace:n762920,darpa_trace:n751955,type_1,type_0,rel_0,0,0,0,0,test:window_4,0,1050734.0
4930.0,darpa_trace:n762969,darpa_trace:n751955,type_1,type_0,rel_0,0,0,0,0,test:window_4,0,1050757.0
4931.0,darpa_trace:n763113,darpa_trace:n751955,type_1,type_0,rel_0,0,0,0,0,test:window_4,0,1050821.0
4932.0,darpa_trace:n764253,darpa_trace:n751955,type_1,type_0,rel_0,0,0,0,0,test:window_4,0,1051375.0
4933.0,darpa_trace:n764334,darpa_trace:n751955,type_1,type_0,rel_0,0,0,0,0,test:window_4,0,1051411.0
4934.0,darpa_trace:n765212,darpa_trace:n753310,type_1,type_0,rel_0,0,0,0,0,test:window_4,0,1051841.0
4935.0,darpa_trace:n765381,darpa_trace:n753310,type_1,type_0,rel_0,0,0,0,0,test:window_4,0,1051920.0
4936.0,darpa_trace:n766242,darpa_trace:n753310,type_1,type_0,rel_0,0,0,0,0,test:window_4,0,1052314.0
4937.0,darpa_trace:n768739,darpa_trace:n192,type_1,type_0,rel_0,0,0,0,0,test:window_4,0,1053632.0
4938.0,darpa_trace:n768921,darpa_trace:n754332,type_1,type_0,rel_0,0,0,0,0,test:window_4,0,1053761.0
4939.0,darpa_trace:n769844,darpa_trace:n753310,type_1,type_0,rel_0,0,0,0,0,test:window_4,0,1054265.0
4940.0,darpa_trace:n770117,darpa_trace:n752375,type_4,type_0,rel_2,0,0,0,0,test:window_4,0,1054396.0
4941.0,darpa_trace:n770259,darpa_trace:n753310,type_1,type_0,rel_0,0,0,0,0,test:window_4,0,1054466.0
4942.0,darpa_trace:n770917,darpa_trace:n754332,type_1,type_0,rel_0,0,0,0,0,test:window_4,0,1054780.0
4943.0,darpa_trace:n771000,darpa_trace:n754332,type_1,type_0,rel_0,0,0,0,0,test:window_4,0,1054816.0
4944.0,darpa_trace:n771414,darpa_trace:n751955,type_1,type_0,rel_0,0,0,0,0,test:window_4,0,1055009.0
4945.0,darpa_trace:n771595,darpa_trace:n751955,type_1,type_0,rel_0,0,0,0,0,test:window_4,0,1055092.0
4946.0,darpa_trace:n772072,darpa_trace:n751955,type_1,type_0,rel_0,0,0,0,0,test:window_4,0,1055291.0
4947.0,darpa_trace:n773325,darpa_trace:n753310,type_1,type_0,rel_0,0,0,0,0,test:window_4,0,1055921.0
4948.0,darpa_trace:n773654,darpa_trace:n751955,type_1,type_0,rel_0,0,0,0,0,test:window_4,0,1056114.0
4949.0,darpa_trace:n773742,darpa_trace:n48,type_1,type_0,rel_0,0,0,0,0,test:window_4,0,1056176.0
4950.0,darpa_trace:n773776,darpa_trace:n190,type_1,type_0,rel_0,0,0,0,0,test:window_4,0,1056195.0
4951.0,darpa_trace:n774366,darpa_trace:n753310,type_1,type_0,rel_0,0,0,0,0,test:window_4,0,1056490.0
4952.0,darpa_trace:n775204,darpa_trace:n753310,type_1,type_0,rel_0,0,0,0,0,test:window_4,0,1056927.0
4953.0,darpa_trace:n775324,darpa_trace:n751955,type_1,type_0,rel_0,0,0,0,0,test:window_4,0,1056982.0
4954.0,darpa_trace:n775406,darpa_trace:n751955,type_1,type_0,rel_0,0,0,0,0,test:window_4,0,1057020.0
4955.0,darpa_trace:n776260,darpa_trace:n753310,type_1,type_0,rel_0,0,0,0,0,test:window_4,0,1057389.0
4956.0,darpa_trace:n776463,darpa_trace:n754332,type_1,type_0,rel_0,0,0,0,0,test:window_4,0,1057486.0
4957.0,darpa_trace:n776619,darpa_trace:n195,type_1,type_0,rel_0,0,0,0,0,test:window_4,0,1057535.0
4958.0,darpa_trace:n777377,darpa_trace:n753310,type_1,type_0,rel_0,0,0,0,0,test:window_4,0,1057926.0
4959.0,darpa_trace:n777440,darpa_trace:n18,type_3,type_0,rel_0,0,0,0,0,test:window_4,0,1057958.0
4960.0,darpa_trace:n777515,darpa_trace:n753310,type_1,type_0,rel_0,0,0,0,0,test:window_4,0,1058000.0
4961.0,darpa_trace:n778306,darpa_trace:n753310,type_1,type_0,rel_0,0,0,0,0,test:window_4,0,1058408.0
4962.0,darpa_trace:n778409,darpa_trace:n18,type_3,type_0,rel_0,0,0,0,0,test:window_4,0,1058466.0
4963.0,darpa_trace:n778512,darpa_trace:n753310,type_1,type_0,rel_0,0,0,0,0,test:window_4,0,1058519.0
4964.0,darpa_trace:n779007,darpa_trace:n753310,type_1,type_0,rel_0,0,0,0,0,test:window_4,0,1058783.0
4965.0,darpa_trace:n780213,darpa_trace:n753310,type_1,type_0,rel_0,0,0,0,0,test:window_4,0,1059420.0
4966.0,darpa_trace:n780732,darpa_trace:n753310,type_1,type_0,rel_0,0,0,0,0,test:window_4,0,1059693.0
4967.0,darpa_trace:n781360,darpa_trace:n751955,type_1,type_0,rel_0,0,0,0,0,test:window_4,0,1060015.0
4968.0,darpa_trace:n782588,darpa_trace:n195,type_1,type_0,rel_0,0,0,0,0,test:window_4,0,1060615.0
4969.0,darpa_trace:n782686,darpa_trace:n754332,type_1,type_0,rel_0,0,0,0,0,test:window_4,0,1060684.0
4970.0,darpa_trace:n783062,darpa_trace:n2315,type_0,type_4,rel_5,1,1,0,1,test:window_4,1,1060823.0
4971.0,darpa_trace:n783062,darpa_trace:n2398,type_0,type_4,rel_5,1,1,0,1,test:window_4,1,1060881.0
4972.0,darpa_trace:n783062,darpa_trace:n2379,type_0,type_4,rel_5,1,1,0,1,test:window_4,1,1060887.0
4973.0,darpa_trace:n783062,darpa_trace:n783181,type_0,type_5,rel_11,0,0,0,0,test:window_4,0,1060966.0
4974.0,darpa_trace:n783062,darpa_trace:n783246,type_0,type_5,rel_6,0,0,0,0,test:window_4,0,1061050.0
4975.0,darpa_trace:n783349,darpa_trace:n783062,type_1,type_0,rel_0,0,0,0,0,test:window_4,0,1061217.0
4976.0,darpa_trace:n783474,darpa_trace:n192,type_1,type_0,rel_0,0,0,0,0,test:window_4,0,1061325.0
4977.0,darpa_trace:n783501,darpa_trace:n192,type_1,type_0,rel_0,0,0,0,0,test:window_4,0,1061352.0
4978.0,darpa_trace:n783625,darpa_trace:n190,type_1,type_0,rel_0,0,0,0,0,test:window_4,0,1061476.0
4979.0,darpa_trace:n783648,darpa_trace:n195,type_1,type_0,rel_0,0,0,0,0,test:window_4,0,1061499.0
4980.0,darpa_trace:n783816,darpa_trace:n136374,type_1,type_0,rel_0,0,0,0,0,test:window_4,0,1061667.0
4981.0,darpa_trace:n783817,darpa_trace:n136374,type_1,type_0,rel_0,0,0,0,0,test:window_4,0,1061668.0
4982.0,darpa_trace:n783870,darpa_trace:n136374,type_1,type_0,rel_0,0,0,0,0,test:window_4,0,1061721.0
4983.0,darpa_trace:n783885,darpa_trace:n136374,type_1,type_0,rel_0,0,0,0,0,test:window_4,0,1061736.0
4984.0,darpa_trace:n783935,darpa_trace:n192,type_1,type_0,rel_0,0,0,0,0,test:window_4,0,1061786.0
4985.0,darpa_trace:n784062,darpa_trace:n2315,type_0,type_4,rel_5,1,1,0,1,test:window_4,1,1061915.0
4986.0,darpa_trace:n784062,darpa_trace:n2398,type_0,type_4,rel_5,1,1,0,1,test:window_4,1,1061917.0
4987.0,darpa_trace:n784062,darpa_trace:n2379,type_0,type_4,rel_5,1,1,0,1,test:window_4,1,1061941.0
4988.0,darpa_trace:n784062,darpa_trace:n784115,type_0,type_5,rel_11,0,0,0,0,test:window_4,0,1061972.0
4989.0,darpa_trace:n784062,darpa_trace:n132739,type_0,type_4,rel_5,0,0,0,0,test:window_4,0,1062070.0
4990.0,darpa_trace:n784062,darpa_trace:n784287,type_0,type_5,rel_6,0,0,0,0,test:window_4,0,1062126.0
4991.0,darpa_trace:n784062,darpa_trace:n784335,type_0,type_5,rel_11,0,0,0,0,test:window_4,0,1062163.0
4992.0,darpa_trace:n784062,darpa_trace:n138846,type_0,type_4,rel_5,0,0,0,0,test:window_4,0,1062829.0
4993.0,darpa_trace:n784062,darpa_trace:n136604,type_0,type_4,rel_5,0,0,0,0,test:window_4,0,1063130.0
4994.0,darpa_trace:n784062,darpa_trace:n136649,type_0,type_7,rel_5,0,0,0,0,test:window_4,0,1063159.0
4995.0,darpa_trace:n784479,darpa_trace:n2315,type_0,type_4,rel_5,1,1,0,1,test:window_4,1,1063536.0
4996.0,darpa_trace:n784479,darpa_trace:n784566,type_0,type_5,rel_6,0,0,0,0,test:window_4,0,1063626.0
4997.0,darpa_trace:n784749,darpa_trace:n784062,type_1,type_0,rel_0,0,0,0,0,test:window_4,0,1063865.0
4998.0,darpa_trace:n785105,darpa_trace:n2315,type_0,type_4,rel_5,1,1,0,1,test:window_4,1,1064033.0
4999.0,darpa_trace:n785105,darpa_trace:n2398,type_0,type_4,rel_5,1,1,0,1,test:window_4,1,1064035.0
5000.0,darpa_trace:n785105,darpa_trace:n2379,type_0,type_4,rel_5,1,1,0,1,test:window_4,1,1064041.0
