node_id,node_index
darpa_cadets:n0,0
darpa_cadets:n10,1
darpa_cadets:n100096,2
darpa_cadets:n100458,3
darpa_cadets:n100528,4
darpa_cadets:n1007,5
darpa_cadets:n10070,6
darpa_cadets:n10087,7
darpa_cadets:n100966,8
darpa_cadets:n10097,9
darpa_cadets:n101079,10
darpa_cadets:n101237,11
darpa_cadets:n10158,12
darpa_cadets:n101621,13
darpa_cadets:n101766,14
darpa_cadets:n10192,15
darpa_cadets:n101980,16
darpa_cadets:n102286,17
darpa_cadets:n10229,18
darpa_cadets:n10233,19
darpa_cadets:n102763,20
darpa_cadets:n102786,21
darpa_cadets:n102808,22
darpa_cadets:n102897,23
darpa_cadets:n103053,24
darpa_cadets:n103140,25
darpa_cadets:n103154,26
darpa_cadets:n103180,27
darpa_cadets:n103364,28
darpa_cadets:n103365,29
darpa_cadets:n103441,30
darpa_cadets:n10349,31
darpa_cadets:n10360,32
darpa_cadets:n103612,33
darpa_cadets:n103653,34
darpa_cadets:n103661,35
darpa_cadets:n103811,36
darpa_cadets:n103916,37
darpa_cadets:n104007,38
darpa_cadets:n104092,39
darpa_cadets:n104101,40
darpa_cadets:n104112,41
darpa_cadets:n104204,42
darpa_cadets:n104209,43
darpa_cadets:n10472,44
darpa_cadets:n104752,45
darpa_cadets:n10480,46
darpa_cadets:n10489,47
darpa_cadets:n105034,48
darpa_cadets:n105127,49
darpa_cadets:n105185,50
darpa_cadets:n105188,51
darpa_cadets:n1052,52
darpa_cadets:n105239,53
darpa_cadets:n105316,54
darpa_cadets:n105328,55
darpa_cadets:n10533,56
darpa_cadets:n105453,57
darpa_cadets:n1055,58
darpa_cadets:n105592,59
darpa_cadets:n1056,60
darpa_cadets:n105637,61
darpa_cadets:n105664,62
darpa_cadets:n1057,63
darpa_cadets:n10578,64
darpa_cadets:n105794,65
darpa_cadets:n1058,66
darpa_cadets:n105897,67
darpa_cadets:n105898,68
darpa_cadets:n1059,69
darpa_cadets:n105906,70
darpa_cadets:n105908,71
darpa_cadets:n10593,72
darpa_cadets:n1060,73
darpa_cadets:n106183,74
darpa_cadets:n10619,75
darpa_cadets:n106306,76
darpa_cadets:n106309,77
darpa_cadets:n10639,78
darpa_cadets:n106397,79
darpa_cadets:n1064,80
darpa_cadets:n106466,81
darpa_cadets:n1065,82
darpa_cadets:n106515,83
darpa_cadets:n106560,84
darpa_cadets:n106590,85
darpa_cadets:n1066,86
darpa_cadets:n106600,87
darpa_cadets:n106676,88
darpa_cadets:n106745,89
darpa_cadets:n106845,90
darpa_cadets:n106884,91
darpa_cadets:n10690,92
darpa_cadets:n106903,93
darpa_cadets:n106952,94
darpa_cadets:n107020,95
darpa_cadets:n107151,96
darpa_cadets:n107157,97
darpa_cadets:n107377,98
darpa_cadets:n107392,99
darpa_cadets:n107444,100
darpa_cadets:n107455,101
darpa_cadets:n107533,102
darpa_cadets:n107548,103
darpa_cadets:n10757,104
darpa_cadets:n107595,105
darpa_cadets:n107677,106
darpa_cadets:n1077,107
darpa_cadets:n107720,108
darpa_cadets:n107721,109
darpa_cadets:n107735,110
darpa_cadets:n1078,111
darpa_cadets:n107866,112
darpa_cadets:n107875,113
darpa_cadets:n107996,114
darpa_cadets:n108,115
darpa_cadets:n108037,116
darpa_cadets:n108046,117
darpa_cadets:n108111,118
darpa_cadets:n108153,119
darpa_cadets:n108296,120
darpa_cadets:n10830,121
darpa_cadets:n108302,122
darpa_cadets:n108306,123
darpa_cadets:n108381,124
darpa_cadets:n108423,125
darpa_cadets:n108564,126
darpa_cadets:n108578,127
darpa_cadets:n108592,128
darpa_cadets:n108620,129
darpa_cadets:n108635,130
darpa_cadets:n108720,131
darpa_cadets:n108764,132
darpa_cadets:n108839,133
darpa_cadets:n108874,134
darpa_cadets:n108875,135
darpa_cadets:n108880,136
darpa_cadets:n108988,137
darpa_cadets:n10905,138
darpa_cadets:n10910,139
darpa_cadets:n10916,140
darpa_cadets:n10918,141
darpa_cadets:n109187,142
darpa_cadets:n109312,143
darpa_cadets:n109600,144
darpa_cadets:n109659,145
darpa_cadets:n109714,146
darpa_cadets:n109781,147
darpa_cadets:n109860,148
darpa_cadets:n109874,149
darpa_cadets:n109983,150
darpa_cadets:n11,151
darpa_cadets:n110,152
darpa_cadets:n110012,153
darpa_cadets:n110016,154
darpa_cadets:n110157,155
darpa_cadets:n110162,156
darpa_cadets:n11035,157
darpa_cadets:n110431,158
darpa_cadets:n110432,159
darpa_cadets:n110547,160
darpa_cadets:n110549,161
darpa_cadets:n110550,162
darpa_cadets:n110591,163
darpa_cadets:n110696,164
darpa_cadets:n1107,165
darpa_cadets:n110700,166
darpa_cadets:n110738,167
darpa_cadets:n110767,168
darpa_cadets:n110846,169
darpa_cadets:n110882,170
darpa_cadets:n111031,171
darpa_cadets:n11116,172
darpa_cadets:n111172,173
darpa_cadets:n11119,174
darpa_cadets:n111291,175
darpa_cadets:n111376,176
darpa_cadets:n1114,177
darpa_cadets:n111449,178
darpa_cadets:n111574,179
darpa_cadets:n111578,180
darpa_cadets:n111582,181
darpa_cadets:n111627,182
darpa_cadets:n111720,183
darpa_cadets:n111738,184
darpa_cadets:n111824,185
darpa_cadets:n111831,186
darpa_cadets:n111853,187
darpa_cadets:n111864,188
darpa_cadets:n111889,189
darpa_cadets:n112006,190
darpa_cadets:n112007,191
darpa_cadets:n112057,192
darpa_cadets:n11213,193
darpa_cadets:n112182,194
darpa_cadets:n112268,195
darpa_cadets:n112478,196
darpa_cadets:n112580,197
darpa_cadets:n112732,198
darpa_cadets:n11280,199
darpa_cadets:n11283,200
darpa_cadets:n11284,201
darpa_cadets:n11285,202
darpa_cadets:n112855,203
darpa_cadets:n112897,204
darpa_cadets:n112998,205
darpa_cadets:n113012,206
darpa_cadets:n113023,207
darpa_cadets:n113267,208
darpa_cadets:n113271,209
darpa_cadets:n11328,210
darpa_cadets:n113320,211
darpa_cadets:n113324,212
darpa_cadets:n113476,213
darpa_cadets:n113681,214
darpa_cadets:n113759,215
darpa_cadets:n113805,216
darpa_cadets:n11383,217
darpa_cadets:n114,218
darpa_cadets:n114006,219
darpa_cadets:n114147,220
darpa_cadets:n114186,221
darpa_cadets:n114344,222
darpa_cadets:n114443,223
darpa_cadets:n114486,224
darpa_cadets:n11454,225
darpa_cadets:n114555,226
darpa_cadets:n11456,227
darpa_cadets:n114700,228
darpa_cadets:n114760,229
darpa_cadets:n114853,230
darpa_cadets:n114917,231
darpa_cadets:n114942,232
darpa_cadets:n114989,233
darpa_cadets:n115033,234
darpa_cadets:n115126,235
darpa_cadets:n115169,236
darpa_cadets:n115176,237
darpa_cadets:n115210,238
darpa_cadets:n115226,239
darpa_cadets:n115382,240
darpa_cadets:n115412,241
darpa_cadets:n115413,242
darpa_cadets:n115559,243
darpa_cadets:n115624,244
darpa_cadets:n11586,245
darpa_cadets:n115868,246
darpa_cadets:n116055,247
darpa_cadets:n11609,248
darpa_cadets:n11615,249
darpa_cadets:n116155,250
darpa_cadets:n116254,251
darpa_cadets:n116374,252
darpa_cadets:n116513,253
darpa_cadets:n116575,254
darpa_cadets:n116582,255
darpa_cadets:n116665,256
darpa_cadets:n116775,257
darpa_cadets:n116801,258
darpa_cadets:n116802,259
darpa_cadets:n116851,260
darpa_cadets:n11687,261
darpa_cadets:n11700,262
darpa_cadets:n117056,263
darpa_cadets:n117078,264
darpa_cadets:n117085,265
darpa_cadets:n117193,266
darpa_cadets:n117234,267
darpa_cadets:n11727,268
darpa_cadets:n117480,269
darpa_cadets:n11760,270
darpa_cadets:n117695,271
darpa_cadets:n117702,272
darpa_cadets:n117827,273
darpa_cadets:n117889,274
darpa_cadets:n118079,275
darpa_cadets:n118263,276
darpa_cadets:n118268,277
darpa_cadets:n118508,278
darpa_cadets:n118598,279
darpa_cadets:n118647,280
darpa_cadets:n11866,281
darpa_cadets:n11868,282
darpa_cadets:n118805,283
darpa_cadets:n118981,284
darpa_cadets:n11919,285
darpa_cadets:n119237,286
darpa_cadets:n119517,287
darpa_cadets:n119533,288
darpa_cadets:n119716,289
darpa_cadets:n119770,290
darpa_cadets:n119787,291
darpa_cadets:n119878,292
darpa_cadets:n12,293
darpa_cadets:n120000,294
darpa_cadets:n120001,295
darpa_cadets:n12004,296
darpa_cadets:n120118,297
darpa_cadets:n120155,298
darpa_cadets:n120387,299
darpa_cadets:n120486,300
darpa_cadets:n120563,301
darpa_cadets:n12057,302
darpa_cadets:n120675,303
darpa_cadets:n120745,304
darpa_cadets:n12078,305
darpa_cadets:n120782,306
darpa_cadets:n120852,307
darpa_cadets:n120915,308
darpa_cadets:n120950,309
darpa_cadets:n120995,310
darpa_cadets:n12101,311
darpa_cadets:n121085,312
darpa_cadets:n121113,313
darpa_cadets:n121167,314
darpa_cadets:n121307,315
darpa_cadets:n121339,316
darpa_cadets:n121398,317
darpa_cadets:n121416,318
darpa_cadets:n121450,319
darpa_cadets:n121486,320
darpa_cadets:n121537,321
darpa_cadets:n121625,322
darpa_cadets:n121719,323
darpa_cadets:n121762,324
darpa_cadets:n121865,325
darpa_cadets:n12224,326
darpa_cadets:n122247,327
darpa_cadets:n122277,328
darpa_cadets:n1223,329
darpa_cadets:n122313,330
darpa_cadets:n122669,331
darpa_cadets:n1227,332
darpa_cadets:n122724,333
darpa_cadets:n1228,334
darpa_cadets:n122934,335
darpa_cadets:n123039,336
darpa_cadets:n1232,337
darpa_cadets:n123224,338
darpa_cadets:n123273,339
darpa_cadets:n1233,340
darpa_cadets:n123301,341
darpa_cadets:n123323,342
darpa_cadets:n12337,343
darpa_cadets:n123399,344
darpa_cadets:n1234,345
darpa_cadets:n123456,346
darpa_cadets:n123491,347
darpa_cadets:n1235,348
darpa_cadets:n1236,349
darpa_cadets:n123601,350
darpa_cadets:n123677,351
darpa_cadets:n123687,352
darpa_cadets:n1237,353
darpa_cadets:n123712,354
darpa_cadets:n1238,355
darpa_cadets:n123877,356
darpa_cadets:n12397,357
darpa_cadets:n124,358
darpa_cadets:n1240,359
darpa_cadets:n124066,360
darpa_cadets:n124115,361
darpa_cadets:n12416,362
darpa_cadets:n124167,363
darpa_cadets:n124184,364
darpa_cadets:n1242,365
darpa_cadets:n12422,366
darpa_cadets:n124252,367
darpa_cadets:n1243,368
darpa_cadets:n124336,369
darpa_cadets:n124338,370
darpa_cadets:n124358,371
darpa_cadets:n124384,372
darpa_cadets:n124385,373
darpa_cadets:n1244,374
darpa_cadets:n124470,375
darpa_cadets:n124478,376
darpa_cadets:n124524,377
darpa_cadets:n1246,378
darpa_cadets:n124667,379
darpa_cadets:n1248,380
darpa_cadets:n124818,381
darpa_cadets:n124845,382
darpa_cadets:n124960,383
darpa_cadets:n125092,384
darpa_cadets:n1251,385
darpa_cadets:n125163,386
darpa_cadets:n125179,387
darpa_cadets:n1252,388
darpa_cadets:n125226,389
darpa_cadets:n125256,390
darpa_cadets:n125374,391
darpa_cadets:n12542,392
darpa_cadets:n125479,393
darpa_cadets:n125526,394
darpa_cadets:n126176,395
darpa_cadets:n12628,396
darpa_cadets:n126280,397
darpa_cadets:n126298,398
darpa_cadets:n126332,399
darpa_cadets:n1266,400
darpa_cadets:n126644,401
darpa_cadets:n126693,402
darpa_cadets:n1267,403
darpa_cadets:n126776,404
darpa_cadets:n126801,405
darpa_cadets:n1269,406
darpa_cadets:n127078,407
darpa_cadets:n1271,408
darpa_cadets:n127107,409
darpa_cadets:n12711,410
darpa_cadets:n12721,411
darpa_cadets:n127484,412
darpa_cadets:n127516,413
darpa_cadets:n127587,414
darpa_cadets:n127643,415
darpa_cadets:n127837,416
darpa_cadets:n127906,417
darpa_cadets:n127917,418
darpa_cadets:n127928,419
darpa_cadets:n1280,420
darpa_cadets:n128099,421
darpa_cadets:n128158,422
darpa_cadets:n12819,423
darpa_cadets:n128241,424
darpa_cadets:n128253,425
darpa_cadets:n128336,426
darpa_cadets:n128464,427
darpa_cadets:n128481,428
darpa_cadets:n128552,429
darpa_cadets:n128561,430
darpa_cadets:n12857,431
darpa_cadets:n128574,432
darpa_cadets:n128598,433
darpa_cadets:n128624,434
darpa_cadets:n128817,435
darpa_cadets:n128852,436
darpa_cadets:n128867,437
darpa_cadets:n128906,438
darpa_cadets:n128996,439
darpa_cadets:n129,440
darpa_cadets:n129179,441
darpa_cadets:n129191,442
darpa_cadets:n129369,443
darpa_cadets:n129477,444
darpa_cadets:n129544,445
darpa_cadets:n129607,446
darpa_cadets:n129628,447
darpa_cadets:n129635,448
darpa_cadets:n129678,449
darpa_cadets:n129733,450
darpa_cadets:n129742,451
darpa_cadets:n129872,452
darpa_cadets:n12999,453
darpa_cadets:n13,454
darpa_cadets:n130036,455
darpa_cadets:n130092,456
darpa_cadets:n130152,457
darpa_cadets:n130181,458
darpa_cadets:n13025,459
darpa_cadets:n130298,460
darpa_cadets:n1303,461
darpa_cadets:n130363,462
darpa_cadets:n130399,463
darpa_cadets:n130451,464
darpa_cadets:n130549,465
darpa_cadets:n130599,466
darpa_cadets:n130713,467
darpa_cadets:n130719,468
darpa_cadets:n130955,469
darpa_cadets:n130970,470
darpa_cadets:n131100,471
darpa_cadets:n131108,472
darpa_cadets:n131155,473
darpa_cadets:n1312,474
darpa_cadets:n131335,475
darpa_cadets:n13136,476
darpa_cadets:n131504,477
darpa_cadets:n13162,478
darpa_cadets:n131651,479
darpa_cadets:n131729,480
darpa_cadets:n131823,481
darpa_cadets:n131840,482
darpa_cadets:n131852,483
darpa_cadets:n13191,484
darpa_cadets:n132053,485
darpa_cadets:n132055,486
darpa_cadets:n132272,487
darpa_cadets:n132317,488
darpa_cadets:n132337,489
darpa_cadets:n1324,490
darpa_cadets:n132427,491
darpa_cadets:n132467,492
darpa_cadets:n132592,493
darpa_cadets:n132595,494
darpa_cadets:n132599,495
darpa_cadets:n1327,496
darpa_cadets:n132777,497
darpa_cadets:n132783,498
darpa_cadets:n132897,499
darpa_cadets:n132929,500
darpa_cadets:n133110,501
darpa_cadets:n133137,502
darpa_cadets:n133142,503
darpa_cadets:n133158,504
darpa_cadets:n13316,505
darpa_cadets:n1332,506
darpa_cadets:n133218,507
darpa_cadets:n13330,508
darpa_cadets:n1334,509
darpa_cadets:n133523,510
darpa_cadets:n133637,511
darpa_cadets:n133744,512
darpa_cadets:n1338,513
darpa_cadets:n133838,514
darpa_cadets:n133865,515
darpa_cadets:n133883,516
darpa_cadets:n133900,517
darpa_cadets:n134008,518
darpa_cadets:n134036,519
darpa_cadets:n13407,520
darpa_cadets:n1341,521
darpa_cadets:n134186,522
darpa_cadets:n134228,523
darpa_cadets:n134239,524
darpa_cadets:n134267,525
darpa_cadets:n134354,526
darpa_cadets:n134357,527
darpa_cadets:n134418,528
darpa_cadets:n134422,529
darpa_cadets:n134428,530
darpa_cadets:n134521,531
darpa_cadets:n134536,532
darpa_cadets:n13454,533
darpa_cadets:n1346,534
darpa_cadets:n13462,535
darpa_cadets:n13463,536
darpa_cadets:n13464,537
darpa_cadets:n13466,538
darpa_cadets:n13469,539
darpa_cadets:n134747,540
darpa_cadets:n134751,541
darpa_cadets:n134752,542
darpa_cadets:n134977,543
darpa_cadets:n134989,544
darpa_cadets:n135151,545
darpa_cadets:n135210,546
darpa_cadets:n135294,547
darpa_cadets:n135297,548
darpa_cadets:n135435,549
darpa_cadets:n135443,550
darpa_cadets:n135581,551
darpa_cadets:n135675,552
darpa_cadets:n13595,553
darpa_cadets:n135988,554
darpa_cadets:n135995,555
darpa_cadets:n136082,556
darpa_cadets:n136193,557
darpa_cadets:n136297,558
darpa_cadets:n136421,559
darpa_cadets:n13643,560
darpa_cadets:n136449,561
darpa_cadets:n13645,562
darpa_cadets:n13646,563
darpa_cadets:n136555,564
darpa_cadets:n136582,565
darpa_cadets:n136653,566
darpa_cadets:n136656,567
darpa_cadets:n136728,568
darpa_cadets:n136729,569
darpa_cadets:n136745,570
darpa_cadets:n136865,571
darpa_cadets:n136974,572
darpa_cadets:n137081,573
darpa_cadets:n137152,574
darpa_cadets:n137273,575
darpa_cadets:n137280,576
darpa_cadets:n137285,577
darpa_cadets:n137424,578
darpa_cadets:n137541,579
darpa_cadets:n137574,580
darpa_cadets:n137581,581
darpa_cadets:n137587,582
darpa_cadets:n1376,583
darpa_cadets:n137655,584
darpa_cadets:n1377,585
darpa_cadets:n137722,586
darpa_cadets:n137777,587
darpa_cadets:n1378,588
darpa_cadets:n137829,589
darpa_cadets:n137959,590
darpa_cadets:n137969,591
darpa_cadets:n138009,592
darpa_cadets:n138069,593
darpa_cadets:n138138,594
darpa_cadets:n138141,595
darpa_cadets:n138142,596
darpa_cadets:n138207,597
darpa_cadets:n138216,598
darpa_cadets:n138266,599
darpa_cadets:n138288,600
darpa_cadets:n138425,601
darpa_cadets:n138437,602
darpa_cadets:n138554,603
darpa_cadets:n138565,604
darpa_cadets:n138664,605
darpa_cadets:n138725,606
darpa_cadets:n138791,607
darpa_cadets:n138833,608
darpa_cadets:n138838,609
darpa_cadets:n138840,610
darpa_cadets:n138846,611
darpa_cadets:n138872,612
darpa_cadets:n139009,613
darpa_cadets:n13902,614
darpa_cadets:n13909,615
darpa_cadets:n139204,616
darpa_cadets:n139207,617
darpa_cadets:n139237,618
darpa_cadets:n139279,619
darpa_cadets:n139280,620
darpa_cadets:n139430,621
darpa_cadets:n139482,622
darpa_cadets:n139483,623
darpa_cadets:n139648,624
darpa_cadets:n13968,625
darpa_cadets:n139717,626
darpa_cadets:n13983,627
darpa_cadets:n139854,628
darpa_cadets:n14,629
darpa_cadets:n140267,630
darpa_cadets:n140329,631
darpa_cadets:n140349,632
darpa_cadets:n140440,633
darpa_cadets:n14050,634
darpa_cadets:n14054,635
darpa_cadets:n140559,636
darpa_cadets:n14069,637
darpa_cadets:n140748,638
darpa_cadets:n140824,639
darpa_cadets:n140832,640
darpa_cadets:n140844,641
darpa_cadets:n140905,642
darpa_cadets:n140906,643
darpa_cadets:n14091,644
darpa_cadets:n14100,645
darpa_cadets:n141056,646
darpa_cadets:n141076,647
darpa_cadets:n141107,648
darpa_cadets:n141142,649
darpa_cadets:n141215,650
darpa_cadets:n14124,651
darpa_cadets:n141280,652
darpa_cadets:n141286,653
darpa_cadets:n141417,654
darpa_cadets:n141419,655
darpa_cadets:n141420,656
darpa_cadets:n141423,657
darpa_cadets:n14154,658
darpa_cadets:n141559,659
darpa_cadets:n14161,660
darpa_cadets:n141632,661
darpa_cadets:n141698,662
darpa_cadets:n141701,663
darpa_cadets:n141717,664
darpa_cadets:n14184,665
darpa_cadets:n14190,666
darpa_cadets:n14206,667
darpa_cadets:n142113,668
darpa_cadets:n142117,669
darpa_cadets:n142138,670
darpa_cadets:n142236,671
darpa_cadets:n142296,672
darpa_cadets:n142301,673
darpa_cadets:n142304,674
darpa_cadets:n142310,675
darpa_cadets:n142429,676
darpa_cadets:n142432,677
darpa_cadets:n142842,678
darpa_cadets:n142844,679
darpa_cadets:n142975,680
darpa_cadets:n143004,681
darpa_cadets:n143009,682
darpa_cadets:n143048,683
darpa_cadets:n143133,684
darpa_cadets:n143169,685
darpa_cadets:n143198,686
darpa_cadets:n1432,687
darpa_cadets:n143315,688
darpa_cadets:n143347,689
darpa_cadets:n143577,690
darpa_cadets:n143707,691
darpa_cadets:n14371,692
darpa_cadets:n143713,693
darpa_cadets:n143846,694
darpa_cadets:n143856,695
darpa_cadets:n143989,696
darpa_cadets:n14424,697
darpa_cadets:n144253,698
darpa_cadets:n144258,699
darpa_cadets:n144327,700
darpa_cadets:n144394,701
darpa_cadets:n144409,702
darpa_cadets:n14452,703
darpa_cadets:n144528,704
darpa_cadets:n144533,705
darpa_cadets:n144553,706
darpa_cadets:n144572,707
darpa_cadets:n144702,708
darpa_cadets:n144741,709
darpa_cadets:n144851,710
darpa_cadets:n144978,711
darpa_cadets:n144984,712
darpa_cadets:n144987,713
darpa_cadets:n145278,714
darpa_cadets:n145431,715
darpa_cadets:n14552,716
darpa_cadets:n145613,717
darpa_cadets:n145770,718
darpa_cadets:n145817,719
darpa_cadets:n145826,720
darpa_cadets:n145830,721
darpa_cadets:n145835,722
darpa_cadets:n145836,723
darpa_cadets:n145976,724
darpa_cadets:n145997,725
darpa_cadets:n146068,726
darpa_cadets:n146137,727
darpa_cadets:n146145,728
darpa_cadets:n146256,729
darpa_cadets:n146565,730
darpa_cadets:n146705,731
darpa_cadets:n146734,732
darpa_cadets:n146776,733
darpa_cadets:n14678,734
darpa_cadets:n14681,735
darpa_cadets:n146846,736
darpa_cadets:n146847,737
darpa_cadets:n146853,738
darpa_cadets:n146910,739
darpa_cadets:n146972,740
darpa_cadets:n146991,741
darpa_cadets:n147251,742
darpa_cadets:n147257,743
darpa_cadets:n147279,744
darpa_cadets:n147406,745
darpa_cadets:n147484,746
darpa_cadets:n147563,747
darpa_cadets:n147576,748
darpa_cadets:n147597,749
darpa_cadets:n147605,750
darpa_cadets:n147693,751
darpa_cadets:n147699,752
darpa_cadets:n147720,753
darpa_cadets:n147723,754
darpa_cadets:n147725,755
darpa_cadets:n147855,756
darpa_cadets:n148005,757
darpa_cadets:n14814,758
darpa_cadets:n14828,759
darpa_cadets:n14829,760
darpa_cadets:n148301,761
darpa_cadets:n148349,762
darpa_cadets:n148621,763
darpa_cadets:n148715,764
darpa_cadets:n148768,765
darpa_cadets:n148838,766
darpa_cadets:n148849,767
darpa_cadets:n148854,768
darpa_cadets:n149010,769
darpa_cadets:n149011,770
darpa_cadets:n149052,771
darpa_cadets:n149066,772
darpa_cadets:n149162,773
darpa_cadets:n149244,774
darpa_cadets:n149282,775
darpa_cadets:n149283,776
darpa_cadets:n149289,777
darpa_cadets:n149384,778
darpa_cadets:n149480,779
darpa_cadets:n14963,780
darpa_cadets:n149765,781
darpa_cadets:n149776,782
darpa_cadets:n149842,783
darpa_cadets:n149844,784
darpa_cadets:n149881,785
darpa_cadets:n149983,786
darpa_cadets:n150168,787
darpa_cadets:n150264,788
darpa_cadets:n150270,789
darpa_cadets:n150391,790
darpa_cadets:n150438,791
darpa_cadets:n150453,792
darpa_cadets:n150698,793
darpa_cadets:n150887,794
darpa_cadets:n15098,795
darpa_cadets:n150986,796
darpa_cadets:n151092,797
darpa_cadets:n151256,798
darpa_cadets:n151391,799
darpa_cadets:n151500,800
darpa_cadets:n151502,801
darpa_cadets:n151509,802
darpa_cadets:n151713,803
darpa_cadets:n151720,804
darpa_cadets:n151735,805
darpa_cadets:n152000,806
darpa_cadets:n152138,807
darpa_cadets:n152144,808
darpa_cadets:n1522,809
darpa_cadets:n152224,810
darpa_cadets:n15240,811
darpa_cadets:n15243,812
darpa_cadets:n152438,813
darpa_cadets:n1526,814
darpa_cadets:n15263,815
darpa_cadets:n15267,816
darpa_cadets:n152703,817
darpa_cadets:n15274,818
darpa_cadets:n152837,819
darpa_cadets:n152855,820
darpa_cadets:n152925,821
darpa_cadets:n15296,822
darpa_cadets:n152969,823
darpa_cadets:n153062,824
darpa_cadets:n153141,825
darpa_cadets:n153152,826
darpa_cadets:n153273,827
darpa_cadets:n153274,828
darpa_cadets:n153283,829
darpa_cadets:n153407,830
darpa_cadets:n153411,831
darpa_cadets:n153416,832
darpa_cadets:n153547,833
darpa_cadets:n153558,834
darpa_cadets:n153560,835
darpa_cadets:n153615,836
darpa_cadets:n153638,837
darpa_cadets:n153640,838
darpa_cadets:n153784,839
darpa_cadets:n153818,840
darpa_cadets:n153856,841
darpa_cadets:n153990,842
darpa_cadets:n153994,843
darpa_cadets:n154004,844
darpa_cadets:n154005,845
darpa_cadets:n154021,846
darpa_cadets:n154140,847
darpa_cadets:n154141,848
darpa_cadets:n154221,849
darpa_cadets:n15429,850
darpa_cadets:n15434,851
darpa_cadets:n154422,852
darpa_cadets:n154624,853
darpa_cadets:n154634,854
darpa_cadets:n154649,855
darpa_cadets:n154802,856
darpa_cadets:n154809,857
darpa_cadets:n154844,858
darpa_cadets:n15501,859
darpa_cadets:n155182,860
darpa_cadets:n155280,861
darpa_cadets:n155281,862
darpa_cadets:n155282,863
darpa_cadets:n15530,864
darpa_cadets:n155402,865
darpa_cadets:n155417,866
darpa_cadets:n15559,867
darpa_cadets:n155678,868
darpa_cadets:n155691,869
darpa_cadets:n155747,870
darpa_cadets:n156184,871
darpa_cadets:n15623,872
darpa_cadets:n156403,873
darpa_cadets:n156493,874
darpa_cadets:n156536,875
darpa_cadets:n156699,876
darpa_cadets:n156829,877
darpa_cadets:n156839,878
darpa_cadets:n156975,879
darpa_cadets:n157037,880
darpa_cadets:n15706,881
darpa_cadets:n157094,882
darpa_cadets:n157146,883
darpa_cadets:n157236,884
darpa_cadets:n157390,885
darpa_cadets:n157527,886
darpa_cadets:n157675,887
darpa_cadets:n15769,888
darpa_cadets:n157713,889
darpa_cadets:n157725,890
darpa_cadets:n157826,891
darpa_cadets:n157859,892
darpa_cadets:n157864,893
darpa_cadets:n157869,894
darpa_cadets:n157882,895
darpa_cadets:n157980,896
darpa_cadets:n158069,897
darpa_cadets:n158169,898
darpa_cadets:n158246,899
darpa_cadets:n158297,900
darpa_cadets:n158399,901
darpa_cadets:n158542,902
darpa_cadets:n158543,903
darpa_cadets:n158580,904
darpa_cadets:n158590,905
darpa_cadets:n158774,906
darpa_cadets:n158818,907
darpa_cadets:n158827,908
darpa_cadets:n15892,909
darpa_cadets:n158928,910
darpa_cadets:n158964,911
darpa_cadets:n158971,912
darpa_cadets:n1590,913
darpa_cadets:n159007,914
darpa_cadets:n159029,915
darpa_cadets:n159239,916
darpa_cadets:n159241,917
darpa_cadets:n15925,918
darpa_cadets:n159257,919
darpa_cadets:n159298,920
darpa_cadets:n159380,921
darpa_cadets:n159486,922
darpa_cadets:n159558,923
darpa_cadets:n159650,924
darpa_cadets:n159667,925
darpa_cadets:n159676,926
darpa_cadets:n159682,927
darpa_cadets:n159812,928
darpa_cadets:n159952,929
darpa_cadets:n159957,930
darpa_cadets:n159999,931
darpa_cadets:n16,932
darpa_cadets:n160129,933
darpa_cadets:n160130,934
darpa_cadets:n160136,935
darpa_cadets:n160138,936
darpa_cadets:n160155,937
darpa_cadets:n160288,938
darpa_cadets:n160492,939
darpa_cadets:n160553,940
darpa_cadets:n160695,941
darpa_cadets:n160720,942
darpa_cadets:n160741,943
darpa_cadets:n160765,944
darpa_cadets:n16083,945
darpa_cadets:n160838,946
darpa_cadets:n160851,947
darpa_cadets:n16091,948
darpa_cadets:n160978,949
darpa_cadets:n160981,950
darpa_cadets:n161072,951
darpa_cadets:n161125,952
darpa_cadets:n161207,953
darpa_cadets:n161263,954
darpa_cadets:n161364,955
darpa_cadets:n16139,956
darpa_cadets:n161400,957
darpa_cadets:n161414,958
darpa_cadets:n161532,959
darpa_cadets:n161739,960
darpa_cadets:n161791,961
darpa_cadets:n161840,962
darpa_cadets:n161846,963
darpa_cadets:n161861,964
darpa_cadets:n161975,965
darpa_cadets:n16198,966
darpa_cadets:n161980,967
darpa_cadets:n161981,968
darpa_cadets:n162116,969
darpa_cadets:n162123,970
darpa_cadets:n162154,971
darpa_cadets:n1622,972
darpa_cadets:n16223,973
darpa_cadets:n162391,974
darpa_cadets:n162407,975
darpa_cadets:n162542,976
darpa_cadets:n16257,977
darpa_cadets:n162579,978
darpa_cadets:n162676,979
darpa_cadets:n162677,980
darpa_cadets:n162715,981
darpa_cadets:n1629,982
darpa_cadets:n163003,983
darpa_cadets:n16306,984
darpa_cadets:n163116,985
darpa_cadets:n163126,986
darpa_cadets:n163127,987
darpa_cadets:n163258,988
darpa_cadets:n16326,989
darpa_cadets:n163262,990
darpa_cadets:n16348,991
darpa_cadets:n16353,992
darpa_cadets:n163680,993
darpa_cadets:n163699,994
darpa_cadets:n163808,995
darpa_cadets:n163824,996
darpa_cadets:n163998,997
darpa_cadets:n164004,998
darpa_cadets:n164083,999
darpa_cadets:n164200,1000
darpa_cadets:n164220,1001
darpa_cadets:n164222,1002
darpa_cadets:n164240,1003
darpa_cadets:n164248,1004
darpa_cadets:n164301,1005
darpa_cadets:n1644,1006
darpa_cadets:n164408,1007
darpa_cadets:n164488,1008
darpa_cadets:n1645,1009
darpa_cadets:n164518,1010
darpa_cadets:n1646,1011
darpa_cadets:n1647,1012
darpa_cadets:n164754,1013
darpa_cadets:n165017,1014
darpa_cadets:n165043,1015
darpa_cadets:n165095,1016
darpa_cadets:n1651,1017
darpa_cadets:n16518,1018
darpa_cadets:n1653,1019
darpa_cadets:n165458,1020
darpa_cadets:n165618,1021
darpa_cadets:n165667,1022
darpa_cadets:n165845,1023
darpa_cadets:n16603,1024
darpa_cadets:n16604,1025
darpa_cadets:n1661,1026
darpa_cadets:n166203,1027
darpa_cadets:n166235,1028
darpa_cadets:n166250,1029
darpa_cadets:n166354,1030
darpa_cadets:n166364,1031
darpa_cadets:n166404,1032
darpa_cadets:n16641,1033
darpa_cadets:n166445,1034
darpa_cadets:n166558,1035
darpa_cadets:n166661,1036
darpa_cadets:n166670,1037
darpa_cadets:n166817,1038
darpa_cadets:n166828,1039
darpa_cadets:n166861,1040
darpa_cadets:n16688,1041
darpa_cadets:n166961,1042
darpa_cadets:n167001,1043
darpa_cadets:n167056,1044
darpa_cadets:n167062,1045
darpa_cadets:n167097,1046
darpa_cadets:n167238,1047
darpa_cadets:n167384,1048
darpa_cadets:n167659,1049
darpa_cadets:n167771,1050
darpa_cadets:n167797,1051
darpa_cadets:n167811,1052
darpa_cadets:n167821,1053
darpa_cadets:n167839,1054
darpa_cadets:n167881,1055
darpa_cadets:n167893,1056
darpa_cadets:n167960,1057
darpa_cadets:n167965,1058
darpa_cadets:n16797,1059
darpa_cadets:n168036,1060
darpa_cadets:n16805,1061
darpa_cadets:n16808,1062
darpa_cadets:n168097,1063
darpa_cadets:n16815,1064
darpa_cadets:n168176,1065
darpa_cadets:n168240,1066
darpa_cadets:n168246,1067
darpa_cadets:n168416,1068
darpa_cadets:n168542,1069
darpa_cadets:n168555,1070
darpa_cadets:n168624,1071
darpa_cadets:n168627,1072
darpa_cadets:n168642,1073
darpa_cadets:n168712,1074
darpa_cadets:n168736,1075
darpa_cadets:n16876,1076
darpa_cadets:n16880,1077
darpa_cadets:n168809,1078
darpa_cadets:n168851,1079
darpa_cadets:n168888,1080
darpa_cadets:n168985,1081
darpa_cadets:n168996,1082
darpa_cadets:n169044,1083
darpa_cadets:n169138,1084
darpa_cadets:n169140,1085
darpa_cadets:n169220,1086
darpa_cadets:n169260,1087
darpa_cadets:n169612,1088
darpa_cadets:n169700,1089
darpa_cadets:n169926,1090
darpa_cadets:n169969,1091
darpa_cadets:n17,1092
darpa_cadets:n17004,1093
darpa_cadets:n170040,1094
darpa_cadets:n170129,1095
darpa_cadets:n170168,1096
darpa_cadets:n170355,1097
darpa_cadets:n170370,1098
darpa_cadets:n170407,1099
darpa_cadets:n170422,1100
darpa_cadets:n170428,1101
darpa_cadets:n170550,1102
darpa_cadets:n170639,1103
darpa_cadets:n170702,1104
darpa_cadets:n170703,1105
darpa_cadets:n170794,1106
darpa_cadets:n17092,1107
darpa_cadets:n171117,1108
darpa_cadets:n171204,1109
darpa_cadets:n171331,1110
darpa_cadets:n171334,1111
darpa_cadets:n17134,1112
darpa_cadets:n171407,1113
darpa_cadets:n171496,1114
darpa_cadets:n171610,1115
darpa_cadets:n171624,1116
darpa_cadets:n171704,1117
darpa_cadets:n171705,1118
darpa_cadets:n171972,1119
darpa_cadets:n171980,1120
darpa_cadets:n172018,1121
darpa_cadets:n172112,1122
darpa_cadets:n172117,1123
darpa_cadets:n172269,1124
darpa_cadets:n172288,1125
darpa_cadets:n172411,1126
darpa_cadets:n17247,1127
darpa_cadets:n172479,1128
darpa_cadets:n172542,1129
darpa_cadets:n17255,1130
darpa_cadets:n17257,1131
darpa_cadets:n172677,1132
darpa_cadets:n17272,1133
darpa_cadets:n172957,1134
darpa_cadets:n172969,1135
darpa_cadets:n172971,1136
darpa_cadets:n173106,1137
darpa_cadets:n173111,1138
darpa_cadets:n173166,1139
darpa_cadets:n173198,1140
darpa_cadets:n17331,1141
darpa_cadets:n17338,1142
darpa_cadets:n17339,1143
darpa_cadets:n173404,1144
darpa_cadets:n173406,1145
darpa_cadets:n173615,1146
darpa_cadets:n17368,1147
darpa_cadets:n173696,1148
darpa_cadets:n173709,1149
darpa_cadets:n1738,1150
darpa_cadets:n173825,1151
darpa_cadets:n173854,1152
darpa_cadets:n173881,1153
darpa_cadets:n173955,1154
darpa_cadets:n17397,1155
darpa_cadets:n174085,1156
darpa_cadets:n174092,1157
darpa_cadets:n17413,1158
darpa_cadets:n174148,1159
darpa_cadets:n174161,1160
darpa_cadets:n174227,1161
darpa_cadets:n174231,1162
darpa_cadets:n1743,1163
darpa_cadets:n174386,1164
darpa_cadets:n174421,1165
darpa_cadets:n174476,1166
darpa_cadets:n174484,1167
darpa_cadets:n1745,1168
darpa_cadets:n174522,1169
darpa_cadets:n174528,1170
darpa_cadets:n174606,1171
darpa_cadets:n174662,1172
darpa_cadets:n174666,1173
darpa_cadets:n174767,1174
darpa_cadets:n174862,1175
darpa_cadets:n174867,1176
darpa_cadets:n174921,1177
darpa_cadets:n175122,1178
darpa_cadets:n175246,1179
darpa_cadets:n175247,1180
darpa_cadets:n175261,1181
darpa_cadets:n175318,1182
darpa_cadets:n175384,1183
darpa_cadets:n175392,1184
darpa_cadets:n175396,1185
darpa_cadets:n175662,1186
darpa_cadets:n175663,1187
darpa_cadets:n175707,1188
darpa_cadets:n175736,1189
darpa_cadets:n175843,1190
darpa_cadets:n17595,1191
darpa_cadets:n176215,1192
darpa_cadets:n176264,1193
darpa_cadets:n176269,1194
darpa_cadets:n176272,1195
darpa_cadets:n176275,1196
darpa_cadets:n176328,1197
darpa_cadets:n176543,1198
darpa_cadets:n176576,1199
darpa_cadets:n17659,1200
darpa_cadets:n176973,1201
darpa_cadets:n176976,1202
darpa_cadets:n177052,1203
darpa_cadets:n177106,1204
darpa_cadets:n177107,1205
darpa_cadets:n177124,1206
darpa_cadets:n177265,1207
darpa_cadets:n177658,1208
darpa_cadets:n177665,1209
darpa_cadets:n17778,1210
darpa_cadets:n177796,1211
darpa_cadets:n177804,1212
darpa_cadets:n177924,1213
darpa_cadets:n177942,1214
darpa_cadets:n178232,1215
darpa_cadets:n178362,1216
darpa_cadets:n178533,1217
darpa_cadets:n178566,1218
darpa_cadets:n178675,1219
darpa_cadets:n178692,1220
darpa_cadets:n178713,1221
darpa_cadets:n178805,1222
darpa_cadets:n178816,1223
darpa_cadets:n178926,1224
darpa_cadets:n178955,1225
darpa_cadets:n179077,1226
darpa_cadets:n179086,1227
darpa_cadets:n179087,1228
darpa_cadets:n179091,1229
darpa_cadets:n179092,1230
darpa_cadets:n179185,1231
darpa_cadets:n179245,1232
darpa_cadets:n179317,1233
darpa_cadets:n179403,1234
darpa_cadets:n179532,1235
darpa_cadets:n179538,1236
darpa_cadets:n17954,1237
darpa_cadets:n179587,1238
darpa_cadets:n17959,1239
darpa_cadets:n179668,1240
darpa_cadets:n17982,1241
darpa_cadets:n17988,1242
darpa_cadets:n179883,1243
darpa_cadets:n179887,1244
darpa_cadets:n179924,1245
darpa_cadets:n179934,1246
darpa_cadets:n179945,1247
darpa_cadets:n18,1248
darpa_cadets:n180012,1249
darpa_cadets:n180078,1250
darpa_cadets:n180103,1251
darpa_cadets:n180126,1252
darpa_cadets:n180189,1253
darpa_cadets:n180246,1254
darpa_cadets:n180279,1255
darpa_cadets:n180345,1256
darpa_cadets:n180385,1257
darpa_cadets:n180391,1258
darpa_cadets:n180460,1259
darpa_cadets:n180516,1260
darpa_cadets:n180558,1261
darpa_cadets:n180596,1262
darpa_cadets:n18063,1263
darpa_cadets:n180640,1264
darpa_cadets:n180694,1265
darpa_cadets:n180818,1266
darpa_cadets:n180943,1267
darpa_cadets:n181,1268
darpa_cadets:n181098,1269
darpa_cadets:n181146,1270
darpa_cadets:n181208,1271
darpa_cadets:n181309,1272
darpa_cadets:n181367,1273
darpa_cadets:n181384,1274
darpa_cadets:n181511,1275
darpa_cadets:n181516,1276
darpa_cadets:n181521,1277
darpa_cadets:n181628,1278
darpa_cadets:n181662,1279
darpa_cadets:n181671,1280
darpa_cadets:n181674,1281
darpa_cadets:n181798,1282
darpa_cadets:n181809,1283
darpa_cadets:n182008,1284
darpa_cadets:n182106,1285
darpa_cadets:n18212,1286
darpa_cadets:n18229,1287
darpa_cadets:n18231,1288
darpa_cadets:n182372,1289
darpa_cadets:n182509,1290
darpa_cadets:n182510,1291
darpa_cadets:n18254,1292
darpa_cadets:n182789,1293
darpa_cadets:n18289,1294
darpa_cadets:n18307,1295
darpa_cadets:n183126,1296
darpa_cadets:n183136,1297
darpa_cadets:n183180,1298
darpa_cadets:n183182,1299
darpa_cadets:n18327,1300
darpa_cadets:n183273,1301
darpa_cadets:n183338,1302
darpa_cadets:n183528,1303
darpa_cadets:n183535,1304
darpa_cadets:n183593,1305
darpa_cadets:n18365,1306
darpa_cadets:n183668,1307
darpa_cadets:n183734,1308
darpa_cadets:n183808,1309
darpa_cadets:n183928,1310
darpa_cadets:n18394,1311
darpa_cadets:n184083,1312
darpa_cadets:n184127,1313
darpa_cadets:n184202,1314
darpa_cadets:n184270,1315
darpa_cadets:n184370,1316
darpa_cadets:n18444,1317
darpa_cadets:n184459,1318
darpa_cadets:n18459,1319
darpa_cadets:n184625,1320
darpa_cadets:n184634,1321
darpa_cadets:n184740,1322
darpa_cadets:n184787,1323
darpa_cadets:n184853,1324
darpa_cadets:n18486,1325
darpa_cadets:n184930,1326
darpa_cadets:n185,1327
darpa_cadets:n18514,1328
darpa_cadets:n18516,1329
darpa_cadets:n18518,1330
darpa_cadets:n185184,1331
darpa_cadets:n18521,1332
darpa_cadets:n185350,1333
darpa_cadets:n185352,1334
darpa_cadets:n185477,1335
darpa_cadets:n185490,1336
darpa_cadets:n185516,1337
darpa_cadets:n185565,1338
darpa_cadets:n185654,1339
darpa_cadets:n185798,1340
darpa_cadets:n185830,1341
darpa_cadets:n185859,1342
darpa_cadets:n1859,1343
darpa_cadets:n185955,1344
darpa_cadets:n185965,1345
darpa_cadets:n185966,1346
darpa_cadets:n186,1347
darpa_cadets:n186033,1348
darpa_cadets:n186034,1349
darpa_cadets:n186089,1350
darpa_cadets:n186102,1351
darpa_cadets:n186110,1352
darpa_cadets:n186151,1353
darpa_cadets:n186174,1354
darpa_cadets:n186228,1355
darpa_cadets:n186237,1356
darpa_cadets:n186242,1357
darpa_cadets:n186373,1358
darpa_cadets:n186391,1359
darpa_cadets:n186472,1360
darpa_cadets:n186523,1361
darpa_cadets:n186529,1362
darpa_cadets:n186543,1363
darpa_cadets:n186613,1364
darpa_cadets:n186804,1365
darpa_cadets:n1870,1366
darpa_cadets:n187029,1367
darpa_cadets:n187163,1368
darpa_cadets:n187294,1369
darpa_cadets:n18737,1370
darpa_cadets:n187384,1371
darpa_cadets:n18748,1372
darpa_cadets:n187512,1373
darpa_cadets:n187520,1374
darpa_cadets:n187604,1375
darpa_cadets:n187648,1376
darpa_cadets:n187790,1377
darpa_cadets:n187809,1378
darpa_cadets:n187810,1379
darpa_cadets:n187813,1380
darpa_cadets:n187936,1381
darpa_cadets:n188009,1382
darpa_cadets:n188031,1383
darpa_cadets:n188032,1384
darpa_cadets:n188115,1385
darpa_cadets:n188216,1386
darpa_cadets:n18822,1387
darpa_cadets:n18828,1388
darpa_cadets:n188360,1389
darpa_cadets:n18837,1390
darpa_cadets:n188381,1391
darpa_cadets:n188503,1392
darpa_cadets:n188664,1393
darpa_cadets:n188789,1394
darpa_cadets:n18887,1395
darpa_cadets:n188919,1396
darpa_cadets:n188998,1397
darpa_cadets:n189055,1398
darpa_cadets:n189176,1399
darpa_cadets:n189220,1400
darpa_cadets:n189363,1401
darpa_cadets:n189503,1402
darpa_cadets:n18958,1403
darpa_cadets:n189637,1404
darpa_cadets:n189699,1405
darpa_cadets:n189700,1406
darpa_cadets:n189735,1407
darpa_cadets:n189811,1408
darpa_cadets:n19,1409
darpa_cadets:n1901,1410
darpa_cadets:n190100,1411
darpa_cadets:n190107,1412
darpa_cadets:n190137,1413
darpa_cadets:n190145,1414
darpa_cadets:n190231,1415
darpa_cadets:n190258,1416
darpa_cadets:n190424,1417
darpa_cadets:n190470,1418
darpa_cadets:n190550,1419
darpa_cadets:n1906,1420
darpa_cadets:n190658,1421
darpa_cadets:n190659,1422
darpa_cadets:n190787,1423
darpa_cadets:n19083,1424
darpa_cadets:n19087,1425
darpa_cadets:n19092,1426
darpa_cadets:n191022,1427
darpa_cadets:n19103,1428
darpa_cadets:n191065,1429
darpa_cadets:n191067,1430
darpa_cadets:n191070,1431
darpa_cadets:n191103,1432
darpa_cadets:n191175,1433
darpa_cadets:n191206,1434
darpa_cadets:n191301,1435
darpa_cadets:n191491,1436
darpa_cadets:n19160,1437
darpa_cadets:n191622,1438
darpa_cadets:n191632,1439
darpa_cadets:n191680,1440
darpa_cadets:n191783,1441
darpa_cadets:n191828,1442
darpa_cadets:n191845,1443
darpa_cadets:n19186,1444
darpa_cadets:n191936,1445
darpa_cadets:n192078,1446
darpa_cadets:n192081,1447
darpa_cadets:n1922,1448
darpa_cadets:n192228,1449
darpa_cadets:n19235,1450
darpa_cadets:n19242,1451
darpa_cadets:n1925,1452
darpa_cadets:n192657,1453
darpa_cadets:n192687,1454
darpa_cadets:n19284,1455
darpa_cadets:n192923,1456
darpa_cadets:n192929,1457
darpa_cadets:n192954,1458
darpa_cadets:n193022,1459
darpa_cadets:n193188,1460
darpa_cadets:n193235,1461
darpa_cadets:n193347,1462
darpa_cadets:n193437,1463
darpa_cadets:n193726,1464
darpa_cadets:n193777,1465
darpa_cadets:n193779,1466
darpa_cadets:n193788,1467
darpa_cadets:n193914,1468
darpa_cadets:n193967,1469
darpa_cadets:n193974,1470
darpa_cadets:n193987,1471
darpa_cadets:n194059,1472
darpa_cadets:n194121,1473
darpa_cadets:n194209,1474
darpa_cadets:n194212,1475
darpa_cadets:n194239,1476
darpa_cadets:n194292,1477
darpa_cadets:n194424,1478
darpa_cadets:n194439,1479
darpa_cadets:n194537,1480
darpa_cadets:n194598,1481
darpa_cadets:n194603,1482
darpa_cadets:n194684,1483
darpa_cadets:n194759,1484
darpa_cadets:n194897,1485
darpa_cadets:n194925,1486
darpa_cadets:n194979,1487
darpa_cadets:n194995,1488
darpa_cadets:n195108,1489
darpa_cadets:n195130,1490
darpa_cadets:n195152,1491
darpa_cadets:n195168,1492
darpa_cadets:n195174,1493
darpa_cadets:n195180,1494
darpa_cadets:n195211,1495
darpa_cadets:n195249,1496
darpa_cadets:n195256,1497
darpa_cadets:n19528,1498
darpa_cadets:n195384,1499
darpa_cadets:n195465,1500
darpa_cadets:n195545,1501
darpa_cadets:n195584,1502
darpa_cadets:n195605,1503
darpa_cadets:n195608,1504
darpa_cadets:n195666,1505
darpa_cadets:n195733,1506
darpa_cadets:n195771,1507
darpa_cadets:n195907,1508
darpa_cadets:n196001,1509
darpa_cadets:n196014,1510
darpa_cadets:n196017,1511
darpa_cadets:n196028,1512
darpa_cadets:n196132,1513
darpa_cadets:n196153,1514
darpa_cadets:n196263,1515
darpa_cadets:n196281,1516
darpa_cadets:n196303,1517
darpa_cadets:n196420,1518
darpa_cadets:n196565,1519
darpa_cadets:n196576,1520
darpa_cadets:n196581,1521
darpa_cadets:n196582,1522
darpa_cadets:n196672,1523
darpa_cadets:n196698,1524
darpa_cadets:n196772,1525
darpa_cadets:n19678,1526
darpa_cadets:n196789,1527
darpa_cadets:n196802,1528
darpa_cadets:n196928,1529
darpa_cadets:n196972,1530
darpa_cadets:n197205,1531
darpa_cadets:n197474,1532
darpa_cadets:n197488,1533
darpa_cadets:n197501,1534
darpa_cadets:n197580,1535
darpa_cadets:n197704,1536
darpa_cadets:n197721,1537
darpa_cadets:n197857,1538
darpa_cadets:n197858,1539
darpa_cadets:n19792,1540
darpa_cadets:n197967,1541
darpa_cadets:n198015,1542
darpa_cadets:n198020,1543
darpa_cadets:n198021,1544
darpa_cadets:n198024,1545
darpa_cadets:n198229,1546
darpa_cadets:n198295,1547
darpa_cadets:n198376,1548
darpa_cadets:n198392,1549
darpa_cadets:n198449,1550
darpa_cadets:n198474,1551
darpa_cadets:n198612,1552
darpa_cadets:n198617,1553
darpa_cadets:n198625,1554
darpa_cadets:n198747,1555
darpa_cadets:n198751,1556
darpa_cadets:n19878,1557
darpa_cadets:n198858,1558
darpa_cadets:n198883,1559
darpa_cadets:n198887,1560
darpa_cadets:n198888,1561
darpa_cadets:n198934,1562
darpa_cadets:n199014,1563
darpa_cadets:n199031,1564
darpa_cadets:n199036,1565
darpa_cadets:n199081,1566
darpa_cadets:n199219,1567
darpa_cadets:n199246,1568
darpa_cadets:n199256,1569
darpa_cadets:n199278,1570
darpa_cadets:n199336,1571
darpa_cadets:n199401,1572
darpa_cadets:n199475,1573
darpa_cadets:n199485,1574
darpa_cadets:n199500,1575
darpa_cadets:n199629,1576
darpa_cadets:n199630,1577
darpa_cadets:n199751,1578
darpa_cadets:n199928,1579
darpa_cadets:n199976,1580
darpa_cadets:n20,1581
darpa_cadets:n200,1582
darpa_cadets:n200256,1583
darpa_cadets:n200349,1584
darpa_cadets:n200359,1585
darpa_cadets:n200479,1586
darpa_cadets:n200604,1587
darpa_cadets:n200644,1588
darpa_cadets:n200649,1589
darpa_cadets:n200693,1590
darpa_cadets:n200779,1591
darpa_cadets:n201082,1592
darpa_cadets:n2011,1593
darpa_cadets:n201180,1594
darpa_cadets:n201212,1595
darpa_cadets:n201260,1596
darpa_cadets:n2013,1597
darpa_cadets:n201327,1598
darpa_cadets:n201355,1599
darpa_cadets:n201365,1600
darpa_cadets:n201401,1601
darpa_cadets:n20150,1602
darpa_cadets:n201535,1603
darpa_cadets:n20158,1604
darpa_cadets:n201676,1605
darpa_cadets:n201677,1606
darpa_cadets:n201702,1607
darpa_cadets:n20183,1608
darpa_cadets:n201923,1609
darpa_cadets:n201941,1610
darpa_cadets:n201970,1611
darpa_cadets:n202108,1612
darpa_cadets:n20238,1613
darpa_cadets:n202510,1614
darpa_cadets:n202513,1615
darpa_cadets:n202549,1616
darpa_cadets:n202622,1617
darpa_cadets:n202627,1618
darpa_cadets:n202628,1619
darpa_cadets:n202683,1620
darpa_cadets:n202879,1621
darpa_cadets:n202894,1622
darpa_cadets:n203087,1623
darpa_cadets:n203178,1624
darpa_cadets:n203256,1625
darpa_cadets:n203354,1626
darpa_cadets:n203377,1627
darpa_cadets:n203397,1628
darpa_cadets:n203430,1629
darpa_cadets:n203431,1630
darpa_cadets:n203614,1631
darpa_cadets:n203625,1632
darpa_cadets:n203725,1633
darpa_cadets:n203740,1634
darpa_cadets:n203999,1635
darpa_cadets:n204010,1636
darpa_cadets:n204084,1637
darpa_cadets:n204100,1638
darpa_cadets:n204135,1639
darpa_cadets:n20423,1640
darpa_cadets:n204434,1641
darpa_cadets:n204452,1642
darpa_cadets:n2045,1643
darpa_cadets:n204578,1644
darpa_cadets:n204590,1645
darpa_cadets:n20461,1646
darpa_cadets:n204692,1647
darpa_cadets:n204718,1648
darpa_cadets:n204802,1649
darpa_cadets:n204849,1650
darpa_cadets:n204861,1651
darpa_cadets:n20490,1652
darpa_cadets:n204941,1653
darpa_cadets:n204943,1654
darpa_cadets:n204967,1655
darpa_cadets:n20498,1656
darpa_cadets:n205063,1657
darpa_cadets:n20519,1658
darpa_cadets:n205190,1659
darpa_cadets:n20530,1660
darpa_cadets:n205461,1661
darpa_cadets:n205513,1662
darpa_cadets:n205709,1663
darpa_cadets:n205752,1664
darpa_cadets:n20593,1665
darpa_cadets:n206018,1666
darpa_cadets:n206061,1667
darpa_cadets:n206146,1668
darpa_cadets:n206290,1669
darpa_cadets:n206392,1670
darpa_cadets:n206509,1671
darpa_cadets:n206517,1672
darpa_cadets:n206529,1673
darpa_cadets:n206600,1674
darpa_cadets:n206743,1675
darpa_cadets:n206875,1676
darpa_cadets:n206921,1677
darpa_cadets:n206922,1678
darpa_cadets:n206944,1679
darpa_cadets:n207,1680
darpa_cadets:n207035,1681
darpa_cadets:n207075,1682
darpa_cadets:n207085,1683
darpa_cadets:n207157,1684
darpa_cadets:n207164,1685
darpa_cadets:n207166,1686
darpa_cadets:n207167,1687
darpa_cadets:n207292,1688
darpa_cadets:n207309,1689
darpa_cadets:n207459,1690
darpa_cadets:n207579,1691
darpa_cadets:n207649,1692
darpa_cadets:n207708,1693
darpa_cadets:n207712,1694
darpa_cadets:n207723,1695
darpa_cadets:n207808,1696
darpa_cadets:n207951,1697
darpa_cadets:n208,1698
darpa_cadets:n208005,1699
darpa_cadets:n208177,1700
darpa_cadets:n208196,1701
darpa_cadets:n208220,1702
darpa_cadets:n208255,1703
darpa_cadets:n20826,1704
darpa_cadets:n2083,1705
darpa_cadets:n208340,1706
darpa_cadets:n208362,1707
darpa_cadets:n208372,1708
darpa_cadets:n208442,1709
darpa_cadets:n208469,1710
darpa_cadets:n208493,1711
darpa_cadets:n208496,1712
darpa_cadets:n208563,1713
darpa_cadets:n208608,1714
darpa_cadets:n208759,1715
darpa_cadets:n208914,1716
darpa_cadets:n208932,1717
darpa_cadets:n209,1718
darpa_cadets:n209061,1719
darpa_cadets:n209154,1720
darpa_cadets:n209165,1721
darpa_cadets:n209176,1722
darpa_cadets:n2092,1723
darpa_cadets:n20927,1724
darpa_cadets:n209310,1725
darpa_cadets:n209312,1726
darpa_cadets:n209368,1727
darpa_cadets:n209434,1728
darpa_cadets:n209570,1729
darpa_cadets:n209747,1730
darpa_cadets:n209753,1731
darpa_cadets:n20981,1732
darpa_cadets:n21,1733
darpa_cadets:n210009,1734
darpa_cadets:n210034,1735
darpa_cadets:n210127,1736
darpa_cadets:n210195,1737
darpa_cadets:n210246,1738
darpa_cadets:n21025,1739
darpa_cadets:n210387,1740
darpa_cadets:n21048,1741
darpa_cadets:n210481,1742
darpa_cadets:n210537,1743
darpa_cadets:n210581,1744
darpa_cadets:n210615,1745
darpa_cadets:n210620,1746
darpa_cadets:n210752,1747
darpa_cadets:n210796,1748
darpa_cadets:n210799,1749
darpa_cadets:n210886,1750
darpa_cadets:n211,1751
darpa_cadets:n211010,1752
darpa_cadets:n211042,1753
darpa_cadets:n211046,1754
darpa_cadets:n211095,1755
darpa_cadets:n211133,1756
darpa_cadets:n211226,1757
darpa_cadets:n211229,1758
darpa_cadets:n211291,1759
darpa_cadets:n211468,1760
darpa_cadets:n211469,1761
darpa_cadets:n211484,1762
darpa_cadets:n211521,1763
darpa_cadets:n21156,1764
darpa_cadets:n21157,1765
darpa_cadets:n211593,1766
darpa_cadets:n211604,1767
darpa_cadets:n21161,1768
darpa_cadets:n211621,1769
darpa_cadets:n211658,1770
darpa_cadets:n211671,1771
darpa_cadets:n211772,1772
darpa_cadets:n211862,1773
darpa_cadets:n211865,1774
darpa_cadets:n211917,1775
darpa_cadets:n211922,1776
darpa_cadets:n211923,1777
darpa_cadets:n211927,1778
darpa_cadets:n212,1779
darpa_cadets:n212054,1780
darpa_cadets:n212063,1781
darpa_cadets:n212171,1782
darpa_cadets:n212184,1783
darpa_cadets:n212300,1784
darpa_cadets:n212422,1785
darpa_cadets:n212472,1786
darpa_cadets:n21249,1787
darpa_cadets:n212527,1788
darpa_cadets:n212678,1789
darpa_cadets:n212795,1790
darpa_cadets:n21280,1791
darpa_cadets:n212820,1792
darpa_cadets:n212966,1793
darpa_cadets:n212988,1794
darpa_cadets:n213,1795
darpa_cadets:n213039,1796
darpa_cadets:n213166,1797
darpa_cadets:n213178,1798
darpa_cadets:n213325,1799
darpa_cadets:n213364,1800
darpa_cadets:n213365,1801
darpa_cadets:n213464,1802
darpa_cadets:n213471,1803
darpa_cadets:n213783,1804
darpa_cadets:n213995,1805
darpa_cadets:n214,1806
darpa_cadets:n214047,1807
darpa_cadets:n214049,1808
darpa_cadets:n214051,1809
darpa_cadets:n214066,1810
darpa_cadets:n214072,1811
darpa_cadets:n214085,1812
darpa_cadets:n214095,1813
darpa_cadets:n214111,1814
darpa_cadets:n214131,1815
darpa_cadets:n214135,1816
darpa_cadets:n214205,1817
darpa_cadets:n214245,1818
darpa_cadets:n214277,1819
darpa_cadets:n214339,1820
darpa_cadets:n214344,1821
darpa_cadets:n214345,1822
darpa_cadets:n214377,1823
darpa_cadets:n214383,1824
darpa_cadets:n214431,1825
darpa_cadets:n214451,1826
darpa_cadets:n214469,1827
darpa_cadets:n214546,1828
darpa_cadets:n214562,1829
darpa_cadets:n214648,1830
darpa_cadets:n214732,1831
darpa_cadets:n214787,1832
darpa_cadets:n214840,1833
darpa_cadets:n214923,1834
darpa_cadets:n215,1835
darpa_cadets:n215214,1836
darpa_cadets:n215282,1837
darpa_cadets:n215360,1838
darpa_cadets:n215397,1839
darpa_cadets:n215432,1840
darpa_cadets:n215443,1841
darpa_cadets:n215455,1842
darpa_cadets:n215644,1843
darpa_cadets:n215664,1844
darpa_cadets:n215676,1845
darpa_cadets:n215677,1846
darpa_cadets:n215682,1847
darpa_cadets:n215684,1848
darpa_cadets:n215796,1849
darpa_cadets:n215797,1850
darpa_cadets:n215799,1851
darpa_cadets:n215943,1852
darpa_cadets:n216114,1853
darpa_cadets:n216122,1854
darpa_cadets:n21621,1855
darpa_cadets:n216253,1856
darpa_cadets:n216342,1857
darpa_cadets:n216350,1858
darpa_cadets:n216378,1859
darpa_cadets:n216493,1860
darpa_cadets:n216546,1861
darpa_cadets:n216561,1862
darpa_cadets:n216642,1863
darpa_cadets:n216699,1864
darpa_cadets:n216735,1865
darpa_cadets:n216786,1866
darpa_cadets:n216803,1867
darpa_cadets:n216875,1868
darpa_cadets:n216917,1869
darpa_cadets:n217,1870
darpa_cadets:n217049,1871
darpa_cadets:n217081,1872
darpa_cadets:n217090,1873
darpa_cadets:n217157,1874
darpa_cadets:n217219,1875
darpa_cadets:n217338,1876
darpa_cadets:n21752,1877
darpa_cadets:n217543,1878
darpa_cadets:n217613,1879
darpa_cadets:n217618,1880
darpa_cadets:n217760,1881
darpa_cadets:n217781,1882
darpa_cadets:n217784,1883
darpa_cadets:n217806,1884
darpa_cadets:n217807,1885
darpa_cadets:n217838,1886
darpa_cadets:n217869,1887
darpa_cadets:n217881,1888
darpa_cadets:n217946,1889
darpa_cadets:n218107,1890
darpa_cadets:n21816,1891
darpa_cadets:n218269,1892
darpa_cadets:n218270,1893
darpa_cadets:n218408,1894
darpa_cadets:n218450,1895
darpa_cadets:n218502,1896
darpa_cadets:n218517,1897
darpa_cadets:n218522,1898
darpa_cadets:n218591,1899
darpa_cadets:n218595,1900
darpa_cadets:n218781,1901
darpa_cadets:n218783,1902
darpa_cadets:n218824,1903
darpa_cadets:n218831,1904
darpa_cadets:n218836,1905
darpa_cadets:n218875,1906
darpa_cadets:n218912,1907
darpa_cadets:n218963,1908
darpa_cadets:n218974,1909
darpa_cadets:n21901,1910
darpa_cadets:n219011,1911
darpa_cadets:n219226,1912
darpa_cadets:n21924,1913
darpa_cadets:n219248,1914
darpa_cadets:n219263,1915
darpa_cadets:n219270,1916
darpa_cadets:n219274,1917
darpa_cadets:n219276,1918
darpa_cadets:n219409,1919
darpa_cadets:n219412,1920
darpa_cadets:n219462,1921
darpa_cadets:n219501,1922
darpa_cadets:n219551,1923
darpa_cadets:n219560,1924
darpa_cadets:n219561,1925
darpa_cadets:n219628,1926
darpa_cadets:n21965,1927
darpa_cadets:n219716,1928
darpa_cadets:n219764,1929
darpa_cadets:n219833,1930
darpa_cadets:n219837,1931
darpa_cadets:n219869,1932
darpa_cadets:n219919,1933
darpa_cadets:n219928,1934
darpa_cadets:n219930,1935
darpa_cadets:n219955,1936
darpa_cadets:n219972,1937
darpa_cadets:n219974,1938
darpa_cadets:n219976,1939
darpa_cadets:n22,1940
darpa_cadets:n220071,1941
darpa_cadets:n220286,1942
darpa_cadets:n220352,1943
darpa_cadets:n220420,1944
darpa_cadets:n220500,1945
darpa_cadets:n220545,1946
darpa_cadets:n220548,1947
darpa_cadets:n220579,1948
darpa_cadets:n22059,1949
darpa_cadets:n220626,1950
darpa_cadets:n220722,1951
darpa_cadets:n220731,1952
darpa_cadets:n220845,1953
darpa_cadets:n220846,1954
darpa_cadets:n221087,1955
darpa_cadets:n221128,1956
darpa_cadets:n221198,1957
darpa_cadets:n221333,1958
darpa_cadets:n221342,1959
darpa_cadets:n221343,1960
darpa_cadets:n221344,1961
darpa_cadets:n22136,1962
darpa_cadets:n221586,1963
darpa_cadets:n221633,1964
darpa_cadets:n221649,1965
darpa_cadets:n221671,1966
darpa_cadets:n221679,1967
darpa_cadets:n221701,1968
darpa_cadets:n221753,1969
darpa_cadets:n221788,1970
darpa_cadets:n221797,1971
darpa_cadets:n221889,1972
darpa_cadets:n221894,1973
darpa_cadets:n221925,1974
darpa_cadets:n221977,1975
darpa_cadets:n22198,1976
darpa_cadets:n221984,1977
darpa_cadets:n222012,1978
darpa_cadets:n222027,1979
darpa_cadets:n22203,1980
darpa_cadets:n222046,1981
darpa_cadets:n222055,1982
darpa_cadets:n222289,1983
darpa_cadets:n222291,1984
darpa_cadets:n22230,1985
darpa_cadets:n222302,1986
darpa_cadets:n222376,1987
darpa_cadets:n222380,1988
darpa_cadets:n22239,1989
darpa_cadets:n222461,1990
darpa_cadets:n222475,1991
darpa_cadets:n222488,1992
darpa_cadets:n222548,1993
darpa_cadets:n222553,1994
darpa_cadets:n222577,1995
darpa_cadets:n222582,1996
darpa_cadets:n222675,1997
darpa_cadets:n222716,1998
darpa_cadets:n222723,1999
darpa_cadets:n222724,2000
darpa_cadets:n222875,2001
darpa_cadets:n222900,2002
darpa_cadets:n223015,2003
darpa_cadets:n223023,2004
darpa_cadets:n223101,2005
darpa_cadets:n2232,2006
darpa_cadets:n223221,2007
darpa_cadets:n223276,2008
darpa_cadets:n223316,2009
darpa_cadets:n223337,2010
darpa_cadets:n223364,2011
darpa_cadets:n223384,2012
darpa_cadets:n22340,2013
darpa_cadets:n22347,2014
darpa_cadets:n223513,2015
darpa_cadets:n22365,2016
darpa_cadets:n223652,2017
darpa_cadets:n223678,2018
darpa_cadets:n223749,2019
darpa_cadets:n223785,2020
darpa_cadets:n223803,2021
darpa_cadets:n223962,2022
darpa_cadets:n223993,2023
darpa_cadets:n224,2024
darpa_cadets:n224073,2025
darpa_cadets:n224100,2026
darpa_cadets:n224115,2027
darpa_cadets:n224123,2028
darpa_cadets:n224224,2029
darpa_cadets:n22425,2030
darpa_cadets:n224346,2031
darpa_cadets:n224478,2032
darpa_cadets:n224480,2033
darpa_cadets:n224602,2034
darpa_cadets:n224669,2035
darpa_cadets:n224672,2036
darpa_cadets:n22490,2037
darpa_cadets:n224952,2038
darpa_cadets:n224988,2039
darpa_cadets:n225052,2040
darpa_cadets:n225384,2041
darpa_cadets:n22553,2042
darpa_cadets:n225533,2043
darpa_cadets:n225535,2044
darpa_cadets:n225540,2045
darpa_cadets:n225541,2046
darpa_cadets:n225546,2047
darpa_cadets:n225639,2048
darpa_cadets:n225681,2049
darpa_cadets:n225684,2050
darpa_cadets:n225686,2051
darpa_cadets:n2257,2052
darpa_cadets:n225700,2053
darpa_cadets:n225720,2054
darpa_cadets:n225858,2055
darpa_cadets:n225993,2056
darpa_cadets:n226,2057
darpa_cadets:n226001,2058
darpa_cadets:n226003,2059
darpa_cadets:n226070,2060
darpa_cadets:n226125,2061
darpa_cadets:n226164,2062
darpa_cadets:n22621,2063
darpa_cadets:n22626,2064
darpa_cadets:n226317,2065
darpa_cadets:n22632,2066
darpa_cadets:n22633,2067
darpa_cadets:n226447,2068
darpa_cadets:n226464,2069
darpa_cadets:n226471,2070
darpa_cadets:n226475,2071
darpa_cadets:n226553,2072
darpa_cadets:n226561,2073
darpa_cadets:n226619,2074
darpa_cadets:n226620,2075
darpa_cadets:n226621,2076
darpa_cadets:n226627,2077
darpa_cadets:n226764,2078
darpa_cadets:n226853,2079
darpa_cadets:n226885,2080
darpa_cadets:n226951,2081
darpa_cadets:n227070,2082
darpa_cadets:n227090,2083
darpa_cadets:n227131,2084
darpa_cadets:n227342,2085
darpa_cadets:n227388,2086
darpa_cadets:n227389,2087
darpa_cadets:n227393,2088
darpa_cadets:n227397,2089
darpa_cadets:n227400,2090
darpa_cadets:n227547,2091
darpa_cadets:n22755,2092
darpa_cadets:n22766,2093
darpa_cadets:n227663,2094
darpa_cadets:n227673,2095
darpa_cadets:n22770,2096
darpa_cadets:n227732,2097
darpa_cadets:n227754,2098
darpa_cadets:n227757,2099
darpa_cadets:n227777,2100
darpa_cadets:n227820,2101
darpa_cadets:n22789,2102
darpa_cadets:n227962,2103
darpa_cadets:n227963,2104
darpa_cadets:n227978,2105
darpa_cadets:n227986,2106
darpa_cadets:n228045,2107
darpa_cadets:n228109,2108
darpa_cadets:n228116,2109
darpa_cadets:n228193,2110
darpa_cadets:n228258,2111
darpa_cadets:n228307,2112
darpa_cadets:n228571,2113
darpa_cadets:n228577,2114
darpa_cadets:n228728,2115
darpa_cadets:n228734,2116
darpa_cadets:n228849,2117
darpa_cadets:n228875,2118
darpa_cadets:n228909,2119
darpa_cadets:n22891,2120
darpa_cadets:n228910,2121
darpa_cadets:n228927,2122
darpa_cadets:n229006,2123
darpa_cadets:n229043,2124
darpa_cadets:n229085,2125
darpa_cadets:n229133,2126
darpa_cadets:n229162,2127
darpa_cadets:n229261,2128
darpa_cadets:n229281,2129
darpa_cadets:n229323,2130
darpa_cadets:n229369,2131
darpa_cadets:n229404,2132
darpa_cadets:n229418,2133
darpa_cadets:n229424,2134
darpa_cadets:n229481,2135
darpa_cadets:n229517,2136
darpa_cadets:n229551,2137
darpa_cadets:n229638,2138
darpa_cadets:n22966,2139
darpa_cadets:n229727,2140
darpa_cadets:n229797,2141
darpa_cadets:n229844,2142
darpa_cadets:n229848,2143
darpa_cadets:n229851,2144
darpa_cadets:n229904,2145
darpa_cadets:n229921,2146
darpa_cadets:n229971,2147
darpa_cadets:n23,2148
darpa_cadets:n230095,2149
darpa_cadets:n230275,2150
darpa_cadets:n230287,2151
darpa_cadets:n230337,2152
darpa_cadets:n23040,2153
darpa_cadets:n230416,2154
darpa_cadets:n230417,2155
darpa_cadets:n230429,2156
darpa_cadets:n230482,2157
darpa_cadets:n230545,2158
darpa_cadets:n230550,2159
darpa_cadets:n230552,2160
darpa_cadets:n230615,2161
darpa_cadets:n230625,2162
darpa_cadets:n23065,2163
darpa_cadets:n230671,2164
darpa_cadets:n230706,2165
darpa_cadets:n230889,2166
darpa_cadets:n230931,2167
darpa_cadets:n230998,2168
darpa_cadets:n231055,2169
darpa_cadets:n231200,2170
darpa_cadets:n231211,2171
darpa_cadets:n231237,2172
darpa_cadets:n231264,2173
darpa_cadets:n231316,2174
darpa_cadets:n231358,2175
darpa_cadets:n231381,2176
darpa_cadets:n231430,2177
darpa_cadets:n231446,2178
darpa_cadets:n231604,2179
darpa_cadets:n231755,2180
darpa_cadets:n231765,2181
darpa_cadets:n231847,2182
darpa_cadets:n231895,2183
darpa_cadets:n231903,2184
darpa_cadets:n23194,2185
darpa_cadets:n232037,2186
darpa_cadets:n232055,2187
darpa_cadets:n232181,2188
darpa_cadets:n23226,2189
darpa_cadets:n232262,2190
darpa_cadets:n232305,2191
darpa_cadets:n232354,2192
darpa_cadets:n232457,2193
darpa_cadets:n232527,2194
darpa_cadets:n232556,2195
darpa_cadets:n232564,2196
darpa_cadets:n232651,2197
darpa_cadets:n232768,2198
darpa_cadets:n232914,2199
darpa_cadets:n232945,2200
darpa_cadets:n233091,2201
darpa_cadets:n233111,2202
darpa_cadets:n233156,2203
darpa_cadets:n233186,2204
darpa_cadets:n233223,2205
darpa_cadets:n233254,2206
darpa_cadets:n233292,2207
darpa_cadets:n23330,2208
darpa_cadets:n233310,2209
darpa_cadets:n233311,2210
darpa_cadets:n233325,2211
darpa_cadets:n233518,2212
darpa_cadets:n233530,2213
darpa_cadets:n233787,2214
darpa_cadets:n233795,2215
darpa_cadets:n233931,2216
darpa_cadets:n233934,2217
darpa_cadets:n233935,2218
darpa_cadets:n233978,2219
darpa_cadets:n23399,2220
darpa_cadets:n233992,2221
darpa_cadets:n234059,2222
darpa_cadets:n234060,2223
darpa_cadets:n234091,2224
darpa_cadets:n234125,2225
darpa_cadets:n23419,2226
darpa_cadets:n234221,2227
darpa_cadets:n234265,2228
darpa_cadets:n234268,2229
darpa_cadets:n234369,2230
darpa_cadets:n234378,2231
darpa_cadets:n234393,2232
darpa_cadets:n234402,2233
darpa_cadets:n234403,2234
darpa_cadets:n234504,2235
darpa_cadets:n234530,2236
darpa_cadets:n234532,2237
darpa_cadets:n23455,2238
darpa_cadets:n234550,2239
darpa_cadets:n234666,2240
darpa_cadets:n234708,2241
darpa_cadets:n234717,2242
darpa_cadets:n234725,2243
darpa_cadets:n234727,2244
darpa_cadets:n234778,2245
darpa_cadets:n234790,2246
darpa_cadets:n234833,2247
darpa_cadets:n234846,2248
darpa_cadets:n234851,2249
darpa_cadets:n234969,2250
darpa_cadets:n234985,2251
darpa_cadets:n235162,2252
darpa_cadets:n235301,2253
darpa_cadets:n235422,2254
darpa_cadets:n235532,2255
darpa_cadets:n235577,2256
darpa_cadets:n235587,2257
darpa_cadets:n235591,2258
darpa_cadets:n235677,2259
darpa_cadets:n235690,2260
darpa_cadets:n235715,2261
darpa_cadets:n23582,2262
darpa_cadets:n235856,2263
darpa_cadets:n235952,2264
darpa_cadets:n235978,2265
darpa_cadets:n236110,2266
darpa_cadets:n236158,2267
darpa_cadets:n236179,2268
darpa_cadets:n236185,2269
darpa_cadets:n236250,2270
darpa_cadets:n236278,2271
darpa_cadets:n236326,2272
darpa_cadets:n236368,2273
darpa_cadets:n236377,2274
darpa_cadets:n2364,2275
darpa_cadets:n236568,2276
darpa_cadets:n236582,2277
darpa_cadets:n236597,2278
darpa_cadets:n236599,2279
darpa_cadets:n23678,2280
darpa_cadets:n236874,2281
darpa_cadets:n236881,2282
darpa_cadets:n236887,2283
darpa_cadets:n236901,2284
darpa_cadets:n236902,2285
darpa_cadets:n237027,2286
darpa_cadets:n237145,2287
darpa_cadets:n237148,2288
darpa_cadets:n237181,2289
darpa_cadets:n237198,2290
darpa_cadets:n237206,2291
darpa_cadets:n237215,2292
darpa_cadets:n237229,2293
darpa_cadets:n23725,2294
darpa_cadets:n23727,2295
darpa_cadets:n237284,2296
darpa_cadets:n237348,2297
darpa_cadets:n237459,2298
darpa_cadets:n237492,2299
darpa_cadets:n23777,2300
darpa_cadets:n237784,2301
darpa_cadets:n237912,2302
darpa_cadets:n237918,2303
darpa_cadets:n238083,2304
darpa_cadets:n238098,2305
darpa_cadets:n238201,2306
darpa_cadets:n238253,2307
darpa_cadets:n238342,2308
darpa_cadets:n238375,2309
darpa_cadets:n238394,2310
darpa_cadets:n238564,2311
darpa_cadets:n238568,2312
darpa_cadets:n238596,2313
darpa_cadets:n238691,2314
darpa_cadets:n238703,2315
darpa_cadets:n23877,2316
darpa_cadets:n238859,2317
darpa_cadets:n238871,2318
darpa_cadets:n238879,2319
darpa_cadets:n238882,2320
darpa_cadets:n238906,2321
darpa_cadets:n238923,2322
darpa_cadets:n238973,2323
darpa_cadets:n239094,2324
darpa_cadets:n23913,2325
darpa_cadets:n239143,2326
darpa_cadets:n239258,2327
darpa_cadets:n239485,2328
darpa_cadets:n239495,2329
darpa_cadets:n239633,2330
darpa_cadets:n239635,2331
darpa_cadets:n239671,2332
darpa_cadets:n239782,2333
darpa_cadets:n239783,2334
darpa_cadets:n239805,2335
darpa_cadets:n239890,2336
darpa_cadets:n239939,2337
darpa_cadets:n239944,2338
darpa_cadets:n240153,2339
darpa_cadets:n240259,2340
darpa_cadets:n240266,2341
darpa_cadets:n240267,2342
darpa_cadets:n24027,2343
darpa_cadets:n24033,2344
darpa_cadets:n24040,2345
darpa_cadets:n240466,2346
darpa_cadets:n2405,2347
darpa_cadets:n240517,2348
darpa_cadets:n240526,2349
darpa_cadets:n240549,2350
darpa_cadets:n240683,2351
darpa_cadets:n240687,2352
darpa_cadets:n240688,2353
darpa_cadets:n240689,2354
darpa_cadets:n240693,2355
darpa_cadets:n240795,2356
darpa_cadets:n240897,2357
darpa_cadets:n241124,2358
darpa_cadets:n241315,2359
darpa_cadets:n241349,2360
darpa_cadets:n241376,2361
darpa_cadets:n241385,2362
darpa_cadets:n241566,2363
darpa_cadets:n241731,2364
darpa_cadets:n24196,2365
darpa_cadets:n24202,2366
darpa_cadets:n242123,2367
darpa_cadets:n242155,2368
darpa_cadets:n24231,2369
darpa_cadets:n242347,2370
darpa_cadets:n242562,2371
darpa_cadets:n242581,2372
darpa_cadets:n24279,2373
darpa_cadets:n2428,2374
darpa_cadets:n242862,2375
darpa_cadets:n243224,2376
darpa_cadets:n243228,2377
darpa_cadets:n243359,2378
darpa_cadets:n24340,2379
darpa_cadets:n24372,2380
darpa_cadets:n243822,2381
darpa_cadets:n244083,2382
darpa_cadets:n244084,2383
darpa_cadets:n244138,2384
darpa_cadets:n24415,2385
darpa_cadets:n244354,2386
darpa_cadets:n244445,2387
darpa_cadets:n244482,2388
darpa_cadets:n2445,2389
darpa_cadets:n244639,2390
darpa_cadets:n244749,2391
darpa_cadets:n24479,2392
darpa_cadets:n244905,2393
darpa_cadets:n245027,2394
darpa_cadets:n245135,2395
darpa_cadets:n245167,2396
darpa_cadets:n245326,2397
darpa_cadets:n245410,2398
darpa_cadets:n245512,2399
darpa_cadets:n245685,2400
darpa_cadets:n245811,2401
darpa_cadets:n245940,2402
darpa_cadets:n245951,2403
darpa_cadets:n24606,2404
darpa_cadets:n246093,2405
darpa_cadets:n246295,2406
darpa_cadets:n246530,2407
darpa_cadets:n246551,2408
darpa_cadets:n246682,2409
darpa_cadets:n246696,2410
darpa_cadets:n246732,2411
darpa_cadets:n246738,2412
darpa_cadets:n246840,2413
darpa_cadets:n246967,2414
darpa_cadets:n247286,2415
darpa_cadets:n247361,2416
darpa_cadets:n247615,2417
darpa_cadets:n24764,2418
darpa_cadets:n248839,2419
darpa_cadets:n248982,2420
darpa_cadets:n248983,2421
darpa_cadets:n24904,2422
darpa_cadets:n24905,2423
darpa_cadets:n249150,2424
darpa_cadets:n249160,2425
darpa_cadets:n24935,2426
darpa_cadets:n249436,2427
darpa_cadets:n249476,2428
darpa_cadets:n249514,2429
darpa_cadets:n249552,2430
darpa_cadets:n249870,2431
darpa_cadets:n25,2432
darpa_cadets:n250076,2433
darpa_cadets:n250139,2434
darpa_cadets:n250219,2435
darpa_cadets:n25030,2436
darpa_cadets:n250419,2437
darpa_cadets:n250472,2438
darpa_cadets:n2505,2439
darpa_cadets:n250533,2440
darpa_cadets:n25070,2441
darpa_cadets:n250817,2442
darpa_cadets:n251141,2443
darpa_cadets:n251217,2444
darpa_cadets:n251283,2445
darpa_cadets:n251289,2446
darpa_cadets:n251330,2447
darpa_cadets:n251400,2448
darpa_cadets:n251427,2449
darpa_cadets:n251433,2450
darpa_cadets:n251500,2451
darpa_cadets:n25174,2452
darpa_cadets:n251762,2453
darpa_cadets:n251827,2454
darpa_cadets:n251856,2455
darpa_cadets:n251871,2456
darpa_cadets:n251874,2457
darpa_cadets:n25188,2458
darpa_cadets:n251995,2459
darpa_cadets:n252029,2460
darpa_cadets:n252125,2461
darpa_cadets:n252160,2462
darpa_cadets:n252347,2463
darpa_cadets:n252411,2464
darpa_cadets:n252452,2465
darpa_cadets:n252832,2466
darpa_cadets:n252870,2467
darpa_cadets:n253192,2468
darpa_cadets:n253286,2469
darpa_cadets:n253544,2470
darpa_cadets:n25366,2471
darpa_cadets:n2537,2472
darpa_cadets:n253733,2473
darpa_cadets:n253771,2474
darpa_cadets:n253852,2475
darpa_cadets:n253873,2476
darpa_cadets:n253875,2477
darpa_cadets:n254043,2478
darpa_cadets:n254052,2479
darpa_cadets:n25408,2480
darpa_cadets:n25416,2481
darpa_cadets:n254175,2482
darpa_cadets:n25427,2483
darpa_cadets:n254290,2484
darpa_cadets:n254307,2485
darpa_cadets:n254500,2486
darpa_cadets:n254700,2487
darpa_cadets:n254917,2488
darpa_cadets:n255146,2489
darpa_cadets:n255202,2490
darpa_cadets:n255215,2491
darpa_cadets:n255257,2492
darpa_cadets:n255274,2493
darpa_cadets:n255495,2494
darpa_cadets:n255565,2495
darpa_cadets:n255619,2496
darpa_cadets:n25576,2497
darpa_cadets:n25585,2498
darpa_cadets:n25589,2499
darpa_cadets:n256064,2500
darpa_cadets:n256109,2501
darpa_cadets:n256143,2502
darpa_cadets:n256185,2503
darpa_cadets:n256321,2504
darpa_cadets:n256387,2505
darpa_cadets:n256935,2506
darpa_cadets:n257197,2507
darpa_cadets:n257219,2508
darpa_cadets:n25723,2509
darpa_cadets:n257253,2510
darpa_cadets:n257481,2511
darpa_cadets:n257494,2512
darpa_cadets:n257544,2513
darpa_cadets:n257606,2514
darpa_cadets:n257697,2515
darpa_cadets:n257843,2516
darpa_cadets:n257895,2517
darpa_cadets:n25795,2518
darpa_cadets:n258044,2519
darpa_cadets:n25817,2520
darpa_cadets:n258287,2521
darpa_cadets:n258380,2522
darpa_cadets:n258384,2523
darpa_cadets:n258564,2524
darpa_cadets:n25859,2525
darpa_cadets:n258720,2526
darpa_cadets:n258731,2527
darpa_cadets:n258737,2528
darpa_cadets:n258824,2529
darpa_cadets:n258977,2530
darpa_cadets:n259026,2531
darpa_cadets:n259167,2532
darpa_cadets:n259175,2533
darpa_cadets:n25921,2534
darpa_cadets:n259265,2535
darpa_cadets:n259305,2536
darpa_cadets:n259789,2537
darpa_cadets:n260029,2538
darpa_cadets:n260150,2539
darpa_cadets:n260153,2540
darpa_cadets:n260278,2541
darpa_cadets:n260390,2542
darpa_cadets:n260593,2543
darpa_cadets:n26060,2544
darpa_cadets:n260624,2545
darpa_cadets:n260773,2546
darpa_cadets:n26084,2547
darpa_cadets:n260937,2548
darpa_cadets:n261056,2549
darpa_cadets:n261158,2550
darpa_cadets:n26123,2551
darpa_cadets:n261333,2552
darpa_cadets:n261393,2553
darpa_cadets:n261471,2554
darpa_cadets:n261615,2555
darpa_cadets:n261655,2556
darpa_cadets:n261791,2557
darpa_cadets:n26188,2558
darpa_cadets:n261887,2559
darpa_cadets:n262200,2560
darpa_cadets:n262346,2561
darpa_cadets:n262414,2562
darpa_cadets:n262441,2563
darpa_cadets:n26258,2564
darpa_cadets:n262584,2565
darpa_cadets:n26267,2566
darpa_cadets:n262764,2567
darpa_cadets:n262941,2568
darpa_cadets:n262942,2569
darpa_cadets:n262999,2570
darpa_cadets:n263070,2571
darpa_cadets:n263298,2572
darpa_cadets:n263326,2573
darpa_cadets:n263351,2574
darpa_cadets:n263645,2575
darpa_cadets:n263649,2576
darpa_cadets:n263702,2577
darpa_cadets:n26383,2578
darpa_cadets:n263844,2579
darpa_cadets:n263877,2580
darpa_cadets:n264008,2581
darpa_cadets:n264106,2582
darpa_cadets:n264262,2583
darpa_cadets:n264405,2584
darpa_cadets:n264471,2585
darpa_cadets:n26449,2586
darpa_cadets:n264554,2587
darpa_cadets:n264580,2588
darpa_cadets:n264585,2589
darpa_cadets:n264690,2590
darpa_cadets:n264705,2591
darpa_cadets:n264785,2592
darpa_cadets:n26503,2593
darpa_cadets:n265120,2594
darpa_cadets:n265240,2595
darpa_cadets:n26535,2596
darpa_cadets:n265794,2597
darpa_cadets:n265818,2598
darpa_cadets:n265884,2599
darpa_cadets:n265968,2600
darpa_cadets:n266036,2601
darpa_cadets:n266106,2602
darpa_cadets:n26623,2603
darpa_cadets:n266294,2604
darpa_cadets:n266502,2605
darpa_cadets:n266526,2606
darpa_cadets:n266674,2607
darpa_cadets:n26681,2608
darpa_cadets:n266880,2609
darpa_cadets:n267253,2610
darpa_cadets:n26729,2611
darpa_cadets:n267303,2612
darpa_cadets:n267400,2613
darpa_cadets:n26770,2614
darpa_cadets:n267737,2615
darpa_cadets:n267888,2616
darpa_cadets:n26791,2617
darpa_cadets:n267914,2618
darpa_cadets:n26800,2619
darpa_cadets:n268001,2620
darpa_cadets:n26801,2621
darpa_cadets:n26802,2622
darpa_cadets:n268353,2623
darpa_cadets:n268382,2624
darpa_cadets:n26870,2625
darpa_cadets:n268874,2626
darpa_cadets:n26889,2627
darpa_cadets:n268893,2628
darpa_cadets:n268905,2629
darpa_cadets:n268947,2630
darpa_cadets:n269,2631
darpa_cadets:n26902,2632
darpa_cadets:n269190,2633
darpa_cadets:n26926,2634
darpa_cadets:n269312,2635
darpa_cadets:n270,2636
darpa_cadets:n27084,2637
darpa_cadets:n27094,2638
darpa_cadets:n27099,2639
darpa_cadets:n271,2640
darpa_cadets:n27101,2641
darpa_cadets:n27112,2642
darpa_cadets:n27130,2643
darpa_cadets:n27159,2644
darpa_cadets:n27192,2645
darpa_cadets:n27195,2646
darpa_cadets:n272,2647
darpa_cadets:n27226,2648
darpa_cadets:n27236,2649
darpa_cadets:n27377,2650
darpa_cadets:n27429,2651
darpa_cadets:n2758,2652
darpa_cadets:n27584,2653
darpa_cadets:n27591,2654
darpa_cadets:n27680,2655
darpa_cadets:n276889,2656
darpa_cadets:n277,2657
darpa_cadets:n27724,2658
darpa_cadets:n27729,2659
darpa_cadets:n2775,2660
darpa_cadets:n27758,2661
darpa_cadets:n27766,2662
darpa_cadets:n27775,2663
darpa_cadets:n27780,2664
darpa_cadets:n2784,2665
darpa_cadets:n27862,2666
darpa_cadets:n27879,2667
darpa_cadets:n27908,2668
darpa_cadets:n27931,2669
darpa_cadets:n27957,2670
darpa_cadets:n28010,2671
darpa_cadets:n28075,2672
darpa_cadets:n28076,2673
darpa_cadets:n28122,2674
darpa_cadets:n28123,2675
darpa_cadets:n28127,2676
darpa_cadets:n28185,2677
darpa_cadets:n28195,2678
darpa_cadets:n282688,2679
darpa_cadets:n28282,2680
darpa_cadets:n282963,2681
darpa_cadets:n283199,2682
darpa_cadets:n283621,2683
darpa_cadets:n283651,2684
darpa_cadets:n283696,2685
darpa_cadets:n2838,2686
darpa_cadets:n28382,2687
darpa_cadets:n28392,2688
darpa_cadets:n284,2689
darpa_cadets:n284034,2690
darpa_cadets:n284054,2691
darpa_cadets:n28417,2692
darpa_cadets:n28418,2693
darpa_cadets:n284186,2694
darpa_cadets:n284203,2695
darpa_cadets:n284238,2696
darpa_cadets:n284320,2697
darpa_cadets:n284455,2698
darpa_cadets:n284499,2699
darpa_cadets:n28477,2700
darpa_cadets:n28493,2701
darpa_cadets:n285,2702
darpa_cadets:n285036,2703
darpa_cadets:n285236,2704
darpa_cadets:n28542,2705
darpa_cadets:n285461,2706
darpa_cadets:n285568,2707
darpa_cadets:n285592,2708
darpa_cadets:n285608,2709
darpa_cadets:n285647,2710
darpa_cadets:n28566,2711
darpa_cadets:n285910,2712
darpa_cadets:n285927,2713
darpa_cadets:n285931,2714
darpa_cadets:n286,2715
darpa_cadets:n28605,2716
darpa_cadets:n286080,2717
darpa_cadets:n2861,2718
darpa_cadets:n286278,2719
darpa_cadets:n286339,2720
darpa_cadets:n286356,2721
darpa_cadets:n2864,2722
darpa_cadets:n286516,2723
darpa_cadets:n286701,2724
darpa_cadets:n286795,2725
darpa_cadets:n28687,2726
darpa_cadets:n287,2727
darpa_cadets:n28707,2728
darpa_cadets:n287117,2729
darpa_cadets:n287150,2730
darpa_cadets:n287268,2731
darpa_cadets:n28729,2732
darpa_cadets:n2874,2733
darpa_cadets:n287547,2734
darpa_cadets:n287668,2735
darpa_cadets:n287674,2736
darpa_cadets:n287899,2737
darpa_cadets:n287906,2738
darpa_cadets:n288192,2739
darpa_cadets:n28822,2740
darpa_cadets:n288290,2741
darpa_cadets:n288321,2742
darpa_cadets:n288333,2743
darpa_cadets:n288441,2744
darpa_cadets:n288798,2745
darpa_cadets:n288831,2746
darpa_cadets:n289052,2747
darpa_cadets:n289109,2748
darpa_cadets:n289112,2749
darpa_cadets:n289468,2750
darpa_cadets:n289643,2751
darpa_cadets:n28975,2752
darpa_cadets:n290085,2753
darpa_cadets:n290093,2754
darpa_cadets:n290389,2755
darpa_cadets:n290395,2756
darpa_cadets:n290462,2757
darpa_cadets:n290669,2758
darpa_cadets:n2907,2759
darpa_cadets:n290810,2760
darpa_cadets:n290845,2761
darpa_cadets:n2910,2762
darpa_cadets:n291020,2763
darpa_cadets:n291363,2764
darpa_cadets:n291588,2765
darpa_cadets:n291590,2766
darpa_cadets:n29166,2767
darpa_cadets:n291779,2768
darpa_cadets:n292018,2769
darpa_cadets:n292306,2770
darpa_cadets:n292452,2771
darpa_cadets:n292480,2772
darpa_cadets:n292657,2773
darpa_cadets:n292730,2774
darpa_cadets:n292756,2775
darpa_cadets:n292763,2776
darpa_cadets:n292770,2777
darpa_cadets:n29284,2778
darpa_cadets:n292879,2779
darpa_cadets:n292966,2780
darpa_cadets:n292971,2781
darpa_cadets:n293,2782
darpa_cadets:n293096,2783
darpa_cadets:n293136,2784
darpa_cadets:n293173,2785
darpa_cadets:n293479,2786
darpa_cadets:n29459,2787
darpa_cadets:n294711,2788
darpa_cadets:n295037,2789
darpa_cadets:n295148,2790
darpa_cadets:n29542,2791
darpa_cadets:n295568,2792
darpa_cadets:n295622,2793
darpa_cadets:n295865,2794
darpa_cadets:n295942,2795
darpa_cadets:n29598,2796
darpa_cadets:n296058,2797
darpa_cadets:n296393,2798
darpa_cadets:n29643,2799
darpa_cadets:n296507,2800
darpa_cadets:n296527,2801
darpa_cadets:n296590,2802
darpa_cadets:n296616,2803
darpa_cadets:n296654,2804
darpa_cadets:n296909,2805
darpa_cadets:n296968,2806
darpa_cadets:n296997,2807
darpa_cadets:n297007,2808
darpa_cadets:n297607,2809
darpa_cadets:n297747,2810
darpa_cadets:n29780,2811
darpa_cadets:n297833,2812
darpa_cadets:n297872,2813
darpa_cadets:n297954,2814
darpa_cadets:n297977,2815
darpa_cadets:n298142,2816
darpa_cadets:n298268,2817
darpa_cadets:n298272,2818
darpa_cadets:n298399,2819
darpa_cadets:n298500,2820
darpa_cadets:n298883,2821
darpa_cadets:n29926,2822
darpa_cadets:n299410,2823
darpa_cadets:n299651,2824
darpa_cadets:n299713,2825
darpa_cadets:n299842,2826
darpa_cadets:n3,2827
darpa_cadets:n300017,2828
darpa_cadets:n300113,2829
darpa_cadets:n300165,2830
darpa_cadets:n300244,2831
darpa_cadets:n300249,2832
darpa_cadets:n300365,2833
darpa_cadets:n300394,2834
darpa_cadets:n30088,2835
darpa_cadets:n301194,2836
darpa_cadets:n30129,2837
darpa_cadets:n301507,2838
darpa_cadets:n301965,2839
darpa_cadets:n302184,2840
darpa_cadets:n30275,2841
darpa_cadets:n302818,2842
darpa_cadets:n30291,2843
darpa_cadets:n303081,2844
darpa_cadets:n303163,2845
darpa_cadets:n303191,2846
darpa_cadets:n303201,2847
darpa_cadets:n3033,2848
darpa_cadets:n303306,2849
darpa_cadets:n303492,2850
darpa_cadets:n303609,2851
darpa_cadets:n303676,2852
darpa_cadets:n303709,2853
darpa_cadets:n303757,2854
darpa_cadets:n303812,2855
darpa_cadets:n303918,2856
darpa_cadets:n303925,2857
darpa_cadets:n30398,2858
darpa_cadets:n30409,2859
darpa_cadets:n304092,2860
darpa_cadets:n30415,2861
darpa_cadets:n30437,2862
darpa_cadets:n304564,2863
darpa_cadets:n304813,2864
darpa_cadets:n305111,2865
darpa_cadets:n305253,2866
darpa_cadets:n305566,2867
darpa_cadets:n30566,2868
darpa_cadets:n30567,2869
darpa_cadets:n305897,2870
darpa_cadets:n30621,2871
darpa_cadets:n30631,2872
darpa_cadets:n306343,2873
darpa_cadets:n306414,2874
darpa_cadets:n30661,2875
darpa_cadets:n306711,2876
darpa_cadets:n30676,2877
darpa_cadets:n306771,2878
darpa_cadets:n307139,2879
darpa_cadets:n307216,2880
darpa_cadets:n307378,2881
darpa_cadets:n307430,2882
darpa_cadets:n30745,2883
darpa_cadets:n307611,2884
darpa_cadets:n307644,2885
darpa_cadets:n307675,2886
darpa_cadets:n307982,2887
darpa_cadets:n308153,2888
darpa_cadets:n308407,2889
darpa_cadets:n308432,2890
darpa_cadets:n308617,2891
darpa_cadets:n308723,2892
darpa_cadets:n308792,2893
darpa_cadets:n308814,2894
darpa_cadets:n30886,2895
darpa_cadets:n30902,2896
darpa_cadets:n309235,2897
darpa_cadets:n309412,2898
darpa_cadets:n309712,2899
darpa_cadets:n309780,2900
darpa_cadets:n309826,2901
darpa_cadets:n309966,2902
darpa_cadets:n31,2903
darpa_cadets:n310012,2904
darpa_cadets:n310280,2905
darpa_cadets:n310375,2906
darpa_cadets:n31038,2907
darpa_cadets:n310479,2908
darpa_cadets:n310826,2909
darpa_cadets:n310953,2910
darpa_cadets:n311054,2911
darpa_cadets:n311146,2912
darpa_cadets:n31144,2913
darpa_cadets:n311531,2914
darpa_cadets:n311700,2915
darpa_cadets:n311908,2916
darpa_cadets:n312174,2917
darpa_cadets:n312180,2918
darpa_cadets:n312256,2919
darpa_cadets:n312341,2920
darpa_cadets:n312456,2921
darpa_cadets:n312461,2922
darpa_cadets:n312816,2923
darpa_cadets:n312878,2924
darpa_cadets:n313066,2925
darpa_cadets:n313082,2926
darpa_cadets:n313178,2927
darpa_cadets:n313376,2928
darpa_cadets:n313380,2929
darpa_cadets:n313386,2930
darpa_cadets:n313387,2931
darpa_cadets:n313522,2932
darpa_cadets:n3138,2933
darpa_cadets:n313848,2934
darpa_cadets:n314167,2935
darpa_cadets:n314191,2936
darpa_cadets:n314259,2937
darpa_cadets:n314303,2938
darpa_cadets:n314517,2939
darpa_cadets:n31459,2940
darpa_cadets:n314718,2941
darpa_cadets:n314870,2942
darpa_cadets:n314903,2943
darpa_cadets:n314965,2944
darpa_cadets:n314968,2945
darpa_cadets:n31521,2946
darpa_cadets:n31522,2947
darpa_cadets:n315220,2948
darpa_cadets:n315370,2949
darpa_cadets:n315428,2950
darpa_cadets:n315606,2951
darpa_cadets:n315685,2952
darpa_cadets:n315821,2953
darpa_cadets:n315914,2954
darpa_cadets:n315953,2955
darpa_cadets:n316068,2956
darpa_cadets:n31616,2957
darpa_cadets:n316279,2958
darpa_cadets:n316284,2959
darpa_cadets:n316384,2960
darpa_cadets:n316406,2961
darpa_cadets:n31642,2962
darpa_cadets:n316612,2963
darpa_cadets:n3167,2964
darpa_cadets:n316760,2965
darpa_cadets:n316943,2966
darpa_cadets:n3171,2967
darpa_cadets:n317372,2968
darpa_cadets:n317387,2969
darpa_cadets:n317391,2970
darpa_cadets:n317573,2971
darpa_cadets:n31780,2972
darpa_cadets:n317853,2973
darpa_cadets:n317869,2974
darpa_cadets:n318113,2975
darpa_cadets:n318231,2976
darpa_cadets:n318424,2977
darpa_cadets:n318701,2978
darpa_cadets:n318841,2979
darpa_cadets:n318925,2980
darpa_cadets:n318931,2981
darpa_cadets:n318952,2982
darpa_cadets:n318979,2983
darpa_cadets:n319085,2984
darpa_cadets:n319145,2985
darpa_cadets:n319192,2986
darpa_cadets:n319203,2987
darpa_cadets:n319320,2988
darpa_cadets:n31935,2989
darpa_cadets:n31950,2990
darpa_cadets:n31952,2991
darpa_cadets:n31956,2992
darpa_cadets:n31958,2993
darpa_cadets:n31959,2994
darpa_cadets:n319963,2995
darpa_cadets:n320147,2996
darpa_cadets:n320190,2997
darpa_cadets:n320325,2998
darpa_cadets:n320333,2999
darpa_cadets:n320585,3000
darpa_cadets:n320597,3001
darpa_cadets:n320837,3002
darpa_cadets:n32086,3003
darpa_cadets:n32101,3004
darpa_cadets:n321011,3005
darpa_cadets:n321017,3006
darpa_cadets:n321151,3007
darpa_cadets:n321318,3008
darpa_cadets:n321397,3009
darpa_cadets:n321587,3010
darpa_cadets:n321668,3011
darpa_cadets:n322078,3012
darpa_cadets:n322207,3013
darpa_cadets:n32231,3014
darpa_cadets:n322387,3015
darpa_cadets:n32242,3016
darpa_cadets:n322532,3017
darpa_cadets:n32269,3018
darpa_cadets:n322730,3019
darpa_cadets:n322739,3020
darpa_cadets:n32275,3021
darpa_cadets:n32276,3022
darpa_cadets:n32277,3023
darpa_cadets:n322820,3024
darpa_cadets:n322868,3025
darpa_cadets:n323043,3026
darpa_cadets:n323120,3027
darpa_cadets:n323125,3028
darpa_cadets:n323130,3029
darpa_cadets:n323191,3030
darpa_cadets:n323391,3031
darpa_cadets:n3235,3032
darpa_cadets:n323522,3033
darpa_cadets:n323547,3034
darpa_cadets:n32361,3035
darpa_cadets:n323837,3036
darpa_cadets:n323883,3037
darpa_cadets:n324061,3038
darpa_cadets:n32409,3039
darpa_cadets:n324168,3040
darpa_cadets:n324226,3041
darpa_cadets:n324534,3042
darpa_cadets:n324595,3043
darpa_cadets:n324661,3044
darpa_cadets:n324804,3045
darpa_cadets:n324915,3046
darpa_cadets:n325000,3047
darpa_cadets:n325027,3048
darpa_cadets:n325182,3049
darpa_cadets:n325349,3050
darpa_cadets:n32546,3051
darpa_cadets:n32548,3052
darpa_cadets:n325480,3053
darpa_cadets:n325550,3054
darpa_cadets:n32559,3055
darpa_cadets:n32565,3056
darpa_cadets:n325687,3057
darpa_cadets:n325796,3058
darpa_cadets:n325840,3059
darpa_cadets:n325912,3060
darpa_cadets:n326,3061
darpa_cadets:n326031,3062
darpa_cadets:n326080,3063
darpa_cadets:n326114,3064
darpa_cadets:n326165,3065
darpa_cadets:n326237,3066
darpa_cadets:n326428,3067
darpa_cadets:n326655,3068
darpa_cadets:n326761,3069
darpa_cadets:n326831,3070
darpa_cadets:n326872,3071
darpa_cadets:n32692,3072
darpa_cadets:n326961,3073
darpa_cadets:n327031,3074
darpa_cadets:n32704,3075
darpa_cadets:n327094,3076
darpa_cadets:n327120,3077
darpa_cadets:n327149,3078
darpa_cadets:n327186,3079
darpa_cadets:n3274,3080
darpa_cadets:n32745,3081
darpa_cadets:n32784,3082
darpa_cadets:n327859,3083
darpa_cadets:n327982,3084
darpa_cadets:n3281,3085
darpa_cadets:n328152,3086
darpa_cadets:n3282,3087
darpa_cadets:n328218,3088
darpa_cadets:n32834,3089
darpa_cadets:n32838,3090
darpa_cadets:n328419,3091
darpa_cadets:n328448,3092
darpa_cadets:n328661,3093
darpa_cadets:n328742,3094
darpa_cadets:n32875,3095
darpa_cadets:n328836,3096
darpa_cadets:n328942,3097
darpa_cadets:n329176,3098
darpa_cadets:n329242,3099
darpa_cadets:n329434,3100
darpa_cadets:n32958,3101
darpa_cadets:n32965,3102
darpa_cadets:n32969,3103
darpa_cadets:n329723,3104
darpa_cadets:n329951,3105
darpa_cadets:n329956,3106
darpa_cadets:n3300,3107
darpa_cadets:n330183,3108
darpa_cadets:n33026,3109
darpa_cadets:n330418,3110
darpa_cadets:n33042,3111
darpa_cadets:n330470,3112
darpa_cadets:n330626,3113
darpa_cadets:n330774,3114
darpa_cadets:n330834,3115
darpa_cadets:n330901,3116
darpa_cadets:n330952,3117
darpa_cadets:n331176,3118
darpa_cadets:n331292,3119
darpa_cadets:n33134,3120
darpa_cadets:n33149,3121
darpa_cadets:n33151,3122
darpa_cadets:n331653,3123
darpa_cadets:n331793,3124
darpa_cadets:n331879,3125
darpa_cadets:n331888,3126
darpa_cadets:n331949,3127
darpa_cadets:n332,3128
darpa_cadets:n332027,3129
darpa_cadets:n332095,3130
darpa_cadets:n332144,3131
darpa_cadets:n33215,3132
darpa_cadets:n332246,3133
darpa_cadets:n332269,3134
darpa_cadets:n3323,3135
darpa_cadets:n332326,3136
darpa_cadets:n332541,3137
darpa_cadets:n332609,3138
darpa_cadets:n332758,3139
darpa_cadets:n33300,3140
darpa_cadets:n333109,3141
darpa_cadets:n33315,3142
darpa_cadets:n333151,3143
darpa_cadets:n33324,3144
darpa_cadets:n333506,3145
darpa_cadets:n333526,3146
darpa_cadets:n333547,3147
darpa_cadets:n333567,3148
darpa_cadets:n333758,3149
darpa_cadets:n333904,3150
darpa_cadets:n33416,3151
darpa_cadets:n334338,3152
darpa_cadets:n334462,3153
darpa_cadets:n334480,3154
darpa_cadets:n334503,3155
darpa_cadets:n335329,3156
darpa_cadets:n335414,3157
darpa_cadets:n335472,3158
darpa_cadets:n335569,3159
darpa_cadets:n335705,3160
darpa_cadets:n336,3161
darpa_cadets:n336151,3162
darpa_cadets:n336222,3163
darpa_cadets:n336380,3164
darpa_cadets:n336537,3165
darpa_cadets:n336562,3166
darpa_cadets:n336706,3167
darpa_cadets:n33707,3168
darpa_cadets:n337131,3169
darpa_cadets:n337177,3170
darpa_cadets:n337179,3171
darpa_cadets:n3372,3172
darpa_cadets:n33723,3173
darpa_cadets:n33750,3174
darpa_cadets:n337527,3175
darpa_cadets:n337540,3176
darpa_cadets:n337543,3177
darpa_cadets:n337601,3178
darpa_cadets:n337673,3179
darpa_cadets:n337752,3180
darpa_cadets:n337909,3181
darpa_cadets:n337930,3182
darpa_cadets:n33797,3183
darpa_cadets:n338,3184
darpa_cadets:n338030,3185
darpa_cadets:n338129,3186
darpa_cadets:n338173,3187
darpa_cadets:n33827,3188
darpa_cadets:n338315,3189
darpa_cadets:n338329,3190
darpa_cadets:n338339,3191
darpa_cadets:n338343,3192
darpa_cadets:n338350,3193
darpa_cadets:n338369,3194
darpa_cadets:n338437,3195
darpa_cadets:n33849,3196
darpa_cadets:n338622,3197
darpa_cadets:n33863,3198
darpa_cadets:n338688,3199
darpa_cadets:n33869,3200
darpa_cadets:n33887,3201
darpa_cadets:n338891,3202
darpa_cadets:n33893,3203
darpa_cadets:n338961,3204
darpa_cadets:n339041,3205
darpa_cadets:n339310,3206
darpa_cadets:n339559,3207
darpa_cadets:n339584,3208
darpa_cadets:n339657,3209
darpa_cadets:n339691,3210
darpa_cadets:n339769,3211
darpa_cadets:n339821,3212
darpa_cadets:n339949,3213
darpa_cadets:n340,3214
darpa_cadets:n340055,3215
darpa_cadets:n340179,3216
darpa_cadets:n340224,3217
darpa_cadets:n340383,3218
darpa_cadets:n340765,3219
darpa_cadets:n340801,3220
darpa_cadets:n341,3221
darpa_cadets:n34109,3222
darpa_cadets:n341163,3223
darpa_cadets:n341178,3224
darpa_cadets:n341192,3225
darpa_cadets:n341266,3226
darpa_cadets:n341364,3227
darpa_cadets:n341399,3228
darpa_cadets:n3414,3229
darpa_cadets:n341743,3230
darpa_cadets:n341863,3231
darpa_cadets:n34187,3232
darpa_cadets:n34191,3233
darpa_cadets:n341965,3234
darpa_cadets:n341998,3235
darpa_cadets:n342,3236
darpa_cadets:n342201,3237
darpa_cadets:n342349,3238
darpa_cadets:n342351,3239
darpa_cadets:n34243,3240
darpa_cadets:n342541,3241
darpa_cadets:n342588,3242
darpa_cadets:n342607,3243
darpa_cadets:n342990,3244
darpa_cadets:n3430,3245
darpa_cadets:n343167,3246
darpa_cadets:n343261,3247
darpa_cadets:n34331,3248
darpa_cadets:n343421,3249
darpa_cadets:n343487,3250
darpa_cadets:n343592,3251
darpa_cadets:n343829,3252
darpa_cadets:n343837,3253
darpa_cadets:n343838,3254
darpa_cadets:n343881,3255
darpa_cadets:n344006,3256
darpa_cadets:n344168,3257
darpa_cadets:n344272,3258
darpa_cadets:n344365,3259
darpa_cadets:n34484,3260
darpa_cadets:n344894,3261
darpa_cadets:n344932,3262
darpa_cadets:n345,3263
darpa_cadets:n345018,3264
darpa_cadets:n34523,3265
darpa_cadets:n345271,3266
darpa_cadets:n345389,3267
darpa_cadets:n345561,3268
darpa_cadets:n345569,3269
darpa_cadets:n345735,3270
darpa_cadets:n345780,3271
darpa_cadets:n345791,3272
darpa_cadets:n34585,3273
darpa_cadets:n346,3274
darpa_cadets:n34628,3275
darpa_cadets:n346340,3276
darpa_cadets:n346375,3277
darpa_cadets:n346380,3278
darpa_cadets:n346423,3279
darpa_cadets:n346508,3280
darpa_cadets:n346524,3281
darpa_cadets:n346532,3282
darpa_cadets:n346538,3283
darpa_cadets:n346820,3284
darpa_cadets:n346889,3285
darpa_cadets:n346987,3286
darpa_cadets:n346993,3287
darpa_cadets:n346995,3288
darpa_cadets:n347349,3289
darpa_cadets:n347394,3290
darpa_cadets:n347443,3291
darpa_cadets:n347529,3292
darpa_cadets:n347539,3293
darpa_cadets:n347540,3294
darpa_cadets:n34766,3295
darpa_cadets:n347677,3296
darpa_cadets:n347716,3297
darpa_cadets:n34789,3298
darpa_cadets:n348001,3299
darpa_cadets:n348107,3300
darpa_cadets:n348597,3301
darpa_cadets:n348810,3302
darpa_cadets:n34918,3303
darpa_cadets:n349311,3304
darpa_cadets:n34934,3305
darpa_cadets:n349365,3306
darpa_cadets:n349458,3307
darpa_cadets:n34947,3308
darpa_cadets:n349649,3309
darpa_cadets:n349731,3310
darpa_cadets:n349800,3311
darpa_cadets:n349923,3312
darpa_cadets:n349961,3313
darpa_cadets:n349991,3314
darpa_cadets:n349995,3315
darpa_cadets:n350305,3316
darpa_cadets:n350352,3317
darpa_cadets:n35045,3318
darpa_cadets:n350485,3319
darpa_cadets:n35049,3320
darpa_cadets:n35050,3321
darpa_cadets:n350575,3322
darpa_cadets:n350629,3323
darpa_cadets:n350772,3324
darpa_cadets:n350786,3325
darpa_cadets:n350891,3326
darpa_cadets:n350990,3327
darpa_cadets:n351072,3328
darpa_cadets:n351099,3329
darpa_cadets:n3511,3330
darpa_cadets:n351178,3331
darpa_cadets:n351195,3332
darpa_cadets:n351235,3333
darpa_cadets:n351255,3334
darpa_cadets:n351345,3335
darpa_cadets:n351390,3336
darpa_cadets:n3514,3337
darpa_cadets:n351588,3338
darpa_cadets:n351641,3339
darpa_cadets:n35178,3340
darpa_cadets:n351860,3341
darpa_cadets:n351867,3342
darpa_cadets:n351968,3343
darpa_cadets:n35236,3344
darpa_cadets:n352532,3345
darpa_cadets:n352535,3346
darpa_cadets:n352664,3347
darpa_cadets:n352935,3348
darpa_cadets:n35299,3349
darpa_cadets:n352994,3350
darpa_cadets:n353114,3351
darpa_cadets:n353219,3352
darpa_cadets:n353627,3353
darpa_cadets:n35363,3354
darpa_cadets:n353635,3355
darpa_cadets:n353847,3356
darpa_cadets:n353902,3357
darpa_cadets:n353914,3358
darpa_cadets:n354082,3359
darpa_cadets:n354262,3360
darpa_cadets:n354265,3361
darpa_cadets:n354267,3362
darpa_cadets:n35428,3363
darpa_cadets:n354543,3364
darpa_cadets:n354547,3365
darpa_cadets:n354574,3366
darpa_cadets:n354646,3367
darpa_cadets:n354662,3368
darpa_cadets:n354674,3369
darpa_cadets:n354696,3370
darpa_cadets:n355,3371
darpa_cadets:n35505,3372
darpa_cadets:n355133,3373
darpa_cadets:n355134,3374
darpa_cadets:n355226,3375
darpa_cadets:n355578,3376
darpa_cadets:n355720,3377
darpa_cadets:n355742,3378
darpa_cadets:n356053,3379
darpa_cadets:n356074,3380
darpa_cadets:n356391,3381
darpa_cadets:n356449,3382
darpa_cadets:n356611,3383
darpa_cadets:n356645,3384
darpa_cadets:n35666,3385
darpa_cadets:n35673,3386
darpa_cadets:n357,3387
darpa_cadets:n357057,3388
darpa_cadets:n357166,3389
darpa_cadets:n358,3390
darpa_cadets:n359,3391
darpa_cadets:n36,3392
darpa_cadets:n360,3393
darpa_cadets:n3606,3394
darpa_cadets:n36073,3395
darpa_cadets:n36109,3396
darpa_cadets:n36414,3397
darpa_cadets:n36418,3398
darpa_cadets:n36423,3399
darpa_cadets:n36473,3400
darpa_cadets:n36494,3401
darpa_cadets:n36534,3402
darpa_cadets:n36541,3403
darpa_cadets:n36552,3404
darpa_cadets:n36596,3405
darpa_cadets:n36597,3406
darpa_cadets:n3670,3407
darpa_cadets:n36724,3408
darpa_cadets:n36734,3409
darpa_cadets:n368,3410
darpa_cadets:n37011,3411
darpa_cadets:n37020,3412
darpa_cadets:n37026,3413
darpa_cadets:n37088,3414
darpa_cadets:n3709,3415
darpa_cadets:n3712,3416
darpa_cadets:n3717,3417
darpa_cadets:n37300,3418
darpa_cadets:n37342,3419
darpa_cadets:n37363,3420
darpa_cadets:n37400,3421
darpa_cadets:n3742,3422
darpa_cadets:n37420,3423
darpa_cadets:n3745,3424
darpa_cadets:n3746,3425
darpa_cadets:n3754,3426
darpa_cadets:n37576,3427
darpa_cadets:n376,3428
darpa_cadets:n3763,3429
darpa_cadets:n3765,3430
darpa_cadets:n37656,3431
darpa_cadets:n37713,3432
darpa_cadets:n37740,3433
darpa_cadets:n37742,3434
darpa_cadets:n3777,3435
darpa_cadets:n37874,3436
darpa_cadets:n37880,3437
darpa_cadets:n37973,3438
darpa_cadets:n38015,3439
darpa_cadets:n38044,3440
darpa_cadets:n38143,3441
darpa_cadets:n38144,3442
darpa_cadets:n382,3443
darpa_cadets:n38201,3444
darpa_cadets:n38287,3445
darpa_cadets:n38487,3446
darpa_cadets:n38548,3447
darpa_cadets:n38557,3448
darpa_cadets:n38620,3449
darpa_cadets:n38783,3450
darpa_cadets:n38811,3451
darpa_cadets:n38846,3452
darpa_cadets:n38884,3453
darpa_cadets:n389,3454
darpa_cadets:n38906,3455
darpa_cadets:n3891,3456
darpa_cadets:n3892,3457
darpa_cadets:n38949,3458
darpa_cadets:n39051,3459
darpa_cadets:n39071,3460
darpa_cadets:n39080,3461
darpa_cadets:n3916,3462
darpa_cadets:n392,3463
darpa_cadets:n39233,3464
darpa_cadets:n39328,3465
darpa_cadets:n39379,3466
darpa_cadets:n3947,3467
darpa_cadets:n39511,3468
darpa_cadets:n396,3469
darpa_cadets:n39659,3470
darpa_cadets:n39838,3471
darpa_cadets:n39956,3472
darpa_cadets:n40088,3473
darpa_cadets:n4010,3474
darpa_cadets:n402,3475
darpa_cadets:n40216,3476
darpa_cadets:n4022,3477
darpa_cadets:n40223,3478
darpa_cadets:n40279,3479
darpa_cadets:n403,3480
darpa_cadets:n40500,3481
darpa_cadets:n40526,3482
darpa_cadets:n40597,3483
darpa_cadets:n40668,3484
darpa_cadets:n40674,3485
darpa_cadets:n40786,3486
darpa_cadets:n40792,3487
darpa_cadets:n40840,3488
darpa_cadets:n40996,3489
darpa_cadets:n41311,3490
darpa_cadets:n41558,3491
darpa_cadets:n41569,3492
darpa_cadets:n41694,3493
darpa_cadets:n41705,3494
darpa_cadets:n41732,3495
darpa_cadets:n41753,3496
darpa_cadets:n41768,3497
darpa_cadets:n41779,3498
darpa_cadets:n41801,3499
darpa_cadets:n42004,3500
darpa_cadets:n42016,3501
darpa_cadets:n42053,3502
darpa_cadets:n4220,3503
darpa_cadets:n42303,3504
darpa_cadets:n42333,3505
darpa_cadets:n42439,3506
darpa_cadets:n42507,3507
darpa_cadets:n42562,3508
darpa_cadets:n42631,3509
darpa_cadets:n42647,3510
darpa_cadets:n42881,3511
darpa_cadets:n42887,3512
darpa_cadets:n43006,3513
darpa_cadets:n431,3514
darpa_cadets:n43142,3515
darpa_cadets:n43237,3516
darpa_cadets:n43278,3517
darpa_cadets:n43287,3518
darpa_cadets:n43411,3519
darpa_cadets:n43423,3520
darpa_cadets:n43476,3521
darpa_cadets:n43500,3522
darpa_cadets:n43541,3523
darpa_cadets:n43602,3524
darpa_cadets:n43638,3525
darpa_cadets:n43719,3526
darpa_cadets:n43779,3527
darpa_cadets:n43894,3528
darpa_cadets:n43895,3529
darpa_cadets:n4390,3530
darpa_cadets:n4395,3531
darpa_cadets:n44010,3532
darpa_cadets:n44023,3533
darpa_cadets:n44075,3534
darpa_cadets:n44085,3535
darpa_cadets:n4414,3536
darpa_cadets:n44172,3537
darpa_cadets:n44180,3538
darpa_cadets:n44181,3539
darpa_cadets:n44187,3540
darpa_cadets:n44324,3541
darpa_cadets:n4445,3542
darpa_cadets:n44459,3543
darpa_cadets:n44460,3544
darpa_cadets:n44473,3545
darpa_cadets:n44526,3546
darpa_cadets:n44597,3547
darpa_cadets:n44609,3548
darpa_cadets:n44661,3549
darpa_cadets:n4472,3550
darpa_cadets:n44733,3551
darpa_cadets:n44737,3552
darpa_cadets:n44740,3553
darpa_cadets:n44744,3554
darpa_cadets:n44822,3555
darpa_cadets:n44824,3556
darpa_cadets:n44837,3557
darpa_cadets:n44879,3558
darpa_cadets:n45001,3559
darpa_cadets:n45020,3560
darpa_cadets:n45034,3561
darpa_cadets:n45074,3562
darpa_cadets:n45079,3563
darpa_cadets:n45080,3564
darpa_cadets:n45228,3565
darpa_cadets:n4526,3566
darpa_cadets:n45375,3567
darpa_cadets:n45378,3568
darpa_cadets:n4538,3569
darpa_cadets:n45381,3570
darpa_cadets:n45383,3571
darpa_cadets:n45402,3572
darpa_cadets:n45535,3573
darpa_cadets:n45540,3574
darpa_cadets:n45545,3575
darpa_cadets:n45689,3576
darpa_cadets:n45690,3577
darpa_cadets:n45827,3578
darpa_cadets:n4583,3579
darpa_cadets:n45969,3580
darpa_cadets:n4600,3581
darpa_cadets:n46097,3582
darpa_cadets:n46208,3583
darpa_cadets:n46313,3584
darpa_cadets:n46324,3585
darpa_cadets:n46373,3586
darpa_cadets:n46378,3587
darpa_cadets:n46387,3588
darpa_cadets:n46418,3589
darpa_cadets:n4645,3590
darpa_cadets:n46589,3591
darpa_cadets:n46732,3592
darpa_cadets:n46832,3593
darpa_cadets:n46856,3594
darpa_cadets:n46868,3595
darpa_cadets:n4689,3596
darpa_cadets:n46927,3597
darpa_cadets:n46985,3598
darpa_cadets:n47002,3599
darpa_cadets:n47039,3600
darpa_cadets:n4705,3601
darpa_cadets:n47157,3602
darpa_cadets:n47409,3603
darpa_cadets:n47439,3604
darpa_cadets:n47441,3605
darpa_cadets:n47638,3606
darpa_cadets:n47731,3607
darpa_cadets:n47854,3608
darpa_cadets:n47997,3609
darpa_cadets:n48,3610
darpa_cadets:n48025,3611
darpa_cadets:n48030,3612
darpa_cadets:n48032,3613
darpa_cadets:n4835,3614
darpa_cadets:n48424,3615
darpa_cadets:n4850,3616
darpa_cadets:n48694,3617
darpa_cadets:n48829,3618
darpa_cadets:n48831,3619
darpa_cadets:n48901,3620
darpa_cadets:n48903,3621
darpa_cadets:n49,3622
darpa_cadets:n49021,3623
darpa_cadets:n49030,3624
darpa_cadets:n49135,3625
darpa_cadets:n49178,3626
darpa_cadets:n49326,3627
darpa_cadets:n49438,3628
darpa_cadets:n4946,3629
darpa_cadets:n49511,3630
darpa_cadets:n4962,3631
darpa_cadets:n49827,3632
darpa_cadets:n5,3633
darpa_cadets:n50,3634
darpa_cadets:n50244,3635
darpa_cadets:n50265,3636
darpa_cadets:n50308,3637
darpa_cadets:n50394,3638
darpa_cadets:n50692,3639
darpa_cadets:n50698,3640
darpa_cadets:n50701,3641
darpa_cadets:n50717,3642
darpa_cadets:n50738,3643
darpa_cadets:n50794,3644
darpa_cadets:n50866,3645
darpa_cadets:n50890,3646
darpa_cadets:n50931,3647
darpa_cadets:n50953,3648
darpa_cadets:n51291,3649
darpa_cadets:n51293,3650
darpa_cadets:n51422,3651
darpa_cadets:n51524,3652
darpa_cadets:n51703,3653
darpa_cadets:n51707,3654
darpa_cadets:n5174,3655
darpa_cadets:n51742,3656
darpa_cadets:n51769,3657
darpa_cadets:n5180,3658
darpa_cadets:n51891,3659
darpa_cadets:n52000,3660
darpa_cadets:n52133,3661
darpa_cadets:n52157,3662
darpa_cadets:n52477,3663
darpa_cadets:n5256,3664
darpa_cadets:n52620,3665
darpa_cadets:n52737,3666
darpa_cadets:n5274,3667
darpa_cadets:n5276,3668
darpa_cadets:n52810,3669
darpa_cadets:n52825,3670
darpa_cadets:n52896,3671
darpa_cadets:n53,3672
darpa_cadets:n530,3673
darpa_cadets:n53043,3674
darpa_cadets:n53182,3675
darpa_cadets:n5326,3676
darpa_cadets:n53434,3677
darpa_cadets:n53443,3678
darpa_cadets:n53554,3679
darpa_cadets:n53566,3680
darpa_cadets:n5358,3681
darpa_cadets:n53651,3682
darpa_cadets:n53849,3683
darpa_cadets:n53886,3684
darpa_cadets:n5393,3685
darpa_cadets:n53996,3686
darpa_cadets:n54010,3687
darpa_cadets:n54153,3688
darpa_cadets:n54154,3689
darpa_cadets:n5416,3690
darpa_cadets:n54195,3691
darpa_cadets:n54197,3692
darpa_cadets:n54235,3693
darpa_cadets:n5432,3694
darpa_cadets:n54326,3695
darpa_cadets:n54399,3696
darpa_cadets:n54430,3697
darpa_cadets:n54487,3698
darpa_cadets:n5457,3699
darpa_cadets:n54898,3700
darpa_cadets:n54901,3701
darpa_cadets:n54964,3702
darpa_cadets:n55040,3703
darpa_cadets:n55078,3704
darpa_cadets:n55264,3705
darpa_cadets:n55267,3706
darpa_cadets:n55298,3707
darpa_cadets:n55495,3708
darpa_cadets:n5550,3709
darpa_cadets:n5554,3710
darpa_cadets:n55582,3711
darpa_cadets:n557,3712
darpa_cadets:n559,3713
darpa_cadets:n560,3714
darpa_cadets:n56092,3715
darpa_cadets:n56226,3716
darpa_cadets:n56421,3717
darpa_cadets:n5650,3718
darpa_cadets:n56633,3719
darpa_cadets:n56638,3720
darpa_cadets:n5675,3721
darpa_cadets:n56783,3722
darpa_cadets:n56784,3723
darpa_cadets:n56872,3724
darpa_cadets:n5694,3725
darpa_cadets:n56941,3726
darpa_cadets:n56947,3727
darpa_cadets:n5695,3728
darpa_cadets:n57017,3729
darpa_cadets:n57066,3730
darpa_cadets:n57108,3731
darpa_cadets:n57202,3732
darpa_cadets:n57302,3733
darpa_cadets:n57345,3734
darpa_cadets:n57356,3735
darpa_cadets:n5741,3736
darpa_cadets:n5743,3737
darpa_cadets:n57476,3738
darpa_cadets:n57511,3739
darpa_cadets:n57546,3740
darpa_cadets:n57645,3741
darpa_cadets:n57764,3742
darpa_cadets:n57775,3743
darpa_cadets:n57956,3744
darpa_cadets:n58098,3745
darpa_cadets:n58199,3746
darpa_cadets:n5821,3747
darpa_cadets:n58350,3748
darpa_cadets:n58361,3749
darpa_cadets:n58404,3750
darpa_cadets:n58405,3751
darpa_cadets:n58451,3752
darpa_cadets:n58453,3753
darpa_cadets:n58485,3754
darpa_cadets:n58567,3755
darpa_cadets:n58707,3756
darpa_cadets:n58735,3757
darpa_cadets:n58836,3758
darpa_cadets:n58860,3759
darpa_cadets:n58950,3760
darpa_cadets:n59058,3761
darpa_cadets:n59121,3762
darpa_cadets:n59202,3763
darpa_cadets:n59266,3764
darpa_cadets:n59365,3765
darpa_cadets:n59369,3766
darpa_cadets:n59399,3767
darpa_cadets:n59437,3768
darpa_cadets:n59577,3769
darpa_cadets:n59610,3770
darpa_cadets:n59670,3771
darpa_cadets:n59995,3772
darpa_cadets:n6,3773
darpa_cadets:n6011,3774
darpa_cadets:n60154,3775
darpa_cadets:n60201,3776
darpa_cadets:n60218,3777
darpa_cadets:n60293,3778
darpa_cadets:n60297,3779
darpa_cadets:n60298,3780
darpa_cadets:n60301,3781
darpa_cadets:n6063,3782
darpa_cadets:n6064,3783
darpa_cadets:n60726,3784
darpa_cadets:n60862,3785
darpa_cadets:n6089,3786
darpa_cadets:n60953,3787
darpa_cadets:n6108,3788
darpa_cadets:n6127,3789
darpa_cadets:n61320,3790
darpa_cadets:n61471,3791
darpa_cadets:n61605,3792
darpa_cadets:n61630,3793
darpa_cadets:n61640,3794
darpa_cadets:n61753,3795
darpa_cadets:n61770,3796
darpa_cadets:n61904,3797
darpa_cadets:n61921,3798
darpa_cadets:n61939,3799
darpa_cadets:n62017,3800
darpa_cadets:n62041,3801
darpa_cadets:n62310,3802
darpa_cadets:n62325,3803
darpa_cadets:n62344,3804
darpa_cadets:n62368,3805
darpa_cadets:n62371,3806
darpa_cadets:n62384,3807
darpa_cadets:n62388,3808
darpa_cadets:n62494,3809
darpa_cadets:n62535,3810
darpa_cadets:n62536,3811
darpa_cadets:n62566,3812
darpa_cadets:n62578,3813
darpa_cadets:n62624,3814
darpa_cadets:n62649,3815
darpa_cadets:n62724,3816
darpa_cadets:n62733,3817
darpa_cadets:n62734,3818
darpa_cadets:n62738,3819
darpa_cadets:n62744,3820
darpa_cadets:n62747,3821
darpa_cadets:n62750,3822
darpa_cadets:n62766,3823
darpa_cadets:n6278,3824
darpa_cadets:n62788,3825
darpa_cadets:n62790,3826
darpa_cadets:n62792,3827
darpa_cadets:n62793,3828
darpa_cadets:n62798,3829
darpa_cadets:n62846,3830
darpa_cadets:n62860,3831
darpa_cadets:n62894,3832
darpa_cadets:n6293,3833
darpa_cadets:n63087,3834
darpa_cadets:n63274,3835
darpa_cadets:n63363,3836
darpa_cadets:n6352,3837
darpa_cadets:n63826,3838
darpa_cadets:n6390,3839
darpa_cadets:n6398,3840
darpa_cadets:n64,3841
darpa_cadets:n64241,3842
darpa_cadets:n64449,3843
darpa_cadets:n64983,3844
darpa_cadets:n65,3845
darpa_cadets:n6511,3846
darpa_cadets:n6539,3847
darpa_cadets:n65610,3848
darpa_cadets:n65687,3849
darpa_cadets:n66035,3850
darpa_cadets:n66402,3851
darpa_cadets:n66447,3852
darpa_cadets:n66766,3853
darpa_cadets:n66778,3854
darpa_cadets:n66960,3855
darpa_cadets:n67201,3856
darpa_cadets:n673,3857
darpa_cadets:n67350,3858
darpa_cadets:n67445,3859
darpa_cadets:n67717,3860
darpa_cadets:n67989,3861
darpa_cadets:n68,3862
darpa_cadets:n68134,3863
darpa_cadets:n68235,3864
darpa_cadets:n6828,3865
darpa_cadets:n68459,3866
darpa_cadets:n68591,3867
darpa_cadets:n687,3868
darpa_cadets:n68733,3869
darpa_cadets:n68837,3870
darpa_cadets:n68875,3871
darpa_cadets:n69009,3872
darpa_cadets:n69018,3873
darpa_cadets:n69053,3874
darpa_cadets:n69339,3875
darpa_cadets:n69358,3876
darpa_cadets:n69474,3877
darpa_cadets:n69588,3878
darpa_cadets:n6968,3879
darpa_cadets:n69802,3880
darpa_cadets:n69806,3881
darpa_cadets:n6982,3882
darpa_cadets:n6984,3883
darpa_cadets:n69971,3884
darpa_cadets:n7,3885
darpa_cadets:n70040,3886
darpa_cadets:n70063,3887
darpa_cadets:n70065,3888
darpa_cadets:n70268,3889
darpa_cadets:n70275,3890
darpa_cadets:n7036,3891
darpa_cadets:n70796,3892
darpa_cadets:n70807,3893
darpa_cadets:n70890,3894
darpa_cadets:n71161,3895
darpa_cadets:n71317,3896
darpa_cadets:n71396,3897
darpa_cadets:n71469,3898
darpa_cadets:n71543,3899
darpa_cadets:n71629,3900
darpa_cadets:n7165,3901
darpa_cadets:n71766,3902
darpa_cadets:n71828,3903
darpa_cadets:n72154,3904
darpa_cadets:n7218,3905
darpa_cadets:n7226,3906
darpa_cadets:n72409,3907
darpa_cadets:n72524,3908
darpa_cadets:n72576,3909
darpa_cadets:n7276,3910
darpa_cadets:n73,3911
darpa_cadets:n73251,3912
darpa_cadets:n73373,3913
darpa_cadets:n73384,3914
darpa_cadets:n73430,3915
darpa_cadets:n73790,3916
darpa_cadets:n7392,3917
darpa_cadets:n73975,3918
darpa_cadets:n74129,3919
darpa_cadets:n74607,3920
darpa_cadets:n74786,3921
darpa_cadets:n750,3922
darpa_cadets:n75165,3923
darpa_cadets:n75192,3924
darpa_cadets:n752,3925
darpa_cadets:n7523,3926
darpa_cadets:n753,3927
darpa_cadets:n75345,3928
darpa_cadets:n759,3929
darpa_cadets:n75989,3930
darpa_cadets:n76,3931
darpa_cadets:n76064,3932
darpa_cadets:n761,3933
darpa_cadets:n762,3934
darpa_cadets:n7625,3935
darpa_cadets:n76275,3936
darpa_cadets:n763,3937
darpa_cadets:n7639,3938
darpa_cadets:n7647,3939
darpa_cadets:n76579,3940
darpa_cadets:n76632,3941
darpa_cadets:n7675,3942
darpa_cadets:n7681,3943
darpa_cadets:n76918,3944
darpa_cadets:n76984,3945
darpa_cadets:n7738,3946
darpa_cadets:n77420,3947
darpa_cadets:n77616,3948
darpa_cadets:n7799,3949
darpa_cadets:n7808,3950
darpa_cadets:n7809,3951
darpa_cadets:n78135,3952
darpa_cadets:n78569,3953
darpa_cadets:n78664,3954
darpa_cadets:n78670,3955
darpa_cadets:n78764,3956
darpa_cadets:n78781,3957
darpa_cadets:n7884,3958
darpa_cadets:n7888,3959
darpa_cadets:n78947,3960
darpa_cadets:n79048,3961
darpa_cadets:n79120,3962
darpa_cadets:n7929,3963
darpa_cadets:n7936,3964
darpa_cadets:n79414,3965
darpa_cadets:n79480,3966
darpa_cadets:n7956,3967
darpa_cadets:n79850,3968
darpa_cadets:n79868,3969
darpa_cadets:n8,3970
darpa_cadets:n80073,3971
darpa_cadets:n8034,3972
darpa_cadets:n80414,3973
darpa_cadets:n80445,3974
darpa_cadets:n80580,3975
darpa_cadets:n80587,3976
darpa_cadets:n80838,3977
darpa_cadets:n80961,3978
darpa_cadets:n80972,3979
darpa_cadets:n80987,3980
darpa_cadets:n81171,3981
darpa_cadets:n81353,3982
darpa_cadets:n81399,3983
darpa_cadets:n81442,3984
darpa_cadets:n8148,3985
darpa_cadets:n81530,3986
darpa_cadets:n8159,3987
darpa_cadets:n81666,3988
darpa_cadets:n8169,3989
darpa_cadets:n81885,3990
darpa_cadets:n8207,3991
darpa_cadets:n8211,3992
darpa_cadets:n82184,3993
darpa_cadets:n82432,3994
darpa_cadets:n82577,3995
darpa_cadets:n82804,3996
darpa_cadets:n8283,3997
darpa_cadets:n82859,3998
darpa_cadets:n8287,3999
darpa_cadets:n8289,4000
darpa_cadets:n83050,4001
darpa_cadets:n8345,4002
darpa_cadets:n837,4003
darpa_cadets:n83748,4004
darpa_cadets:n83770,4005
darpa_cadets:n83789,4006
darpa_cadets:n83795,4007
darpa_cadets:n84010,4008
darpa_cadets:n84016,4009
darpa_cadets:n84027,4010
darpa_cadets:n841,4011
darpa_cadets:n84125,4012
darpa_cadets:n84208,4013
darpa_cadets:n84266,4014
darpa_cadets:n84343,4015
darpa_cadets:n84376,4016
darpa_cadets:n8443,4017
darpa_cadets:n84494,4018
darpa_cadets:n8450,4019
darpa_cadets:n84686,4020
darpa_cadets:n84795,4021
darpa_cadets:n84884,4022
darpa_cadets:n84963,4023
darpa_cadets:n85158,4024
darpa_cadets:n85407,4025
darpa_cadets:n85613,4026
darpa_cadets:n8564,4027
darpa_cadets:n85751,4028
darpa_cadets:n86023,4029
darpa_cadets:n86071,4030
darpa_cadets:n86139,4031
darpa_cadets:n86195,4032
darpa_cadets:n86208,4033
darpa_cadets:n86342,4034
darpa_cadets:n86357,4035
darpa_cadets:n86461,4036
darpa_cadets:n86613,4037
darpa_cadets:n86695,4038
darpa_cadets:n86794,4039
darpa_cadets:n86925,4040
darpa_cadets:n86975,4041
darpa_cadets:n8707,4042
darpa_cadets:n87075,4043
darpa_cadets:n8709,4044
darpa_cadets:n8713,4045
darpa_cadets:n87149,4046
darpa_cadets:n8743,4047
darpa_cadets:n87557,4048
darpa_cadets:n87592,4049
darpa_cadets:n87947,4050
darpa_cadets:n88171,4051
darpa_cadets:n88186,4052
darpa_cadets:n8822,4053
darpa_cadets:n8833,4054
darpa_cadets:n88399,4055
darpa_cadets:n8842,4056
darpa_cadets:n8846,4057
darpa_cadets:n88486,4058
darpa_cadets:n8865,4059
darpa_cadets:n88682,4060
darpa_cadets:n88745,4061
darpa_cadets:n8887,4062
darpa_cadets:n89075,4063
darpa_cadets:n89219,4064
darpa_cadets:n8937,4065
darpa_cadets:n89438,4066
darpa_cadets:n89482,4067
darpa_cadets:n89505,4068
darpa_cadets:n89579,4069
darpa_cadets:n89680,4070
darpa_cadets:n8984,4071
darpa_cadets:n9,4072
darpa_cadets:n9010,4073
darpa_cadets:n9015,4074
darpa_cadets:n90173,4075
darpa_cadets:n9031,4076
darpa_cadets:n90361,4077
darpa_cadets:n90408,4078
darpa_cadets:n90599,4079
darpa_cadets:n90758,4080
darpa_cadets:n90969,4081
darpa_cadets:n91237,4082
darpa_cadets:n9124,4083
darpa_cadets:n91679,4084
darpa_cadets:n91771,4085
darpa_cadets:n91778,4086
darpa_cadets:n91843,4087
darpa_cadets:n91916,4088
darpa_cadets:n92305,4089
darpa_cadets:n925,4090
darpa_cadets:n9255,4091
darpa_cadets:n92584,4092
darpa_cadets:n92728,4093
darpa_cadets:n9273,4094
darpa_cadets:n9276,4095
darpa_cadets:n92767,4096
darpa_cadets:n92769,4097
darpa_cadets:n93026,4098
darpa_cadets:n93087,4099
darpa_cadets:n93089,4100
darpa_cadets:n93234,4101
darpa_cadets:n93393,4102
darpa_cadets:n93921,4103
darpa_cadets:n93929,4104
darpa_cadets:n94050,4105
darpa_cadets:n9422,4106
darpa_cadets:n94245,4107
darpa_cadets:n94434,4108
darpa_cadets:n94694,4109
darpa_cadets:n94986,4110
darpa_cadets:n95005,4111
darpa_cadets:n95246,4112
darpa_cadets:n9525,4113
darpa_cadets:n95304,4114
darpa_cadets:n95344,4115
darpa_cadets:n95415,4116
darpa_cadets:n95489,4117
darpa_cadets:n95537,4118
darpa_cadets:n95587,4119
darpa_cadets:n95645,4120
darpa_cadets:n9573,4121
darpa_cadets:n95743,4122
darpa_cadets:n95935,4123
darpa_cadets:n9594,4124
darpa_cadets:n95970,4125
darpa_cadets:n96253,4126
darpa_cadets:n96279,4127
darpa_cadets:n96474,4128
darpa_cadets:n96591,4129
darpa_cadets:n96807,4130
darpa_cadets:n9688,4131
darpa_cadets:n9692,4132
darpa_cadets:n97098,4133
darpa_cadets:n97228,4134
darpa_cadets:n97478,4135
darpa_cadets:n97526,4136
darpa_cadets:n97677,4137
darpa_cadets:n97799,4138
darpa_cadets:n98136,4139
darpa_cadets:n9821,4140
darpa_cadets:n9827,4141
darpa_cadets:n98483,4142
darpa_cadets:n98504,4143
darpa_cadets:n98672,4144
darpa_cadets:n99477,4145
darpa_cadets:n99871,4146
